<?xml version="1.0" encoding="UTF-8"?>
<gpx creator="Garmin Connect" version="1.1"
  xsi:schemaLocation="http://www.topografix.com/GPX/1/1 http://www.topografix.com/GPX/11.xsd"
  xmlns:ns3="http://www.garmin.com/xmlschemas/TrackPointExtension/v1"
  xmlns="http://www.topografix.com/GPX/1/1"
  xmlns:xsi="http://www.w3.org/2001/XMLSchema-instance" xmlns:ns2="http://www.garmin.com/xmlschemas/GpxExtensions/v3">
  <metadata>
    <name>SD01/ Palermo - Gibellina</name>
    <link href="connect.garmin.com">
      <text>Garmin Connect</text>
    </link>
    <time>2026-09-10T16:46:00.000Z</time>
  </metadata>
  <trk>
    <name>SD01/ Palermo - Gibellina</name>
    <trkseg>
      <trkpt lat="38.11352809891105" lon="13.365982035174966">
        <ele>20.13</ele>
      </trkpt>
      <trkpt lat="38.11343262903392" lon="13.365839375182986">
        <ele>20.34</ele>
      </trkpt>
      <trkpt lat="38.11333229765296" lon="13.36564214900136">
        <ele>20.67</ele>
      </trkpt>
      <trkpt lat="38.11323213391006" lon="13.365445174276829">
        <ele>21.1</ele>
      </trkpt>
      <trkpt lat="38.11322224326432" lon="13.36528206244111">
        <ele>21.59</ele>
      </trkpt>
      <trkpt lat="38.11345651745796" lon="13.365152310580015">
        <ele>21.88</ele>
      </trkpt>
      <trkpt lat="38.11360890045762" lon="13.365072514861822">
        <ele>22.03</ele>
      </trkpt>
      <trkpt lat="38.11376178637147" lon="13.364992467686534">
        <ele>22.2</ele>
      </trkpt>
      <trkpt lat="38.11398985795677" lon="13.364901775494218">
        <ele>22.24</ele>
      </trkpt>
      <trkpt lat="38.11421876773238" lon="13.364810748025775">
        <ele>22.21</ele>
      </trkpt>
      <trkpt lat="38.11450006440282" lon="13.3646575268358">
        <ele>22.06</ele>
      </trkpt>
      <trkpt lat="38.11478211544454" lon="13.364503802731633">
        <ele>22.15</ele>
      </trkpt>
      <trkpt lat="38.11501127667725" lon="13.364400453865528">
        <ele>22.49</ele>
      </trkpt>
      <trkpt lat="38.11524052172899" lon="13.364297104999423">
        <ele>22.94</ele>
      </trkpt>
      <trkpt lat="38.115469766780734" lon="13.364193756133318">
        <ele>23.47</ele>
      </trkpt>
      <trkpt lat="38.115700436756015" lon="13.36408973671496">
        <ele>24.04</ele>
      </trkpt>
      <trkpt lat="38.1159826554358" lon="13.363940035924315">
        <ele>24.47</ele>
      </trkpt>
      <trkpt lat="38.116264874115586" lon="13.363790335133672">
        <ele>24.77</ele>
      </trkpt>
      <trkpt lat="38.116548266261816" lon="13.363639963790774">
        <ele>25.04</ele>
      </trkpt>
      <trkpt lat="38.11640686355531" lon="13.363286415114999">
        <ele>25.72</ele>
      </trkpt>
      <trkpt lat="38.11626546084881" lon="13.362932866439223">
        <ele>26.18</ele>
      </trkpt>
      <trkpt lat="38.11612397432327" lon="13.362579317763448">
        <ele>26.6</ele>
      </trkpt>
      <trkpt lat="38.11598257161677" lon="13.362225769087672">
        <ele>27.12</ele>
      </trkpt>
      <trkpt lat="38.11584108509123" lon="13.361872220411897">
        <ele>27.65</ele>
      </trkpt>
      <trkpt lat="38.11569968238473" lon="13.361518671736121">
        <ele>28.19</ele>
      </trkpt>
      <trkpt lat="38.11555945314467" lon="13.36116822436452">
        <ele>28.85</ele>
      </trkpt>
      <trkpt lat="38.11541981063783" lon="13.360826494172215">
        <ele>29.42</ele>
      </trkpt>
      <trkpt lat="38.115280168130994" lon="13.360484763979912">
        <ele>29.91</ele>
      </trkpt>
      <trkpt lat="38.115140525624156" lon="13.360143033787608">
        <ele>30.42</ele>
      </trkpt>
      <trkpt lat="38.115000799298286" lon="13.359801303595304">
        <ele>31.04</ele>
      </trkpt>
      <trkpt lat="38.11486115679145" lon="13.359459657222033">
        <ele>31.67</ele>
      </trkpt>
      <trkpt lat="38.11472252011299" lon="13.35912044160068">
        <ele>32.29</ele>
      </trkpt>
      <trkpt lat="38.11460115015507" lon="13.358812993392348">
        <ele>32.88</ele>
      </trkpt>
      <trkpt lat="38.114479864016175" lon="13.358505629003048">
        <ele>33.49</ele>
      </trkpt>
      <trkpt lat="38.11435849405825" lon="13.358198180794716">
        <ele>34.02</ele>
      </trkpt>
      <trkpt lat="38.11423712410033" lon="13.357890732586384">
        <ele>34.26</ele>
      </trkpt>
      <trkpt lat="38.114115754142404" lon="13.357583368197083">
        <ele>34.55</ele>
      </trkpt>
      <trkpt lat="38.11399438418448" lon="13.357275919988751">
        <ele>34.85</ele>
      </trkpt>
      <trkpt lat="38.11387410387397" lon="13.356971237808466">
        <ele>35.08</ele>
      </trkpt>
      <trkpt lat="38.11374845914543" lon="13.35665725171566">
        <ele>35.32</ele>
      </trkpt>
      <trkpt lat="38.113622814416885" lon="13.356343181803823">
        <ele>35.67</ele>
      </trkpt>
      <trkpt lat="38.113497169688344" lon="13.356029111891985">
        <ele>35.91</ele>
      </trkpt>
      <trkpt lat="38.1133715249598" lon="13.355715041980147">
        <ele>36.09</ele>
      </trkpt>
      <trkpt lat="38.11324588023126" lon="13.35540097206831">
        <ele>36.33</ele>
      </trkpt>
      <trkpt lat="38.11312115751207" lon="13.35508924908936">
        <ele>36.59</ele>
      </trkpt>
      <trkpt lat="38.11298159882426" lon="13.354741064831614">
        <ele>36.69</ele>
      </trkpt>
      <trkpt lat="38.11284204013646" lon="13.354392880573869">
        <ele>36.72</ele>
      </trkpt>
      <trkpt lat="38.11270239762962" lon="13.354044696316123">
        <ele>36.91</ele>
      </trkpt>
      <trkpt lat="38.1125635933131" lon="13.353698272258043">
        <ele>37.13</ele>
      </trkpt>
      <trkpt lat="38.11241892166436" lon="13.35338193923235">
        <ele>37.27</ele>
      </trkpt>
      <trkpt lat="38.11229897662997" lon="13.35308195091784">
        <ele>37.34</ele>
      </trkpt>
      <trkpt lat="38.112178947776556" lon="13.35277995094657">
        <ele>37.44</ele>
      </trkpt>
      <trkpt lat="38.112108958885074" lon="13.352593956515193">
        <ele>37.52</ele>
      </trkpt>
      <trkpt lat="38.112092949450016" lon="13.352555986493826">
        <ele>37.58</ele>
      </trkpt>
      <trkpt lat="38.11206394806504" lon="13.352488931268454">
        <ele>37.65</ele>
      </trkpt>
      <trkpt lat="38.111982895061374" lon="13.352299751713872">
        <ele>37.61</ele>
      </trkpt>
      <trkpt lat="38.11190192587674" lon="13.352110991254449">
        <ele>37.53</ele>
      </trkpt>
      <trkpt lat="38.111794805154204" lon="13.351866155862808">
        <ele>37.43</ele>
      </trkpt>
      <trkpt lat="38.11168793588877" lon="13.351621991023421">
        <ele>37.43</ele>
      </trkpt>
      <trkpt lat="38.11167393811047" lon="13.351587960496545">
        <ele>37.51</ele>
      </trkpt>
      <trkpt lat="38.11157436110079" lon="13.351360727101564">
        <ele>37.74</ele>
      </trkpt>
      <trkpt lat="38.11147495172918" lon="13.351133996620774">
        <ele>38.05</ele>
      </trkpt>
      <trkpt lat="38.11144997365773" lon="13.351075993850827">
        <ele>38.32</ele>
      </trkpt>
      <trkpt lat="38.11140898615122" lon="13.350982954725623">
        <ele>38.65</ele>
      </trkpt>
      <trkpt lat="38.11127076856792" lon="13.350624963641167">
        <ele>39.13</ele>
      </trkpt>
      <trkpt lat="38.11113297007978" lon="13.35026797838509">
        <ele>39.4</ele>
      </trkpt>
      <trkpt lat="38.11110698617995" lon="13.350201928988099">
        <ele>39.77</ele>
      </trkpt>
      <trkpt lat="38.11102987267077" lon="13.350003194063902">
        <ele>40.19</ele>
      </trkpt>
      <trkpt lat="38.110952926799655" lon="13.349804962053895">
        <ele>40.68</ele>
      </trkpt>
      <trkpt lat="38.11089098453522" lon="13.349650986492634">
        <ele>41.22</ele>
      </trkpt>
      <trkpt lat="38.110783360898495" lon="13.349384609609842">
        <ele>41.85</ele>
      </trkpt>
      <trkpt lat="38.11067598871887" lon="13.349118987098336">
        <ele>42.44</ele>
      </trkpt>
      <trkpt lat="38.11054757796228" lon="13.34880005568266">
        <ele>43.0</ele>
      </trkpt>
      <trkpt lat="38.11041916720569" lon="13.348481124266982">
        <ele>43.55</ele>
      </trkpt>
      <trkpt lat="38.1102907564491" lon="13.348162276670337">
        <ele>44.15</ele>
      </trkpt>
      <trkpt lat="38.11016293242574" lon="13.347844937816262">
        <ele>44.76</ele>
      </trkpt>
      <trkpt lat="38.110036784783006" lon="13.347533298656344">
        <ele>45.47</ele>
      </trkpt>
      <trkpt lat="38.109910637140274" lon="13.347221659496427">
        <ele>46.19</ele>
      </trkpt>
      <trkpt lat="38.10978448949754" lon="13.346910020336509">
        <ele>46.89</ele>
      </trkpt>
      <trkpt lat="38.10965834185481" lon="13.346598381176591">
        <ele>47.59</ele>
      </trkpt>
      <trkpt lat="38.10953219421208" lon="13.346286742016673">
        <ele>48.34</ele>
      </trkpt>
      <trkpt lat="38.10940604656935" lon="13.345975102856755">
        <ele>49.1</ele>
      </trkpt>
      <trkpt lat="38.109279898926616" lon="13.345663463696837">
        <ele>49.79</ele>
      </trkpt>
      <trkpt lat="38.10915492475033" lon="13.345354925841093">
        <ele>50.47</ele>
      </trkpt>
      <trkpt lat="38.10903028585017" lon="13.345046555623412">
        <ele>51.14</ele>
      </trkpt>
      <trkpt lat="38.10890598222613" lon="13.344738939777017">
        <ele>51.77</ele>
      </trkpt>
      <trkpt lat="38.10878905467689" lon="13.344449177384377">
        <ele>52.41</ele>
      </trkpt>
      <trkpt lat="38.108672043308616" lon="13.344159414991736">
        <ele>53.0</ele>
      </trkpt>
      <trkpt lat="38.10855511575937" lon="13.343869652599096">
        <ele>53.62</ele>
      </trkpt>
      <trkpt lat="38.10843818821013" lon="13.343579890206456">
        <ele>54.32</ele>
      </trkpt>
      <trkpt lat="38.10832193121314" lon="13.343291971832514">
        <ele>55.14</ele>
      </trkpt>
      <trkpt lat="38.10819578357041" lon="13.34297957830131">
        <ele>55.97</ele>
      </trkpt>
      <trkpt lat="38.10806963592768" lon="13.342667184770107">
        <ele>56.77</ele>
      </trkpt>
      <trkpt lat="38.107943488284945" lon="13.342354791238904">
        <ele>57.44</ele>
      </trkpt>
      <trkpt lat="38.107817340642214" lon="13.3420423977077">
        <ele>58.1</ele>
      </trkpt>
      <trkpt lat="38.10769119299948" lon="13.341730004176497">
        <ele>58.82</ele>
      </trkpt>
      <trkpt lat="38.1075659673661" lon="13.341419957578182">
        <ele>59.64</ele>
      </trkpt>
      <trkpt lat="38.10742330737412" lon="13.341066995635629">
        <ele>60.44</ele>
      </trkpt>
      <trkpt lat="38.10728098265827" lon="13.340714955702424">
        <ele>61.29</ele>
      </trkpt>
      <trkpt lat="38.10723898932338" lon="13.340610936284065">
        <ele>62.07</ele>
      </trkpt>
      <trkpt lat="38.10718492604792" lon="13.340477999299765">
        <ele>62.84</ele>
      </trkpt>
      <trkpt lat="38.10704276897013" lon="13.340126043185592">
        <ele>63.6</ele>
      </trkpt>
      <trkpt lat="38.10690094716847" lon="13.339774925261736">
        <ele>64.38</ele>
      </trkpt>
      <trkpt lat="38.10687596909702" lon="13.339711977168918">
        <ele>65.09</ele>
      </trkpt>
      <trkpt lat="38.10680388472974" lon="13.339533694088459">
        <ele>65.82</ele>
      </trkpt>
      <trkpt lat="38.10673196800053" lon="13.339355997741222">
        <ele>66.53</ele>
      </trkpt>
      <trkpt lat="38.106697937473655" lon="13.339273938909173">
        <ele>67.2</ele>
      </trkpt>
      <trkpt lat="38.10656282119453" lon="13.33893857896328">
        <ele>67.84</ele>
      </trkpt>
      <trkpt lat="38.1064279563725" lon="13.338603973388672">
        <ele>68.45</ele>
      </trkpt>
      <trkpt lat="38.10638193972409" lon="13.338486962020397">
        <ele>69.07</ele>
      </trkpt>
      <trkpt lat="38.1062828656286" lon="13.338238606229424">
        <ele>69.79</ele>
      </trkpt>
      <trkpt lat="38.106183959171176" lon="13.337990920990705">
        <ele>70.48</ele>
      </trkpt>
      <trkpt lat="38.10612193308771" lon="13.337844992056489">
        <ele>71.0</ele>
      </trkpt>
      <trkpt lat="38.106054961681366" lon="13.337680958211422">
        <ele>71.45</ele>
      </trkpt>
      <trkpt lat="38.10597399249673" lon="13.337479960173368">
        <ele>71.75</ele>
      </trkpt>
      <trkpt lat="38.105905931442976" lon="13.337312992662191">
        <ele>72.0</ele>
      </trkpt>
      <trkpt lat="38.10577282682061" lon="13.336982913315296">
        <ele>72.14</ele>
      </trkpt>
      <trkpt lat="38.105639638379216" lon="13.336652833968401">
        <ele>72.56</ele>
      </trkpt>
      <trkpt lat="38.10550695285201" lon="13.33632392808795">
        <ele>73.1</ele>
      </trkpt>
      <trkpt lat="38.105493960902095" lon="13.336290987208486">
        <ele>73.45</ele>
      </trkpt>
      <trkpt lat="38.10536228120327" lon="13.335966020822525">
        <ele>73.96</ele>
      </trkpt>
      <trkpt lat="38.10523093678057" lon="13.335641976445913">
        <ele>74.34</ele>
      </trkpt>
      <trkpt lat="38.10519598424435" lon="13.335554972290993">
        <ele>74.64</ele>
      </trkpt>
      <trkpt lat="38.105071261525154" lon="13.335246099159122">
        <ele>74.89</ele>
      </trkpt>
      <trkpt lat="38.10494695790112" lon="13.334937980398536">
        <ele>75.15</ele>
      </trkpt>
      <trkpt lat="38.1048649828881" lon="13.334735976532102">
        <ele>75.42</ele>
      </trkpt>
      <trkpt lat="38.10482298955321" lon="13.334629945456982">
        <ele>75.67</ele>
      </trkpt>
      <trkpt lat="38.104681922122836" lon="13.334280923008919">
        <ele>75.91</ele>
      </trkpt>
      <trkpt lat="38.104595839977264" lon="13.334068190306425">
        <ele>76.11</ele>
      </trkpt>
      <trkpt lat="38.104509925469756" lon="13.333855960518122">
        <ele>76.27</ele>
      </trkpt>
      <trkpt lat="38.10448092408478" lon="13.333784965798259">
        <ele>76.47</ele>
      </trkpt>
      <trkpt lat="38.104400960728526" lon="13.333592936396599">
        <ele>76.67</ele>
      </trkpt>
      <trkpt lat="38.10426626354456" lon="13.333265539258718">
        <ele>77.0</ele>
      </trkpt>
      <trkpt lat="38.10413198545575" lon="13.332938980311155">
        <ele>77.37</ele>
      </trkpt>
      <trkpt lat="38.10401799157262" lon="13.332660952582955">
        <ele>77.68</ele>
      </trkpt>
      <trkpt lat="38.103931825608015" lon="13.332452746108174">
        <ele>77.93</ele>
      </trkpt>
      <trkpt lat="38.10384599491954" lon="13.332244958728552">
        <ele>78.08</ele>
      </trkpt>
      <trkpt lat="38.1038239505142" lon="13.332189973443747">
        <ele>78.27</ele>
      </trkpt>
      <trkpt lat="38.10379394330084" lon="13.332117972895503">
        <ele>78.49</ele>
      </trkpt>
      <trkpt lat="38.103657150641084" lon="13.331788899376988">
        <ele>78.69</ele>
      </trkpt>
      <trkpt lat="38.10352027416229" lon="13.331459825858474">
        <ele>78.92</ele>
      </trkpt>
      <trkpt lat="38.10338398441672" lon="13.331131925806403">
        <ele>79.1</ele>
      </trkpt>
      <trkpt lat="38.103323969990015" lon="13.330958923324943">
        <ele>79.35</ele>
      </trkpt>
      <trkpt lat="38.103216933086514" lon="13.330696988850832">
        <ele>79.61</ele>
      </trkpt>
      <trkpt lat="38.10318592004478" lon="13.330620964989066">
        <ele>79.93</ele>
      </trkpt>
      <trkpt lat="38.10310889035463" lon="13.330430192872882">
        <ele>80.27</ele>
      </trkpt>
      <trkpt lat="38.10303194448352" lon="13.330239923670888">
        <ele>80.64</ele>
      </trkpt>
      <trkpt lat="38.10294795781374" lon="13.330032974481583">
        <ele>81.19</ele>
      </trkpt>
      <trkpt lat="38.10290093533695" lon="13.329916968941689">
        <ele>81.74</ele>
      </trkpt>
      <trkpt lat="38.10278484597802" lon="13.329628128558397">
        <ele>82.42</ele>
      </trkpt>
      <trkpt lat="38.10266892425716" lon="13.32933995872736">
        <ele>83.12</ele>
      </trkpt>
      <trkpt lat="38.10254093259573" lon="13.328991942107677">
        <ele>83.85</ele>
      </trkpt>
      <trkpt lat="38.102424843236804" lon="13.328714920207858">
        <ele>84.5</ele>
      </trkpt>
      <trkpt lat="38.10230867005885" lon="13.32843798212707">
        <ele>85.23</ele>
      </trkpt>
      <trkpt lat="38.10219299979508" lon="13.328161966055632">
        <ele>86.0</ele>
      </trkpt>
      <trkpt lat="38.10205277055502" lon="13.327806489542127">
        <ele>86.65</ele>
      </trkpt>
      <trkpt lat="38.10191296041012" lon="13.32745193503797">
        <ele>87.27</ele>
      </trkpt>
      <trkpt lat="38.1017842143774" lon="13.327133087441325">
        <ele>88.03</ele>
      </trkpt>
      <trkpt lat="38.10165538452566" lon="13.326814156025648">
        <ele>88.78</ele>
      </trkpt>
      <trkpt lat="38.10152663849294" lon="13.326495224609971">
        <ele>89.45</ele>
      </trkpt>
      <trkpt lat="38.101397808641195" lon="13.326176377013326">
        <ele>90.06</ele>
      </trkpt>
      <trkpt lat="38.10126906260848" lon="13.325857445597649">
        <ele>90.65</ele>
      </trkpt>
      <trkpt lat="38.101140232756734" lon="13.325538514181972">
        <ele>91.29</ele>
      </trkpt>
      <trkpt lat="38.10101148672402" lon="13.325219666585326">
        <ele>92.0</ele>
      </trkpt>
      <trkpt lat="38.10088399797678" lon="13.324903920292854">
        <ele>92.67</ele>
      </trkpt>
      <trkpt lat="38.10075927525759" lon="13.324593035504222">
        <ele>93.28</ele>
      </trkpt>
      <trkpt lat="38.10063497163355" lon="13.324282988905907">
        <ele>93.84</ele>
      </trkpt>
      <trkpt lat="38.100556349381804" lon="13.324089702218771">
        <ele>94.42</ele>
      </trkpt>
      <trkpt lat="38.10047797858715" lon="13.323896918445826">
        <ele>95.03</ele>
      </trkpt>
      <trkpt lat="38.10038787312806" lon="13.323674714192748">
        <ele>95.65</ele>
      </trkpt>
      <trkpt lat="38.100297935307026" lon="13.32345292903483">
        <ele>96.21</ele>
      </trkpt>
      <trkpt lat="38.100206991657615" lon="13.323230976238847">
        <ele>96.65</ele>
      </trkpt>
      <trkpt lat="38.100088806822896" lon="13.322948087006807">
        <ele>96.96</ele>
      </trkpt>
      <trkpt lat="38.09997070580721" lon="13.3226652815938">
        <ele>97.35</ele>
      </trkpt>
      <trkpt lat="38.09985252097249" lon="13.322382476180792">
        <ele>97.75</ele>
      </trkpt>
      <trkpt lat="38.099734922870994" lon="13.32210092805326">
        <ele>98.13</ele>
      </trkpt>
      <trkpt lat="38.099651942029595" lon="13.32190495915711">
        <ele>98.47</ele>
      </trkpt>
      <trkpt lat="38.099626963958144" lon="13.32183899357915">
        <ele>98.82</ele>
      </trkpt>
      <trkpt lat="38.09962193481624" lon="13.321825917810202">
        <ele>99.15</ele>
      </trkpt>
      <trkpt lat="38.09957994148135" lon="13.321725921705365">
        <ele>99.49</ele>
      </trkpt>
      <trkpt lat="38.09949092566967" lon="13.321504974737763">
        <ele>99.91</ele>
      </trkpt>
      <trkpt lat="38.09941188432276" lon="13.321311185136437">
        <ele>100.34</ele>
      </trkpt>
      <trkpt lat="38.09933292679489" lon="13.321117982268333">
        <ele>100.81</ele>
      </trkpt>
      <trkpt lat="38.0992198549211" lon="13.32083928398788">
        <ele>101.06</ele>
      </trkpt>
      <trkpt lat="38.09910669922829" lon="13.320560585707426">
        <ele>101.23</ele>
      </trkpt>
      <trkpt lat="38.09899396263063" lon="13.320282977074385">
        <ele>101.43</ele>
      </trkpt>
      <trkpt lat="38.098851973190904" lon="13.31993194296956">
        <ele>101.56</ele>
      </trkpt>
      <trkpt lat="38.09873932041228" lon="13.319652071222663">
        <ele>101.68</ele>
      </trkpt>
      <trkpt lat="38.09862691909075" lon="13.31937295384705">
        <ele>101.82</ele>
      </trkpt>
      <trkpt lat="38.09851359575987" lon="13.319090064615011">
        <ele>101.91</ele>
      </trkpt>
      <trkpt lat="38.09840018860996" lon="13.318807259202003">
        <ele>102.01</ele>
      </trkpt>
      <trkpt lat="38.09828678146005" lon="13.318524369969964">
        <ele>102.14</ele>
      </trkpt>
      <trkpt lat="38.09817396104336" lon="13.318242989480495">
        <ele>102.19</ele>
      </trkpt>
      <trkpt lat="38.09813993051648" lon="13.318152967840433">
        <ele>102.2</ele>
      </trkpt>
      <trkpt lat="38.098061978816986" lon="13.317966973409057">
        <ele>102.19</ele>
      </trkpt>
      <trkpt lat="38.0979819316417" lon="13.317769998684525">
        <ele>102.18</ele>
      </trkpt>
      <trkpt lat="38.097954941913486" lon="13.317702943459153">
        <ele>102.19</ele>
      </trkpt>
      <trkpt lat="38.09783793054521" lon="13.317408990114927">
        <ele>102.2</ele>
      </trkpt>
      <trkpt lat="38.097756961360574" lon="13.317198939621449">
        <ele>102.22</ele>
      </trkpt>
      <trkpt lat="38.097640788182616" lon="13.316919319331646">
        <ele>102.22</ele>
      </trkpt>
      <trkpt lat="38.09752469882369" lon="13.316639615222812">
        <ele>102.3</ele>
      </trkpt>
      <trkpt lat="38.09740894474089" lon="13.316360916942358">
        <ele>102.43</ele>
      </trkpt>
      <trkpt lat="38.09732487425208" lon="13.316155727952719">
        <ele>102.54</ele>
      </trkpt>
      <trkpt lat="38.097240971401334" lon="13.315950958058238">
        <ele>102.68</ele>
      </trkpt>
      <trkpt lat="38.09710744768381" lon="13.315626410767436">
        <ele>102.91</ele>
      </trkpt>
      <trkpt lat="38.09697400778532" lon="13.315301863476634">
        <ele>103.21</ele>
      </trkpt>
      <trkpt lat="38.0968404840678" lon="13.3149772323668">
        <ele>103.58</ele>
      </trkpt>
      <trkpt lat="38.096706960350275" lon="13.314652685075998">
        <ele>104.01</ele>
      </trkpt>
      <trkpt lat="38.096573520451784" lon="13.314328137785196">
        <ele>104.43</ele>
      </trkpt>
      <trkpt lat="38.09644091874361" lon="13.314005937427282">
        <ele>104.79</ele>
      </trkpt>
      <trkpt lat="38.09633329510689" lon="13.313737129792571">
        <ele>105.19</ele>
      </trkpt>
      <trkpt lat="38.09622592292726" lon="13.313468992710114">
        <ele>105.63</ele>
      </trkpt>
      <trkpt lat="38.09608795680106" lon="13.313143942505121">
        <ele>106.14</ele>
      </trkpt>
      <trkpt lat="38.0959683470428" lon="13.31285510212183">
        <ele>106.71</ele>
      </trkpt>
      <trkpt lat="38.095848988741636" lon="13.312566932290792">
        <ele>107.29</ele>
      </trkpt>
      <trkpt lat="38.095721919089556" lon="13.312261998653412">
        <ele>107.93</ele>
      </trkpt>
      <trkpt lat="38.09570398181677" lon="13.312217993661761">
        <ele>108.64</ele>
      </trkpt>
      <trkpt lat="38.09556475840509" lon="13.311877017840743">
        <ele>109.44</ele>
      </trkpt>
      <trkpt lat="38.09542595408857" lon="13.311536964029074">
        <ele>110.32</ele>
      </trkpt>
      <trkpt lat="38.09529980644584" lon="13.31122356466949">
        <ele>111.31</ele>
      </trkpt>
      <trkpt lat="38.09517399407923" lon="13.310910919681191">
        <ele>112.36</ele>
      </trkpt>
      <trkpt lat="38.0950512830168" lon="13.310608584433794">
        <ele>113.51</ele>
      </trkpt>
      <trkpt lat="38.09492899104953" lon="13.31030691973865">
        <ele>114.64</ele>
      </trkpt>
      <trkpt lat="38.09490694664419" lon="13.310250928625464">
        <ele>115.73</ele>
      </trkpt>
      <trkpt lat="38.094858918339014" lon="13.31013299524784">
        <ele>116.86</ele>
      </trkpt>
      <trkpt lat="38.09480393305421" lon="13.309994945302606">
        <ele>118.01</ele>
      </trkpt>
      <trkpt lat="38.094770992174745" lon="13.309909952804446">
        <ele>119.23</ele>
      </trkpt>
      <trkpt lat="38.09465046040714" lon="13.309603929519653">
        <ele>120.54</ele>
      </trkpt>
      <trkpt lat="38.09453001245856" lon="13.309297822415829">
        <ele>121.97</ele>
      </trkpt>
      <trkpt lat="38.094409983605146" lon="13.30899297259748">
        <ele>123.37</ele>
      </trkpt>
      <trkpt lat="38.09435793198645" lon="13.308860957622528">
        <ele>124.74</ele>
      </trkpt>
      <trkpt lat="38.09423832222819" lon="13.308587120845914">
        <ele>126.19</ele>
      </trkpt>
      <trkpt lat="38.09411896392703" lon="13.308313954621553">
        <ele>127.75</ele>
      </trkpt>
      <trkpt lat="38.0939185526222" lon="13.308029556646943">
        <ele>129.32</ele>
      </trkpt>
      <trkpt lat="38.0937182251364" lon="13.307745158672333">
        <ele>130.91</ele>
      </trkpt>
      <trkpt lat="38.09351798146963" lon="13.307460928335786">
        <ele>132.49</ele>
      </trkpt>
      <trkpt lat="38.09339099563658" lon="13.307280968874693">
        <ele>133.98</ele>
      </trkpt>
      <trkpt lat="38.09327297843993" lon="13.307093968614936">
        <ele>135.47</ele>
      </trkpt>
      <trkpt lat="38.09319293126464" lon="13.306971928104758">
        <ele>136.95</ele>
      </trkpt>
      <trkpt lat="38.09301992878318" lon="13.306723991408944">
        <ele>138.47</ele>
      </trkpt>
      <trkpt lat="38.09290995821357" lon="13.306556940078735">
        <ele>139.93</ele>
      </trkpt>
      <trkpt lat="38.09285396710038" lon="13.306465996429324">
        <ele>141.34</ele>
      </trkpt>
      <trkpt lat="38.09272840619087" lon="13.306277906522155">
        <ele>142.76</ele>
      </trkpt>
      <trkpt lat="38.092602929100394" lon="13.306089984253049">
        <ele>144.14</ele>
      </trkpt>
      <trkpt lat="38.09255196712911" lon="13.306014966219664">
        <ele>145.49</ele>
      </trkpt>
      <trkpt lat="38.09243906289339" lon="13.305797120556235">
        <ele>146.91</ele>
      </trkpt>
      <trkpt lat="38.092359602451324" lon="13.305717073380947">
        <ele>148.25</ele>
      </trkpt>
      <trkpt lat="38.092270754277706" lon="13.305577347055078">
        <ele>149.65</ele>
      </trkpt>
      <trkpt lat="38.09210663661361" lon="13.305433932691813">
        <ele>150.98</ele>
      </trkpt>
      <trkpt lat="38.09191720560193" lon="13.305228492245078">
        <ele>152.25</ele>
      </trkpt>
      <trkpt lat="38.09171914122999" lon="13.305011317133904">
        <ele>153.58</ele>
      </trkpt>
      <trkpt lat="38.09163414873183" lon="13.304843176156282">
        <ele>154.95</ele>
      </trkpt>
      <trkpt lat="38.09156432747841" lon="13.304660534486175">
        <ele>156.35</ele>
      </trkpt>
      <trkpt lat="38.09164848178625" lon="13.304598927497864">
        <ele>157.67</ele>
      </trkpt>
      <trkpt lat="38.09174328111112" lon="13.304553665220737">
        <ele>158.96</ele>
      </trkpt>
      <trkpt lat="38.09190287254751" lon="13.3047282602638">
        <ele>160.09</ele>
      </trkpt>
      <trkpt lat="38.092016614973545" lon="13.304823897778988">
        <ele>161.28</ele>
      </trkpt>
      <trkpt lat="38.09225030243397" lon="13.305050292983651">
        <ele>162.49</ele>
      </trkpt>
      <trkpt lat="38.09239313006401" lon="13.305162861943245">
        <ele>163.7</ele>
      </trkpt>
      <trkpt lat="38.09253612533212" lon="13.305275682359934">
        <ele>164.88</ele>
      </trkpt>
      <trkpt lat="38.09277132153511" lon="13.305406020954251">
        <ele>166.18</ele>
      </trkpt>
      <trkpt lat="38.093007104471326" lon="13.305536694824696">
        <ele>167.53</ele>
      </trkpt>
      <trkpt lat="38.09319804422557" lon="13.305661333724856">
        <ele>168.75</ele>
      </trkpt>
      <trkpt lat="38.09338940307498" lon="13.305786307901144">
        <ele>170.02</ele>
      </trkpt>
      <trkpt lat="38.09353860095143" lon="13.305884627625346">
        <ele>171.34</ele>
      </trkpt>
      <trkpt lat="38.09377891011536" lon="13.306043883785605">
        <ele>172.92</ele>
      </trkpt>
      <trkpt lat="38.09395283460617" lon="13.306135078892112">
        <ele>174.31</ele>
      </trkpt>
      <trkpt lat="38.09410052374005" lon="13.30616818740964">
        <ele>175.74</ele>
      </trkpt>
      <trkpt lat="38.09410806745291" lon="13.305983450263739">
        <ele>177.36</ele>
      </trkpt>
      <trkpt lat="38.09388016350567" lon="13.305744482204318">
        <ele>178.82</ele>
      </trkpt>
      <trkpt lat="38.09374806471169" lon="13.30557156354189">
        <ele>180.2</ele>
      </trkpt>
      <trkpt lat="38.09361596591771" lon="13.30539864487946">
        <ele>181.6</ele>
      </trkpt>
      <trkpt lat="38.093410190194845" lon="13.305146433413029">
        <ele>183.07</ele>
      </trkpt>
      <trkpt lat="38.093204414471984" lon="13.304894221946597">
        <ele>184.7</ele>
      </trkpt>
      <trkpt lat="38.093027556315064" lon="13.30469649285078">
        <ele>186.36</ele>
      </trkpt>
      <trkpt lat="38.09285061433911" lon="13.304498763754964">
        <ele>187.99</ele>
      </trkpt>
      <trkpt lat="38.09267358854413" lon="13.304300950840116">
        <ele>189.67</ele>
      </trkpt>
      <trkpt lat="38.09252598322928" lon="13.304112358018756">
        <ele>191.5</ele>
      </trkpt>
      <trkpt lat="38.09237837791443" lon="13.303923765197396">
        <ele>193.49</ele>
      </trkpt>
      <trkpt lat="38.092147540301085" lon="13.30365864560008">
        <ele>195.51</ele>
      </trkpt>
      <trkpt lat="38.09191670268774" lon="13.303393609821796">
        <ele>197.5</ele>
      </trkpt>
      <trkpt lat="38.09168569743633" lon="13.303128406405449">
        <ele>199.43</ele>
      </trkpt>
      <trkpt lat="38.091487968340516" lon="13.30289882607758">
        <ele>201.43</ele>
      </trkpt>
      <trkpt lat="38.0912902392447" lon="13.302669245749712">
        <ele>203.64</ele>
      </trkpt>
      <trkpt lat="38.09109242632985" lon="13.30243949778378">
        <ele>205.91</ele>
      </trkpt>
      <trkpt lat="38.090950436890125" lon="13.302261298522353">
        <ele>208.24</ele>
      </trkpt>
      <trkpt lat="38.090817583724856" lon="13.302040519192815">
        <ele>210.59</ele>
      </trkpt>
      <trkpt lat="38.09060828760266" lon="13.301776573061943">
        <ele>212.72</ele>
      </trkpt>
      <trkpt lat="38.0903990752995" lon="13.30151254311204">
        <ele>214.9</ele>
      </trkpt>
      <trkpt lat="38.09018977917731" lon="13.301248513162136">
        <ele>217.63</ele>
      </trkpt>
      <trkpt lat="38.08996866457164" lon="13.300968976691365">
        <ele>220.85</ele>
      </trkpt>
      <trkpt lat="38.08974754996598" lon="13.300689356401563">
        <ele>223.9</ele>
      </trkpt>
      <trkpt lat="38.08952635154128" lon="13.30040973611176">
        <ele>226.84</ele>
      </trkpt>
      <trkpt lat="38.089305236935616" lon="13.30013019964099">
        <ele>229.78</ele>
      </trkpt>
      <trkpt lat="38.08909577317536" lon="13.29987714998424">
        <ele>232.76</ele>
      </trkpt>
      <trkpt lat="38.0888863094151" lon="13.299624100327492">
        <ele>235.77</ele>
      </trkpt>
      <trkpt lat="38.08867676183581" lon="13.299371134489775">
        <ele>238.95</ele>
      </trkpt>
      <trkpt lat="38.088467214256525" lon="13.299118001013994">
        <ele>242.06</ele>
      </trkpt>
      <trkpt lat="38.0882612708956" lon="13.298826143145561">
        <ele>244.68</ele>
      </trkpt>
      <trkpt lat="38.08805541135371" lon="13.298534201458097">
        <ele>247.38</ele>
      </trkpt>
      <trkpt lat="38.08784946799278" lon="13.298242259770632">
        <ele>250.38</ele>
      </trkpt>
      <trkpt lat="38.08764369226992" lon="13.297950653359294">
        <ele>253.59</ele>
      </trkpt>
      <trkpt lat="38.087437748909" lon="13.2976792473346">
        <ele>256.5</ele>
      </trkpt>
      <trkpt lat="38.08723180554807" lon="13.297407841309905">
        <ele>259.44</ele>
      </trkpt>
      <trkpt lat="38.08702586218715" lon="13.297136351466179">
        <ele>262.31</ele>
      </trkpt>
      <trkpt lat="38.086820002645254" lon="13.296865113079548">
        <ele>265.28</ele>
      </trkpt>
      <trkpt lat="38.08660618029535" lon="13.296587923541665">
        <ele>267.89</ele>
      </trkpt>
      <trkpt lat="38.086392441764474" lon="13.296310817822814">
        <ele>270.72</ele>
      </trkpt>
      <trkpt lat="38.08617861941457" lon="13.296033628284931">
        <ele>273.44</ele>
      </trkpt>
      <trkpt lat="38.085964964702725" lon="13.295756606385112">
        <ele>275.82</ele>
      </trkpt>
      <trkpt lat="38.08579967357218" lon="13.295537168160081">
        <ele>278.18</ele>
      </trkpt>
      <trkpt lat="38.08563438244164" lon="13.29531772993505">
        <ele>280.36</ele>
      </trkpt>
      <trkpt lat="38.08546917513013" lon="13.295098291710019">
        <ele>282.42</ele>
      </trkpt>
      <trkpt lat="38.08530396781862" lon="13.29487893730402">
        <ele>284.5</ele>
      </trkpt>
      <trkpt lat="38.08517446741462" lon="13.29472697339952">
        <ele>286.63</ele>
      </trkpt>
      <trkpt lat="38.08504496701062" lon="13.294574925675988">
        <ele>288.85</ele>
      </trkpt>
      <trkpt lat="38.08500993065536" lon="13.29438197426498">
        <ele>291.13</ele>
      </trkpt>
      <trkpt lat="38.08484899811447" lon="13.294159937649965">
        <ele>293.08</ele>
      </trkpt>
      <trkpt lat="38.08474397286773" lon="13.294010991230607">
        <ele>294.81</ele>
      </trkpt>
      <trkpt lat="38.08461899869144" lon="13.293880987912416">
        <ele>296.42</ele>
      </trkpt>
      <trkpt lat="38.08443292044103" lon="13.293686946853995">
        <ele>298.03</ele>
      </trkpt>
      <trkpt lat="38.08440391905606" lon="13.293656939640641">
        <ele>299.55</ele>
      </trkpt>
      <trkpt lat="38.08434792794287" lon="13.293597931042314">
        <ele>301.0</ele>
      </trkpt>
      <trkpt lat="38.08419554494321" lon="13.293454516679049">
        <ele>302.49</ele>
      </trkpt>
      <trkpt lat="38.08404299430549" lon="13.29331093467772">
        <ele>303.93</ele>
      </trkpt>
      <trkpt lat="38.0838939640671" lon="13.293156959116459">
        <ele>305.2</ele>
      </trkpt>
      <trkpt lat="38.08371501043439" lon="13.29294397495687">
        <ele>306.45</ele>
      </trkpt>
      <trkpt lat="38.083535972982645" lon="13.292730990797281">
        <ele>307.77</ele>
      </trkpt>
      <trkpt lat="38.083380991593" lon="13.29255698248744">
        <ele>308.97</ele>
      </trkpt>
      <trkpt lat="38.08320195414126" lon="13.292353972792625">
        <ele>310.08</ele>
      </trkpt>
      <trkpt lat="38.08317798189819" lon="13.292337963357568">
        <ele>311.01</ele>
      </trkpt>
      <trkpt lat="38.083018977195024" lon="13.292250959202647">
        <ele>311.84</ele>
      </trkpt>
      <trkpt lat="38.08292493224144" lon="13.29212891869247">
        <ele>312.64</ele>
      </trkpt>
      <trkpt lat="38.0828769877553" lon="13.291971925646067">
        <ele>313.4</ele>
      </trkpt>
      <trkpt lat="38.082805993035436" lon="13.291927920654416">
        <ele>314.07</ele>
      </trkpt>
      <trkpt lat="38.08273592032492" lon="13.291906965896487">
        <ele>314.69</ele>
      </trkpt>
      <trkpt lat="38.0829409416765" lon="13.291616952046752">
        <ele>315.46</ele>
      </trkpt>
      <trkpt lat="38.08286491781473" lon="13.291455935686827">
        <ele>316.08</ele>
      </trkpt>
      <trkpt lat="38.08305895887315" lon="13.291294919326901">
        <ele>316.85</ele>
      </trkpt>
      <trkpt lat="38.08294295333326" lon="13.291090987622738">
        <ele>317.39</ele>
      </trkpt>
      <trkpt lat="38.08285594917834" lon="13.291052933782339">
        <ele>317.77</ele>
      </trkpt>
      <trkpt lat="38.082807920873165" lon="13.29103197902441">
        <ele>318.13</ele>
      </trkpt>
      <trkpt lat="38.0826919991523" lon="13.290943969041109">
        <ele>318.43</ele>
      </trkpt>
      <trkpt lat="38.08262896724045" lon="13.290825951844454">
        <ele>318.79</ele>
      </trkpt>
      <trkpt lat="38.08258093893528" lon="13.290675999596715">
        <ele>319.16</ele>
      </trkpt>
      <trkpt lat="38.08257297612727" lon="13.29064792022109">
        <ele>319.45</ele>
      </trkpt>
      <trkpt lat="38.0824779253453" lon="13.290508948266506">
        <ele>319.73</ele>
      </trkpt>
      <trkpt lat="38.08238195255399" lon="13.290416998788714">
        <ele>319.95</ele>
      </trkpt>
      <trkpt lat="38.08234599418938" lon="13.290381962433457">
        <ele>320.19</ele>
      </trkpt>
      <trkpt lat="38.082293942570686" lon="13.290354972705245">
        <ele>320.41</ele>
      </trkpt>
      <trkpt lat="38.08223593980074" lon="13.290367964655161">
        <ele>320.57</ele>
      </trkpt>
      <trkpt lat="38.08210895396769" lon="13.290246929973364">
        <ele>320.82</ele>
      </trkpt>
      <trkpt lat="38.081986997276545" lon="13.290099995210767">
        <ele>321.12</ele>
      </trkpt>
      <trkpt lat="38.08184794150293" lon="13.289933949708939">
        <ele>321.42</ele>
      </trkpt>
      <trkpt lat="38.08174442499876" lon="13.28976740129292">
        <ele>321.61</ele>
      </trkpt>
      <trkpt lat="38.08164099231362" lon="13.289600936695933">
        <ele>321.78</ele>
      </trkpt>
      <trkpt lat="38.08154099620879" lon="13.289354927837849">
        <ele>321.91</ele>
      </trkpt>
      <trkpt lat="38.08145499788225" lon="13.289137920364738">
        <ele>322.01</ele>
      </trkpt>
      <trkpt lat="38.081323988735676" lon="13.28886198811233">
        <ele>322.22</ele>
      </trkpt>
      <trkpt lat="38.08131292462349" lon="13.288838937878609">
        <ele>322.41</ele>
      </trkpt>
      <trkpt lat="38.081302950158715" lon="13.288806919008493">
        <ele>322.61</ele>
      </trkpt>
      <trkpt lat="38.081219885498285" lon="13.288626288995147">
        <ele>322.83</ele>
      </trkpt>
      <trkpt lat="38.08113698847592" lon="13.288445994257927">
        <ele>323.04</ele>
      </trkpt>
      <trkpt lat="38.081029364839196" lon="13.288184646517038">
        <ele>323.26</ele>
      </trkpt>
      <trkpt lat="38.08092199265957" lon="13.287923969328403">
        <ele>323.51</ele>
      </trkpt>
      <trkpt lat="38.0808459687978" lon="13.28785096295178">
        <ele>323.73</ele>
      </trkpt>
      <trkpt lat="38.080766927450895" lon="13.287806957960129">
        <ele>323.96</ele>
      </trkpt>
      <trkpt lat="38.0807029735297" lon="13.287534965202212">
        <ele>324.42</ele>
      </trkpt>
      <trkpt lat="38.08058596216142" lon="13.28718594275415">
        <ele>324.93</ele>
      </trkpt>
      <trkpt lat="38.080504992976785" lon="13.286946974694729">
        <ele>325.37</ele>
      </trkpt>
      <trkpt lat="38.08043299242854" lon="13.28675796277821">
        <ele>325.71</ele>
      </trkpt>
      <trkpt lat="38.08037297800183" lon="13.286582948639989">
        <ele>326.12</ele>
      </trkpt>
      <trkpt lat="38.08029896579683" lon="13.286387985572219">
        <ele>326.6</ele>
      </trkpt>
      <trkpt lat="38.08022394776344" lon="13.286187993362546">
        <ele>327.11</ele>
      </trkpt>
      <trkpt lat="38.08013484813273" lon="13.285907031968236">
        <ele>327.63</ele>
      </trkpt>
      <trkpt lat="38.08004599995911" lon="13.285626992583275">
        <ele>328.1</ele>
      </trkpt>
      <trkpt lat="38.07997492142022" lon="13.285405961796641">
        <ele>328.63</ele>
      </trkpt>
      <trkpt lat="38.079907950013876" lon="13.285193983465433">
        <ele>329.18</ele>
      </trkpt>
      <trkpt lat="38.079845337197185" lon="13.285001199692488">
        <ele>329.7</ele>
      </trkpt>
      <trkpt lat="38.07978297583759" lon="13.284808918833733">
        <ele>330.15</ele>
      </trkpt>
      <trkpt lat="38.07974793948233" lon="13.284703977406025">
        <ele>330.62</ele>
      </trkpt>
      <trkpt lat="38.07956605218351" lon="13.284406587481499">
        <ele>330.99</ele>
      </trkpt>
      <trkpt lat="38.079384081065655" lon="13.284109281376004">
        <ele>331.79</ele>
      </trkpt>
      <trkpt lat="38.07920219376683" lon="13.28381197527051">
        <ele>332.31</ele>
      </trkpt>
      <trkpt lat="38.07902022264898" lon="13.283514585345984">
        <ele>332.73</ele>
      </trkpt>
      <trkpt lat="38.078838335350156" lon="13.283217279240489">
        <ele>333.36</ele>
      </trkpt>
      <trkpt lat="38.078656950965524" lon="13.282920978963375">
        <ele>333.92</ele>
      </trkpt>
      <trkpt lat="38.0784924980253" lon="13.282714448869228">
        <ele>334.44</ele>
      </trkpt>
      <trkpt lat="38.07832796126604" lon="13.282507918775082">
        <ele>335.19</ele>
      </trkpt>
      <trkpt lat="38.078143978491426" lon="13.282267358154058">
        <ele>335.89</ele>
      </trkpt>
      <trkpt lat="38.07795991189778" lon="13.282026713714004">
        <ele>336.53</ele>
      </trkpt>
      <trkpt lat="38.07777592912316" lon="13.281786069273949">
        <ele>337.42</ele>
      </trkpt>
      <trkpt lat="38.077591862529516" lon="13.281545424833894">
        <ele>338.3</ele>
      </trkpt>
      <trkpt lat="38.07740796357393" lon="13.281304948031902">
        <ele>338.95</ele>
      </trkpt>
      <trkpt lat="38.077266812324524" lon="13.28099263831973">
        <ele>339.74</ele>
      </trkpt>
      <trkpt lat="38.077125661075115" lon="13.280680244788527">
        <ele>340.67</ele>
      </trkpt>
      <trkpt lat="38.076984928920865" lon="13.280368940904737">
        <ele>341.47</ele>
      </trkpt>
      <trkpt lat="38.07680589146912" lon="13.280087392777205">
        <ele>342.13</ele>
      </trkpt>
      <trkpt lat="38.076626770198345" lon="13.279805928468704">
        <ele>343.18</ele>
      </trkpt>
      <trkpt lat="38.0764477327466" lon="13.279524380341172">
        <ele>344.25</ele>
      </trkpt>
      <trkpt lat="38.076268611475825" lon="13.27924283221364">
        <ele>345.24</ele>
      </trkpt>
      <trkpt lat="38.07608999311924" lon="13.278961954638362">
        <ele>346.4</ele>
      </trkpt>
      <trkpt lat="38.075959319248796" lon="13.278691722080112">
        <ele>347.75</ele>
      </trkpt>
      <trkpt lat="38.07582898065448" lon="13.278421992436051">
        <ele>349.09</ele>
      </trkpt>
      <trkpt lat="38.07573879137635" lon="13.278149580582976">
        <ele>350.37</ele>
      </trkpt>
      <trkpt lat="38.07564893737435" lon="13.277877923101187">
        <ele>351.66</ele>
      </trkpt>
      <trkpt lat="38.07546076364815" lon="13.27762789092958">
        <ele>352.84</ele>
      </trkpt>
      <trkpt lat="38.07527258992195" lon="13.277377858757973">
        <ele>354.05</ele>
      </trkpt>
      <trkpt lat="38.07508450001478" lon="13.277127826586366">
        <ele>355.25</ele>
      </trkpt>
      <trkpt lat="38.07489632628858" lon="13.276877794414759">
        <ele>356.81</ele>
      </trkpt>
      <trkpt lat="38.07470815256238" lon="13.276627762243152">
        <ele>358.51</ele>
      </trkpt>
      <trkpt lat="38.07451997883618" lon="13.276377730071545">
        <ele>360.09</ele>
      </trkpt>
      <trkpt lat="38.07433197274804" lon="13.276127949357033">
        <ele>361.62</ele>
      </trkpt>
      <trkpt lat="38.07417958974838" lon="13.275785464793444">
        <ele>363.24</ele>
      </trkpt>
      <trkpt lat="38.074027206748724" lon="13.275442980229855">
        <ele>364.83</ele>
      </trkpt>
      <trkpt lat="38.073874823749065" lon="13.275100495666265">
        <ele>366.48</ele>
      </trkpt>
      <trkpt lat="38.07372252456844" lon="13.274758011102676">
        <ele>368.04</ele>
      </trkpt>
      <trkpt lat="38.07357014156878" lon="13.274415526539087">
        <ele>369.59</ele>
      </trkpt>
      <trkpt lat="38.07341775856912" lon="13.274073041975498">
        <ele>370.98</ele>
      </trkpt>
      <trkpt lat="38.07326537556946" lon="13.273730557411909">
        <ele>372.13</ele>
      </trkpt>
      <trkpt lat="38.073113076388836" lon="13.27338807284832">
        <ele>373.26</ele>
      </trkpt>
      <trkpt lat="38.07296069338918" lon="13.273045588284731">
        <ele>374.34</ele>
      </trkpt>
      <trkpt lat="38.07280998677015" lon="13.2727069593966">
        <ele>375.22</ele>
      </trkpt>
      <trkpt lat="38.072647796943784" lon="13.272389871999621">
        <ele>376.21</ele>
      </trkpt>
      <trkpt lat="38.072485690936446" lon="13.27207270078361">
        <ele>376.94</ele>
      </trkpt>
      <trkpt lat="38.07232350111008" lon="13.271755613386631">
        <ele>377.42</ele>
      </trkpt>
      <trkpt lat="38.07216139510274" lon="13.271438525989652">
        <ele>378.13</ele>
      </trkpt>
      <trkpt lat="38.0719992890954" lon="13.27112135477364">
        <ele>379.04</ele>
      </trkpt>
      <trkpt lat="38.07183793745935" lon="13.270805943757296">
        <ele>379.72</ele>
      </trkpt>
      <trkpt lat="38.07169091887772" lon="13.270592875778675">
        <ele>380.09</ele>
      </trkpt>
      <trkpt lat="38.071543984115124" lon="13.270379975438118">
        <ele>380.42</ele>
      </trkpt>
      <trkpt lat="38.07133871130645" lon="13.27018802985549">
        <ele>380.58</ele>
      </trkpt>
      <trkpt lat="38.07113352231681" lon="13.269996168091893">
        <ele>380.66</ele>
      </trkpt>
      <trkpt lat="38.07092799805105" lon="13.26980397105217">
        <ele>380.73</ele>
      </trkpt>
      <trkpt lat="38.07072792202234" lon="13.269556453451514">
        <ele>380.87</ele>
      </trkpt>
      <trkpt lat="38.07052792981267" lon="13.269308935850859">
        <ele>381.03</ele>
      </trkpt>
      <trkpt lat="38.0704209767282" lon="13.26922595500946">
        <ele>381.12</ele>
      </trkpt>
      <trkpt lat="38.07033095508814" lon="13.269151942804456">
        <ele>381.25</ele>
      </trkpt>
      <trkpt lat="38.07025291956961" lon="13.26911598443985">
        <ele>381.34</ele>
      </trkpt>
      <trkpt lat="38.07012199424207" lon="13.26907591894269">
        <ele>381.43</ele>
      </trkpt>
      <trkpt lat="38.069964749738574" lon="13.269063513725996">
        <ele>381.53</ele>
      </trkpt>
      <trkpt lat="38.069806918501854" lon="13.269050940871239">
        <ele>381.69</ele>
      </trkpt>
      <trkpt lat="38.06965093128383" lon="13.269065944477916">
        <ele>382.0</ele>
      </trkpt>
      <trkpt lat="38.06942596100271" lon="13.269060999155045">
        <ele>382.36</ele>
      </trkpt>
      <trkpt lat="38.06923896074295" lon="13.269058987498283">
        <ele>382.8</ele>
      </trkpt>
      <trkpt lat="38.06903896853328" lon="13.26909595169127">
        <ele>383.37</ele>
      </trkpt>
      <trkpt lat="38.06882992386818" lon="13.26918295584619">
        <ele>384.06</ele>
      </trkpt>
      <trkpt lat="38.06867712177336" lon="13.26927280984819">
        <ele>384.85</ele>
      </trkpt>
      <trkpt lat="38.06852398440242" lon="13.269362999126315">
        <ele>385.67</ele>
      </trkpt>
      <trkpt lat="38.068453995510936" lon="13.269406920298934">
        <ele>386.61</ele>
      </trkpt>
      <trkpt lat="38.06833396665752" lon="13.269474981352687">
        <ele>387.69</ele>
      </trkpt>
      <trkpt lat="38.06816875934601" lon="13.269494930282235">
        <ele>388.86</ele>
      </trkpt>
      <trkpt lat="38.068002965301275" lon="13.269514963030815">
        <ele>390.17</ele>
      </trkpt>
      <trkpt lat="38.06783691979945" lon="13.269487973302603">
        <ele>391.61</ele>
      </trkpt>
      <trkpt lat="38.06762636639178" lon="13.269432568922639">
        <ele>393.18</ele>
      </trkpt>
      <trkpt lat="38.06741497479379" lon="13.269376996904612">
        <ele>394.85</ele>
      </trkpt>
      <trkpt lat="38.06717894040048" lon="13.269319999963045">
        <ele>396.48</ele>
      </trkpt>
      <trkpt lat="38.06691591627896" lon="13.269148925319314">
        <ele>398.24</ele>
      </trkpt>
      <trkpt lat="38.06669966317713" lon="13.268884979188442">
        <ele>400.17</ele>
      </trkpt>
      <trkpt lat="38.066483326256275" lon="13.268620949238539">
        <ele>402.17</ele>
      </trkpt>
      <trkpt lat="38.06626698933542" lon="13.268356919288635">
        <ele>404.27</ele>
      </trkpt>
      <trkpt lat="38.066198928281665" lon="13.268272932618856">
        <ele>406.27</ele>
      </trkpt>
      <trkpt lat="38.06602039374411" lon="13.26800286769867">
        <ele>408.44</ele>
      </trkpt>
      <trkpt lat="38.06584194302559" lon="13.267732970416546">
        <ele>410.45</ele>
      </trkpt>
      <trkpt lat="38.065641950815916" lon="13.267477992922068">
        <ele>412.53</ele>
      </trkpt>
      <trkpt lat="38.06540608406067" lon="13.267263751477003">
        <ele>414.62</ele>
      </trkpt>
      <trkpt lat="38.06517030112445" lon="13.26704959385097">
        <ele>416.53</ele>
      </trkpt>
      <trkpt lat="38.064933931455016" lon="13.266834933310747">
        <ele>418.35</ele>
      </trkpt>
      <trkpt lat="38.06481197476387" lon="13.266723956912756">
        <ele>420.21</ele>
      </trkpt>
      <trkpt lat="38.06460293009877" lon="13.266529999673367">
        <ele>422.02</ele>
      </trkpt>
      <trkpt lat="38.06439547799528" lon="13.266334868967533">
        <ele>423.81</ele>
      </trkpt>
      <trkpt lat="38.06418802589178" lon="13.2661397382617">
        <ele>425.55</ele>
      </trkpt>
      <trkpt lat="38.06398048996925" lon="13.265944691374898">
        <ele>427.16</ele>
      </trkpt>
      <trkpt lat="38.06377303786576" lon="13.265749560669065">
        <ele>428.52</ele>
      </trkpt>
      <trkpt lat="38.06356499902904" lon="13.26555392704904">
        <ele>429.6</ele>
      </trkpt>
      <trkpt lat="38.06338696740568" lon="13.265356281772256">
        <ele>430.67</ele>
      </trkpt>
      <trkpt lat="38.063209019601345" lon="13.26515855267644">
        <ele>431.65</ele>
      </trkpt>
      <trkpt lat="38.06303107179701" lon="13.264960823580623">
        <ele>432.38</ele>
      </trkpt>
      <trkpt lat="38.06285295635462" lon="13.264762926846743">
        <ele>432.88</ele>
      </trkpt>
      <trkpt lat="38.06261851452291" lon="13.264503506943583">
        <ele>433.19</ele>
      </trkpt>
      <trkpt lat="38.06238398887217" lon="13.264243919402361">
        <ele>433.22</ele>
      </trkpt>
      <trkpt lat="38.06222699582577" lon="13.264075946062803">
        <ele>433.09</ele>
      </trkpt>
      <trkpt lat="38.06204477325082" lon="13.263909732922912">
        <ele>432.77</ele>
      </trkpt>
      <trkpt lat="38.06186255067587" lon="13.26374351978302">
        <ele>432.32</ele>
      </trkpt>
      <trkpt lat="38.06167999282479" lon="13.263576971367002">
        <ele>431.63</ele>
      </trkpt>
      <trkpt lat="38.06154303252697" lon="13.263430036604404">
        <ele>430.76</ele>
      </trkpt>
      <trkpt lat="38.061405988410115" lon="13.263282934203744">
        <ele>429.62</ele>
      </trkpt>
      <trkpt lat="38.06129392236471" lon="13.263231972232461">
        <ele>428.26</ele>
      </trkpt>
      <trkpt lat="38.06115847080946" lon="13.263044385239482">
        <ele>426.97</ele>
      </trkpt>
      <trkpt lat="38.061022935435176" lon="13.262856965884566">
        <ele>425.53</ele>
      </trkpt>
      <trkpt lat="38.06080928072333" lon="13.262632247060537">
        <ele>423.55</ele>
      </trkpt>
      <trkpt lat="38.06059562601149" lon="13.26240761205554">
        <ele>421.28</ele>
      </trkpt>
      <trkpt lat="38.06038197129965" lon="13.262182977050543">
        <ele>419.08</ele>
      </trkpt>
      <trkpt lat="38.06016798131168" lon="13.261957922950387">
        <ele>416.93</ele>
      </trkpt>
      <trkpt lat="38.059961115941405" lon="13.261800091713667">
        <ele>414.43</ele>
      </trkpt>
      <trkpt lat="38.05975433439016" lon="13.261642260476947">
        <ele>411.69</ele>
      </trkpt>
      <trkpt lat="38.05954755283892" lon="13.261484429240227">
        <ele>408.88</ele>
      </trkpt>
      <trkpt lat="38.05933993309736" lon="13.261325927451253">
        <ele>406.07</ele>
      </trkpt>
      <trkpt lat="38.05914429947734" lon="13.261083774268627">
        <ele>403.19</ele>
      </trkpt>
      <trkpt lat="38.058948665857315" lon="13.260841621086001">
        <ele>400.21</ele>
      </trkpt>
      <trkpt lat="38.05875294841826" lon="13.260599467903376">
        <ele>397.21</ele>
      </trkpt>
      <trkpt lat="38.058557314798236" lon="13.26035731472075">
        <ele>394.12</ele>
      </trkpt>
      <trkpt lat="38.05836168117821" lon="13.260115161538124">
        <ele>390.93</ele>
      </trkpt>
      <trkpt lat="38.05816596373916" lon="13.259872924536467">
        <ele>387.8</ele>
      </trkpt>
      <trkpt lat="38.05789304897189" lon="13.259805450215936">
        <ele>384.3</ele>
      </trkpt>
      <trkpt lat="38.05762021802366" lon="13.259737975895405">
        <ele>380.91</ele>
      </trkpt>
      <trkpt lat="38.05734780617058" lon="13.259670585393906">
        <ele>377.8</ele>
      </trkpt>
      <trkpt lat="38.05734730325639" lon="13.259670501574874">
        <ele>375.0</ele>
      </trkpt>
      <trkpt lat="38.05707447230816" lon="13.259603111073375">
        <ele>371.76</ele>
      </trkpt>
      <trkpt lat="38.05679895915091" lon="13.25953496620059">
        <ele>368.73</ele>
      </trkpt>
      <trkpt lat="38.05657994002104" lon="13.259538989514112">
        <ele>365.74</ele>
      </trkpt>
      <trkpt lat="38.056361926719546" lon="13.259543934836984">
        <ele>362.77</ele>
      </trkpt>
      <trkpt lat="38.05608029477298" lon="13.259621635079384">
        <ele>359.79</ele>
      </trkpt>
      <trkpt lat="38.05579857900739" lon="13.259699251502752">
        <ele>356.87</ele>
      </trkpt>
      <trkpt lat="38.05551694706082" lon="13.259776951745152">
        <ele>354.09</ele>
      </trkpt>
      <trkpt lat="38.05523523129523" lon="13.259854568168521">
        <ele>351.44</ele>
      </trkpt>
      <trkpt lat="38.05495091713965" lon="13.259932938963175">
        <ele>348.88</ele>
      </trkpt>
      <trkpt lat="38.054695101454854" lon="13.25997618958354">
        <ele>346.43</ele>
      </trkpt>
      <trkpt lat="38.05443928577006" lon="13.260019440203905">
        <ele>344.15</ele>
      </trkpt>
      <trkpt lat="38.05418196134269" lon="13.260062942281365">
        <ele>342.03</ele>
      </trkpt>
      <trkpt lat="38.05391449481249" lon="13.260106360539794">
        <ele>340.06</ele>
      </trkpt>
      <trkpt lat="38.05364593863487" lon="13.260149946436286">
        <ele>338.21</ele>
      </trkpt>
      <trkpt lat="38.05339498445392" lon="13.260162938386202">
        <ele>336.55</ele>
      </trkpt>
      <trkpt lat="38.05319398641586" lon="13.260174924507737">
        <ele>335.06</ele>
      </trkpt>
      <trkpt lat="38.05293892510235" lon="13.260252960026264">
        <ele>333.58</ele>
      </trkpt>
      <trkpt lat="38.052768940106034" lon="13.260342981666327">
        <ele>332.38</ele>
      </trkpt>
      <trkpt lat="38.0527069978416" lon="13.26028598472476">
        <ele>331.37</ele>
      </trkpt>
      <trkpt lat="38.05255796760321" lon="13.260091943666339">
        <ele>330.55</ele>
      </trkpt>
      <trkpt lat="38.05242142640054" lon="13.259753230959177">
        <ele>329.98</ele>
      </trkpt>
      <trkpt lat="38.05228496901691" lon="13.259414434432983">
        <ele>329.5</ele>
      </trkpt>
      <trkpt lat="38.052148930728436" lon="13.259076979011297">
        <ele>329.14</ele>
      </trkpt>
      <trkpt lat="38.05187894962728" lon="13.258928954601288">
        <ele>328.9</ele>
      </trkpt>
      <trkpt lat="38.05169186554849" lon="13.2589110173285">
        <ele>328.83</ele>
      </trkpt>
      <trkpt lat="38.051503943279386" lon="13.258892996236682">
        <ele>328.95</ele>
      </trkpt>
      <trkpt lat="38.05132079869509" lon="13.258940353989601">
        <ele>329.31</ele>
      </trkpt>
      <trkpt lat="38.051136983558536" lon="13.258987963199615">
        <ele>329.9</ele>
      </trkpt>
      <trkpt lat="38.05088594555855" lon="13.259156942367554">
        <ele>330.79</ele>
      </trkpt>
      <trkpt lat="38.05076499469578" lon="13.259292980656028">
        <ele>331.83</ele>
      </trkpt>
      <trkpt lat="38.05064798332751" lon="13.259456930682063">
        <ele>333.06</ele>
      </trkpt>
      <trkpt lat="38.05050825700164" lon="13.259726157411933">
        <ele>334.52</ele>
      </trkpt>
      <trkpt lat="38.05036853067577" lon="13.259995384141803">
        <ele>336.14</ele>
      </trkpt>
      <trkpt lat="38.0502288043499" lon="13.260264610871673">
        <ele>337.86</ele>
      </trkpt>
      <trkpt lat="38.05008907802403" lon="13.260533921420574">
        <ele>339.7</ele>
      </trkpt>
      <trkpt lat="38.04994993843138" lon="13.260801974684">
        <ele>341.66</ele>
      </trkpt>
      <trkpt lat="38.04975296370685" lon="13.260986963286996">
        <ele>343.8</ele>
      </trkpt>
      <trkpt lat="38.049461944028735" lon="13.260959973558784">
        <ele>346.27</ele>
      </trkpt>
      <trkpt lat="38.04922280833125" lon="13.260847153142095">
        <ele>348.92</ele>
      </trkpt>
      <trkpt lat="38.04898291826248" lon="13.260733997449279">
        <ele>351.71</ele>
      </trkpt>
      <trkpt lat="38.04878116585314" lon="13.260591086000204">
        <ele>354.58</ele>
      </trkpt>
      <trkpt lat="38.048578994348645" lon="13.260447923094034">
        <ele>357.59</ele>
      </trkpt>
      <trkpt lat="38.048451421782374" lon="13.260266371071339">
        <ele>360.74</ele>
      </trkpt>
      <trkpt lat="38.048323933035135" lon="13.260084986686707">
        <ele>363.81</ele>
      </trkpt>
      <trkpt lat="38.04827791638672" lon="13.259800923988223">
        <ele>366.92</ele>
      </trkpt>
      <trkpt lat="38.04817498661578" lon="13.259588945657015">
        <ele>370.06</ele>
      </trkpt>
      <trkpt lat="38.048190493136644" lon="13.259390043094754">
        <ele>373.3</ele>
      </trkpt>
      <trkpt lat="38.04820599965751" lon="13.25919197872281">
        <ele>376.53</ele>
      </trkpt>
      <trkpt lat="38.04813299328089" lon="13.258980922400951">
        <ele>379.84</ele>
      </trkpt>
      <trkpt lat="38.04791414178908" lon="13.25879761017859">
        <ele>383.23</ele>
      </trkpt>
      <trkpt lat="38.04769495502114" lon="13.258613962680101">
        <ele>386.64</ele>
      </trkpt>
      <trkpt lat="38.04746520705521" lon="13.258393434807658">
        <ele>390.06</ele>
      </trkpt>
      <trkpt lat="38.04723545908928" lon="13.258172823116183">
        <ele>393.43</ele>
      </trkpt>
      <trkpt lat="38.047005627304316" lon="13.25795229524374">
        <ele>396.73</ele>
      </trkpt>
      <trkpt lat="38.046775879338384" lon="13.257731767371297">
        <ele>399.99</ele>
      </trkpt>
      <trkpt lat="38.04654613137245" lon="13.257511155679822">
        <ele>403.28</ele>
      </trkpt>
      <trkpt lat="38.04631638340652" lon="13.257290627807379">
        <ele>406.55</ele>
      </trkpt>
      <trkpt lat="38.04608663544059" lon="13.257070099934936">
        <ele>409.77</ele>
      </trkpt>
      <trkpt lat="38.045856803655624" lon="13.256849572062492">
        <ele>412.83</ele>
      </trkpt>
      <trkpt lat="38.04562596604228" lon="13.256627954542637">
        <ele>415.86</ele>
      </trkpt>
      <trkpt lat="38.045368138700724" lon="13.25641312636435">
        <ele>418.94</ele>
      </trkpt>
      <trkpt lat="38.0451103951782" lon="13.256198298186064">
        <ele>421.89</ele>
      </trkpt>
      <trkpt lat="38.04485198110342" lon="13.255982967093587">
        <ele>424.66</ele>
      </trkpt>
      <trkpt lat="38.04468719288707" lon="13.255764450877905">
        <ele>427.35</ele>
      </trkpt>
      <trkpt lat="38.044522404670715" lon="13.255545934662223">
        <ele>430.07</ele>
      </trkpt>
      <trkpt lat="38.04435761645436" lon="13.25532733462751">
        <ele>432.69</ele>
      </trkpt>
      <trkpt lat="38.044192995876074" lon="13.25510898604989">
        <ele>435.22</ele>
      </trkpt>
      <trkpt lat="38.0440551135689" lon="13.254790222272277">
        <ele>437.7</ele>
      </trkpt>
      <trkpt lat="38.04391731508076" lon="13.254471542313695">
        <ele>440.14</ele>
      </trkpt>
      <trkpt lat="38.04377993568778" lon="13.254153952002525">
        <ele>442.52</ele>
      </trkpt>
      <trkpt lat="38.043768955394626" lon="13.254010956734419">
        <ele>444.64</ele>
      </trkpt>
      <trkpt lat="38.043659990653396" lon="13.253896962851286">
        <ele>446.69</ele>
      </trkpt>
      <trkpt lat="38.04347894154489" lon="13.253589933738112">
        <ele>448.7</ele>
      </trkpt>
      <trkpt lat="38.04323737509549" lon="13.253366556018591">
        <ele>450.68</ele>
      </trkpt>
      <trkpt lat="38.04299580864608" lon="13.253143094480038">
        <ele>452.57</ele>
      </trkpt>
      <trkpt lat="38.04275424219668" lon="13.252919632941484">
        <ele>454.45</ele>
      </trkpt>
      <trkpt lat="38.042512675747275" lon="13.252696171402931">
        <ele>456.27</ele>
      </trkpt>
      <trkpt lat="38.04227110929787" lon="13.25247279368341">
        <ele>457.95</ele>
      </trkpt>
      <trkpt lat="38.04202954284847" lon="13.252249332144856">
        <ele>459.65</ele>
      </trkpt>
      <trkpt lat="38.04178697057068" lon="13.252024948596954">
        <ele>461.4</ele>
      </trkpt>
      <trkpt lat="38.04169393144548" lon="13.251828979700804">
        <ele>463.05</ele>
      </trkpt>
      <trkpt lat="38.041744977235794" lon="13.251580959185958">
        <ele>464.68</ele>
      </trkpt>
      <trkpt lat="38.0418810993433" lon="13.251309050247073">
        <ele>466.24</ele>
      </trkpt>
      <trkpt lat="38.042017221450806" lon="13.251037141308188">
        <ele>467.75</ele>
      </trkpt>
      <trkpt lat="38.04215292446315" lon="13.25076598674059">
        <ele>469.21</ele>
      </trkpt>
      <trkpt lat="38.042176477611065" lon="13.250567084178329">
        <ele>470.76</ele>
      </trkpt>
      <trkpt lat="38.042199946939945" lon="13.250368935987353">
        <ele>472.33</ele>
      </trkpt>
      <trkpt lat="38.04207597859204" lon="13.250094931572676">
        <ele>474.03</ele>
      </trkpt>
      <trkpt lat="38.04187137633562" lon="13.24989041313529">
        <ele>475.73</ele>
      </trkpt>
      <trkpt lat="38.041666774079204" lon="13.249685810878873">
        <ele>477.39</ele>
      </trkpt>
      <trkpt lat="38.04146192036569" lon="13.24948095716536">
        <ele>479.11</ele>
      </trkpt>
      <trkpt lat="38.04129998199642" lon="13.249492943286896">
        <ele>480.83</ele>
      </trkpt>
      <trkpt lat="38.04124499671161" lon="13.249496966600418">
        <ele>482.54</ele>
      </trkpt>
      <trkpt lat="38.041061013937" lon="13.249711962416768">
        <ele>484.34</ele>
      </trkpt>
      <trkpt lat="38.04087703116238" lon="13.249926874414086">
        <ele>486.23</ele>
      </trkpt>
      <trkpt lat="38.040692964568734" lon="13.250141954049468">
        <ele>488.17</ele>
      </trkpt>
      <trkpt lat="38.04051694460213" lon="13.250223929062486">
        <ele>490.06</ele>
      </trkpt>
      <trkpt lat="38.0402887891978" lon="13.25024127960205">
        <ele>492.05</ele>
      </trkpt>
      <trkpt lat="38.04006054997444" lon="13.250258546322584">
        <ele>494.13</ele>
      </trkpt>
      <trkpt lat="38.03983096964657" lon="13.250275980681181">
        <ele>496.24</ele>
      </trkpt>
      <trkpt lat="38.03958294913173" lon="13.250172967091203">
        <ele>498.4</ele>
      </trkpt>
      <trkpt lat="38.039392260834575" lon="13.249919917434454">
        <ele>500.73</ele>
      </trkpt>
      <trkpt lat="38.03920157253742" lon="13.249666867777705">
        <ele>503.1</ele>
      </trkpt>
      <trkpt lat="38.0390109680593" lon="13.24941398575902">
        <ele>505.4</ele>
      </trkpt>
      <trkpt lat="38.03886914625764" lon="13.249313570559025">
        <ele>507.67</ele>
      </trkpt>
      <trkpt lat="38.03872698917985" lon="13.249212987720966">
        <ele>509.96</ele>
      </trkpt>
      <trkpt lat="38.038487350568175" lon="13.249095641076565">
        <ele>512.35</ele>
      </trkpt>
      <trkpt lat="38.0382477119565" lon="13.248978294432163">
        <ele>514.7</ele>
      </trkpt>
      <trkpt lat="38.03800807334483" lon="13.248861031606793">
        <ele>517.0</ele>
      </trkpt>
      <trkpt lat="38.03776692599058" lon="13.248742930591106">
        <ele>519.32</ele>
      </trkpt>
      <trkpt lat="38.03748345002532" lon="13.24864637106657">
        <ele>521.7</ele>
      </trkpt>
      <trkpt lat="38.03719997406006" lon="13.248549811542034">
        <ele>524.19</ele>
      </trkpt>
      <trkpt lat="38.0369164980948" lon="13.248453252017498">
        <ele>526.7</ele>
      </trkpt>
      <trkpt lat="38.03663092665374" lon="13.248355938121676">
        <ele>529.16</ele>
      </trkpt>
      <trkpt lat="38.0365486163646" lon="13.248287457972765">
        <ele>531.47</ele>
      </trkpt>
      <trkpt lat="38.036489356309175" lon="13.248162902891636">
        <ele>533.77</ele>
      </trkpt>
      <trkpt lat="38.0364312697202" lon="13.2478435523808">
        <ele>536.09</ele>
      </trkpt>
      <trkpt lat="38.036307552829385" lon="13.247628891840577">
        <ele>538.37</ele>
      </trkpt>
      <trkpt lat="38.03618752397597" lon="13.247466618195176">
        <ele>540.6</ele>
      </trkpt>
      <trkpt lat="38.036013850942254" lon="13.247420601546764">
        <ele>542.79</ele>
      </trkpt>
      <trkpt lat="38.035839507356286" lon="13.24737441726029">
        <ele>544.99</ele>
      </trkpt>
      <trkpt lat="38.03566868416965" lon="13.247359665110707">
        <ele>547.16</ele>
      </trkpt>
      <trkpt lat="38.035452514886856" lon="13.247489500790834">
        <ele>549.24</ele>
      </trkpt>
      <trkpt lat="38.035319996997714" lon="13.247699970379472">
        <ele>551.31</ele>
      </trkpt>
      <trkpt lat="38.03517138585448" lon="13.24796718545258">
        <ele>553.46</ele>
      </trkpt>
      <trkpt lat="38.03499586880207" lon="13.248171955347061">
        <ele>555.48</ele>
      </trkpt>
      <trkpt lat="38.03479168564081" lon="13.248416120186448">
        <ele>557.51</ele>
      </trkpt>
      <trkpt lat="38.0346111394465" lon="13.24843967333436">
        <ele>559.53</ele>
      </trkpt>
      <trkpt lat="38.03436362184584" lon="13.24845626950264">
        <ele>561.68</ele>
      </trkpt>
      <trkpt lat="38.03421584889293" lon="13.248375887051225">
        <ele>563.65</ele>
      </trkpt>
      <trkpt lat="38.034064806997776" lon="13.24821193702519">
        <ele>565.56</ele>
      </trkpt>
      <trkpt lat="38.03389951586723" lon="13.24804287403822">
        <ele>567.46</ele>
      </trkpt>
      <trkpt lat="38.03373179398477" lon="13.247944889590144">
        <ele>569.37</ele>
      </trkpt>
      <trkpt lat="38.03356356918812" lon="13.247846653684974">
        <ele>571.33</ele>
      </trkpt>
      <trkpt lat="38.03326257504523" lon="13.247793428599834">
        <ele>573.31</ele>
      </trkpt>
      <trkpt lat="38.03298454731703" lon="13.247946565970778">
        <ele>575.26</ele>
      </trkpt>
      <trkpt lat="38.03276636637747" lon="13.248133901506662">
        <ele>577.18</ele>
      </trkpt>
      <trkpt lat="38.03266687318683" lon="13.24831461533904">
        <ele>578.9</ele>
      </trkpt>
      <trkpt lat="38.032567547634244" lon="13.248495077714324">
        <ele>580.71</ele>
      </trkpt>
      <trkpt lat="38.032462019473314" lon="13.248733039945364">
        <ele>582.48</ele>
      </trkpt>
      <trkpt lat="38.03235665895045" lon="13.248970415443182">
        <ele>584.27</ele>
      </trkpt>
      <trkpt lat="38.032186338678" lon="13.249241570010781">
        <ele>586.1</ele>
      </trkpt>
      <trkpt lat="38.03210469894111" lon="13.249429827556014">
        <ele>587.92</ele>
      </trkpt>
      <trkpt lat="38.032023310661316" lon="13.24961774982512">
        <ele>589.74</ele>
      </trkpt>
      <trkpt lat="38.031923063099384" lon="13.249797374010086">
        <ele>591.58</ele>
      </trkpt>
      <trkpt lat="38.031822983175516" lon="13.249976746737957">
        <ele>593.44</ele>
      </trkpt>
      <trkpt lat="38.031767746433616" lon="13.250204985961318">
        <ele>595.25</ele>
      </trkpt>
      <trkpt lat="38.0317203886807" lon="13.25041713193059">
        <ele>597.12</ele>
      </trkpt>
      <trkpt lat="38.03167319856584" lon="13.250628523528576">
        <ele>598.99</ele>
      </trkpt>
      <trkpt lat="38.0316202249378" lon="13.250931529328227">
        <ele>600.88</ele>
      </trkpt>
      <trkpt lat="38.03157169371843" lon="13.251145854592323">
        <ele>602.76</ele>
      </trkpt>
      <trkpt lat="38.0315232463181" lon="13.251359425485134">
        <ele>604.62</ele>
      </trkpt>
      <trkpt lat="38.031447641551495" lon="13.251638542860746">
        <ele>606.56</ele>
      </trkpt>
      <trkpt lat="38.03133733570576" lon="13.251793021336198">
        <ele>608.48</ele>
      </trkpt>
      <trkpt lat="38.031113957986236" lon="13.251813724637032">
        <ele>610.51</ele>
      </trkpt>
      <trkpt lat="38.030872559174895" lon="13.251836942508817">
        <ele>612.61</ele>
      </trkpt>
      <trkpt lat="38.0306183360517" lon="13.251665700227022">
        <ele>614.69</ele>
      </trkpt>
      <trkpt lat="38.0305305775255" lon="13.25149554759264">
        <ele>616.65</ele>
      </trkpt>
      <trkpt lat="38.030442986637354" lon="13.251325562596321">
        <ele>618.62</ele>
      </trkpt>
      <trkpt lat="38.03027182817459" lon="13.251078212633729">
        <ele>620.63</ele>
      </trkpt>
      <trkpt lat="38.0300934612751" lon="13.25078803114593">
        <ele>622.68</ele>
      </trkpt>
      <trkpt lat="38.029915345832705" lon="13.250498101115227">
        <ele>624.74</ele>
      </trkpt>
      <trkpt lat="38.02979866974056" lon="13.250347143039107">
        <ele>626.74</ele>
      </trkpt>
      <trkpt lat="38.02968190982938" lon="13.25019626878202">
        <ele>628.74</ele>
      </trkpt>
      <trkpt lat="38.0294094979763" lon="13.250132985413074">
        <ele>630.82</ele>
      </trkpt>
      <trkpt lat="38.02914982661605" lon="13.250199537724257">
        <ele>632.87</ele>
      </trkpt>
      <trkpt lat="38.02898269146681" lon="13.25022803619504">
        <ele>634.81</ele>
      </trkpt>
      <trkpt lat="38.02881480194628" lon="13.250256702303886">
        <ele>636.71</ele>
      </trkpt>
      <trkpt lat="38.02857097238302" lon="13.250159723684192">
        <ele>638.63</ele>
      </trkpt>
      <trkpt lat="38.02833988331258" lon="13.250070037320256">
        <ele>640.44</ele>
      </trkpt>
      <trkpt lat="38.02810795605183" lon="13.249980099499226">
        <ele>642.21</ele>
      </trkpt>
      <trkpt lat="38.0278227198869" lon="13.249883204698563">
        <ele>644.01</ele>
      </trkpt>
      <trkpt lat="38.02766086533666" lon="13.249937435612082">
        <ele>645.75</ele>
      </trkpt>
      <trkpt lat="38.02749842405319" lon="13.249991750344634">
        <ele>647.55</ele>
      </trkpt>
      <trkpt lat="38.02725367248058" lon="13.250178415328264">
        <ele>649.35</ele>
      </trkpt>
      <trkpt lat="38.02701713517308" lon="13.250276986509562">
        <ele>651.14</ele>
      </trkpt>
      <trkpt lat="38.02682166919112" lon="13.2502525113523">
        <ele>652.93</ele>
      </trkpt>
      <trkpt lat="38.026625448837876" lon="13.250227868556976">
        <ele>654.76</ele>
      </trkpt>
      <trkpt lat="38.02642218768597" lon="13.250166680663824">
        <ele>656.67</ele>
      </trkpt>
      <trkpt lat="38.02621817216277" lon="13.250105325132608">
        <ele>658.59</ele>
      </trkpt>
      <trkpt lat="38.02599663846195" lon="13.25005310587585">
        <ele>660.47</ele>
      </trkpt>
      <trkpt lat="38.02569170482457" lon="13.250053273513913">
        <ele>662.37</ele>
      </trkpt>
      <trkpt lat="38.025551894679666" lon="13.250199370086193">
        <ele>664.18</ele>
      </trkpt>
      <trkpt lat="38.025416946038604" lon="13.25034043751657">
        <ele>666.03</ele>
      </trkpt>
      <trkpt lat="38.02534301765263" lon="13.250599354505539">
        <ele>667.87</ele>
      </trkpt>
      <trkpt lat="38.025298761203885" lon="13.250795910134912">
        <ele>669.66</ele>
      </trkpt>
      <trkpt lat="38.0252546723932" lon="13.25099179521203">
        <ele>671.43</ele>
      </trkpt>
      <trkpt lat="38.025207314640284" lon="13.251090701669455">
        <ele>673.15</ele>
      </trkpt>
      <trkpt lat="38.02505384199321" lon="13.251213999465108">
        <ele>674.86</ele>
      </trkpt>
      <trkpt lat="38.02482116036117" lon="13.251198409125209">
        <ele>676.56</ele>
      </trkpt>
      <trkpt lat="38.024597615003586" lon="13.25110075995326">
        <ele>678.31</ele>
      </trkpt>
      <trkpt lat="38.02437339909375" lon="13.251002775505185">
        <ele>680.1</ele>
      </trkpt>
      <trkpt lat="38.024101573973894" lon="13.250874197110534">
        <ele>681.94</ele>
      </trkpt>
      <trkpt lat="38.02392513491213" lon="13.25071133673191">
        <ele>683.79</ele>
      </trkpt>
      <trkpt lat="38.02373008802533" lon="13.250452084466815">
        <ele>685.72</ele>
      </trkpt>
      <trkpt lat="38.02353512495756" lon="13.25019283220172">
        <ele>687.5</ele>
      </trkpt>
      <trkpt lat="38.023422975093126" lon="13.249929305166006">
        <ele>689.23</ele>
      </trkpt>
      <trkpt lat="38.02331090904772" lon="13.249665694311261">
        <ele>690.91</ele>
      </trkpt>
      <trkpt lat="38.02319926209748" lon="13.249403005465865">
        <ele>692.53</ele>
      </trkpt>
      <trkpt lat="38.02309909835458" lon="13.249122630804777">
        <ele>694.07</ele>
      </trkpt>
      <trkpt lat="38.02299893461168" lon="13.24884225614369">
        <ele>695.63</ele>
      </trkpt>
      <trkpt lat="38.02289918996394" lon="13.248563054949045">
        <ele>697.26</ele>
      </trkpt>
      <trkpt lat="38.022955767810345" lon="13.248323500156403">
        <ele>698.85</ele>
      </trkpt>
      <trkpt lat="38.02302148193121" lon="13.248081766068935">
        <ele>700.33</ele>
      </trkpt>
      <trkpt lat="38.023105300962925" lon="13.247756967321038">
        <ele>701.86</ele>
      </trkpt>
      <trkpt lat="38.022924000397325" lon="13.247777419164777">
        <ele>703.4</ele>
      </trkpt>
      <trkpt lat="38.02274194546044" lon="13.247797954827547">
        <ele>704.96</ele>
      </trkpt>
      <trkpt lat="38.02246291190386" lon="13.247918738052249">
        <ele>706.53</ele>
      </trkpt>
      <trkpt lat="38.02218295633793" lon="13.24803994037211">
        <ele>708.1</ele>
      </trkpt>
      <trkpt lat="38.022008277475834" lon="13.248084867373109">
        <ele>709.69</ele>
      </trkpt>
      <trkpt lat="38.021832928061485" lon="13.248129962012172">
        <ele>711.33</ele>
      </trkpt>
      <trkpt lat="38.02154299803078" lon="13.248197939246893">
        <ele>713.03</ele>
      </trkpt>
      <trkpt lat="38.021270502358675" lon="13.248218726366758">
        <ele>714.8</ele>
      </trkpt>
      <trkpt lat="38.0209980905056" lon="13.248239513486624">
        <ele>716.67</ele>
      </trkpt>
      <trkpt lat="38.02072559483349" lon="13.24826030060649">
        <ele>718.67</ele>
      </trkpt>
      <trkpt lat="38.02045318298042" lon="13.248281087726355">
        <ele>720.82</ele>
      </trkpt>
      <trkpt lat="38.02018077112734" lon="13.24830187484622">
        <ele>723.03</ele>
      </trkpt>
      <trkpt lat="38.01990492269397" lon="13.248322997242212">
        <ele>725.21</ele>
      </trkpt>
      <trkpt lat="38.01965572871268" lon="13.248291313648224">
        <ele>727.43</ele>
      </trkpt>
      <trkpt lat="38.019406450912356" lon="13.248259546235204">
        <ele>729.7</ele>
      </trkpt>
      <trkpt lat="38.01915725693107" lon="13.248227862641215">
        <ele>732.0</ele>
      </trkpt>
      <trkpt lat="38.018905967473984" lon="13.248195927590132">
        <ele>734.36</ele>
      </trkpt>
      <trkpt lat="38.018606482073665" lon="13.248082185164094">
        <ele>736.89</ele>
      </trkpt>
      <trkpt lat="38.018306996673346" lon="13.247968358919024">
        <ele>739.57</ele>
      </trkpt>
      <trkpt lat="38.01800751127303" lon="13.247854532673955">
        <ele>742.25</ele>
      </trkpt>
      <trkpt lat="38.017705930396914" lon="13.2477399520576">
        <ele>744.75</ele>
      </trkpt>
      <trkpt lat="38.01741709001362" lon="13.247612128034234">
        <ele>747.21</ele>
      </trkpt>
      <trkpt lat="38.0171281658113" lon="13.2474843878299">
        <ele>749.92</ele>
      </trkpt>
      <trkpt lat="38.01683924160898" lon="13.247356563806534">
        <ele>752.73</ele>
      </trkpt>
      <trkpt lat="38.016550317406654" lon="13.247228739783168">
        <ele>755.49</ele>
      </trkpt>
      <trkpt lat="38.01626139320433" lon="13.247100999578834">
        <ele>758.24</ele>
      </trkpt>
      <trkpt lat="38.01597246900201" lon="13.246973175555468">
        <ele>760.95</ele>
      </trkpt>
      <trkpt lat="38.01568362861872" lon="13.246845351532102">
        <ele>763.74</ele>
      </trkpt>
      <trkpt lat="38.01539093255997" lon="13.246715934947133">
        <ele>766.58</ele>
      </trkpt>
      <trkpt lat="38.01513461396098" lon="13.246588613837957">
        <ele>769.3</ele>
      </trkpt>
      <trkpt lat="38.014878211542964" lon="13.246461376547813">
        <ele>771.98</ele>
      </trkpt>
      <trkpt lat="38.01462189294398" lon="13.246334055438638">
        <ele>774.65</ele>
      </trkpt>
      <trkpt lat="38.01436398178339" lon="13.246205979958177">
        <ele>777.27</ele>
      </trkpt>
      <trkpt lat="38.01410028710961" lon="13.246197514235973">
        <ele>779.75</ele>
      </trkpt>
      <trkpt lat="38.013836508616805" lon="13.246188964694738">
        <ele>782.12</ele>
      </trkpt>
      <trkpt lat="38.01357281394303" lon="13.246180498972535">
        <ele>784.42</ele>
      </trkpt>
      <trkpt lat="38.01330693997443" lon="13.2461719494313">
        <ele>786.62</ele>
      </trkpt>
      <trkpt lat="38.01315522752702" lon="13.246113024652004">
        <ele>788.64</ele>
      </trkpt>
      <trkpt lat="38.013002928346395" lon="13.246053932234645">
        <ele>790.53</ele>
      </trkpt>
      <trkpt lat="38.012765971943736" lon="13.245878918096423">
        <ele>792.28</ele>
      </trkpt>
      <trkpt lat="38.012528931722045" lon="13.24570382013917">
        <ele>793.94</ele>
      </trkpt>
      <trkpt lat="38.012291891500354" lon="13.245528722181916">
        <ele>795.48</ele>
      </trkpt>
      <trkpt lat="38.012053929269314" lon="13.245352953672409">
        <ele>796.84</ele>
      </trkpt>
      <trkpt lat="38.011824851855636" lon="13.245166456326842">
        <ele>797.97</ele>
      </trkpt>
      <trkpt lat="38.011595690622926" lon="13.244979958981276">
        <ele>798.88</ele>
      </trkpt>
      <trkpt lat="38.011365942656994" lon="13.244792958721519">
        <ele>799.66</ele>
      </trkpt>
      <trkpt lat="38.011168129742146" lon="13.244636468589306">
        <ele>800.27</ele>
      </trkpt>
      <trkpt lat="38.0109703168273" lon="13.244479894638062">
        <ele>800.67</ele>
      </trkpt>
      <trkpt lat="38.01077191717923" lon="13.24432298541069">
        <ele>800.88</ele>
      </trkpt>
      <trkpt lat="38.01057318225503" lon="13.24418711476028">
        <ele>800.79</ele>
      </trkpt>
      <trkpt lat="38.01037394441664" lon="13.244050992652774">
        <ele>800.43</ele>
      </trkpt>
      <trkpt lat="38.010118966922164" lon="13.243960971012712">
        <ele>799.81</ele>
      </trkpt>
      <trkpt lat="38.009884441271424" lon="13.243971280753613">
        <ele>799.04</ele>
      </trkpt>
      <trkpt lat="38.009649915620685" lon="13.243981590494514">
        <ele>798.08</ele>
      </trkpt>
      <trkpt lat="38.009413965046406" lon="13.243991984054446">
        <ele>796.97</ele>
      </trkpt>
      <trkpt lat="38.009138870984316" lon="13.24404981918633">
        <ele>795.65</ele>
      </trkpt>
      <trkpt lat="38.008863693103194" lon="13.244107738137245">
        <ele>794.15</ele>
      </trkpt>
      <trkpt lat="38.00858692266047" lon="13.244165992364287">
        <ele>792.54</ele>
      </trkpt>
      <trkpt lat="38.00839061848819" lon="13.244008580222726">
        <ele>790.86</ele>
      </trkpt>
      <trkpt lat="38.00819397903979" lon="13.24385091662407">
        <ele>789.05</ele>
      </trkpt>
      <trkpt lat="38.00795258022845" lon="13.24370046146214">
        <ele>787.1</ele>
      </trkpt>
      <trkpt lat="38.00771126523614" lon="13.243550006300211">
        <ele>785.09</ele>
      </trkpt>
      <trkpt lat="38.00746894441545" lon="13.24339896440506">
        <ele>783.09</ele>
      </trkpt>
      <trkpt lat="38.007172560319304" lon="13.243334088474512">
        <ele>781.06</ele>
      </trkpt>
      <trkpt lat="38.00687609240413" lon="13.243269212543964">
        <ele>778.91</ele>
      </trkpt>
      <trkpt lat="38.006577948108315" lon="13.243203917518258">
        <ele>776.59</ele>
      </trkpt>
      <trkpt lat="38.00631349906325" lon="13.243270302191377">
        <ele>774.41</ele>
      </trkpt>
      <trkpt lat="38.00604796037078" lon="13.24333693832159">
        <ele>772.25</ele>
      </trkpt>
      <trkpt lat="38.005824917927384" lon="13.243340961635113">
        <ele>770.02</ele>
      </trkpt>
      <trkpt lat="38.00562283024192" lon="13.243210455402732">
        <ele>767.62</ele>
      </trkpt>
      <trkpt lat="38.00542074255645" lon="13.243079949170351">
        <ele>765.32</ele>
      </trkpt>
      <trkpt lat="38.00521798431873" lon="13.24294894002378">
        <ele>763.06</ele>
      </trkpt>
      <trkpt lat="38.00500089302659" lon="13.242985904216766">
        <ele>761.02</ele>
      </trkpt>
      <trkpt lat="38.00478296354413" lon="13.243022952228785">
        <ele>758.97</ele>
      </trkpt>
      <trkpt lat="38.00463695079088" lon="13.243156978860497">
        <ele>757.04</ele>
      </trkpt>
      <trkpt lat="38.00449697300792" lon="13.243197966367006">
        <ele>755.05</ele>
      </trkpt>
      <trkpt lat="38.004383984953165" lon="13.243131916970015">
        <ele>753.03</ele>
      </trkpt>
      <trkpt lat="38.00436093471944" lon="13.242993950843811">
        <ele>751.05</ele>
      </trkpt>
      <trkpt lat="38.004406029358506" lon="13.24279110878706">
        <ele>749.11</ele>
      </trkpt>
      <trkpt lat="38.004450956359506" lon="13.242588937282562">
        <ele>747.17</ele>
      </trkpt>
      <trkpt lat="38.00443897023797" lon="13.24232499115169">
        <ele>745.21</ele>
      </trkpt>
      <trkpt lat="38.00436034798622" lon="13.242069091647863">
        <ele>743.34</ele>
      </trkpt>
      <trkpt lat="38.00428197719157" lon="13.241813946515322">
        <ele>741.56</ele>
      </trkpt>
      <trkpt lat="38.00411894917488" lon="13.24159492738545">
        <ele>739.85</ele>
      </trkpt>
      <trkpt lat="38.003845950588584" lon="13.241513958200812">
        <ele>738.17</ele>
      </trkpt>
      <trkpt lat="38.003674540668726" lon="13.241359563544393">
        <ele>736.41</ele>
      </trkpt>
      <trkpt lat="38.003502963110805" lon="13.241204917430878">
        <ele>734.79</ele>
      </trkpt>
      <trkpt lat="38.00338997505605" lon="13.241206929087639">
        <ele>733.31</ele>
      </trkpt>
      <trkpt lat="38.00321253016591" lon="13.241369370371103">
        <ele>731.99</ele>
      </trkpt>
      <trkpt lat="38.003034917637706" lon="13.241531979292631">
        <ele>730.8</ele>
      </trkpt>
      <trkpt lat="38.00279997289181" lon="13.241654941812158">
        <ele>729.35</ele>
      </trkpt>
      <trkpt lat="38.00264574587345" lon="13.241723841056228">
        <ele>727.82</ele>
      </trkpt>
      <trkpt lat="38.00249093212187" lon="13.241792991757393">
        <ele>726.33</ele>
      </trkpt>
      <trkpt lat="38.00219999626279" lon="13.241846971213818">
        <ele>724.74</ele>
      </trkpt>
      <trkpt lat="38.001902773976326" lon="13.241766840219498">
        <ele>723.43</ele>
      </trkpt>
      <trkpt lat="38.00160555168986" lon="13.24168679304421">
        <ele>722.07</ele>
      </trkpt>
      <trkpt lat="38.00130841322243" lon="13.24160666204989">
        <ele>720.5</ele>
      </trkpt>
      <trkpt lat="38.00100892782211" lon="13.241525944322348">
        <ele>718.68</ele>
      </trkpt>
      <trkpt lat="38.00084799528122" lon="13.241412956267595">
        <ele>716.89</ele>
      </trkpt>
      <trkpt lat="38.00069963559508" lon="13.241173066198826">
        <ele>715.05</ele>
      </trkpt>
      <trkpt lat="38.00055127590895" lon="13.240933176130056">
        <ele>713.39</ele>
      </trkpt>
      <trkpt lat="38.00040300004184" lon="13.240693369880319">
        <ele>711.78</ele>
      </trkpt>
      <trkpt lat="38.00025497563183" lon="13.24045398272574">
        <ele>710.29</ele>
      </trkpt>
      <trkpt lat="38.00007895566523" lon="13.240301935002208">
        <ele>708.7</ele>
      </trkpt>
      <trkpt lat="37.99984090961516" lon="13.240192970260978">
        <ele>707.06</ele>
      </trkpt>
      <trkpt lat="37.99960294738412" lon="13.240083921700716">
        <ele>705.43</ele>
      </trkpt>
      <trkpt lat="37.99936490133405" lon="13.239974873140454">
        <ele>703.6</ele>
      </trkpt>
      <trkpt lat="37.999126855283976" lon="13.239865824580193">
        <ele>701.69</ele>
      </trkpt>
      <trkpt lat="37.998886965215206" lon="13.239755937829614">
        <ele>699.78</ele>
      </trkpt>
      <trkpt lat="37.99861396662891" lon="13.239563992246985">
        <ele>697.68</ele>
      </trkpt>
      <trkpt lat="37.99842981621623" lon="13.23937657289207">
        <ele>695.46</ele>
      </trkpt>
      <trkpt lat="37.99824558198452" lon="13.239189153537154">
        <ele>693.45</ele>
      </trkpt>
      <trkpt lat="37.99806143157184" lon="13.239001734182239">
        <ele>691.4</ele>
      </trkpt>
      <trkpt lat="37.997876945883036" lon="13.238813979551196">
        <ele>689.31</ele>
      </trkpt>
      <trkpt lat="37.99768231809139" lon="13.23877802118659">
        <ele>687.44</ele>
      </trkpt>
      <trkpt lat="37.997486935928464" lon="13.238741979002953">
        <ele>685.43</ele>
      </trkpt>
      <trkpt lat="37.997297840192914" lon="13.238599067553878">
        <ele>683.08</ele>
      </trkpt>
      <trkpt lat="37.99710866063833" lon="13.238456239923835">
        <ele>680.88</ele>
      </trkpt>
      <trkpt lat="37.99691897816956" lon="13.238312993198633">
        <ele>678.7</ele>
      </trkpt>
      <trkpt lat="37.9967319779098" lon="13.238299917429686">
        <ele>676.65</ele>
      </trkpt>
      <trkpt lat="37.99662292934954" lon="13.23835096322">
        <ele>674.59</ele>
      </trkpt>
      <trkpt lat="37.99650985747576" lon="13.23857618495822">
        <ele>672.79</ele>
      </trkpt>
      <trkpt lat="37.99639695324004" lon="13.23880098760128">
        <ele>670.72</ele>
      </trkpt>
      <trkpt lat="37.9962139762938" lon="13.238860918208957">
        <ele>668.27</ele>
      </trkpt>
      <trkpt lat="37.99599923193455" lon="13.238735105842352">
        <ele>665.52</ele>
      </trkpt>
      <trkpt lat="37.9957839846611" lon="13.23860895819962">
        <ele>662.99</ele>
      </trkpt>
      <trkpt lat="37.99564492888749" lon="13.238337971270084">
        <ele>660.5</ele>
      </trkpt>
      <trkpt lat="37.99557083286345" lon="13.23808559216559">
        <ele>658.15</ele>
      </trkpt>
      <trkpt lat="37.99549698829651" lon="13.23783396743238">
        <ele>655.73</ele>
      </trkpt>
      <trkpt lat="37.99544996581972" lon="13.237673956900835">
        <ele>653.36</ele>
      </trkpt>
      <trkpt lat="37.99537193030119" lon="13.237487962469459">
        <ele>651.04</ele>
      </trkpt>
      <trkpt lat="37.9952178709209" lon="13.237213790416718">
        <ele>648.85</ele>
      </trkpt>
      <trkpt lat="37.99506397917867" lon="13.236939953640103">
        <ele>646.5</ele>
      </trkpt>
      <trkpt lat="37.99494545906782" lon="13.23660216294229">
        <ele>643.85</ele>
      </trkpt>
      <trkpt lat="37.994826938956976" lon="13.236264372244477">
        <ele>641.2</ele>
      </trkpt>
      <trkpt lat="37.99470892176032" lon="13.235927922651172">
        <ele>638.68</ele>
      </trkpt>
      <trkpt lat="37.99460741691291" lon="13.235757853835821">
        <ele>636.43</ele>
      </trkpt>
      <trkpt lat="37.99450599588454" lon="13.235587952658534">
        <ele>634.1</ele>
      </trkpt>
      <trkpt lat="37.994398875162005" lon="13.23535468429327">
        <ele>631.66</ele>
      </trkpt>
      <trkpt lat="37.99429175443947" lon="13.235121499747038">
        <ele>629.16</ele>
      </trkpt>
      <trkpt lat="37.99418496899307" lon="13.23488898575306">
        <ele>626.56</ele>
      </trkpt>
      <trkpt lat="37.99405597150326" lon="13.234853949397802">
        <ele>624.34</ele>
      </trkpt>
      <trkpt lat="37.99384692683816" lon="13.235026951879263">
        <ele>622.49</ele>
      </trkpt>
      <trkpt lat="37.99366897903383" lon="13.235282935202122">
        <ele>620.79</ele>
      </trkpt>
      <trkpt lat="37.99343797378242" lon="13.235370945185423">
        <ele>618.92</ele>
      </trkpt>
      <trkpt lat="37.99313555471599" lon="13.235322078689933">
        <ele>616.91</ele>
      </trkpt>
      <trkpt lat="37.99283196218312" lon="13.235272960737348">
        <ele>614.91</ele>
      </trkpt>
      <trkpt lat="37.99255217425525" lon="13.235287629067898">
        <ele>613.06</ele>
      </trkpt>
      <trkpt lat="37.99227247014642" lon="13.235302213579416">
        <ele>611.34</ele>
      </trkpt>
      <trkpt lat="37.991990922018886" lon="13.235316965728998">
        <ele>609.65</ele>
      </trkpt>
      <trkpt lat="37.99178497865796" lon="13.235360970720649">
        <ele>607.99</ele>
      </trkpt>
      <trkpt lat="37.99153184518218" lon="13.235485274344683">
        <ele>606.53</ele>
      </trkpt>
      <trkpt lat="37.991277957335114" lon="13.235609997063875">
        <ele>605.11</ele>
      </trkpt>
      <trkpt lat="37.991086933761835" lon="13.235612930729985">
        <ele>603.6</ele>
      </trkpt>
      <trkpt lat="37.990828938782215" lon="13.235527938231826">
        <ele>602.07</ele>
      </trkpt>
      <trkpt lat="37.990565998479724" lon="13.235423918813467">
        <ele>600.69</ele>
      </trkpt>
      <trkpt lat="37.99042199738324" lon="13.235285952687263">
        <ele>599.37</ele>
      </trkpt>
      <trkpt lat="37.990357959643006" lon="13.235119991004467">
        <ele>598.08</ele>
      </trkpt>
      <trkpt lat="37.990297861397266" lon="13.234820924699306">
        <ele>596.77</ele>
      </trkpt>
      <trkpt lat="37.99023793078959" lon="13.234522948041558">
        <ele>595.47</ele>
      </trkpt>
      <trkpt lat="37.990186884999275" lon="13.234221870079637">
        <ele>594.11</ele>
      </trkpt>
      <trkpt lat="37.99013592302799" lon="13.233921965584159">
        <ele>592.78</ele>
      </trkpt>
      <trkpt lat="37.99004891887307" lon="13.233713926747441">
        <ele>591.55</ele>
      </trkpt>
      <trkpt lat="37.98984062857926" lon="13.233529105782509">
        <ele>590.39</ele>
      </trkpt>
      <trkpt lat="37.989632254466414" lon="13.233344200998545">
        <ele>589.21</ele>
      </trkpt>
      <trkpt lat="37.98942388035357" lon="13.233159380033612">
        <ele>588.04</ele>
      </trkpt>
      <trkpt lat="37.9892149195075" lon="13.232973972335458">
        <ele>586.87</ele>
      </trkpt>
      <trkpt lat="37.98902599141002" lon="13.232676917687058">
        <ele>585.6</ele>
      </trkpt>
      <trkpt lat="37.98893085680902" lon="13.232426969334483">
        <ele>584.29</ele>
      </trkpt>
      <trkpt lat="37.98883572220802" lon="13.232176937162876">
        <ele>583.01</ele>
      </trkpt>
      <trkpt lat="37.98874092288315" lon="13.231927994638681">
        <ele>581.7</ele>
      </trkpt>
      <trkpt lat="37.988584600389004" lon="13.231808049604297">
        <ele>580.46</ele>
      </trkpt>
      <trkpt lat="37.98842794261873" lon="13.231687936931849">
        <ele>579.24</ele>
      </trkpt>
      <trkpt lat="37.988311937078834" lon="13.231610991060734">
        <ele>578.02</ele>
      </trkpt>
      <trkpt lat="37.98812493681908" lon="13.231486938893795">
        <ele>576.83</ele>
      </trkpt>
      <trkpt lat="37.988032987341285" lon="13.231328940019011">
        <ele>575.54</ele>
      </trkpt>
      <trkpt lat="37.98803944140673" lon="13.230940606445074">
        <ele>574.11</ele>
      </trkpt>
      <trkpt lat="37.9880459792912" lon="13.230553949251771">
        <ele>572.62</ele>
      </trkpt>
      <trkpt lat="37.9880909062922" lon="13.230202412232757">
        <ele>571.12</ele>
      </trkpt>
      <trkpt lat="37.9881358332932" lon="13.229850875213742">
        <ele>569.57</ele>
      </trkpt>
      <trkpt lat="37.9881807602942" lon="13.229499338194728">
        <ele>568.03</ele>
      </trkpt>
      <trkpt lat="37.9882256872952" lon="13.229147801175714">
        <ele>566.45</ele>
      </trkpt>
      <trkpt lat="37.9882706142962" lon="13.2287962641567">
        <ele>564.9</ele>
      </trkpt>
      <trkpt lat="37.988314954563975" lon="13.22844891808927">
        <ele>563.42</ele>
      </trkpt>
      <trkpt lat="37.988268937915564" lon="13.228215985000134">
        <ele>562.01</ele>
      </trkpt>
      <trkpt lat="37.98816994763911" lon="13.228048933669925">
        <ele>560.61</ele>
      </trkpt>
      <trkpt lat="37.98815536312759" lon="13.227954804897308">
        <ele>559.18</ele>
      </trkpt>
      <trkpt lat="37.98825510777533" lon="13.22781222872436">
        <ele>557.64</ele>
      </trkpt>
      <trkpt lat="37.98835443332791" lon="13.227948434650898">
        <ele>556.29</ele>
      </trkpt>
      <trkpt lat="37.98848376609385" lon="13.228214560076594">
        <ele>554.94</ele>
      </trkpt>
      <trkpt lat="37.98859080299735" lon="13.228408768773079">
        <ele>553.57</ele>
      </trkpt>
      <trkpt lat="37.98870664089918" lon="13.228292679414153">
        <ele>552.1</ele>
      </trkpt>
      <trkpt lat="37.98858099617064" lon="13.22798179462552">
        <ele>550.68</ele>
      </trkpt>
      <trkpt lat="37.988442024216056" lon="13.227786161005497">
        <ele>549.41</ele>
      </trkpt>
      <trkpt lat="37.988303219899535" lon="13.227590695023537">
        <ele>548.08</ele>
      </trkpt>
      <trkpt lat="37.9881408624351" lon="13.227353570982814">
        <ele>546.7</ele>
      </trkpt>
      <trkpt lat="37.98807271756232" lon="13.227089876309037">
        <ele>545.19</ele>
      </trkpt>
      <trkpt lat="37.98800834454596" lon="13.226883681491017">
        <ele>543.81</ele>
      </trkpt>
      <trkpt lat="37.98799610696733" lon="13.226863229647279">
        <ele>542.57</ele>
      </trkpt>
      <trkpt lat="37.987861996516585" lon="13.226660555228591">
        <ele>541.24</ele>
      </trkpt>
      <trkpt lat="37.98762084916234" lon="13.226535245776176">
        <ele>539.97</ele>
      </trkpt>
      <trkpt lat="37.98733117058873" lon="13.226619316264987">
        <ele>538.83</ele>
      </trkpt>
      <trkpt lat="37.987169567495584" lon="13.226798102259636">
        <ele>537.68</ele>
      </trkpt>
      <trkpt lat="37.987007880583405" lon="13.226976972073317">
        <ele>536.55</ele>
      </trkpt>
      <trkpt lat="37.98681643791497" lon="13.227162715047598">
        <ele>535.4</ele>
      </trkpt>
      <trkpt lat="37.98670571297407" lon="13.227332951501012">
        <ele>534.39</ele>
      </trkpt>
      <trkpt lat="37.986594988033175" lon="13.22750293649733">
        <ele>533.42</ele>
      </trkpt>
      <trkpt lat="37.98645358532667" lon="13.227719273418188">
        <ele>532.48</ele>
      </trkpt>
      <trkpt lat="37.986308578401804" lon="13.22798422537744">
        <ele>531.66</ele>
      </trkpt>
      <trkpt lat="37.98613448627293" lon="13.228206429630518">
        <ele>530.79</ele>
      </trkpt>
      <trkpt lat="37.98593273386359" lon="13.228373313322663">
        <ele>529.95</ele>
      </trkpt>
      <trkpt lat="37.98586995340884" lon="13.228395944461226">
        <ele>529.16</ele>
      </trkpt>
      <trkpt lat="37.98576693981886" lon="13.228369960561395">
        <ele>528.38</ele>
      </trkpt>
      <trkpt lat="37.98566392622888" lon="13.228194946423173">
        <ele>527.59</ele>
      </trkpt>
      <trkpt lat="37.985713044181466" lon="13.227807534858584">
        <ele>526.56</ele>
      </trkpt>
      <trkpt lat="37.98576216213405" lon="13.227420039474964">
        <ele>525.55</ele>
      </trkpt>
      <trkpt lat="37.98581094481051" lon="13.227034974843264">
        <ele>524.66</ele>
      </trkpt>
      <trkpt lat="37.98578596673906" lon="13.226845962926745">
        <ele>523.83</ele>
      </trkpt>
      <trkpt lat="37.98562184907496" lon="13.226589811965823">
        <ele>523.01</ele>
      </trkpt>
      <trkpt lat="37.985457982867956" lon="13.226333996281028">
        <ele>522.35</ele>
      </trkpt>
      <trkpt lat="37.985506346449256" lon="13.226056722924113">
        <ele>521.65</ele>
      </trkpt>
      <trkpt lat="37.98555479384959" lon="13.22577953338623">
        <ele>521.02</ele>
      </trkpt>
      <trkpt lat="37.985602989792824" lon="13.22550393640995">
        <ele>520.34</ele>
      </trkpt>
      <trkpt lat="37.985670045018196" lon="13.225142592564225">
        <ele>519.56</ele>
      </trkpt>
      <trkpt lat="37.9857371840626" lon="13.2247812487185">
        <ele>518.75</ele>
      </trkpt>
      <trkpt lat="37.98580398783088" lon="13.224421916529536">
        <ele>518.07</ele>
      </trkpt>
      <trkpt lat="37.98584505915642" lon="13.22415143251419">
        <ele>517.46</ele>
      </trkpt>
      <trkpt lat="37.985885962843895" lon="13.223881954327226">
        <ele>516.78</ele>
      </trkpt>
      <trkpt lat="37.9858754016459" lon="13.223665030673146">
        <ele>516.15</ele>
      </trkpt>
      <trkpt lat="37.985864924266934" lon="13.223448945209384">
        <ele>515.51</ele>
      </trkpt>
      <trkpt lat="37.985823852941394" lon="13.223255574703217">
        <ele>514.94</ele>
      </trkpt>
      <trkpt lat="37.98578294925392" lon="13.223062958568335">
        <ele>514.28</ele>
      </trkpt>
      <trkpt lat="37.985672978684306" lon="13.222889956086874">
        <ele>513.69</ele>
      </trkpt>
      <trkpt lat="37.985521517693996" lon="13.22274855338037">
        <ele>513.13</ele>
      </trkpt>
      <trkpt lat="37.985369972884655" lon="13.222606983035803">
        <ele>512.56</ele>
      </trkpt>
      <trkpt lat="37.98527886159718" lon="13.222440853714943">
        <ele>511.91</ele>
      </trkpt>
      <trkpt lat="37.98518791794777" lon="13.222274975851178">
        <ele>511.23</ele>
      </trkpt>
      <trkpt lat="37.985113989561796" lon="13.222101973369718">
        <ele>510.5</ele>
      </trkpt>
      <trkpt lat="37.98500427044928" lon="13.221742389723659">
        <ele>509.66</ele>
      </trkpt>
      <trkpt lat="37.984894970431924" lon="13.221383979544044">
        <ele>508.81</ele>
      </trkpt>
      <trkpt lat="37.98477988690138" lon="13.221155740320683">
        <ele>508.06</ele>
      </trkpt>
      <trkpt lat="37.9846647195518" lon="13.220927584916353">
        <ele>507.31</ele>
      </trkpt>
      <trkpt lat="37.98454997129738" lon="13.220699932426214">
        <ele>506.52</ele>
      </trkpt>
      <trkpt lat="37.98439398407936" lon="13.220487954095006">
        <ele>505.73</ele>
      </trkpt>
      <trkpt lat="37.98426800407469" lon="13.22036700323224">
        <ele>504.96</ele>
      </trkpt>
      <trkpt lat="37.98414194025099" lon="13.220245968550444">
        <ele>504.19</ele>
      </trkpt>
      <trkpt lat="37.98407195135951" lon="13.220134992152452">
        <ele>503.38</ele>
      </trkpt>
      <trkpt lat="37.98395812511444" lon="13.219835255295038">
        <ele>502.52</ele>
      </trkpt>
      <trkpt lat="37.98384429886937" lon="13.219535518437624">
        <ele>501.7</ele>
      </trkpt>
      <trkpt lat="37.98373097553849" lon="13.219236955046654">
        <ele>500.81</ele>
      </trkpt>
      <trkpt lat="37.983672972768545" lon="13.219029922038317">
        <ele>499.88</ele>
      </trkpt>
      <trkpt lat="37.98363693058491" lon="13.218782991170883">
        <ele>498.97</ele>
      </trkpt>
      <trkpt lat="37.98359686508775" lon="13.218419719487429">
        <ele>498.04</ele>
      </trkpt>
      <trkpt lat="37.98355696722865" lon="13.218057956546545">
        <ele>497.12</ele>
      </trkpt>
      <trkpt lat="37.98351195640862" lon="13.21785394102335">
        <ele>496.23</ele>
      </trkpt>
      <trkpt lat="37.98345093615353" lon="13.217636933550239">
        <ele>495.34</ele>
      </trkpt>
      <trkpt lat="37.98330618068576" lon="13.217380782589316">
        <ele>494.39</ele>
      </trkpt>
      <trkpt lat="37.983161425217986" lon="13.217124631628394">
        <ele>493.47</ele>
      </trkpt>
      <trkpt lat="37.98301692120731" lon="13.216868983581662">
        <ele>492.65</ele>
      </trkpt>
      <trkpt lat="37.98297392204404" lon="13.216765969991684">
        <ele>491.87</ele>
      </trkpt>
      <trkpt lat="37.98293494619429" lon="13.216621968895197">
        <ele>491.11</ele>
      </trkpt>
      <trkpt lat="37.982880966737866" lon="13.216258948668838">
        <ele>490.33</ele>
      </trkpt>
      <trkpt lat="37.982859928160906" lon="13.216138919815421">
        <ele>489.6</ele>
      </trkpt>
      <trkpt lat="37.98282992094755" lon="13.216053927317262">
        <ele>488.91</ele>
      </trkpt>
      <trkpt lat="37.982703521847725" lon="13.215780006721616">
        <ele>488.18</ele>
      </trkpt>
      <trkpt lat="37.982577038928866" lon="13.21550608612597">
        <ele>487.52</ele>
      </trkpt>
      <trkpt lat="37.982450975105166" lon="13.21523291990161">
        <ele>486.88</ele>
      </trkpt>
      <trkpt lat="37.98226992599666" lon="13.21503795683384">
        <ele>486.35</ele>
      </trkpt>
      <trkpt lat="37.98223799094558" lon="13.215007949620485">
        <ele>485.83</ele>
      </trkpt>
      <trkpt lat="37.982078567147255" lon="13.214846514165401">
        <ele>485.34</ele>
      </trkpt>
      <trkpt lat="37.98191897571087" lon="13.214684994891286">
        <ele>484.87</ele>
      </trkpt>
      <trkpt lat="37.98184194602072" lon="13.214610982686281">
        <ele>484.45</ele>
      </trkpt>
      <trkpt lat="37.98170699737966" lon="13.21447997353971">
        <ele>484.06</ele>
      </trkpt>
      <trkpt lat="37.98143978230655" lon="13.214344354346395">
        <ele>483.76</ele>
      </trkpt>
      <trkpt lat="37.98117256723344" lon="13.214208735153079">
        <ele>483.45</ele>
      </trkpt>
      <trkpt lat="37.980905352160335" lon="13.214073199778795">
        <ele>483.21</ele>
      </trkpt>
      <trkpt lat="37.980638137087226" lon="13.21393758058548">
        <ele>483.0</ele>
      </trkpt>
      <trkpt lat="37.98036899417639" lon="13.213800955563784">
        <ele>482.78</ele>
      </trkpt>
      <trkpt lat="37.980338986963034" lon="13.213784946128726">
        <ele>482.61</ele>
      </trkpt>
      <trkpt lat="37.98012097366154" lon="13.213659971952438">
        <ele>482.4</ele>
      </trkpt>
      <trkpt lat="37.97992299310863" lon="13.213394936174154">
        <ele>482.16</ele>
      </trkpt>
      <trkpt lat="37.97979491762817" lon="13.21308396756649">
        <ele>482.04</ele>
      </trkpt>
      <trkpt lat="37.979722917079926" lon="13.212927980348468">
        <ele>482.06</ele>
      </trkpt>
      <trkpt lat="37.97963599674404" lon="13.212790936231613">
        <ele>482.17</ele>
      </trkpt>
      <trkpt lat="37.97960791736841" lon="13.212747937068343">
        <ele>482.25</ele>
      </trkpt>
      <trkpt lat="37.97937674447894" lon="13.212516428902745">
        <ele>482.4</ele>
      </trkpt>
      <trkpt lat="37.97914548777044" lon="13.212284836918116">
        <ele>482.5</ele>
      </trkpt>
      <trkpt lat="37.97891397960484" lon="13.21205299347639">
        <ele>482.58</ele>
      </trkpt>
      <trkpt lat="37.97866512089968" lon="13.211815115064383">
        <ele>482.72</ele>
      </trkpt>
      <trkpt lat="37.97841592691839" lon="13.21157698519528">
        <ele>482.94</ele>
      </trkpt>
      <trkpt lat="37.97820998355746" lon="13.211392918601632">
        <ele>483.16</ele>
      </trkpt>
      <trkpt lat="37.977968752384186" lon="13.211236679926515">
        <ele>483.33</ele>
      </trkpt>
      <trkpt lat="37.977968668565154" lon="13.211236596107483">
        <ele>483.44</ele>
      </trkpt>
      <trkpt lat="37.97772693447769" lon="13.211079938337207">
        <ele>483.79</ele>
      </trkpt>
      <trkpt lat="37.97764395363629" lon="13.211010955274105">
        <ele>484.01</ele>
      </trkpt>
      <trkpt lat="37.97757698222995" lon="13.210933925583959">
        <ele>484.25</ele>
      </trkpt>
      <trkpt lat="37.97747195698321" lon="13.210742985829711">
        <ele>484.48</ele>
      </trkpt>
      <trkpt lat="37.97730431891978" lon="13.210437214002013">
        <ele>484.76</ele>
      </trkpt>
      <trkpt lat="37.97713693231344" lon="13.210131945088506">
        <ele>484.9</ele>
      </trkpt>
      <trkpt lat="37.97709292732179" lon="13.209937987849116">
        <ele>485.01</ele>
      </trkpt>
      <trkpt lat="37.97710566781461" lon="13.20963766425848">
        <ele>485.08</ele>
      </trkpt>
      <trkpt lat="37.9771183244884" lon="13.209337340667844">
        <ele>485.2</ele>
      </trkpt>
      <trkpt lat="37.97713098116219" lon="13.209038944914937">
        <ele>485.33</ele>
      </trkpt>
      <trkpt lat="37.97709099948406" lon="13.208750942721963">
        <ele>485.46</ele>
      </trkpt>
      <trkpt lat="37.977017825469375" lon="13.208531672134995">
        <ele>485.48</ele>
      </trkpt>
      <trkpt lat="37.976944986730814" lon="13.20831298828125">
        <ele>485.48</ele>
      </trkpt>
      <trkpt lat="37.97684499062598" lon="13.208138979971409">
        <ele>485.54</ele>
      </trkpt>
      <trkpt lat="37.976773995906115" lon="13.20801492780447">
        <ele>485.61</ele>
      </trkpt>
      <trkpt lat="37.97665782272816" lon="13.207717537879944">
        <ele>485.69</ele>
      </trkpt>
      <trkpt lat="37.9765416495502" lon="13.207420147955418">
        <ele>485.82</ele>
      </trkpt>
      <trkpt lat="37.97642547637224" lon="13.207122841849923">
        <ele>485.87</ele>
      </trkpt>
      <trkpt lat="37.976309387013316" lon="13.206825451925397">
        <ele>485.87</ele>
      </trkpt>
      <trkpt lat="37.976193968206644" lon="13.2065299898386">
        <ele>485.91</ele>
      </trkpt>
      <trkpt lat="37.97618893906474" lon="13.206407949328423">
        <ele>485.96</ele>
      </trkpt>
      <trkpt lat="37.97617091797292" lon="13.20601399987936">
        <ele>486.07</ele>
      </trkpt>
      <trkpt lat="37.97613085247576" lon="13.205788526684046">
        <ele>486.18</ele>
      </trkpt>
      <trkpt lat="37.976090954616666" lon="13.20556397549808">
        <ele>486.28</ele>
      </trkpt>
      <trkpt lat="37.976131523028016" lon="13.205257868394256">
        <ele>486.22</ele>
      </trkpt>
      <trkpt lat="37.9761719238013" lon="13.204952934756875">
        <ele>486.16</ele>
      </trkpt>
      <trkpt lat="37.9761634580791" lon="13.204738022759557">
        <ele>486.16</ele>
      </trkpt>
      <trkpt lat="37.976154992356896" lon="13.204523948952556">
        <ele>486.15</ele>
      </trkpt>
      <trkpt lat="37.976096821948886" lon="13.204229408875108">
        <ele>486.15</ele>
      </trkpt>
      <trkpt lat="37.976038986817" lon="13.203935958445072">
        <ele>486.18</ele>
      </trkpt>
      <trkpt lat="37.976022977381945" lon="13.203745940700173">
        <ele>486.24</ele>
      </trkpt>
      <trkpt lat="37.976008392870426" lon="13.203505463898182">
        <ele>486.31</ele>
      </trkpt>
      <trkpt lat="37.97599397599697" lon="13.203265992924571">
        <ele>486.36</ele>
      </trkpt>
      <trkpt lat="37.975979978218675" lon="13.202887969091535">
        <ele>486.46</ele>
      </trkpt>
      <trkpt lat="37.975981989875436" lon="13.202725946903229">
        <ele>486.49</ele>
      </trkpt>
      <trkpt lat="37.9760149307549" lon="13.202423946931958">
        <ele>486.47</ele>
      </trkpt>
      <trkpt lat="37.97603697516024" lon="13.202259996905923">
        <ele>486.51</ele>
      </trkpt>
      <trkpt lat="37.976038986817" lon="13.202134938910604">
        <ele>486.53</ele>
      </trkpt>
      <trkpt lat="37.97598794102669" lon="13.201908962801099">
        <ele>486.6</ele>
      </trkpt>
      <trkpt lat="37.97593739815056" lon="13.20170913822949">
        <ele>486.61</ele>
      </trkpt>
      <trkpt lat="37.97588693909347" lon="13.201509984210134">
        <ele>486.61</ele>
      </trkpt>
      <trkpt lat="37.9758629668504" lon="13.20141895674169">
        <ele>486.57</ele>
      </trkpt>
      <trkpt lat="37.975808987393975" lon="13.201189963147044">
        <ele>486.55</ele>
      </trkpt>
      <trkpt lat="37.97579892911017" lon="13.20113799534738">
        <ele>486.49</ele>
      </trkpt>
      <trkpt lat="37.97575894743204" lon="13.20075293071568">
        <ele>486.47</ele>
      </trkpt>
      <trkpt lat="37.97571896575391" lon="13.200358981266618">
        <ele>486.29</ele>
      </trkpt>
      <trkpt lat="37.97562408261001" lon="13.200071062892675">
        <ele>486.1</ele>
      </trkpt>
      <trkpt lat="37.97552919946611" lon="13.199783060699701">
        <ele>485.94</ele>
      </trkpt>
      <trkpt lat="37.97543431632221" lon="13.199495142325759">
        <ele>485.82</ele>
      </trkpt>
      <trkpt lat="37.975339936092496" lon="13.199208984151483">
        <ele>485.69</ele>
      </trkpt>
      <trkpt lat="37.975320406258106" lon="13.1988903041929">
        <ele>485.48</ele>
      </trkpt>
      <trkpt lat="37.97530096024275" lon="13.198572965338826">
        <ele>485.25</ele>
      </trkpt>
      <trkpt lat="37.97518679872155" lon="13.198263002559543">
        <ele>484.97</ele>
      </trkpt>
      <trkpt lat="37.97507297247648" lon="13.197953961789608">
        <ele>484.76</ele>
      </trkpt>
      <trkpt lat="37.97505998052657" lon="13.197669982910156">
        <ele>484.57</ele>
      </trkpt>
      <trkpt lat="37.975070709362626" lon="13.197310483083129">
        <ele>484.4</ele>
      </trkpt>
      <trkpt lat="37.97508152201772" lon="13.196950983256102">
        <ele>484.1</ele>
      </trkpt>
      <trkpt lat="37.97509225085378" lon="13.196591483429074">
        <ele>483.87</ele>
      </trkpt>
      <trkpt lat="37.97510297968984" lon="13.196234917268157">
        <ele>483.72</ele>
      </trkpt>
      <trkpt lat="37.97508294694126" lon="13.196010952815413">
        <ele>483.54</ele>
      </trkpt>
      <trkpt lat="37.975076995790005" lon="13.195944987237453">
        <ele>483.39</ele>
      </trkpt>
      <trkpt lat="37.97504698857665" lon="13.195612980052829">
        <ele>483.24</ele>
      </trkpt>
      <trkpt lat="37.97501262277365" lon="13.1952397339046">
        <ele>483.15</ele>
      </trkpt>
      <trkpt lat="37.974978340789676" lon="13.19486640393734">
        <ele>483.06</ele>
      </trkpt>
      <trkpt lat="37.97494397498667" lon="13.194493157789111">
        <ele>483.0</ele>
      </trkpt>
      <trkpt lat="37.974909944459796" lon="13.194122929126024">
        <ele>482.95</ele>
      </trkpt>
      <trkpt lat="37.974962247535586" lon="13.193773906677961">
        <ele>483.0</ele>
      </trkpt>
      <trkpt lat="37.97501455061138" lon="13.193424800410867">
        <ele>483.12</ele>
      </trkpt>
      <trkpt lat="37.97506685368717" lon="13.193075694143772">
        <ele>483.33</ele>
      </trkpt>
      <trkpt lat="37.97511915676296" lon="13.192726587876678">
        <ele>483.51</ele>
      </trkpt>
      <trkpt lat="37.97517095692456" lon="13.192380918189883">
        <ele>483.63</ele>
      </trkpt>
      <trkpt lat="37.975208926945925" lon="13.192138932645321">
        <ele>483.74</ele>
      </trkpt>
      <trkpt lat="37.97521898522973" lon="13.19205092266202">
        <ele>483.98</ele>
      </trkpt>
      <trkpt lat="37.97522099688649" lon="13.191849924623966">
        <ele>484.3</ele>
      </trkpt>
      <trkpt lat="37.975183948874474" lon="13.191675916314125">
        <ele>484.71</ele>
      </trkpt>
      <trkpt lat="37.97514597885311" lon="13.191557982936502">
        <ele>485.09</ele>
      </trkpt>
      <trkpt lat="37.975032990798354" lon="13.191331923007965">
        <ele>485.48</ele>
      </trkpt>
      <trkpt lat="37.97485336661339" lon="13.191030761227012">
        <ele>485.84</ele>
      </trkpt>
      <trkpt lat="37.97467399388552" lon="13.190729934722185">
        <ele>486.04</ele>
      </trkpt>
      <trkpt lat="37.974649937823415" lon="13.190697999671102">
        <ele>486.28</ele>
      </trkpt>
      <trkpt lat="37.97451540827751" lon="13.190479818731546">
        <ele>486.45</ele>
      </trkpt>
      <trkpt lat="37.97438096255064" lon="13.190261973068118">
        <ele>486.66</ele>
      </trkpt>
      <trkpt lat="37.97424995340407" lon="13.189971959218383">
        <ele>486.91</ele>
      </trkpt>
      <trkpt lat="37.974219946190715" lon="13.189906999468803">
        <ele>487.07</ele>
      </trkpt>
      <trkpt lat="37.974138893187046" lon="13.18969669751823">
        <ele>487.19</ele>
      </trkpt>
      <trkpt lat="37.97405792400241" lon="13.189486982300878">
        <ele>487.31</ele>
      </trkpt>
      <trkpt lat="37.9739928804338" lon="13.189277602359653">
        <ele>487.4</ele>
      </trkpt>
      <trkpt lat="37.97392792068422" lon="13.189068976789713">
        <ele>487.44</ele>
      </trkpt>
      <trkpt lat="37.97388198785484" lon="13.188919946551323">
        <ele>487.37</ele>
      </trkpt>
      <trkpt lat="37.97380437143147" lon="13.188639488071203">
        <ele>487.2</ele>
      </trkpt>
      <trkpt lat="37.973726922646165" lon="13.188359951600432">
        <ele>486.8</ele>
      </trkpt>
      <trkpt lat="37.97369892708957" lon="13.188178986310959">
        <ele>486.36</ele>
      </trkpt>
      <trkpt lat="37.973681995645165" lon="13.18807396106422">
        <ele>485.96</ele>
      </trkpt>
      <trkpt lat="37.973545119166374" lon="13.18773684091866">
        <ele>485.54</ele>
      </trkpt>
      <trkpt lat="37.973408326506615" lon="13.187399804592133">
        <ele>484.99</ele>
      </trkpt>
      <trkpt lat="37.973271952942014" lon="13.187063941732049">
        <ele>484.42</ele>
      </trkpt>
      <trkpt lat="37.973249992355704" lon="13.187010968104005">
        <ele>483.89</ele>
      </trkpt>
      <trkpt lat="37.97311596572399" lon="13.186688935384154">
        <ele>483.32</ele>
      </trkpt>
      <trkpt lat="37.97308788634837" lon="13.186451978981495">
        <ele>482.73</ele>
      </trkpt>
      <trkpt lat="37.973059974610806" lon="13.186215944588184">
        <ele>482.07</ele>
      </trkpt>
      <trkpt lat="37.973058968782425" lon="13.186183925718069">
        <ele>481.39</ele>
      </trkpt>
      <trkpt lat="37.97305393964052" lon="13.185938922688365">
        <ele>480.71</ele>
      </trkpt>
      <trkpt lat="37.973058968782425" lon="13.185718478634953">
        <ele>479.92</ele>
      </trkpt>
      <trkpt lat="37.97306399792433" lon="13.18549895659089">
        <ele>479.12</ele>
      </trkpt>
      <trkpt lat="37.97307095490396" lon="13.185204919427633">
        <ele>478.3</ele>
      </trkpt>
      <trkpt lat="37.973034996539354" lon="13.185013979673386">
        <ele>477.43</ele>
      </trkpt>
      <trkpt lat="37.97294539399445" lon="13.184845838695765">
        <ele>476.59</ele>
      </trkpt>
      <trkpt lat="37.97285595908761" lon="13.184677949175239">
        <ele>475.78</ele>
      </trkpt>
      <trkpt lat="37.97268597409129" lon="13.184366980567575">
        <ele>474.99</ele>
      </trkpt>
      <trkpt lat="37.97255194745958" lon="13.18412197753787">
        <ele>474.13</ele>
      </trkpt>
      <trkpt lat="37.97240794636309" lon="13.183914944529533">
        <ele>473.38</ele>
      </trkpt>
      <trkpt lat="37.97227995470166" lon="13.18373397924006">
        <ele>472.62</ele>
      </trkpt>
      <trkpt lat="37.972242990508676" lon="13.183703972026706">
        <ele>471.91</ele>
      </trkpt>
      <trkpt lat="37.971997149288654" lon="13.183507164940238">
        <ele>471.2</ele>
      </trkpt>
      <trkpt lat="37.971750972792506" lon="13.183309938758612">
        <ele>470.51</ele>
      </trkpt>
      <trkpt lat="37.97156196087599" lon="13.183138947933912">
        <ele>469.88</ele>
      </trkpt>
      <trkpt lat="37.97141896560788" lon="13.183020930737257">
        <ele>469.27</ele>
      </trkpt>
      <trkpt lat="37.97126691788435" lon="13.182901991531253">
        <ele>468.7</ele>
      </trkpt>
      <trkpt lat="37.97108712606132" lon="13.182765115052462">
        <ele>468.04</ele>
      </trkpt>
      <trkpt lat="37.970906998962164" lon="13.182627987116575">
        <ele>467.32</ele>
      </trkpt>
      <trkpt lat="37.9706599842757" lon="13.182438975200057">
        <ele>466.5</ele>
      </trkpt>
      <trkpt lat="37.97052260488272" lon="13.182340068742633">
        <ele>465.79</ele>
      </trkpt>
      <trkpt lat="37.97038497403264" lon="13.182240994647145">
        <ele>465.09</ele>
      </trkpt>
      <trkpt lat="37.97020166181028" lon="13.182110069319606">
        <ele>464.39</ele>
      </trkpt>
      <trkpt lat="37.97001793049276" lon="13.181978976354003">
        <ele>463.67</ele>
      </trkpt>
      <trkpt lat="37.970137959346175" lon="13.181712934747338">
        <ele>462.84</ele>
      </trkpt>
      <trkpt lat="37.96998708508909" lon="13.181596593931317">
        <ele>462.12</ele>
      </trkpt>
      <trkpt lat="37.969835959374905" lon="13.18147991783917">
        <ele>461.39</ele>
      </trkpt>
      <trkpt lat="37.96963051892817" lon="13.181321080774069">
        <ele>460.61</ele>
      </trkpt>
      <trkpt lat="37.969424994662404" lon="13.181162243708968">
        <ele>459.84</ele>
      </trkpt>
      <trkpt lat="37.96921896748245" lon="13.181002987548709">
        <ele>459.1</ele>
      </trkpt>
      <trkpt lat="37.96896197833121" lon="13.180803917348385">
        <ele>458.37</ele>
      </trkpt>
      <trkpt lat="37.96881755813956" lon="13.180689588189125">
        <ele>457.63</ele>
      </trkpt>
      <trkpt lat="37.968672970309854" lon="13.180574923753738">
        <ele>456.86</ele>
      </trkpt>
      <trkpt lat="37.96847783960402" lon="13.1804093811661">
        <ele>456.01</ele>
      </trkpt>
      <trkpt lat="37.9683284740895" lon="13.180690174922347">
        <ele>455.29</ele>
      </trkpt>
      <trkpt lat="37.968179024755955" lon="13.180970968678594">
        <ele>454.53</ele>
      </trkpt>
      <trkpt lat="37.968029994517565" lon="13.181251091882586">
        <ele>453.71</ele>
      </trkpt>
      <trkpt lat="37.96784441918135" lon="13.181085046380758">
        <ele>452.63</ele>
      </trkpt>
      <trkpt lat="37.96769404783845" lon="13.180991001427174">
        <ele>451.57</ele>
      </trkpt>
      <trkpt lat="37.96754325740039" lon="13.180896705016494">
        <ele>450.48</ele>
      </trkpt>
      <trkpt lat="37.96730311587453" lon="13.18074013106525">
        <ele>449.32</ele>
      </trkpt>
      <trkpt lat="37.967148972675204" lon="13.180577773600817">
        <ele>448.1</ele>
      </trkpt>
      <trkpt lat="37.96696390025318" lon="13.180471742525697">
        <ele>446.92</ele>
      </trkpt>
      <trkpt lat="37.96677832491696" lon="13.180365543812513">
        <ele>445.72</ele>
      </trkpt>
      <trkpt lat="37.96654270961881" lon="13.180244257673621">
        <ele>444.57</ele>
      </trkpt>
      <trkpt lat="37.9663444776088" lon="13.180054323747754">
        <ele>443.25</ele>
      </trkpt>
      <trkpt lat="37.966506918892264" lon="13.17979909479618">
        <ele>441.44</ele>
      </trkpt>
      <trkpt lat="37.966403318569064" lon="13.179554091766477">
        <ele>439.91</ele>
      </trkpt>
      <trkpt lat="37.9661803599447" lon="13.179279332980514">
        <ele>438.57</ele>
      </trkpt>
      <trkpt lat="37.96608790755272" lon="13.17909979261458">
        <ele>437.17</ele>
      </trkpt>
      <trkpt lat="37.96599570661783" lon="13.178920587524772">
        <ele>435.81</ele>
      </trkpt>
      <trkpt lat="37.9659266397357" lon="13.178713470697403">
        <ele>434.37</ele>
      </trkpt>
      <trkpt lat="37.96606703661382" lon="13.178697125986218">
        <ele>432.87</ele>
      </trkpt>
      <trkpt lat="37.9663220141083" lon="13.178767198696733">
        <ele>431.4</ele>
      </trkpt>
      <trkpt lat="37.96648847870529" lon="13.178656976670027">
        <ele>429.92</ele>
      </trkpt>
      <trkpt lat="37.9665569588542" lon="13.178626969456673">
        <ele>428.65</ele>
      </trkpt>
      <trkpt lat="37.966337939724326" lon="13.178421948105097">
        <ele>427.41</ele>
      </trkpt>
      <trkpt lat="37.96615010127425" lon="13.178127408027649">
        <ele>426.07</ele>
      </trkpt>
      <trkpt lat="37.965962179005146" lon="13.177832867950201">
        <ele>424.94</ele>
      </trkpt>
      <trkpt lat="37.96577434055507" lon="13.177538327872753">
        <ele>423.95</ele>
      </trkpt>
      <trkpt lat="37.965586418285966" lon="13.177243787795305">
        <ele>422.98</ele>
      </trkpt>
      <trkpt lat="37.96539899893105" lon="13.176949918270111">
        <ele>421.98</ele>
      </trkpt>
      <trkpt lat="37.96526991762221" lon="13.176836930215359">
        <ele>421.08</ele>
      </trkpt>
      <trkpt lat="37.96500060707331" lon="13.176643811166286">
        <ele>420.31</ele>
      </trkpt>
      <trkpt lat="37.964731212705374" lon="13.176450692117214">
        <ele>419.52</ele>
      </trkpt>
      <trkpt lat="37.96446098014712" lon="13.17625698633492">
        <ele>418.77</ele>
      </trkpt>
      <trkpt lat="37.96434497460723" lon="13.176517998799682">
        <ele>418.24</ele>
      </trkpt>
      <trkpt lat="37.964158141985536" lon="13.176389085128903">
        <ele>417.47</ele>
      </trkpt>
      <trkpt lat="37.963970974087715" lon="13.17625992000103">
        <ele>416.67</ele>
      </trkpt>
      <trkpt lat="37.963710967451334" lon="13.176079960539937">
        <ele>415.82</ele>
      </trkpt>
      <trkpt lat="37.96344593167305" lon="13.17589296028018">
        <ele>414.9</ele>
      </trkpt>
      <trkpt lat="37.96332196332514" lon="13.176162941381335">
        <ele>413.95</ele>
      </trkpt>
      <trkpt lat="37.963200928643346" lon="13.17643292248249">
        <ele>412.93</ele>
      </trkpt>
      <trkpt lat="37.96302163973451" lon="13.176305098459125">
        <ele>411.72</ele>
      </trkpt>
      <trkpt lat="37.96284193173051" lon="13.176176939159632">
        <ele>410.43</ele>
      </trkpt>
      <trkpt lat="37.96263397671282" lon="13.176026986911893">
        <ele>409.08</ele>
      </trkpt>
      <trkpt lat="37.962400959804654" lon="13.175860941410065">
        <ele>407.68</ele>
      </trkpt>
      <trkpt lat="37.96222812496126" lon="13.17573755979538">
        <ele>406.2</ele>
      </trkpt>
      <trkpt lat="37.96205495484173" lon="13.1756139267236">
        <ele>404.64</ele>
      </trkpt>
      <trkpt lat="37.96179494820535" lon="13.175427932292223">
        <ele>402.94</ele>
      </trkpt>
      <trkpt lat="37.96165463514626" lon="13.17532760091126">
        <ele>401.25</ele>
      </trkpt>
      <trkpt lat="37.96151398681104" lon="13.17522693425417">
        <ele>399.49</ele>
      </trkpt>
      <trkpt lat="37.96126026660204" lon="13.175045466050506">
        <ele>397.54</ele>
      </trkpt>
      <trkpt lat="37.961006462574005" lon="13.174863997846842">
        <ele>395.51</ele>
      </trkpt>
      <trkpt lat="37.96075198799372" lon="13.174681942909956">
        <ele>393.37</ele>
      </trkpt>
      <trkpt lat="37.960642939433455" lon="13.174917977303267">
        <ele>391.35</ele>
      </trkpt>
      <trkpt lat="37.96052693389356" lon="13.175168931484222">
        <ele>389.19</ele>
      </trkpt>
      <trkpt lat="37.96047697775066" lon="13.175101960077882">
        <ele>387.21</ele>
      </trkpt>
      <trkpt lat="37.96037698164582" lon="13.17490297369659">
        <ele>385.21</ele>
      </trkpt>
      <trkpt lat="37.96037396416068" lon="13.174771964550018">
        <ele>383.18</ele>
      </trkpt>
      <trkpt lat="37.96052701771259" lon="13.174510281533003">
        <ele>381.32</ele>
      </trkpt>
      <trkpt lat="37.960679987445474" lon="13.174248933792114">
        <ele>379.46</ele>
      </trkpt>
      <trkpt lat="37.96057915315032" lon="13.173987586051226">
        <ele>377.27</ele>
      </trkpt>
      <trkpt lat="37.9604784026742" lon="13.173726238310337">
        <ele>375.12</ele>
      </trkpt>
      <trkpt lat="37.9603779874742" lon="13.17346598021686">
        <ele>372.97</ele>
      </trkpt>
      <trkpt lat="37.960251001641154" lon="13.173331031575799">
        <ele>370.72</ele>
      </trkpt>
      <trkpt lat="37.960123931989074" lon="13.173195999115705">
        <ele>368.51</ele>
      </trkpt>
      <trkpt lat="37.95998211018741" lon="13.1730960868299">
        <ele>366.44</ele>
      </trkpt>
      <trkpt lat="37.95983995310962" lon="13.172995923087">
        <ele>364.4</ele>
      </trkpt>
      <trkpt lat="37.95975395478308" lon="13.172960970550776">
        <ele>362.48</ele>
      </trkpt>
      <trkpt lat="37.95971095561981" lon="13.17295292392373">
        <ele>360.62</ele>
      </trkpt>
      <trkpt lat="37.95966795645654" lon="13.172920988872647">
        <ele>358.79</ele>
      </trkpt>
      <trkpt lat="37.95962596312165" lon="13.172912942245603">
        <ele>357.01</ele>
      </trkpt>
      <trkpt lat="37.959588998928666" lon="13.172877989709377">
        <ele>355.27</ele>
      </trkpt>
      <trkpt lat="37.95955094508827" lon="13.172808922827244">
        <ele>353.57</ele>
      </trkpt>
      <trkpt lat="37.95956192538142" lon="13.172437939792871">
        <ele>351.98</ele>
      </trkpt>
      <trkpt lat="37.95958396978676" lon="13.172138957306743">
        <ele>350.43</ele>
      </trkpt>
      <trkpt lat="37.95936729758978" lon="13.17205279134214">
        <ele>348.75</ele>
      </trkpt>
      <trkpt lat="37.959150709211826" lon="13.171966625377536">
        <ele>347.08</ele>
      </trkpt>
      <trkpt lat="37.95893294736743" lon="13.171879956498742">
        <ele>345.43</ele>
      </trkpt>
      <trkpt lat="37.95870680361986" lon="13.171680802479386">
        <ele>343.78</ele>
      </trkpt>
      <trkpt lat="37.95848057605326" lon="13.171481564640999">
        <ele>342.16</ele>
      </trkpt>
      <trkpt lat="37.9582539293915" lon="13.171281991526484">
        <ele>340.55</ele>
      </trkpt>
      <trkpt lat="37.958171954378486" lon="13.171286936849356">
        <ele>339.11</ele>
      </trkpt>
      <trkpt lat="37.95806994661689" lon="13.171367989853024">
        <ele>337.74</ele>
      </trkpt>
      <trkpt lat="37.95794304460287" lon="13.171690357849002">
        <ele>336.32</ele>
      </trkpt>
      <trkpt lat="37.957816226407886" lon="13.172012809664011">
        <ele>335.02</ele>
      </trkpt>
      <trkpt lat="37.95768932439387" lon="13.172335177659988">
        <ele>333.75</ele>
      </trkpt>
      <trkpt lat="37.95756242237985" lon="13.172657629474998">
        <ele>332.49</ele>
      </trkpt>
      <trkpt lat="37.957435604184866" lon="13.172979997470975">
        <ele>331.25</ele>
      </trkpt>
      <trkpt lat="37.95730870217085" lon="13.173302449285984">
        <ele>330.12</ele>
      </trkpt>
      <trkpt lat="37.957182973623276" lon="13.173621967434883">
        <ele>328.97</ele>
      </trkpt>
      <trkpt lat="37.957065962255" lon="13.173811985179782">
        <ele>327.77</ele>
      </trkpt>
      <trkpt lat="37.95693998225033" lon="13.173891948536038">
        <ele>326.69</ele>
      </trkpt>
      <trkpt lat="37.9566499684006" lon="13.173858923837543">
        <ele>325.53</ele>
      </trkpt>
      <trkpt lat="37.95635945163667" lon="13.173762112855911">
        <ele>324.44</ele>
      </trkpt>
      <trkpt lat="37.956067929044366" lon="13.173664966598153">
        <ele>323.39</ele>
      </trkpt>
      <trkpt lat="37.955809934064746" lon="13.173570083454251">
        <ele>322.38</ele>
      </trkpt>
      <trkpt lat="37.955551855266094" lon="13.173475284129381">
        <ele>321.38</ele>
      </trkpt>
      <trkpt lat="37.95529377646744" lon="13.173380484804511">
        <ele>320.45</ele>
      </trkpt>
      <trkpt lat="37.955033937469125" lon="13.173284931108356">
        <ele>319.57</ele>
      </trkpt>
      <trkpt lat="37.954796981066465" lon="13.17316448315978">
        <ele>318.72</ele>
      </trkpt>
      <trkpt lat="37.954560024663806" lon="13.173043951392174">
        <ele>317.9</ele>
      </trkpt>
      <trkpt lat="37.954321978613734" lon="13.172922916710377">
        <ele>317.11</ele>
      </trkpt>
      <trkpt lat="37.954087955877185" lon="13.172852927818894">
        <ele>316.32</ele>
      </trkpt>
      <trkpt lat="37.9537935834378" lon="13.172848653048277">
        <ele>315.52</ele>
      </trkpt>
      <trkpt lat="37.953499210998416" lon="13.17284437827766">
        <ele>314.81</ele>
      </trkpt>
      <trkpt lat="37.95320475474" lon="13.172840103507042">
        <ele>314.06</ele>
      </trkpt>
      <trkpt lat="37.952910382300615" lon="13.172835828736424">
        <ele>313.31</ele>
      </trkpt>
      <trkpt lat="37.95261600986123" lon="13.172831553965807">
        <ele>312.58</ele>
      </trkpt>
      <trkpt lat="37.952321637421846" lon="13.17282727919519">
        <ele>311.84</ele>
      </trkpt>
      <trkpt lat="37.952022990211844" lon="13.17282292060554">
        <ele>311.05</ele>
      </trkpt>
      <trkpt lat="37.95177077874541" lon="13.17283658310771">
        <ele>310.32</ele>
      </trkpt>
      <trkpt lat="37.95151865109801" lon="13.17285024560988">
        <ele>309.66</ele>
      </trkpt>
      <trkpt lat="37.95126493088901" lon="13.17286399193108">
        <ele>309.02</ele>
      </trkpt>
      <trkpt lat="37.951008193194866" lon="13.172940853983164">
        <ele>308.4</ele>
      </trkpt>
      <trkpt lat="37.95075137168169" lon="13.173017632216215">
        <ele>307.73</ele>
      </trkpt>
      <trkpt lat="37.950494633987546" lon="13.173094494268298">
        <ele>307.07</ele>
      </trkpt>
      <trkpt lat="37.95023596845567" lon="13.173171943053603">
        <ele>306.39</ele>
      </trkpt>
      <trkpt lat="37.94992986135185" lon="13.173211170360446">
        <ele>305.69</ele>
      </trkpt>
      <trkpt lat="37.94962367042899" lon="13.173250313848257">
        <ele>304.99</ele>
      </trkpt>
      <trkpt lat="37.94931756332517" lon="13.173289457336068">
        <ele>304.18</ele>
      </trkpt>
      <trkpt lat="37.94900894165039" lon="13.173328936100006">
        <ele>303.33</ele>
      </trkpt>
      <trkpt lat="37.94877433218062" lon="13.173234472051263">
        <ele>302.59</ele>
      </trkpt>
      <trkpt lat="37.94853972271085" lon="13.173139924183488">
        <ele>301.85</ele>
      </trkpt>
      <trkpt lat="37.94830393977463" lon="13.173044957220554">
        <ele>301.07</ele>
      </trkpt>
      <trkpt lat="37.94808533973992" lon="13.17284680902958">
        <ele>300.32</ele>
      </trkpt>
      <trkpt lat="37.947866739705205" lon="13.172648744657636">
        <ele>299.59</ele>
      </trkpt>
      <trkpt lat="37.94764813967049" lon="13.17245059646666">
        <ele>298.86</ele>
      </trkpt>
      <trkpt lat="37.947428952902555" lon="13.172251945361495">
        <ele>298.09</ele>
      </trkpt>
      <trkpt lat="37.947230972349644" lon="13.17200149409473">
        <ele>297.31</ele>
      </trkpt>
      <trkpt lat="37.94703299179673" lon="13.171750959008932">
        <ele>296.51</ele>
      </trkpt>
      <trkpt lat="37.94690692797303" lon="13.17170293070376">
        <ele>295.75</ele>
      </trkpt>
      <trkpt lat="37.946891924366355" lon="13.171610981225967">
        <ele>295.04</ele>
      </trkpt>
      <trkpt lat="37.94673283584416" lon="13.171287775039673">
        <ele>294.33</ele>
      </trkpt>
      <trkpt lat="37.94657366350293" lon="13.170964568853378">
        <ele>293.56</ele>
      </trkpt>
      <trkpt lat="37.946414491161704" lon="13.170641446486115">
        <ele>292.82</ele>
      </trkpt>
      <trkpt lat="37.94625540263951" lon="13.170318240299821">
        <ele>292.12</ele>
      </trkpt>
      <trkpt lat="37.94609623029828" lon="13.169995034113526">
        <ele>291.44</ele>
      </trkpt>
      <trkpt lat="37.94593705795705" lon="13.169671827927232">
        <ele>290.75</ele>
      </trkpt>
      <trkpt lat="37.94577796943486" lon="13.169348705559969">
        <ele>290.07</ele>
      </trkpt>
      <trkpt lat="37.945619970560074" lon="13.169027930125594">
        <ele>289.53</ele>
      </trkpt>
      <trkpt lat="37.94554436579347" lon="13.168841265141964">
        <ele>289.01</ele>
      </trkpt>
      <trkpt lat="37.94546892866492" lon="13.16865493543446">
        <ele>288.55</ele>
      </trkpt>
      <trkpt lat="37.945413356646895" lon="13.168395012617111">
        <ele>288.16</ele>
      </trkpt>
      <trkpt lat="37.94535795226693" lon="13.168135927990079">
        <ele>287.79</ele>
      </trkpt>
      <trkpt lat="37.94523096643388" lon="13.167809955775738">
        <ele>287.38</ele>
      </trkpt>
      <trkpt lat="37.945022424682975" lon="13.167542153969407">
        <ele>287.0</ele>
      </trkpt>
      <trkpt lat="37.9448139667511" lon="13.167274435982108">
        <ele>286.65</ele>
      </trkpt>
      <trkpt lat="37.94460542500019" lon="13.167006634175777">
        <ele>286.31</ele>
      </trkpt>
      <trkpt lat="37.944396967068315" lon="13.166738916188478">
        <ele>286.0</ele>
      </trkpt>
      <trkpt lat="37.94418842531741" lon="13.166471114382148">
        <ele>285.68</ele>
      </trkpt>
      <trkpt lat="37.9439798835665" lon="13.166203396394849">
        <ele>285.38</ele>
      </trkpt>
      <trkpt lat="37.94377142563462" lon="13.165935594588518">
        <ele>285.15</ele>
      </trkpt>
      <trkpt lat="37.943562967702746" lon="13.165667960420251">
        <ele>284.86</ele>
      </trkpt>
      <trkpt lat="37.94339708983898" lon="13.165522534400225">
        <ele>284.64</ele>
      </trkpt>
      <trkpt lat="37.94323096051812" lon="13.165376940742135">
        <ele>284.43</ele>
      </trkpt>
      <trkpt lat="37.94296592473984" lon="13.165241992101073">
        <ele>284.21</ele>
      </trkpt>
      <trkpt lat="37.94267280958593" lon="13.165133781731129">
        <ele>283.96</ele>
      </trkpt>
      <trkpt lat="37.94237961061299" lon="13.165025571361184">
        <ele>283.72</ele>
      </trkpt>
      <trkpt lat="37.94208641164005" lon="13.164917277172208">
        <ele>283.48</ele>
      </trkpt>
      <trkpt lat="37.94179321266711" lon="13.164809066802263">
        <ele>283.26</ele>
      </trkpt>
      <trkpt lat="37.94150001369417" lon="13.164700856432319">
        <ele>283.04</ele>
      </trkpt>
      <trkpt lat="37.94120681472123" lon="13.164592646062374">
        <ele>282.83</ele>
      </trkpt>
      <trkpt lat="37.940913615748286" lon="13.16448443569243">
        <ele>282.63</ele>
      </trkpt>
      <trkpt lat="37.94062050059438" lon="13.164376225322485">
        <ele>282.43</ele>
      </trkpt>
      <trkpt lat="37.94032730162144" lon="13.16426801495254">
        <ele>282.23</ele>
      </trkpt>
      <trkpt lat="37.94002898968756" lon="13.164157960563898">
        <ele>281.96</ele>
      </trkpt>
      <trkpt lat="37.939775101840496" lon="13.16395620815456">
        <ele>281.66</ele>
      </trkpt>
      <trkpt lat="37.93952129781246" lon="13.163754371926188">
        <ele>281.35</ele>
      </trkpt>
      <trkpt lat="37.93926749378443" lon="13.16355261951685">
        <ele>281.1</ele>
      </trkpt>
      <trkpt lat="37.93901368975639" lon="13.16335086710751">
        <ele>280.81</ele>
      </trkpt>
      <trkpt lat="37.93875980190933" lon="13.16314903087914">
        <ele>280.57</ele>
      </trkpt>
      <trkpt lat="37.93850599788129" lon="13.162947278469801">
        <ele>280.34</ele>
      </trkpt>
      <trkpt lat="37.93825219385326" lon="13.162745526060462">
        <ele>280.07</ele>
      </trkpt>
      <trkpt lat="37.937998389825225" lon="13.162543689832091">
        <ele>279.78</ele>
      </trkpt>
      <trkpt lat="37.93774450197816" lon="13.162341937422752">
        <ele>279.45</ele>
      </trkpt>
      <trkpt lat="37.937490697950125" lon="13.162140185013413">
        <ele>279.11</ele>
      </trkpt>
      <trkpt lat="37.93723689392209" lon="13.161938432604074">
        <ele>278.88</ele>
      </trkpt>
      <trkpt lat="37.936983089894056" lon="13.161736596375704">
        <ele>278.61</ele>
      </trkpt>
      <trkpt lat="37.93672920204699" lon="13.161534843966365">
        <ele>278.27</ele>
      </trkpt>
      <trkpt lat="37.936475398018956" lon="13.161333091557026">
        <ele>277.85</ele>
      </trkpt>
      <trkpt lat="37.93622159399092" lon="13.161131339147687">
        <ele>277.49</ele>
      </trkpt>
      <trkpt lat="37.93596778996289" lon="13.160929586738348">
        <ele>277.11</ele>
      </trkpt>
      <trkpt lat="37.93571390211582" lon="13.160727750509977">
        <ele>276.71</ele>
      </trkpt>
      <trkpt lat="37.93546009808779" lon="13.160525998100638">
        <ele>276.29</ele>
      </trkpt>
      <trkpt lat="37.935201935470104" lon="13.160320976749063">
        <ele>275.86</ele>
      </trkpt>
      <trkpt lat="37.935024155303836" lon="13.160193571820855">
        <ele>275.39</ele>
      </trkpt>
      <trkpt lat="37.93484595604241" lon="13.160065999254584">
        <ele>274.87</ele>
      </trkpt>
      <trkpt lat="37.93464856222272" lon="13.159971116110682">
        <ele>274.29</ele>
      </trkpt>
      <trkpt lat="37.93445125222206" lon="13.15987623296678">
        <ele>273.73</ele>
      </trkpt>
      <trkpt lat="37.93425293639302" lon="13.15978093072772">
        <ele>273.19</ele>
      </trkpt>
      <trkpt lat="37.933982787653804" lon="13.159684455022216">
        <ele>272.62</ele>
      </trkpt>
      <trkpt lat="37.93371255509555" lon="13.159587979316711">
        <ele>271.97</ele>
      </trkpt>
      <trkpt lat="37.933440981432796" lon="13.159490916877985">
        <ele>271.33</ele>
      </trkpt>
      <trkpt lat="37.93317242525518" lon="13.159395111724734">
        <ele>270.69</ele>
      </trkpt>
      <trkpt lat="37.932902947068214" lon="13.159298971295357">
        <ele>270.03</ele>
      </trkpt>
      <trkpt lat="37.932617124170065" lon="13.159192772582173">
        <ele>269.21</ele>
      </trkpt>
      <trkpt lat="37.932331301271915" lon="13.159086657688022">
        <ele>268.35</ele>
      </trkpt>
      <trkpt lat="37.932045478373766" lon="13.15898054279387">
        <ele>267.44</ele>
      </trkpt>
      <trkpt lat="37.93175965547562" lon="13.158874344080687">
        <ele>266.5</ele>
      </trkpt>
      <trkpt lat="37.93147383257747" lon="13.158768229186535">
        <ele>265.6</ele>
      </trkpt>
      <trkpt lat="37.931184992194176" lon="13.15866094082594">
        <ele>264.73</ele>
      </trkpt>
      <trkpt lat="37.93096027337015" lon="13.158549629151821">
        <ele>263.83</ele>
      </trkpt>
      <trkpt lat="37.930734967812896" lon="13.158437982201576">
        <ele>262.91</ele>
      </trkpt>
      <trkpt lat="37.93048242107034" lon="13.158277133479714">
        <ele>262.01</ele>
      </trkpt>
      <trkpt lat="37.93022987432778" lon="13.158116368576884">
        <ele>261.16</ele>
      </trkpt>
      <trkpt lat="37.92997732758522" lon="13.157955519855022">
        <ele>260.33</ele>
      </trkpt>
      <trkpt lat="37.92972478084266" lon="13.157794754952192">
        <ele>259.49</ele>
      </trkpt>
      <trkpt lat="37.9294722341001" lon="13.15763390623033">
        <ele>258.69</ele>
      </trkpt>
      <trkpt lat="37.929219687357545" lon="13.1574731413275">
        <ele>257.97</ele>
      </trkpt>
      <trkpt lat="37.92896496132016" lon="13.157310951501131">
        <ele>257.34</ele>
      </trkpt>
      <trkpt lat="37.92868944816291" lon="13.157208105549216">
        <ele>256.8</ele>
      </trkpt>
      <trkpt lat="37.928412929177284" lon="13.157104924321175">
        <ele>256.32</ele>
      </trkpt>
      <trkpt lat="37.92824495583773" lon="13.157039964571595">
        <ele>256.0</ele>
      </trkpt>
      <trkpt lat="37.92808528058231" lon="13.156986571848392">
        <ele>255.79</ele>
      </trkpt>
      <trkpt lat="37.92792493477464" lon="13.156932927668095">
        <ele>255.67</ele>
      </trkpt>
      <trkpt lat="37.92771873995662" lon="13.156819604337215">
        <ele>255.61</ele>
      </trkpt>
      <trkpt lat="37.927511958405375" lon="13.15670594573021">
        <ele>255.64</ele>
      </trkpt>
      <trkpt lat="37.92728640139103" lon="13.156542163342237">
        <ele>255.78</ele>
      </trkpt>
      <trkpt lat="37.92706084437668" lon="13.156378297135234">
        <ele>256.11</ele>
      </trkpt>
      <trkpt lat="37.92683528736234" lon="13.15621443092823">
        <ele>256.46</ele>
      </trkpt>
      <trkpt lat="37.92660973034799" lon="13.156050648540258">
        <ele>256.98</ele>
      </trkpt>
      <trkpt lat="37.9263829998672" lon="13.155885944142938">
        <ele>257.6</ele>
      </trkpt>
      <trkpt lat="37.92610899545252" lon="13.155688969418406">
        <ele>258.3</ele>
      </trkpt>
      <trkpt lat="37.92594898492098" lon="13.155496940016747">
        <ele>259.1</ele>
      </trkpt>
      <trkpt lat="37.925821747630835" lon="13.155154455453157">
        <ele>260.07</ele>
      </trkpt>
      <trkpt lat="37.92569492943585" lon="13.154812976717949">
        <ele>261.03</ele>
      </trkpt>
      <trkpt lat="37.92552796192467" lon="13.154615918174386">
        <ele>262.14</ele>
      </trkpt>
      <trkpt lat="37.925322940573096" lon="13.154552970081568">
        <ele>263.36</ele>
      </trkpt>
      <trkpt lat="37.92512294836342" lon="13.154589934274554">
        <ele>264.65</ele>
      </trkpt>
      <trkpt lat="37.92494298890233" lon="13.15470895729959">
        <ele>265.94</ele>
      </trkpt>
      <trkpt lat="37.924786917865276" lon="13.154889922589064">
        <ele>267.39</ele>
      </trkpt>
      <trkpt lat="37.9247219581157" lon="13.155081951990724">
        <ele>268.81</ele>
      </trkpt>
      <trkpt lat="37.92474199086428" lon="13.155294936150312">
        <ele>270.35</ele>
      </trkpt>
      <trkpt lat="37.92480954900384" lon="13.15549224615097">
        <ele>271.96</ele>
      </trkpt>
      <trkpt lat="37.92487693950534" lon="13.155688969418406">
        <ele>273.6</ele>
      </trkpt>
      <trkpt lat="37.92487693950534" lon="13.155844956636429">
        <ele>275.3</ele>
      </trkpt>
      <trkpt lat="37.9247909411788" lon="13.155968924984336">
        <ele>277.06</ele>
      </trkpt>
      <trkpt lat="37.92469295673072" lon="13.156005972996354">
        <ele>278.83</ele>
      </trkpt>
      <trkpt lat="37.9244317766279" lon="13.155954089015722">
        <ele>280.66</ele>
      </trkpt>
      <trkpt lat="37.924170680344105" lon="13.15590220503509">
        <ele>282.56</ele>
      </trkpt>
      <trkpt lat="37.92390799149871" lon="13.155849985778332">
        <ele>284.6</ele>
      </trkpt>
      <trkpt lat="37.923680590465665" lon="13.155708499252796">
        <ele>286.61</ele>
      </trkpt>
      <trkpt lat="37.92345318943262" lon="13.15556701272726">
        <ele>288.57</ele>
      </trkpt>
      <trkpt lat="37.92322495020926" lon="13.155424939468503">
        <ele>290.58</ele>
      </trkpt>
      <trkpt lat="37.9231589846313" lon="13.155325949192047">
        <ele>292.49</ele>
      </trkpt>
      <trkpt lat="37.923089331015944" lon="13.155045490711927">
        <ele>294.34</ele>
      </trkpt>
      <trkpt lat="37.923019928857684" lon="13.154765954241157">
        <ele>296.2</ele>
      </trkpt>
      <trkpt lat="37.92285597883165" lon="13.154521957039833">
        <ele>298.13</ele>
      </trkpt>
      <trkpt lat="37.92261701077223" lon="13.154376866295934">
        <ele>300.09</ele>
      </trkpt>
      <trkpt lat="37.92237804271281" lon="13.154231859371066">
        <ele>302.01</ele>
      </trkpt>
      <trkpt lat="37.92213915847242" lon="13.154086768627167">
        <ele>303.89</ele>
      </trkpt>
      <trkpt lat="37.92189893312752" lon="13.153940923511982">
        <ele>305.72</ele>
      </trkpt>
      <trkpt lat="37.92172299697995" lon="13.153775967657566">
        <ele>307.44</ele>
      </trkpt>
      <trkpt lat="37.92158989235759" lon="13.153555355966091">
        <ele>309.05</ele>
      </trkpt>
      <trkpt lat="37.92145695537329" lon="13.153334995731711">
        <ele>310.56</ele>
      </trkpt>
      <trkpt lat="37.921258471906185" lon="13.153109019622207">
        <ele>312.02</ele>
      </trkpt>
      <trkpt lat="37.92105998843908" lon="13.15288295969367">
        <ele>313.31</ele>
      </trkpt>
      <trkpt lat="37.92079947888851" lon="13.152684895321727">
        <ele>314.63</ele>
      </trkpt>
      <trkpt lat="37.92053896933794" lon="13.152486830949783">
        <ele>315.85</ele>
      </trkpt>
      <trkpt lat="37.92027845978737" lon="13.15228876657784">
        <ele>316.95</ele>
      </trkpt>
      <trkpt lat="37.92001694440842" lon="13.152089947834611">
        <ele>317.94</ele>
      </trkpt>
      <trkpt lat="37.91987797245383" lon="13.151819966733456">
        <ele>318.6</ele>
      </trkpt>
      <trkpt lat="37.919783843681216" lon="13.15152215771377">
        <ele>319.03</ele>
      </trkpt>
      <trkpt lat="37.91968963108957" lon="13.151224348694086">
        <ele>319.37</ele>
      </trkpt>
      <trkpt lat="37.91959592141211" lon="13.15092796459794">
        <ele>319.63</ele>
      </trkpt>
      <trkpt lat="37.91952995583415" lon="13.1507349293679">
        <ele>319.78</ele>
      </trkpt>
      <trkpt lat="37.91933792643249" lon="13.15060693770647">
        <ele>319.85</ele>
      </trkpt>
      <trkpt lat="37.919112956151366" lon="13.150544995442033">
        <ele>319.68</ele>
      </trkpt>
      <trkpt lat="37.91882495395839" lon="13.150555975735188">
        <ele>319.2</ele>
      </trkpt>
      <trkpt lat="37.91864197701216" lon="13.150686984881759">
        <ele>318.59</ele>
      </trkpt>
      <trkpt lat="37.91845698840916" lon="13.150963922962546">
        <ele>317.85</ele>
      </trkpt>
      <trkpt lat="37.91834550909698" lon="13.151202891021967">
        <ele>317.1</ele>
      </trkpt>
      <trkpt lat="37.9182340297848" lon="13.151441775262356">
        <ele>316.26</ele>
      </trkpt>
      <trkpt lat="37.918122969567776" lon="13.151679988950491">
        <ele>315.31</ele>
      </trkpt>
      <trkpt lat="37.91800243780017" lon="13.151845028623939">
        <ele>314.27</ele>
      </trkpt>
      <trkpt lat="37.917881989851594" lon="13.152009984478354">
        <ele>313.14</ele>
      </trkpt>
      <trkpt lat="37.91760656051338" lon="13.152044517919421">
        <ele>311.84</ele>
      </trkpt>
      <trkpt lat="37.91733104735613" lon="13.152079051360488">
        <ele>310.46</ele>
      </trkpt>
      <trkpt lat="37.91705561801791" lon="13.152113584801555">
        <ele>309.02</ele>
      </trkpt>
      <trkpt lat="37.916780188679695" lon="13.152148118242621">
        <ele>307.59</ele>
      </trkpt>
      <trkpt lat="37.91650199331343" lon="13.152182986959815">
        <ele>306.17</ele>
      </trkpt>
      <trkpt lat="37.91624668054283" lon="13.152300417423248">
        <ele>304.68</ele>
      </trkpt>
      <trkpt lat="37.91599145159125" lon="13.152417931705713">
        <ele>303.18</ele>
      </trkpt>
      <trkpt lat="37.91573613882065" lon="13.152535362169147">
        <ele>301.71</ele>
      </trkpt>
      <trkpt lat="37.915480909869075" lon="13.152652876451612">
        <ele>300.26</ele>
      </trkpt>
      <trkpt lat="37.9152256809175" lon="13.152770390734076">
        <ele>298.78</ele>
      </trkpt>
      <trkpt lat="37.91496793739498" lon="13.152888994663954">
        <ele>297.29</ele>
      </trkpt>
      <trkpt lat="37.914746990427375" lon="13.153155958279967">
        <ele>295.9</ele>
      </trkpt>
      <trkpt lat="37.91452595964074" lon="13.15342292189598">
        <ele>294.6</ele>
      </trkpt>
      <trkpt lat="37.914358992129564" lon="13.153515961021185">
        <ele>293.32</ele>
      </trkpt>
      <trkpt lat="37.91419898159802" lon="13.153479918837547">
        <ele>292.04</ele>
      </trkpt>
      <trkpt lat="37.91400452144444" lon="13.153290571644902">
        <ele>290.75</ele>
      </trkpt>
      <trkpt lat="37.91380997747183" lon="13.153100972995162">
        <ele>289.59</ele>
      </trkpt>
      <trkpt lat="37.91373294778168" lon="13.152893939986825">
        <ele>288.5</ele>
      </trkpt>
      <trkpt lat="37.913772678002715" lon="13.152632424607873">
        <ele>287.46</ele>
      </trkpt>
      <trkpt lat="37.91381240822375" lon="13.152370909228921">
        <ele>286.47</ele>
      </trkpt>
      <trkpt lat="37.91385197080672" lon="13.152110986411572">
        <ele>285.5</ele>
      </trkpt>
      <trkpt lat="37.91394593194127" lon="13.151796916499734">
        <ele>284.58</ele>
      </trkpt>
      <trkpt lat="37.91408356279135" lon="13.151537496596575">
        <ele>283.61</ele>
      </trkpt>
      <trkpt lat="37.914221193641424" lon="13.151278076693416">
        <ele>282.67</ele>
      </trkpt>
      <trkpt lat="37.9143588244915" lon="13.151018572971225">
        <ele>281.74</ele>
      </trkpt>
      <trkpt lat="37.91449595242739" lon="13.150759991258383">
        <ele>280.9</ele>
      </trkpt>
      <trkpt lat="37.91458798572421" lon="13.15049797296524">
        <ele>280.0</ele>
      </trkpt>
      <trkpt lat="37.914577424526215" lon="13.150237882509828">
        <ele>279.19</ele>
      </trkpt>
      <trkpt lat="37.91456694714725" lon="13.149978965520859">
        <ele>278.37</ele>
      </trkpt>
      <trkpt lat="37.91452528908849" lon="13.149651736021042">
        <ele>277.62</ele>
      </trkpt>
      <trkpt lat="37.914483631029725" lon="13.149324422702193">
        <ele>276.87</ele>
      </trkpt>
      <trkpt lat="37.91444188915193" lon="13.148997193202376">
        <ele>276.08</ele>
      </trkpt>
      <trkpt lat="37.91440023109317" lon="13.14866996370256">
        <ele>275.28</ele>
      </trkpt>
      <trkpt lat="37.914358992129564" lon="13.148345919325948">
        <ele>274.51</ele>
      </trkpt>
      <trkpt lat="37.91424877010286" lon="13.148033190518618">
        <ele>273.84</ele>
      </trkpt>
      <trkpt lat="37.914138631895185" lon="13.147720377892256">
        <ele>273.12</ele>
      </trkpt>
      <trkpt lat="37.9140289966017" lon="13.147408990189433">
        <ele>272.29</ele>
      </trkpt>
      <trkpt lat="37.913871919736266" lon="13.14725593663752">
        <ele>271.59</ele>
      </trkpt>
      <trkpt lat="37.913710149005055" lon="13.14716256223619">
        <ele>270.93</ele>
      </trkpt>
      <trkpt lat="37.913547959178686" lon="13.147068936377764">
        <ele>270.25</ele>
      </trkpt>
      <trkpt lat="37.91329893283546" lon="13.14699157141149">
        <ele>269.57</ele>
      </trkpt>
      <trkpt lat="37.913048984482884" lon="13.146913954988122">
        <ele>268.93</ele>
      </trkpt>
      <trkpt lat="37.912743631750345" lon="13.146848995238543">
        <ele>268.37</ele>
      </trkpt>
      <trkpt lat="37.91243836283684" lon="13.146783951669931">
        <ele>267.9</ele>
      </trkpt>
      <trkpt lat="37.91213309392333" lon="13.146718991920352">
        <ele>267.48</ele>
      </trkpt>
      <trkpt lat="37.91182782500982" lon="13.146654032170773">
        <ele>267.16</ele>
      </trkpt>
      <trkpt lat="37.911522556096315" lon="13.146589072421193">
        <ele>266.86</ele>
      </trkpt>
      <trkpt lat="37.911217203363776" lon="13.146524028852582">
        <ele>266.67</ele>
      </trkpt>
      <trkpt lat="37.91091193445027" lon="13.146459069103003">
        <ele>266.54</ele>
      </trkpt>
      <trkpt lat="37.91060666553676" lon="13.146394109353423">
        <ele>266.51</ele>
      </trkpt>
      <trkpt lat="37.91029594838619" lon="13.1463279761374">
        <ele>266.54</ele>
      </trkpt>
      <trkpt lat="37.91004289872944" lon="13.146234769374132">
        <ele>266.63</ele>
      </trkpt>
      <trkpt lat="37.909789849072695" lon="13.146141646429896">
        <ele>266.74</ele>
      </trkpt>
      <trkpt lat="37.909536799415946" lon="13.146048439666629">
        <ele>266.81</ele>
      </trkpt>
      <trkpt lat="37.9092837497592" lon="13.145955316722393">
        <ele>266.91</ele>
      </trkpt>
      <trkpt lat="37.90903070010245" lon="13.145862109959126">
        <ele>267.03</ele>
      </trkpt>
      <trkpt lat="37.908774968236685" lon="13.14576798118651">
        <ele>267.21</ele>
      </trkpt>
      <trkpt lat="37.90855284780264" lon="13.145679635927081">
        <ele>267.37</ele>
      </trkpt>
      <trkpt lat="37.90832997299731" lon="13.145590955391526">
        <ele>267.58</ele>
      </trkpt>
      <trkpt lat="37.90824498049915" lon="13.145559942349792">
        <ele>267.79</ele>
      </trkpt>
      <trkpt lat="37.90817599743605" lon="13.14553395844996">
        <ele>268.0</ele>
      </trkpt>
      <trkpt lat="37.90796594694257" lon="13.145459946244955">
        <ele>268.3</ele>
      </trkpt>
      <trkpt lat="37.90778079070151" lon="13.145393561571836">
        <ele>268.56</ele>
      </trkpt>
      <trkpt lat="37.907594963908195" lon="13.145326925441623">
        <ele>268.78</ele>
      </trkpt>
      <trkpt lat="37.90734996087849" lon="13.145094998180866">
        <ele>268.95</ele>
      </trkpt>
      <trkpt lat="37.90721517987549" lon="13.144866172224283">
        <ele>269.01</ele>
      </trkpt>
      <trkpt lat="37.907080482691526" lon="13.1446373462677">
        <ele>268.98</ele>
      </trkpt>
      <trkpt lat="37.90694595314562" lon="13.144408939406276">
        <ele>268.94</ele>
      </trkpt>
      <trkpt lat="37.90676792152226" lon="13.14430994912982">
        <ele>268.87</ele>
      </trkpt>
      <trkpt lat="37.90659592486918" lon="13.144298968836665">
        <ele>268.85</ele>
      </trkpt>
      <trkpt lat="37.90632653050125" lon="13.144355211406946">
        <ele>268.85</ele>
      </trkpt>
      <trkpt lat="37.90605705231428" lon="13.144411370158195">
        <ele>268.8</ele>
      </trkpt>
      <trkpt lat="37.905785981565714" lon="13.144467948004603">
        <ele>268.69</ele>
      </trkpt>
      <trkpt lat="37.905619936063886" lon="13.144492926076055">
        <ele>268.56</ele>
      </trkpt>
      <trkpt lat="37.90556696243584" lon="13.144489992409945">
        <ele>268.49</ele>
      </trkpt>
      <trkpt lat="37.90546294301748" lon="13.144444981589913">
        <ele>268.41</ele>
      </trkpt>
      <trkpt lat="37.905405946075916" lon="13.144402988255024">
        <ele>268.33</ele>
      </trkpt>
      <trkpt lat="37.90534593164921" lon="13.144337944686413">
        <ele>268.26</ele>
      </trkpt>
      <trkpt lat="37.90528499521315" lon="13.144187992438674">
        <ele>268.21</ele>
      </trkpt>
      <trkpt lat="37.90520863607526" lon="13.143827319145203">
        <ele>268.14</ele>
      </trkpt>
      <trkpt lat="37.90520863607526" lon="13.143827235326171">
        <ele>268.14</ele>
      </trkpt>
      <trkpt lat="37.90520880371332" lon="13.143827822059393">
        <ele>268.11</ele>
      </trkpt>
      <trkpt lat="37.90513294748962" lon="13.14346899278462">
        <ele>268.05</ele>
      </trkpt>
      <trkpt lat="37.904958352446556" lon="13.143153246492147">
        <ele>268.05</ele>
      </trkpt>
      <trkpt lat="37.904783925041556" lon="13.142837919294834">
        <ele>268.06</ele>
      </trkpt>
      <trkpt lat="37.90452894754708" lon="13.142650919035077">
        <ele>268.17</ele>
      </trkpt>
      <trkpt lat="37.904249327257276" lon="13.142604064196348">
        <ele>268.34</ele>
      </trkpt>
      <trkpt lat="37.90396970696747" lon="13.142557125538588">
        <ele>268.52</ele>
      </trkpt>
      <trkpt lat="37.90369008667767" lon="13.142510270699859">
        <ele>268.68</ele>
      </trkpt>
      <trkpt lat="37.903410382568836" lon="13.142463332042098">
        <ele>268.82</ele>
      </trkpt>
      <trkpt lat="37.90312799625099" lon="13.142415974289179">
        <ele>269.01</ele>
      </trkpt>
      <trkpt lat="37.90289799682796" lon="13.142342967912555">
        <ele>269.24</ele>
      </trkpt>
      <trkpt lat="37.90268098935485" lon="13.142180945724249">
        <ele>269.53</ele>
      </trkpt>
      <trkpt lat="37.90245241485536" lon="13.141920771449804">
        <ele>269.87</ele>
      </trkpt>
      <trkpt lat="37.90222384035587" lon="13.141660513356328">
        <ele>270.26</ele>
      </trkpt>
      <trkpt lat="37.901995265856385" lon="13.141400339081883">
        <ele>270.68</ele>
      </trkpt>
      <trkpt lat="37.9017666913569" lon="13.141140164807439">
        <ele>271.11</ele>
      </trkpt>
      <trkpt lat="37.90153811685741" lon="13.140879990532994">
        <ele>271.49</ele>
      </trkpt>
      <trkpt lat="37.90130954235792" lon="13.140619732439518">
        <ele>271.92</ele>
      </trkpt>
      <trkpt lat="37.901080967858434" lon="13.140359558165073">
        <ele>272.43</ele>
      </trkpt>
      <trkpt lat="37.90085197426379" lon="13.14009896479547">
        <ele>272.99</ele>
      </trkpt>
      <trkpt lat="37.90061912499368" lon="13.13986737281084">
        <ele>273.58</ele>
      </trkpt>
      <trkpt lat="37.90038635954261" lon="13.139635864645243">
        <ele>274.14</ele>
      </trkpt>
      <trkpt lat="37.9001535102725" lon="13.139404272660613">
        <ele>274.63</ele>
      </trkpt>
      <trkpt lat="37.89992074482143" lon="13.139172680675983">
        <ele>275.14</ele>
      </trkpt>
      <trkpt lat="37.899687979370356" lon="13.138941172510386">
        <ele>275.66</ele>
      </trkpt>
      <trkpt lat="37.89945513010025" lon="13.138709580525756">
        <ele>276.18</ele>
      </trkpt>
      <trkpt lat="37.89922236464918" lon="13.138477988541126">
        <ele>276.68</ele>
      </trkpt>
      <trkpt lat="37.89898951537907" lon="13.138246480375528">
        <ele>277.14</ele>
      </trkpt>
      <trkpt lat="37.898756749928" lon="13.138014888390899">
        <ele>277.64</ele>
      </trkpt>
      <trkpt lat="37.89852390065789" lon="13.1377833802253">
        <ele>278.11</ele>
      </trkpt>
      <trkpt lat="37.89829113520682" lon="13.137551788240671">
        <ele>278.51</ele>
      </trkpt>
      <trkpt lat="37.898056944832206" lon="13.137318938970566">
        <ele>278.94</ele>
      </trkpt>
      <trkpt lat="37.8979329764843" lon="13.137144930660725">
        <ele>279.42</ele>
      </trkpt>
      <trkpt lat="37.8978809248656" lon="13.137026997283101">
        <ele>279.88</ele>
      </trkpt>
      <trkpt lat="37.89787095040083" lon="13.13689699396491">
        <ele>280.33</ele>
      </trkpt>
      <trkpt lat="37.89788897149265" lon="13.136799931526184">
        <ele>280.78</ele>
      </trkpt>
      <trkpt lat="37.89798142388463" lon="13.136556604877114">
        <ele>281.23</ele>
      </trkpt>
      <trkpt lat="37.89807387627661" lon="13.136313278228045">
        <ele>281.77</ele>
      </trkpt>
      <trkpt lat="37.89816599339247" lon="13.136070957407355">
        <ele>282.36</ele>
      </trkpt>
      <trkpt lat="37.89821695536375" lon="13.135827966034412">
        <ele>282.96</ele>
      </trkpt>
      <trkpt lat="37.89814696647227" lon="13.135657981038094">
        <ele>283.56</ele>
      </trkpt>
      <trkpt lat="37.89789098314941" lon="13.135495958849788">
        <ele>284.18</ele>
      </trkpt>
      <trkpt lat="37.897654697299004" lon="13.135420437902212">
        <ele>284.83</ele>
      </trkpt>
      <trkpt lat="37.89741849526763" lon="13.135344916954637">
        <ele>285.52</ele>
      </trkpt>
      <trkpt lat="37.89718095213175" lon="13.135268976911902">
        <ele>286.26</ele>
      </trkpt>
      <trkpt lat="37.89695573039353" lon="13.13527962192893">
        <ele>286.97</ele>
      </trkpt>
      <trkpt lat="37.89673059247434" lon="13.135290266945958">
        <ele>287.75</ele>
      </trkpt>
      <trkpt lat="37.89650394581258" lon="13.135300995782018">
        <ele>288.63</ele>
      </trkpt>
      <trkpt lat="37.89624544791877" lon="13.135204100981355">
        <ele>289.56</ele>
      </trkpt>
      <trkpt lat="37.89598594419658" lon="13.135106954723597">
        <ele>290.26</ele>
      </trkpt>
      <trkpt lat="37.89581973105669" lon="13.135014083236456">
        <ele>291.11</ele>
      </trkpt>
      <trkpt lat="37.89565293118358" lon="13.13492096029222">
        <ele>292.0</ele>
      </trkpt>
      <trkpt lat="37.89542293176055" lon="13.134652990847826">
        <ele>292.98</ele>
      </trkpt>
      <trkpt lat="37.89535587653518" lon="13.134434139356017">
        <ele>294.03</ele>
      </trkpt>
      <trkpt lat="37.89528898894787" lon="13.134215958416462">
        <ele>295.03</ele>
      </trkpt>
      <trkpt lat="37.89523081853986" lon="13.13391538336873">
        <ele>296.04</ele>
      </trkpt>
      <trkpt lat="37.895172983407974" lon="13.133615981787443">
        <ele>297.06</ele>
      </trkpt>
      <trkpt lat="37.89516041055322" lon="13.13337248750031">
        <ele>298.07</ele>
      </trkpt>
      <trkpt lat="37.89514792151749" lon="13.133129999041557">
        <ele>299.06</ele>
      </trkpt>
      <trkpt lat="37.89518002420664" lon="13.13289849087596">
        <ele>300.02</ele>
      </trkpt>
      <trkpt lat="37.89521195925772" lon="13.132667988538742">
        <ele>301.0</ele>
      </trkpt>
      <trkpt lat="37.89528706111014" lon="13.132353415712714">
        <ele>301.96</ele>
      </trkpt>
      <trkpt lat="37.89536224678159" lon="13.132038842886686">
        <ele>302.9</ele>
      </trkpt>
      <trkpt lat="37.895437348634005" lon="13.131724270060658">
        <ele>303.87</ele>
      </trkpt>
      <trkpt lat="37.89551194757223" lon="13.131411960348487">
        <ele>304.81</ele>
      </trkpt>
      <trkpt lat="37.89553399197757" lon="13.131078947335482">
        <ele>305.76</ele>
      </trkpt>
      <trkpt lat="37.89548395201564" lon="13.130785999819636">
        <ele>306.67</ele>
      </trkpt>
      <trkpt lat="37.89530315436423" lon="13.130477797240019">
        <ele>307.56</ele>
      </trkpt>
      <trkpt lat="37.89512244053185" lon="13.130169594660401">
        <ele>308.47</ele>
      </trkpt>
      <trkpt lat="37.89494164288044" lon="13.129861392080784">
        <ele>309.32</ele>
      </trkpt>
      <trkpt lat="37.89476084522903" lon="13.129553189501166">
        <ele>310.08</ele>
      </trkpt>
      <trkpt lat="37.89458004757762" lon="13.129244986921549">
        <ele>310.81</ele>
      </trkpt>
      <trkpt lat="37.89439992047846" lon="13.128937957808375">
        <ele>311.54</ele>
      </trkpt>
      <trkpt lat="37.89433194324374" lon="13.128643920645118">
        <ele>312.2</ele>
      </trkpt>
      <trkpt lat="37.894335966557264" lon="13.12830495648086">
        <ele>312.8</ele>
      </trkpt>
      <trkpt lat="37.89442758075893" lon="13.127955850213766">
        <ele>313.46</ele>
      </trkpt>
      <trkpt lat="37.894519278779626" lon="13.127606827765703">
        <ele>314.11</ele>
      </trkpt>
      <trkpt lat="37.89461089298129" lon="13.127257721498609">
        <ele>314.8</ele>
      </trkpt>
      <trkpt lat="37.894701920449734" lon="13.126910962164402">
        <ele>315.43</ele>
      </trkpt>
      <trkpt lat="37.894722037017345" lon="13.126704012975097">
        <ele>316.03</ele>
      </trkpt>
      <trkpt lat="37.894741985946894" lon="13.12649798579514">
        <ele>316.64</ele>
      </trkpt>
      <trkpt lat="37.894740644842386" lon="13.126139575615525">
        <ele>317.26</ele>
      </trkpt>
      <trkpt lat="37.89473930373788" lon="13.125781081616879">
        <ele>317.85</ele>
      </trkpt>
      <trkpt lat="37.89473796263337" lon="13.12542493455112">
        <ele>318.36</ele>
      </trkpt>
      <trkpt lat="37.8947795368731" lon="13.125232150778174">
        <ele>318.89</ele>
      </trkpt>
      <trkpt lat="37.89482094347477" lon="13.125039953738451">
        <ele>319.48</ele>
      </trkpt>
      <trkpt lat="37.89492697454989" lon="13.124715993180871">
        <ele>320.17</ele>
      </trkpt>
      <trkpt lat="37.89511062204838" lon="13.124484987929463">
        <ele>320.86</ele>
      </trkpt>
      <trkpt lat="37.895294269546866" lon="13.124253982678056">
        <ele>321.54</ele>
      </trkpt>
      <trkpt lat="37.895477917045355" lon="13.124022977426648">
        <ele>322.17</ele>
      </trkpt>
      <trkpt lat="37.89553499780595" lon="13.123788954690099">
        <ele>322.82</ele>
      </trkpt>
      <trkpt lat="37.89553499780595" lon="13.123442949727178">
        <ele>323.54</ele>
      </trkpt>
      <trkpt lat="37.89546500891447" lon="13.123083114624023">
        <ele>324.32</ele>
      </trkpt>
      <trkpt lat="37.89539502002299" lon="13.122723363339901">
        <ele>325.17</ele>
      </trkpt>
      <trkpt lat="37.895325031131506" lon="13.122363528236747">
        <ele>325.93</ele>
      </trkpt>
      <trkpt lat="37.895255042240024" lon="13.122003693133593">
        <ele>326.7</ele>
      </trkpt>
      <trkpt lat="37.89518505334854" lon="13.121643858030438">
        <ele>327.43</ele>
      </trkpt>
      <trkpt lat="37.89511506445706" lon="13.121284106746316">
        <ele>328.17</ele>
      </trkpt>
      <trkpt lat="37.895045997574925" lon="13.120928965508938">
        <ele>329.0</ele>
      </trkpt>
      <trkpt lat="37.895067958161235" lon="13.120738947764039">
        <ele>329.84</ele>
      </trkpt>
      <trkpt lat="37.895132917910814" lon="13.120601987466216">
        <ele>330.68</ele>
      </trkpt>
      <trkpt lat="37.89524699561298" lon="13.12050693668425">
        <ele>331.59</ele>
      </trkpt>
      <trkpt lat="37.89546651765704" lon="13.120464021340013">
        <ele>332.6</ele>
      </trkpt>
      <trkpt lat="37.89568696171045" lon="13.12042093835771">
        <ele>333.68</ele>
      </trkpt>
      <trkpt lat="37.89580699056387" lon="13.120336951687932">
        <ele>334.63</ele>
      </trkpt>
      <trkpt lat="37.89595392532647" lon="13.120135953649879">
        <ele>335.61</ele>
      </trkpt>
      <trkpt lat="37.89599793031812" lon="13.119934955611825">
        <ele>336.59</ele>
      </trkpt>
      <trkpt lat="37.895970437675714" lon="13.119562715291977">
        <ele>337.59</ele>
      </trkpt>
      <trkpt lat="37.89594286121428" lon="13.119190391153097">
        <ele>338.58</ele>
      </trkpt>
      <trkpt lat="37.895915284752846" lon="13.118818150833249">
        <ele>339.56</ele>
      </trkpt>
      <trkpt lat="37.89588795974851" lon="13.118448927998543">
        <ele>340.62</ele>
      </trkpt>
      <trkpt lat="37.89590480737388" lon="13.118071742355824">
        <ele>341.68</ele>
      </trkpt>
      <trkpt lat="37.895921654999256" lon="13.117694556713104">
        <ele>342.76</ele>
      </trkpt>
      <trkpt lat="37.89593850262463" lon="13.117317371070385">
        <ele>343.7</ele>
      </trkpt>
      <trkpt lat="37.895955266430974" lon="13.116940185427666">
        <ele>344.62</ele>
      </trkpt>
      <trkpt lat="37.895971946418285" lon="13.116566939279437">
        <ele>345.56</ele>
      </trkpt>
      <trkpt lat="37.89586993865669" lon="13.116264939308167">
        <ele>346.47</ele>
      </trkpt>
      <trkpt lat="37.89569894783199" lon="13.116007950156927">
        <ele>347.29</ele>
      </trkpt>
      <trkpt lat="37.89561194367707" lon="13.115929998457432">
        <ele>348.12</ele>
      </trkpt>
      <trkpt lat="37.89554497227073" lon="13.115763952955604">
        <ele>348.98</ele>
      </trkpt>
      <trkpt lat="37.89546199142933" lon="13.115705950185657">
        <ele>349.78</ele>
      </trkpt>
      <trkpt lat="37.895402982831" lon="13.11569295823574">
        <ele>350.52</ele>
      </trkpt>
      <trkpt lat="37.895306926220655" lon="13.11567191965878">
        <ele>351.25</ele>
      </trkpt>
      <trkpt lat="37.89527792483568" lon="13.115675942972302">
        <ele>351.91</ele>
      </trkpt>
      <trkpt lat="37.894982965663075" lon="13.115752972662449">
        <ele>352.63</ele>
      </trkpt>
      <trkpt lat="37.89488992653787" lon="13.115786919370294">
        <ele>353.21</ele>
      </trkpt>
      <trkpt lat="37.89472094736993" lon="13.115847939625382">
        <ele>353.75</ele>
      </trkpt>
      <trkpt lat="37.894616927951574" lon="13.115857997909188">
        <ele>354.25</ele>
      </trkpt>
      <trkpt lat="37.89449396543205" lon="13.115823967382312">
        <ele>354.71</ele>
      </trkpt>
      <trkpt lat="37.89438399486244" lon="13.115769987925887">
        <ele>355.12</ele>
      </trkpt>
      <trkpt lat="37.89427997544408" lon="13.115661945194006">
        <ele>355.54</ele>
      </trkpt>
      <trkpt lat="37.89422297850251" lon="13.115554992109537">
        <ele>355.98</ele>
      </trkpt>
      <trkpt lat="37.894207974895835" lon="13.115525990724564">
        <ele>356.41</ele>
      </trkpt>
      <trkpt lat="37.89419146254659" lon="13.115315521135926">
        <ele>356.87</ele>
      </trkpt>
      <trkpt lat="37.89417495019734" lon="13.115105973556638">
        <ele>357.3</ele>
      </trkpt>
      <trkpt lat="37.89423999376595" lon="13.114912938326597">
        <ele>357.79</ele>
      </trkpt>
      <trkpt lat="37.89426597766578" lon="13.114881925284863">
        <ele>358.22</ele>
      </trkpt>
      <trkpt lat="37.89432498626411" lon="13.114810930565">
        <ele>358.65</ele>
      </trkpt>
      <trkpt lat="37.89441894739866" lon="13.11472593806684">
        <ele>359.11</ele>
      </trkpt>
      <trkpt lat="37.89447996765375" lon="13.1144689489156">
        <ele>359.59</ele>
      </trkpt>
      <trkpt lat="37.89456093683839" lon="13.114336933940649">
        <ele>360.05</ele>
      </trkpt>
      <trkpt lat="37.89464391767979" lon="13.114281948655844">
        <ele>360.56</ele>
      </trkpt>
      <trkpt lat="37.89472698234022" lon="13.114284966140985">
        <ele>361.08</ele>
      </trkpt>
      <trkpt lat="37.894699992612004" lon="13.114188993349671">
        <ele>361.53</ele>
      </trkpt>
      <trkpt lat="37.894766964018345" lon="13.114112969487906">
        <ele>362.03</ele>
      </trkpt>
      <trkpt lat="37.89483896456659" lon="13.11408095061779">
        <ele>362.56</ele>
      </trkpt>
      <trkpt lat="37.895083129405975" lon="13.113947175443172">
        <ele>363.14</ele>
      </trkpt>
      <trkpt lat="37.895327964797616" lon="13.113812981173396">
        <ele>363.73</ele>
      </trkpt>
      <trkpt lat="37.895404575392604" lon="13.11363478191197">
        <ele>364.26</ele>
      </trkpt>
      <trkpt lat="37.8954809345305" lon="13.11345691792667">
        <ele>364.8</ele>
      </trkpt>
      <trkpt lat="37.89553139358759" lon="13.113167071714997">
        <ele>365.35</ele>
      </trkpt>
      <trkpt lat="37.89558185264468" lon="13.112877225503325">
        <ele>365.95</ele>
      </trkpt>
      <trkpt lat="37.89563197642565" lon="13.112588971853256">
        <ele>366.67</ele>
      </trkpt>
      <trkpt lat="37.895628958940506" lon="13.112389566376805">
        <ele>367.42</ele>
      </trkpt>
      <trkpt lat="37.895625941455364" lon="13.112190999090672">
        <ele>368.14</ele>
      </trkpt>
      <trkpt lat="37.89559442549944" lon="13.111994108185172">
        <ele>368.79</ele>
      </trkpt>
      <trkpt lat="37.895562993362546" lon="13.111797971650958">
        <ele>369.44</ele>
      </trkpt>
      <trkpt lat="37.895439779385924" lon="13.111483566462994">
        <ele>370.09</ele>
      </trkpt>
      <trkpt lat="37.89531698450446" lon="13.111169999465346">
        <ele>370.82</ele>
      </trkpt>
      <trkpt lat="37.89527834393084" lon="13.110891385003924">
        <ele>371.5</ele>
      </trkpt>
      <trkpt lat="37.895239954814315" lon="13.110613944008946">
        <ele>372.16</ele>
      </trkpt>
      <trkpt lat="37.895241966471076" lon="13.110270956531167">
        <ele>372.86</ele>
      </trkpt>
      <trkpt lat="37.8952459897846" lon="13.110094936564565">
        <ele>373.57</ele>
      </trkpt>
      <trkpt lat="37.895263927057385" lon="13.109742980450392">
        <ele>374.33</ele>
      </trkpt>
      <trkpt lat="37.89528597146273" lon="13.10961197130382">
        <ele>375.11</ele>
      </trkpt>
      <trkpt lat="37.89535705000162" lon="13.109306450933218">
        <ele>375.94</ele>
      </trkpt>
      <trkpt lat="37.89542796090245" lon="13.109001936390996">
        <ele>376.77</ele>
      </trkpt>
      <trkpt lat="37.89548294618726" lon="13.10870697721839">
        <ele>377.58</ele>
      </trkpt>
      <trkpt lat="37.89549292065203" lon="13.10836298391223">
        <ele>378.42</ele>
      </trkpt>
      <trkpt lat="37.89543114602566" lon="13.10806106775999">
        <ele>379.27</ele>
      </trkpt>
      <trkpt lat="37.89536937139928" lon="13.107759151607752">
        <ele>380.08</ele>
      </trkpt>
      <trkpt lat="37.895307932049036" lon="13.107458995655179">
        <ele>380.92</ele>
      </trkpt>
      <trkpt lat="37.89531698450446" lon="13.107261937111616">
        <ele>381.81</ele>
      </trkpt>
      <trkpt lat="37.895445730537176" lon="13.106995727866888">
        <ele>382.81</ele>
      </trkpt>
      <trkpt lat="37.89557456038892" lon="13.106729434803128">
        <ele>383.74</ele>
      </trkpt>
      <trkpt lat="37.89570297114551" lon="13.106463979929686">
        <ele>384.72</ele>
      </trkpt>
      <trkpt lat="37.895769104361534" lon="13.10616709291935">
        <ele>385.66</ele>
      </trkpt>
      <trkpt lat="37.89583523757756" lon="13.105870205909014">
        <ele>386.7</ele>
      </trkpt>
      <trkpt lat="37.89590095169842" lon="13.105574995279312">
        <ele>387.83</ele>
      </trkpt>
      <trkpt lat="37.8959349822253" lon="13.105181967839599">
        <ele>388.94</ele>
      </trkpt>
      <trkpt lat="37.895938251167536" lon="13.104839231818914">
        <ele>390.05</ele>
      </trkpt>
      <trkpt lat="37.89594143629074" lon="13.10449649579823">
        <ele>391.17</ele>
      </trkpt>
      <trkpt lat="37.89594470523298" lon="13.104153759777546">
        <ele>392.39</ele>
      </trkpt>
      <trkpt lat="37.895947974175215" lon="13.103813957422972">
        <ele>393.62</ele>
      </trkpt>
      <trkpt lat="37.89588653482497" lon="13.103533079847693">
        <ele>394.81</ele>
      </trkpt>
      <trkpt lat="37.89582509547472" lon="13.103252286091447">
        <ele>396.03</ele>
      </trkpt>
      <trkpt lat="37.8957639914006" lon="13.10297291725874">
        <ele>397.32</ele>
      </trkpt>
      <trkpt lat="37.895778492093086" lon="13.102752473205328">
        <ele>398.73</ele>
      </trkpt>
      <trkpt lat="37.89579299278557" lon="13.102532951161265">
        <ele>400.15</ele>
      </trkpt>
      <trkpt lat="37.89593833498657" lon="13.102211588993669">
        <ele>401.62</ele>
      </trkpt>
      <trkpt lat="37.89608367718756" lon="13.101890310645103">
        <ele>402.95</ele>
      </trkpt>
      <trkpt lat="37.89622901938856" lon="13.101568948477507">
        <ele>404.38</ele>
      </trkpt>
      <trkpt lat="37.89637436158955" lon="13.10124758630991">
        <ele>405.96</ele>
      </trkpt>
      <trkpt lat="37.89651894941926" lon="13.100927984341979">
        <ele>407.49</ele>
      </trkpt>
      <trkpt lat="37.89660293608904" lon="13.100655991584063">
        <ele>409.02</ele>
      </trkpt>
      <trkpt lat="37.89664736017585" lon="13.100353069603443">
        <ele>410.53</ele>
      </trkpt>
      <trkpt lat="37.89669178426266" lon="13.100050063803792">
        <ele>412.06</ele>
      </trkpt>
      <trkpt lat="37.89673595689237" lon="13.09974898584187">
        <ele>413.55</ele>
      </trkpt>
      <trkpt lat="37.896808963268995" lon="13.099497947841883">
        <ele>415.12</ele>
      </trkpt>
      <trkpt lat="37.89690795354545" lon="13.099293932318687">
        <ele>416.78</ele>
      </trkpt>
      <trkpt lat="37.897088415920734" lon="13.099094023928046">
        <ele>418.51</ele>
      </trkpt>
      <trkpt lat="37.89726896211505" lon="13.098893947899342">
        <ele>420.23</ele>
      </trkpt>
      <trkpt lat="37.89735797792673" lon="13.098772997036576">
        <ele>421.9</ele>
      </trkpt>
      <trkpt lat="37.897429978474975" lon="13.098682975396514">
        <ele>423.6</ele>
      </trkpt>
      <trkpt lat="37.89752595126629" lon="13.098500920459628">
        <ele>425.26</ele>
      </trkpt>
      <trkpt lat="37.89760759100318" lon="13.098198417574167">
        <ele>426.99</ele>
      </trkpt>
      <trkpt lat="37.897688979282975" lon="13.097896920517087">
        <ele>428.7</ele>
      </trkpt>
      <trkpt lat="37.89780498482287" lon="13.09774897992611">
        <ele>430.41</ele>
      </trkpt>
      <trkpt lat="37.89792099036276" lon="13.0976009555161">
        <ele>432.14</ele>
      </trkpt>
      <trkpt lat="37.89793599396944" lon="13.097370956093073">
        <ele>433.82</ele>
      </trkpt>
      <trkpt lat="37.89791193790734" lon="13.097307924181223">
        <ele>435.42</ele>
      </trkpt>
      <trkpt lat="37.89803699590266" lon="13.097310941666365">
        <ele>437.04</ele>
      </trkpt>
      <trkpt lat="37.89802492596209" lon="13.097029980272055">
        <ele>438.74</ele>
      </trkpt>
      <trkpt lat="37.89801696315408" lon="13.096766956150532">
        <ele>440.39</ele>
      </trkpt>
      <trkpt lat="37.898012939840555" lon="13.096626978367567">
        <ele>441.86</ele>
      </trkpt>
      <trkpt lat="37.89800397120416" lon="13.096426986157894">
        <ele>443.3</ele>
      </trkpt>
      <trkpt lat="37.8979969304055" lon="13.096234956756234">
        <ele>444.53</ele>
      </trkpt>
      <trkpt lat="37.8981539234519" lon="13.096226993948221">
        <ele>445.54</ele>
      </trkpt>
      <trkpt lat="37.898202957585454" lon="13.096123980358243">
        <ele>446.4</ele>
      </trkpt>
      <trkpt lat="37.89815593510866" lon="13.096090955659747">
        <ele>447.02</ele>
      </trkpt>
      <trkpt lat="37.89815291762352" lon="13.096027923747897">
        <ele>447.53</ele>
      </trkpt>
      <trkpt lat="37.89814495481551" lon="13.095749896019697">
        <ele>447.86</ele>
      </trkpt>
      <trkpt lat="37.898136992007494" lon="13.09547295793891">
        <ele>448.11</ele>
      </trkpt>
      <trkpt lat="37.898120982572436" lon="13.095159977674484">
        <ele>448.21</ele>
      </trkpt>
      <trkpt lat="37.89810891263187" lon="13.094830233603716">
        <ele>447.9</ele>
      </trkpt>
      <trkpt lat="37.898096926510334" lon="13.094501998275518">
        <ele>447.38</ele>
      </trkpt>
      <trkpt lat="37.89791294373572" lon="13.09450895525515">
        <ele>446.85</ele>
      </trkpt>
      <trkpt lat="37.89790095761418" lon="13.094304939731956">
        <ele>446.17</ele>
      </trkpt>
      <trkpt lat="37.897885954007506" lon="13.094064965844154">
        <ele>445.39</ele>
      </trkpt>
      <trkpt lat="37.89786499924958" lon="13.093722984194756">
        <ele>444.4</ele>
      </trkpt>
      <trkpt lat="37.8978499956429" lon="13.093490973114967">
        <ele>443.44</ele>
      </trkpt>
      <trkpt lat="37.89783792570233" lon="13.093292992562056">
        <ele>442.47</ele>
      </trkpt>
      <trkpt lat="37.897817976772785" lon="13.092918992042542">
        <ele>441.45</ele>
      </trkpt>
      <trkpt lat="37.897802889347076" lon="13.09264238923788">
        <ele>440.47</ele>
      </trkpt>
      <trkpt lat="37.8977878857404" lon="13.09236578643322">
        <ele>439.51</ele>
      </trkpt>
      <trkpt lat="37.897772965952754" lon="13.092090943828225">
        <ele>438.46</ele>
      </trkpt>
      <trkpt lat="37.897756956517696" lon="13.091800007969141">
        <ele>437.36</ele>
      </trkpt>
      <trkpt lat="37.89774086326361" lon="13.091509072110057">
        <ele>436.19</ele>
      </trkpt>
      <trkpt lat="37.89772493764758" lon="13.09121998026967">
        <ele>434.91</ele>
      </trkpt>
      <trkpt lat="37.89770959876478" lon="13.090888895094395">
        <ele>433.57</ele>
      </trkpt>
      <trkpt lat="37.89769425988197" lon="13.09055789373815">
        <ele>432.12</ele>
      </trkpt>
      <trkpt lat="37.89767892099917" lon="13.0902289878577">
        <ele>430.68</ele>
      </trkpt>
      <trkpt lat="37.897687470540404" lon="13.089891783893108">
        <ele>429.27</ele>
      </trkpt>
      <trkpt lat="37.89769593626261" lon="13.089555921033025">
        <ele>427.93</ele>
      </trkpt>
      <trkpt lat="37.89767196401954" lon="13.089446956291795">
        <ele>426.61</ele>
      </trkpt>
      <trkpt lat="37.89755193516612" lon="13.089358946308494">
        <ele>425.19</ele>
      </trkpt>
      <trkpt lat="37.89733492769301" lon="13.089358946308494">
        <ele>423.67</ele>
      </trkpt>
      <trkpt lat="37.897238954901695" lon="13.089342936873436">
        <ele>422.31</ele>
      </trkpt>
      <trkpt lat="37.89701918140054" lon="13.0891721136868">
        <ele>420.93</ele>
      </trkpt>
      <trkpt lat="37.89679898880422" lon="13.089000955224037">
        <ele>419.52</ele>
      </trkpt>
      <trkpt lat="37.89669396355748" lon="13.088831976056099">
        <ele>418.22</ele>
      </trkpt>
      <trkpt lat="37.89667594246566" lon="13.088643969967961">
        <ele>417.08</ele>
      </trkpt>
      <trkpt lat="37.8967170137912" lon="13.088348340243101">
        <ele>415.93</ele>
      </trkpt>
      <trkpt lat="37.896758085116744" lon="13.088052794337273">
        <ele>414.64</ele>
      </trkpt>
      <trkpt lat="37.89679898880422" lon="13.087758924812078">
        <ele>413.33</ele>
      </trkpt>
      <trkpt lat="37.8969260584563" lon="13.0875488743186">
        <ele>412.29</ele>
      </trkpt>
      <trkpt lat="37.89705296047032" lon="13.087338991463184">
        <ele>411.14</ele>
      </trkpt>
      <trkpt lat="37.89707098156214" lon="13.087164983153343">
        <ele>410.0</ele>
      </trkpt>
      <trkpt lat="37.89702898822725" lon="13.087016958743334">
        <ele>408.85</ele>
      </trkpt>
      <trkpt lat="37.896939972415566" lon="13.086927942931652">
        <ele>407.72</ele>
      </trkpt>
      <trkpt lat="37.89681298658252" lon="13.086896929889917">
        <ele>406.57</ele>
      </trkpt>
      <trkpt lat="37.89652397856116" lon="13.086999943479896">
        <ele>405.29</ele>
      </trkpt>
      <trkpt lat="37.896400932222605" lon="13.086958955973387">
        <ele>404.18</ele>
      </trkpt>
      <trkpt lat="37.89630898274481" lon="13.08683892711997">
        <ele>403.11</ele>
      </trkpt>
      <trkpt lat="37.89627889171243" lon="13.0864626634866">
        <ele>402.1</ele>
      </trkpt>
      <trkpt lat="37.896248968318105" lon="13.086087992414832">
        <ele>401.16</ele>
      </trkpt>
      <trkpt lat="37.8961749561131" lon="13.085940973833203">
        <ele>400.19</ele>
      </trkpt>
      <trkpt lat="37.89606196805835" lon="13.085877941921353">
        <ele>399.16</ele>
      </trkpt>
      <trkpt lat="37.89587186649442" lon="13.085888922214508">
        <ele>398.06</ele>
      </trkpt>
      <trkpt lat="37.89568092674017" lon="13.085899986326694">
        <ele>397.05</ele>
      </trkpt>
      <trkpt lat="37.895436929538846" lon="13.085864530876279">
        <ele>396.02</ele>
      </trkpt>
      <trkpt lat="37.89519192650914" lon="13.085828991606832">
        <ele>394.91</ele>
      </trkpt>
      <trkpt lat="37.89498992264271" lon="13.085784986615181">
        <ele>393.81</ele>
      </trkpt>
      <trkpt lat="37.89477895013988" lon="13.085660934448242">
        <ele>392.69</ele>
      </trkpt>
      <trkpt lat="37.89458197541535" lon="13.085469994693995">
        <ele>391.63</ele>
      </trkpt>
      <trkpt lat="37.894440069794655" lon="13.085334543138742">
        <ele>390.6</ele>
      </trkpt>
      <trkpt lat="37.8942979965359" lon="13.085198923945427">
        <ele>389.56</ele>
      </trkpt>
      <trkpt lat="37.89411795325577" lon="13.084978982806206">
        <ele>388.56</ele>
      </trkpt>
      <trkpt lat="37.89401292800903" lon="13.08485995978117">
        <ele>387.57</ele>
      </trkpt>
      <trkpt lat="37.89390245452523" lon="13.084595678374171">
        <ele>386.54</ele>
      </trkpt>
      <trkpt lat="37.89379206486046" lon="13.084331313148141">
        <ele>385.57</ele>
      </trkpt>
      <trkpt lat="37.89368192665279" lon="13.084067953750491">
        <ele>384.68</ele>
      </trkpt>
      <trkpt lat="37.89355494081974" lon="13.083942979574203">
        <ele>383.73</ele>
      </trkpt>
      <trkpt lat="37.89340691640973" lon="13.08389394544065">
        <ele>382.74</ele>
      </trkpt>
      <trkpt lat="37.8931200876832" lon="13.08392965234816">
        <ele>381.66</ele>
      </trkpt>
      <trkpt lat="37.89283317513764" lon="13.08396527543664">
        <ele>380.54</ele>
      </trkpt>
      <trkpt lat="37.89254626259208" lon="13.08400098234415">
        <ele>379.49</ele>
      </trkpt>
      <trkpt lat="37.892256919294596" lon="13.084036940708756">
        <ele>378.5</ele>
      </trkpt>
      <trkpt lat="37.89202147163451" lon="13.084041466936469">
        <ele>377.56</ele>
      </trkpt>
      <trkpt lat="37.891784934327006" lon="13.084045993164182">
        <ele>376.6</ele>
      </trkpt>
      <trkpt lat="37.8915433678776" lon="13.083928478881717">
        <ele>375.81</ele>
      </trkpt>
      <trkpt lat="37.89130171760917" lon="13.083810964599252">
        <ele>374.94</ele>
      </trkpt>
      <trkpt lat="37.89105897769332" lon="13.083692947402596">
        <ele>374.05</ele>
      </trkpt>
      <trkpt lat="37.890818919986486" lon="13.083513993769884">
        <ele>373.2</ele>
      </trkpt>
      <trkpt lat="37.890666956081986" lon="13.083330933004618">
        <ele>372.37</ele>
      </trkpt>
      <trkpt lat="37.89056637324393" lon="13.08316539041698">
        <ele>371.59</ele>
      </trkpt>
      <trkpt lat="37.89046595804393" lon="13.082999931648374">
        <ele>370.82</ele>
      </trkpt>
      <trkpt lat="37.89034014567733" lon="13.082730369642377">
        <ele>370.06</ele>
      </trkpt>
      <trkpt lat="37.89021433331072" lon="13.082460723817348">
        <ele>369.33</ele>
      </trkpt>
      <trkpt lat="37.89008894003928" lon="13.082191916182637">
        <ele>368.63</ele>
      </trkpt>
      <trkpt lat="37.88997293449938" lon="13.08185194619">
        <ele>367.97</ele>
      </trkpt>
      <trkpt lat="37.88996899500489" lon="13.081628987565637">
        <ele>367.32</ele>
      </trkpt>
      <trkpt lat="37.89004594087601" lon="13.081382978707552">
        <ele>366.67</ele>
      </trkpt>
      <trkpt lat="37.890195893123746" lon="13.081210982054472">
        <ele>366.1</ele>
      </trkpt>
      <trkpt lat="37.89034592919052" lon="13.081038985401392">
        <ele>365.49</ele>
      </trkpt>
      <trkpt lat="37.89058808237314" lon="13.080937396734953">
        <ele>364.83</ele>
      </trkpt>
      <trkpt lat="37.890830151736736" lon="13.080835808068514">
        <ele>364.05</ele>
      </trkpt>
      <trkpt lat="37.89107222110033" lon="13.080734219402075">
        <ele>363.26</ele>
      </trkpt>
      <trkpt lat="37.89131596684456" lon="13.080631960183382">
        <ele>362.5</ele>
      </trkpt>
      <trkpt lat="37.89144840091467" lon="13.080511512234807">
        <ele>361.68</ele>
      </trkpt>
      <trkpt lat="37.89158091880381" lon="13.0803909804672">
        <ele>360.86</ele>
      </trkpt>
      <trkpt lat="37.891654931008816" lon="13.08021697215736">
        <ele>360.02</ele>
      </trkpt>
      <trkpt lat="37.89167898707092" lon="13.080010944977403">
        <ele>359.14</ele>
      </trkpt>
      <trkpt lat="37.89165853522718" lon="13.079686900600791">
        <ele>358.28</ele>
      </trkpt>
      <trkpt lat="37.89163808338344" lon="13.079362772405148">
        <ele>357.4</ele>
      </trkpt>
      <trkpt lat="37.8916176315397" lon="13.079038728028536">
        <ele>356.41</ele>
      </trkpt>
      <trkpt lat="37.891597179695964" lon="13.078714683651924">
        <ele>355.35</ele>
      </trkpt>
      <trkpt lat="37.89157697930932" lon="13.078393992036581">
        <ele>354.38</ele>
      </trkpt>
      <trkpt lat="37.89153096266091" lon="13.078209925442934">
        <ele>353.36</ele>
      </trkpt>
      <trkpt lat="37.89132568985224" lon="13.077909853309393">
        <ele>352.33</ele>
      </trkpt>
      <trkpt lat="37.8911205008626" lon="13.077609781175852">
        <ele>351.13</ele>
      </trkpt>
      <trkpt lat="37.89091531187296" lon="13.077309625223279">
        <ele>349.9</ele>
      </trkpt>
      <trkpt lat="37.89071003906429" lon="13.077009553089738">
        <ele>348.7</ele>
      </trkpt>
      <trkpt lat="37.89050485007465" lon="13.076709480956197">
        <ele>347.52</ele>
      </trkpt>
      <trkpt lat="37.890299996361136" lon="13.076409995555878">
        <ele>346.33</ele>
      </trkpt>
      <trkpt lat="37.89009103551507" lon="13.076185025274754">
        <ele>345.12</ele>
      </trkpt>
      <trkpt lat="37.889882074669" lon="13.075960138812661">
        <ele>343.92</ele>
      </trkpt>
      <trkpt lat="37.889672946184874" lon="13.075734917074442">
        <ele>342.7</ele>
      </trkpt>
      <trkpt lat="37.889455519616604" lon="13.075569793581963">
        <ele>341.53</ele>
      </trkpt>
      <trkpt lat="37.8892380092293" lon="13.075404586270452">
        <ele>340.4</ele>
      </trkpt>
      <trkpt lat="37.88901999592781" lon="13.075238959863782">
        <ele>339.35</ele>
      </trkpt>
      <trkpt lat="37.888724617660046" lon="13.075111387297511">
        <ele>338.26</ele>
      </trkpt>
      <trkpt lat="37.88842932321131" lon="13.07498381473124">
        <ele>337.24</ele>
      </trkpt>
      <trkpt lat="37.88813402876258" lon="13.074856158345938">
        <ele>336.24</ele>
      </trkpt>
      <trkpt lat="37.887838734313846" lon="13.074728585779667">
        <ele>335.23</ele>
      </trkpt>
      <trkpt lat="37.88754092529416" lon="13.074599923565984">
        <ele>334.24</ele>
      </trkpt>
      <trkpt lat="37.887416956946254" lon="13.074561953544617">
        <ele>333.4</ele>
      </trkpt>
      <trkpt lat="37.88751007989049" lon="13.074332205578685">
        <ele>332.73</ele>
      </trkpt>
      <trkpt lat="37.88760295137763" lon="13.074102960526943">
        <ele>332.06</ele>
      </trkpt>
      <trkpt lat="37.887740917503834" lon="13.073766930028796">
        <ele>331.42</ele>
      </trkpt>
      <trkpt lat="37.887910986319184" lon="13.073542965576053">
        <ele>330.78</ele>
      </trkpt>
      <trkpt lat="37.8880809713155" lon="13.073318917304277">
        <ele>330.18</ele>
      </trkpt>
      <trkpt lat="37.88821382448077" lon="13.073208024725318">
        <ele>329.62</ele>
      </trkpt>
      <trkpt lat="37.888346929103136" lon="13.073096964508295">
        <ele>329.09</ele>
      </trkpt>
      <trkpt lat="37.88853166624904" lon="13.072997136041522">
        <ele>328.63</ele>
      </trkpt>
      <trkpt lat="37.88871699012816" lon="13.072896972298622">
        <ele>328.14</ele>
      </trkpt>
      <trkpt lat="37.8888563811779" lon="13.07263646274805">
        <ele>327.61</ele>
      </trkpt>
      <trkpt lat="37.88899585604668" lon="13.072375869378448">
        <ele>327.12</ele>
      </trkpt>
      <trkpt lat="37.889134995639324" lon="13.072115946561098">
        <ele>326.7</ele>
      </trkpt>
      <trkpt lat="37.889265920966864" lon="13.071984015405178">
        <ele>326.36</ele>
      </trkpt>
      <trkpt lat="37.889396930113435" lon="13.071851916611195">
        <ele>326.0</ele>
      </trkpt>
      <trkpt lat="37.889632964506745" lon="13.071719985455275">
        <ele>325.67</ele>
      </trkpt>
      <trkpt lat="37.889696918427944" lon="13.071574978530407">
        <ele>325.21</ele>
      </trkpt>
      <trkpt lat="37.88965995423496" lon="13.071395941078663">
        <ele>324.75</ele>
      </trkpt>
      <trkpt lat="37.88946398533881" lon="13.07115194387734">
        <ele>324.32</ele>
      </trkpt>
      <trkpt lat="37.88923901505768" lon="13.071009367704391">
        <ele>323.9</ele>
      </trkpt>
      <trkpt lat="37.88901404477656" lon="13.070866791531444">
        <ele>323.53</ele>
      </trkpt>
      <trkpt lat="37.888789074495435" lon="13.070724215358496">
        <ele>323.1</ele>
      </trkpt>
      <trkpt lat="37.88856293074787" lon="13.070580968633294">
        <ele>322.6</ele>
      </trkpt>
      <trkpt lat="37.88840610533953" lon="13.07044057175517">
        <ele>322.09</ele>
      </trkpt>
      <trkpt lat="37.88824894465506" lon="13.070299923419952">
        <ele>321.41</ele>
      </trkpt>
      <trkpt lat="37.88813637569547" lon="13.070114348083735">
        <ele>320.76</ele>
      </trkpt>
      <trkpt lat="37.88802397437394" lon="13.06992894038558">
        <ele>320.1</ele>
      </trkpt>
      <trkpt lat="37.88791853003204" lon="13.069688379764557">
        <ele>319.49</ele>
      </trkpt>
      <trkpt lat="37.88781308569014" lon="13.069447735324502">
        <ele>318.85</ele>
      </trkpt>
      <trkpt lat="37.88770797662437" lon="13.069207929074764">
        <ele>318.13</ele>
      </trkpt>
      <trkpt lat="37.88759985007346" lon="13.068911042064428">
        <ele>317.37</ele>
      </trkpt>
      <trkpt lat="37.88749197497964" lon="13.06861499324441">
        <ele>316.62</ele>
      </trkpt>
      <trkpt lat="37.887440510094166" lon="13.068290362134576">
        <ele>315.78</ele>
      </trkpt>
      <trkpt lat="37.887389129027724" lon="13.067965731024742">
        <ele>314.93</ele>
      </trkpt>
      <trkpt lat="37.88733799941838" lon="13.067642943933606">
        <ele>314.16</ele>
      </trkpt>
      <trkpt lat="37.887158961966634" lon="13.067463990300894">
        <ele>313.36</ele>
      </trkpt>
      <trkpt lat="37.88684656843543" lon="13.06744177825749">
        <ele>312.41</ele>
      </trkpt>
      <trkpt lat="37.88653425872326" lon="13.067419650033116">
        <ele>311.64</ele>
      </trkpt>
      <trkpt lat="37.886221865192056" lon="13.067397521808743">
        <ele>310.89</ele>
      </trkpt>
      <trkpt lat="37.885909555479884" lon="13.067375309765339">
        <ele>310.11</ele>
      </trkpt>
      <trkpt lat="37.885593976825476" lon="13.06735293008387">
        <ele>309.19</ele>
      </trkpt>
      <trkpt lat="37.8853440284729" lon="13.067257544025779">
        <ele>308.36</ele>
      </trkpt>
      <trkpt lat="37.88509399630129" lon="13.067162074148655">
        <ele>307.5</ele>
      </trkpt>
      <trkpt lat="37.88484404794872" lon="13.067066688090563">
        <ele>306.75</ele>
      </trkpt>
      <trkpt lat="37.88459409959614" lon="13.066971218213439">
        <ele>306.03</ele>
      </trkpt>
      <trkpt lat="37.88434197194874" lon="13.06687499396503">
        <ele>305.33</ele>
      </trkpt>
      <trkpt lat="37.884216997772455" lon="13.066665949299932">
        <ele>304.65</ele>
      </trkpt>
      <trkpt lat="37.88414298556745" lon="13.066392950713634">
        <ele>303.97</ele>
      </trkpt>
      <trkpt lat="37.88419704884291" lon="13.066098410636187">
        <ele>303.32</ele>
      </trkpt>
      <trkpt lat="37.8842509444803" lon="13.065804960206151">
        <ele>302.71</ele>
      </trkpt>
      <trkpt lat="37.88432897999883" lon="13.065603962168097">
        <ele>302.09</ele>
      </trkpt>
      <trkpt lat="37.88444297388196" lon="13.065471947193146">
        <ele>301.49</ele>
      </trkpt>
      <trkpt lat="37.88469895720482" lon="13.065394917503">
        <ele>300.89</ele>
      </trkpt>
      <trkpt lat="37.884856620803475" lon="13.065390978008509">
        <ele>300.29</ele>
      </trkpt>
      <trkpt lat="37.885014954954386" lon="13.065386954694986">
        <ele>299.72</ele>
      </trkpt>
      <trkpt lat="37.885236740112305" lon="13.065231638029218">
        <ele>299.05</ele>
      </trkpt>
      <trkpt lat="37.88545894436538" lon="13.065075986087322">
        <ele>298.37</ele>
      </trkpt>
      <trkpt lat="37.885649129748344" lon="13.06499912403524">
        <ele>297.75</ele>
      </trkpt>
      <trkpt lat="37.88583998568356" lon="13.06492192670703">
        <ele>297.12</ele>
      </trkpt>
      <trkpt lat="37.88597392849624" lon="13.064951933920383">
        <ele>296.57</ele>
      </trkpt>
      <trkpt lat="37.886187667027116" lon="13.065088307484984">
        <ele>296.08</ele>
      </trkpt>
      <trkpt lat="37.88640199229121" lon="13.06522493250668">
        <ele>295.53</ele>
      </trkpt>
      <trkpt lat="37.88662821985781" lon="13.06531143374741">
        <ele>294.93</ele>
      </trkpt>
      <trkpt lat="37.88685453124344" lon="13.065398018807173">
        <ele>294.35</ele>
      </trkpt>
      <trkpt lat="37.88708193227649" lon="13.065484939143062">
        <ele>293.7</ele>
      </trkpt>
      <trkpt lat="37.88730522617698" lon="13.065644782036543">
        <ele>292.99</ele>
      </trkpt>
      <trkpt lat="37.887528939172626" lon="13.065804960206151">
        <ele>292.37</ele>
      </trkpt>
      <trkpt lat="37.88779439404607" lon="13.06575802154839">
        <ele>291.6</ele>
      </trkpt>
      <trkpt lat="37.88806093856692" lon="13.065710999071598">
        <ele>290.87</ele>
      </trkpt>
      <trkpt lat="37.88822363130748" lon="13.065734384581447">
        <ele>290.17</ele>
      </trkpt>
      <trkpt lat="37.888386994600296" lon="13.065757937729359">
        <ele>289.43</ele>
      </trkpt>
      <trkpt lat="37.888514986261725" lon="13.065706975758076">
        <ele>288.65</ele>
      </trkpt>
      <trkpt lat="37.88867994211614" lon="13.065514946356416">
        <ele>287.77</ele>
      </trkpt>
      <trkpt lat="37.88869846612215" lon="13.065173216164112">
        <ele>286.89</ele>
      </trkpt>
      <trkpt lat="37.88871699012816" lon="13.06483299471438">
        <ele>286.11</ele>
      </trkpt>
      <trkpt lat="37.888646917417645" lon="13.064456982538104">
        <ele>285.3</ele>
      </trkpt>
      <trkpt lat="37.88857433013618" lon="13.064271239563823">
        <ele>284.55</ele>
      </trkpt>
      <trkpt lat="37.88850199431181" lon="13.064085999503732">
        <ele>283.86</ele>
      </trkpt>
      <trkpt lat="37.88848196156323" lon="13.063842924311757">
        <ele>283.29</ele>
      </trkpt>
      <trkpt lat="37.888530073687434" lon="13.063565399497747">
        <ele>282.72</ele>
      </trkpt>
      <trkpt lat="37.88857810199261" lon="13.063287874683738">
        <ele>282.13</ele>
      </trkpt>
      <trkpt lat="37.88862596265972" lon="13.06301194243133">
        <ele>281.44</ele>
      </trkpt>
      <trkpt lat="37.888558991253376" lon="13.062802981585264">
        <ele>280.7</ele>
      </trkpt>
      <trkpt lat="37.888367464765906" lon="13.062583040446043">
        <ele>279.91</ele>
      </trkpt>
      <trkpt lat="37.88817593827844" lon="13.062362931668758">
        <ele>279.18</ele>
      </trkpt>
      <trkpt lat="37.888020956888795" lon="13.062047939747572">
        <ele>278.48</ele>
      </trkpt>
      <trkpt lat="37.888029254972935" lon="13.061741329729557">
        <ele>277.86</ele>
      </trkpt>
      <trkpt lat="37.88803746923804" lon="13.06143463589251">
        <ele>277.26</ele>
      </trkpt>
      <trkpt lat="37.88804576732218" lon="13.061128025874496">
        <ele>276.68</ele>
      </trkpt>
      <trkpt lat="37.88805398158729" lon="13.060823930427432">
        <ele>276.04</ele>
      </trkpt>
      <trkpt lat="37.88813511840999" lon="13.060533497482538">
        <ele>275.47</ele>
      </trkpt>
      <trkpt lat="37.888215919956565" lon="13.060243986546993">
        <ele>274.89</ele>
      </trkpt>
      <trkpt lat="37.88811064325273" lon="13.059892617166042">
        <ele>274.24</ele>
      </trkpt>
      <trkpt lat="37.888005366548896" lon="13.059541331604123">
        <ele>273.69</ele>
      </trkpt>
      <trkpt lat="37.88790008984506" lon="13.059190046042204">
        <ele>273.2</ele>
      </trkpt>
      <trkpt lat="37.88779481314123" lon="13.058838760480285">
        <ele>272.66</ele>
      </trkpt>
      <trkpt lat="37.88768953643739" lon="13.058487391099334">
        <ele>272.05</ele>
      </trkpt>
      <trkpt lat="37.88758425973356" lon="13.058136105537415">
        <ele>271.49</ele>
      </trkpt>
      <trkpt lat="37.88747898302972" lon="13.057784819975495">
        <ele>270.93</ele>
      </trkpt>
      <trkpt lat="37.887374963611364" lon="13.057437976822257">
        <ele>270.38</ele>
      </trkpt>
      <trkpt lat="37.887441935017705" lon="13.057117955759168">
        <ele>269.95</ele>
      </trkpt>
      <trkpt lat="37.88752960972488" lon="13.056887621060014">
        <ele>269.5</ele>
      </trkpt>
      <trkpt lat="37.88761694915593" lon="13.056657956913114">
        <ele>268.94</ele>
      </trkpt>
      <trkpt lat="37.8877479583025" lon="13.056513033807278">
        <ele>268.44</ele>
      </trkpt>
      <trkpt lat="37.88787896744907" lon="13.056367943063378">
        <ele>267.93</ele>
      </trkpt>
      <trkpt lat="37.8881158400327" lon="13.056248668581247">
        <ele>267.39</ele>
      </trkpt>
      <trkpt lat="37.888352712616324" lon="13.056129310280085">
        <ele>266.83</ele>
      </trkpt>
      <trkpt lat="37.888589669018984" lon="13.056010035797954">
        <ele>266.25</ele>
      </trkpt>
      <trkpt lat="37.88882796652615" lon="13.055889923125505">
        <ele>265.67</ele>
      </trkpt>
      <trkpt lat="37.8889599815011" lon="13.055740976706147">
        <ele>265.11</ele>
      </trkpt>
      <trkpt lat="37.888976661488414" lon="13.055424643680453">
        <ele>264.4</ele>
      </trkpt>
      <trkpt lat="37.888993341475725" lon="13.05510831065476">
        <ele>263.75</ele>
      </trkpt>
      <trkpt lat="37.889009937644005" lon="13.054793989285827">
        <ele>263.14</ele>
      </trkpt>
      <trkpt lat="37.889091074466705" lon="13.05450146086514">
        <ele>262.54</ele>
      </trkpt>
      <trkpt lat="37.88917195983231" lon="13.054209938272834">
        <ele>261.97</ele>
      </trkpt>
      <trkpt lat="37.88917195983231" lon="13.05400894023478">
        <ele>261.45</ele>
      </trkpt>
      <trkpt lat="37.88906391710043" lon="13.053808948025107">
        <ele>260.92</ele>
      </trkpt>
      <trkpt lat="37.888824278488755" lon="13.05368548259139">
        <ele>260.29</ele>
      </trkpt>
      <trkpt lat="37.88858463987708" lon="13.053562017157674">
        <ele>259.73</ele>
      </trkpt>
      <trkpt lat="37.888343995437026" lon="13.053437964990735">
        <ele>259.19</ele>
      </trkpt>
      <trkpt lat="37.888151966035366" lon="13.053207965567708">
        <ele>258.65</ele>
      </trkpt>
      <trkpt lat="37.88805792108178" lon="13.053010990843177">
        <ele>258.06</ele>
      </trkpt>
      <trkpt lat="37.88801399990916" lon="13.052708990871906">
        <ele>257.57</ele>
      </trkpt>
      <trkpt lat="37.88801743648946" lon="13.052475973963737">
        <ele>257.08</ele>
      </trkpt>
      <trkpt lat="37.888020956888795" lon="13.05224396288395">
        <ele>256.56</ele>
      </trkpt>
      <trkpt lat="37.88794216699898" lon="13.051933413371444">
        <ele>256.03</ele>
      </trkpt>
      <trkpt lat="37.88786337710917" lon="13.051622863858938">
        <ele>255.48</ele>
      </trkpt>
      <trkpt lat="37.887784922495484" lon="13.051313990727067">
        <ele>254.77</ele>
      </trkpt>
      <trkpt lat="37.88781048730016" lon="13.051055409014225">
        <ele>254.33</ele>
      </trkpt>
      <trkpt lat="37.8878359682858" lon="13.050797916948795">
        <ele>253.93</ele>
      </trkpt>
      <trkpt lat="37.88792992942035" lon="13.050541933625937">
        <ele>253.54</ele>
      </trkpt>
      <trkpt lat="37.888179710134864" lon="13.050353927537799">
        <ele>253.12</ele>
      </trkpt>
      <trkpt lat="37.888429490849376" lon="13.05016583763063">
        <ele>252.54</ele>
      </trkpt>
      <trkpt lat="37.888679187744856" lon="13.04997774772346">
        <ele>251.85</ele>
      </trkpt>
      <trkpt lat="37.88892997428775" lon="13.049788987264037">
        <ele>251.21</ele>
      </trkpt>
      <trkpt lat="37.888984959572554" lon="13.049553958699107">
        <ele>250.48</ele>
      </trkpt>
      <trkpt lat="37.888927878811955" lon="13.04918272420764">
        <ele>249.75</ele>
      </trkpt>
      <trkpt lat="37.88887096568942" lon="13.048812998458743">
        <ele>248.96</ele>
      </trkpt>
      <trkpt lat="37.88893399760127" lon="13.048583921045065">
        <ele>248.17</ele>
      </trkpt>
      <trkpt lat="37.88916315883398" lon="13.04843514226377">
        <ele>247.38</ele>
      </trkpt>
      <trkpt lat="37.889392990618944" lon="13.048285944387317">
        <ele>246.59</ele>
      </trkpt>
      <trkpt lat="37.88951494731009" lon="13.04811998270452">
        <ele>245.72</ele>
      </trkpt>
      <trkpt lat="37.88951897062361" lon="13.047826364636421">
        <ele>244.69</ele>
      </trkpt>
      <trkpt lat="37.889522993937135" lon="13.047533920034766">
        <ele>243.62</ele>
      </trkpt>
      <trkpt lat="37.889463817700744" lon="13.047269470989704">
        <ele>242.54</ele>
      </trkpt>
      <trkpt lat="37.88940497674048" lon="13.047005943953991">
        <ele>241.49</ele>
      </trkpt>
      <trkpt lat="37.88920959457755" lon="13.046814082190394">
        <ele>240.34</ele>
      </trkpt>
      <trkpt lat="37.88901396095753" lon="13.046621968969703">
        <ele>239.1</ele>
      </trkpt>
      <trkpt lat="37.88891295902431" lon="13.046408984810114">
        <ele>237.89</ele>
      </trkpt>
      <trkpt lat="37.8888754080981" lon="13.04610732011497">
        <ele>236.69</ele>
      </trkpt>
      <trkpt lat="37.888837940990925" lon="13.045806996524334">
        <ele>235.48</ele>
      </trkpt>
      <trkpt lat="37.8888685349375" lon="13.045418411493301">
        <ele>234.22</ele>
      </trkpt>
      <trkpt lat="37.88889912888408" lon="13.045029826462269">
        <ele>232.9</ele>
      </trkpt>
      <trkpt lat="37.88892963901162" lon="13.044641325250268">
        <ele>231.58</ele>
      </trkpt>
      <trkpt lat="37.8889599815011" lon="13.04425592534244">
        <ele>230.41</ele>
      </trkpt>
      <trkpt lat="37.88878731429577" lon="13.043957278132439">
        <ele>229.08</ele>
      </trkpt>
      <trkpt lat="37.88861498236656" lon="13.043658966198564">
        <ele>227.76</ele>
      </trkpt>
      <trkpt lat="37.88860592991114" lon="13.04337096400559">
        <ele>226.56</ele>
      </trkpt>
      <trkpt lat="37.888665022328496" lon="13.043120009824634">
        <ele>225.37</ele>
      </trkpt>
      <trkpt lat="37.88872394710779" lon="13.042869977653027">
        <ele>224.23</ele>
      </trkpt>
      <trkpt lat="37.888878928497434" lon="13.042560936883092">
        <ele>223.16</ele>
      </trkpt>
      <trkpt lat="37.88904103450477" lon="13.042325908318162">
        <ele>221.98</ele>
      </trkpt>
      <trkpt lat="37.889202972874045" lon="13.042090963572264">
        <ele>220.83</ele>
      </trkpt>
      <trkpt lat="37.88925393484533" lon="13.041883930563927">
        <ele>219.65</ele>
      </trkpt>
      <trkpt lat="37.889181934297085" lon="13.041707994416356">
        <ele>218.47</ele>
      </trkpt>
      <trkpt lat="37.88898093625903" lon="13.041664995253086">
        <ele>217.28</ele>
      </trkpt>
      <trkpt lat="37.88870131596923" lon="13.041743617504835">
        <ele>216.08</ele>
      </trkpt>
      <trkpt lat="37.88842337206006" lon="13.041821653023362">
        <ele>214.86</ele>
      </trkpt>
      <trkpt lat="37.88842245005071" lon="13.041821988299489">
        <ele>214.86</ele>
      </trkpt>
      <trkpt lat="37.888421611860394" lon="13.041822239756584">
        <ele>213.72</ele>
      </trkpt>
      <trkpt lat="37.88814190775156" lon="13.041900945827365">
        <ele>212.51</ele>
      </trkpt>
      <trkpt lat="37.88786228746176" lon="13.041979568079114">
        <ele>211.29</ele>
      </trkpt>
      <trkpt lat="37.88757998496294" lon="13.042058944702148">
        <ele>209.99</ele>
      </trkpt>
      <trkpt lat="37.88728192448616" lon="13.042032709345222">
        <ele>208.68</ele>
      </trkpt>
      <trkpt lat="37.88698386400938" lon="13.042006390169263">
        <ele>207.51</ele>
      </trkpt>
      <trkpt lat="37.8866839595139" lon="13.041979987174273">
        <ele>206.34</ele>
      </trkpt>
      <trkpt lat="37.88648195564747" lon="13.041776977479458">
        <ele>205.21</ele>
      </trkpt>
      <trkpt lat="37.88647625595331" lon="13.041390487924218">
        <ele>204.06</ele>
      </trkpt>
      <trkpt lat="37.88647064007819" lon="13.041003998368979">
        <ele>202.94</ele>
      </trkpt>
      <trkpt lat="37.88646494038403" lon="13.040619939565659">
        <ele>201.84</ele>
      </trkpt>
      <trkpt lat="37.88650299422443" lon="13.040267983451486">
        <ele>200.72</ele>
      </trkpt>
      <trkpt lat="37.88655957207084" lon="13.040041085332632">
        <ele>199.67</ele>
      </trkpt>
      <trkpt lat="37.88661598227918" lon="13.039814941585064">
        <ele>198.6</ele>
      </trkpt>
      <trkpt lat="37.886574659496546" lon="13.039454016834497">
        <ele>197.46</ele>
      </trkpt>
      <trkpt lat="37.88653342053294" lon="13.039093092083931">
        <ele>196.34</ele>
      </trkpt>
      <trkpt lat="37.886492097750306" lon="13.038732167333364">
        <ele>195.36</ele>
      </trkpt>
      <trkpt lat="37.8864508587867" lon="13.038371242582798">
        <ele>194.4</ele>
      </trkpt>
      <trkpt lat="37.886409955099225" lon="13.038013922050595">
        <ele>193.52</ele>
      </trkpt>
      <trkpt lat="37.886346923187375" lon="13.037714939564466">
        <ele>192.53</ele>
      </trkpt>
      <trkpt lat="37.88618347607553" lon="13.037426937371492">
        <ele>191.42</ele>
      </trkpt>
      <trkpt lat="37.88602011278272" lon="13.037138851359487">
        <ele>190.42</ele>
      </trkpt>
      <trkpt lat="37.88585666567087" lon="13.036850849166512">
        <ele>189.53</ele>
      </trkpt>
      <trkpt lat="37.88569321855903" lon="13.036562846973538">
        <ele>188.59</ele>
      </trkpt>
      <trkpt lat="37.88552977144718" lon="13.036274760961533">
        <ele>187.65</ele>
      </trkpt>
      <trkpt lat="37.88536699488759" lon="13.035987932235003">
        <ele>186.77</ele>
      </trkpt>
      <trkpt lat="37.88532885722816" lon="13.035728931427002">
        <ele>185.96</ele>
      </trkpt>
      <trkpt lat="37.885290971025825" lon="13.035470936447382">
        <ele>185.1</ele>
      </trkpt>
      <trkpt lat="37.88530295714736" lon="13.035124596208334">
        <ele>184.2</ele>
      </trkpt>
      <trkpt lat="37.88531502708793" lon="13.034778172150254">
        <ele>183.33</ele>
      </trkpt>
      <trkpt lat="37.88532701320946" lon="13.034431748092175">
        <ele>182.45</ele>
      </trkpt>
      <trkpt lat="37.88533908315003" lon="13.034085407853127">
        <ele>181.65</ele>
      </trkpt>
      <trkpt lat="37.885351069271564" lon="13.033738983795047">
        <ele>180.9</ele>
      </trkpt>
      <trkpt lat="37.88536297157407" lon="13.033396918326616">
        <ele>180.17</ele>
      </trkpt>
      <trkpt lat="37.88532039150596" lon="13.033009674400091">
        <ele>179.44</ele>
      </trkpt>
      <trkpt lat="37.88527797907591" lon="13.032623939216137">
        <ele>178.73</ele>
      </trkpt>
      <trkpt lat="37.88516943342984" lon="13.032268295064569">
        <ele>177.98</ele>
      </trkpt>
      <trkpt lat="37.885060887783766" lon="13.031912650913">
        <ele>177.32</ele>
      </trkpt>
      <trkpt lat="37.884952342137694" lon="13.031557006761432">
        <ele>176.68</ele>
      </trkpt>
      <trkpt lat="37.88484379649162" lon="13.031201362609863">
        <ele>176.06</ele>
      </trkpt>
      <trkpt lat="37.88473525084555" lon="13.030845802277327">
        <ele>175.48</ele>
      </trkpt>
      <trkpt lat="37.88462670519948" lon="13.030490158125758">
        <ele>175.01</ele>
      </trkpt>
      <trkpt lat="37.88451815955341" lon="13.03013451397419">
        <ele>174.61</ele>
      </trkpt>
      <trkpt lat="37.88440961390734" lon="13.029778869822621">
        <ele>174.29</ele>
      </trkpt>
      <trkpt lat="37.884300984442234" lon="13.029423225671053">
        <ele>174.05</ele>
      </trkpt>
      <trkpt lat="37.88419243879616" lon="13.029067581519485">
        <ele>173.82</ele>
      </trkpt>
      <trkpt lat="37.88408389315009" lon="13.028711937367916">
        <ele>173.59</ele>
      </trkpt>
      <trkpt lat="37.88397534750402" lon="13.028356293216348">
        <ele>173.48</ele>
      </trkpt>
      <trkpt lat="37.88386898115277" lon="13.028007941320539">
        <ele>173.56</ele>
      </trkpt>
      <trkpt lat="37.883939975872636" lon="13.02787994965911">
        <ele>173.6</ele>
      </trkpt>
      <trkpt lat="37.88415865972638" lon="13.0277681350708">
        <ele>173.73</ele>
      </trkpt>
      <trkpt lat="37.88437734358013" lon="13.027656320482492">
        <ele>173.86</ele>
      </trkpt>
      <trkpt lat="37.88459694944322" lon="13.027543919160962">
        <ele>174.07</ele>
      </trkpt>
      <trkpt lat="37.88472938351333" lon="13.027397487312555">
        <ele>174.35</ele>
      </trkpt>
      <trkpt lat="37.884861985221505" lon="13.027250971645117">
        <ele>174.7</ele>
      </trkpt>
      <trkpt lat="37.88501629605889" lon="13.027027258649468">
        <ele>175.11</ele>
      </trkpt>
      <trkpt lat="37.88517069071531" lon="13.026803461834788">
        <ele>175.54</ele>
      </trkpt>
      <trkpt lat="37.88532491773367" lon="13.026579916477203">
        <ele>175.97</ele>
      </trkpt>
      <trkpt lat="37.88550169207156" lon="13.026294680312276">
        <ele>176.49</ele>
      </trkpt>
      <trkpt lat="37.885678466409445" lon="13.026009360328317">
        <ele>177.11</ele>
      </trkpt>
      <trkpt lat="37.88585524074733" lon="13.025724040344357">
        <ele>177.82</ele>
      </trkpt>
      <trkpt lat="37.88603201508522" lon="13.025438720360398">
        <ele>178.48</ele>
      </trkpt>
      <trkpt lat="37.886208705604076" lon="13.025153400376439">
        <ele>179.14</ele>
      </trkpt>
      <trkpt lat="37.886384977027774" lon="13.024868918582797">
        <ele>179.88</ele>
      </trkpt>
      <trkpt lat="37.88659946992993" lon="13.024615533649921">
        <ele>180.74</ele>
      </trkpt>
      <trkpt lat="37.88681396283209" lon="13.024361981078982">
        <ele>181.6</ele>
      </trkpt>
      <trkpt lat="37.88686852902174" lon="13.024068446829915">
        <ele>182.6</ele>
      </trkpt>
      <trkpt lat="37.88692292757332" lon="13.023775918409228">
        <ele>183.51</ele>
      </trkpt>
      <trkpt lat="37.886906918138266" lon="13.02354097366333">
        <ele>184.42</ele>
      </trkpt>
      <trkpt lat="37.88679292425513" lon="13.023343998938799">
        <ele>185.49</ele>
      </trkpt>
      <trkpt lat="37.88661673665047" lon="13.023274596780539">
        <ele>186.64</ele>
      </trkpt>
      <trkpt lat="37.88643996231258" lon="13.023204943165183">
        <ele>187.85</ele>
      </trkpt>
      <trkpt lat="37.8861659578979" lon="13.023247942328453">
        <ele>189.2</ele>
      </trkpt>
      <trkpt lat="37.885897317901254" lon="13.023333102464676">
        <ele>190.6</ele>
      </trkpt>
      <trkpt lat="37.885628594085574" lon="13.02341834641993">
        <ele>192.01</ele>
      </trkpt>
      <trkpt lat="37.885359954088926" lon="13.023503506556153">
        <ele>193.45</ele>
      </trkpt>
      <trkpt lat="37.88509123027325" lon="13.023588666692376">
        <ele>194.89</ele>
      </trkpt>
      <trkpt lat="37.8848225902766" lon="13.023673826828599">
        <ele>196.43</ele>
      </trkpt>
      <trkpt lat="37.88455093279481" lon="13.023759992793202">
        <ele>197.91</ele>
      </trkpt>
      <trkpt lat="37.88427374325693" lon="13.023809865117073">
        <ele>199.51</ele>
      </trkpt>
      <trkpt lat="37.88399646990001" lon="13.023859737440944">
        <ele>201.27</ele>
      </trkpt>
      <trkpt lat="37.8837191965431" lon="13.023909693583846">
        <ele>203.05</ele>
      </trkpt>
      <trkpt lat="37.883442007005215" lon="13.023959565907717">
        <ele>204.77</ele>
      </trkpt>
      <trkpt lat="37.883161967620254" lon="13.024009941145778">
        <ele>206.52</ele>
      </trkpt>
      <trkpt lat="37.882951917126775" lon="13.023961996659636">
        <ele>208.25</ele>
      </trkpt>
      <trkpt lat="37.88284697569907" lon="13.023887984454632">
        <ele>209.99</ele>
      </trkpt>
      <trkpt lat="37.88266198709607" lon="13.023572992533445">
        <ele>211.84</ele>
      </trkpt>
      <trkpt lat="37.88255780003965" lon="13.023325642570853">
        <ele>213.63</ele>
      </trkpt>
      <trkpt lat="37.88245369680226" lon="13.023078376427293">
        <ele>215.44</ele>
      </trkpt>
      <trkpt lat="37.882349928840995" lon="13.02283194847405">
        <ele>217.23</ele>
      </trkpt>
      <trkpt lat="37.88228480145335" lon="13.02245275117457">
        <ele>218.9</ele>
      </trkpt>
      <trkpt lat="37.882219925522804" lon="13.022074978798628">
        <ele>220.52</ele>
      </trkpt>
      <trkpt lat="37.88205153308809" lon="13.021920584142208">
        <ele>222.25</ele>
      </trkpt>
      <trkpt lat="37.88188297301531" lon="13.021765938028693">
        <ele>223.85</ele>
      </trkpt>
      <trkpt lat="37.881717178970575" lon="13.02167004905641">
        <ele>225.43</ele>
      </trkpt>
      <trkpt lat="37.881550965830684" lon="13.021573992446065">
        <ele>226.96</ele>
      </trkpt>
      <trkpt lat="37.88135985843837" lon="13.021600898355246">
        <ele>228.52</ele>
      </trkpt>
      <trkpt lat="37.881167996674776" lon="13.02162797190249">
        <ele>229.99</ele>
      </trkpt>
      <trkpt lat="37.88091595284641" lon="13.021547924727201">
        <ele>231.32</ele>
      </trkpt>
      <trkpt lat="37.88079592399299" lon="13.021387914195657">
        <ele>232.46</ele>
      </trkpt>
      <trkpt lat="37.88067597895861" lon="13.021227987483144">
        <ele>233.51</ele>
      </trkpt>
      <trkpt lat="37.88059593178332" lon="13.02098298445344">
        <ele>234.45</ele>
      </trkpt>
      <trkpt lat="37.88063608109951" lon="13.020622227340937">
        <ele>235.41</ele>
      </trkpt>
      <trkpt lat="37.88067597895861" lon="13.020262978971004">
        <ele>236.35</ele>
      </trkpt>
      <trkpt lat="37.88066298700869" lon="13.019894929602742">
        <ele>237.1</ele>
      </trkpt>
      <trkpt lat="37.88059199228883" lon="13.019532999023795">
        <ele>237.62</ele>
      </trkpt>
      <trkpt lat="37.8804122004658" lon="13.019211050122976">
        <ele>238.07</ele>
      </trkpt>
      <trkpt lat="37.88023240864277" lon="13.01888918504119">
        <ele>238.39</ele>
      </trkpt>
      <trkpt lat="37.880052952095866" lon="13.018567990511656">
        <ele>238.67</ele>
      </trkpt>
      <trkpt lat="37.87995597347617" lon="13.01829599775374">
        <ele>238.79</ele>
      </trkpt>
      <trkpt lat="37.87988078780472" lon="13.017910346388817">
        <ele>238.73</ele>
      </trkpt>
      <trkpt lat="37.879805685952306" lon="13.017524695023894">
        <ele>238.56</ele>
      </trkpt>
      <trkpt lat="37.87973058409989" lon="13.017139043658972">
        <ele>238.4</ele>
      </trkpt>
      <trkpt lat="37.87965539842844" lon="13.01675339229405">
        <ele>238.13</ele>
      </trkpt>
      <trkpt lat="37.87958029657602" lon="13.016367740929127">
        <ele>237.86</ele>
      </trkpt>
      <trkpt lat="37.879505194723606" lon="13.015982089564204">
        <ele>237.55</ele>
      </trkpt>
      <trkpt lat="37.87943000905216" lon="13.015596438199282">
        <ele>237.03</ele>
      </trkpt>
      <trkpt lat="37.87935490719974" lon="13.01521078683436">
        <ele>236.48</ele>
      </trkpt>
      <trkpt lat="37.87927980534732" lon="13.014825135469437">
        <ele>235.96</ele>
      </trkpt>
      <trkpt lat="37.879204619675875" lon="13.014439484104514">
        <ele>235.39</ele>
      </trkpt>
      <trkpt lat="37.87912951782346" lon="13.014053832739592">
        <ele>234.85</ele>
      </trkpt>
      <trkpt lat="37.87905433215201" lon="13.013668181374669">
        <ele>234.49</ele>
      </trkpt>
      <trkpt lat="37.87898099049926" lon="13.013291917741299">
        <ele>234.09</ele>
      </trkpt>
      <trkpt lat="37.878996999934316" lon="13.012932920828462">
        <ele>233.79</ele>
      </trkpt>
      <trkpt lat="37.87907587364316" lon="13.012558752670884">
        <ele>233.6</ele>
      </trkpt>
      <trkpt lat="37.879154747352004" lon="13.012184584513307">
        <ele>233.4</ele>
      </trkpt>
      <trkpt lat="37.87923362106085" lon="13.011810416355729">
        <ele>233.19</ele>
      </trkpt>
      <trkpt lat="37.8793119918555" lon="13.011438930407166">
        <ele>233.01</ele>
      </trkpt>
      <trkpt lat="37.87939639762044" lon="13.011057050898671">
        <ele>232.75</ele>
      </trkpt>
      <trkpt lat="37.87948080338538" lon="13.010675087571144">
        <ele>232.52</ele>
      </trkpt>
      <trkpt lat="37.879565209150314" lon="13.010293124243617">
        <ele>232.35</ele>
      </trkpt>
      <trkpt lat="37.879648944363" lon="13.009913926944137">
        <ele>232.04</ele>
      </trkpt>
      <trkpt lat="37.87973611615598" lon="13.009575717151165">
        <ele>231.79</ele>
      </trkpt>
      <trkpt lat="37.879823287948966" lon="13.009237507358193">
        <ele>231.61</ele>
      </trkpt>
      <trkpt lat="37.87991037592292" lon="13.00889921374619">
        <ele>231.29</ele>
      </trkpt>
      <trkpt lat="37.8799975477159" lon="13.008561003953218">
        <ele>230.94</ele>
      </trkpt>
      <trkpt lat="37.880084719508886" lon="13.008222794160247">
        <ele>230.61</ele>
      </trkpt>
      <trkpt lat="37.88017096929252" lon="13.007887937128544">
        <ele>230.25</ele>
      </trkpt>
      <trkpt lat="37.88023299537599" lon="13.007525922730565">
        <ele>229.9</ele>
      </trkpt>
      <trkpt lat="37.88019494153559" lon="13.007187964394689">
        <ele>229.54</ele>
      </trkpt>
      <trkpt lat="37.880141381174326" lon="13.006957545876503">
        <ele>229.19</ele>
      </trkpt>
      <trkpt lat="37.88008798845112" lon="13.006727965548635">
        <ele>228.82</ele>
      </trkpt>
      <trkpt lat="37.88001858629286" lon="13.006403585895896">
        <ele>228.45</ele>
      </trkpt>
      <trkpt lat="37.8799491841346" lon="13.006079290062189">
        <ele>228.08</ele>
      </trkpt>
      <trkpt lat="37.879879865795374" lon="13.00575491040945">
        <ele>227.77</ele>
      </trkpt>
      <trkpt lat="37.879810966551304" lon="13.005432961508632">
        <ele>227.42</ele>
      </trkpt>
      <trkpt lat="37.879735780879855" lon="13.005059966817498">
        <ele>227.05</ele>
      </trkpt>
      <trkpt lat="37.87966067902744" lon="13.004686888307333">
        <ele>226.73</ele>
      </trkpt>
      <trkpt lat="37.87958599627018" lon="13.004315989091992">
        <ele>226.41</ele>
      </trkpt>
      <trkpt lat="37.87952397018671" lon="13.0040099658072">
        <ele>226.02</ele>
      </trkpt>
      <trkpt lat="37.87944886833429" lon="13.003672510385513">
        <ele>225.69</ele>
      </trkpt>
      <trkpt lat="37.879373682662845" lon="13.003334971144795">
        <ele>225.36</ele>
      </trkpt>
      <trkpt lat="37.87929858081043" lon="13.00299751572311">
        <ele>225.02</ele>
      </trkpt>
      <trkpt lat="37.87922339513898" lon="13.002660060301423">
        <ele>224.71</ele>
      </trkpt>
      <trkpt lat="37.87914829328656" lon="13.002322521060705">
        <ele>224.36</ele>
      </trkpt>
      <trkpt lat="37.879073191434145" lon="13.001985065639019">
        <ele>223.99</ele>
      </trkpt>
      <trkpt lat="37.878998005762696" lon="13.001647610217333">
        <ele>223.61</ele>
      </trkpt>
      <trkpt lat="37.87892399355769" lon="13.001314932480454">
        <ele>223.28</ele>
      </trkpt>
      <trkpt lat="37.878697933629155" lon="13.001085938885808">
        <ele>223.0</ele>
      </trkpt>
      <trkpt lat="37.87847665138543" lon="13.000923413783312">
        <ele>222.79</ele>
      </trkpt>
      <trkpt lat="37.87825545296073" lon="13.000760804861784">
        <ele>222.65</ele>
      </trkpt>
      <trkpt lat="37.878034170717" lon="13.000598195940256">
        <ele>222.53</ele>
      </trkpt>
      <trkpt lat="37.87781196646392" lon="13.000434916466475">
        <ele>222.39</ele>
      </trkpt>
      <trkpt lat="37.87766092456877" lon="13.000222938135266">
        <ele>222.23</ele>
      </trkpt>
      <trkpt lat="37.87751482799649" lon="12.999905347824097">
        <ele>222.07</ele>
      </trkpt>
      <trkpt lat="37.87736864760518" lon="12.999587757512927">
        <ele>221.91</ele>
      </trkpt>
      <trkpt lat="37.87722246721387" lon="12.99927025102079">
        <ele>221.79</ele>
      </trkpt>
      <trkpt lat="37.87707695737481" lon="12.998953917995095">
        <ele>221.67</ele>
      </trkpt>
      <trkpt lat="37.876983834430575" lon="12.998664993792772">
        <ele>221.58</ele>
      </trkpt>
      <trkpt lat="37.876890962943435" lon="12.998376991599798">
        <ele>221.48</ele>
      </trkpt>
      <trkpt lat="37.87682960741222" lon="12.99799595028162">
        <ele>221.37</ele>
      </trkpt>
      <trkpt lat="37.876768251881" lon="12.997614992782474">
        <ele>221.23</ele>
      </trkpt>
      <trkpt lat="37.87670689634979" lon="12.997234035283327">
        <ele>221.19</ele>
      </trkpt>
      <trkpt lat="37.87664595991373" lon="12.996855927631259">
        <ele>221.1</ele>
      </trkpt>
      <trkpt lat="37.876575803384185" lon="12.996595166623592">
        <ele>220.98</ele>
      </trkpt>
      <trkpt lat="37.87650573067367" lon="12.996334405615926">
        <ele>220.77</ele>
      </trkpt>
      <trkpt lat="37.876435993239284" lon="12.996074985712767">
        <ele>220.51</ele>
      </trkpt>
      <trkpt lat="37.876296769827604" lon="12.995737362653017">
        <ele>220.25</ele>
      </trkpt>
      <trkpt lat="37.87615763023496" lon="12.995399739593267">
        <ele>219.99</ele>
      </trkpt>
      <trkpt lat="37.87601849064231" lon="12.995062116533518">
        <ele>219.71</ele>
      </trkpt>
      <trkpt lat="37.87587926723063" lon="12.994724493473768">
        <ele>219.47</ele>
      </trkpt>
      <trkpt lat="37.8757409658283" lon="12.994388965889812">
        <ele>219.24</ele>
      </trkpt>
      <trkpt lat="37.87555497139692" lon="12.994208922609687">
        <ele>219.05</ele>
      </trkpt>
      <trkpt lat="37.87526856176555" lon="12.994144298136234">
        <ele>218.86</ele>
      </trkpt>
      <trkpt lat="37.87498206831515" lon="12.99407958984375">
        <ele>218.61</ele>
      </trkpt>
      <trkpt lat="37.87469565868378" lon="12.994014965370297">
        <ele>218.34</ele>
      </trkpt>
      <trkpt lat="37.874409165233374" lon="12.993950257077813">
        <ele>218.08</ele>
      </trkpt>
      <trkpt lat="37.874119989573956" lon="12.993884962052107">
        <ele>217.78</ele>
      </trkpt>
      <trkpt lat="37.87395318970084" lon="12.99377758987248">
        <ele>217.52</ele>
      </trkpt>
      <trkpt lat="37.87378597073257" lon="12.993669966235757">
        <ele>217.28</ele>
      </trkpt>
      <trkpt lat="37.87357156164944" lon="12.99338473007083">
        <ele>217.1</ele>
      </trkpt>
      <trkpt lat="37.873357152566314" lon="12.993099493905902">
        <ele>216.95</ele>
      </trkpt>
      <trkpt lat="37.873142659664154" lon="12.992814257740974">
        <ele>216.77</ele>
      </trkpt>
      <trkpt lat="37.872928250581026" lon="12.992529021576047">
        <ele>216.51</ele>
      </trkpt>
      <trkpt lat="37.87271392531693" lon="12.992243953049183">
        <ele>216.21</ele>
      </trkpt>
      <trkpt lat="37.872566571459174" lon="12.991937510669231">
        <ele>215.95</ele>
      </trkpt>
      <trkpt lat="37.87241913378239" lon="12.99163106828928">
        <ele>215.58</ele>
      </trkpt>
      <trkpt lat="37.8722716961056" lon="12.991324625909328">
        <ele>215.22</ele>
      </trkpt>
      <trkpt lat="37.87212425842881" lon="12.991018183529377">
        <ele>214.88</ele>
      </trkpt>
      <trkpt lat="37.871976820752025" lon="12.990711741149426">
        <ele>214.53</ele>
      </trkpt>
      <trkpt lat="37.87182938307524" lon="12.990405298769474">
        <ele>214.17</ele>
      </trkpt>
      <trkpt lat="37.87168295122683" lon="12.990100951865315">
        <ele>213.84</ele>
      </trkpt>
      <trkpt lat="37.871480947360396" lon="12.98984806984663">
        <ele>213.46</ele>
      </trkpt>
      <trkpt lat="37.87127894349396" lon="12.989595271646976">
        <ele>212.99</ele>
      </trkpt>
      <trkpt lat="37.87107693962753" lon="12.989342389628291">
        <ele>212.46</ele>
      </trkpt>
      <trkpt lat="37.870874935761094" lon="12.989089507609606">
        <ele>211.98</ele>
      </trkpt>
      <trkpt lat="37.87067301571369" lon="12.988836709409952">
        <ele>211.59</ele>
      </trkpt>
      <trkpt lat="37.87047101184726" lon="12.988583827391267">
        <ele>211.22</ele>
      </trkpt>
      <trkpt lat="37.87026892416179" lon="12.988330945372581">
        <ele>210.71</ele>
      </trkpt>
      <trkpt lat="37.87013288587332" lon="12.988088289275765">
        <ele>210.12</ele>
      </trkpt>
      <trkpt lat="37.869996931403875" lon="12.987845968455076">
        <ele>209.5</ele>
      </trkpt>
      <trkpt lat="37.86987338215113" lon="12.987498873844743">
        <ele>208.88</ele>
      </trkpt>
      <trkpt lat="37.86974983289838" lon="12.98715177923441">
        <ele>208.32</ele>
      </trkpt>
      <trkpt lat="37.86962628364563" lon="12.986804684624076">
        <ele>207.7</ele>
      </trkpt>
      <trkpt lat="37.86950265057385" lon="12.986457590013742">
        <ele>206.98</ele>
      </trkpt>
      <trkpt lat="37.86937993951142" lon="12.986112926155329">
        <ele>206.37</ele>
      </trkpt>
      <trkpt lat="37.86926728673279" lon="12.985764909535646">
        <ele>205.77</ele>
      </trkpt>
      <trkpt lat="37.869154969230294" lon="12.985417982563376">
        <ele>205.12</ele>
      </trkpt>
      <trkpt lat="37.86911599338055" lon="12.98529795370996">
        <ele>204.47</ele>
      </trkpt>
      <trkpt lat="37.86904332228005" lon="12.985080610960722">
        <ele>203.81</ele>
      </trkpt>
      <trkpt lat="37.86897098645568" lon="12.984863938763738">
        <ele>203.12</ele>
      </trkpt>
      <trkpt lat="37.868938548490405" lon="12.984539307653904">
        <ele>202.37</ele>
      </trkpt>
      <trkpt lat="37.86890619434416" lon="12.98421467654407">
        <ele>201.71</ele>
      </trkpt>
      <trkpt lat="37.86887392401695" lon="12.983891973271966">
        <ele>201.01</ele>
      </trkpt>
      <trkpt lat="37.86888959817588" lon="12.983520571142435">
        <ele>200.34</ele>
      </trkpt>
      <trkpt lat="37.86890518851578" lon="12.983149085193872">
        <ele>199.7</ele>
      </trkpt>
      <trkpt lat="37.86892077885568" lon="12.982777683064342">
        <ele>199.06</ele>
      </trkpt>
      <trkpt lat="37.86893636919558" lon="12.98240628093481">
        <ele>198.35</ele>
      </trkpt>
      <trkpt lat="37.86895204335451" lon="12.98203487880528">
        <ele>197.76</ele>
      </trkpt>
      <trkpt lat="37.86896763369441" lon="12.981663476675749">
        <ele>197.22</ele>
      </trkpt>
      <trkpt lat="37.86898322403431" lon="12.981292074546218">
        <ele>196.67</ele>
      </trkpt>
      <trkpt lat="37.86899881437421" lon="12.980920588597655">
        <ele>196.08</ele>
      </trkpt>
      <trkpt lat="37.86901448853314" lon="12.980549186468124">
        <ele>195.55</ele>
      </trkpt>
      <trkpt lat="37.86903007887304" lon="12.980177784338593">
        <ele>195.03</ele>
      </trkpt>
      <trkpt lat="37.86904566921294" lon="12.979806382209063">
        <ele>194.54</ele>
      </trkpt>
      <trkpt lat="37.869061259552836" lon="12.979434980079532">
        <ele>194.05</ele>
      </trkpt>
      <trkpt lat="37.86907693371177" lon="12.97906357795">
        <ele>193.51</ele>
      </trkpt>
      <trkpt lat="37.869091937318444" lon="12.978702988475561">
        <ele>193.08</ele>
      </trkpt>
      <trkpt lat="37.86917810328305" lon="12.978347847238183">
        <ele>192.66</ele>
      </trkpt>
      <trkpt lat="37.869263933971524" lon="12.97799396328628">
        <ele>192.21</ele>
      </trkpt>
      <trkpt lat="37.86940089426935" lon="12.97766899690032">
        <ele>191.72</ele>
      </trkpt>
      <trkpt lat="37.86953785456717" lon="12.977343946695328">
        <ele>191.23</ele>
      </trkpt>
      <trkpt lat="37.86967473104596" lon="12.977018980309367">
        <ele>190.71</ele>
      </trkpt>
      <trkpt lat="37.869811691343784" lon="12.976694013923407">
        <ele>190.13</ele>
      </trkpt>
      <trkpt lat="37.86994865164161" lon="12.976369047537446">
        <ele>189.51</ele>
      </trkpt>
      <trkpt lat="37.8700855281204" lon="12.976043997332454">
        <ele>188.99</ele>
      </trkpt>
      <trkpt lat="37.87022248841822" lon="12.975719030946493">
        <ele>188.45</ele>
      </trkpt>
      <trkpt lat="37.870359448716044" lon="12.975394064560533">
        <ele>187.88</ele>
      </trkpt>
      <trkpt lat="37.870496325194836" lon="12.975069098174572">
        <ele>187.26</ele>
      </trkpt>
      <trkpt lat="37.87063328549266" lon="12.97474404796958">
        <ele>186.67</ele>
      </trkpt>
      <trkpt lat="37.87077024579048" lon="12.97441908158362">
        <ele>186.01</ele>
      </trkpt>
      <trkpt lat="37.870907206088305" lon="12.974094115197659">
        <ele>185.35</ele>
      </trkpt>
      <trkpt lat="37.8710419870913" lon="12.973773926496506">
        <ele>184.65</ele>
      </trkpt>
      <trkpt lat="37.871072329580784" lon="12.973419204354286">
        <ele>183.9</ele>
      </trkpt>
      <trkpt lat="37.8711027558893" lon="12.973064482212067">
        <ele>182.97</ele>
      </trkpt>
      <trkpt lat="37.871132930740714" lon="12.972711939364672">
        <ele>181.95</ele>
      </trkpt>
      <trkpt lat="37.87118858657777" lon="12.97252418473363">
        <ele>180.95</ele>
      </trkpt>
      <trkpt lat="37.87124399095774" lon="12.972336933016777">
        <ele>179.84</ele>
      </trkpt>
      <trkpt lat="37.87139402702451" lon="12.972104838117957">
        <ele>178.73</ele>
      </trkpt>
      <trkpt lat="37.87154406309128" lon="12.971872743219137">
        <ele>177.57</ele>
      </trkpt>
      <trkpt lat="37.871693931519985" lon="12.971640983596444">
        <ele>176.41</ele>
      </trkpt>
      <trkpt lat="37.87185997702181" lon="12.971303947269917">
        <ele>175.13</ele>
      </trkpt>
      <trkpt lat="37.871975898742676" lon="12.970970515161753">
        <ele>173.71</ele>
      </trkpt>
      <trkpt lat="37.87209190428257" lon="12.970636999234557">
        <ele>172.27</ele>
      </trkpt>
      <trkpt lat="37.87220782600343" lon="12.970303567126393">
        <ele>170.83</ele>
      </trkpt>
      <trkpt lat="37.872323831543326" lon="12.969970051199198">
        <ele>169.35</ele>
      </trkpt>
      <trkpt lat="37.8724389988929" lon="12.969638966023922">
        <ele>167.84</ele>
      </trkpt>
      <trkpt lat="37.872444950044155" lon="12.969372924417257">
        <ele>166.22</ele>
      </trkpt>
      <trkpt lat="37.872433969751" lon="12.968993978574872">
        <ele>164.64</ele>
      </trkpt>
      <trkpt lat="37.87237931974232" lon="12.96866406686604">
        <ele>163.03</ele>
      </trkpt>
      <trkpt lat="37.872324753552675" lon="12.968334155157208">
        <ele>161.34</ele>
      </trkpt>
      <trkpt lat="37.87227018736303" lon="12.968004327267408">
        <ele>159.67</ele>
      </trkpt>
      <trkpt lat="37.87221595644951" lon="12.967676930129528">
        <ele>158.09</ele>
      </trkpt>
      <trkpt lat="37.87215535528958" lon="12.967465119436383">
        <ele>156.48</ele>
      </trkpt>
      <trkpt lat="37.87209492176771" lon="12.967253979295492">
        <ele>154.84</ele>
      </trkpt>
      <trkpt lat="37.87192024290562" lon="12.966961786150932">
        <ele>153.12</ele>
      </trkpt>
      <trkpt lat="37.87174556404352" lon="12.966669593006372">
        <ele>151.45</ele>
      </trkpt>
      <trkpt lat="37.87157088518143" lon="12.966377483680844">
        <ele>149.84</ele>
      </trkpt>
      <trkpt lat="37.8713961225003" lon="12.966085290536284">
        <ele>148.3</ele>
      </trkpt>
      <trkpt lat="37.871221946552396" lon="12.965793935582042">
        <ele>146.75</ele>
      </trkpt>
      <trkpt lat="37.871197974309325" lon="12.96557198278606">
        <ele>145.25</ele>
      </trkpt>
      <trkpt lat="37.87124692462385" lon="12.965305941179395">
        <ele>143.81</ele>
      </trkpt>
      <trkpt lat="37.87135312333703" lon="12.964979466050863">
        <ele>142.43</ele>
      </trkpt>
      <trkpt lat="37.87145898677409" lon="12.964653996750712">
        <ele>141.18</ele>
      </trkpt>
      <trkpt lat="37.8714669495821" lon="12.964469930157065">
        <ele>140.01</ele>
      </trkpt>
      <trkpt lat="37.871230244636536" lon="12.964328359812498">
        <ele>138.73</ele>
      </trkpt>
      <trkpt lat="37.87099362351" lon="12.964186705648899">
        <ele>137.58</ele>
      </trkpt>
      <trkpt lat="37.87075691856444" lon="12.964045135304332">
        <ele>136.51</ele>
      </trkpt>
      <trkpt lat="37.870520213618875" lon="12.963903481140733">
        <ele>135.55</ele>
      </trkpt>
      <trkpt lat="37.87028199993074" lon="12.963760988786817">
        <ele>134.72</ele>
      </trkpt>
      <trkpt lat="37.87007136270404" lon="12.963708098977804">
        <ele>133.96</ele>
      </trkpt>
      <trkpt lat="37.86985997110605" lon="12.963654957711697">
        <ele>133.23</ele>
      </trkpt>
      <trkpt lat="37.86959753371775" lon="12.963632494211197">
        <ele>132.48</ele>
      </trkpt>
      <trkpt lat="37.86933392286301" lon="12.963609946891665">
        <ele>131.84</ele>
      </trkpt>
      <trkpt lat="37.86908715963364" lon="12.963579017668962">
        <ele>131.31</ele>
      </trkpt>
      <trkpt lat="37.868840312585235" lon="12.96354808844626">
        <ele>130.89</ele>
      </trkpt>
      <trkpt lat="37.86859195679426" lon="12.963516991585493">
        <ele>130.5</ele>
      </trkpt>
      <trkpt lat="37.86857142113149" lon="12.96380558051169">
        <ele>130.0</ele>
      </trkpt>
      <trkpt lat="37.86855096928775" lon="12.964092995971441">
        <ele>129.62</ele>
      </trkpt>
      <trkpt lat="37.86849799565971" lon="12.964340932667255">
        <ele>129.37</ele>
      </trkpt>
      <trkpt lat="37.86841434426606" lon="12.964537655934691">
        <ele>129.2</ele>
      </trkpt>
      <trkpt lat="37.8683309443295" lon="12.964733960106969">
        <ele>129.08</ele>
      </trkpt>
      <trkpt lat="37.86817227490246" lon="12.964959349483252">
        <ele>128.95</ele>
      </trkpt>
      <trkpt lat="37.868013521656394" lon="12.965184738859534">
        <ele>128.85</ele>
      </trkpt>
      <trkpt lat="37.86785493604839" lon="12.965409960597754">
        <ele>128.82</ele>
      </trkpt>
      <trkpt lat="37.86760096438229" lon="12.965608946979046">
        <ele>128.8</ele>
      </trkpt>
      <trkpt lat="37.86753793247044" lon="12.96544499695301">
        <ele>128.73</ele>
      </trkpt>
      <trkpt lat="37.867326540872455" lon="12.96518063172698">
        <ele>128.66</ele>
      </trkpt>
      <trkpt lat="37.86711514927447" lon="12.964916350319982">
        <ele>128.61</ele>
      </trkpt>
      <trkpt lat="37.86690367385745" lon="12.964652068912983">
        <ele>128.59</ele>
      </trkpt>
      <trkpt lat="37.866692282259464" lon="12.964387787505984">
        <ele>128.61</ele>
      </trkpt>
      <trkpt lat="37.866480806842446" lon="12.964123506098986">
        <ele>128.65</ele>
      </trkpt>
      <trkpt lat="37.86626941524446" lon="12.963859224691987">
        <ele>128.72</ele>
      </trkpt>
      <trkpt lat="37.86605793982744" lon="12.963594943284988">
        <ele>128.75</ele>
      </trkpt>
      <trkpt lat="37.865883177146316" lon="12.963279029354453">
        <ele>128.71</ele>
      </trkpt>
      <trkpt lat="37.86570833064616" lon="12.96296319924295">
        <ele>128.69</ele>
      </trkpt>
      <trkpt lat="37.865533484146" lon="12.962647285312414">
        <ele>128.7</ele>
      </trkpt>
      <trkpt lat="37.86535863764584" lon="12.962331371381879">
        <ele>128.67</ele>
      </trkpt>
      <trkpt lat="37.865183874964714" lon="12.962015457451344">
        <ele>128.68</ele>
      </trkpt>
      <trkpt lat="37.865009028464556" lon="12.96169962733984">
        <ele>128.72</ele>
      </trkpt>
      <trkpt lat="37.8648341819644" lon="12.961383713409305">
        <ele>128.77</ele>
      </trkpt>
      <trkpt lat="37.86465941928327" lon="12.96106779947877">
        <ele>128.8</ele>
      </trkpt>
      <trkpt lat="37.86448457278311" lon="12.960751885548234">
        <ele>128.76</ele>
      </trkpt>
      <trkpt lat="37.864309726282954" lon="12.96043605543673">
        <ele>128.76</ele>
      </trkpt>
      <trkpt lat="37.86413496360183" lon="12.960120141506195">
        <ele>128.8</ele>
      </trkpt>
      <trkpt lat="37.86396011710167" lon="12.95980422757566">
        <ele>128.9</ele>
      </trkpt>
      <trkpt lat="37.86378527060151" lon="12.959488313645124">
        <ele>128.98</ele>
      </trkpt>
      <trkpt lat="37.86361042410135" lon="12.95917248353362">
        <ele>129.08</ele>
      </trkpt>
      <trkpt lat="37.863435661420226" lon="12.958856569603086">
        <ele>129.17</ele>
      </trkpt>
      <trkpt lat="37.86326081492007" lon="12.95854065567255">
        <ele>129.27</ele>
      </trkpt>
      <trkpt lat="37.86308596841991" lon="12.958224825561047">
        <ele>129.33</ele>
      </trkpt>
      <trkpt lat="37.86291120573878" lon="12.957908911630511">
        <ele>129.42</ele>
      </trkpt>
      <trkpt lat="37.862736359238625" lon="12.957592997699976">
        <ele>129.58</ele>
      </trkpt>
      <trkpt lat="37.862563943490386" lon="12.95728194527328">
        <ele>129.8</ele>
      </trkpt>
      <trkpt lat="37.86244299262762" lon="12.957064937800169">
        <ele>129.99</ele>
      </trkpt>
      <trkpt lat="37.8623369615525" lon="12.95687492005527">
        <ele>130.17</ele>
      </trkpt>
      <trkpt lat="37.862159851938486" lon="12.95655825175345">
        <ele>130.39</ele>
      </trkpt>
      <trkpt lat="37.86198274232447" lon="12.956241499632597">
        <ele>130.72</ele>
      </trkpt>
      <trkpt lat="37.861805548891425" lon="12.955924747511744">
        <ele>131.08</ele>
      </trkpt>
      <trkpt lat="37.86162843927741" lon="12.955608079209924">
        <ele>131.37</ele>
      </trkpt>
      <trkpt lat="37.861451329663396" lon="12.955291327089071">
        <ele>131.71</ele>
      </trkpt>
      <trkpt lat="37.86127497442067" lon="12.954975999891758">
        <ele>132.19</ele>
      </trkpt>
      <trkpt lat="37.861212361603975" lon="12.954692943021655">
        <ele>132.65</ele>
      </trkpt>
      <trkpt lat="37.86114991642535" lon="12.954410975798965">
        <ele>133.1</ele>
      </trkpt>
      <trkpt lat="37.8611680213362" lon="12.954090787097812">
        <ele>133.53</ele>
      </trkpt>
      <trkpt lat="37.861185958608985" lon="12.953771939501166">
        <ele>133.99</ele>
      </trkpt>
      <trkpt lat="37.86121697165072" lon="12.953619975596666">
        <ele>134.46</ele>
      </trkpt>
      <trkpt lat="37.86126206628978" lon="12.953314371407032">
        <ele>134.95</ele>
      </trkpt>
      <trkpt lat="37.86130699329078" lon="12.953009940683842">
        <ele>135.4</ele>
      </trkpt>
      <trkpt lat="37.861334988847375" lon="12.952829981222749">
        <ele>135.84</ele>
      </trkpt>
      <trkpt lat="37.86135292612016" lon="12.952712969854474">
        <ele>136.3</ele>
      </trkpt>
      <trkpt lat="37.861400535330176" lon="12.952411388978362">
        <ele>136.75</ele>
      </trkpt>
      <trkpt lat="37.86144797690213" lon="12.952110981568694">
        <ele>137.29</ele>
      </trkpt>
      <trkpt lat="37.8614994417876" lon="12.951769502833486">
        <ele>137.81</ele>
      </trkpt>
      <trkpt lat="37.861550990492105" lon="12.951428024098277">
        <ele>138.3</ele>
      </trkpt>
      <trkpt lat="37.86160245537758" lon="12.951086545363069">
        <ele>138.8</ele>
      </trkpt>
      <trkpt lat="37.861654004082084" lon="12.95074506662786">
        <ele>139.35</ele>
      </trkpt>
      <trkpt lat="37.86170496605337" lon="12.95040694065392">
        <ele>139.92</ele>
      </trkpt>
      <trkpt lat="37.861740002408624" lon="12.950100330635905">
        <ele>140.53</ele>
      </trkpt>
      <trkpt lat="37.86177495494485" lon="12.949794977903366">
        <ele>141.13</ele>
      </trkpt>
      <trkpt lat="37.861769925802946" lon="12.949453918263316">
        <ele>141.67</ele>
      </trkpt>
      <trkpt lat="37.86167026497424" lon="12.949093077331781">
        <ele>142.3</ele>
      </trkpt>
      <trkpt lat="37.86157060414553" lon="12.948732236400247">
        <ele>142.95</ele>
      </trkpt>
      <trkpt lat="37.86147094331682" lon="12.948371395468712">
        <ele>143.61</ele>
      </trkpt>
      <trkpt lat="37.86137195304036" lon="12.948012985289097">
        <ele>144.27</ele>
      </trkpt>
      <trkpt lat="37.86130850203335" lon="12.947701681405306">
        <ele>144.89</ele>
      </trkpt>
      <trkpt lat="37.861245051026344" lon="12.947390461340547">
        <ele>145.38</ele>
      </trkpt>
      <trkpt lat="37.86118193529546" lon="12.947080917656422">
        <ele>145.9</ele>
      </trkpt>
      <trkpt lat="37.86112711764872" lon="12.946774140000343">
        <ele>146.42</ele>
      </trkpt>
      <trkpt lat="37.86107221618295" lon="12.946467278525233">
        <ele>146.95</ele>
      </trkpt>
      <trkpt lat="37.861017398536205" lon="12.946160500869155">
        <ele>147.43</ele>
      </trkpt>
      <trkpt lat="37.86096299998462" lon="12.945855986326933">
        <ele>147.92</ele>
      </trkpt>
      <trkpt lat="37.860916228964925" lon="12.945499252527952">
        <ele>148.42</ele>
      </trkpt>
      <trkpt lat="37.86086945794523" lon="12.945142518728971">
        <ele>148.83</ele>
      </trkpt>
      <trkpt lat="37.86082268692553" lon="12.94478578492999">
        <ele>149.26</ele>
      </trkpt>
      <trkpt lat="37.86077591590583" lon="12.944429134950042">
        <ele>149.71</ele>
      </trkpt>
      <trkpt lat="37.860729144886136" lon="12.944072401151061">
        <ele>150.08</ele>
      </trkpt>
      <trkpt lat="37.86068245768547" lon="12.94371566735208">
        <ele>150.46</ele>
      </trkpt>
      <trkpt lat="37.86063568666577" lon="12.943359017372131">
        <ele>150.95</ele>
      </trkpt>
      <trkpt lat="37.860588915646076" lon="12.94300228357315">
        <ele>151.36</ele>
      </trkpt>
      <trkpt lat="37.860542982816696" lon="12.94265192002058">
        <ele>151.65</ele>
      </trkpt>
      <trkpt lat="37.86036444827914" lon="12.94232896529138">
        <ele>151.98</ele>
      </trkpt>
      <trkpt lat="37.86018591374159" lon="12.94200592674315">
        <ele>152.3</ele>
      </trkpt>
      <trkpt lat="37.86000746302307" lon="12.941682888194919">
        <ele>152.67</ele>
      </trkpt>
      <trkpt lat="37.85982892848551" lon="12.94135993346572">
        <ele>153.01</ele>
      </trkpt>
      <trkpt lat="37.85965039394796" lon="12.941036894917488">
        <ele>153.3</ele>
      </trkpt>
      <trkpt lat="37.859471859410405" lon="12.940713856369257">
        <ele>153.67</ele>
      </trkpt>
      <trkpt lat="37.85929340869188" lon="12.940390901640058">
        <ele>154.13</ele>
      </trkpt>
      <trkpt lat="37.85911487415433" lon="12.940067863091826">
        <ele>154.49</ele>
      </trkpt>
      <trkpt lat="37.858936339616776" lon="12.939744824543595">
        <ele>154.84</ele>
      </trkpt>
      <trkpt lat="37.85875788889825" lon="12.939421869814396">
        <ele>155.16</ele>
      </trkpt>
      <trkpt lat="37.8585793543607" lon="12.939098831266165">
        <ele>155.54</ele>
      </trkpt>
      <trkpt lat="37.858400819823146" lon="12.938775792717934">
        <ele>155.98</ele>
      </trkpt>
      <trkpt lat="37.858223961666226" lon="12.938455939292908">
        <ele>156.49</ele>
      </trkpt>
      <trkpt lat="37.858099825680256" lon="12.93816039338708">
        <ele>156.97</ele>
      </trkpt>
      <trkpt lat="37.857975689694285" lon="12.93786484748125">
        <ele>157.46</ele>
      </trkpt>
      <trkpt lat="37.857851553708315" lon="12.937569301575422">
        <ele>158.02</ele>
      </trkpt>
      <trkpt lat="37.857727417722344" lon="12.937273755669594">
        <ele>158.64</ele>
      </trkpt>
      <trkpt lat="37.85760395228863" lon="12.936979969963431">
        <ele>159.26</ele>
      </trkpt>
      <trkpt lat="37.85749867558479" lon="12.936667827889323">
        <ele>159.88</ele>
      </trkpt>
      <trkpt lat="37.85739331506193" lon="12.936355685815215">
        <ele>160.52</ele>
      </trkpt>
      <trkpt lat="37.85728803835809" lon="12.936043627560139">
        <ele>161.16</ele>
      </trkpt>
      <trkpt lat="37.857182677835226" lon="12.93573148548603">
        <ele>161.88</ele>
      </trkpt>
      <trkpt lat="37.85707740113139" lon="12.935419343411922">
        <ele>162.61</ele>
      </trkpt>
      <trkpt lat="37.856972962617874" lon="12.935109967365861">
        <ele>163.33</ele>
      </trkpt>
      <trkpt lat="37.85687782801688" lon="12.934784749522805">
        <ele>164.06</ele>
      </trkpt>
      <trkpt lat="37.85678269341588" lon="12.934459447860718">
        <ele>164.83</ele>
      </trkpt>
      <trkpt lat="37.85668747499585" lon="12.934134230017662">
        <ele>165.59</ele>
      </trkpt>
      <trkpt lat="37.856592340394855" lon="12.933809012174606">
        <ele>166.33</ele>
      </trkpt>
      <trkpt lat="37.85649720579386" lon="12.93348379433155">
        <ele>167.02</ele>
      </trkpt>
      <trkpt lat="37.85640207119286" lon="12.933158576488495">
        <ele>167.75</ele>
      </trkpt>
      <trkpt lat="37.856307942420244" lon="12.932836962863803">
        <ele>168.33</ele>
      </trkpt>
      <trkpt lat="37.85623158328235" lon="12.932517109438777">
        <ele>168.86</ele>
      </trkpt>
      <trkpt lat="37.85615522414446" lon="12.932197339832783">
        <ele>169.37</ele>
      </trkpt>
      <trkpt lat="37.856078781187534" lon="12.931877486407757">
        <ele>169.86</ele>
      </trkpt>
      <trkpt lat="37.85600292496383" lon="12.931559979915619">
        <ele>170.25</ele>
      </trkpt>
      <trkpt lat="37.855836963281035" lon="12.931258985772729">
        <ele>170.57</ele>
      </trkpt>
      <trkpt lat="37.8556349594146" lon="12.9309859033674">
        <ele>170.82</ele>
      </trkpt>
      <trkpt lat="37.85543295554817" lon="12.930712988600135">
        <ele>171.05</ele>
      </trkpt>
      <trkpt lat="37.855235980823636" lon="12.930459938943386">
        <ele>171.18</ele>
      </trkpt>
      <trkpt lat="37.85503691062331" lon="12.930204961448908">
        <ele>171.24</ele>
      </trkpt>
      <trkpt lat="37.85483792424202" lon="12.92994998395443">
        <ele>171.23</ele>
      </trkpt>
      <trkpt lat="37.85468453541398" lon="12.929759044200182">
        <ele>171.11</ele>
      </trkpt>
      <trkpt lat="37.85453106276691" lon="12.929568188264966">
        <ele>170.89</ele>
      </trkpt>
      <trkpt lat="37.854406675323844" lon="12.929702801629901">
        <ele>170.64</ele>
      </trkpt>
      <trkpt lat="37.85428346134722" lon="12.92983615770936">
        <ele>170.33</ele>
      </trkpt>
      <trkpt lat="37.85428279079497" lon="12.929836995899677">
        <ele>170.33</ele>
      </trkpt>
      <trkpt lat="37.85428228788078" lon="12.9298375826329">
        <ele>169.94</ele>
      </trkpt>
      <trkpt lat="37.85413577221334" lon="12.929981080815196">
        <ele>169.47</ele>
      </trkpt>
      <trkpt lat="37.85398908890784" lon="12.930124662816525">
        <ele>168.94</ele>
      </trkpt>
      <trkpt lat="37.8538512904197" lon="12.930247876793146">
        <ele>168.33</ele>
      </trkpt>
      <trkpt lat="37.853713324293494" lon="12.930371258407831">
        <ele>167.67</ele>
      </trkpt>
      <trkpt lat="37.85348969511688" lon="12.930598072707653">
        <ele>166.94</ele>
      </trkpt>
      <trkpt lat="37.8532658983022" lon="12.930825054645538">
        <ele>166.22</ele>
      </trkpt>
      <trkpt lat="37.853065906092525" lon="12.931048683822155">
        <ele>165.48</ele>
      </trkpt>
      <trkpt lat="37.85286599770188" lon="12.931272312998772">
        <ele>164.73</ele>
      </trkpt>
      <trkpt lat="37.85266600549221" lon="12.931495942175388">
        <ele>163.89</ele>
      </trkpt>
      <trkpt lat="37.852465845644474" lon="12.931719738990068">
        <ele>163.07</ele>
      </trkpt>
      <trkpt lat="37.85232427529991" lon="12.931969100609422">
        <ele>162.31</ele>
      </trkpt>
      <trkpt lat="37.85218270495534" lon="12.932218462228775">
        <ele>161.53</ele>
      </trkpt>
      <trkpt lat="37.85204138606787" lon="12.932467237114906">
        <ele>160.76</ele>
      </trkpt>
      <trkpt lat="37.85186477936804" lon="12.932716263458133">
        <ele>160.01</ele>
      </trkpt>
      <trkpt lat="37.85169705748558" lon="12.932805111631751">
        <ele>159.33</ele>
      </trkpt>
      <trkpt lat="37.85138826817274" lon="12.932741409167647">
        <ele>158.72</ele>
      </trkpt>
      <trkpt lat="37.851078221574426" lon="12.93267753906548">
        <ele>158.13</ele>
      </trkpt>
      <trkpt lat="37.85084838978946" lon="12.932609058916569">
        <ele>157.59</ele>
      </trkpt>
      <trkpt lat="37.85061771981418" lon="12.932540411129594">
        <ele>157.06</ele>
      </trkpt>
      <trkpt lat="37.8503143787384" lon="12.932517025619745">
        <ele>156.65</ele>
      </trkpt>
      <trkpt lat="37.85004682838917" lon="12.93262716382742">
        <ele>156.27</ele>
      </trkpt>
      <trkpt lat="37.84977827221155" lon="12.93273763731122">
        <ele>155.85</ele>
      </trkpt>
      <trkpt lat="37.849551290273666" lon="12.932933187112212">
        <ele>155.47</ele>
      </trkpt>
      <trkpt lat="37.84932422451675" lon="12.933128653094172">
        <ele>155.17</ele>
      </trkpt>
      <trkpt lat="37.849096739664674" lon="12.933324621990323">
        <ele>154.88</ele>
      </trkpt>
      <trkpt lat="37.84884687513113" lon="12.933539282530546">
        <ele>154.65</ele>
      </trkpt>
      <trkpt lat="37.84859709441662" lon="12.93375394307077">
        <ele>154.42</ele>
      </trkpt>
      <trkpt lat="37.84834664314985" lon="12.933969106525183">
        <ele>154.25</ele>
      </trkpt>
      <trkpt lat="37.848107758909464" lon="12.934141857549548">
        <ele>154.12</ele>
      </trkpt>
      <trkpt lat="37.84786879085004" lon="12.934314608573914">
        <ele>154.0</ele>
      </trkpt>
      <trkpt lat="37.847629906609654" lon="12.934487359598279">
        <ele>153.92</ele>
      </trkpt>
      <trkpt lat="37.84738993272185" lon="12.93466086499393">
        <ele>153.84</ele>
      </trkpt>
      <trkpt lat="37.8471751883626" lon="12.934840824455023">
        <ele>153.74</ele>
      </trkpt>
      <trkpt lat="37.846960444003344" lon="12.935020783916116">
        <ele>153.6</ele>
      </trkpt>
      <trkpt lat="37.84674561582506" lon="12.935200743377209">
        <ele>153.5</ele>
      </trkpt>
      <trkpt lat="37.84653020091355" lon="12.935381289571524">
        <ele>153.44</ele>
      </trkpt>
      <trkpt lat="37.8463651612401" lon="12.935552448034286">
        <ele>153.32</ele>
      </trkpt>
      <trkpt lat="37.846200205385685" lon="12.93572360649705">
        <ele>153.12</ele>
      </trkpt>
      <trkpt lat="37.846034998074174" lon="12.935894932597876">
        <ele>152.92</ele>
      </trkpt>
      <trkpt lat="37.84593508578837" lon="12.936156196519732">
        <ele>152.68</ele>
      </trkpt>
      <trkpt lat="37.845835257321596" lon="12.93641746044159">
        <ele>152.39</ele>
      </trkpt>
      <trkpt lat="37.84573576413095" lon="12.936677634716034">
        <ele>152.07</ele>
      </trkpt>
      <trkpt lat="37.84564934670925" lon="12.93696328997612">
        <ele>151.7</ele>
      </trkpt>
      <trkpt lat="37.845563013106585" lon="12.937248945236206">
        <ele>151.39</ele>
      </trkpt>
      <trkpt lat="37.845476595684886" lon="12.937534684315324">
        <ele>151.11</ele>
      </trkpt>
      <trkpt lat="37.84539076499641" lon="12.937818495556712">
        <ele>150.76</ele>
      </trkpt>
      <trkpt lat="37.845280542969704" lon="12.938166847452521">
        <ele>150.4</ele>
      </trkpt>
      <trkpt lat="37.845170320943" lon="12.938515115529299">
        <ele>150.07</ele>
      </trkpt>
      <trkpt lat="37.845060182735324" lon="12.938863383606076">
        <ele>149.7</ele>
      </trkpt>
      <trkpt lat="37.84495063126087" lon="12.93920955620706">
        <ele>149.35</ele>
      </trkpt>
      <trkpt lat="37.84485633485019" lon="12.93955740518868">
        <ele>149.01</ele>
      </trkpt>
      <trkpt lat="37.84476203843951" lon="12.939905254170299">
        <ele>148.68</ele>
      </trkpt>
      <trkpt lat="37.8446676582098" lon="12.940253103151917">
        <ele>148.33</ele>
      </trkpt>
      <trkpt lat="37.84457394853234" lon="12.940598605200648">
        <ele>148.07</ele>
      </trkpt>
      <trkpt lat="37.844495913013816" lon="12.940926672890782">
        <ele>147.85</ele>
      </trkpt>
      <trkpt lat="37.84441779367626" lon="12.941254740580916">
        <ele>147.58</ele>
      </trkpt>
      <trkpt lat="37.84433975815773" lon="12.941582724452019">
        <ele>147.33</ele>
      </trkpt>
      <trkpt lat="37.84426222555339" lon="12.941908529028296">
        <ele>147.04</ele>
      </trkpt>
      <trkpt lat="37.84420916810632" lon="12.94218571856618">
        <ele>146.78</ele>
      </trkpt>
      <trkpt lat="37.844156278297305" lon="12.942461986094713">
        <ele>146.62</ele>
      </trkpt>
      <trkpt lat="37.843995932489634" lon="12.942754682153463">
        <ele>146.55</ele>
      </trkpt>
      <trkpt lat="37.84378286451101" lon="12.942754849791527">
        <ele>146.55</ele>
      </trkpt>
      <trkpt lat="37.84356971271336" lon="12.94275501742959">
        <ele>146.59</ele>
      </trkpt>
      <trkpt lat="37.84335530363023" lon="12.942755185067654">
        <ele>146.64</ele>
      </trkpt>
      <trkpt lat="37.84307677298784" lon="12.94266608543694">
        <ele>146.76</ele>
      </trkpt>
      <trkpt lat="37.842798326164484" lon="12.942576901987195">
        <ele>146.93</ele>
      </trkpt>
      <trkpt lat="37.84251828677952" lon="12.942487299442291">
        <ele>147.17</ele>
      </trkpt>
      <trkpt lat="37.842240426689386" lon="12.942495597526431">
        <ele>147.41</ele>
      </trkpt>
      <trkpt lat="37.841961393132806" lon="12.942503979429603">
        <ele>147.72</ele>
      </trkpt>
      <trkpt lat="37.84169300459325" lon="12.942606322467327">
        <ele>148.14</ele>
      </trkpt>
      <trkpt lat="37.8414246160537" lon="12.942708665505052">
        <ele>148.56</ele>
      </trkpt>
      <trkpt lat="37.841156143695116" lon="12.942811008542776">
        <ele>149.03</ele>
      </trkpt>
      <trkpt lat="37.840885911136866" lon="12.942914022132754">
        <ele>149.51</ele>
      </trkpt>
      <trkpt lat="37.84061048179865" lon="12.943007228896022">
        <ele>150.1</ele>
      </trkpt>
      <trkpt lat="37.840335136279464" lon="12.94310043565929">
        <ele>150.7</ele>
      </trkpt>
      <trkpt lat="37.84005979076028" lon="12.943193642422557">
        <ele>151.34</ele>
      </trkpt>
      <trkpt lat="37.8397823497653" lon="12.943287519738078">
        <ele>152.06</ele>
      </trkpt>
      <trkpt lat="37.839570036157966" lon="12.94333009980619">
        <ele>152.81</ele>
      </trkpt>
      <trkpt lat="37.83935772255063" lon="12.943372679874301">
        <ele>153.59</ele>
      </trkpt>
      <trkpt lat="37.83914406783879" lon="12.943415511399508">
        <ele>154.41</ele>
      </trkpt>
      <trkpt lat="37.838910380378366" lon="12.943379217758775">
        <ele>155.27</ele>
      </trkpt>
      <trkpt lat="37.83867669291794" lon="12.943342924118042">
        <ele>156.18</ele>
      </trkpt>
      <trkpt lat="37.83844158053398" lon="12.943306462839246">
        <ele>157.14</ele>
      </trkpt>
      <trkpt lat="37.8381815738976" lon="12.94318014755845">
        <ele>158.07</ele>
      </trkpt>
      <trkpt lat="37.83792156726122" lon="12.943053832277656">
        <ele>159.0</ele>
      </trkpt>
      <trkpt lat="37.83766030333936" lon="12.942926846444607">
        <ele>159.9</ele>
      </trkpt>
      <trkpt lat="37.83739392645657" lon="12.94288351200521">
        <ele>160.81</ele>
      </trkpt>
      <trkpt lat="37.83712754957378" lon="12.942840261384845">
        <ele>161.69</ele>
      </trkpt>
      <trkpt lat="37.83686117269099" lon="12.942796926945448">
        <ele>162.57</ele>
      </trkpt>
      <trkpt lat="37.83659261651337" lon="12.942753173410892">
        <ele>163.41</ele>
      </trkpt>
      <trkpt lat="37.83641173504293" lon="12.94271545484662">
        <ele>164.24</ele>
      </trkpt>
      <trkpt lat="37.83622892573476" lon="12.942738002166152">
        <ele>165.07</ele>
      </trkpt>
      <trkpt lat="37.8360453620553" lon="12.942760633304715">
        <ele>165.88</ele>
      </trkpt>
      <trkpt lat="37.83580916002393" lon="12.942829532548785">
        <ele>166.63</ele>
      </trkpt>
      <trkpt lat="37.835572035983205" lon="12.94289868324995">
        <ele>167.48</ele>
      </trkpt>
      <trkpt lat="37.835322339087725" lon="12.94298266991973">
        <ele>168.43</ele>
      </trkpt>
      <trkpt lat="37.835071636363864" lon="12.943066908046603">
        <ele>169.31</ele>
      </trkpt>
      <trkpt lat="37.834785394370556" lon="12.943177046254277">
        <ele>170.03</ele>
      </trkpt>
      <trkpt lat="37.83449814654887" lon="12.943287519738078">
        <ele>170.74</ele>
      </trkpt>
      <trkpt lat="37.834228752180934" lon="12.943368908017874">
        <ele>171.41</ele>
      </trkpt>
      <trkpt lat="37.83395835198462" lon="12.943450547754765">
        <ele>172.06</ele>
      </trkpt>
      <trkpt lat="37.83376892097294" lon="12.9435367975384">
        <ele>172.59</ele>
      </trkpt>
      <trkpt lat="37.83357881940901" lon="12.943623382598162">
        <ele>173.14</ele>
      </trkpt>
      <trkpt lat="37.8333480656147" lon="12.94371323660016">
        <ele>173.67</ele>
      </trkpt>
      <trkpt lat="37.8331165574491" lon="12.943803425878286">
        <ele>174.21</ele>
      </trkpt>
      <trkpt lat="37.832976495847106" lon="12.944030910730362">
        <ele>174.78</ele>
      </trkpt>
      <trkpt lat="37.83283660188317" lon="12.944258144125342">
        <ele>175.3</ele>
      </trkpt>
      <trkpt lat="37.83277935348451" lon="12.944581182673573">
        <ele>175.77</ele>
      </trkpt>
      <trkpt lat="37.83272218890488" lon="12.944902963936329">
        <ele>176.31</ele>
      </trkpt>
      <trkpt lat="37.832717495039105" lon="12.945162216201425">
        <ele>176.87</ele>
      </trkpt>
      <trkpt lat="37.8327127173543" lon="12.945420295000076">
        <ele>177.4</ele>
      </trkpt>
      <trkpt lat="37.83276862464845" lon="12.945660101249814">
        <ele>177.91</ele>
      </trkpt>
      <trkpt lat="37.83282428048551" lon="12.945898985490203">
        <ele>178.41</ele>
      </trkpt>
      <trkpt lat="37.832832243293524" lon="12.946102330461144">
        <ele>178.86</ele>
      </trkpt>
      <trkpt lat="37.83272755332291" lon="12.946443306282163">
        <ele>179.31</ele>
      </trkpt>
      <trkpt lat="37.832623198628426" lon="12.9467832762748">
        <ele>179.75</ele>
      </trkpt>
      <trkpt lat="37.83247986808419" lon="12.947058789432049">
        <ele>180.21</ele>
      </trkpt>
      <trkpt lat="37.832336872816086" lon="12.947333715856075">
        <ele>180.67</ele>
      </trkpt>
      <trkpt lat="37.832094468176365" lon="12.947558434680104">
        <ele>181.13</ele>
      </trkpt>
      <trkpt lat="37.83185172826052" lon="12.947783404961228">
        <ele>181.7</ele>
      </trkpt>
      <trkpt lat="37.83175617456436" lon="12.948011560365558">
        <ele>182.28</ele>
      </trkpt>
      <trkpt lat="37.83166078850627" lon="12.948239296674728">
        <ele>182.85</ele>
      </trkpt>
      <trkpt lat="37.831504717469215" lon="12.948556719347835">
        <ele>183.43</ele>
      </trkpt>
      <trkpt lat="37.831344455480576" lon="12.94869183562696">
        <ele>184.02</ele>
      </trkpt>
      <trkpt lat="37.83118394203484" lon="12.948827119544148">
        <ele>184.63</ele>
      </trkpt>
      <trkpt lat="37.831002809107304" lon="12.948913369327784">
        <ele>185.25</ele>
      </trkpt>
      <trkpt lat="37.830821089446545" lon="12.948999870568514">
        <ele>185.9</ele>
      </trkpt>
      <trkpt lat="37.83064607530832" lon="12.949065752327442">
        <ele>186.61</ele>
      </trkpt>
      <trkpt lat="37.83047047443688" lon="12.949131801724434">
        <ele>187.39</ele>
      </trkpt>
      <trkpt lat="37.830225471407175" lon="12.949181254953146">
        <ele>188.17</ele>
      </trkpt>
      <trkpt lat="37.830043248832226" lon="12.949182679876685">
        <ele>188.94</ele>
      </trkpt>
      <trkpt lat="37.82986027188599" lon="12.949184020981193">
        <ele>189.74</ele>
      </trkpt>
      <trkpt lat="37.829556008800864" lon="12.949252836406231">
        <ele>190.61</ele>
      </trkpt>
      <trkpt lat="37.82930480316281" lon="12.949311258271337">
        <ele>191.5</ele>
      </trkpt>
      <trkpt lat="37.82905259169638" lon="12.949369847774506">
        <ele>192.43</ele>
      </trkpt>
      <trkpt lat="37.82886098138988" lon="12.949435729533434">
        <ele>193.35</ele>
      </trkpt>
      <trkpt lat="37.828668700531125" lon="12.949501862749457">
        <ele>194.29</ele>
      </trkpt>
      <trkpt lat="37.82840886153281" lon="12.949631279334426">
        <ele>195.27</ele>
      </trkpt>
      <trkpt lat="37.828148351982236" lon="12.949761115014553">
        <ele>196.27</ele>
      </trkpt>
      <trkpt lat="37.82788122072816" lon="12.949928501620889">
        <ele>197.41</ele>
      </trkpt>
      <trkpt lat="37.82769514247775" lon="12.950024055317044">
        <ele>198.45</ele>
      </trkpt>
      <trkpt lat="37.82750847749412" lon="12.950119860470295">
        <ele>199.41</ele>
      </trkpt>
      <trkpt lat="37.82728761434555" lon="12.950326222926378">
        <ele>200.38</ele>
      </trkpt>
      <trkpt lat="37.82706658355892" lon="12.950532836839557">
        <ele>201.29</ele>
      </trkpt>
      <trkpt lat="37.82694554887712" lon="12.950761578977108">
        <ele>202.25</ele>
      </trkpt>
      <trkpt lat="37.82682476565242" lon="12.9509899020195">
        <ele>203.21</ele>
      </trkpt>
      <trkpt lat="37.82664027996361" lon="12.951310761272907">
        <ele>204.18</ele>
      </trkpt>
      <trkpt lat="37.82654715701938" lon="12.951618460938334">
        <ele>205.03</ele>
      </trkpt>
      <trkpt lat="37.8265443071723" lon="12.951923478394747">
        <ele>205.81</ele>
      </trkpt>
      <trkpt lat="37.82654137350619" lon="12.952227238565683">
        <ele>206.59</ele>
      </trkpt>
      <trkpt lat="37.82654740847647" lon="12.952495375648141">
        <ele>207.36</ele>
      </trkpt>
      <trkpt lat="37.826553443446755" lon="12.952762506902218">
        <ele>208.05</ele>
      </trkpt>
      <trkpt lat="37.82655403017998" lon="12.95302159152925">
        <ele>208.63</ele>
      </trkpt>
      <trkpt lat="37.8265546169132" lon="12.953279670327902">
        <ele>209.09</ele>
      </trkpt>
      <trkpt lat="37.82647591084242" lon="12.953597847372293">
        <ele>209.52</ele>
      </trkpt>
      <trkpt lat="37.82635177485645" lon="12.953723575919867">
        <ele>209.9</ele>
      </trkpt>
      <trkpt lat="37.826227471232414" lon="12.953849472105503">
        <ele>210.23</ele>
      </trkpt>
      <trkpt lat="37.82602848485112" lon="12.953984588384628">
        <ele>210.51</ele>
      </trkpt>
      <trkpt lat="37.82588146626949" lon="12.953741094097495">
        <ele>210.54</ele>
      </trkpt>
      <trkpt lat="37.82577426172793" lon="12.953521152958274">
        <ele>210.48</ele>
      </trkpt>
      <trkpt lat="37.82566730864346" lon="12.953301630914211">
        <ele>210.32</ele>
      </trkpt>
      <trkpt lat="37.82553931698203" lon="12.953051934018731">
        <ele>210.08</ele>
      </trkpt>
      <trkpt lat="37.8254115767777" lon="12.952802572399378">
        <ele>209.77</ele>
      </trkpt>
      <trkpt lat="37.82526891678572" lon="12.952533848583698">
        <ele>209.33</ele>
      </trkpt>
      <trkpt lat="37.82523203641176" lon="12.9524767678231">
        <ele>208.97</ele>
      </trkpt>
      <trkpt lat="37.82512818463147" lon="12.952307369560003">
        <ele>208.53</ele>
      </trkpt>
      <trkpt lat="37.825024500489235" lon="12.95213813893497">
        <ele>208.05</ele>
      </trkpt>
      <trkpt lat="37.82500329427421" lon="12.952108131721616">
        <ele>207.6</ele>
      </trkpt>
      <trkpt lat="37.82479466870427" lon="12.951892130076885">
        <ele>207.04</ele>
      </trkpt>
      <trkpt lat="37.824602806940675" lon="12.95167537406087">
        <ele>206.49</ele>
      </trkpt>
      <trkpt lat="37.82451261766255" lon="12.95143355615437">
        <ele>205.92</ele>
      </trkpt>
      <trkpt lat="37.82442267984152" lon="12.951192408800125">
        <ele>205.36</ele>
      </trkpt>
      <trkpt lat="37.82438160851598" lon="12.950868615880609">
        <ele>204.8</ele>
      </trkpt>
      <trkpt lat="37.8243407048285" lon="12.9505461640656">
        <ele>204.2</ele>
      </trkpt>
      <trkpt lat="37.82434648834169" lon="12.950329994782805">
        <ele>203.61</ele>
      </trkpt>
      <trkpt lat="37.82435227185488" lon="12.950114663690329">
        <ele>203.04</ele>
      </trkpt>
      <trkpt lat="37.824352188035846" lon="12.950105695053935">
        <ele>202.38</ele>
      </trkpt>
      <trkpt lat="37.824355037882924" lon="12.949893465265632">
        <ele>201.79</ele>
      </trkpt>
      <trkpt lat="37.82435788773" lon="12.949682073667645">
        <ele>201.14</ele>
      </trkpt>
      <trkpt lat="37.82435922883451" lon="12.94967302121222">
        <ele>200.38</ele>
      </trkpt>
      <trkpt lat="37.82437398098409" lon="12.949448972940445">
        <ele>199.69</ele>
      </trkpt>
      <trkpt lat="37.824388733133674" lon="12.949225846678019">
        <ele>198.88</ele>
      </trkpt>
      <trkpt lat="37.824417566880584" lon="12.948830220848322">
        <ele>198.01</ele>
      </trkpt>
      <trkpt lat="37.82440415583551" lon="12.948526125401258">
        <ele>197.06</ele>
      </trkpt>
      <trkpt lat="37.8243909124285" lon="12.948223371058702">
        <ele>196.03</ele>
      </trkpt>
      <trkpt lat="37.82437155023217" lon="12.948016338050365">
        <ele>194.93</ele>
      </trkpt>
      <trkpt lat="37.82435227185488" lon="12.947810143232346">
        <ele>193.74</ele>
      </trkpt>
      <trkpt lat="37.824381524696946" lon="12.947586346417665">
        <ele>192.51</ele>
      </trkpt>
      <trkpt lat="37.82441060990095" lon="12.947363387793303">
        <ele>191.24</ele>
      </trkpt>
      <trkpt lat="37.82445402815938" lon="12.947117295116186">
        <ele>189.95</ele>
      </trkpt>
      <trkpt lat="37.82449719496071" lon="12.946872040629387">
        <ele>188.65</ele>
      </trkpt>
      <trkpt lat="37.82453717663884" lon="12.946638772264123">
        <ele>187.36</ele>
      </trkpt>
      <trkpt lat="37.82457707449794" lon="12.946406342089176">
        <ele>186.12</ele>
      </trkpt>
      <trkpt lat="37.82462552189827" lon="12.946143737062812">
        <ele>184.97</ele>
      </trkpt>
      <trkpt lat="37.8246739692986" lon="12.945881132036448">
        <ele>183.86</ele>
      </trkpt>
      <trkpt lat="37.82472216524184" lon="12.945619951933622">
        <ele>182.78</ele>
      </trkpt>
      <trkpt lat="37.82478544861078" lon="12.945333374664187">
        <ele>181.74</ele>
      </trkpt>
      <trkpt lat="37.82484848052263" lon="12.945047803223133">
        <ele>180.8</ele>
      </trkpt>
      <trkpt lat="37.82491788268089" lon="12.944691656157374">
        <ele>179.92</ele>
      </trkpt>
      <trkpt lat="37.82498711720109" lon="12.944336850196123">
        <ele>179.09</ele>
      </trkpt>
      <trkpt lat="37.82499633729458" lon="12.944047003984451">
        <ele>178.39</ele>
      </trkpt>
      <trkpt lat="37.825005473569036" lon="12.943758331239223">
        <ele>177.8</ele>
      </trkpt>
      <trkpt lat="37.82497915439308" lon="12.94344057328999">
        <ele>177.3</ele>
      </trkpt>
      <trkpt lat="37.82495283521712" lon="12.943124072626233">
        <ele>176.83</ele>
      </trkpt>
      <trkpt lat="37.82492064870894" lon="12.94282584451139">
        <ele>176.46</ele>
      </trkpt>
      <trkpt lat="37.82488854601979" lon="12.942528873682022">
        <ele>176.21</ele>
      </trkpt>
      <trkpt lat="37.82488837838173" lon="12.942472295835614">
        <ele>176.03</ele>
      </trkpt>
      <trkpt lat="37.8248589579016" lon="12.942178007215261">
        <ele>175.95</ele>
      </trkpt>
      <trkpt lat="37.8248296212405" lon="12.941884975880384">
        <ele>175.96</ele>
      </trkpt>
      <trkpt lat="37.82483171671629" lon="12.941565541550517">
        <ele>176.02</ele>
      </trkpt>
      <trkpt lat="37.82483381219208" lon="12.941247532144189">
        <ele>176.09</ele>
      </trkpt>
      <trkpt lat="37.824835823848844" lon="12.941153822466731">
        <ele>176.26</ele>
      </trkpt>
      <trkpt lat="37.8248399309814" lon="12.94095098040998">
        <ele>176.48</ele>
      </trkpt>
      <trkpt lat="37.82484403811395" lon="12.940748976543546">
        <ele>176.77</ele>
      </trkpt>
      <trkpt lat="37.82486658543348" lon="12.940477905794978">
        <ele>177.15</ele>
      </trkpt>
      <trkpt lat="37.82488904893398" lon="12.940207924693823">
        <ele>177.56</ele>
      </trkpt>
      <trkpt lat="37.824895083904266" lon="12.940142629668117">
        <ele>178.05</ele>
      </trkpt>
      <trkpt lat="37.82497278414667" lon="12.939965520054102">
        <ele>178.57</ele>
      </trkpt>
      <trkpt lat="37.825050400570035" lon="12.939788829535246">
        <ele>179.13</ele>
      </trkpt>
      <trkpt lat="37.82519716769457" lon="12.939494708552957">
        <ele>179.85</ele>
      </trkpt>
      <trkpt lat="37.82534385100007" lon="12.939200587570667">
        <ele>180.7</ele>
      </trkpt>
      <trkpt lat="37.825490618124604" lon="12.938906466588378">
        <ele>181.5</ele>
      </trkpt>
      <trkpt lat="37.82563688233495" lon="12.938613435253501">
        <ele>182.23</ele>
      </trkpt>
      <trkpt lat="37.825735956430435" lon="12.938376562669873">
        <ele>182.91</ele>
      </trkpt>
      <trkpt lat="37.82583503052592" lon="12.938139606267214">
        <ele>183.6</ele>
      </trkpt>
      <trkpt lat="37.825933853164315" lon="12.937903488054872">
        <ele>184.27</ele>
      </trkpt>
      <trkpt lat="37.8260347712785" lon="12.937570391222835">
        <ele>184.93</ele>
      </trkpt>
      <trkpt lat="37.826135689392686" lon="12.937237294390798">
        <ele>185.56</ele>
      </trkpt>
      <trkpt lat="37.8262366913259" lon="12.936904113739729">
        <ele>186.1</ele>
      </trkpt>
      <trkpt lat="37.826336938887835" lon="12.936573028564453">
        <ele>186.58</ele>
      </trkpt>
      <trkpt lat="37.826406089589" lon="12.936239093542099">
        <ele>187.01</ele>
      </trkpt>
      <trkpt lat="37.826475240290165" lon="12.935905158519745">
        <ele>187.37</ele>
      </trkpt>
      <trkpt lat="37.82654439099133" lon="12.935571139678359">
        <ele>187.64</ele>
      </trkpt>
      <trkpt lat="37.826613541692495" lon="12.935237204656005">
        <ele>187.86</ele>
      </trkpt>
      <trkpt lat="37.82668210566044" lon="12.934906287118793">
        <ele>188.02</ele>
      </trkpt>
      <trkpt lat="37.82675779424608" lon="12.934548128396273">
        <ele>188.11</ele>
      </trkpt>
      <trkpt lat="37.82683348283172" lon="12.934189885854721">
        <ele>188.22</ele>
      </trkpt>
      <trkpt lat="37.82690925523639" lon="12.933831727132201">
        <ele>188.36</ele>
      </trkpt>
      <trkpt lat="37.826984943822026" lon="12.933473568409681">
        <ele>188.39</ele>
      </trkpt>
      <trkpt lat="37.82705996185541" lon="12.933118594810367">
        <ele>188.29</ele>
      </trkpt>
      <trkpt lat="37.82707882113755" lon="12.932818438857794">
        <ele>188.17</ele>
      </trkpt>
      <trkpt lat="37.82709768041968" lon="12.932518282905221">
        <ele>187.97</ele>
      </trkpt>
      <trkpt lat="37.82711662352085" lon="12.932218126952648">
        <ele>187.71</ele>
      </trkpt>
      <trkpt lat="37.827135315164924" lon="12.931920485571027">
        <ele>187.39</ele>
      </trkpt>
      <trkpt lat="37.82712240703404" lon="12.931555537506938">
        <ele>186.98</ele>
      </trkpt>
      <trkpt lat="37.827109415084124" lon="12.93119058944285">
        <ele>186.55</ele>
      </trkpt>
      <trkpt lat="37.82709642313421" lon="12.930825557559729">
        <ele>186.11</ele>
      </trkpt>
      <trkpt lat="37.82708343118429" lon="12.93046060949564">
        <ele>185.65</ele>
      </trkpt>
      <trkpt lat="37.82707052305341" lon="12.930095661431551">
        <ele>185.26</ele>
      </trkpt>
      <trkpt lat="37.82705753110349" lon="12.92973062954843">
        <ele>184.96</ele>
      </trkpt>
      <trkpt lat="37.827044539153576" lon="12.929365681484342">
        <ele>184.72</ele>
      </trkpt>
      <trkpt lat="37.827031798660755" lon="12.929006768390536">
        <ele>184.48</ele>
      </trkpt>
      <trkpt lat="37.82705510035157" lon="12.928711473941803">
        <ele>184.19</ele>
      </trkpt>
      <trkpt lat="37.82707848586142" lon="12.928416095674038">
        <ele>183.88</ele>
      </trkpt>
      <trkpt lat="37.827101619914174" lon="12.928122645244002">
        <ele>183.67</ele>
      </trkpt>
      <trkpt lat="37.82719801180065" lon="12.927767420187593">
        <ele>183.48</ele>
      </trkpt>
      <trkpt lat="37.82729440368712" lon="12.927412111312151">
        <ele>183.24</ele>
      </trkpt>
      <trkpt lat="37.82739079557359" lon="12.927056886255741">
        <ele>183.01</ele>
      </trkpt>
      <trkpt lat="37.82748651690781" lon="12.92670400813222">
        <ele>182.9</ele>
      </trkpt>
      <trkpt lat="37.82750646583736" lon="12.926408797502518">
        <ele>182.85</ele>
      </trkpt>
      <trkpt lat="37.82752641476691" lon="12.926113503053784">
        <ele>182.75</ele>
      </trkpt>
      <trkpt lat="37.82754619605839" lon="12.925820052623749">
        <ele>182.55</ele>
      </trkpt>
      <trkpt lat="37.827530186623335" lon="12.925459714606404">
        <ele>182.33</ele>
      </trkpt>
      <trkpt lat="37.82751426100731" lon="12.92509937658906">
        <ele>182.18</ele>
      </trkpt>
      <trkpt lat="37.82749833539128" lon="12.924739038571715">
        <ele>181.98</ele>
      </trkpt>
      <trkpt lat="37.82748240977526" lon="12.92437870055437">
        <ele>181.88</ele>
      </trkpt>
      <trkpt lat="37.8274664003402" lon="12.924018362537026">
        <ele>181.79</ele>
      </trkpt>
      <trkpt lat="37.82745047472417" lon="12.923658108338714">
        <ele>181.74</ele>
      </trkpt>
      <trkpt lat="37.82743454910815" lon="12.92329777032137">
        <ele>181.65</ele>
      </trkpt>
      <trkpt lat="37.827418791130185" lon="12.922943383455276">
        <ele>181.62</ele>
      </trkpt>
      <trkpt lat="37.82738048583269" lon="12.922591092064977">
        <ele>181.63</ele>
      </trkpt>
      <trkpt lat="37.827342096716166" lon="12.922238716855645">
        <ele>181.51</ele>
      </trkpt>
      <trkpt lat="37.82730379141867" lon="12.921886341646314">
        <ele>181.36</ele>
      </trkpt>
      <trkpt lat="37.82726573757827" lon="12.921536900103092">
        <ele>181.22</ele>
      </trkpt>
      <trkpt lat="37.827195413410664" lon="12.921183099970222">
        <ele>181.11</ele>
      </trkpt>
      <trkpt lat="37.827125089243054" lon="12.92082929983735">
        <ele>180.99</ele>
      </trkpt>
      <trkpt lat="37.827054765075445" lon="12.92047549970448">
        <ele>180.96</ele>
      </trkpt>
      <trkpt lat="37.826984440907836" lon="12.92012169957161">
        <ele>180.97</ele>
      </trkpt>
      <trkpt lat="37.82691420055926" lon="12.919767899438739">
        <ele>180.91</ele>
      </trkpt>
      <trkpt lat="37.82684387639165" lon="12.919414099305868">
        <ele>180.81</ele>
      </trkpt>
      <trkpt lat="37.82677439041436" lon="12.919064909219742">
        <ele>180.71</ele>
      </trkpt>
      <trkpt lat="37.826717142015696" lon="12.918716222047806">
        <ele>180.64</ele>
      </trkpt>
      <trkpt lat="37.826659893617034" lon="12.918367451056838">
        <ele>180.66</ele>
      </trkpt>
      <trkpt lat="37.82660264521837" lon="12.918018763884902">
        <ele>180.64</ele>
      </trkpt>
      <trkpt lat="37.82654539681971" lon="12.917670076712966">
        <ele>180.63</ele>
      </trkpt>
      <trkpt lat="37.82648814842105" lon="12.91732138954103">
        <ele>180.73</ele>
      </trkpt>
      <trkpt lat="37.82643090002239" lon="12.916972702369094">
        <ele>180.85</ele>
      </trkpt>
      <trkpt lat="37.82637440599501" lon="12.916628709062934">
        <ele>180.92</ele>
      </trkpt>
      <trkpt lat="37.826323276385665" lon="12.916270634159446">
        <ele>181.0</ele>
      </trkpt>
      <trkpt lat="37.82627206295729" lon="12.915912559255958">
        <ele>181.16</ele>
      </trkpt>
      <trkpt lat="37.82622093334794" lon="12.915554568171501">
        <ele>181.42</ele>
      </trkpt>
      <trkpt lat="37.82616971991956" lon="12.915196493268013">
        <ele>181.75</ele>
      </trkpt>
      <trkpt lat="37.826118590310216" lon="12.914838502183557">
        <ele>182.16</ele>
      </trkpt>
      <trkpt lat="37.82606746070087" lon="12.914480427280068">
        <ele>182.56</ele>
      </trkpt>
      <trkpt lat="37.82601624727249" lon="12.914122436195612">
        <ele>182.99</ele>
      </trkpt>
      <trkpt lat="37.825965117663145" lon="12.913764361292124">
        <ele>183.34</ele>
      </trkpt>
      <trkpt lat="37.82591390423477" lon="12.913406286388636">
        <ele>183.58</ele>
      </trkpt>
      <trkpt lat="37.82586369663477" lon="12.913055336102843">
        <ele>183.82</ele>
      </trkpt>
      <trkpt lat="37.825743248686194" lon="12.91276004165411">
        <ele>183.99</ele>
      </trkpt>
      <trkpt lat="37.825623052194715" lon="12.91246541775763">
        <ele>184.14</ele>
      </trkpt>
      <trkpt lat="37.825542502105236" lon="12.91221178136766">
        <ele>184.22</ele>
      </trkpt>
      <trkpt lat="37.82546203583479" lon="12.911958061158657">
        <ele>184.24</ele>
      </trkpt>
      <trkpt lat="37.82538182102144" lon="12.91170559823513">
        <ele>184.24</ele>
      </trkpt>
      <trkpt lat="37.825317615643144" lon="12.911398485302925">
        <ele>184.23</ele>
      </trkpt>
      <trkpt lat="37.825253661721945" lon="12.911092462018132">
        <ele>184.31</ele>
      </trkpt>
      <trkpt lat="37.825229270383716" lon="12.910774117335677">
        <ele>184.33</ele>
      </trkpt>
      <trkpt lat="37.82520487904549" lon="12.91045568883419">
        <ele>184.4</ele>
      </trkpt>
      <trkpt lat="37.82518057152629" lon="12.910137260332704">
        <ele>184.47</ele>
      </trkpt>
      <trkpt lat="37.82515634782612" lon="12.909821514040232">
        <ele>184.52</ele>
      </trkpt>
      <trkpt lat="37.8251076489687" lon="12.909517753869295">
        <ele>184.6</ele>
      </trkpt>
      <trkpt lat="37.82505895011127" lon="12.90921407751739">
        <ele>184.68</ele>
      </trkpt>
      <trkpt lat="37.82501058652997" lon="12.908912161365151">
        <ele>184.74</ele>
      </trkpt>
      <trkpt lat="37.82503757625818" lon="12.90871568955481">
        <ele>184.78</ele>
      </trkpt>
      <trkpt lat="37.82506448216736" lon="12.908519972115755">
        <ele>184.83</ele>
      </trkpt>
      <trkpt lat="37.82527830451727" lon="12.908250242471695">
        <ele>184.94</ele>
      </trkpt>
      <trkpt lat="37.825492126867175" lon="12.907980596646667">
        <ele>185.01</ele>
      </trkpt>
      <trkpt lat="37.82570586539805" lon="12.907710867002606">
        <ele>184.95</ele>
      </trkpt>
      <trkpt lat="37.82571801915765" lon="12.90739981457591">
        <ele>185.1</ele>
      </trkpt>
      <trkpt lat="37.82573017291725" lon="12.907088762149215">
        <ele>185.17</ele>
      </trkpt>
      <trkpt lat="37.825742326676846" lon="12.90677779354155">
        <ele>185.2</ele>
      </trkpt>
      <trkpt lat="37.82575431279838" lon="12.906469339504838">
        <ele>185.26</ele>
      </trkpt>
      <trkpt lat="37.8257551509887" lon="12.906170524656773">
        <ele>185.34</ele>
      </trkpt>
      <trkpt lat="37.82575607299805" lon="12.905871709808707">
        <ele>185.46</ele>
      </trkpt>
      <trkpt lat="37.825756911188364" lon="12.90557281114161">
        <ele>185.62</ele>
      </trkpt>
      <trkpt lat="37.82575774937868" lon="12.905276510864496">
        <ele>185.83</ele>
      </trkpt>
      <trkpt lat="37.82575733028352" lon="12.905086325481534">
        <ele>186.03</ele>
      </trkpt>
      <trkpt lat="37.8257773630321" lon="12.904696399345994">
        <ele>186.29</ele>
      </trkpt>
      <trkpt lat="37.82579739578068" lon="12.904306473210454">
        <ele>186.48</ele>
      </trkpt>
      <trkpt lat="37.8258172608912" lon="12.903918977826834">
        <ele>186.69</ele>
      </trkpt>
      <trkpt lat="37.82582446932793" lon="12.903566686436534">
        <ele>186.95</ele>
      </trkpt>
      <trkpt lat="37.82583159394562" lon="12.903215903788805">
        <ele>187.23</ele>
      </trkpt>
      <trkpt lat="37.825820948928595" lon="12.90307592600584">
        <ele>187.51</ele>
      </trkpt>
      <trkpt lat="37.82577618956566" lon="12.902793372049928">
        <ele>187.83</ele>
      </trkpt>
      <trkpt lat="37.82573143020272" lon="12.902510901913047">
        <ele>188.17</ele>
      </trkpt>
      <trkpt lat="37.82568692229688" lon="12.902229940518737">
        <ele>188.57</ele>
      </trkpt>
      <trkpt lat="37.82563059590757" lon="12.901877565309405">
        <ele>189.07</ele>
      </trkpt>
      <trkpt lat="37.825574269518256" lon="12.901525106281042">
        <ele>189.66</ele>
      </trkpt>
      <trkpt lat="37.82551785930991" lon="12.901172647252679">
        <ele>190.02</ele>
      </trkpt>
      <trkpt lat="37.82546195201576" lon="12.900822954252362">
        <ele>190.26</ele>
      </trkpt>
      <trkpt lat="37.82530730590224" lon="12.90050913579762">
        <ele>190.62</ele>
      </trkpt>
      <trkpt lat="37.825152995064855" lon="12.900195987895131">
        <ele>191.02</ele>
      </trkpt>
      <trkpt lat="37.82503891736269" lon="12.899836990982294">
        <ele>191.45</ele>
      </trkpt>
      <trkpt lat="37.824924839660525" lon="12.899478077888489">
        <ele>191.85</ele>
      </trkpt>
      <trkpt lat="37.82481076195836" lon="12.899119080975652">
        <ele>192.24</ele>
      </trkpt>
      <trkpt lat="37.824696684256196" lon="12.898760167881846">
        <ele>192.75</ele>
      </trkpt>
      <trkpt lat="37.82458260655403" lon="12.89840117096901">
        <ele>193.24</ele>
      </trkpt>
      <trkpt lat="37.82446852885187" lon="12.898042257875204">
        <ele>193.72</ele>
      </trkpt>
      <trkpt lat="37.8243544511497" lon="12.897683344781399">
        <ele>194.19</ele>
      </trkpt>
      <trkpt lat="37.82424037344754" lon="12.897324347868562">
        <ele>194.65</ele>
      </trkpt>
      <trkpt lat="37.824126379564404" lon="12.896965434774756">
        <ele>195.07</ele>
      </trkpt>
      <trkpt lat="37.824013978242874" lon="12.896611969918013">
        <ele>195.48</ele>
      </trkpt>
      <trkpt lat="37.82386318780482" lon="12.896289266645908">
        <ele>195.93</ele>
      </trkpt>
      <trkpt lat="37.823712481185794" lon="12.895966647192836">
        <ele>196.34</ele>
      </trkpt>
      <trkpt lat="37.82356169074774" lon="12.895643943920732">
        <ele>196.77</ele>
      </trkpt>
      <trkpt lat="37.823410984128714" lon="12.895321240648627">
        <ele>197.14</ele>
      </trkpt>
      <trkpt lat="37.82326019369066" lon="12.894998621195555">
        <ele>197.5</ele>
      </trkpt>
      <trkpt lat="37.82310948707163" lon="12.89467591792345">
        <ele>197.88</ele>
      </trkpt>
      <trkpt lat="37.82295869663358" lon="12.894353298470378">
        <ele>198.26</ele>
      </trkpt>
      <trkpt lat="37.82280799001455" lon="12.894030595198274">
        <ele>198.59</ele>
      </trkpt>
      <trkpt lat="37.8226571995765" lon="12.89370789192617">
        <ele>198.89</ele>
      </trkpt>
      <trkpt lat="37.82250649295747" lon="12.893385272473097">
        <ele>199.19</ele>
      </trkpt>
      <trkpt lat="37.82235570251942" lon="12.893062569200993">
        <ele>199.51</ele>
      </trkpt>
      <trkpt lat="37.82220499590039" lon="12.89273994974792">
        <ele>199.8</ele>
      </trkpt>
      <trkpt lat="37.82205420546234" lon="12.892417246475816">
        <ele>200.07</ele>
      </trkpt>
      <trkpt lat="37.82190349884331" lon="12.892094627022743">
        <ele>200.29</ele>
      </trkpt>
      <trkpt lat="37.82175497151911" lon="12.891776952892542">
        <ele>200.49</ele>
      </trkpt>
      <trkpt lat="37.82158347778022" lon="12.891477718949318">
        <ele>200.67</ele>
      </trkpt>
      <trkpt lat="37.8214119002223" lon="12.891178568825126">
        <ele>200.77</ele>
      </trkpt>
      <trkpt lat="37.82124040648341" lon="12.890879334881902">
        <ele>200.94</ele>
      </trkpt>
      <trkpt lat="37.82106891274452" lon="12.89058018475771">
        <ele>201.1</ele>
      </trkpt>
      <trkpt lat="37.82089792191982" lon="12.890281956642866">
        <ele>201.25</ele>
      </trkpt>
      <trkpt lat="37.820836985483766" lon="12.890062937512994">
        <ele>201.34</ele>
      </trkpt>
      <trkpt lat="37.82080756500363" lon="12.889707880094647">
        <ele>201.4</ele>
      </trkpt>
      <trkpt lat="37.8207781445235" lon="12.889352822676301">
        <ele>201.52</ele>
      </trkpt>
      <trkpt lat="37.820748975500464" lon="12.88899994455278">
        <ele>201.64</ele>
      </trkpt>
      <trkpt lat="37.820665910840034" lon="12.888646982610226">
        <ele>201.78</ele>
      </trkpt>
      <trkpt lat="37.820582929998636" lon="12.88829393684864">
        <ele>202.01</ele>
      </trkpt>
      <trkpt lat="37.820499865338206" lon="12.887940974906087">
        <ele>202.21</ele>
      </trkpt>
      <trkpt lat="37.82041688449681" lon="12.887587929144502">
        <ele>202.36</ele>
      </trkpt>
      <trkpt lat="37.82033390365541" lon="12.887234967201948">
        <ele>202.64</ele>
      </trkpt>
      <trkpt lat="37.82025083899498" lon="12.886882005259395">
        <ele>203.0</ele>
      </trkpt>
      <trkpt lat="37.82016785815358" lon="12.88652895949781">
        <ele>203.43</ele>
      </trkpt>
      <trkpt lat="37.820085966959596" lon="12.886180942878127">
        <ele>203.97</ele>
      </trkpt>
      <trkpt lat="37.82011094503105" lon="12.885829992592335">
        <ele>204.39</ele>
      </trkpt>
      <trkpt lat="37.820127960294485" lon="12.88571197539568">
        <ele>204.92</ele>
      </trkpt>
      <trkpt lat="37.82021094113588" lon="12.885409975424409">
        <ele>205.55</ele>
      </trkpt>
      <trkpt lat="37.82030414789915" lon="12.885077381506562">
        <ele>206.33</ele>
      </trkpt>
      <trkpt lat="37.82039727084339" lon="12.884744871407747">
        <ele>207.23</ele>
      </trkpt>
      <trkpt lat="37.820489974692464" lon="12.884413953870535">
        <ele>208.23</ele>
      </trkpt>
      <trkpt lat="37.82052794471383" lon="12.884245980530977">
        <ele>209.28</ele>
      </trkpt>
      <trkpt lat="37.820489974692464" lon="12.883957978338003">
        <ele>210.34</ele>
      </trkpt>
      <trkpt lat="37.820447981357574" lon="12.883838955312967">
        <ele>211.5</ele>
      </trkpt>
      <trkpt lat="37.82028746791184" lon="12.883550534024835">
        <ele>212.79</ele>
      </trkpt>
      <trkpt lat="37.820126954466105" lon="12.883262112736702">
        <ele>214.18</ele>
      </trkpt>
      <trkpt lat="37.81996644102037" lon="12.882973775267601">
        <ele>215.62</ele>
      </trkpt>
      <trkpt lat="37.819805927574635" lon="12.882685353979468">
        <ele>217.15</ele>
      </trkpt>
      <trkpt lat="37.81964591704309" lon="12.882397938519716">
        <ele>218.75</ele>
      </trkpt>
      <trkpt lat="37.81949286349118" lon="12.882118737325072">
        <ele>220.3</ele>
      </trkpt>
      <trkpt lat="37.81933997757733" lon="12.881839955225587">
        <ele>221.76</ele>
      </trkpt>
      <trkpt lat="37.81918658874929" lon="12.881647925823927">
        <ele>223.28</ele>
      </trkpt>
      <trkpt lat="37.81903328374028" lon="12.881455980241299">
        <ele>224.85</ele>
      </trkpt>
      <trkpt lat="37.818879978731275" lon="12.881263950839639">
        <ele>226.44</ele>
      </trkpt>
      <trkpt lat="37.81865802593529" lon="12.881031520664692">
        <ele>228.1</ele>
      </trkpt>
      <trkpt lat="37.81843615695834" lon="12.880799006670713">
        <ele>229.81</ele>
      </trkpt>
      <trkpt lat="37.81821420416236" lon="12.880566576495767">
        <ele>231.48</ele>
      </trkpt>
      <trkpt lat="37.81799233518541" lon="12.88033414632082">
        <ele>233.11</ele>
      </trkpt>
      <trkpt lat="37.817770382389426" lon="12.880101632326841">
        <ele>234.76</ele>
      </trkpt>
      <trkpt lat="37.817548513412476" lon="12.879869202151895">
        <ele>236.29</ele>
      </trkpt>
      <trkpt lat="37.81732656061649" lon="12.879636688157916">
        <ele>237.7</ele>
      </trkpt>
      <trkpt lat="37.81710469163954" lon="12.87940425798297">
        <ele>239.0</ele>
      </trkpt>
      <trkpt lat="37.81688273884356" lon="12.879171827808022">
        <ele>240.25</ele>
      </trkpt>
      <trkpt lat="37.81666086986661" lon="12.878939397633076">
        <ele>241.43</ele>
      </trkpt>
      <trkpt lat="37.81643799506128" lon="12.878705961629748">
        <ele>242.62</ele>
      </trkpt>
      <trkpt lat="37.81620313413441" lon="12.878513596951962">
        <ele>243.83</ele>
      </trkpt>
      <trkpt lat="37.81596793793142" lon="12.87832098081708">
        <ele>244.82</ele>
      </trkpt>
      <trkpt lat="37.81579116359353" lon="12.87818561308086">
        <ele>245.69</ele>
      </trkpt>
      <trkpt lat="37.815613970160484" lon="12.878049993887544">
        <ele>246.5</ele>
      </trkpt>
      <trkpt lat="37.81547198072076" lon="12.877868944779038">
        <ele>247.31</ele>
      </trkpt>
      <trkpt lat="37.815354969352484" lon="12.877601981163025">
        <ele>248.09</ele>
      </trkpt>
      <trkpt lat="37.81532797962427" lon="12.877536937594414">
        <ele>248.65</ele>
      </trkpt>
      <trkpt lat="37.815335942432284" lon="12.8774219378829">
        <ele>249.11</ele>
      </trkpt>
      <trkpt lat="37.81533292494714" lon="12.877118932083249">
        <ele>249.51</ele>
      </trkpt>
      <trkpt lat="37.81532739289105" lon="12.877072831615806">
        <ele>249.76</ele>
      </trkpt>
      <trkpt lat="37.81532730907202" lon="12.87707157433033">
        <ele>249.77</ele>
      </trkpt>
      <trkpt lat="37.815327225252986" lon="12.877070903778076">
        <ele>249.93</ele>
      </trkpt>
      <trkpt lat="37.815306186676025" lon="12.876920700073242">
        <ele>250.03</ele>
      </trkpt>
      <trkpt lat="37.815306186676025" lon="12.876572348177433">
        <ele>250.05</ele>
      </trkpt>
      <trkpt lat="37.815306186676025" lon="12.876223996281624">
        <ele>249.92</ele>
      </trkpt>
      <trkpt lat="37.815306186676025" lon="12.875875644385815">
        <ele>249.74</ele>
      </trkpt>
      <trkpt lat="37.815306186676025" lon="12.875527292490005">
        <ele>249.5</ele>
      </trkpt>
      <trkpt lat="37.815306186676025" lon="12.875182628631592">
        <ele>249.16</ele>
      </trkpt>
      <trkpt lat="37.815306186676025" lon="12.875053882598877">
        <ele>248.82</ele>
      </trkpt>
      <trkpt lat="37.815316915512085" lon="12.874828074127436">
        <ele>248.39</ele>
      </trkpt>
      <trkpt lat="37.815327644348145" lon="12.874603271484375">
        <ele>247.94</ele>
      </trkpt>
      <trkpt lat="37.815392101183534" lon="12.874281406402588">
        <ele>247.5</ele>
      </trkpt>
      <trkpt lat="37.81547793187201" lon="12.8739595413208">
        <ele>247.1</ele>
      </trkpt>
      <trkpt lat="37.81543493270874" lon="12.873830795288086">
        <ele>246.76</ele>
      </trkpt>
      <trkpt lat="37.815392101183534" lon="12.873787879943848">
        <ele>246.42</ele>
      </trkpt>
      <trkpt lat="37.8153920173645" lon="12.873787879943848">
        <ele>246.08</ele>
      </trkpt>
      <trkpt lat="37.81517744064331" lon="12.873766422271729">
        <ele>245.79</ele>
      </trkpt>
      <trkpt lat="37.81496294774115" lon="12.873616218566895">
        <ele>245.47</ele>
      </trkpt>
      <trkpt lat="37.8147807251662" lon="12.873498285189271">
        <ele>245.14</ele>
      </trkpt>
      <trkpt lat="37.814598167315125" lon="12.873380184173584">
        <ele>244.88</ele>
      </trkpt>
      <trkpt lat="37.81453379429877" lon="12.873315811157227">
        <ele>244.61</ele>
      </trkpt>
      <trkpt lat="37.81427630223334" lon="12.873144149780273">
        <ele>244.38</ele>
      </trkpt>
      <trkpt lat="37.81409399583936" lon="12.87300475873053">
        <ele>244.11</ele>
      </trkpt>
      <trkpt lat="37.81391143798828" lon="12.872865200042725">
        <ele>243.84</ele>
      </trkpt>
      <trkpt lat="37.813847148790956" lon="12.872822284698486">
        <ele>243.58</ele>
      </trkpt>
      <trkpt lat="37.81367540359497" lon="12.872779369354248">
        <ele>243.32</ele>
      </trkpt>
      <trkpt lat="37.81352519989014" lon="12.87273645401001">
        <ele>243.1</ele>
      </trkpt>
      <trkpt lat="37.81343936920166" lon="12.872607707977295">
        <ele>242.87</ele>
      </trkpt>
      <trkpt lat="37.81339645385742" lon="12.872414588928223">
        <ele>242.63</ele>
      </trkpt>
      <trkpt lat="37.813353538513184" lon="12.872200012207031">
        <ele>242.36</ele>
      </trkpt>
      <trkpt lat="37.81325530260801" lon="12.871923241764307">
        <ele>242.08</ele>
      </trkpt>
      <trkpt lat="37.81315740197897" lon="12.8716473095119">
        <ele>241.77</ele>
      </trkpt>
      <trkpt lat="37.81325555406511" lon="12.871923996135592">
        <ele>241.58</ele>
      </trkpt>
      <trkpt lat="37.813353538513184" lon="12.872200012207031">
        <ele>242.36</ele>
      </trkpt>
      <trkpt lat="37.81339645385742" lon="12.872414588928223">
        <ele>242.63</ele>
      </trkpt>
      <trkpt lat="37.813353538513184" lon="12.872200012207031">
        <ele>242.36</ele>
      </trkpt>
      <trkpt lat="37.81325530260801" lon="12.871923241764307">
        <ele>242.08</ele>
      </trkpt>
      <trkpt lat="37.81315790489316" lon="12.871648902073503">
        <ele>239.9</ele>
      </trkpt>
      <trkpt lat="37.81315756961703" lon="12.87164781242609">
        <ele>239.89</ele>
      </trkpt>
      <trkpt lat="37.81315740197897" lon="12.8716473095119">
        <ele>241.77</ele>
      </trkpt>
      <trkpt lat="37.81311750411987" lon="12.871534824371338">
        <ele>239.13</ele>
      </trkpt>
      <trkpt lat="37.812977861613035" lon="12.871244810521603">
        <ele>238.73</ele>
      </trkpt>
      <trkpt lat="37.812838554382324" lon="12.870955467224121">
        <ele>238.38</ele>
      </trkpt>
      <trkpt lat="37.81265608035028" lon="12.87066562101245">
        <ele>238.03</ele>
      </trkpt>
      <trkpt lat="37.81247385777533" lon="12.870376110076904">
        <ele>237.52</ele>
      </trkpt>
      <trkpt lat="37.812388027086854" lon="12.870268821716309">
        <ele>237.13</ele>
      </trkpt>
      <trkpt lat="37.812345111742616" lon="12.870204448699951">
        <ele>236.8</ele>
      </trkpt>
      <trkpt lat="37.81219482421875" lon="12.870018454268575">
        <ele>236.51</ele>
      </trkpt>
      <trkpt lat="37.812044620513916" lon="12.869832459837198">
        <ele>236.31</ele>
      </trkpt>
      <trkpt lat="37.81189441680908" lon="12.869646549224854">
        <ele>236.1</ele>
      </trkpt>
      <trkpt lat="37.8116584662348" lon="12.869410598650575">
        <ele>235.86</ele>
      </trkpt>
      <trkpt lat="37.81142243184149" lon="12.869174480438232">
        <ele>235.65</ele>
      </trkpt>
      <trkpt lat="37.811315059661865" lon="12.869346141815186">
        <ele>235.77</ele>
      </trkpt>
      <trkpt lat="37.8112078551203" lon="12.869517803192139">
        <ele>235.88</ele>
      </trkpt>
      <trkpt lat="37.81116493977606" lon="12.869560718536377">
        <ele>235.95</ele>
      </trkpt>
      <trkpt lat="37.811046838760376" lon="12.869710922241211">
        <ele>236.06</ele>
      </trkpt>
      <trkpt lat="37.81092890538275" lon="12.869861125946045">
        <ele>236.23</ele>
      </trkpt>
      <trkpt lat="37.810842990875244" lon="12.86998987197876">
        <ele>236.46</ele>
      </trkpt>
      <trkpt lat="37.81071432866156" lon="12.870140075683594">
        <ele>236.68</ele>
      </trkpt>
      <trkpt lat="37.810628497973084" lon="12.87024736404419">
        <ele>236.96</ele>
      </trkpt>
      <trkpt lat="37.81047821044922" lon="12.870397567749023">
        <ele>237.25</ele>
      </trkpt>
      <trkpt lat="37.810592791065574" lon="12.870683977380395">
        <ele>237.77</ele>
      </trkpt>
      <trkpt lat="37.81070737168193" lon="12.870970470830798">
        <ele>238.08</ele>
      </trkpt>
      <trkpt lat="37.810821533203125" lon="12.871255874633789">
        <ele>238.31</ele>
      </trkpt>
      <trkpt lat="37.81092890538275" lon="12.871363162994385">
        <ele>238.59</ele>
      </trkpt>
      <trkpt lat="37.81095027923584" lon="12.871427536010742">
        <ele>238.83</ele>
      </trkpt>
      <trkpt lat="37.81097182072699" lon="12.87147045135498">
        <ele>239.08</ele>
      </trkpt>
      <trkpt lat="37.811057567596436" lon="12.87147045135498">
        <ele>239.36</ele>
      </trkpt>
      <trkpt lat="37.811079025268555" lon="12.871406078338623">
        <ele>239.58</ele>
      </trkpt>
      <trkpt lat="37.811057567596436" lon="12.871320247650146">
        <ele>239.75</ele>
      </trkpt>
      <trkpt lat="37.81099319458008" lon="12.871298789978027">
        <ele>239.89</ele>
      </trkpt>
      <trkpt lat="37.81094147823751" lon="12.871350506320596">
        <ele>240.02</ele>
      </trkpt>
      <trkpt lat="37.81092882156372" lon="12.871363162994385">
        <ele>240.2</ele>
      </trkpt>
      <trkpt lat="37.81092890538275" lon="12.871363162994385">
        <ele>238.59</ele>
      </trkpt>
      <trkpt lat="37.81095027923584" lon="12.871427536010742">
        <ele>238.83</ele>
      </trkpt>
      <trkpt lat="37.81097182072699" lon="12.87147045135498">
        <ele>239.08</ele>
      </trkpt>
      <trkpt lat="37.811057567596436" lon="12.87147045135498">
        <ele>239.36</ele>
      </trkpt>
      <trkpt lat="37.811079025268555" lon="12.871406078338623">
        <ele>239.58</ele>
      </trkpt>
      <trkpt lat="37.811057567596436" lon="12.871320247650146">
        <ele>239.75</ele>
      </trkpt>
      <trkpt lat="37.81099319458008" lon="12.871298789978027">
        <ele>239.89</ele>
      </trkpt>
      <trkpt lat="37.81094281934202" lon="12.871348997578025">
        <ele>241.09</ele>
      </trkpt>
    </trkseg>
  </trk>
</gpx>
