<?xml version="1.0" encoding="UTF-8"?>
<gpx creator="Garmin Connect" version="1.1"
  xsi:schemaLocation="http://www.topografix.com/GPX/1/1 http://www.topografix.com/GPX/11.xsd"
  xmlns:ns3="http://www.garmin.com/xmlschemas/TrackPointExtension/v1"
  xmlns="http://www.topografix.com/GPX/1/1"
  xmlns:xsi="http://www.w3.org/2001/XMLSchema-instance" xmlns:ns2="http://www.garmin.com/xmlschemas/GpxExtensions/v3">
  <metadata>
    <name>SD03 / Sambuca di Sicilia - Santo Stefano Quisquina</name>
    <link href="connect.garmin.com">
      <text>Garmin Connect</text>
    </link>
    <time>2026-09-02T17:19:21.000Z</time>
  </metadata>
  <trk>
    <name>SD03 / Sambuca di Sicilia - Santo Stefano Quisquina</name>
    <trkseg>
      <trkpt lat="37.65051000751555" lon="13.11545985750854">
        <ele>372.58</ele>
      </trkpt>
      <trkpt lat="37.65054998919368" lon="13.115569911897182">
        <ele>372.02</ele>
      </trkpt>
      <trkpt lat="37.650630036368966" lon="13.115790020674467">
        <ele>371.23</ele>
      </trkpt>
      <trkpt lat="37.650534985587" lon="13.115722797811031">
        <ele>370.45</ele>
      </trkpt>
      <trkpt lat="37.65047891065478" lon="13.115557003766298">
        <ele>369.65</ele>
      </trkpt>
      <trkpt lat="37.65035402029753" lon="13.115358017385006">
        <ele>368.81</ele>
      </trkpt>
      <trkpt lat="37.650245390832424" lon="13.115166323259473">
        <ele>367.98</ele>
      </trkpt>
      <trkpt lat="37.650137012824416" lon="13.114974964410067">
        <ele>367.08</ele>
      </trkpt>
      <trkpt lat="37.64996996149421" lon="13.114740019664168">
        <ele>365.93</ele>
      </trkpt>
      <trkpt lat="37.65008001588285" lon="13.114699870347977">
        <ele>364.74</ele>
      </trkpt>
      <trkpt lat="37.65027003362775" lon="13.114629965275526">
        <ele>363.3</ele>
      </trkpt>
      <trkpt lat="37.65031001530588" lon="13.114670030772686">
        <ele>361.77</ele>
      </trkpt>
      <trkpt lat="37.65034991316497" lon="13.11468000523746">
        <ele>360.04</ele>
      </trkpt>
      <trkpt lat="37.650480000302196" lon="13.11468000523746">
        <ele>357.9</ele>
      </trkpt>
      <trkpt lat="37.650589970871806" lon="13.11476994305849">
        <ele>355.61</ele>
      </trkpt>
      <trkpt lat="37.650710083544254" lon="13.11499516479671">
        <ele>353.08</ele>
      </trkpt>
      <trkpt lat="37.65083002857864" lon="13.11521996743977">
        <ele>350.38</ele>
      </trkpt>
      <trkpt lat="37.65090001747012" lon="13.11530982144177">
        <ele>347.59</ele>
      </trkpt>
      <trkpt lat="37.65096003189683" lon="13.115360029041767">
        <ele>344.71</ele>
      </trkpt>
      <trkpt lat="37.6511946413666" lon="13.115494810044765">
        <ele>341.27</ele>
      </trkpt>
      <trkpt lat="37.65143000520766" lon="13.11562992632389">
        <ele>337.82</ele>
      </trkpt>
      <trkpt lat="37.65162999741733" lon="13.115790020674467">
        <ele>334.43</ele>
      </trkpt>
      <trkpt lat="37.65166997909546" lon="13.115790020674467">
        <ele>331.2</ele>
      </trkpt>
      <trkpt lat="37.65165992081165" lon="13.115790020674467">
        <ele>328.15</ele>
      </trkpt>
      <trkpt lat="37.651919424533844" lon="13.115834863856435">
        <ele>324.79</ele>
      </trkpt>
      <trkpt lat="37.65218001790345" lon="13.115879958495498">
        <ele>321.46</ele>
      </trkpt>
      <trkpt lat="37.65231999568641" lon="13.115879958495498">
        <ele>318.31</ele>
      </trkpt>
      <trkpt lat="37.65258000232279" lon="13.115850035101175">
        <ele>315.12</ele>
      </trkpt>
      <trkpt lat="37.65287001617253" lon="13.11581994406879">
        <ele>312.11</ele>
      </trkpt>
      <trkpt lat="37.65284327790141" lon="13.116140635684133">
        <ele>309.33</ele>
      </trkpt>
      <trkpt lat="37.652816539630294" lon="13.116461243480444">
        <ele>306.65</ele>
      </trkpt>
      <trkpt lat="37.65278996899724" lon="13.116780007258058">
        <ele>304.19</ele>
      </trkpt>
      <trkpt lat="37.65276323072612" lon="13.117063902318478">
        <ele>301.86</ele>
      </trkpt>
      <trkpt lat="37.652736492455006" lon="13.117347797378898">
        <ele>299.79</ele>
      </trkpt>
      <trkpt lat="37.65270992182195" lon="13.117629932239652">
        <ele>297.87</ele>
      </trkpt>
      <trkpt lat="37.652686620131135" lon="13.117943918332458">
        <ele>296.07</ele>
      </trkpt>
      <trkpt lat="37.652663234621286" lon="13.118257904425263">
        <ele>294.37</ele>
      </trkpt>
      <trkpt lat="37.6526400167495" lon="13.11856996268034">
        <ele>292.67</ele>
      </trkpt>
      <trkpt lat="37.652589892968535" lon="13.118650009855628">
        <ele>291.19</ele>
      </trkpt>
      <trkpt lat="37.652529794722795" lon="13.11884019523859">
        <ele>289.77</ele>
      </trkpt>
      <trkpt lat="37.65247003175318" lon="13.119029877707362">
        <ele>288.52</ele>
      </trkpt>
      <trkpt lat="37.65240490436554" lon="13.119255267083645">
        <ele>287.37</ele>
      </trkpt>
      <trkpt lat="37.65234002843499" lon="13.119479902088642">
        <ele>286.28</ele>
      </trkpt>
      <trkpt lat="37.65225646086037" lon="13.119823895394802">
        <ele>285.23</ele>
      </trkpt>
      <trkpt lat="37.65217297710478" lon="13.12016780488193">
        <ele>284.43</ele>
      </trkpt>
      <trkpt lat="37.65208991244435" lon="13.120509954169393">
        <ele>283.74</ele>
      </trkpt>
      <trkpt lat="37.6520200073719" lon="13.120799884200096">
        <ele>283.03</ele>
      </trkpt>
      <trkpt lat="37.651846669614315" lon="13.1209965236485">
        <ele>282.17</ele>
      </trkpt>
      <trkpt lat="37.65167333185673" lon="13.121193163096905">
        <ele>281.26</ele>
      </trkpt>
      <trkpt lat="37.65149999409914" lon="13.12138988636434">
        <ele>280.45</ele>
      </trkpt>
      <trkpt lat="37.6513500418514" lon="13.121530031785369">
        <ele>279.79</ele>
      </trkpt>
      <trkpt lat="37.65113001689315" lon="13.12170990742743">
        <ele>279.34</ele>
      </trkpt>
      <trkpt lat="37.65098023228347" lon="13.12177981249988">
        <ele>278.92</ele>
      </trkpt>
      <trkpt lat="37.65083002857864" lon="13.121849969029427">
        <ele>278.59</ele>
      </trkpt>
      <trkpt lat="37.65064990147948" lon="13.12190000899136">
        <ele>278.3</ele>
      </trkpt>
      <trkpt lat="37.650459967553616" lon="13.121929932385683">
        <ele>278.01</ele>
      </trkpt>
      <trkpt lat="37.65025000087917" lon="13.12192004173994">
        <ele>277.69</ele>
      </trkpt>
      <trkpt lat="37.64995998702943" lon="13.1218599434942">
        <ele>277.28</ele>
      </trkpt>
      <trkpt lat="37.64975035563111" lon="13.121783416718245">
        <ele>276.81</ele>
      </trkpt>
      <trkpt lat="37.64954072423279" lon="13.121706889942288">
        <ele>276.37</ele>
      </trkpt>
      <trkpt lat="37.64933000318706" lon="13.121630027890205">
        <ele>275.9</ele>
      </trkpt>
      <trkpt lat="37.64909707009792" lon="13.121543442830443">
        <ele>275.44</ele>
      </trkpt>
      <trkpt lat="37.648864137008786" lon="13.121456941589713">
        <ele>275.03</ele>
      </trkpt>
      <trkpt lat="37.648630030453205" lon="13.121369937434793">
        <ele>274.59</ele>
      </trkpt>
      <trkpt lat="37.64854998327792" lon="13.12134001404047">
        <ele>274.11</ele>
      </trkpt>
      <trkpt lat="37.64824999496341" lon="13.12129994854331">
        <ele>273.56</ele>
      </trkpt>
      <trkpt lat="37.64808000996709" lon="13.121310006827116">
        <ele>273.0</ele>
      </trkpt>
      <trkpt lat="37.64797003939748" lon="13.121330039575696">
        <ele>272.42</ele>
      </trkpt>
      <trkpt lat="37.647799886763096" lon="13.121400028467178">
        <ele>271.82</ele>
      </trkpt>
      <trkpt lat="37.64765999279916" lon="13.121489966288209">
        <ele>271.19</ele>
      </trkpt>
      <trkpt lat="37.64749998226762" lon="13.121609995141625">
        <ele>270.53</ele>
      </trkpt>
      <trkpt lat="37.64733997173607" lon="13.12177000567317">
        <ele>269.85</ele>
      </trkpt>
      <trkpt lat="37.647239891812205" lon="13.12192004173994">
        <ele>269.22</ele>
      </trkpt>
      <trkpt lat="37.6471399795264" lon="13.122099917382002">
        <ele>268.63</ele>
      </trkpt>
      <trkpt lat="37.64707996509969" lon="13.12226990237832">
        <ele>268.02</ele>
      </trkpt>
      <trkpt lat="37.647020034492016" lon="13.122490011155605">
        <ele>267.42</ele>
      </trkpt>
      <trkpt lat="37.646979968994856" lon="13.122729985043406">
        <ele>266.78</ele>
      </trkpt>
      <trkpt lat="37.64699497260153" lon="13.122955458238721">
        <ele>266.14</ele>
      </trkpt>
      <trkpt lat="37.64700997620821" lon="13.123180009424686">
        <ele>265.45</ele>
      </trkpt>
      <trkpt lat="37.6470900233835" lon="13.123549986630678">
        <ele>264.59</ele>
      </trkpt>
      <trkpt lat="37.64717509970069" lon="13.123745201155543">
        <ele>263.85</ele>
      </trkpt>
      <trkpt lat="37.64726000837982" lon="13.12393999658525">
        <ele>263.17</ele>
      </trkpt>
      <trkpt lat="37.64739001169801" lon="13.124159937724471">
        <ele>262.61</ele>
      </trkpt>
      <trkpt lat="37.647510124370456" lon="13.124495381489396">
        <ele>262.01</ele>
      </trkpt>
      <trkpt lat="37.64762998558581" lon="13.124829903244972">
        <ele>261.5</ele>
      </trkpt>
      <trkpt lat="37.64769997447729" lon="13.125169957056642">
        <ele>260.81</ele>
      </trkpt>
      <trkpt lat="37.64770986512303" lon="13.125370033085346">
        <ele>260.07</ele>
      </trkpt>
      <trkpt lat="37.64763996005058" lon="13.125670021399856">
        <ele>259.27</ele>
      </trkpt>
      <trkpt lat="37.64749478548765" lon="13.126015355810523">
        <ele>258.64</ele>
      </trkpt>
      <trkpt lat="37.64735003001988" lon="13.126360019668937">
        <ele>258.25</ele>
      </trkpt>
      <trkpt lat="37.647199826315045" lon="13.126675263047218">
        <ele>257.94</ele>
      </trkpt>
      <trkpt lat="37.64705004170537" lon="13.12699000351131">
        <ele>257.33</ele>
      </trkpt>
      <trkpt lat="37.64694987796247" lon="13.127279933542013">
        <ele>256.72</ele>
      </trkpt>
      <trkpt lat="37.6469000056386" lon="13.127540023997426">
        <ele>256.22</ele>
      </trkpt>
      <trkpt lat="37.64687997289002" lon="13.127769939601421">
        <ele>255.76</ele>
      </trkpt>
      <trkpt lat="37.64687997289002" lon="13.12800002284348">
        <ele>255.33</ele>
      </trkpt>
      <trkpt lat="37.6469000056386" lon="13.128205379471183">
        <ele>254.96</ele>
      </trkpt>
      <trkpt lat="37.64692003838718" lon="13.1284099817276">
        <ele>254.59</ele>
      </trkpt>
      <trkpt lat="37.64693001285195" lon="13.128759926185012">
        <ele>254.15</ele>
      </trkpt>
      <trkpt lat="37.64696504920721" lon="13.12895530834794">
        <ele>253.8</ele>
      </trkpt>
      <trkpt lat="37.647000001743436" lon="13.129149852320552">
        <ele>253.47</ele>
      </trkpt>
      <trkpt lat="37.64703000895679" lon="13.12937993556261">
        <ele>253.18</ele>
      </trkpt>
      <trkpt lat="37.647056663408875" lon="13.1296671833843">
        <ele>252.9</ele>
      </trkpt>
      <trkpt lat="37.64708340167999" lon="13.129954431205988">
        <ele>252.67</ele>
      </trkpt>
      <trkpt lat="37.64710997231305" lon="13.13023991882801">
        <ele>252.53</ele>
      </trkpt>
      <trkpt lat="37.64712665230036" lon="13.130530519410968">
        <ele>252.39</ele>
      </trkpt>
      <trkpt lat="37.64714333228767" lon="13.130821119993925">
        <ele>252.28</ele>
      </trkpt>
      <trkpt lat="37.64716001227498" lon="13.131109960377216">
        <ele>252.22</ele>
      </trkpt>
      <trkpt lat="37.647150037810206" lon="13.131209956482053">
        <ele>252.16</ele>
      </trkpt>
      <trkpt lat="37.647130005061626" lon="13.131469879299402">
        <ele>252.12</ele>
      </trkpt>
      <trkpt lat="37.647150037810206" lon="13.131580017507076">
        <ele>252.13</ele>
      </trkpt>
      <trkpt lat="37.647109888494015" lon="13.131970781832933">
        <ele>252.16</ele>
      </trkpt>
      <trkpt lat="37.64706999063492" lon="13.13236003741622">
        <ele>252.23</ele>
      </trkpt>
      <trkpt lat="37.647020034492016" lon="13.132739989086986">
        <ele>252.36</ele>
      </trkpt>
      <trkpt lat="37.64695314690471" lon="13.13307392410934">
        <ele>252.44</ele>
      </trkpt>
      <trkpt lat="37.64688634313643" lon="13.133407859131694">
        <ele>252.5</ele>
      </trkpt>
      <trkpt lat="37.64681995846331" lon="13.13373995013535">
        <ele>252.59</ele>
      </trkpt>
      <trkpt lat="37.64679003506899" lon="13.133880011737347">
        <ele>252.71</ele>
      </trkpt>
      <trkpt lat="37.64669984579086" lon="13.134160386398435">
        <ele>252.87</ele>
      </trkpt>
      <trkpt lat="37.64660990796983" lon="13.134440006688237">
        <ele>253.08</ele>
      </trkpt>
      <trkpt lat="37.646489795297384" lon="13.1347303558141">
        <ele>253.29</ele>
      </trkpt>
      <trkpt lat="37.64637001790106" lon="13.135020034387708">
        <ele>253.49</ele>
      </trkpt>
      <trkpt lat="37.64627002179623" lon="13.135280041024089">
        <ele>253.74</ele>
      </trkpt>
      <trkpt lat="37.646116549149156" lon="13.135580280795693">
        <ele>254.02</ele>
      </trkpt>
      <trkpt lat="37.645963076502085" lon="13.135880520567298">
        <ele>254.28</ele>
      </trkpt>
      <trkpt lat="37.64581002295017" lon="13.136180005967617">
        <ele>254.53</ele>
      </trkpt>
      <trkpt lat="37.645714888349175" lon="13.13637019135058">
        <ele>254.78</ele>
      </trkpt>
      <trkpt lat="37.64561992138624" lon="13.136559957638383">
        <ele>255.02</ele>
      </trkpt>
      <trkpt lat="37.64555001631379" lon="13.136799847707152">
        <ele>255.26</ele>
      </trkpt>
      <trkpt lat="37.64551003463566" lon="13.13706991262734">
        <ele>255.53</ele>
      </trkpt>
      <trkpt lat="37.64549000188708" lon="13.137289937585592">
        <ele>255.86</ele>
      </trkpt>
      <trkpt lat="37.64552998356521" lon="13.13758003525436">
        <ele>256.18</ele>
      </trkpt>
      <trkpt lat="37.64561011455953" lon="13.137950599193573">
        <ele>256.49</ele>
      </trkpt>
      <trkpt lat="37.64569024555385" lon="13.138321246951818">
        <ele>256.84</ele>
      </trkpt>
      <trkpt lat="37.64576995745301" lon="13.138689883053303">
        <ele>257.22</ele>
      </trkpt>
      <trkpt lat="37.64584003016353" lon="13.1390699185431">
        <ele>257.68</ele>
      </trkpt>
      <trkpt lat="37.6458449754864" lon="13.139275358989835">
        <ele>258.11</ele>
      </trkpt>
      <trkpt lat="37.6458500046283" lon="13.13947987742722">
        <ele>258.54</ele>
      </trkpt>
      <trkpt lat="37.64582988806069" lon="13.139680037274957">
        <ele>258.97</ele>
      </trkpt>
      <trkpt lat="37.645804826170206" lon="13.13988539390266">
        <ele>259.44</ele>
      </trkpt>
      <trkpt lat="37.64578001573682" lon="13.140089996159077">
        <ele>259.92</ele>
      </trkpt>
      <trkpt lat="37.64566979371011" lon="13.140365341678262">
        <ele>260.39</ele>
      </trkpt>
      <trkpt lat="37.645559990778565" lon="13.140639932826161">
        <ele>260.96</ele>
      </trkpt>
      <trkpt lat="37.64552998356521" lon="13.14067991450429">
        <ele>261.48</ele>
      </trkpt>
      <trkpt lat="37.64538003131747" lon="13.14091988839209">
        <ele>262.07</ele>
      </trkpt>
      <trkpt lat="37.64525002799928" lon="13.141074953600764">
        <ele>262.6</ele>
      </trkpt>
      <trkpt lat="37.64512002468109" lon="13.141230018809438">
        <ele>263.11</ele>
      </trkpt>
      <trkpt lat="37.64499010518193" lon="13.14134988002479">
        <ele>263.6</ele>
      </trkpt>
      <trkpt lat="37.64486001804471" lon="13.141469992697239">
        <ele>264.11</ele>
      </trkpt>
      <trkpt lat="37.64466262422502" lon="13.141654813662171">
        <ele>264.64</ele>
      </trkpt>
      <trkpt lat="37.64446523040533" lon="13.141839718446136">
        <ele>265.21</ele>
      </trkpt>
      <trkpt lat="37.64426783658564" lon="13.1420246232301">
        <ele>265.95</ele>
      </trkpt>
      <trkpt lat="37.64407002367079" lon="13.142209947109222">
        <ele>266.71</ele>
      </trkpt>
      <trkpt lat="37.643880089744925" lon="13.142384877428412">
        <ele>267.39</ele>
      </trkpt>
      <trkpt lat="37.64368990436196" lon="13.142559975385666">
        <ele>268.06</ele>
      </trkpt>
      <trkpt lat="37.643549926579" lon="13.142749993130565">
        <ele>268.79</ele>
      </trkpt>
      <trkpt lat="37.643410032615066" lon="13.142939927056432">
        <ele>269.45</ele>
      </trkpt>
      <trkpt lat="37.643369967117906" lon="13.143049897626042">
        <ele>270.11</ele>
      </trkpt>
      <trkpt lat="37.643269803375006" lon="13.143340330570936">
        <ele>270.83</ele>
      </trkpt>
      <trkpt lat="37.64316997490823" lon="13.143629925325513">
        <ele>271.52</ele>
      </trkpt>
      <trkpt lat="37.64312990941107" lon="13.143809968605638">
        <ele>272.2</ele>
      </trkpt>
      <trkpt lat="37.64310987666249" lon="13.14419997856021">
        <ele>272.67</ele>
      </trkpt>
      <trkpt lat="37.64310241676867" lon="13.14451564103365">
        <ele>273.21</ele>
      </trkpt>
      <trkpt lat="37.64309495687485" lon="13.14483130350709">
        <ele>273.83</ele>
      </trkpt>
      <trkpt lat="37.64308741316199" lon="13.14514696598053">
        <ele>274.57</ele>
      </trkpt>
      <trkpt lat="37.6430800370872" lon="13.145460030063987">
        <ele>275.18</ele>
      </trkpt>
      <trkpt lat="37.64306000433862" lon="13.145539909601212">
        <ele>275.83</ele>
      </trkpt>
      <trkpt lat="37.643009880557656" lon="13.145809974521399">
        <ele>276.5</ele>
      </trkpt>
      <trkpt lat="37.64290996827185" lon="13.14615991897881">
        <ele>277.17</ele>
      </trkpt>
      <trkpt lat="37.64276999048889" lon="13.146489998325706">
        <ele>277.84</ele>
      </trkpt>
      <trkpt lat="37.642639987170696" lon="13.14673994667828">
        <ele>278.54</ele>
      </trkpt>
      <trkpt lat="37.64252984896302" lon="13.146910015493631">
        <ele>279.25</ele>
      </trkpt>
      <trkpt lat="37.64241996221244" lon="13.14708000048995">
        <ele>279.95</ele>
      </trkpt>
      <trkpt lat="37.642230028286576" lon="13.147259876132011">
        <ele>280.68</ele>
      </trkpt>
      <trkpt lat="37.64220002107322" lon="13.14740002155304">
        <ele>281.33</ele>
      </trkpt>
      <trkpt lat="37.64217998832464" lon="13.14744989387691">
        <ele>281.99</ele>
      </trkpt>
      <trkpt lat="37.641983181238174" lon="13.14775331877172">
        <ele>282.69</ele>
      </trkpt>
      <trkpt lat="37.64178645797074" lon="13.148056827485561">
        <ele>283.37</ele>
      </trkpt>
      <trkpt lat="37.6415899861604" lon="13.148360000923276">
        <ele>284.14</ele>
      </trkpt>
      <trkpt lat="37.641484877094626" lon="13.148530069738626">
        <ele>284.87</ele>
      </trkpt>
      <trkpt lat="37.64138001948595" lon="13.148699887096882">
        <ele>285.56</ele>
      </trkpt>
      <trkpt lat="37.641264935955405" lon="13.148910105228424">
        <ele>286.28</ele>
      </trkpt>
      <trkpt lat="37.64115002006292" lon="13.14911998808384">
        <ele>286.99</ele>
      </trkpt>
      <trkpt lat="37.6410648599267" lon="13.149350238963962">
        <ele>287.66</ele>
      </trkpt>
      <trkpt lat="37.64097995124757" lon="13.149579903110862">
        <ele>288.34</ele>
      </trkpt>
      <trkpt lat="37.64094986021519" lon="13.149719964712858">
        <ele>288.95</ele>
      </trkpt>
      <trkpt lat="37.64089001342654" lon="13.150009894743562">
        <ele>289.49</ele>
      </trkpt>
      <trkpt lat="37.64087492600083" lon="13.150220364332199">
        <ele>290.04</ele>
      </trkpt>
      <trkpt lat="37.64086000621319" lon="13.15042999573052">
        <ele>290.64</ele>
      </trkpt>
      <trkpt lat="37.64088003896177" lon="13.1507798563689">
        <ele>291.19</ele>
      </trkpt>
      <trkpt lat="37.64090996235609" lon="13.151089986786246">
        <ele>291.76</ele>
      </trkpt>
      <trkpt lat="37.6409699767828" lon="13.151370026171207">
        <ele>292.31</ele>
      </trkpt>
      <trkpt lat="37.64105999842286" lon="13.15167990513146">
        <ele>292.85</ele>
      </trkpt>
      <trkpt lat="37.64118002727628" lon="13.15195994451642">
        <ele>293.41</ele>
      </trkpt>
      <trkpt lat="37.6412599068135" lon="13.15210989676416">
        <ele>293.97</ele>
      </trkpt>
      <trkpt lat="37.64145000837743" lon="13.152400078251958">
        <ele>294.57</ele>
      </trkpt>
      <trkpt lat="37.64164002612233" lon="13.15268992446363">
        <ele>295.09</ele>
      </trkpt>
      <trkpt lat="37.641780003905296" lon="13.15290005877614">
        <ele>295.65</ele>
      </trkpt>
      <trkpt lat="37.64191998168826" lon="13.153110025450587">
        <ele>296.22</ele>
      </trkpt>
      <trkpt lat="37.6420199777931" lon="13.153319908306003">
        <ele>296.79</ele>
      </trkpt>
      <trkpt lat="37.642100024968386" lon="13.153540017083287">
        <ele>297.34</ele>
      </trkpt>
      <trkpt lat="37.64215006493032" lon="13.153750319033861">
        <ele>297.8</ele>
      </trkpt>
      <trkpt lat="37.64220002107322" lon="13.153959950432181">
        <ele>298.26</ele>
      </trkpt>
      <trkpt lat="37.642230028286576" lon="13.154139993712306">
        <ele>298.76</ele>
      </trkpt>
      <trkpt lat="37.64224000275135" lon="13.154479879885912">
        <ele>299.4</ele>
      </trkpt>
      <trkpt lat="37.6422166172415" lon="13.154837368056178">
        <ele>299.98</ele>
      </trkpt>
      <trkpt lat="37.64219323173165" lon="13.155194772407413">
        <ele>300.44</ele>
      </trkpt>
      <trkpt lat="37.64217001385987" lon="13.15554991364479">
        <ele>300.89</ele>
      </trkpt>
      <trkpt lat="37.64216490089893" lon="13.155795503407717">
        <ele>301.33</ele>
      </trkpt>
      <trkpt lat="37.64215987175703" lon="13.15604000352323">
        <ele>301.81</ele>
      </trkpt>
      <trkpt lat="37.64213992282748" lon="13.15629992634058">
        <ele>302.32</ele>
      </trkpt>
      <trkpt lat="37.642149897292256" lon="13.156560519710183">
        <ele>302.8</ele>
      </trkpt>
      <trkpt lat="37.64215987175703" lon="13.156819939613342">
        <ele>303.32</ele>
      </trkpt>
      <trkpt lat="37.642230028286576" lon="13.157045328989625">
        <ele>303.78</ele>
      </trkpt>
      <trkpt lat="37.64230001717806" lon="13.15726988017559">
        <ele>304.24</ele>
      </trkpt>
      <trkpt lat="37.642392637208104" lon="13.157592918723822">
        <ele>304.76</ele>
      </trkpt>
      <trkpt lat="37.64248525723815" lon="13.157915957272053">
        <ele>305.28</ele>
      </trkpt>
      <trkpt lat="37.642577877268195" lon="13.158238995820284">
        <ele>305.81</ele>
      </trkpt>
      <trkpt lat="37.64266999438405" lon="13.158559938892722">
        <ele>306.26</ele>
      </trkpt>
      <trkpt lat="37.642767643556" lon="13.15889798104763">
        <ele>306.65</ele>
      </trkpt>
      <trkpt lat="37.64286529272795" lon="13.159236023202538">
        <ele>307.14</ele>
      </trkpt>
      <trkpt lat="37.642962941899896" lon="13.159574065357447">
        <ele>307.68</ele>
      </trkpt>
      <trkpt lat="37.64306000433862" lon="13.15990992821753">
        <ele>308.17</ele>
      </trkpt>
      <trkpt lat="37.64314508065581" lon="13.160202959552407">
        <ele>308.66</ele>
      </trkpt>
      <trkpt lat="37.643230240792036" lon="13.160495907068253">
        <ele>309.14</ele>
      </trkpt>
      <trkpt lat="37.64331531710923" lon="13.160788854584098">
        <ele>309.56</ele>
      </trkpt>
      <trkpt lat="37.64339997433126" lon="13.161080041900277">
        <ele>309.98</ele>
      </trkpt>
      <trkpt lat="37.643410032615066" lon="13.161269892007113">
        <ele>310.38</ele>
      </trkpt>
      <trkpt lat="37.64342000707984" lon="13.161320015788078">
        <ele>310.81</ele>
      </trkpt>
      <trkpt lat="37.6435100287199" lon="13.161529982462525">
        <ele>311.21</ele>
      </trkpt>
      <trkpt lat="37.64361681416631" lon="13.16189719364047">
        <ele>311.65</ele>
      </trkpt>
      <trkpt lat="37.64372359961271" lon="13.162264488637447">
        <ele>312.15</ele>
      </trkpt>
      <trkpt lat="37.64382996596396" lon="13.162630023434758">
        <ele>312.65</ele>
      </trkpt>
      <trkpt lat="37.643920071423054" lon="13.16293797455728">
        <ele>313.14</ele>
      </trkpt>
      <trkpt lat="37.64401017688215" lon="13.163245925679803">
        <ele>313.58</ele>
      </trkpt>
      <trkpt lat="37.64410036616027" lon="13.163553876802325">
        <ele>314.05</ele>
      </trkpt>
      <trkpt lat="37.64418996870518" lon="13.16385998390615">
        <ele>314.45</ele>
      </trkpt>
      <trkpt lat="37.64436003752053" lon="13.16415997222066">
        <ele>314.89</ele>
      </trkpt>
      <trkpt lat="37.64441988430917" lon="13.164259968325496">
        <ele>315.34</ele>
      </trkpt>
      <trkpt lat="37.64458986930549" lon="13.164469934999943">
        <ele>315.81</ele>
      </trkpt>
      <trkpt lat="37.64475993812084" lon="13.16467990167439">
        <ele>316.27</ele>
      </trkpt>
      <trkpt lat="37.64483998529613" lon="13.164859777316451">
        <ele>316.73</ele>
      </trkpt>
      <trkpt lat="37.64507995918393" lon="13.165030013769865">
        <ele>317.11</ele>
      </trkpt>
      <trkpt lat="37.64527500607073" lon="13.165330085903406">
        <ele>317.59</ele>
      </trkpt>
      <trkpt lat="37.6454699691385" lon="13.165629906579852">
        <ele>318.0</ele>
      </trkpt>
      <trkpt lat="37.64549997635186" lon="13.165699979290366">
        <ele>318.43</ele>
      </trkpt>
      <trkpt lat="37.64555001631379" lon="13.165850015357137">
        <ele>318.84</ele>
      </trkpt>
      <trkpt lat="37.64556996524334" lon="13.166060401126742">
        <ele>319.28</ele>
      </trkpt>
      <trkpt lat="37.64558999799192" lon="13.16626994870603">
        <ele>319.78</ele>
      </trkpt>
      <trkpt lat="37.64556996524334" lon="13.166499864310026">
        <ele>320.28</ele>
      </trkpt>
      <trkpt lat="37.645496455952525" lon="13.16685383208096">
        <ele>320.81</ele>
      </trkpt>
      <trkpt lat="37.64542303048074" lon="13.167207883670926">
        <ele>321.35</ele>
      </trkpt>
      <trkpt lat="37.64535002410412" lon="13.16755992360413">
        <ele>321.96</ele>
      </trkpt>
      <trkpt lat="37.645304845646024" lon="13.167890589684248">
        <ele>322.59</ele>
      </trkpt>
      <trkpt lat="37.645260002464056" lon="13.16821999847889">
        <ele>323.12</ele>
      </trkpt>
      <trkpt lat="37.64515648595989" lon="13.168463576585054">
        <ele>323.68</ele>
      </trkpt>
      <trkpt lat="37.64505305327475" lon="13.16870715469122">
        <ele>324.22</ele>
      </trkpt>
      <trkpt lat="37.64495003968477" lon="13.168949978426099">
        <ele>324.75</ele>
      </trkpt>
      <trkpt lat="37.644830010831356" lon="13.169249966740608">
        <ele>325.3</ele>
      </trkpt>
      <trkpt lat="37.64473990537226" lon="13.16933998838067">
        <ele>325.89</ele>
      </trkpt>
      <trkpt lat="37.64469003304839" lon="13.169439984485507">
        <ele>326.45</ele>
      </trkpt>
      <trkpt lat="37.6446099858731" lon="13.16976998001337">
        <ele>326.95</ele>
      </trkpt>
      <trkpt lat="37.6446099858731" lon="13.1700499355793">
        <ele>327.51</ele>
      </trkpt>
      <trkpt lat="37.64463001862168" lon="13.170249927788973">
        <ele>328.12</ele>
      </trkpt>
      <trkpt lat="37.64469003304839" lon="13.170510018244386">
        <ele>328.79</ele>
      </trkpt>
      <trkpt lat="37.64473990537226" lon="13.170640021562576">
        <ele>329.48</ele>
      </trkpt>
      <trkpt lat="37.64487996697426" lon="13.17088988609612">
        <ele>330.26</ele>
      </trkpt>
      <trkpt lat="37.64506001025438" lon="13.171099936589599">
        <ele>331.08</ele>
      </trkpt>
      <trkpt lat="37.64522982761264" lon="13.1712397467345">
        <ele>331.85</ele>
      </trkpt>
      <trkpt lat="37.64539998024702" lon="13.171379892155528">
        <ele>332.65</ele>
      </trkpt>
      <trkpt lat="37.64563643373549" lon="13.171579716727138">
        <ele>333.49</ele>
      </trkpt>
      <trkpt lat="37.64587288722396" lon="13.171779625117779">
        <ele>334.17</ele>
      </trkpt>
      <trkpt lat="37.64611001126468" lon="13.17198003642261">
        <ele>334.75</ele>
      </trkpt>
      <trkpt lat="37.64630648307502" lon="13.17213979549706">
        <ele>335.41</ele>
      </trkpt>
      <trkpt lat="37.646502954885364" lon="13.172299638390541">
        <ele>336.1</ele>
      </trkpt>
      <trkpt lat="37.64670001342893" lon="13.17245981656015">
        <ele>336.83</ele>
      </trkpt>
      <trkpt lat="37.64693730510771" lon="13.17265972495079">
        <ele>337.7</ele>
      </trkpt>
      <trkpt lat="37.6471745967865" lon="13.172859633341432">
        <ele>338.6</ele>
      </trkpt>
      <trkpt lat="37.647411888465285" lon="13.173059457913041">
        <ele>339.46</ele>
      </trkpt>
      <trkpt lat="37.64765001833439" lon="13.173260036855936">
        <ele>340.25</ele>
      </trkpt>
      <trkpt lat="37.64787976630032" lon="13.173462292179465">
        <ele>341.0</ele>
      </trkpt>
      <trkpt lat="37.648109598085284" lon="13.173664631322026">
        <ele>341.75</ele>
      </trkpt>
      <trkpt lat="37.64833942987025" lon="13.173866970464587">
        <ele>342.53</ele>
      </trkpt>
      <trkpt lat="37.6485700160265" lon="13.17406989634037">
        <ele>343.34</ele>
      </trkpt>
      <trkpt lat="37.648675041273236" lon="13.174250023439527">
        <ele>344.15</ele>
      </trkpt>
      <trkpt lat="37.64877989888191" lon="13.174429899081588">
        <ele>344.94</ele>
      </trkpt>
      <trkpt lat="37.64890001155436" lon="13.174699880182743">
        <ele>345.74</ele>
      </trkpt>
      <trkpt lat="37.649016100913286" lon="13.175024343654513">
        <ele>346.45</ele>
      </trkpt>
      <trkpt lat="37.649132274091244" lon="13.175348807126284">
        <ele>347.16</ele>
      </trkpt>
      <trkpt lat="37.64924836345017" lon="13.175673270598054">
        <ele>347.88</ele>
      </trkpt>
      <trkpt lat="37.64936453662813" lon="13.175997734069824">
        <ele>348.68</ele>
      </trkpt>
      <trkpt lat="37.64947987161577" lon="13.17632001824677">
        <ele>349.44</ele>
      </trkpt>
      <trkpt lat="37.64960249885917" lon="13.176678009331226">
        <ele>350.14</ele>
      </trkpt>
      <trkpt lat="37.6497252099216" lon="13.177036000415683">
        <ele>350.87</ele>
      </trkpt>
      <trkpt lat="37.64984792098403" lon="13.17739399150014">
        <ele>351.61</ele>
      </trkpt>
      <trkpt lat="37.64996996149421" lon="13.177749887108803">
        <ele>352.33</ele>
      </trkpt>
      <trkpt lat="37.65007993206382" lon="13.177894977852702">
        <ele>353.0</ele>
      </trkpt>
      <trkpt lat="37.65018998645246" lon="13.17803998477757">
        <ele>353.68</ele>
      </trkpt>
      <trkpt lat="37.65034329146147" lon="13.17826671525836">
        <ele>354.37</ele>
      </trkpt>
      <trkpt lat="37.65049668028951" lon="13.17849344573915">
        <ele>355.05</ele>
      </trkpt>
      <trkpt lat="37.65064990147948" lon="13.178720008581877">
        <ele>355.74</ele>
      </trkpt>
      <trkpt lat="37.65076498501003" lon="13.178905081003904">
        <ele>356.44</ele>
      </trkpt>
      <trkpt lat="37.65087998472154" lon="13.179089985787868">
        <ele>357.14</ele>
      </trkpt>
      <trkpt lat="37.650930024683475" lon="13.179325349628925">
        <ele>357.84</ele>
      </trkpt>
      <trkpt lat="37.650979897007346" lon="13.179559959098697">
        <ele>358.53</ele>
      </trkpt>
      <trkpt lat="37.65100998803973" lon="13.179879980161786">
        <ele>359.26</ele>
      </trkpt>
      <trkpt lat="37.65100998803973" lon="13.18018994294107">
        <ele>359.96</ele>
      </trkpt>
      <trkpt lat="37.65094988979399" lon="13.180539887398481">
        <ele>360.62</ele>
      </trkpt>
      <trkpt lat="37.65087001025677" lon="13.180829985067248">
        <ele>361.33</ele>
      </trkpt>
      <trkpt lat="37.65073472633958" lon="13.181175403296947">
        <ele>362.08</ele>
      </trkpt>
      <trkpt lat="37.65059952624142" lon="13.181520821526647">
        <ele>362.76</ele>
      </trkpt>
      <trkpt lat="37.650464326143265" lon="13.181866239756346">
        <ele>363.43</ele>
      </trkpt>
      <trkpt lat="37.65032988041639" lon="13.18220998160541">
        <ele>364.15</ele>
      </trkpt>
      <trkpt lat="37.65020473860204" lon="13.182565458118916">
        <ele>364.93</ele>
      </trkpt>
      <trkpt lat="37.65008001588285" lon="13.18291992880404">
        <ele>365.65</ele>
      </trkpt>
      <trkpt lat="37.65001002699137" lon="13.18321991711855">
        <ele>366.35</ele>
      </trkpt>
      <trkpt lat="37.64998488128185" lon="13.18349551409483">
        <ele>367.01</ele>
      </trkpt>
      <trkpt lat="37.64995998702943" lon="13.183770021423697">
        <ele>367.71</ele>
      </trkpt>
      <trkpt lat="37.64995998702943" lon="13.184030028060079">
        <ele>368.46</ele>
      </trkpt>
      <trkpt lat="37.65000005252659" lon="13.184363963082433">
        <ele>369.29</ele>
      </trkpt>
      <trkpt lat="37.65004011802375" lon="13.184697981923819">
        <ele>369.98</ele>
      </trkpt>
      <trkpt lat="37.65008001588285" lon="13.185029905289412">
        <ele>370.69</ele>
      </trkpt>
      <trkpt lat="37.65008990652859" lon="13.18523995578289">
        <ele>371.41</ele>
      </trkpt>
      <trkpt lat="37.6501499209553" lon="13.18538999184966">
        <ele>372.1</ele>
      </trkpt>
      <trkpt lat="37.6501549500972" lon="13.185610435903072">
        <ele>372.84</ele>
      </trkpt>
      <trkpt lat="37.650159979239106" lon="13.185830041766167">
        <ele>373.57</ele>
      </trkpt>
      <trkpt lat="37.65023985877633" lon="13.18611997179687">
        <ele>374.3</ele>
      </trkpt>
      <trkpt lat="37.65031496062875" lon="13.18630512803793">
        <ele>375.0</ele>
      </trkpt>
      <trkpt lat="37.65038997866213" lon="13.18648986518383">
        <ele>375.69</ele>
      </trkpt>
      <trkpt lat="37.65057999640703" lon="13.186799995601177">
        <ele>376.33</ele>
      </trkpt>
      <trkpt lat="37.65074998140335" lon="13.18697995506227">
        <ele>377.05</ele>
      </trkpt>
      <trkpt lat="37.65098685398698" lon="13.187166955322027">
        <ele>377.8</ele>
      </trkpt>
      <trkpt lat="37.65122381038964" lon="13.187353871762753">
        <ele>378.55</ele>
      </trkpt>
      <trkpt lat="37.651460682973266" lon="13.18754087202251">
        <ele>379.23</ele>
      </trkpt>
      <trkpt lat="37.651697639375925" lon="13.187727788463235">
        <ele>379.86</ele>
      </trkpt>
      <trkpt lat="37.651934595778584" lon="13.187914788722992">
        <ele>380.64</ele>
      </trkpt>
      <trkpt lat="37.65217146836221" lon="13.188101705163717">
        <ele>381.44</ele>
      </trkpt>
      <trkpt lat="37.65240993350744" lon="13.18828996270895">
        <ele>382.24</ele>
      </trkpt>
      <trkpt lat="37.652667760849" lon="13.18849372677505">
        <ele>383.09</ele>
      </trkpt>
      <trkpt lat="37.652925504371524" lon="13.188697574660182">
        <ele>383.87</ele>
      </trkpt>
      <trkpt lat="37.65318324789405" lon="13.188901422545314">
        <ele>384.53</ele>
      </trkpt>
      <trkpt lat="37.65344099141657" lon="13.189105186611414">
        <ele>385.16</ele>
      </trkpt>
      <trkpt lat="37.65369990840554" lon="13.189310040324926">
        <ele>385.77</ele>
      </trkpt>
      <trkpt lat="37.65389638021588" lon="13.189446497708559">
        <ele>386.41</ele>
      </trkpt>
      <trkpt lat="37.654092852026224" lon="13.189582955092192">
        <ele>387.13</ele>
      </trkpt>
      <trkpt lat="37.65428999438882" lon="13.189719999209046">
        <ele>387.92</ele>
      </trkpt>
      <trkpt lat="37.65451001934707" lon="13.18977003917098">
        <ele>388.74</ele>
      </trkpt>
      <trkpt lat="37.65467958524823" lon="13.189765010029078">
        <ele>389.5</ele>
      </trkpt>
      <trkpt lat="37.65484998933971" lon="13.189759897068143">
        <ele>390.27</ele>
      </trkpt>
      <trkpt lat="37.655069595202804" lon="13.189655123278499">
        <ele>391.03</ele>
      </trkpt>
      <trkpt lat="37.655290039256215" lon="13.189550014212728">
        <ele>391.72</ele>
      </trkpt>
      <trkpt lat="37.65539003536105" lon="13.189459992572665">
        <ele>392.43</ele>
      </trkpt>
      <trkpt lat="37.65553998760879" lon="13.18923988379538">
        <ele>393.11</ele>
      </trkpt>
      <trkpt lat="37.65562506392598" lon="13.189034694805741">
        <ele>393.81</ele>
      </trkpt>
      <trkpt lat="37.65570997260511" lon="13.18882992491126">
        <ele>394.52</ele>
      </trkpt>
      <trkpt lat="37.65581508167088" lon="13.188544604927301">
        <ele>395.26</ele>
      </trkpt>
      <trkpt lat="37.65592002309859" lon="13.188260039314628">
        <ele>396.0</ele>
      </trkpt>
      <trkpt lat="37.65601507388055" lon="13.188084857538342">
        <ele>396.79</ele>
      </trkpt>
      <trkpt lat="37.65611004084349" lon="13.187909927219152">
        <ele>397.57</ele>
      </trkpt>
      <trkpt lat="37.6563199236989" lon="13.187640029937029">
        <ele>398.32</ele>
      </trkpt>
      <trkpt lat="37.65657993033528" lon="13.187479935586452">
        <ele>399.02</ele>
      </trkpt>
      <trkpt lat="37.656819988042116" lon="13.187420004978776">
        <ele>399.65</ele>
      </trkpt>
      <trkpt lat="37.65705996192992" lon="13.187399972230196">
        <ele>400.21</ele>
      </trkpt>
      <trkpt lat="37.65728987753391" lon="13.18745001219213">
        <ele>400.82</ele>
      </trkpt>
      <trkpt lat="37.65753555111587" lon="13.187557803466916">
        <ele>401.45</ele>
      </trkpt>
      <trkpt lat="37.6577811408788" lon="13.187665594741702">
        <ele>402.16</ele>
      </trkpt>
      <trkpt lat="37.65802673064172" lon="13.187773386016488">
        <ele>402.88</ele>
      </trkpt>
      <trkpt lat="37.65827232040465" lon="13.187881177291274">
        <ele>403.53</ele>
      </trkpt>
      <trkpt lat="37.65852000564337" lon="13.187989890575409">
        <ele>404.09</ele>
      </trkpt>
      <trkpt lat="37.65876458957791" lon="13.188113020732999">
        <ele>404.55</ele>
      </trkpt>
      <trkpt lat="37.65900917351246" lon="13.188236150890589">
        <ele>404.98</ele>
      </trkpt>
      <trkpt lat="37.659253841266036" lon="13.18835936486721">
        <ele>405.41</ele>
      </trkpt>
      <trkpt lat="37.65949842520058" lon="13.1884824950248">
        <ele>405.9</ele>
      </trkpt>
      <trkpt lat="37.65974309295416" lon="13.18860562518239">
        <ele>406.36</ele>
      </trkpt>
      <trkpt lat="37.65999002382159" lon="13.188730012625456">
        <ele>406.79</ele>
      </trkpt>
      <trkpt lat="37.660190016031265" lon="13.188919946551323">
        <ele>407.25</ele>
      </trkpt>
      <trkpt lat="37.66037399880588" lon="13.189165452495217">
        <ele>407.69</ele>
      </trkpt>
      <trkpt lat="37.660557981580496" lon="13.18941087462008">
        <ele>408.03</ele>
      </trkpt>
      <trkpt lat="37.66063308343291" lon="13.18969041109085">
        <ele>408.36</ele>
      </trkpt>
      <trkpt lat="37.660708017647266" lon="13.189968941733241">
        <ele>408.62</ele>
      </trkpt>
      <trkpt lat="37.660686979070306" lon="13.190279994159937">
        <ele>408.84</ele>
      </trkpt>
      <trkpt lat="37.66064289025962" lon="13.190510831773281">
        <ele>408.97</ele>
      </trkpt>
      <trkpt lat="37.66059888526797" lon="13.19074091501534">
        <ele>409.03</ele>
      </trkpt>
      <trkpt lat="37.66052504070103" lon="13.19080587476492">
        <ele>409.09</ele>
      </trkpt>
      <trkpt lat="37.66061791218817" lon="13.19114601239562">
        <ele>409.03</ele>
      </trkpt>
      <trkpt lat="37.660686979070306" lon="13.191524036228657">
        <ele>408.96</ele>
      </trkpt>
      <trkpt lat="37.66071396879852" lon="13.191915974020958">
        <ele>408.9</ele>
      </trkpt>
      <trkpt lat="37.66069200821221" lon="13.192281005904078">
        <ele>408.79</ele>
      </trkpt>
      <trkpt lat="37.66069896519184" lon="13.192663975059986">
        <ele>408.63</ele>
      </trkpt>
      <trkpt lat="37.6607200037688" lon="13.193007968366146">
        <ele>408.42</ele>
      </trkpt>
      <trkpt lat="37.66070198267698" lon="13.193391021341085">
        <ele>408.11</ele>
      </trkpt>
      <trkpt lat="37.660703491419554" lon="13.193653039634228">
        <ele>407.87</ele>
      </trkpt>
      <trkpt lat="37.66070491634309" lon="13.193913968279958">
        <ele>407.61</ele>
      </trkpt>
      <trkpt lat="37.66072293743491" lon="13.194203060120344">
        <ele>407.33</ele>
      </trkpt>
      <trkpt lat="37.66074095852673" lon="13.194491481408477">
        <ele>406.99</ele>
      </trkpt>
      <trkpt lat="37.66074095852673" lon="13.194490978494287">
        <ele>406.99</ele>
      </trkpt>
      <trkpt lat="37.66073944978416" lon="13.194788033142686">
        <ele>406.16</ele>
      </trkpt>
      <trkpt lat="37.66073802486062" lon="13.195083914324641">
        <ele>405.72</ele>
      </trkpt>
      <trkpt lat="37.66071489080787" lon="13.195389099419117">
        <ele>405.26</ele>
      </trkpt>
      <trkpt lat="37.66069200821221" lon="13.195693027228117">
        <ele>404.77</ele>
      </trkpt>
      <trkpt lat="37.660646829754114" lon="13.196004582569003">
        <ele>404.26</ele>
      </trkpt>
      <trkpt lat="37.660601986572146" lon="13.196314964443445">
        <ele>403.78</ele>
      </trkpt>
      <trkpt lat="37.66055488027632" lon="13.196633560582995">
        <ele>403.32</ele>
      </trkpt>
      <trkpt lat="37.66050802543759" lon="13.19695089943707">
        <ele>402.82</ele>
      </trkpt>
      <trkpt lat="37.66046083532274" lon="13.197269076481462">
        <ele>402.2</ele>
      </trkpt>
      <trkpt lat="37.66041398048401" lon="13.197585996240377">
        <ele>401.54</ele>
      </trkpt>
      <trkpt lat="37.66038900241256" lon="13.197905011475086">
        <ele>400.93</ele>
      </trkpt>
      <trkpt lat="37.66042688861489" lon="13.19823500700295">
        <ele>400.34</ele>
      </trkpt>
      <trkpt lat="37.66051900573075" lon="13.19860297255218">
        <ele>399.7</ele>
      </trkpt>
      <trkpt lat="37.66064012423158" lon="13.198903296142817">
        <ele>399.14</ele>
      </trkpt>
      <trkpt lat="37.66076099127531" lon="13.19920303300023">
        <ele>398.66</ele>
      </trkpt>
      <trkpt lat="37.66084003262222" lon="13.19939992390573">
        <ele>398.16</ele>
      </trkpt>
      <trkpt lat="37.66088998876512" lon="13.199520036578178">
        <ele>397.61</ele>
      </trkpt>
      <trkpt lat="37.66091991215944" lon="13.199609974399209">
        <ele>397.05</ele>
      </trkpt>
      <trkpt lat="37.66098001040518" lon="13.19976981729269">
        <ele>396.44</ele>
      </trkpt>
      <trkpt lat="37.66104002483189" lon="13.199969977140427">
        <ele>395.81</ele>
      </trkpt>
      <trkpt lat="37.6611000392586" lon="13.20014993660152">
        <ele>395.24</ele>
      </trkpt>
      <trkpt lat="37.661119904369116" lon="13.20023987442255">
        <ele>394.71</ele>
      </trkpt>
      <trkpt lat="37.66114002093673" lon="13.20032000541687">
        <ele>394.2</ele>
      </trkpt>
      <trkpt lat="37.661159969866276" lon="13.200459899380803">
        <ele>393.7</ele>
      </trkpt>
      <trkpt lat="37.661159969866276" lon="13.20047004148364">
        <ele>393.22</ele>
      </trkpt>
      <trkpt lat="37.6611499954015" lon="13.20061999373138">
        <ele>392.74</ele>
      </trkpt>
      <trkpt lat="37.66112996265292" lon="13.20081990212202">
        <ele>392.3</ele>
      </trkpt>
      <trkpt lat="37.661119904369116" lon="13.200909923762083">
        <ele>391.89</ele>
      </trkpt>
      <trkpt lat="37.66111001372337" lon="13.200949905440211">
        <ele>391.47</ele>
      </trkpt>
      <trkpt lat="37.66108000651002" lon="13.20104998536408">
        <ele>391.05</ele>
      </trkpt>
      <trkpt lat="37.661049999296665" lon="13.20117998868227">
        <ele>390.65</ele>
      </trkpt>
      <trkpt lat="37.66099995933473" lon="13.201300017535686">
        <ele>390.26</ele>
      </trkpt>
      <trkpt lat="37.66098001040518" lon="13.20133002474904">
        <ele>389.86</ele>
      </trkpt>
      <trkpt lat="37.66095000319183" lon="13.201409904286265">
        <ele>389.46</ele>
      </trkpt>
      <trkpt lat="37.660880014300346" lon="13.201519958674908">
        <ele>389.03</ele>
      </trkpt>
      <trkpt lat="37.66075998544693" lon="13.201690027490258">
        <ele>388.57</ele>
      </trkpt>
      <trkpt lat="37.66058002598584" lon="13.201969983056188">
        <ele>388.13</ele>
      </trkpt>
      <trkpt lat="37.6605299860239" lon="13.20203997194767">
        <ele>387.74</ele>
      </trkpt>
      <trkpt lat="37.660480029881" lon="13.2021299097687">
        <ele>387.37</ele>
      </trkpt>
      <trkpt lat="37.66042001545429" lon="13.202219931408763">
        <ele>387.01</ele>
      </trkpt>
      <trkpt lat="37.66041004098952" lon="13.202229989692569">
        <ele>386.67</ele>
      </trkpt>
      <trkpt lat="37.66036997549236" lon="13.202349850907922">
        <ele>386.36</ele>
      </trkpt>
      <trkpt lat="37.66035002656281" lon="13.202420007437468">
        <ele>386.06</ele>
      </trkpt>
      <trkpt lat="37.660320019349456" lon="13.202489912509918">
        <ele>385.74</ele>
      </trkpt>
      <trkpt lat="37.66028003767133" lon="13.20259996689856">
        <ele>385.42</ele>
      </trkpt>
      <trkpt lat="37.66028003767133" lon="13.202629806473851">
        <ele>385.14</ele>
      </trkpt>
      <trkpt lat="37.66026000492275" lon="13.202709937468171">
        <ele>384.85</ele>
      </trkpt>
      <trkpt lat="37.66023997217417" lon="13.202829966321588">
        <ele>384.58</ele>
      </trkpt>
      <trkpt lat="37.66022999770939" lon="13.202969944104552">
        <ele>384.33</ele>
      </trkpt>
      <trkpt lat="37.66022999770939" lon="13.203170020133257">
        <ele>384.07</ele>
      </trkpt>
      <trkpt lat="37.66026000492275" lon="13.20337981916964">
        <ele>383.81</ele>
      </trkpt>
      <trkpt lat="37.660299986600876" lon="13.203519964590669">
        <ele>383.56</ele>
      </trkpt>
      <trkpt lat="37.66030996106565" lon="13.203579979017377">
        <ele>383.31</ele>
      </trkpt>
      <trkpt lat="37.66036997549236" lon="13.203730015084147">
        <ele>383.07</ele>
      </trkpt>
      <trkpt lat="37.660450022667646" lon="13.203900000080466">
        <ele>382.81</ele>
      </trkpt>
      <trkpt lat="37.66052001155913" lon="13.204009970650077">
        <ele>382.56</ele>
      </trkpt>
      <trkpt lat="37.66058002598584" lon="13.204090017825365">
        <ele>382.31</ele>
      </trkpt>
      <trkpt lat="37.66061003319919" lon="13.20412002503872">
        <ele>382.08</ele>
      </trkpt>
      <trkpt lat="37.66071002930403" lon="13.204220021143556">
        <ele>381.81</ele>
      </trkpt>
      <trkpt lat="37.66084003262222" lon="13.20433996617794">
        <ele>381.53</ele>
      </trkpt>
      <trkpt lat="37.66087003983557" lon="13.20435999892652">
        <ele>381.3</ele>
      </trkpt>
      <trkpt lat="37.66098998486996" lon="13.204429903998971">
        <ele>381.04</ele>
      </trkpt>
      <trkpt lat="37.66104002483189" lon="13.204449936747551">
        <ele>380.81</ele>
      </trkpt>
      <trkpt lat="37.66123993322253" lon="13.20455001667142">
        <ele>380.54</ele>
      </trkpt>
      <trkpt lat="37.66137999482453" lon="13.204610031098127">
        <ele>380.29</ele>
      </trkpt>
      <trkpt lat="37.66144998371601" lon="13.20463995449245">
        <ele>380.07</ele>
      </trkpt>
      <trkpt lat="37.66154997982085" lon="13.20468001998961">
        <ele>379.87</ele>
      </trkpt>
      <trkpt lat="37.66158979386091" lon="13.204699968919158">
        <ele>379.67</ele>
      </trkpt>
      <trkpt lat="37.66187000088394" lon="13.204839946702123">
        <ele>379.53</ele>
      </trkpt>
      <trkpt lat="37.66205985099077" lon="13.205000041052699">
        <ele>379.39</ele>
      </trkpt>
      <trkpt lat="37.66213000752032" lon="13.20508997887373">
        <ele>379.22</ele>
      </trkpt>
      <trkpt lat="37.66220988705754" lon="13.205209840089083">
        <ele>379.03</ele>
      </trkpt>
      <trkpt lat="37.66229001805186" lon="13.205379908904433">
        <ele>378.84</ele>
      </trkpt>
      <trkpt lat="37.66229999251664" lon="13.205389967188239">
        <ele>378.68</ele>
      </trkpt>
      <trkpt lat="37.662360006943345" lon="13.205539919435978">
        <ele>378.52</ele>
      </trkpt>
      <trkpt lat="37.662380039691925" lon="13.205600017681718">
        <ele>378.36</ele>
      </trkpt>
      <trkpt lat="37.66239998862147" lon="13.2056700065732">
        <ele>378.21</ele>
      </trkpt>
      <trkpt lat="37.66242002137005" lon="13.205809900537133">
        <ele>378.06</ele>
      </trkpt>
      <trkpt lat="37.66243988648057" lon="13.205999918282032">
        <ele>377.91</ele>
      </trkpt>
      <trkpt lat="37.66243988648057" lon="13.20603989996016">
        <ele>377.73</ele>
      </trkpt>
      <trkpt lat="37.66243988648057" lon="13.20623000152409">
        <ele>377.59</ele>
      </trkpt>
      <trkpt lat="37.66242002137005" lon="13.206369979307055">
        <ele>377.39</ele>
      </trkpt>
      <trkpt lat="37.6623900141567" lon="13.206520015373826">
        <ele>377.16</ele>
      </trkpt>
      <trkpt lat="37.662339974194765" lon="13.206709949299693">
        <ele>376.89</ele>
      </trkpt>
      <trkpt lat="37.66232999972999" lon="13.206729898229241">
        <ele>376.64</ele>
      </trkpt>
      <trkpt lat="37.6622499525547" lon="13.207019995898008">
        <ele>376.34</ele>
      </trkpt>
      <trkpt lat="37.66222002916038" lon="13.207139940932393">
        <ele>376.07</ele>
      </trkpt>
      <trkpt lat="37.66210997477174" lon="13.207509834319353">
        <ele>375.81</ele>
      </trkpt>
      <trkpt lat="37.66204996034503" lon="13.20768996141851">
        <ele>375.5</ele>
      </trkpt>
      <trkpt lat="37.66197997145355" lon="13.207900011911988">
        <ele>375.12</ele>
      </trkpt>
      <trkpt lat="37.661960022524" lon="13.207979807630181">
        <ele>374.77</ele>
      </trkpt>
      <trkpt lat="37.661909982562065" lon="13.20816001854837">
        <ele>374.39</ele>
      </trkpt>
      <trkpt lat="37.66184996813536" lon="13.20835992693901">
        <ele>374.0</ele>
      </trkpt>
      <trkpt lat="37.66179992817342" lon="13.208499988541007">
        <ele>373.6</ele>
      </trkpt>
      <trkpt lat="37.661739997565746" lon="13.20863988250494">
        <ele>373.17</ele>
      </trkpt>
      <trkpt lat="37.66168995760381" lon="13.20872982032597">
        <ele>372.74</ele>
      </trkpt>
      <trkpt lat="37.66164989210665" lon="13.20878991857171">
        <ele>372.3</ele>
      </trkpt>
      <trkpt lat="37.66158979386091" lon="13.20885001681745">
        <ele>371.85</ele>
      </trkpt>
      <trkpt lat="37.66150999814272" lon="13.208950012922287">
        <ele>371.37</ele>
      </trkpt>
      <trkpt lat="37.66141997650266" lon="13.209059899672866">
        <ele>370.88</ele>
      </trkpt>
      <trkpt lat="37.66131998039782" lon="13.20915000513196">
        <ele>370.42</ele>
      </trkpt>
      <trkpt lat="37.66130003146827" lon="13.209159895777702">
        <ele>369.95</ele>
      </trkpt>
      <trkpt lat="37.66118997707963" lon="13.209270033985376">
        <ele>369.47</ele>
      </trkpt>
      <trkpt lat="37.66105997376144" lon="13.209349913522601">
        <ele>368.96</ele>
      </trkpt>
      <trkpt lat="37.66101001761854" lon="13.209380004554987">
        <ele>368.47</ele>
      </trkpt>
      <trkpt lat="37.66092997044325" lon="13.20942996069789">
        <ele>367.97</ele>
      </trkpt>
      <trkpt lat="37.66085000708699" lon="13.20947983302176">
        <ele>367.46</ele>
      </trkpt>
      <trkpt lat="37.66068999655545" lon="13.20957999676466">
        <ele>366.95</ele>
      </trkpt>
      <trkpt lat="37.6605299860239" lon="13.20968996733427">
        <ele>366.42</ele>
      </trkpt>
      <trkpt lat="37.66037994995713" lon="13.209789963439107">
        <ele>365.87</ele>
      </trkpt>
      <trkpt lat="37.66036997549236" lon="13.209789963439107">
        <ele>365.34</ele>
      </trkpt>
      <trkpt lat="37.66020996496081" lon="13.20990001782775">
        <ele>364.76</ele>
      </trkpt>
      <trkpt lat="37.6600500382483" lon="13.210000013932586">
        <ele>364.16</ele>
      </trkpt>
      <trkpt lat="37.659890027716756" lon="13.210109984502196">
        <ele>363.63</ele>
      </trkpt>
      <trkpt lat="37.65973001718521" lon="13.210209896788001">
        <ele>363.14</ele>
      </trkpt>
      <trkpt lat="37.65967997722328" lon="13.21024987846613">
        <ele>362.63</ele>
      </trkpt>
      <trkpt lat="37.65962993726134" lon="13.21028994396329">
        <ele>362.12</ele>
      </trkpt>
      <trkpt lat="37.65956003218889" lon="13.210320034995675">
        <ele>361.61</ele>
      </trkpt>
      <trkpt lat="37.65942005440593" lon="13.210454899817705">
        <ele>361.09</ele>
      </trkpt>
      <trkpt lat="37.65927999280393" lon="13.21059001609683">
        <ele>360.53</ele>
      </trkpt>
      <trkpt lat="37.65918997116387" lon="13.210709961131215">
        <ele>360.02</ele>
      </trkpt>
      <trkpt lat="37.65914001502097" lon="13.2108299061656">
        <ele>359.53</ele>
      </trkpt>
      <trkpt lat="37.65908000059426" lon="13.21095990948379">
        <ele>359.03</ele>
      </trkpt>
      <trkpt lat="37.65908000059426" lon="13.210969967767596">
        <ele>358.58</ele>
      </trkpt>
      <trkpt lat="37.659000037238" lon="13.21118999272585">
        <ele>358.1</ele>
      </trkpt>
      <trkpt lat="37.65895997174084" lon="13.21140993386507">
        <ele>357.62</ele>
      </trkpt>
      <trkpt lat="37.65894999727607" lon="13.211609926074743">
        <ele>357.13</ele>
      </trkpt>
      <trkpt lat="37.65894999727607" lon="13.211689889431">
        <ele>356.73</ele>
      </trkpt>
      <trkpt lat="37.65895997174084" lon="13.21183992549777">
        <ele>356.34</ele>
      </trkpt>
      <trkpt lat="37.65896977856755" lon="13.211960038170218">
        <ele>355.95</ele>
      </trkpt>
      <trkpt lat="37.65896977856755" lon="13.212070008739829">
        <ele>355.6</ele>
      </trkpt>
      <trkpt lat="37.65898000448942" lon="13.21224988438189">
        <ele>355.24</ele>
      </trkpt>
      <trkpt lat="37.65898000448942" lon="13.212520033121109">
        <ele>354.89</ele>
      </trkpt>
      <trkpt lat="37.65898000448942" lon="13.212750032544136">
        <ele>354.58</ele>
      </trkpt>
      <trkpt lat="37.65898000448942" lon="13.213050020858645">
        <ele>354.36</ele>
      </trkpt>
      <trkpt lat="37.65895997174084" lon="13.213139791041613">
        <ele>354.16</ele>
      </trkpt>
      <trkpt lat="37.65891990624368" lon="13.21325990371406">
        <ele>353.98</ele>
      </trkpt>
      <trkpt lat="37.658900041133165" lon="13.213329808786511">
        <ele>353.84</ele>
      </trkpt>
      <trkpt lat="37.65888998284936" lon="13.213349925354123">
        <ele>353.7</ele>
      </trkpt>
      <trkpt lat="37.65885000117123" lon="13.213469870388508">
        <ele>353.6</ele>
      </trkpt>
      <trkpt lat="37.65876987017691" lon="13.213589983060956">
        <ele>353.51</ele>
      </trkpt>
      <trkpt lat="37.65874003060162" lon="13.213649913668633">
        <ele>353.42</ele>
      </trkpt>
      <trkpt lat="37.65869996510446" lon="13.213700037449598">
        <ele>353.35</ele>
      </trkpt>
      <trkpt lat="37.65859988518059" lon="13.213810008019209">
        <ele>353.3</ele>
      </trkpt>
      <trkpt lat="37.65852998010814" lon="13.213870022445917">
        <ele>353.21</ele>
      </trkpt>
      <trkpt lat="37.65845999121666" lon="13.213930036872625">
        <ele>353.13</ele>
      </trkpt>
      <trkpt lat="37.65842000953853" lon="13.213959960266948">
        <ele>353.04</ele>
      </trkpt>
      <trkpt lat="37.65831992961466" lon="13.214019974693656">
        <ele>352.95</ele>
      </trkpt>
      <trkpt lat="37.65829989686608" lon="13.21402994915843">
        <ele>352.84</ele>
      </trkpt>
      <trkpt lat="37.65818992629647" lon="13.214060040190816">
        <ele>352.7</ele>
      </trkpt>
      <trkpt lat="37.657985324040055" lon="13.214129861444235">
        <ele>352.55</ele>
      </trkpt>
      <trkpt lat="37.65777996741235" lon="13.21420001797378">
        <ele>352.4</ele>
      </trkpt>
      <trkpt lat="37.65760000795126" lon="13.214260032400489">
        <ele>352.25</ele>
      </trkpt>
      <trkpt lat="37.65743002295494" lon="13.214319963008165">
        <ele>352.05</ele>
      </trkpt>
      <trkpt lat="37.65726984478533" lon="13.214379893615842">
        <ele>351.85</ele>
      </trkpt>
      <trkpt lat="37.6569898892194" lon="13.21445994079113">
        <ele>351.58</ele>
      </trkpt>
      <trkpt lat="37.6568899769336" lon="13.214509896934032">
        <ele>351.35</ele>
      </trkpt>
      <trkpt lat="37.65668001025915" lon="13.214560020714998">
        <ele>351.11</ele>
      </trkpt>
      <trkpt lat="37.656559981405735" lon="13.214600002393126">
        <ele>350.86</ele>
      </trkpt>
      <trkpt lat="37.65648999251425" lon="13.214620035141706">
        <ele>350.61</ele>
      </trkpt>
      <trkpt lat="37.65638002194464" lon="13.214649958536029">
        <ele>350.33</ele>
      </trkpt>
      <trkpt lat="37.65609000809491" lon="13.214730005711317">
        <ele>350.02</ele>
      </trkpt>
      <trkpt lat="37.65588004142046" lon="13.21477996185422">
        <ele>349.65</ele>
      </trkpt>
      <trkpt lat="37.655850034207106" lon="13.21477996185422">
        <ele>349.34</ele>
      </trkpt>
      <trkpt lat="37.655720030888915" lon="13.2147999946028">
        <ele>348.99</ele>
      </trkpt>
      <trkpt lat="37.65549003146589" lon="13.21482002735138">
        <ele>348.65</ele>
      </trkpt>
      <trkpt lat="37.65530998818576" lon="13.21482983417809">
        <ele>348.34</ele>
      </trkpt>
      <trkpt lat="37.6552199665457" lon="13.214839976280928">
        <ele>348.0</ele>
      </trkpt>
      <trkpt lat="37.65493548475206" lon="13.214839976280928">
        <ele>347.69</ele>
      </trkpt>
      <trkpt lat="37.65464982949197" lon="13.214839976280928">
        <ele>347.3</ele>
      </trkpt>
      <trkpt lat="37.654629964381456" lon="13.214839976280928">
        <ele>346.93</ele>
      </trkpt>
      <trkpt lat="37.6545999571681" lon="13.214839976280928">
        <ele>346.55</ele>
      </trkpt>
      <trkpt lat="37.65441999770701" lon="13.214839976280928">
        <ele>346.13</ele>
      </trkpt>
      <trkpt lat="37.65429996885359" lon="13.21482983417809">
        <ele>345.73</ele>
      </trkpt>
      <trkpt lat="37.65402998775244" lon="13.21482983417809">
        <ele>345.26</ele>
      </trkpt>
      <trkpt lat="37.65384994447231" lon="13.21482002735138">
        <ele>344.78</ele>
      </trkpt>
      <trkpt lat="37.65376000665128" lon="13.214809885248542">
        <ele>344.36</ele>
      </trkpt>
      <trkpt lat="37.65357996337116" lon="13.21477996185422">
        <ele>343.93</ele>
      </trkpt>
      <trkpt lat="37.65340997837484" lon="13.214750038459897">
        <ele>343.5</ele>
      </trkpt>
      <trkpt lat="37.65333998948336" lon="13.214730005711317">
        <ele>343.07</ele>
      </trkpt>
      <trkpt lat="37.65332004055381" lon="13.214730005711317">
        <ele>342.66</ele>
      </trkpt>
      <trkpt lat="37.653230018913746" lon="13.214699914678931">
        <ele>342.22</ele>
      </trkpt>
      <trkpt lat="37.65313999727368" lon="13.214669991284609">
        <ele>341.79</ele>
      </trkpt>
      <trkpt lat="37.65296992845833" lon="13.2146099768579">
        <ele>341.36</ele>
      </trkpt>
      <trkpt lat="37.65288996510208" lon="13.21456991136074">
        <ele>340.93</ele>
      </trkpt>
      <trkpt lat="37.652800027281046" lon="13.214529929682612">
        <ele>340.5</ele>
      </trkpt>
      <trkpt lat="37.6526400167495" lon="13.21443990804255">
        <ele>340.05</ele>
      </trkpt>
      <trkpt lat="37.65255996957421" lon="13.21439003571868">
        <ele>339.61</ele>
      </trkpt>
      <trkpt lat="37.65250003896654" lon="13.21434997022152">
        <ele>339.18</ele>
      </trkpt>
      <trkpt lat="37.65239995904267" lon="13.214289955794811">
        <ele>338.73</ele>
      </trkpt>
      <trkpt lat="37.65215998515487" lon="13.214130029082298">
        <ele>338.27</ele>
      </trkpt>
      <trkpt lat="37.65199511311948" lon="13.214030116796494">
        <ele>337.85</ele>
      </trkpt>
      <trkpt lat="37.65182990580797" lon="13.213930036872625">
        <ele>337.47</ele>
      </trkpt>
      <trkpt lat="37.651675092056394" lon="13.213825095444918">
        <ele>337.07</ele>
      </trkpt>
      <trkpt lat="37.65152002684772" lon="13.213719986379147">
        <ele>336.63</ele>
      </trkpt>
      <trkpt lat="37.65136999078095" lon="13.213629880920053">
        <ele>336.2</ele>
      </trkpt>
      <trkpt lat="37.65123998746276" lon="13.213550001382828">
        <ele>335.76</ele>
      </trkpt>
      <trkpt lat="37.65120989643037" lon="13.213529968634248">
        <ele>335.33</ele>
      </trkpt>
      <trkpt lat="37.65110998414457" lon="13.213469870388508">
        <ele>334.88</ele>
      </trkpt>
      <trkpt lat="37.65087026171386" lon="13.213320085778832">
        <ele>334.36</ele>
      </trkpt>
      <trkpt lat="37.650630036368966" lon="13.21316996589303">
        <ele>333.89</ele>
      </trkpt>
      <trkpt lat="37.65057002194226" lon="13.21312990039587">
        <ele>333.44</ele>
      </trkpt>
      <trkpt lat="37.65054998919368" lon="13.213120009750128">
        <ele>333.0</ele>
      </trkpt>
      <trkpt lat="37.65041001141071" lon="13.21301992982626">
        <ele>332.55</ele>
      </trkpt>
      <trkpt lat="37.65038997866213" lon="13.21299989707768">
        <ele>332.09</ele>
      </trkpt>
      <trkpt lat="37.65031998977065" lon="13.212950024753809">
        <ele>331.63</ele>
      </trkpt>
      <trkpt lat="37.65022996813059" lon="13.212899900972843">
        <ele>331.17</ele>
      </trkpt>
      <trkpt lat="37.64998999424279" lon="13.21276000700891">
        <ele>330.7</ele>
      </trkpt>
      <trkpt lat="37.649750020354986" lon="13.212599996477365">
        <ele>330.23</ele>
      </trkpt>
      <trkpt lat="37.649590177461505" lon="13.21250008419156">
        <ele>329.74</ele>
      </trkpt>
      <trkpt lat="37.6494299992919" lon="13.21239992044866">
        <ele>329.23</ele>
      </trkpt>
      <trkpt lat="37.64929002150893" lon="13.21230998262763">
        <ele>328.74</ele>
      </trkpt>
      <trkpt lat="37.64926998876035" lon="13.212300008162856">
        <ele>328.26</ele>
      </trkpt>
      <trkpt lat="37.64912003651261" lon="13.212209902703762">
        <ele>327.75</ele>
      </trkpt>
      <trkpt lat="37.64896002598107" lon="13.212099932134151">
        <ele>327.22</ele>
      </trkpt>
      <trkpt lat="37.64886002987623" lon="13.212039917707443">
        <ele>326.7</ele>
      </trkpt>
      <trkpt lat="37.648630030453205" lon="13.21187999099493">
        <ele>326.14</ele>
      </trkpt>
      <trkpt lat="37.64854998327792" lon="13.211830034852028">
        <ele>325.65</ele>
      </trkpt>
      <trkpt lat="37.6484799105674" lon="13.211789969354868">
        <ele>325.17</ele>
      </trkpt>
      <trkpt lat="37.64831998385489" lon="13.21170992217958">
        <ele>324.68</ele>
      </trkpt>
      <trkpt lat="37.64830003492534" lon="13.211700031533837">
        <ele>324.21</ele>
      </trkpt>
      <trkpt lat="37.64821998775005" lon="13.211649907752872">
        <ele>323.73</ele>
      </trkpt>
      <trkpt lat="37.64805997721851" lon="13.211529962718487">
        <ele>323.22</ele>
      </trkpt>
      <trkpt lat="37.6479999627918" lon="13.211489981040359">
        <ele>322.75</ele>
      </trkpt>
      <trkpt lat="37.64797993004322" lon="13.211479922756553">
        <ele>322.31</ele>
      </trkpt>
      <trkpt lat="37.64789988286793" lon="13.21142996661365">
        <ele>321.86</ele>
      </trkpt>
      <trkpt lat="37.64782000333071" lon="13.21138990111649">
        <ele>321.42</ele>
      </trkpt>
      <trkpt lat="37.647729981690645" lon="13.211369952186942">
        <ele>321.01</ele>
      </trkpt>
      <trkpt lat="37.64765999279916" lon="13.211359977722168">
        <ele>320.61</ele>
      </trkpt>
      <trkpt lat="37.64763996005058" lon="13.211359977722168">
        <ele>320.22</ele>
      </trkpt>
      <trkpt lat="37.64755002222955" lon="13.211359977722168">
        <ele>319.84</ele>
      </trkpt>
      <trkpt lat="37.64746000058949" lon="13.211359977722168">
        <ele>319.47</ele>
      </trkpt>
      <trkpt lat="37.64736997894943" lon="13.211380010470748">
        <ele>319.11</ele>
      </trkpt>
      <trkpt lat="37.647299990057945" lon="13.21138990111649">
        <ele>318.76</ele>
      </trkpt>
      <trkpt lat="37.64729001559317" lon="13.21138990111649">
        <ele>318.41</ele>
      </trkpt>
      <trkpt lat="37.6471899356693" lon="13.211419992148876">
        <ele>318.08</ele>
      </trkpt>
      <trkpt lat="37.64709999784827" lon="13.21147003211081">
        <ele>317.76</ele>
      </trkpt>
      <trkpt lat="37.647020034492016" lon="13.211519904434681">
        <ele>317.47</ele>
      </trkpt>
      <trkpt lat="37.64696999453008" lon="13.21155988611281">
        <ele>317.17</ele>
      </trkpt>
      <trkpt lat="37.64693998731673" lon="13.21158000268042">
        <ele>316.87</ele>
      </trkpt>
      <trkpt lat="37.64685994014144" lon="13.211659966036677">
        <ele>316.56</ele>
      </trkpt>
      <trkpt lat="37.64676991850138" lon="13.211759878322482">
        <ele>316.28</ele>
      </trkpt>
      <trkpt lat="37.64669003896415" lon="13.21190002374351">
        <ele>316.03</ele>
      </trkpt>
      <trkpt lat="37.64662994071841" lon="13.2120300270617">
        <ele>315.72</ele>
      </trkpt>
      <trkpt lat="37.64657998457551" lon="13.21217997930944">
        <ele>315.44</ele>
      </trkpt>
      <trkpt lat="37.64654000289738" lon="13.212369997054338">
        <ele>315.17</ele>
      </trkpt>
      <trkpt lat="37.6465199701488" lon="13.212520033121109">
        <ele>314.89</ele>
      </trkpt>
      <trkpt lat="37.6465199701488" lon="13.212690018117428">
        <ele>314.67</ele>
      </trkpt>
      <trkpt lat="37.6465199701488" lon="13.212729999795556">
        <ele>314.5</ele>
      </trkpt>
      <trkpt lat="37.6465199701488" lon="13.212940385565162">
        <ele>314.32</ele>
      </trkpt>
      <trkpt lat="37.6465199701488" lon="13.21314993314445">
        <ele>314.14</ele>
      </trkpt>
      <trkpt lat="37.6465199701488" lon="13.213369874283671">
        <ele>314.0</ele>
      </trkpt>
      <trkpt lat="37.6465199701488" lon="13.213380016386509">
        <ele>313.93</ele>
      </trkpt>
      <trkpt lat="37.6465199701488" lon="13.213480012491345">
        <ele>313.87</ele>
      </trkpt>
      <trkpt lat="37.6465199701488" lon="13.21355989202857">
        <ele>313.85</ele>
      </trkpt>
      <trkpt lat="37.64650999568403" lon="13.21359995752573">
        <ele>313.88</ele>
      </trkpt>
      <trkpt lat="37.64650002121925" lon="13.21364002302289">
        <ele>313.94</ele>
      </trkpt>
      <trkpt lat="37.6464700140059" lon="13.213749909773469">
        <ele>314.02</ele>
      </trkpt>
      <trkpt lat="37.64644998125732" lon="13.213819898664951">
        <ele>314.15</ele>
      </trkpt>
      <trkpt lat="37.646440006792545" lon="13.21385988034308">
        <ele>314.32</ele>
      </trkpt>
      <trkpt lat="37.64637999236584" lon="13.214000025764108">
        <ele>314.53</ele>
      </trkpt>
      <trkpt lat="37.64637001790106" lon="13.214019974693656">
        <ele>314.77</ele>
      </trkpt>
      <trkpt lat="37.64634998515248" lon="13.214060040190816">
        <ele>315.05</ele>
      </trkpt>
      <trkpt lat="37.64630991965532" lon="13.21411988697946">
        <ele>315.38</ele>
      </trkpt>
      <trkpt lat="37.64625996351242" lon="13.21420001797378">
        <ele>315.74</ele>
      </trkpt>
      <trkpt lat="37.6462300401181" lon="13.21441987529397">
        <ele>316.2</ele>
      </trkpt>
      <trkpt lat="37.64621000736952" lon="13.214560020714998">
        <ele>316.65</ele>
      </trkpt>
      <trkpt lat="37.64627002179623" lon="13.21463000960648">
        <ele>317.06</ele>
      </trkpt>
      <trkpt lat="37.64648996293545" lon="13.214899990707636">
        <ele>317.48</ele>
      </trkpt>
      <trkpt lat="37.6465199701488" lon="13.214939888566732">
        <ele>317.93</ele>
      </trkpt>
      <trkpt lat="37.646699929609895" lon="13.215154884383082">
        <ele>318.44</ele>
      </trkpt>
      <trkpt lat="37.64687997289002" lon="13.215369880199432">
        <ele>318.93</ele>
      </trkpt>
      <trkpt lat="37.647000001743436" lon="13.21551002562046">
        <ele>319.42</ele>
      </trkpt>
      <trkpt lat="37.6471399795264" lon="13.215689901262522">
        <ele>319.92</ele>
      </trkpt>
      <trkpt lat="37.6471399795264" lon="13.215699959546328">
        <ele>320.39</ele>
      </trkpt>
      <trkpt lat="37.64717996120453" lon="13.215759973973036">
        <ele>320.85</ele>
      </trkpt>
      <trkpt lat="37.647239891812205" lon="13.21587991900742">
        <ele>321.34</ele>
      </trkpt>
      <trkpt lat="37.64726000837982" lon="13.215909842401743">
        <ele>321.79</ele>
      </trkpt>
      <trkpt lat="37.64733997173607" lon="13.21606993675232">
        <ele>322.25</ele>
      </trkpt>
      <trkpt lat="37.64741993509233" lon="13.216230031102896">
        <ele>322.67</ele>
      </trkpt>
      <trkpt lat="37.647539963945746" lon="13.216449972242117">
        <ele>323.1</ele>
      </trkpt>
      <trkpt lat="37.64755002222955" lon="13.21647989563644">
        <ele>323.47</ele>
      </trkpt>
      <trkpt lat="37.64767005108297" lon="13.216685084626079">
        <ele>323.85</ele>
      </trkpt>
      <trkpt lat="37.64778999611735" lon="13.216889938339591">
        <ele>324.18</ele>
      </trkpt>
      <trkpt lat="37.647989988327026" lon="13.217169977724552">
        <ele>324.51</ele>
      </trkpt>
      <trkpt lat="37.6481899805367" lon="13.217450017109513">
        <ele>324.78</ele>
      </trkpt>
      <trkpt lat="37.64838997274637" lon="13.217729888856411">
        <ele>324.96</ele>
      </trkpt>
      <trkpt lat="37.64851000159979" lon="13.21787003427744">
        <ele>325.14</ele>
      </trkpt>
      <trkpt lat="37.64873773790896" lon="13.218049826100469">
        <ele>325.22</ele>
      </trkpt>
      <trkpt lat="37.64896555803716" lon="13.218229617923498">
        <ele>325.21</ele>
      </trkpt>
      <trkpt lat="37.64919329434633" lon="13.218409409746528">
        <ele>325.19</ele>
      </trkpt>
      <trkpt lat="37.649421114474535" lon="13.218589201569557">
        <ele>325.18</ele>
      </trkpt>
      <trkpt lat="37.64965002425015" lon="13.218769915401936">
        <ele>325.12</ele>
      </trkpt>
      <trkpt lat="37.649729987606406" lon="13.218849878758192">
        <ele>325.11</ele>
      </trkpt>
      <trkpt lat="37.64986996538937" lon="13.21903989650309">
        <ele>325.1</ele>
      </trkpt>
      <trkpt lat="37.64993995428085" lon="13.219239804893732">
        <ele>325.14</ele>
      </trkpt>
      <trkpt lat="37.65004011802375" lon="13.219455135986209">
        <ele>325.18</ele>
      </trkpt>
      <trkpt lat="37.65014003030956" lon="13.219669964164495">
        <ele>325.21</ele>
      </trkpt>
      <trkpt lat="37.650159979239106" lon="13.219799967482686">
        <ele>325.15</ele>
      </trkpt>
      <trkpt lat="37.65012997202575" lon="13.219889989122748">
        <ele>325.03</ele>
      </trkpt>
      <trkpt lat="37.6500048302114" lon="13.220135159790516">
        <ele>324.84</ele>
      </trkpt>
      <trkpt lat="37.64988002367318" lon="13.220379995182157">
        <ele>324.6</ele>
      </trkpt>
      <trkpt lat="37.64976980164647" lon="13.220700435340405">
        <ele>324.35</ele>
      </trkpt>
      <trkpt lat="37.6496596634388" lon="13.221020875498652">
        <ele>324.09</ele>
      </trkpt>
      <trkpt lat="37.64955002814531" lon="13.221339890733361">
        <ele>323.84</ele>
      </trkpt>
      <trkpt lat="37.64949998818338" lon="13.221450028941035">
        <ele>323.54</ele>
      </trkpt>
      <trkpt lat="37.649339977651834" lon="13.221624875441194">
        <ele>323.18</ele>
      </trkpt>
      <trkpt lat="37.64917996712029" lon="13.221799973398447">
        <ele>322.75</ele>
      </trkpt>
      <trkpt lat="37.6490499638021" lon="13.221969958394766">
        <ele>322.26</ele>
      </trkpt>
      <trkpt lat="37.648939825594425" lon="13.222215212881565">
        <ele>321.76</ele>
      </trkpt>
      <trkpt lat="37.648829938843846" lon="13.222459880635142">
        <ele>321.23</ele>
      </trkpt>
      <trkpt lat="37.64867478981614" lon="13.222797755151987">
        <ele>320.64</ele>
      </trkpt>
      <trkpt lat="37.648519640788436" lon="13.223135629668832">
        <ele>320.11</ele>
      </trkpt>
      <trkpt lat="37.64836449176073" lon="13.223473504185677">
        <ele>319.51</ele>
      </trkpt>
      <trkpt lat="37.64821001328528" lon="13.223809953778982">
        <ele>318.85</ele>
      </trkpt>
      <trkpt lat="37.648200038820505" lon="13.223899891600013">
        <ele>318.08</ele>
      </trkpt>
      <trkpt lat="37.647943049669266" lon="13.22386996820569">
        <ele>317.21</ele>
      </trkpt>
      <trkpt lat="37.647686060518026" lon="13.223840044811368">
        <ele>316.3</ele>
      </trkpt>
      <trkpt lat="37.64742907136679" lon="13.223810121417046">
        <ele>315.32</ele>
      </trkpt>
      <trkpt lat="37.64716990292072" lon="13.22378003038466">
        <ele>314.28</ele>
      </trkpt>
      <trkpt lat="37.646893886849284" lon="13.223740048706532">
        <ele>313.21</ele>
      </trkpt>
      <trkpt lat="37.646617786958814" lon="13.223700150847435">
        <ele>312.13</ele>
      </trkpt>
      <trkpt lat="37.64634001068771" lon="13.223659917712212">
        <ele>311.01</ele>
      </trkpt>
      <trkpt lat="37.64604991301894" lon="13.22362999431789">
        <ele>309.82</ele>
      </trkpt>
      <trkpt lat="37.6458603143692" lon="13.223659917712212">
        <ele>308.64</ele>
      </trkpt>
      <trkpt lat="37.645669961348176" lon="13.223690008744597">
        <ele>307.43</ele>
      </trkpt>
      <trkpt lat="37.6454702205956" lon="13.223783131688833">
        <ele>306.2</ele>
      </trkpt>
      <trkpt lat="37.64527056366205" lon="13.2238763384521">
        <ele>304.93</ele>
      </trkpt>
      <trkpt lat="37.645069900900126" lon="13.223969964310527">
        <ele>303.68</ele>
      </trkpt>
      <trkpt lat="37.6448243111372" lon="13.22407172061503">
        <ele>302.39</ele>
      </trkpt>
      <trkpt lat="37.64457872137427" lon="13.224173560738564">
        <ele>301.07</ele>
      </trkpt>
      <trkpt lat="37.64433321543038" lon="13.224275400862098">
        <ele>299.76</ele>
      </trkpt>
      <trkpt lat="37.64408762566745" lon="13.224377240985632">
        <ele>298.49</ele>
      </trkpt>
      <trkpt lat="37.643840024247766" lon="13.224480003118515">
        <ele>297.19</ele>
      </trkpt>
      <trkpt lat="37.64367523603141" lon="13.224559798836708">
        <ele>295.9</ele>
      </trkpt>
      <trkpt lat="37.6435100287199" lon="13.22464001365006">
        <ele>294.61</ele>
      </trkpt>
      <trkpt lat="37.64321540482342" lon="13.224764736369252">
        <ele>293.28</ele>
      </trkpt>
      <trkpt lat="37.64291977509856" lon="13.224889962002635">
        <ele>292.01</ele>
      </trkpt>
      <trkpt lat="37.64276001602411" lon="13.225000016391277">
        <ele>290.82</ele>
      </trkpt>
      <trkpt lat="37.64256991446018" lon="13.225190034136176">
        <ele>289.6</ele>
      </trkpt>
      <trkpt lat="37.6423598639667" lon="13.225479880347848">
        <ele>288.37</ele>
      </trkpt>
      <trkpt lat="37.64226481318474" lon="13.225644920021296">
        <ele>287.26</ele>
      </trkpt>
      <trkpt lat="37.64217001385987" lon="13.22580979205668">
        <ele>286.17</ele>
      </trkpt>
      <trkpt lat="37.64204998500645" lon="13.225974831730127">
        <ele>285.09</ele>
      </trkpt>
      <trkpt lat="37.64193003997207" lon="13.226139787584543">
        <ele>284.04</ele>
      </trkpt>
      <trkpt lat="37.641759971156716" lon="13.226329972967505">
        <ele>283.0</ele>
      </trkpt>
      <trkpt lat="37.64152511022985" lon="13.226554775610566">
        <ele>282.01</ele>
      </trkpt>
      <trkpt lat="37.64129024930298" lon="13.226779662072659">
        <ele>281.04</ele>
      </trkpt>
      <trkpt lat="37.64105538837612" lon="13.227004548534751">
        <ele>280.07</ele>
      </trkpt>
      <trkpt lat="37.64082002453506" lon="13.227230021730065">
        <ele>279.1</ele>
      </trkpt>
      <trkpt lat="37.64060343615711" lon="13.227438228204846">
        <ele>278.09</ele>
      </trkpt>
      <trkpt lat="37.640386847779155" lon="13.227646434679627">
        <ele>277.16</ele>
      </trkpt>
      <trkpt lat="37.640170343220234" lon="13.227854641154408">
        <ele>276.19</ele>
      </trkpt>
      <trkpt lat="37.63995375484228" lon="13.22806284762919">
        <ele>275.23</ele>
      </trkpt>
      <trkpt lat="37.63973725028336" lon="13.22827105410397">
        <ele>274.28</ele>
      </trkpt>
      <trkpt lat="37.63951990753412" lon="13.228480014950037">
        <ele>273.36</ele>
      </trkpt>
      <trkpt lat="37.639389988034964" lon="13.228614879772067">
        <ele>272.46</ele>
      </trkpt>
      <trkpt lat="37.63925998471677" lon="13.22874991223216">
        <ele>271.55</ele>
      </trkpt>
      <trkpt lat="37.63905798085034" lon="13.228997932747006">
        <ele>270.65</ele>
      </trkpt>
      <trkpt lat="37.638855976983905" lon="13.229245953261852">
        <ele>269.66</ele>
      </trkpt>
      <trkpt lat="37.63865397311747" lon="13.229493889957666">
        <ele>268.67</ele>
      </trkpt>
      <trkpt lat="37.63845196925104" lon="13.229741910472512">
        <ele>267.74</ele>
      </trkpt>
      <trkpt lat="37.6382499653846" lon="13.22999001480639">
        <ele>266.8</ele>
      </trkpt>
      <trkpt lat="37.638104958459735" lon="13.23016494512558">
        <ele>265.86</ele>
      </trkpt>
      <trkpt lat="37.6379600353539" lon="13.23033987544477">
        <ele>264.9</ele>
      </trkpt>
      <trkpt lat="37.637740010395646" lon="13.230584878474474">
        <ele>263.87</ele>
      </trkpt>
      <trkpt lat="37.637520069256425" lon="13.230829797685146">
        <ele>262.82</ele>
      </trkpt>
      <trkpt lat="37.637300128117204" lon="13.231074716895819">
        <ele>261.78</ele>
      </trkpt>
      <trkpt lat="37.63708018697798" lon="13.231319636106491">
        <ele>260.77</ele>
      </trkpt>
      <trkpt lat="37.63686024583876" lon="13.231564639136195">
        <ele>259.73</ele>
      </trkpt>
      <trkpt lat="37.63663996942341" lon="13.231809977442026">
        <ele>258.7</ele>
      </trkpt>
      <trkpt lat="37.63646000996232" lon="13.231979878619313">
        <ele>257.61</ele>
      </trkpt>
      <trkpt lat="37.63619279488921" lon="13.232142236083746">
        <ele>256.52</ele>
      </trkpt>
      <trkpt lat="37.635925663635135" lon="13.232304509729147">
        <ele>255.39</ele>
      </trkpt>
      <trkpt lat="37.63565853238106" lon="13.232466783374548">
        <ele>254.25</ele>
      </trkpt>
      <trkpt lat="37.63538997620344" lon="13.232629979029298">
        <ele>253.22</ele>
      </trkpt>
      <trkpt lat="37.63518998399377" lon="13.232759982347488">
        <ele>252.21</ele>
      </trkpt>
      <trkpt lat="37.63492997735739" lon="13.23287003673613">
        <ele>251.22</ele>
      </trkpt>
      <trkpt lat="37.63464381918311" lon="13.232933152467012">
        <ele>250.21</ele>
      </trkpt>
      <trkpt lat="37.63435774482787" lon="13.232996352016926">
        <ele>249.31</ele>
      </trkpt>
      <trkpt lat="37.63406999409199" lon="13.233059970661998">
        <ele>248.39</ele>
      </trkpt>
      <trkpt lat="37.6338498853147" lon="13.23314999230206">
        <ele>247.44</ele>
      </trkpt>
      <trkpt lat="37.63364000245929" lon="13.23327999562025">
        <ele>246.49</ele>
      </trkpt>
      <trkpt lat="37.633364321663976" lon="13.233465738594532">
        <ele>245.58</ele>
      </trkpt>
      <trkpt lat="37.633088640868664" lon="13.233651481568813">
        <ele>244.7</ele>
      </trkpt>
      <trkpt lat="37.63281296007335" lon="13.233837224543095">
        <ele>243.79</ele>
      </trkpt>
      <trkpt lat="37.63253727927804" lon="13.234022967517376">
        <ele>242.94</ele>
      </trkpt>
      <trkpt lat="37.632260005921125" lon="13.23420980013907">
        <ele>242.15</ele>
      </trkpt>
      <trkpt lat="37.632100163027644" lon="13.23431977070868">
        <ele>241.42</ele>
      </trkpt>
      <trkpt lat="37.631939984858036" lon="13.234429992735386">
        <ele>240.73</ele>
      </trkpt>
      <trkpt lat="37.63180000707507" lon="13.234549853950739">
        <ele>240.07</ele>
      </trkpt>
      <trkpt lat="37.63165986165404" lon="13.234669966623187">
        <ele>239.43</ele>
      </trkpt>
      <trkpt lat="37.63157998211682" lon="13.23478002101183">
        <ele>238.84</ele>
      </trkpt>
      <trkpt lat="37.63150001876056" lon="13.23495989665389">
        <ele>238.29</ele>
      </trkpt>
      <trkpt lat="37.63143002986908" lon="13.23527991771698">
        <ele>237.82</ele>
      </trkpt>
      <trkpt lat="37.63139323331416" lon="13.235550485551357">
        <ele>237.39</ele>
      </trkpt>
      <trkpt lat="37.63135643675923" lon="13.235821053385735">
        <ele>237.01</ele>
      </trkpt>
      <trkpt lat="37.63131997548044" lon="13.23609002865851">
        <ele>236.66</ele>
      </trkpt>
      <trkpt lat="37.631333973258734" lon="13.236432680860162">
        <ele>236.28</ele>
      </trkpt>
      <trkpt lat="37.63134797103703" lon="13.236775416880846">
        <ele>235.91</ele>
      </trkpt>
      <trkpt lat="37.63136205263436" lon="13.23711815290153">
        <ele>235.6</ele>
      </trkpt>
      <trkpt lat="37.631376050412655" lon="13.237460805103183">
        <ele>235.29</ele>
      </trkpt>
      <trkpt lat="37.63138996437192" lon="13.237799936905503">
        <ele>234.99</ele>
      </trkpt>
      <trkpt lat="37.63138493523002" lon="13.238060530275106">
        <ele>234.8</ele>
      </trkpt>
      <trkpt lat="37.631379989907146" lon="13.238320033997297">
        <ele>234.67</ele>
      </trkpt>
      <trkpt lat="37.63128996826708" lon="13.238639887422323">
        <ele>234.55</ele>
      </trkpt>
      <trkpt lat="37.631080001592636" lon="13.238859996199608">
        <ele>234.45</ele>
      </trkpt>
      <trkpt lat="37.63093993999064" lon="13.239034926518798">
        <ele>234.4</ele>
      </trkpt>
      <trkpt lat="37.63079987838864" lon="13.23920994065702">
        <ele>234.38</ele>
      </trkpt>
      <trkpt lat="37.63066492974758" lon="13.239379925653338">
        <ele>234.35</ele>
      </trkpt>
      <trkpt lat="37.63052998110652" lon="13.239549994468689">
        <ele>234.32</ele>
      </trkpt>
      <trkpt lat="37.63036980293691" lon="13.239826764911413">
        <ele>234.25</ele>
      </trkpt>
      <trkpt lat="37.630209708586335" lon="13.24010361917317">
        <ele>234.2</ele>
      </trkpt>
      <trkpt lat="37.63004961423576" lon="13.240380473434925">
        <ele>234.19</ele>
      </trkpt>
      <trkpt lat="37.62988951988518" lon="13.240657327696681">
        <ele>234.23</ele>
      </trkpt>
      <trkpt lat="37.629729425534606" lon="13.240934181958437">
        <ele>234.3</ele>
      </trkpt>
      <trkpt lat="37.62957000173628" lon="13.24120994657278">
        <ele>234.4</ele>
      </trkpt>
      <trkpt lat="37.629424994811416" lon="13.241384960711002">
        <ele>234.52</ele>
      </trkpt>
      <trkpt lat="37.62927998788655" lon="13.241559891030192">
        <ele>234.62</ele>
      </trkpt>
      <trkpt lat="37.62903758324683" lon="13.24179232120514">
        <ele>234.76</ele>
      </trkpt>
      <trkpt lat="37.62879526242614" lon="13.242024667561054">
        <ele>234.95</ele>
      </trkpt>
      <trkpt lat="37.62855294160545" lon="13.242257097736001">
        <ele>235.18</ele>
      </trkpt>
      <trkpt lat="37.62831003405154" lon="13.242490030825138">
        <ele>235.39</ele>
      </trkpt>
      <trkpt lat="37.628175001591444" lon="13.242654986679554">
        <ele>235.63</ele>
      </trkpt>
      <trkpt lat="37.62803996913135" lon="13.24281994253397">
        <ele>235.86</ele>
      </trkpt>
      <trkpt lat="37.627969812601805" lon="13.243135521188378">
        <ele>236.09</ele>
      </trkpt>
      <trkpt lat="37.62789982371032" lon="13.243449926376343">
        <ele>236.34</ele>
      </trkpt>
      <trkpt lat="37.62783478014171" lon="13.243805654346943">
        <ele>236.63</ele>
      </trkpt>
      <trkpt lat="37.62776965275407" lon="13.244161298498511">
        <ele>236.95</ele>
      </trkpt>
      <trkpt lat="37.627704525366426" lon="13.24451694265008">
        <ele>237.22</ele>
      </trkpt>
      <trkpt lat="37.62763990089297" lon="13.244869904592633">
        <ele>237.51</ele>
      </trkpt>
      <trkpt lat="37.62756982818246" lon="13.245216580107808">
        <ele>237.82</ele>
      </trkpt>
      <trkpt lat="37.62749967165291" lon="13.245563255622983">
        <ele>238.1</ele>
      </trkpt>
      <trkpt lat="37.6274295989424" lon="13.245909847319126">
        <ele>238.46</ele>
      </trkpt>
      <trkpt lat="37.62735944241285" lon="13.246256522834301">
        <ele>238.82</ele>
      </trkpt>
      <trkpt lat="37.62729004025459" lon="13.24660001322627">
        <ele>239.14</ele>
      </trkpt>
      <trkpt lat="37.62720731087029" lon="13.246963117271662">
        <ele>239.52</ele>
      </trkpt>
      <trkpt lat="37.62712466530502" lon="13.247326221317053">
        <ele>239.96</ele>
      </trkpt>
      <trkpt lat="37.627041935920715" lon="13.247689325362444">
        <ele>240.34</ele>
      </trkpt>
      <trkpt lat="37.626959877088666" lon="13.248049831017852">
        <ele>240.73</ele>
      </trkpt>
      <trkpt lat="37.62687471695244" lon="13.248330373317003">
        <ele>241.13</ele>
      </trkpt>
      <trkpt lat="37.62678997591138" lon="13.248609993606806">
        <ele>241.55</ele>
      </trkpt>
      <trkpt lat="37.62668981216848" lon="13.248883662745357">
        <ele>242.03</ele>
      </trkpt>
      <trkpt lat="37.62658964842558" lon="13.249157331883907">
        <ele>242.49</ele>
      </trkpt>
      <trkpt lat="37.62648990377784" lon="13.249429995194077">
        <ele>242.93</ele>
      </trkpt>
      <trkpt lat="37.62636643834412" lon="13.249723613262177">
        <ele>243.31</ele>
      </trkpt>
      <trkpt lat="37.626242972910404" lon="13.250017315149307">
        <ele>243.7</ele>
      </trkpt>
      <trkpt lat="37.62612001039088" lon="13.250310011208057">
        <ele>244.12</ele>
      </trkpt>
      <trkpt lat="37.625964945182204" lon="13.250525007024407">
        <ele>244.57</ele>
      </trkpt>
      <trkpt lat="37.62580996379256" lon="13.250740002840757">
        <ele>244.98</ele>
      </trkpt>
      <trkpt lat="37.6256041880697" lon="13.251006212085485">
        <ele>245.36</ele>
      </trkpt>
      <trkpt lat="37.62539841234684" lon="13.251272421330214">
        <ele>245.72</ele>
      </trkpt>
      <trkpt lat="37.62519272044301" lon="13.251538714393973">
        <ele>245.99</ele>
      </trkpt>
      <trkpt lat="37.62498702853918" lon="13.25180483981967">
        <ele>246.2</ele>
      </trkpt>
      <trkpt lat="37.62500999495387" lon="13.251829901710153">
        <ele>246.35</ele>
      </trkpt>
      <trkpt lat="37.62497001327574" lon="13.251880025491118">
        <ele>246.45</ele>
      </trkpt>
      <trkpt lat="37.62490991503" lon="13.251979937776923">
        <ele>246.5</ele>
      </trkpt>
      <trkpt lat="37.62488988228142" lon="13.252010028809309">
        <ele>246.49</ele>
      </trkpt>
      <trkpt lat="37.624870017170906" lon="13.252069959416986">
        <ele>246.42</ele>
      </trkpt>
      <trkpt lat="37.624849984422326" lon="13.25211999937892">
        <ele>246.28</ele>
      </trkpt>
      <trkpt lat="37.62483003549278" lon="13.25218990445137">
        <ele>246.07</ele>
      </trkpt>
      <trkpt lat="37.624809918925166" lon="13.25227003544569">
        <ele>245.79</ele>
      </trkpt>
      <trkpt lat="37.62479994446039" lon="13.25231990776956">
        <ele>245.44</ele>
      </trkpt>
      <trkpt lat="37.62478996999562" lon="13.25235997326672">
        <ele>245.01</ele>
      </trkpt>
      <trkpt lat="37.62478996999562" lon="13.252409929409623">
        <ele>244.51</ele>
      </trkpt>
      <trkpt lat="37.62467999942601" lon="13.252349998801947">
        <ele>243.93</ele>
      </trkpt>
      <trkpt lat="37.62448998168111" lon="13.252259893342853">
        <ele>243.25</ele>
      </trkpt>
      <trkpt lat="37.62442988343537" lon="13.252419987693429">
        <ele>242.52</ele>
      </trkpt>
      <trkpt lat="37.62441001832485" lon="13.252480002120137">
        <ele>241.71</ele>
      </trkpt>
      <trkpt lat="37.62438998557627" lon="13.25250992551446">
        <ele>240.84</ele>
      </trkpt>
      <trkpt lat="37.62430817820132" lon="13.252714276313782">
        <ele>239.85</ele>
      </trkpt>
      <trkpt lat="37.62416518293321" lon="13.252624170854688">
        <ele>238.82</ele>
      </trkpt>
      <trkpt lat="37.62402193620801" lon="13.25253389775753">
        <ele>237.73</ele>
      </trkpt>
      <trkpt lat="37.6237547211349" lon="13.252532640472054">
        <ele>236.51</ele>
      </trkpt>
      <trkpt lat="37.62348650023341" lon="13.25253146700561">
        <ele>235.26</ele>
      </trkpt>
      <trkpt lat="37.62323537841439" lon="13.252589805051684">
        <ele>233.94</ele>
      </trkpt>
      <trkpt lat="37.62298425659537" lon="13.25264822691679">
        <ele>232.59</ele>
      </trkpt>
      <trkpt lat="37.622733218595386" lon="13.252706648781896">
        <ele>231.16</ele>
      </trkpt>
      <trkpt lat="37.62248016893864" lon="13.25276548974216">
        <ele>229.73</ele>
      </trkpt>
      <trkpt lat="37.62225737795234" lon="13.252854589372873">
        <ele>228.27</ele>
      </trkpt>
      <trkpt lat="37.62203458696604" lon="13.252943689003587">
        <ele>226.73</ele>
      </trkpt>
      <trkpt lat="37.621810706332326" lon="13.25303329154849">
        <ele>225.18</ele>
      </trkpt>
      <trkpt lat="37.62176787480712" lon="13.253281395882368">
        <ele>223.62</ele>
      </trkpt>
      <trkpt lat="37.621918581426144" lon="13.253445513546467">
        <ele>222.24</ele>
      </trkpt>
      <trkpt lat="37.62206953950226" lon="13.253609798848629">
        <ele>220.85</ele>
      </trkpt>
      <trkpt lat="37.62216375209391" lon="13.253843486309052">
        <ele>219.38</ele>
      </trkpt>
      <trkpt lat="37.62225788086653" lon="13.254076587036252">
        <ele>217.92</ele>
      </trkpt>
      <trkpt lat="37.6224301289767" lon="13.254366097971797">
        <ele>216.39</ele>
      </trkpt>
      <trkpt lat="37.62260246090591" lon="13.254655608907342">
        <ele>214.87</ele>
      </trkpt>
      <trkpt lat="37.62277445755899" lon="13.254944616928697">
        <ele>213.34</ele>
      </trkpt>
      <trkpt lat="37.62296590022743" lon="13.255146536976099">
        <ele>211.94</ele>
      </trkpt>
      <trkpt lat="37.623157342895865" lon="13.255348457023501">
        <ele>210.52</ele>
      </trkpt>
      <trkpt lat="37.6233490370214" lon="13.255550628527999">
        <ele>209.1</ele>
      </trkpt>
      <trkpt lat="37.62358599342406" lon="13.255680296570063">
        <ele>207.82</ele>
      </trkpt>
      <trkpt lat="37.62376301921904" lon="13.255724804475904">
        <ele>206.61</ele>
      </trkpt>
      <trkpt lat="37.62394079938531" lon="13.255769480019808">
        <ele>205.44</ele>
      </trkpt>
      <trkpt lat="37.624098965898156" lon="13.255961257964373">
        <ele>204.27</ele>
      </trkpt>
      <trkpt lat="37.624257132411" lon="13.25615311972797">
        <ele>203.12</ele>
      </trkpt>
      <trkpt lat="37.62440004386008" lon="13.256250098347664">
        <ele>202.11</ele>
      </trkpt>
      <trkpt lat="37.62454337440431" lon="13.256347244605422">
        <ele>201.13</ele>
      </trkpt>
      <trkpt lat="37.62456097640097" lon="13.256363421678543">
        <ele>200.16</ele>
      </trkpt>
      <trkpt lat="37.62457866221666" lon="13.25638429261744">
        <ele>199.23</ele>
      </trkpt>
      <trkpt lat="37.62470103800297" lon="13.25651714578271">
        <ele>198.32</ele>
      </trkpt>
      <trkpt lat="37.62482341378927" lon="13.25665008276701">
        <ele>197.43</ele>
      </trkpt>
      <trkpt lat="37.62481410987675" lon="13.256663074716926">
        <ele>196.64</ele>
      </trkpt>
      <trkpt lat="37.62480480596423" lon="13.25668528676033">
        <ele>195.88</ele>
      </trkpt>
      <trkpt lat="37.62479064054787" lon="13.256768686696887">
        <ele>195.12</ele>
      </trkpt>
      <trkpt lat="37.624785946682096" lon="13.256791653111577">
        <ele>194.46</ele>
      </trkpt>
      <trkpt lat="37.624781085178256" lon="13.25687631033361">
        <ele>193.81</ele>
      </trkpt>
      <trkpt lat="37.62478091754019" lon="13.256914280354977">
        <ele>193.24</ele>
      </trkpt>
      <trkpt lat="37.62478083372116" lon="13.25694277882576">
        <ele>192.73</ele>
      </trkpt>
      <trkpt lat="37.62477605603635" lon="13.25697504915297">
        <ele>192.27</ele>
      </trkpt>
      <trkpt lat="37.62477597221732" lon="13.257022490724921">
        <ele>191.85</ele>
      </trkpt>
      <trkpt lat="37.624771278351545" lon="13.25704537332058">
        <ele>191.49</ele>
      </trkpt>
      <trkpt lat="37.62476205825806" lon="13.257067250087857">
        <ele>191.17</ele>
      </trkpt>
      <trkpt lat="37.62474806047976" lon="13.25712600722909">
        <ele>190.89</ele>
      </trkpt>
      <trkpt lat="37.62473875656724" lon="13.257162049412727">
        <ele>190.67</ele>
      </trkpt>
      <trkpt lat="37.624734146520495" lon="13.257179902866483">
        <ele>190.51</ele>
      </trkpt>
      <trkpt lat="37.62472945265472" lon="13.25721200555563">
        <ele>190.4</ele>
      </trkpt>
      <trkpt lat="37.62471101246774" lon="13.25725064612925">
        <ele>190.33</ele>
      </trkpt>
      <trkpt lat="37.624706402421" lon="13.257277887314558">
        <ele>190.3</ele>
      </trkpt>
      <trkpt lat="37.62470179237425" lon="13.257309822365642">
        <ele>190.33</ele>
      </trkpt>
      <trkpt lat="37.62470170855522" lon="13.25733806937933">
        <ele>190.39</ele>
      </trkpt>
      <trkpt lat="37.62470154091716" lon="13.257385259494185">
        <ele>190.5</ele>
      </trkpt>
      <trkpt lat="37.624701457098126" lon="13.257408812642097">
        <ele>190.65</ele>
      </trkpt>
      <trkpt lat="37.62469684705138" lon="13.257431276142597">
        <ele>190.84</ele>
      </trkpt>
      <trkpt lat="37.624687710776925" lon="13.25745734386146">
        <ele>191.07</ele>
      </trkpt>
      <trkpt lat="37.62468310073018" lon="13.25747980736196">
        <ele>191.34</ele>
      </trkpt>
      <trkpt lat="37.624678490683436" lon="13.25751157477498">
        <ele>191.65</ele>
      </trkpt>
      <trkpt lat="37.62466927058995" lon="13.257542252540588">
        <ele>191.99</ele>
      </trkpt>
      <trkpt lat="37.62466927058995" lon="13.25755164027214">
        <ele>192.36</ele>
      </trkpt>
      <trkpt lat="37.62458134442568" lon="13.257924802601337">
        <ele>192.76</ele>
      </trkpt>
      <trkpt lat="37.62449341826141" lon="13.258297964930534">
        <ele>193.23</ele>
      </trkpt>
      <trkpt lat="37.62440599501133" lon="13.258669199422002">
        <ele>193.73</ele>
      </trkpt>
      <trkpt lat="37.624320751056075" lon="13.258911855518818">
        <ele>194.25</ele>
      </trkpt>
      <trkpt lat="37.62423584237695" lon="13.259153757244349">
        <ele>194.81</ele>
      </trkpt>
      <trkpt lat="37.624084800481796" lon="13.259243443608284">
        <ele>195.32</ele>
      </trkpt>
      <trkpt lat="37.62408463284373" lon="13.259243611246347">
        <ele>195.33</ele>
      </trkpt>
      <trkpt lat="37.62408446520567" lon="13.25924377888441">
        <ele>195.91</ele>
      </trkpt>
      <trkpt lat="37.623932836577296" lon="13.2593341358006">
        <ele>196.51</ele>
      </trkpt>
      <trkpt lat="37.62362379580736" lon="13.259404711425304">
        <ele>197.17</ele>
      </trkpt>
      <trkpt lat="37.62331475503743" lon="13.25947537086904">
        <ele>197.8</ele>
      </trkpt>
      <trkpt lat="37.623003954067826" lon="13.259546533226967">
        <ele>198.46</ele>
      </trkpt>
      <trkpt lat="37.62270916253328" lon="13.25949976220727">
        <ele>199.16</ele>
      </trkpt>
      <trkpt lat="37.62241328135133" lon="13.25945290736854">
        <ele>199.89</ele>
      </trkpt>
      <trkpt lat="37.62247237376869" lon="13.25963512994349">
        <ele>200.6</ele>
      </trkpt>
      <trkpt lat="37.622510930523276" lon="13.259877534583211">
        <ele>201.29</ele>
      </trkpt>
      <trkpt lat="37.6225493196398" lon="13.260118933394551">
        <ele>202.01</ele>
      </trkpt>
      <trkpt lat="37.62267580255866" lon="13.260292522609234">
        <ele>202.67</ele>
      </trkpt>
      <trkpt lat="37.62280228547752" lon="13.260465944185853">
        <ele>203.36</ele>
      </trkpt>
      <trkpt lat="37.62281695380807" lon="13.260484719648957">
        <ele>204.02</ele>
      </trkpt>
      <trkpt lat="37.622992219403386" lon="13.26070373877883">
        <ele>204.77</ele>
      </trkpt>
      <trkpt lat="37.6231674849987" lon="13.260922925546765">
        <ele>205.49</ele>
      </trkpt>
      <trkpt lat="37.62319799512625" lon="13.26094463467598">
        <ele>206.12</ele>
      </trkpt>
      <trkpt lat="37.62340779416263" lon="13.261077320203185">
        <ele>206.7</ele>
      </trkpt>
      <trkpt lat="37.62361826375127" lon="13.26121042482555">
        <ele>207.24</ele>
      </trkpt>
      <trkpt lat="37.62363410554826" lon="13.261230373755097">
        <ele>207.84</ele>
      </trkpt>
      <trkpt lat="37.62378313578665" lon="13.26130815781653">
        <ele>208.42</ele>
      </trkpt>
      <trkpt lat="37.62393266893923" lon="13.261386277154088">
        <ele>209.03</ele>
      </trkpt>
      <trkpt lat="37.624213797971606" lon="13.261399185284972">
        <ele>209.61</ele>
      </trkpt>
      <trkpt lat="37.62449626810849" lon="13.261412177234888">
        <ele>210.08</ele>
      </trkpt>
      <trkpt lat="37.62453071773052" lon="13.261436149477959">
        <ele>210.62</ele>
      </trkpt>
      <trkpt lat="37.62478259392083" lon="13.261516196653247">
        <ele>211.14</ele>
      </trkpt>
      <trkpt lat="37.62503547593951" lon="13.26159649528563">
        <ele>211.68</ele>
      </trkpt>
      <trkpt lat="37.62520059943199" lon="13.261620718985796">
        <ele>212.17</ele>
      </trkpt>
      <trkpt lat="37.62536656111479" lon="13.261645110324025">
        <ele>212.63</ele>
      </trkpt>
      <trkpt lat="37.62548357248306" lon="13.26177385635674">
        <ele>213.09</ele>
      </trkpt>
      <trkpt lat="37.62562011368573" lon="13.26203478500247">
        <ele>213.57</ele>
      </trkpt>
      <trkpt lat="37.62575657106936" lon="13.26229521073401">
        <ele>214.06</ele>
      </trkpt>
      <trkpt lat="37.62591741979122" lon="13.26262696646154">
        <ele>214.54</ele>
      </trkpt>
      <trkpt lat="37.62583485804498" lon="13.26300272718072">
        <ele>215.07</ele>
      </trkpt>
      <trkpt lat="37.62583049945533" lon="13.2630261965096">
        <ele>215.46</ele>
      </trkpt>
      <trkpt lat="37.62583393603563" lon="13.263269355520606">
        <ele>215.86</ele>
      </trkpt>
      <trkpt lat="37.62583393603563" lon="13.263283772394061">
        <ele>216.21</ele>
      </trkpt>
      <trkpt lat="37.62583821080625" lon="13.263304140418768">
        <ele>216.55</ele>
      </trkpt>
      <trkpt lat="37.62584659270942" lon="13.26332526281476">
        <ele>216.87</ele>
      </trkpt>
      <trkpt lat="37.62586360797286" lon="13.263367675244808">
        <ele>217.17</ele>
      </trkpt>
      <trkpt lat="37.62587643228471" lon="13.26339466497302">
        <ele>217.46</ele>
      </trkpt>
      <trkpt lat="37.62588498182595" lon="13.263411177322268">
        <ele>217.74</ele>
      </trkpt>
      <trkpt lat="37.6258978061378" lon="13.263438250869513">
        <ele>218.02</ele>
      </trkpt>
      <trkpt lat="37.62591063044965" lon="13.26346063055098">
        <ele>218.29</ele>
      </trkpt>
      <trkpt lat="37.625927897170186" lon="13.263479070737958">
        <ele>218.55</ele>
      </trkpt>
      <trkpt lat="37.625958155840635" lon="13.263505389913917">
        <ele>218.8</ele>
      </trkpt>
      <trkpt lat="37.62597994878888" lon="13.263524919748306">
        <ele>219.05</ele>
      </trkpt>
      <trkpt lat="37.62600174173713" lon="13.263544533401728">
        <ele>219.29</ele>
      </trkpt>
      <trkpt lat="37.626028060913086" lon="13.2635700982064">
        <ele>219.54</ele>
      </trkpt>
      <trkpt lat="37.62605890631676" lon="13.263582084327936">
        <ele>219.79</ele>
      </trkpt>
      <trkpt lat="37.62607659213245" lon="13.26359105296433">
        <ele>220.04</ele>
      </trkpt>
      <trkpt lat="37.62609872035682" lon="13.263600943610072">
        <ele>220.29</ele>
      </trkpt>
      <trkpt lat="37.62612110003829" lon="13.26361108571291">
        <ele>220.54</ele>
      </trkpt>
      <trkpt lat="37.62614347971976" lon="13.26363111846149">
        <ele>220.8</ele>
      </trkpt>
      <trkpt lat="37.62614792212844" lon="13.263637069612741">
        <ele>221.07</ele>
      </trkpt>
      <trkpt lat="37.62639275752008" lon="13.2637860160321">
        <ele>221.39</ele>
      </trkpt>
      <trkpt lat="37.62663767673075" lon="13.263934878632426">
        <ele>221.69</ele>
      </trkpt>
      <trkpt lat="37.626882595941424" lon="13.264083741232753">
        <ele>222.0</ele>
      </trkpt>
      <trkpt lat="37.62712877243757" lon="13.264233442023396">
        <ele>222.33</ele>
      </trkpt>
      <trkpt lat="37.627311162650585" lon="13.26431768015027">
        <ele>222.63</ele>
      </trkpt>
      <trkpt lat="37.62749422341585" lon="13.264402253553271">
        <ele>222.95</ele>
      </trkpt>
      <trkpt lat="37.62760939076543" lon="13.264539297670126">
        <ele>223.29</ele>
      </trkpt>
      <trkpt lat="37.62772472575307" lon="13.26467634178698">
        <ele>223.63</ele>
      </trkpt>
      <trkpt lat="37.62786948122084" lon="13.26484389603138">
        <ele>223.96</ele>
      </trkpt>
      <trkpt lat="37.62801440432668" lon="13.26501153409481">
        <ele>224.28</ele>
      </trkpt>
      <trkpt lat="37.62802630662918" lon="13.26501882635057">
        <ele>224.58</ele>
      </trkpt>
      <trkpt lat="37.62829955667257" lon="13.265215633437037">
        <ele>224.92</ele>
      </trkpt>
      <trkpt lat="37.62831615284085" lon="13.265262823551893">
        <ele>225.23</ele>
      </trkpt>
      <trkpt lat="37.62831196188927" lon="13.265276318416">
        <ele>225.54</ele>
      </trkpt>
      <trkpt lat="37.62828673236072" lon="13.265294255688787">
        <ele>225.85</ele>
      </trkpt>
      <trkpt lat="37.62827005237341" lon="13.265309175476432">
        <ele>226.16</ele>
      </trkpt>
      <trkpt lat="37.62824507430196" lon="13.26532225124538">
        <ele>226.48</ele>
      </trkpt>
      <trkpt lat="37.62822018004954" lon="13.265335075557232">
        <ele>226.79</ele>
      </trkpt>
      <trkpt lat="37.62820366770029" lon="13.26534521766007">
        <ele>227.11</ele>
      </trkpt>
      <trkpt lat="37.62817072682083" lon="13.265365418046713">
        <ele>227.44</ele>
      </trkpt>
      <trkpt lat="37.628158489242196" lon="13.26536231674254">
        <ele>227.76</ele>
      </trkpt>
      <trkpt lat="37.62812186032534" lon="13.265371955931187">
        <ele>228.09</ele>
      </trkpt>
      <trkpt lat="37.62809352949262" lon="13.265364663675427">
        <ele>228.42</ele>
      </trkpt>
      <trkpt lat="37.62807332910597" lon="13.265359466895461">
        <ele>228.75</ele>
      </trkpt>
      <trkpt lat="37.62805329635739" lon="13.265354353934526">
        <ele>229.09</ele>
      </trkpt>
      <trkpt lat="37.62802932411432" lon="13.26534815132618">
        <ele>229.44</ele>
      </trkpt>
      <trkpt lat="37.628005519509315" lon="13.265332644805312">
        <ele>229.79</ele>
      </trkpt>
      <trkpt lat="37.62798171490431" lon="13.26532183215022">
        <ele>230.15</ele>
      </trkpt>
      <trkpt lat="37.62795019894838" lon="13.265313869342208">
        <ele>230.52</ele>
      </trkpt>
      <trkpt lat="37.62793452478945" lon="13.265309846028686">
        <ele>230.9</ele>
      </trkpt>
      <trkpt lat="37.62791105546057" lon="13.265303811058402">
        <ele>231.29</ele>
      </trkpt>
      <trkpt lat="37.62789152562618" lon="13.26529886573553">
        <ele>231.69</ele>
      </trkpt>
      <trkpt lat="37.62786051258445" lon="13.26529098674655">
        <ele>232.11</ele>
      </trkpt>
      <trkpt lat="37.62783729471266" lon="13.265285035595298">
        <ele>232.53</ele>
      </trkpt>
      <trkpt lat="37.62781038880348" lon="13.265278162434697">
        <ele>232.96</ele>
      </trkpt>
      <trkpt lat="37.62778356671333" lon="13.265271373093128">
        <ele>233.41</ele>
      </trkpt>
      <trkpt lat="37.62773813679814" lon="13.2652641646564">
        <ele>233.88</ele>
      </trkpt>
      <trkpt lat="37.62771542184055" lon="13.265258381143212">
        <ele>234.35</ele>
      </trkpt>
      <trkpt lat="37.62767996639013" lon="13.265259889885783">
        <ele>234.83</ele>
      </trkpt>
      <trkpt lat="37.62751023285091" lon="13.265200043097138">
        <ele>235.37</ele>
      </trkpt>
      <trkpt lat="37.62733982875943" lon="13.26514002867043">
        <ele>235.96</ele>
      </trkpt>
      <trkpt lat="37.62703908607364" lon="13.265092922374606">
        <ele>236.51</ele>
      </trkpt>
      <trkpt lat="37.62673825956881" lon="13.265045899897814">
        <ele>237.05</ele>
      </trkpt>
      <trkpt lat="37.626437516883016" lon="13.264998877421021">
        <ele>237.62</ele>
      </trkpt>
      <trkpt lat="37.62613669037819" lon="13.264951771125197">
        <ele>238.11</ele>
      </trkpt>
      <trkpt lat="37.625835947692394" lon="13.264904748648405">
        <ele>238.56</ele>
      </trkpt>
      <trkpt lat="37.62553512118757" lon="13.264857726171613">
        <ele>238.97</ele>
      </trkpt>
      <trkpt lat="37.62522993609309" lon="13.264810033142567">
        <ele>239.54</ele>
      </trkpt>
      <trkpt lat="37.624978478997946" lon="13.264776086434722">
        <ele>240.18</ele>
      </trkpt>
      <trkpt lat="37.6247270219028" lon="13.264742139726877">
        <ele>240.86</ele>
      </trkpt>
      <trkpt lat="37.62447548098862" lon="13.264708193019032">
        <ele>241.49</ele>
      </trkpt>
      <trkpt lat="37.624224023893476" lon="13.264674246311188">
        <ele>242.06</ele>
      </trkpt>
      <trkpt lat="37.623969968408346" lon="13.264639964327216">
        <ele>242.63</ele>
      </trkpt>
      <trkpt lat="37.62376997619867" lon="13.264659829437733">
        <ele>243.21</ele>
      </trkpt>
      <trkpt lat="37.623569983989" lon="13.264729985967278">
        <ele>243.78</ele>
      </trkpt>
      <trkpt lat="37.623300421983004" lon="13.264839788898826">
        <ele>244.34</ele>
      </trkpt>
      <trkpt lat="37.62303085997701" lon="13.264949591830373">
        <ele>244.85</ele>
      </trkpt>
      <trkpt lat="37.62276138179004" lon="13.26505939476192">
        <ele>245.32</ele>
      </trkpt>
      <trkpt lat="37.622491819784045" lon="13.265169197693467">
        <ele>245.79</ele>
      </trkpt>
      <trkpt lat="37.62221999466419" lon="13.265279922634363">
        <ele>246.28</ele>
      </trkpt>
      <trkpt lat="37.62199996970594" lon="13.265339937061071">
        <ele>246.84</ele>
      </trkpt>
      <trkpt lat="37.62175999581814" lon="13.2653799187392">
        <ele>247.46</ele>
      </trkpt>
      <trkpt lat="37.62160023674369" lon="13.265345050022006">
        <ele>248.0</ele>
      </trkpt>
      <trkpt lat="37.62143997475505" lon="13.265310013666749">
        <ele>248.49</ele>
      </trkpt>
      <trkpt lat="37.62113990262151" lon="13.265199959278107">
        <ele>248.91</ele>
      </trkpt>
      <trkpt lat="37.620863718912005" lon="13.265080181881785">
        <ele>249.31</ele>
      </trkpt>
      <trkpt lat="37.6205875352025" lon="13.264960404485464">
        <ele>249.78</ele>
      </trkpt>
      <trkpt lat="37.62031001038849" lon="13.26484004035592">
        <ele>250.24</ele>
      </trkpt>
      <trkpt lat="37.62001991271973" lon="13.264739876613021">
        <ele>250.66</ele>
      </trkpt>
      <trkpt lat="37.619820004329085" lon="13.26469000428915">
        <ele>251.02</ele>
      </trkpt>
      <trkpt lat="37.61961003765464" lon="13.26469000428915">
        <ele>251.38</ele>
      </trkpt>
      <trkpt lat="37.61936000548303" lon="13.264739876613021">
        <ele>251.72</ele>
      </trkpt>
      <trkpt lat="37.61910988949239" lon="13.26484004035592">
        <ele>252.04</ele>
      </trkpt>
      <trkpt lat="37.618960021063685" lon="13.264940036460757">
        <ele>252.33</ele>
      </trkpt>
      <trkpt lat="37.61876002885401" lon="13.26514002867043">
        <ele>252.71</ele>
      </trkpt>
      <trkpt lat="37.61867989785969" lon="13.265240024775267">
        <ele>253.04</ele>
      </trkpt>
      <trkpt lat="37.618530029430985" lon="13.265500031411648">
        <ele>253.32</ele>
      </trkpt>
      <trkpt lat="37.618403211236" lon="13.265780238434672">
        <ele>253.56</ele>
      </trkpt>
      <trkpt lat="37.618276393041015" lon="13.266060529276729">
        <ele>253.82</ele>
      </trkpt>
      <trkpt lat="37.61814999394119" lon="13.266339981928468">
        <ele>254.08</ele>
      </trkpt>
      <trkpt lat="37.61802988126874" lon="13.266530083492398">
        <ele>254.29</ele>
      </trkpt>
      <trkpt lat="37.61791002005339" lon="13.266720017418265">
        <ele>254.52</ele>
      </trkpt>
      <trkpt lat="37.61775981634855" lon="13.266899976879358">
        <ele>254.72</ele>
      </trkpt>
      <trkpt lat="37.61751992627978" lon="13.267079936340451">
        <ele>254.94</ele>
      </trkpt>
      <trkpt lat="37.61732001788914" lon="13.267170041799545">
        <ele>255.18</ele>
      </trkpt>
      <trkpt lat="37.61712002567947" lon="13.267199965193868">
        <ele>255.37</ele>
      </trkpt>
      <trkpt lat="37.61688298545778" lon="13.267172472551465">
        <ele>255.59</ele>
      </trkpt>
      <trkpt lat="37.61664594523609" lon="13.267145063728094">
        <ele>255.9</ele>
      </trkpt>
      <trkpt lat="37.616408905014396" lon="13.267117654904723">
        <ele>256.27</ele>
      </trkpt>
      <trkpt lat="37.616169936954975" lon="13.267089994624257">
        <ele>256.6</ele>
      </trkpt>
      <trkpt lat="37.6158700324595" lon="13.26709988527">
        <ele>256.92</ele>
      </trkpt>
      <trkpt lat="37.61562989093363" lon="13.267199965193868">
        <ele>257.2</ele>
      </trkpt>
      <trkpt lat="37.61541003361344" lon="13.267350001260638">
        <ele>257.42</ele>
      </trkpt>
      <trkpt lat="37.61522990651429" lon="13.26754990965128">
        <ele>257.62</ele>
      </trkpt>
      <trkpt lat="37.61508003808558" lon="13.26778988353908">
        <ele>257.78</ele>
      </trkpt>
      <trkpt lat="37.61496000923216" lon="13.268100013956428">
        <ele>257.88</ele>
      </trkpt>
      <trkpt lat="37.614899994805455" lon="13.268379969522357">
        <ele>258.12</ele>
      </trkpt>
      <trkpt lat="37.61489496566355" lon="13.268735697492957">
        <ele>258.38</ele>
      </trkpt>
      <trkpt lat="37.61488993652165" lon="13.269091425463557">
        <ele>258.63</ele>
      </trkpt>
      <trkpt lat="37.614884907379746" lon="13.269447237253189">
        <ele>258.84</ele>
      </trkpt>
      <trkpt lat="37.614879962056875" lon="13.26980003155768">
        <ele>259.14</ele>
      </trkpt>
      <trkpt lat="37.61484987102449" lon="13.270000359043479">
        <ele>259.41</ele>
      </trkpt>
      <trkpt lat="37.6148200314492" lon="13.270200015977025">
        <ele>259.71</ele>
      </trkpt>
      <trkpt lat="37.61473998427391" lon="13.270539902150631">
        <ele>259.96</ele>
      </trkpt>
      <trkpt lat="37.61461978778243" lon="13.270876100286841">
        <ele>260.37</ele>
      </trkpt>
      <trkpt lat="37.61449959129095" lon="13.271212298423052">
        <ele>260.86</ele>
      </trkpt>
      <trkpt lat="37.6143794786185" lon="13.271548496559262">
        <ele>261.29</ele>
      </trkpt>
      <trkpt lat="37.61425928212702" lon="13.271884694695473">
        <ele>261.68</ele>
      </trkpt>
      <trkpt lat="37.614139169454575" lon="13.272220892831683">
        <ele>261.97</ele>
      </trkpt>
      <trkpt lat="37.614018972963095" lon="13.272557090967894">
        <ele>262.3</ele>
      </trkpt>
      <trkpt lat="37.61390003375709" lon="13.272890020161867">
        <ele>262.72</ele>
      </trkpt>
      <trkpt lat="37.61375988833606" lon="13.273190008476377">
        <ele>263.19</ele>
      </trkpt>
      <trkpt lat="37.61368000879884" lon="13.273289920762181">
        <ele>263.61</ele>
      </trkpt>
      <trkpt lat="37.613549921661615" lon="13.2734599057585">
        <ele>264.03</ele>
      </trkpt>
      <trkpt lat="37.61336996220052" lon="13.27360994182527">
        <ele>264.43</ele>
      </trkpt>
      <trkpt lat="37.613079864531755" lon="13.273739945143461">
        <ele>264.92</ele>
      </trkpt>
      <trkpt lat="37.612860007211566" lon="13.27375989407301">
        <ele>265.54</ele>
      </trkpt>
      <trkpt lat="37.61263998225331" lon="13.273750003427267">
        <ele>266.13</ele>
      </trkpt>
      <trkpt lat="37.61237218044698" lon="13.273705076426268">
        <ele>266.69</ele>
      </trkpt>
      <trkpt lat="37.61210437864065" lon="13.273660149425268">
        <ele>267.24</ele>
      </trkpt>
      <trkpt lat="37.61183657683432" lon="13.273615222424269">
        <ele>267.75</ele>
      </trkpt>
      <trkpt lat="37.61156885884702" lon="13.273570379242301">
        <ele>268.29</ele>
      </trkpt>
      <trkpt lat="37.61130105704069" lon="13.273525452241302">
        <ele>268.85</ele>
      </trkpt>
      <trkpt lat="37.61102990247309" lon="13.27347993850708">
        <ele>269.39</ele>
      </trkpt>
      <trkpt lat="37.610850278288126" lon="13.273445069789886">
        <ele>269.94</ele>
      </trkpt>
      <trkpt lat="37.610669983550906" lon="13.27341003343463">
        <ele>270.51</ele>
      </trkpt>
      <trkpt lat="37.61049002408981" lon="13.273359993472695">
        <ele>271.09</ele>
      </trkpt>
      <trkpt lat="37.610349878668785" lon="13.273289920762181">
        <ele>271.67</ele>
      </trkpt>
      <trkpt lat="37.61020001024008" lon="13.273169975727797">
        <ele>272.31</ele>
      </trkpt>
      <trkpt lat="37.60996506549418" lon="13.272947603836656">
        <ele>272.98</ele>
      </trkpt>
      <trkpt lat="37.60973020456731" lon="13.272725231945515">
        <ele>273.7</ele>
      </trkpt>
      <trkpt lat="37.60949534364045" lon="13.272502860054374">
        <ele>274.49</ele>
      </trkpt>
      <trkpt lat="37.60925997979939" lon="13.27227990143001">
        <ele>275.32</ele>
      </trkpt>
      <trkpt lat="37.60902998037636" lon="13.27210002578795">
        <ele>276.09</ele>
      </trkpt>
      <trkpt lat="37.60883987881243" lon="13.271989971399307">
        <ele>276.81</ele>
      </trkpt>
      <trkpt lat="37.60867031291127" lon="13.271960048004985">
        <ele>277.5</ele>
      </trkpt>
      <trkpt lat="37.608499992638826" lon="13.27193004079163">
        <ele>278.14</ele>
      </trkpt>
      <trkpt lat="37.6082200370729" lon="13.271939931437373">
        <ele>278.74</ele>
      </trkpt>
      <trkpt lat="37.608020128682256" lon="13.272079825401306">
        <ele>279.4</ele>
      </trkpt>
      <trkpt lat="37.60781988501549" lon="13.272219887003303">
        <ele>280.1</ele>
      </trkpt>
      <trkpt lat="37.60765987448394" lon="13.272379981353879">
        <ele>280.82</ele>
      </trkpt>
      <trkpt lat="37.6074998639524" lon="13.27266345731914">
        <ele>281.58</ele>
      </trkpt>
      <trkpt lat="37.60733976960182" lon="13.272947017103434">
        <ele>282.39</ele>
      </trkpt>
      <trkpt lat="37.60718001052737" lon="13.273229906335473">
        <ele>283.14</ele>
      </trkpt>
      <trkpt lat="37.607017820701" lon="13.2735341694206">
        <ele>283.94</ele>
      </trkpt>
      <trkpt lat="37.606855714693666" lon="13.273838348686695">
        <ele>284.66</ele>
      </trkpt>
      <trkpt lat="37.60669360868633" lon="13.274142611771822">
        <ele>285.24</ele>
      </trkpt>
      <trkpt lat="37.60653141885996" lon="13.274446791037917">
        <ele>285.75</ele>
      </trkpt>
      <trkpt lat="37.60636989958584" lon="13.2747498806566">
        <ele>286.27</ele>
      </trkpt>
      <trkpt lat="37.606213157996535" lon="13.275055652484298">
        <ele>286.85</ele>
      </trkpt>
      <trkpt lat="37.606056332588196" lon="13.275361508131027">
        <ele>287.43</ele>
      </trkpt>
      <trkpt lat="37.60589959099889" lon="13.275667363777757">
        <ele>287.88</ele>
      </trkpt>
      <trkpt lat="37.60574276559055" lon="13.275973135605454">
        <ele>288.29</ele>
      </trkpt>
      <trkpt lat="37.60558594018221" lon="13.276278991252184">
        <ele>288.68</ele>
      </trkpt>
      <trkpt lat="37.6054291985929" lon="13.276584846898913">
        <ele>289.01</ele>
      </trkpt>
      <trkpt lat="37.60527237318456" lon="13.276890618726611">
        <ele>289.14</ele>
      </trkpt>
      <trkpt lat="37.60511554777622" lon="13.27719647437334">
        <ele>289.17</ele>
      </trkpt>
      <trkpt lat="37.60495997965336" lon="13.27749989926815">
        <ele>289.04</ele>
      </trkpt>
      <trkpt lat="37.60489988140762" lon="13.277760408818722">
        <ele>288.67</ele>
      </trkpt>
      <trkpt lat="37.60483978316188" lon="13.278020834550261">
        <ele>288.03</ele>
      </trkpt>
      <trkpt lat="37.604780020192266" lon="13.278280002996325">
        <ele>287.2</ele>
      </trkpt>
      <trkpt lat="37.604759987443686" lon="13.278565490618348">
        <ele>286.07</ele>
      </trkpt>
      <trkpt lat="37.60474003851414" lon="13.27884997241199">
        <ele>284.79</ele>
      </trkpt>
      <trkpt lat="37.60475001297891" lon="13.279110481962562">
        <ele>283.47</ele>
      </trkpt>
      <trkpt lat="37.604759987443686" lon="13.27936990186572">
        <ele>282.08</ele>
      </trkpt>
      <trkpt lat="37.604779936373234" lon="13.279625466093421">
        <ele>280.69</ele>
      </trkpt>
      <trkpt lat="37.60479988530278" lon="13.27988002449274">
        <ele>279.19</ele>
      </trkpt>
      <trkpt lat="37.60486668907106" lon="13.280157130211592">
        <ele>277.75</ele>
      </trkpt>
      <trkpt lat="37.604933409020305" lon="13.280434235930443">
        <ele>276.3</ele>
      </trkpt>
      <trkpt lat="37.60499979369342" lon="13.280709832906723">
        <ele>274.87</ele>
      </trkpt>
      <trkpt lat="37.60502996854484" lon="13.280900018289685">
        <ele>273.46</ele>
      </trkpt>
      <trkpt lat="37.60502996854484" lon="13.281209981068969">
        <ele>272.0</ele>
      </trkpt>
      <trkpt lat="37.60498001240194" lon="13.28149002045393">
        <ele>270.51</ele>
      </trkpt>
      <trkpt lat="37.60490985587239" lon="13.28170987777412">
        <ele>269.08</ele>
      </trkpt>
      <trkpt lat="37.60475001297891" lon="13.28200994990766">
        <ele>267.79</ele>
      </trkpt>
      <trkpt lat="37.60466996580362" lon="13.282129978761077">
        <ele>266.53</ele>
      </trkpt>
      <trkpt lat="37.60456996969879" lon="13.282249923795462">
        <ele>265.34</ele>
      </trkpt>
      <trkpt lat="37.60442999191582" lon="13.282359894365072">
        <ele>264.2</ele>
      </trkpt>
      <trkpt lat="37.60422999970615" lon="13.282470032572746">
        <ele>263.02</ele>
      </trkpt>
      <trkpt lat="37.60397703386843" lon="13.282569777220488">
        <ele>261.81</ele>
      </trkpt>
      <trkpt lat="37.60372415184975" lon="13.28266960568726">
        <ele>260.68</ele>
      </trkpt>
      <trkpt lat="37.603470012545586" lon="13.282770020887256">
        <ele>259.65</ele>
      </trkpt>
      <trkpt lat="37.60324001312256" lon="13.28286993317306">
        <ele>258.75</ele>
      </trkpt>
      <trkpt lat="37.603075141087174" lon="13.28297981992364">
        <ele>257.95</ele>
      </trkpt>
      <trkpt lat="37.602910017594695" lon="13.283089874312282">
        <ele>257.24</ele>
      </trkpt>
      <trkpt lat="37.602726789191365" lon="13.283236473798752">
        <ele>256.55</ele>
      </trkpt>
      <trkpt lat="37.60254364460707" lon="13.28338298946619">
        <ele>255.96</ele>
      </trkpt>
      <trkpt lat="37.60235999710858" lon="13.28353000804782">
        <ele>255.41</ele>
      </trkpt>
      <trkpt lat="37.602166794240475" lon="13.283683145418763">
        <ele>254.91</ele>
      </trkpt>
      <trkpt lat="37.60197359137237" lon="13.283836366608739">
        <ele>254.5</ele>
      </trkpt>
      <trkpt lat="37.60177996940911" lon="13.283989923074841">
        <ele>254.18</ele>
      </trkpt>
      <trkpt lat="37.601544270291924" lon="13.284189160913229">
        <ele>253.94</ele>
      </trkpt>
      <trkpt lat="37.60130857117474" lon="13.284388314932585">
        <ele>253.74</ele>
      </trkpt>
      <trkpt lat="37.60107287205756" lon="13.28458746895194">
        <ele>253.66</ele>
      </trkpt>
      <trkpt lat="37.60083717294037" lon="13.284786706790328">
        <ele>253.66</ele>
      </trkpt>
      <trkpt lat="37.60060055181384" lon="13.28498661518097">
        <ele>253.73</ele>
      </trkpt>
      <trkpt lat="37.60066215880215" lon="13.285126676782966">
        <ele>253.9</ele>
      </trkpt>
      <trkpt lat="37.60071203112602" lon="13.285272270441055">
        <ele>254.14</ele>
      </trkpt>
      <trkpt lat="37.60057372972369" lon="13.28558273613453">
        <ele>254.45</ele>
      </trkpt>
      <trkpt lat="37.600506506860256" lon="13.28573478385806">
        <ele>254.78</ele>
      </trkpt>
      <trkpt lat="37.600511871278286" lon="13.285913150757551">
        <ele>255.2</ele>
      </trkpt>
      <trkpt lat="37.600513799116015" lon="13.285943325608969">
        <ele>255.63</ele>
      </trkpt>
      <trkpt lat="37.60058001615107" lon="13.28611339442432">
        <ele>256.18</ele>
      </trkpt>
      <trkpt lat="37.6005922537297" lon="13.286130409687757">
        <ele>256.72</ele>
      </trkpt>
      <trkpt lat="37.60066014714539" lon="13.286240128800273">
        <ele>257.37</ele>
      </trkpt>
      <trkpt lat="37.60069937445223" lon="13.28643056564033">
        <ele>258.09</ele>
      </trkpt>
      <trkpt lat="37.60050918906927" lon="13.286647405475378">
        <ele>258.66</ele>
      </trkpt>
      <trkpt lat="37.60027600452304" lon="13.286869022995234">
        <ele>259.26</ele>
      </trkpt>
      <trkpt lat="37.60004290379584" lon="13.287090640515089">
        <ele>259.97</ele>
      </trkpt>
      <trkpt lat="37.59980938397348" lon="13.287312677130103">
        <ele>260.79</ele>
      </trkpt>
      <trkpt lat="37.59960754774511" lon="13.287385180592537">
        <ele>261.67</ele>
      </trkpt>
      <trkpt lat="37.599405124783516" lon="13.287457935512066">
        <ele>262.58</ele>
      </trkpt>
      <trkpt lat="37.599261458963156" lon="13.287490289658308">
        <ele>263.5</ele>
      </trkpt>
      <trkpt lat="37.59904797188938" lon="13.287541754543781">
        <ele>264.45</ele>
      </trkpt>
      <trkpt lat="37.59883364662528" lon="13.28759347088635">
        <ele>265.42</ele>
      </trkpt>
      <trkpt lat="37.59857699275017" lon="13.287699753418565">
        <ele>266.39</ele>
      </trkpt>
      <trkpt lat="37.59831958450377" lon="13.287806371226907">
        <ele>267.31</ele>
      </trkpt>
      <trkpt lat="37.59807759895921" lon="13.28792522661388">
        <ele>268.33</ele>
      </trkpt>
      <trkpt lat="37.597836619243026" lon="13.288049530237913">
        <ele>269.35</ele>
      </trkpt>
      <trkpt lat="37.59767618961632" lon="13.288175091147423">
        <ele>270.44</ele>
      </trkpt>
      <trkpt lat="37.59762874804437" lon="13.288233177736402">
        <ele>271.54</ele>
      </trkpt>
      <trkpt lat="37.59759999811649" lon="13.288269890472293">
        <ele>272.66</ele>
      </trkpt>
      <trkpt lat="37.59759999811649" lon="13.28830978833139">
        <ele>273.82</ele>
      </trkpt>
      <trkpt lat="37.59757996536791" lon="13.288479940965772">
        <ele>275.06</ele>
      </trkpt>
      <trkpt lat="37.59754995815456" lon="13.28871002420783">
        <ele>276.32</ele>
      </trkpt>
      <trkpt lat="37.59762003086507" lon="13.288750005885959">
        <ele>277.57</ele>
      </trkpt>
      <trkpt lat="37.597669987007976" lon="13.288789987564087">
        <ele>278.82</ele>
      </trkpt>
      <trkpt lat="37.59780996479094" lon="13.288889899849892">
        <ele>280.14</ele>
      </trkpt>
      <trkpt lat="37.5978500302881" lon="13.288919907063246">
        <ele>281.4</ele>
      </trkpt>
      <trkpt lat="37.59796000085771" lon="13.289000038057566">
        <ele>282.7</ele>
      </trkpt>
      <trkpt lat="37.59802001528442" lon="13.289049994200468">
        <ele>283.98</ele>
      </trkpt>
      <trkpt lat="37.598099978640676" lon="13.28909995034337">
        <ele>285.26</ele>
      </trkpt>
      <trkpt lat="37.598120011389256" lon="13.28911998309195">
        <ele>286.53</ele>
      </trkpt>
      <trkpt lat="37.598229981958866" lon="13.289189888164401">
        <ele>287.86</ele>
      </trkpt>
      <trkpt lat="37.59834003634751" lon="13.289240011945367">
        <ele>289.17</ele>
      </trkpt>
      <trkpt lat="37.59843986481428" lon="13.289319891482592">
        <ele>290.49</ele>
      </trkpt>
      <trkpt lat="37.59852980263531" lon="13.289349982514977">
        <ele>291.78</ele>
      </trkpt>
      <trkpt lat="37.59855997748673" lon="13.289349982514977">
        <ele>292.99</ele>
      </trkpt>
      <trkpt lat="37.59864999912679" lon="13.2893799059093">
        <ele>294.25</ele>
      </trkpt>
      <trkpt lat="37.59873993694782" lon="13.28939993865788">
        <ele>295.46</ele>
      </trkpt>
      <trkpt lat="37.59874999523163" lon="13.289469927549362">
        <ele>296.62</ele>
      </trkpt>
      <trkpt lat="37.59890992194414" lon="13.289519967511296">
        <ele>297.83</ele>
      </trkpt>
      <trkpt lat="37.59901000186801" lon="13.28954997472465">
        <ele>298.97</ele>
      </trkpt>
      <trkpt lat="37.59910002350807" lon="13.28954997472465">
        <ele>300.07</ele>
      </trkpt>
      <trkpt lat="37.5991400051862" lon="13.289529858157039">
        <ele>301.11</ele>
      </trkpt>
      <trkpt lat="37.5991799030453" lon="13.28950990922749">
        <ele>302.11</ele>
      </trkpt>
      <trkpt lat="37.59920999407768" lon="13.289579898118973">
        <ele>303.11</ele>
      </trkpt>
      <trkpt lat="37.59923002682626" lon="13.289619879797101">
        <ele>304.07</ele>
      </trkpt>
      <trkpt lat="37.59936003014445" lon="13.289619879797101">
        <ele>305.01</ele>
      </trkpt>
      <trkpt lat="37.59941996075213" lon="13.289619879797101">
        <ele>305.9</ele>
      </trkpt>
      <trkpt lat="37.59950000792742" lon="13.289609989151359">
        <ele>306.77</ele>
      </trkpt>
      <trkpt lat="37.59963001124561" lon="13.28957000747323">
        <ele>307.64</ele>
      </trkpt>
      <trkpt lat="37.59967996738851" lon="13.289560033008456">
        <ele>308.44</ele>
      </trkpt>
      <trkpt lat="37.59970000013709" lon="13.289540000259876">
        <ele>309.18</ele>
      </trkpt>
      <trkpt lat="37.59973998181522" lon="13.289519967511296">
        <ele>309.9</ele>
      </trkpt>
      <trkpt lat="37.59964979253709" lon="13.28971995972097">
        <ele>310.6</ele>
      </trkpt>
      <trkpt lat="37.59959002956748" lon="13.289859853684902">
        <ele>311.24</ele>
      </trkpt>
      <trkpt lat="37.59946002624929" lon="13.290209965780377">
        <ele>311.81</ele>
      </trkpt>
      <trkpt lat="37.59944988414645" lon="13.290229998528957">
        <ele>312.39</ele>
      </trkpt>
      <trkpt lat="37.59937989525497" lon="13.290419848635793">
        <ele>312.88</ele>
      </trkpt>
      <trkpt lat="37.599520040676" lon="13.290490005165339">
        <ele>313.47</ele>
      </trkpt>
      <trkpt lat="37.59973998181522" lon="13.29055999405682">
        <ele>314.06</ele>
      </trkpt>
      <trkpt lat="37.5998099707067" lon="13.290589917451143">
        <ele>314.55</ele>
      </trkpt>
      <trkpt lat="37.59983000345528" lon="13.2905800268054">
        <ele>315.0</ele>
      </trkpt>
      <trkpt lat="37.59985003620386" lon="13.2905800268054">
        <ele>315.43</ele>
      </trkpt>
      <trkpt lat="37.59989990852773" lon="13.29055999405682">
        <ele>315.86</ele>
      </trkpt>
      <trkpt lat="37.5999500323087" lon="13.29053987748921">
        <ele>316.26</ele>
      </trkpt>
      <trkpt lat="37.599969981238246" lon="13.29059997573495">
        <ele>316.56</ele>
      </trkpt>
      <trkpt lat="37.5999999884516" lon="13.290649931877851">
        <ele>316.84</ele>
      </trkpt>
      <trkpt lat="37.6000499445945" lon="13.29068991355598">
        <ele>317.11</ele>
      </trkpt>
      <trkpt lat="37.60006000287831" lon="13.290699971839786">
        <ele>317.34</ele>
      </trkpt>
      <trkpt lat="37.60009001009166" lon="13.290720004588366">
        <ele>317.55</ele>
      </trkpt>
      <trkpt lat="37.60015991516411" lon="13.290740037336946">
        <ele>317.74</ele>
      </trkpt>
      <trkpt lat="37.60022998787463" lon="13.290759902447462">
        <ele>317.9</ele>
      </trkpt>
      <trkpt lat="37.60028002783656" lon="13.290779935196042">
        <ele>318.03</ele>
      </trkpt>
      <trkpt lat="37.60034993290901" lon="13.29079988412559">
        <ele>318.15</ele>
      </trkpt>
      <trkpt lat="37.6004299800843" lon="13.29083994962275">
        <ele>318.25</ele>
      </trkpt>
      <trkpt lat="37.60048999451101" lon="13.290870040655136">
        <ele>318.31</ele>
      </trkpt>
      <trkpt lat="37.60052000172436" lon="13.290909938514233">
        <ele>318.31</ele>
      </trkpt>
      <trkpt lat="37.60052000172436" lon="13.29096995294094">
        <ele>318.24</ele>
      </trkpt>
      <trkpt lat="37.60052997618914" lon="13.29098998568952">
        <ele>318.15</ele>
      </trkpt>
      <trkpt lat="37.60051002725959" lon="13.291149996221066">
        <ele>318.01</ele>
      </trkpt>
      <trkpt lat="37.60048999451101" lon="13.291300032287836">
        <ele>317.88</ele>
      </trkpt>
      <trkpt lat="37.60046996176243" lon="13.291370021179318">
        <ele>317.72</ele>
      </trkpt>
      <trkpt lat="37.600440038368106" lon="13.291410002857447">
        <ele>317.51</ele>
      </trkpt>
      <trkpt lat="37.60040986351669" lon="13.291430035606027">
        <ele>317.25</ele>
      </trkpt>
      <trkpt lat="37.60038999840617" lon="13.291459959000349">
        <ele>316.98</ele>
      </trkpt>
      <trkpt lat="37.60033995844424" lon="13.291479991748929">
        <ele>316.65</ele>
      </trkpt>
      <trkpt lat="37.60025002062321" lon="13.291529947891831">
        <ele>316.28</ele>
      </trkpt>
      <trkpt lat="37.60009001009166" lon="13.291619885712862">
        <ele>315.85</ele>
      </trkpt>
      <trkpt lat="37.599990013986826" lon="13.29160999506712">
        <ele>315.35</ele>
      </trkpt>
      <trkpt lat="37.5999500323087" lon="13.291600020602345">
        <ele>314.86</ele>
      </trkpt>
      <trkpt lat="37.59990996681154" lon="13.291619885712862">
        <ele>314.37</ele>
      </trkpt>
      <trkpt lat="37.59979999624193" lon="13.291670009493828">
        <ele>313.81</ele>
      </trkpt>
      <trkpt lat="37.59973998181522" lon="13.29169993288815">
        <ele>313.26</ele>
      </trkpt>
      <trkpt lat="37.5995699968189" lon="13.291779980063438">
        <ele>312.66</ele>
      </trkpt>
      <trkpt lat="37.59954996407032" lon="13.291789954528213">
        <ele>312.08</ele>
      </trkpt>
      <trkpt lat="37.59948994964361" lon="13.29182993620634">
        <ele>311.46</ele>
      </trkpt>
      <trkpt lat="37.59946002624929" lon="13.29184996895492">
        <ele>310.83</ele>
      </trkpt>
      <trkpt lat="37.59934997186065" lon="13.291949965059757">
        <ele>310.18</ele>
      </trkpt>
      <trkpt lat="37.59929004125297" lon="13.29203998669982">
        <ele>309.54</ele>
      </trkpt>
      <trkpt lat="37.59926003403962" lon="13.29210989177227">
        <ele>308.89</ele>
      </trkpt>
      <trkpt lat="37.59923002682626" lon="13.29216999001801">
        <ele>308.23</ele>
      </trkpt>
      <trkpt lat="37.59920999407768" lon="13.29219002276659">
        <ele>307.53</ele>
      </trkpt>
      <trkpt lat="37.59916003793478" lon="13.292230004444718">
        <ele>306.83</ele>
      </trkpt>
      <trkpt lat="37.59911997243762" lon="13.29223989509046">
        <ele>306.1</ele>
      </trkpt>
      <trkpt lat="37.598979994654655" lon="13.292120033875108">
        <ele>305.26</ele>
      </trkpt>
      <trkpt lat="37.5989499874413" lon="13.292069910094142">
        <ele>304.48</ele>
      </trkpt>
      <trkpt lat="37.59894001297653" lon="13.29199992120266">
        <ele>303.7</ele>
      </trkpt>
      <trkpt lat="37.59894001297653" lon="13.291909983381629">
        <ele>302.91</ele>
      </trkpt>
      <trkpt lat="37.59894001297653" lon="13.29189003445208">
        <ele>302.17</ele>
      </trkpt>
      <trkpt lat="37.59894001297653" lon="13.291879892349243">
        <ele>301.45</ele>
      </trkpt>
      <trkpt lat="37.59894001297653" lon="13.2918700017035">
        <ele>300.73</ele>
      </trkpt>
      <trkpt lat="37.59893003851175" lon="13.291860027238727">
        <ele>300.01</ele>
      </trkpt>
      <trkpt lat="37.59891998022795" lon="13.291860027238727">
        <ele>299.31</ele>
      </trkpt>
      <trkpt lat="37.59890992194414" lon="13.29184996895492">
        <ele>298.62</ele>
      </trkpt>
      <trkpt lat="37.59888997301459" lon="13.29184996895492">
        <ele>297.94</ele>
      </trkpt>
      <trkpt lat="37.59878997690976" lon="13.291839994490147">
        <ele>297.22</ele>
      </trkpt>
      <trkpt lat="37.59849996306002" lon="13.29182993620634">
        <ele>296.38</ele>
      </trkpt>
      <trkpt lat="37.59845000691712" lon="13.291819961741567">
        <ele>295.73</ele>
      </trkpt>
      <trkpt lat="37.59835998527706" lon="13.291800012812018">
        <ele>295.07</ele>
      </trkpt>
      <trkpt lat="37.5983299780637" lon="13.291800012812018">
        <ele>294.51</ele>
      </trkpt>
      <trkpt lat="37.59829997085035" lon="13.291779980063438">
        <ele>293.97</ele>
      </trkpt>
      <trkpt lat="37.59826987981796" lon="13.29176003113389">
        <ele>293.46</ele>
      </trkpt>
      <trkpt lat="37.59823987260461" lon="13.29169993288815">
        <ele>292.98</ele>
      </trkpt>
      <trkpt lat="37.598229981958866" lon="13.291670009493828">
        <ele>292.52</ele>
      </trkpt>
      <trkpt lat="37.598229981958866" lon="13.291659951210022">
        <ele>292.09</ele>
      </trkpt>
      <trkpt lat="37.59822000749409" lon="13.2916300278157">
        <ele>291.69</ele>
      </trkpt>
      <trkpt lat="37.598229981958866" lon="13.29158996231854">
        <ele>291.3</ele>
      </trkpt>
      <trkpt lat="37.598250014707446" lon="13.291560038924217">
        <ele>290.94</ele>
      </trkpt>
      <trkpt lat="37.59826987981796" lon="13.291540006175637">
        <ele>290.6</ele>
      </trkpt>
      <trkpt lat="37.5983299780637" lon="13.291489882394671">
        <ele>290.28</ele>
      </trkpt>
      <trkpt lat="37.59841991588473" lon="13.291319897398353">
        <ele>289.98</ele>
      </trkpt>
      <trkpt lat="37.59843986481428" lon="13.291300032287836">
        <ele>289.69</ele>
      </trkpt>
      <trkpt lat="37.59845998138189" lon="13.29126994125545">
        <ele>289.42</ele>
      </trkpt>
      <trkpt lat="37.59848001413047" lon="13.291219901293516">
        <ele>289.16</ele>
      </trkpt>
      <trkpt lat="37.59848998859525" lon="13.291189894080162">
        <ele>288.9</ele>
      </trkpt>
      <trkpt lat="37.59849996306002" lon="13.291170028969646">
        <ele>288.64</ele>
      </trkpt>
      <trkpt lat="37.59851002134383" lon="13.291099956259131">
        <ele>288.38</ele>
      </trkpt>
      <trkpt lat="37.59851002134383" lon="13.291059890761971">
        <ele>288.12</ele>
      </trkpt>
      <trkpt lat="37.59852980263531" lon="13.291019909083843">
        <ele>287.86</ele>
      </trkpt>
      <trkpt lat="37.59852980263531" lon="13.290980011224747">
        <ele>287.59</ele>
      </trkpt>
      <trkpt lat="37.5985199958086" lon="13.290929887443781">
        <ele>287.31</ele>
      </trkpt>
      <trkpt lat="37.59848001413047" lon="13.290889821946621">
        <ele>287.01</ele>
      </trkpt>
      <trkpt lat="37.59845000691712" lon="13.290870040655136">
        <ele>286.69</ele>
      </trkpt>
      <trkpt lat="37.59839988313615" lon="13.29081991687417">
        <ele>286.35</ele>
      </trkpt>
      <trkpt lat="37.59835998527706" lon="13.290789993479848">
        <ele>285.99</ele>
      </trkpt>
      <trkpt lat="37.59830994531512" lon="13.290740037336946">
        <ele>285.6</ele>
      </trkpt>
      <trkpt lat="37.59825998917222" lon="13.290740037336946">
        <ele>285.19</ele>
      </trkpt>
      <trkpt lat="37.59819997474551" lon="13.29070994630456">
        <ele>284.75</ele>
      </trkpt>
      <trkpt lat="37.59815990924835" lon="13.290659990161657">
        <ele>284.28</ele>
      </trkpt>
      <trkpt lat="37.598120011389256" lon="13.290620008483529">
        <ele>283.79</ele>
      </trkpt>
      <trkpt lat="37.59792001917958" lon="13.29032002016902">
        <ele>283.26</ele>
      </trkpt>
      <trkpt lat="37.59772991761565" lon="13.290049955248833">
        <ele>282.66</ele>
      </trkpt>
      <trkpt lat="37.597690019756556" lon="13.289969991892576">
        <ele>282.07</ele>
      </trkpt>
      <trkpt lat="37.597669987007976" lon="13.289899919182062">
        <ele>281.47</ele>
      </trkpt>
      <trkpt lat="37.5976343639195" lon="13.289763629436493">
        <ele>280.81</ele>
      </trkpt>
      <trkpt lat="37.59753964841366" lon="13.289596661925316">
        <ele>280.08</ele>
      </trkpt>
      <trkpt lat="37.59741668589413" lon="13.289399771019816">
        <ele>279.35</ele>
      </trkpt>
      <trkpt lat="37.59732875972986" lon="13.289346462115645">
        <ele>278.58</ele>
      </trkpt>
      <trkpt lat="37.5970989279449" lon="13.289456684142351">
        <ele>277.71</ele>
      </trkpt>
      <trkpt lat="37.5969004444778" lon="13.28956657089293">
        <ele>276.89</ele>
      </trkpt>
      <trkpt lat="37.596892565488815" lon="13.28957000747323">
        <ele>276.08</ele>
      </trkpt>
      <trkpt lat="37.59666273370385" lon="13.289652904495597">
        <ele>275.23</ele>
      </trkpt>
      <trkpt lat="37.59664018638432" lon="13.289658352732658">
        <ele>274.36</ele>
      </trkpt>
      <trkpt lat="37.59643700905144" lon="13.289819620549679">
        <ele>273.53</ele>
      </trkpt>
      <trkpt lat="37.59626878425479" lon="13.28990327194333">
        <ele>272.62</ele>
      </trkpt>
      <trkpt lat="37.59613257832825" lon="13.289972757920623">
        <ele>271.67</ele>
      </trkpt>
      <trkpt lat="37.5959194265306" lon="13.289983319118619">
        <ele>270.72</ele>
      </trkpt>
      <trkpt lat="37.59570996277034" lon="13.289914084598422">
        <ele>269.73</ele>
      </trkpt>
      <trkpt lat="37.59549982845783" lon="13.28984459862113">
        <ele>268.75</ele>
      </trkpt>
      <trkpt lat="37.59536127559841" lon="13.289765724912286">
        <ele>267.74</ele>
      </trkpt>
      <trkpt lat="37.59531634859741" lon="13.289600433781743">
        <ele>266.63</ele>
      </trkpt>
      <trkpt lat="37.59531953372061" lon="13.289592722430825">
        <ele>265.52</ele>
      </trkpt>
      <trkpt lat="37.59540544822812" lon="13.289335230365396">
        <ele>264.28</ele>
      </trkpt>
      <trkpt lat="37.59550376795232" lon="13.288989560678601">
        <ele>262.93</ele>
      </trkpt>
      <trkpt lat="37.59560192003846" lon="13.288645064458251">
        <ele>261.63</ele>
      </trkpt>
      <trkpt lat="37.59558758698404" lon="13.288366282358766">
        <ele>260.4</ele>
      </trkpt>
      <trkpt lat="37.59557342156768" lon="13.288088589906693">
        <ele>259.15</ele>
      </trkpt>
      <trkpt lat="37.595517095178366" lon="13.287830092012882">
        <ele>257.92</ele>
      </trkpt>
      <trkpt lat="37.595479963347316" lon="13.287779968231916">
        <ele>256.79</ele>
      </trkpt>
      <trkpt lat="37.59545003995299" lon="13.28776990994811">
        <ele>255.69</ele>
      </trkpt>
      <trkpt lat="37.59542003273964" lon="13.287760019302368">
        <ele>254.62</ele>
      </trkpt>
      <trkpt lat="37.59516002610326" lon="13.28780997544527">
        <ele>253.59</ele>
      </trkpt>
      <trkpt lat="37.59498534724116" lon="13.287849873304367">
        <ele>252.57</ele>
      </trkpt>
      <trkpt lat="37.59480991400778" lon="13.287890022620559">
        <ele>251.61</ele>
      </trkpt>
      <trkpt lat="37.59463003836572" lon="13.287930004298687">
        <ele>250.7</ele>
      </trkpt>
      <trkpt lat="37.59445535950363" lon="13.28796487301588">
        <ele>249.84</ele>
      </trkpt>
      <trkpt lat="37.59428001008928" lon="13.28799999319017">
        <ele>249.06</ele>
      </trkpt>
      <trkpt lat="37.59404003620148" lon="13.288049949333072">
        <ele>248.3</ele>
      </trkpt>
      <trkpt lat="37.59401002898812" lon="13.288060007616878">
        <ele>247.67</ele>
      </trkpt>
      <trkpt lat="37.59373979642987" lon="13.288120022043586">
        <ele>246.98</ele>
      </trkpt>
      <trkpt lat="37.59369998238981" lon="13.288120022043586">
        <ele>246.5</ele>
      </trkpt>
      <trkpt lat="37.59346000850201" lon="13.288169894367456">
        <ele>246.04</ele>
      </trkpt>
      <trkpt lat="37.59337996132672" lon="13.288169894367456">
        <ele>245.76</ele>
      </trkpt>
      <trkpt lat="37.593309972435236" lon="13.288179952651262">
        <ele>245.59</ele>
      </trkpt>
      <trkpt lat="37.593269906938076" lon="13.288169894367456">
        <ele>245.52</ele>
      </trkpt>
      <trkpt lat="37.59317980147898" lon="13.28815002925694">
        <ele>245.58</ele>
      </trkpt>
      <trkpt lat="37.59303001686931" lon="13.2880899310112">
        <ele>245.78</ele>
      </trkpt>
      <trkpt lat="37.5930199585855" lon="13.2880899310112">
        <ele>246.02</ele>
      </trkpt>
      <trkpt lat="37.59287000633776" lon="13.287990018725395">
        <ele>246.46</ele>
      </trkpt>
      <trkpt lat="37.59284997358918" lon="13.287969985976815">
        <ele>246.91</ele>
      </trkpt>
      <trkpt lat="37.59267001412809" lon="13.287779968231916">
        <ele>247.54</ele>
      </trkpt>
      <trkpt lat="37.59260002523661" lon="13.287699921056628">
        <ele>248.22</ele>
      </trkpt>
      <trkpt lat="37.59257999248803" lon="13.287669997662306">
        <ele>248.99</ele>
      </trkpt>
      <trkpt lat="37.59250002913177" lon="13.287599924951792">
        <ele>249.89</ele>
      </trkpt>
      <trkpt lat="37.592449989169836" lon="13.2875597756356">
        <ele>250.86</ele>
      </trkpt>
      <trkpt lat="37.5923999492079" lon="13.28752993606031">
        <ele>251.94</ele>
      </trkpt>
      <trkpt lat="37.592340018600225" lon="13.287519961595535">
        <ele>253.12</ele>
      </trkpt>
      <trkpt lat="37.59227002970874" lon="13.28752993606031">
        <ele>254.42</ele>
      </trkpt>
      <trkpt lat="37.592209931463" lon="13.28754996880889">
        <ele>255.79</ele>
      </trkpt>
      <trkpt lat="37.5921100191772" lon="13.287579892203212">
        <ele>257.25</ele>
      </trkpt>
      <trkpt lat="37.592040030285716" lon="13.287619957700372">
        <ele>258.82</ele>
      </trkpt>
      <trkpt lat="37.59198999032378" lon="13.287649964913726">
        <ele>260.46</ele>
      </trkpt>
      <trkpt lat="37.59194992482662" lon="13.28767997212708">
        <ele>262.18</ele>
      </trkpt>
      <trkpt lat="37.59192989207804" lon="13.287729928269982">
        <ele>263.98</ele>
      </trkpt>
      <trkpt lat="37.591910026967525" lon="13.28776990994811">
        <ele>265.84</ele>
      </trkpt>
      <trkpt lat="37.591889994218946" lon="13.28783000819385">
        <ele>267.78</ele>
      </trkpt>
      <trkpt lat="37.59188001975417" lon="13.287899913266301">
        <ele>269.78</ele>
      </trkpt>
      <trkpt lat="37.59169679135084" lon="13.288063192740083">
        <ele>271.85</ele>
      </trkpt>
      <trkpt lat="37.59151356294751" lon="13.288226388394833">
        <ele>273.93</ele>
      </trkpt>
      <trkpt lat="37.59132991544902" lon="13.28838991932571">
        <ele>276.12</ele>
      </trkpt>
      <trkpt lat="37.59112011641264" lon="13.2885648496449">
        <ele>278.43</ele>
      </trkpt>
      <trkpt lat="37.59090998210013" lon="13.288739947602153">
        <ele>280.71</ele>
      </trkpt>
      <trkpt lat="37.59070001542568" lon="13.288919907063246">
        <ele>282.98</ele>
      </trkpt>
      <trkpt lat="37.59045518003404" lon="13.289109757170081">
        <ele>285.3</ele>
      </trkpt>
      <trkpt lat="37.59020992554724" lon="13.289300026372075">
        <ele>287.55</ele>
      </trkpt>
      <trkpt lat="37.590060057118535" lon="13.289439836516976">
        <ele>289.67</ele>
      </trkpt>
      <trkpt lat="37.58990993723273" lon="13.289579898118973">
        <ele>291.77</ele>
      </trkpt>
      <trkpt lat="37.58978999219835" lon="13.28967989422381">
        <ele>293.81</ele>
      </trkpt>
      <trkpt lat="37.5895800255239" lon="13.28986999578774">
        <ele>295.84</ele>
      </trkpt>
      <trkpt lat="37.58941984735429" lon="13.28997996635735">
        <ele>297.78</ele>
      </trkpt>
      <trkpt lat="37.589290011674166" lon="13.290039980784059">
        <ele>299.65</ele>
      </trkpt>
      <trkpt lat="37.58922002278268" lon="13.290069904178381">
        <ele>301.4</ele>
      </trkpt>
      <trkpt lat="37.5891999900341" lon="13.290089936926961">
        <ele>303.05</ele>
      </trkpt>
      <trkpt lat="37.589180041104555" lon="13.290099995210767">
        <ele>304.61</ele>
      </trkpt>
      <trkpt lat="37.58916998282075" lon="13.290120027959347">
        <ele>306.08</ele>
      </trkpt>
      <trkpt lat="37.58914986625314" lon="13.29016998410225">
        <ele>307.48</ele>
      </trkpt>
      <trkpt lat="37.58909001946449" lon="13.2901500351727">
        <ele>308.78</ele>
      </trkpt>
      <trkpt lat="37.58891995064914" lon="13.290079962462187">
        <ele>310.0</ele>
      </trkpt>
      <trkpt lat="37.58880998007953" lon="13.290039980784059">
        <ele>311.14</ele>
      </trkpt>
      <trkpt lat="37.58880000561476" lon="13.290029922500253">
        <ele>312.15</ele>
      </trkpt>
      <trkpt lat="37.58863999508321" lon="13.289969991892576">
        <ele>313.14</ele>
      </trkpt>
      <trkpt lat="37.58860998786986" lon="13.289949959143996">
        <ele>313.97</ele>
      </trkpt>
      <trkpt lat="37.58859003894031" lon="13.28993990086019">
        <ele>314.71</ele>
      </trkpt>
      <trkpt lat="37.58857989683747" lon="13.289930010214448">
        <ele>315.37</ele>
      </trkpt>
      <trkpt lat="37.58857000619173" lon="13.289919951930642">
        <ele>315.94</ele>
      </trkpt>
      <trkpt lat="37.588560031726956" lon="13.289909977465868">
        <ele>316.44</ele>
      </trkpt>
      <trkpt lat="37.588560031726956" lon="13.289899919182062">
        <ele>316.86</ele>
      </trkpt>
      <trkpt lat="37.58854997344315" lon="13.28989002853632">
        <ele>317.22</ele>
      </trkpt>
      <trkpt lat="37.58854997344315" lon="13.28984996303916">
        <ele>317.5</ele>
      </trkpt>
      <trkpt lat="37.588560031726956" lon="13.289609989151359">
        <ele>317.63</ele>
      </trkpt>
      <trkpt lat="37.58857000619173" lon="13.289519967511296">
        <ele>317.8</ele>
      </trkpt>
      <trkpt lat="37.58859003894031" lon="13.289409996941686">
        <ele>317.92</ele>
      </trkpt>
      <trkpt lat="37.58859003894031" lon="13.289349982514977">
        <ele>318.02</ele>
      </trkpt>
      <trkpt lat="37.58859992958605" lon="13.289300026372075">
        <ele>318.07</ele>
      </trkpt>
      <trkpt lat="37.58859992958605" lon="13.28924990259111">
        <ele>318.09</ele>
      </trkpt>
      <trkpt lat="37.58859003894031" lon="13.289199862629175">
        <ele>318.11</ele>
      </trkpt>
      <trkpt lat="37.588560031726956" lon="13.28911998309195">
        <ele>318.11</ele>
      </trkpt>
      <trkpt lat="37.58850001730025" lon="13.288909932598472">
        <ele>318.13</ele>
      </trkpt>
      <trkpt lat="37.58847990073264" lon="13.28881991095841">
        <ele>318.12</ele>
      </trkpt>
      <trkpt lat="37.58846992626786" lon="13.288759896531701">
        <ele>318.09</ele>
      </trkpt>
      <trkpt lat="37.58844989351928" lon="13.288699882104993">
        <ele>318.07</ele>
      </trkpt>
      <trkpt lat="37.58844000287354" lon="13.288639783859253">
        <ele>318.05</ele>
      </trkpt>
      <trkpt lat="37.58841997012496" lon="13.28858982771635">
        <ele>318.05</ele>
      </trkpt>
      <trkpt lat="37.58838979527354" lon="13.28853995539248">
        <ele>318.08</ele>
      </trkpt>
      <trkpt lat="37.5883400067687" lon="13.2885199226439">
        <ele>318.14</ele>
      </trkpt>
      <trkpt lat="37.58820002898574" lon="13.288489999249578">
        <ele>318.26</ele>
      </trkpt>
      <trkpt lat="37.5881000328809" lon="13.288469966500998">
        <ele>318.38</ele>
      </trkpt>
      <trkpt lat="37.58803993463516" lon="13.288459908217192">
        <ele>318.51</ele>
      </trkpt>
      <trkpt lat="37.58790004067123" lon="13.288439875468612">
        <ele>318.66</ele>
      </trkpt>
      <trkpt lat="37.58771002292633" lon="13.28842998482287">
        <ele>318.82</ele>
      </trkpt>
      <trkpt lat="37.58760994300246" lon="13.288420010358095">
        <ele>319.01</ele>
      </trkpt>
      <trkpt lat="37.58758991025388" lon="13.288420010358095">
        <ele>319.26</ele>
      </trkpt>
      <trkpt lat="37.587550012394786" lon="13.288420010358095">
        <ele>319.53</ele>
      </trkpt>
      <trkpt lat="37.58752000518143" lon="13.288420010358095">
        <ele>319.85</ele>
      </trkpt>
      <trkpt lat="37.58749997243285" lon="13.288459908217192">
        <ele>320.22</ele>
      </trkpt>
      <trkpt lat="37.58748999796808" lon="13.28849988989532">
        <ele>320.62</ele>
      </trkpt>
      <trkpt lat="37.58748999796808" lon="13.288659984245896">
        <ele>321.12</ele>
      </trkpt>
      <trkpt lat="37.5874699652195" lon="13.28885997645557">
        <ele>321.66</ele>
      </trkpt>
      <trkpt lat="37.587440041825175" lon="13.289149906486273">
        <ele>322.27</ele>
      </trkpt>
      <trkpt lat="37.58742998354137" lon="13.289219979196787">
        <ele>322.77</ele>
      </trkpt>
      <trkpt lat="37.587420009076595" lon="13.289300026372075">
        <ele>323.3</ele>
      </trkpt>
      <trkpt lat="37.58741003461182" lon="13.289370015263557">
        <ele>323.87</ele>
      </trkpt>
      <trkpt lat="37.58738002739847" lon="13.28948987647891">
        <ele>324.45</ele>
      </trkpt>
      <trkpt lat="37.58738002739847" lon="13.289500018581748">
        <ele>325.03</ele>
      </trkpt>
      <trkpt lat="37.587359910830855" lon="13.28959004022181">
        <ele>325.64</ele>
      </trkpt>
      <trkpt lat="37.58733996190131" lon="13.28967989422381">
        <ele>326.25</ele>
      </trkpt>
      <trkpt lat="37.58732001297176" lon="13.289769915863872">
        <ele>326.88</ele>
      </trkpt>
      <trkpt lat="37.58729998022318" lon="13.289839988574386">
        <ele>327.52</ele>
      </trkpt>
      <trkpt lat="37.58726988919079" lon="13.28995993360877">
        <ele>328.19</ele>
      </trkpt>
      <trkpt lat="37.5872299913317" lon="13.290099995210767">
        <ele>328.85</ele>
      </trkpt>
      <trkpt lat="37.58719998411834" lon="13.290219940245152">
        <ele>329.5</ele>
      </trkpt>
      <trkpt lat="37.58715991862118" lon="13.290329910814762">
        <ele>330.11</ele>
      </trkpt>
      <trkpt lat="37.58710996247828" lon="13.290439881384373">
        <ele>330.7</ele>
      </trkpt>
      <trkpt lat="37.58709001354873" lon="13.290510037913918">
        <ele>331.26</ele>
      </trkpt>
      <trkpt lat="37.58704994805157" lon="13.29059997573495">
        <ele>331.8</ele>
      </trkpt>
      <trkpt lat="37.58700988255441" lon="13.29068991355598">
        <ele>332.35</ele>
      </trkpt>
      <trkpt lat="37.586969984695315" lon="13.290769960731268">
        <ele>332.86</ele>
      </trkpt>
      <trkpt lat="37.58687996305525" lon="13.29096894711256">
        <ele>333.38</ele>
      </trkpt>
      <trkpt lat="37.58686998859048" lon="13.29098998568952">
        <ele>333.79</ele>
      </trkpt>
      <trkpt lat="37.58677996695042" lon="13.290899964049459">
        <ele>334.16</ele>
      </trkpt>
      <trkpt lat="37.58657000027597" lon="13.290699971839786">
        <ele>334.43</ele>
      </trkpt>
      <trkpt lat="37.586539993062615" lon="13.290680022910237">
        <ele>334.72</ele>
      </trkpt>
      <trkpt lat="37.586519960314035" lon="13.290659990161657">
        <ele>334.98</ele>
      </trkpt>
      <trkpt lat="37.58650001138449" lon="13.290649931877851">
        <ele>335.21</ele>
      </trkpt>
      <trkpt lat="37.58649003691971" lon="13.290649931877851">
        <ele>335.42</ele>
      </trkpt>
      <trkpt lat="37.58647997863591" lon="13.290649931877851">
        <ele>335.59</ele>
      </trkpt>
      <trkpt lat="37.58646002970636" lon="13.290649931877851">
        <ele>335.74</ele>
      </trkpt>
      <trkpt lat="37.58640990592539" lon="13.290649931877851">
        <ele>335.86</ele>
      </trkpt>
      <trkpt lat="37.58637998253107" lon="13.290659990161657">
        <ele>335.93</ele>
      </trkpt>
      <trkpt lat="37.58634997531772" lon="13.2906698808074">
        <ele>335.99</ele>
      </trkpt>
      <trkpt lat="37.58631996810436" lon="13.29068991355598">
        <ele>336.03</ele>
      </trkpt>
      <trkpt lat="37.58630999363959" lon="13.29068991355598">
        <ele>336.05</ele>
      </trkpt>
      <trkpt lat="37.58624997921288" lon="13.29072997905314">
        <ele>336.04</ele>
      </trkpt>
      <trkpt lat="37.58620002306998" lon="13.290749927982688">
        <ele>336.01</ele>
      </trkpt>
      <trkpt lat="37.58614989928901" lon="13.290769960731268">
        <ele>335.98</ele>
      </trkpt>
      <trkpt lat="37.586110001429915" lon="13.290789993479848">
        <ele>335.92</ele>
      </trkpt>
      <trkpt lat="37.58607001975179" lon="13.290810026228428">
        <ele>335.86</ele>
      </trkpt>
      <trkpt lat="37.5860399287194" lon="13.29081991687417">
        <ele>335.8</ele>
      </trkpt>
      <trkpt lat="37.58597002364695" lon="13.290850007906556">
        <ele>335.71</ele>
      </trkpt>
      <trkpt lat="37.58594990707934" lon="13.29088001511991">
        <ele>335.66</ele>
      </trkpt>
      <trkpt lat="37.58591998368502" lon="13.290919996798038">
        <ele>335.61</ele>
      </trkpt>
      <trkpt lat="37.58588000200689" lon="13.29098998568952">
        <ele>335.57</ele>
      </trkpt>
      <trkpt lat="37.58582987822592" lon="13.291070032864809">
        <ele>335.54</ele>
      </trkpt>
      <trkpt lat="37.585789980366826" lon="13.29115997068584">
        <ele>335.53</ele>
      </trkpt>
      <trkpt lat="37.5857499986887" lon="13.29122987575829">
        <ele>335.51</ele>
      </trkpt>
      <trkpt lat="37.58568998426199" lon="13.29131000675261">
        <ele>335.5</ele>
      </trkpt>
      <trkpt lat="37.58562996983528" lon="13.291370021179318">
        <ele>335.49</ele>
      </trkpt>
      <trkpt lat="37.58539988659322" lon="13.291509915143251">
        <ele>335.5</ele>
      </trkpt>
      <trkpt lat="37.58528991602361" lon="13.29156992956996">
        <ele>335.52</ele>
      </trkpt>
      <trkpt lat="37.58513996377587" lon="13.2916300278157">
        <ele>335.55</ele>
      </trkpt>
      <trkpt lat="37.58505002595484" lon="13.291689790785313">
        <ele>335.59</ele>
      </trkpt>
      <trkpt lat="37.58500987663865" lon="13.29173999838531">
        <ele>335.64</ele>
      </trkpt>
      <trkpt lat="37.5849899277091" lon="13.29176003113389">
        <ele>335.69</ele>
      </trkpt>
      <trkpt lat="37.584950029850006" lon="13.29180990345776">
        <ele>335.76</ele>
      </trkpt>
      <trkpt lat="37.584909964352846" lon="13.291879892349243">
        <ele>335.82</ele>
      </trkpt>
      <trkpt lat="37.58487995713949" lon="13.291930016130209">
        <ele>335.89</ele>
      </trkpt>
      <trkpt lat="37.58483989164233" lon="13.29199992120266">
        <ele>335.97</ele>
      </trkpt>
      <trkpt lat="37.584779961034656" lon="13.29212992452085">
        <ele>336.06</ele>
      </trkpt>
      <trkpt lat="37.584739895537496" lon="13.292199913412333">
        <ele>336.12</ele>
      </trkpt>
      <trkpt lat="37.5846999976784" lon="13.29225992783904">
        <ele>336.19</ele>
      </trkpt>
      <trkpt lat="37.58467996492982" lon="13.292299909517169">
        <ele>336.25</ele>
      </trkpt>
      <trkpt lat="37.58463998325169" lon="13.292339975014329">
        <ele>336.29</ele>
      </trkpt>
      <trkpt lat="37.58459002710879" lon="13.292369898408651">
        <ele>336.32</ele>
      </trkpt>
      <trkpt lat="37.58456999436021" lon="13.292380040511489">
        <ele>336.33</ele>
      </trkpt>
      <trkpt lat="37.58453001268208" lon="13.292380040511489">
        <ele>336.33</ele>
      </trkpt>
      <trkpt lat="37.58449003100395" lon="13.292369898408651">
        <ele>336.3</ele>
      </trkpt>
      <trkpt lat="37.5844600237906" lon="13.292349949479103">
        <ele>336.26</ele>
      </trkpt>
      <trkpt lat="37.58440990000963" lon="13.29232002608478">
        <ele>336.21</ele>
      </trkpt>
      <trkpt lat="37.584390034899116" lon="13.292299909517169">
        <ele>336.15</ele>
      </trkpt>
      <trkpt lat="37.58437997661531" lon="13.29227996058762">
        <ele>336.06</ele>
      </trkpt>
      <trkpt lat="37.58433999493718" lon="13.29223989509046">
        <ele>335.96</ele>
      </trkpt>
      <trkpt lat="37.5843199621886" lon="13.292199913412333">
        <ele>335.84</ele>
      </trkpt>
      <trkpt lat="37.58430001325905" lon="13.29212992452085">
        <ele>335.7</ele>
      </trkpt>
      <trkpt lat="37.58427998051047" lon="13.2920600194484">
        <ele>335.56</ele>
      </trkpt>
      <trkpt lat="37.58426992222667" lon="13.291969913989305">
        <ele>335.4</ele>
      </trkpt>
      <trkpt lat="37.58426992222667" lon="13.2918700017035">
        <ele>335.2</ele>
      </trkpt>
      <trkpt lat="37.58425994776189" lon="13.291789954528213">
        <ele>335.01</ele>
      </trkpt>
      <trkpt lat="37.58425994776189" lon="13.29167990013957">
        <ele>334.81</ele>
      </trkpt>
      <trkpt lat="37.58424997329712" lon="13.291529947891831">
        <ele>334.6</ele>
      </trkpt>
      <trkpt lat="37.58424997329712" lon="13.291389970108867">
        <ele>334.4</ele>
      </trkpt>
      <trkpt lat="37.584239998832345" lon="13.29128997400403">
        <ele>334.19</ele>
      </trkpt>
      <trkpt lat="37.58423002436757" lon="13.291209926828742">
        <ele>333.99</ele>
      </trkpt>
      <trkpt lat="37.58420999161899" lon="13.29115997068584">
        <ele>333.81</ele>
      </trkpt>
      <trkpt lat="37.58417998440564" lon="13.291070032864809">
        <ele>333.64</ele>
      </trkpt>
      <trkpt lat="37.58414997719228" lon="13.290999876335263">
        <ele>333.48</ele>
      </trkpt>
      <trkpt lat="37.58414000272751" lon="13.290980011224747">
        <ele>333.33</ele>
      </trkpt>
      <trkpt lat="37.58410002104938" lon="13.290919996798038">
        <ele>333.21</ele>
      </trkpt>
      <trkpt lat="37.583919977769256" lon="13.290649931877851">
        <ele>333.14</ele>
      </trkpt>
      <trkpt lat="37.58385996334255" lon="13.290550019592047">
        <ele>333.03</ele>
      </trkpt>
      <trkpt lat="37.583789974451065" lon="13.29045002348721">
        <ele>332.95</ele>
      </trkpt>
      <trkpt lat="37.58362996391952" lon="13.290209965780377">
        <ele>332.88</ele>
      </trkpt>
      <trkpt lat="37.583489986136556" lon="13.28997996635735">
        <ele>332.72</ele>
      </trkpt>
      <trkpt lat="37.58345000445843" lon="13.289930010214448">
        <ele>332.67</ele>
      </trkpt>
      <trkpt lat="37.58338999003172" lon="13.28982993029058">
        <ele>332.64</ele>
      </trkpt>
      <trkpt lat="37.58335000835359" lon="13.289749883115292">
        <ele>332.64</ele>
      </trkpt>
      <trkpt lat="37.58331002667546" lon="13.28967989422381">
        <ele>332.67</ele>
      </trkpt>
      <trkpt lat="37.58325998671353" lon="13.289609989151359">
        <ele>332.73</ele>
      </trkpt>
      <trkpt lat="37.58322989568114" lon="13.28957000747323">
        <ele>332.83</ele>
      </trkpt>
      <trkpt lat="37.58322989568114" lon="13.289560033008456">
        <ele>332.96</ele>
      </trkpt>
      <trkpt lat="37.583189997822046" lon="13.28950990922749">
        <ele>333.12</ele>
      </trkpt>
      <trkpt lat="37.58315001614392" lon="13.289449894800782">
        <ele>333.31</ele>
      </trkpt>
      <trkpt lat="37.58309989236295" lon="13.2893799059093">
        <ele>333.53</ele>
      </trkpt>
      <trkpt lat="37.58303979411721" lon="13.289319891482592">
        <ele>333.79</ele>
      </trkpt>
      <trkpt lat="37.58295999839902" lon="13.289259960874915">
        <ele>334.09</ele>
      </trkpt>
      <trkpt lat="37.58289000950754" lon="13.289229953661561">
        <ele>334.44</ele>
      </trkpt>
      <trkpt lat="37.582760006189346" lon="13.289149906486273">
        <ele>334.82</ele>
      </trkpt>
      <trkpt lat="37.58253998123109" lon="13.289029961451888">
        <ele>335.28</ele>
      </trkpt>
      <trkpt lat="37.582499999552965" lon="13.28901001252234">
        <ele>335.68</ele>
      </trkpt>
      <trkpt lat="37.5824099779129" lon="13.288959972560406">
        <ele>336.11</ele>
      </trkpt>
      <trkpt lat="37.58238986134529" lon="13.288940023630857">
        <ele>336.53</ele>
      </trkpt>
      <trkpt lat="37.582309981808066" lon="13.288899958133698">
        <ele>336.99</ele>
      </trkpt>
      <trkpt lat="37.58221987634897" lon="13.288870034739375">
        <ele>337.46</ele>
      </trkpt>
      <trkpt lat="37.58213999681175" lon="13.28885997645557">
        <ele>337.95</ele>
      </trkpt>
      <trkpt lat="37.582070007920265" lon="13.288870034739375">
        <ele>338.46</ele>
      </trkpt>
      <trkpt lat="37.5819799862802" lon="13.288889899849892">
        <ele>338.99</ele>
      </trkpt>
      <trkpt lat="37.58187001571059" lon="13.28892988152802">
        <ele>339.54</ele>
      </trkpt>
      <trkpt lat="37.58178988471627" lon="13.288959972560406">
        <ele>340.06</ele>
      </trkpt>
      <trkpt lat="37.58175996132195" lon="13.288959972560406">
        <ele>340.54</ele>
      </trkpt>
      <trkpt lat="37.58171000517905" lon="13.288959972560406">
        <ele>341.02</ele>
      </trkpt>
      <trkpt lat="37.58164999075234" lon="13.288959972560406">
        <ele>341.51</ele>
      </trkpt>
      <trkpt lat="37.58160003460944" lon="13.2889499142766">
        <ele>342.0</ele>
      </trkpt>
      <trkpt lat="37.5815499946475" lon="13.28892988152802">
        <ele>342.47</ele>
      </trkpt>
      <trkpt lat="37.58151998743415" lon="13.288919907063246">
        <ele>342.93</ele>
      </trkpt>
      <trkpt lat="37.58148000575602" lon="13.288899958133698">
        <ele>343.37</ele>
      </trkpt>
      <trkpt lat="37.58141999132931" lon="13.28885997645557">
        <ele>343.81</ele>
      </trkpt>
      <trkpt lat="37.58137992583215" lon="13.288829969242215">
        <ele>344.23</ele>
      </trkpt>
      <trkpt lat="37.581319995224476" lon="13.288789987564087">
        <ele>344.64</ele>
      </trkpt>
      <trkpt lat="37.58125000633299" lon="13.288729973137379">
        <ele>345.05</ele>
      </trkpt>
      <trkpt lat="37.581189991906285" lon="13.28868999145925">
        <ele>345.44</ele>
      </trkpt>
      <trkpt lat="37.5811200030148" lon="13.28864992596209">
        <ele>345.81</ele>
      </trkpt>
      <trkpt lat="37.58106987923384" lon="13.28862989321351">
        <ele>346.15</ele>
      </trkpt>
      <trkpt lat="37.58105990476906" lon="13.28862989321351">
        <ele>346.49</ele>
      </trkpt>
      <trkpt lat="37.58101003244519" lon="13.288609944283962">
        <ele>346.8</ele>
      </trkpt>
      <trkpt lat="37.58094993419945" lon="13.28858982771635">
        <ele>347.11</ele>
      </trkpt>
      <trkpt lat="37.58088983595371" lon="13.28858002088964">
        <ele>347.41</ele>
      </trkpt>
      <trkpt lat="37.58082998916507" lon="13.28855998814106">
        <ele>347.7</ele>
      </trkpt>
      <trkpt lat="37.580739967525005" lon="13.28853995539248">
        <ele>348.0</ele>
      </trkpt>
      <trkpt lat="37.58070996031165" lon="13.28853995539248">
        <ele>348.28</ele>
      </trkpt>
      <trkpt lat="37.58068003691733" lon="13.288529980927706">
        <ele>348.56</ele>
      </trkpt>
      <trkpt lat="37.58060988038778" lon="13.288529980927706">
        <ele>348.84</ele>
      </trkpt>
      <trkpt lat="37.58053000085056" lon="13.2885199226439">
        <ele>349.12</ele>
      </trkpt>
      <trkpt lat="37.58041977882385" lon="13.2885199226439">
        <ele>349.38</ele>
      </trkpt>
      <trkpt lat="37.580309975892305" lon="13.288529980927706">
        <ele>349.64</ele>
      </trkpt>
      <trkpt lat="37.58027024567127" lon="13.288539787754416">
        <ele>349.9</ele>
      </trkpt>
      <trkpt lat="37.58027007803321" lon="13.288539871573448">
        <ele>349.91</ele>
      </trkpt>
      <trkpt lat="37.58026999421418" lon="13.28853995539248">
        <ele>350.18</ele>
      </trkpt>
      <trkpt lat="37.58017988875508" lon="13.288569878786802">
        <ele>350.45</ele>
      </trkpt>
      <trkpt lat="37.58010000921786" lon="13.28858982771635">
        <ele>350.73</ele>
      </trkpt>
      <trkpt lat="37.57993991486728" lon="13.288659984245896">
        <ele>351.03</ele>
      </trkpt>
      <trkpt lat="37.57974000647664" lon="13.288750005885959">
        <ele>351.35</ele>
      </trkpt>
      <trkpt lat="37.57958997040987" lon="13.28881991095841">
        <ele>351.68</ele>
      </trkpt>
      <trkpt lat="37.579429959878325" lon="13.288889899849892">
        <ele>352.01</ele>
      </trkpt>
      <trkpt lat="37.57937002927065" lon="13.288919907063246">
        <ele>352.34</ele>
      </trkpt>
      <trkpt lat="37.57931001484394" lon="13.2889499142766">
        <ele>352.69</ele>
      </trkpt>
      <trkpt lat="37.57925997488201" lon="13.28898997977376">
        <ele>353.04</ele>
      </trkpt>
      <trkpt lat="37.57921999320388" lon="13.289039935916662">
        <ele>353.41</ele>
      </trkpt>
      <trkpt lat="37.57918990217149" lon="13.28907991759479">
        <ele>353.79</ele>
      </trkpt>
      <trkpt lat="37.57915997877717" lon="13.289149906486273">
        <ele>354.22</ele>
      </trkpt>
      <trkpt lat="37.579129971563816" lon="13.289209920912981">
        <ele>354.66</ele>
      </trkpt>
      <trkpt lat="37.57909988053143" lon="13.289319891482592">
        <ele>355.14</ele>
      </trkpt>
      <trkpt lat="37.5790598988533" lon="13.289449894800782">
        <ele>355.64</ele>
      </trkpt>
      <trkpt lat="37.579040033742785" lon="13.289519967511296">
        <ele>356.15</ele>
      </trkpt>
      <trkpt lat="37.578999968245625" lon="13.289579898118973">
        <ele>356.65</ele>
      </trkpt>
      <trkpt lat="37.57898999378085" lon="13.289599930867553">
        <ele>357.15</ele>
      </trkpt>
      <trkpt lat="37.57896996103227" lon="13.289639912545681">
        <ele>357.68</ele>
      </trkpt>
      <trkpt lat="37.57892997935414" lon="13.289690036326647">
        <ele>358.21</ele>
      </trkpt>
      <trkpt lat="37.57888002321124" lon="13.28973999246955">
        <ele>358.77</ele>
      </trkpt>
      <trkpt lat="37.57885999046266" lon="13.28976002521813">
        <ele>359.32</ele>
      </trkpt>
      <trkpt lat="37.57879000157118" lon="13.289839988574386">
        <ele>359.92</ele>
      </trkpt>
      <trkpt lat="37.57869000546634" lon="13.28993990086019">
        <ele>360.51</ele>
      </trkpt>
      <trkpt lat="37.57860987447202" lon="13.290029922500253">
        <ele>361.11</ele>
      </trkpt>
      <trkpt lat="37.5785299949348" lon="13.29010988585651">
        <ele>361.73</ele>
      </trkpt>
      <trkpt lat="37.5784398894757" lon="13.29019001685083">
        <ele>362.3</ele>
      </trkpt>
      <trkpt lat="37.57836998440325" lon="13.29025992192328">
        <ele>362.89</ele>
      </trkpt>
      <trkpt lat="37.57832991890609" lon="13.29032002016902">
        <ele>363.5</ele>
      </trkpt>
      <trkpt lat="37.57832002826035" lon="13.290329910814762">
        <ele>364.11</ele>
      </trkpt>
      <trkpt lat="37.578290021046996" lon="13.290399983525276">
        <ele>364.74</ele>
      </trkpt>
      <trkpt lat="37.57827996276319" lon="13.290459914132953">
        <ele>365.36</ele>
      </trkpt>
      <trkpt lat="37.57826001383364" lon="13.290569968521595">
        <ele>366.0</ele>
      </trkpt>
      <trkpt lat="37.57825003936887" lon="13.290720004588366">
        <ele>366.67</ele>
      </trkpt>
      <trkpt lat="37.57823998108506" lon="13.290870040655136">
        <ele>367.32</ele>
      </trkpt>
      <trkpt lat="37.57821994833648" lon="13.29113993793726">
        <ele>368.0</ele>
      </trkpt>
      <trkpt lat="37.57820997387171" lon="13.291200036183">
        <ele>368.62</ele>
      </trkpt>
      <trkpt lat="37.57820997387171" lon="13.29131000675261">
        <ele>369.26</ele>
      </trkpt>
      <trkpt lat="37.57819002494216" lon="13.291489882394671">
        <ele>369.91</ele>
      </trkpt>
      <trkpt lat="37.57817988283932" lon="13.2916300278157">
        <ele>370.56</ele>
      </trkpt>
      <trkpt lat="37.578149959445" lon="13.291749889031053">
        <ele>371.19</ele>
      </trkpt>
      <trkpt lat="37.57812003605068" lon="13.2918700017035">
        <ele>371.81</ele>
      </trkpt>
      <trkpt lat="37.57812003605068" lon="13.291879892349243">
        <ele>372.39</ele>
      </trkpt>
      <trkpt lat="37.57809002883732" lon="13.291969913989305">
        <ele>372.95</ele>
      </trkpt>
      <trkpt lat="37.57806002162397" lon="13.292069910094142">
        <ele>373.5</ele>
      </trkpt>
      <trkpt lat="37.57802003994584" lon="13.292179880663753">
        <ele>374.05</ele>
      </trkpt>
      <trkpt lat="37.57796002551913" lon="13.292269986122847">
        <ele>374.6</ele>
      </trkpt>
      <trkpt lat="37.57789992727339" lon="13.292369898408651">
        <ele>375.1</ele>
      </trkpt>
      <trkpt lat="37.577819963917136" lon="13.2924900110811">
        <ele>375.58</ele>
      </trkpt>
      <trkpt lat="37.57776003330946" lon="13.292579865083098">
        <ele>376.06</ele>
      </trkpt>
      <trkpt lat="37.57768979296088" lon="13.29266988672316">
        <ele>376.51</ele>
      </trkpt>
      <trkpt lat="37.57764000445604" lon="13.2927299849689">
        <ele>376.94</ele>
      </trkpt>
      <trkpt lat="37.57760999724269" lon="13.29275001771748">
        <ele>377.35</ele>
      </trkpt>
      <trkpt lat="37.57757001556456" lon="13.292769966647029">
        <ele>377.75</ele>
      </trkpt>
      <trkpt lat="37.57756004109979" lon="13.292829981073737">
        <ele>378.17</ele>
      </trkpt>
      <trkpt lat="37.57754998281598" lon="13.29287993721664">
        <ele>378.57</ele>
      </trkpt>
      <trkpt lat="37.57753003388643" lon="13.29290977679193">
        <ele>378.93</ele>
      </trkpt>
      <trkpt lat="37.57750991731882" lon="13.29294003546238">
        <ele>379.29</ele>
      </trkpt>
      <trkpt lat="37.57748996838927" lon="13.292980017140508">
        <ele>379.64</ele>
      </trkpt>
      <trkpt lat="37.57745996117592" lon="13.292999966070056">
        <ele>379.98</ele>
      </trkpt>
      <trkpt lat="37.577410005033016" lon="13.293019998818636">
        <ele>380.3</ele>
      </trkpt>
      <trkpt lat="37.57735996507108" lon="13.293019998818636">
        <ele>380.59</ele>
      </trkpt>
      <trkpt lat="37.57724999450147" lon="13.29300994053483">
        <ele>380.88</ele>
      </trkpt>
      <trkpt lat="37.57722996175289" lon="13.292999966070056">
        <ele>381.14</ele>
      </trkpt>
      <trkpt lat="37.57708998396993" lon="13.292949926108122">
        <ele>381.43</ele>
      </trkpt>
      <trkpt lat="37.57697003893554" lon="13.29289996996522">
        <ele>381.7</ele>
      </trkpt>
      <trkpt lat="37.576959980651736" lon="13.292889995500445">
        <ele>381.92</ele>
      </trkpt>
      <trkpt lat="37.57679997012019" lon="13.292819922789931">
        <ele>382.16</ele>
      </trkpt>
      <trkpt lat="37.57678999565542" lon="13.292819922789931">
        <ele>382.38</ele>
      </trkpt>
      <trkpt lat="37.576699974015355" lon="13.292779941111803">
        <ele>382.59</ele>
      </trkpt>
      <trkpt lat="37.576659908518195" lon="13.292779941111803">
        <ele>382.79</ele>
      </trkpt>
      <trkpt lat="37.57660995237529" lon="13.292769966647029">
        <ele>382.99</ele>
      </trkpt>
      <trkpt lat="37.57656988687813" lon="13.292779941111803">
        <ele>383.19</ele>
      </trkpt>
      <trkpt lat="37.57653996348381" lon="13.292799890041351">
        <ele>383.41</ele>
      </trkpt>
      <trkpt lat="37.57651004008949" lon="13.292810032144189">
        <ele>383.63</ele>
      </trkpt>
      <trkpt lat="37.57647986523807" lon="13.292829981073737">
        <ele>383.86</ele>
      </trkpt>
      <trkpt lat="37.57645991630852" lon="13.292839955538511">
        <ele>384.1</ele>
      </trkpt>
      <trkpt lat="37.57645002566278" lon="13.292850013822317">
        <ele>384.36</ele>
      </trkpt>
      <trkpt lat="37.576420018449426" lon="13.29287993721664">
        <ele>384.63</ele>
      </trkpt>
      <trkpt lat="37.576399985700846" lon="13.29289996996522">
        <ele>384.92</ele>
      </trkpt>
      <trkpt lat="37.57639001123607" lon="13.292929893359542">
        <ele>385.23</ele>
      </trkpt>
      <trkpt lat="37.5763800367713" lon="13.292949926108122">
        <ele>385.56</ele>
      </trkpt>
      <trkpt lat="37.57636997848749" lon="13.292980017140508">
        <ele>385.92</ele>
      </trkpt>
      <trkpt lat="37.57636000402272" lon="13.29300994053483">
        <ele>386.29</ele>
      </trkpt>
      <trkpt lat="37.57636000402272" lon="13.293059896677732">
        <ele>386.69</ele>
      </trkpt>
      <trkpt lat="37.57636997848749" lon="13.29309987835586">
        <ele>387.12</ele>
      </trkpt>
      <trkpt lat="37.5763800367713" lon="13.293150002136827">
        <ele>387.58</ele>
      </trkpt>
      <trkpt lat="37.57643988355994" lon="13.293340019881725">
        <ele>388.09</ele>
      </trkpt>
      <trkpt lat="37.57649998180568" lon="13.293529953807592">
        <ele>388.62</ele>
      </trkpt>
      <trkpt lat="37.576590087264776" lon="13.293805299326777">
        <ele>389.14</ele>
      </trkpt>
      <trkpt lat="37.57668002508581" lon="13.294079890474677">
        <ele>389.72</ele>
      </trkpt>
      <trkpt lat="37.576740039512515" lon="13.294280217960477">
        <ele>390.3</ele>
      </trkpt>
      <trkpt lat="37.57679997012019" lon="13.294479874894023">
        <ele>390.92</ele>
      </trkpt>
      <trkpt lat="37.5769099406898" lon="13.29476997256279">
        <ele>391.61</ele>
      </trkpt>
      <trkpt lat="37.57694003172219" lon="13.294819928705692">
        <ele>392.24</ele>
      </trkpt>
      <trkpt lat="37.576980013400316" lon="13.29485991038382">
        <ele>392.88</ele>
      </trkpt>
      <trkpt lat="37.57699987851083" lon="13.294879859313369">
        <ele>393.51</ele>
      </trkpt>
      <trkpt lat="37.5770500022918" lon="13.29492000862956">
        <ele>394.16</ele>
      </trkpt>
      <trkpt lat="37.57711999118328" lon="13.29494004137814">
        <ele>394.83</ele>
      </trkpt>
      <trkpt lat="37.57718998007476" lon="13.294959990307689">
        <ele>395.5</ele>
      </trkpt>
      <trkpt lat="37.57722996175289" lon="13.294959990307689">
        <ele>396.15</ele>
      </trkpt>
      <trkpt lat="37.577280001714826" lon="13.294959990307689">
        <ele>396.81</ele>
      </trkpt>
      <trkpt lat="37.57733004167676" lon="13.29494004137814">
        <ele>397.48</ele>
      </trkpt>
      <trkpt lat="37.57740003056824" lon="13.294910034164786">
        <ele>398.16</ele>
      </trkpt>
      <trkpt lat="37.57744990289211" lon="13.294869968667626">
        <ele>398.81</ele>
      </trkpt>
      <trkpt lat="37.57750002667308" lon="13.29481003805995">
        <ele>399.45</ele>
      </trkpt>
      <trkpt lat="37.57763002999127" lon="13.29466000199318">
        <ele>400.1</ele>
      </trkpt>
      <trkpt lat="37.57777998223901" lon="13.29449001699686">
        <ele>400.7</ele>
      </trkpt>
      <trkpt lat="37.57787000387907" lon="13.294439977034926">
        <ele>401.31</ele>
      </trkpt>
      <trkpt lat="37.57791996002197" lon="13.294420028105378">
        <ele>401.92</ele>
      </trkpt>
      <trkpt lat="37.578009897843" lon="13.294399995356798">
        <ele>402.53</ele>
      </trkpt>
      <trkpt lat="37.5781000033021" lon="13.294389937072992">
        <ele>403.13</ele>
      </trkpt>
      <trkpt lat="37.578269988298416" lon="13.294350039213896">
        <ele>403.73</ele>
      </trkpt>
      <trkpt lat="37.57842002436519" lon="13.29431994818151">
        <ele>404.33</ele>
      </trkpt>
      <trkpt lat="37.578569976612926" lon="13.29429991543293">
        <ele>404.92</ele>
      </trkpt>
      <trkpt lat="37.57877994328737" lon="13.29431994818151">
        <ele>405.53</ele>
      </trkpt>
      <trkpt lat="37.57882000878453" lon="13.29431994818151">
        <ele>406.07</ele>
      </trkpt>
      <trkpt lat="37.57885001599789" lon="13.294330006465316">
        <ele>406.59</ele>
      </trkpt>
      <trkpt lat="37.57894003763795" lon="13.294350039213896">
        <ele>407.14</ele>
      </trkpt>
      <trkpt lat="37.579129971563816" lon="13.294379962608218">
        <ele>407.7</ele>
      </trkpt>
      <trkpt lat="37.57921999320388" lon="13.294350039213896">
        <ele>408.19</ele>
      </trkpt>
      <trkpt lat="37.57928000763059" lon="13.294309973716736">
        <ele>408.66</ele>
      </trkpt>
      <trkpt lat="37.57932996377349" lon="13.294259933754802">
        <ele>409.12</ele>
      </trkpt>
      <trkpt lat="37.579449992626905" lon="13.29414987936616">
        <ele>409.61</ele>
      </trkpt>
      <trkpt lat="37.579470025375485" lon="13.29412984661758">
        <ele>410.08</ele>
      </trkpt>
      <trkpt lat="37.579600028693676" lon="13.294030018150806">
        <ele>410.54</ele>
      </trkpt>
      <trkpt lat="37.57963992655277" lon="13.294019959867">
        <ele>411.02</ele>
      </trkpt>
      <trkpt lat="37.57967999204993" lon="13.294019959867">
        <ele>411.53</ele>
      </trkpt>
      <trkpt lat="37.57970999926329" lon="13.294019959867">
        <ele>412.03</ele>
      </trkpt>
      <trkpt lat="37.57974989712238" lon="13.294030018150806">
        <ele>412.55</ele>
      </trkpt>
      <trkpt lat="37.57977998815477" lon="13.294049883261323">
        <ele>413.07</ele>
      </trkpt>
      <trkpt lat="37.57980002090335" lon="13.294069916009903">
        <ele>413.6</ele>
      </trkpt>
      <trkpt lat="37.5798300281167" lon="13.294089948758483">
        <ele>414.15</ele>
      </trkpt>
      <trkpt lat="37.57984997704625" lon="13.294120039790869">
        <ele>414.71</ele>
      </trkpt>
      <trkpt lat="37.57987000979483" lon="13.294160021468997">
        <ele>415.3</ele>
      </trkpt>
      <trkpt lat="37.579879984259605" lon="13.294179970398545">
        <ele>415.9</ele>
      </trkpt>
      <trkpt lat="37.57988995872438" lon="13.294200003147125">
        <ele>416.53</ele>
      </trkpt>
      <trkpt lat="37.57988995872438" lon="13.294259933754802">
        <ele>417.19</ele>
      </trkpt>
      <trkpt lat="37.579900017008185" lon="13.29433998093009">
        <ele>417.87</ele>
      </trkpt>
      <trkpt lat="37.579900017008185" lon="13.29470987431705">
        <ele>418.63</ele>
      </trkpt>
      <trkpt lat="37.57990999147296" lon="13.295059986412525">
        <ele>419.43</ele>
      </trkpt>
      <trkpt lat="37.57991493679583" lon="13.295260313898325">
        <ele>420.25</ele>
      </trkpt>
      <trkpt lat="37.5799198821187" lon="13.29545988701284">
        <ele>421.07</ele>
      </trkpt>
      <trkpt lat="37.579900017008185" lon="13.29558989033103">
        <ele>421.92</ele>
      </trkpt>
      <trkpt lat="37.579900017008185" lon="13.295619981363416">
        <ele>422.76</ele>
      </trkpt>
      <trkpt lat="37.579879984259605" lon="13.29571989364922">
        <ele>423.65</ele>
      </trkpt>
      <trkpt lat="37.57980002090335" lon="13.295919969677925">
        <ele>424.58</ele>
      </trkpt>
      <trkpt lat="37.57974989712238" lon="13.29601988196373">
        <ele>425.51</ele>
      </trkpt>
      <trkpt lat="37.579649817198515" lon="13.296275278553367">
        <ele>426.45</ele>
      </trkpt>
      <trkpt lat="37.57954998873174" lon="13.29653000459075">
        <ele>427.46</ele>
      </trkpt>
      <trkpt lat="37.579470025375485" lon="13.296720022335649">
        <ele>428.47</ele>
      </trkpt>
      <trkpt lat="37.57934999652207" lon="13.297039959579706">
        <ele>429.53</ele>
      </trkpt>
      <trkpt lat="37.57931001484394" lon="13.297139955684543">
        <ele>430.56</ele>
      </trkpt>
      <trkpt lat="37.5791999604553" lon="13.29736995510757">
        <ele>431.63</ele>
      </trkpt>
      <trkpt lat="37.57911999709904" lon="13.297510016709566">
        <ele>432.71</ele>
      </trkpt>
      <trkpt lat="37.5790149718523" lon="13.29767002724111">
        <ele>433.8</ele>
      </trkpt>
      <trkpt lat="37.57890994660556" lon="13.297830037772655">
        <ele>434.88</ele>
      </trkpt>
      <trkpt lat="37.57881003431976" lon="13.297979906201363">
        <ele>435.92</ele>
      </trkpt>
      <trkpt lat="37.57875001989305" lon="13.29807998612523">
        <ele>436.96</ele>
      </trkpt>
      <trkpt lat="37.57865488529205" lon="13.298250054940581">
        <ele>438.02</ele>
      </trkpt>
      <trkpt lat="37.57856000214815" lon="13.2984200399369">
        <ele>439.06</ele>
      </trkpt>
      <trkpt lat="37.5784398894757" lon="13.298749951645732">
        <ele>440.11</ele>
      </trkpt>
      <trkpt lat="37.57836998440325" lon="13.29908992163837">
        <ele>441.26</ele>
      </trkpt>
      <trkpt lat="37.57832991890609" lon="13.299320004880428">
        <ele>442.4</ele>
      </trkpt>
      <trkpt lat="37.57829999551177" lon="13.29953994601965">
        <ele>443.56</ele>
      </trkpt>
      <trkpt lat="37.57829999551177" lon="13.299550004303455">
        <ele>444.6</ele>
      </trkpt>
      <trkpt lat="37.57823998108506" lon="13.299859967082739">
        <ele>445.77</ele>
      </trkpt>
      <trkpt lat="37.57821994833648" lon="13.300070017576218">
        <ele>446.86</ele>
      </trkpt>
      <trkpt lat="37.57821994833648" lon="13.300169929862022">
        <ele>447.89</ele>
      </trkpt>
      <trkpt lat="37.57823000662029" lon="13.300240002572536">
        <ele>448.89</ele>
      </trkpt>
      <trkpt lat="37.57826001383364" lon="13.300299933180213">
        <ele>449.86</ele>
      </trkpt>
      <trkpt lat="37.578290021046996" lon="13.300349973142147">
        <ele>450.8</ele>
      </trkpt>
      <trkpt lat="37.57832991890609" lon="13.30037989653647">
        <ele>451.7</ele>
      </trkpt>
      <trkpt lat="37.57836000993848" lon="13.30039992928505">
        <ele>452.57</ele>
      </trkpt>
      <trkpt lat="37.57844986394048" lon="13.30043999478221">
        <ele>453.43</ele>
      </trkpt>
      <trkpt lat="37.57849998772144" lon="13.300469918176532">
        <ele>454.27</ele>
      </trkpt>
      <trkpt lat="37.57864993996918" lon="13.300539990887046">
        <ele>455.11</ele>
      </trkpt>
      <trkpt lat="37.578814728185534" lon="13.300604866817594">
        <ele>455.94</ele>
      </trkpt>
      <trkpt lat="37.57898001931608" lon="13.300669994205236">
        <ele>456.74</ele>
      </trkpt>
      <trkpt lat="37.579020000994205" lon="13.30067996867001">
        <ele>457.45</ele>
      </trkpt>
      <trkpt lat="37.57907993160188" lon="13.300690026953816">
        <ele>458.12</ele>
      </trkpt>
      <trkpt lat="37.57918990217149" lon="13.300690026953816">
        <ele>458.74</ele>
      </trkpt>
      <trkpt lat="37.57937002927065" lon="13.300649793818593">
        <ele>459.34</ele>
      </trkpt>
      <trkpt lat="37.579389894381166" lon="13.300649793818593">
        <ele>459.93</ele>
      </trkpt>
      <trkpt lat="37.57947991602123" lon="13.300630012527108">
        <ele>460.49</ele>
      </trkpt>
      <trkpt lat="37.57954998873174" lon="13.300630012527108">
        <ele>460.99</ele>
      </trkpt>
      <trkpt lat="37.57958997040987" lon="13.30063990317285">
        <ele>461.5</ele>
      </trkpt>
      <trkpt lat="37.57961000315845" lon="13.300649793818593">
        <ele>462.0</ele>
      </trkpt>
      <trkpt lat="37.57964998483658" lon="13.300669994205236">
        <ele>462.47</ele>
      </trkpt>
      <trkpt lat="37.57967999204993" lon="13.30070000141859">
        <ele>462.94</ele>
      </trkpt>
      <trkpt lat="37.57970999926329" lon="13.300739983096719">
        <ele>463.39</ele>
      </trkpt>
      <trkpt lat="37.57973003201187" lon="13.300779964774847">
        <ele>463.84</ele>
      </trkpt>
      <trkpt lat="37.57976003922522" lon="13.300839979201555">
        <ele>464.24</ele>
      </trkpt>
      <trkpt lat="37.57978996261954" lon="13.300909968093038">
        <ele>464.63</ele>
      </trkpt>
      <trkpt lat="37.5798199698329" lon="13.30102002248168">
        <ele>465.02</ele>
      </trkpt>
      <trkpt lat="37.57984000258148" lon="13.30110996030271">
        <ele>465.39</ele>
      </trkpt>
      <trkpt lat="37.57984000258148" lon="13.301179949194193">
        <ele>465.75</ele>
      </trkpt>
      <trkpt lat="37.57984000258148" lon="13.30123987980187">
        <ele>466.08</ele>
      </trkpt>
      <trkpt lat="37.5798300281167" lon="13.301339959725738">
        <ele>466.42</ele>
      </trkpt>
      <trkpt lat="37.57974000647664" lon="13.301629889756441">
        <ele>466.85</ele>
      </trkpt>
      <trkpt lat="37.57970002479851" lon="13.30175000242889">
        <ele>467.12</ele>
      </trkpt>
      <trkpt lat="37.57968996651471" lon="13.301779925823212">
        <ele>467.37</ele>
      </trkpt>
      <trkpt lat="37.57968996651471" lon="13.30179987475276">
        <ele>467.58</ele>
      </trkpt>
      <trkpt lat="37.57968996651471" lon="13.301810016855597">
        <ele>467.78</ele>
      </trkpt>
      <trkpt lat="37.57968996651471" lon="13.301849998533726">
        <ele>467.96</ele>
      </trkpt>
      <trkpt lat="37.57968996651471" lon="13.30186977982521">
        <ele>468.12</ele>
      </trkpt>
      <trkpt lat="37.57968996651471" lon="13.301909929141402">
        <ele>468.28</ele>
      </trkpt>
      <trkpt lat="37.57970002479851" lon="13.301940020173788">
        <ele>468.41</ele>
      </trkpt>
      <trkpt lat="37.57970999926329" lon="13.301959969103336">
        <ele>468.53</ele>
      </trkpt>
      <trkpt lat="37.57971997372806" lon="13.301980001851916">
        <ele>468.64</ele>
      </trkpt>
      <trkpt lat="37.57974989712238" lon="13.30198997631669">
        <ele>468.72</ele>
      </trkpt>
      <trkpt lat="37.57976992987096" lon="13.302000034600496">
        <ele>468.82</ele>
      </trkpt>
      <trkpt lat="37.57978996261954" lon="13.302019899711013">
        <ele>468.91</ele>
      </trkpt>
      <trkpt lat="37.5798199698329" lon="13.302019899711013">
        <ele>468.98</ele>
      </trkpt>
      <trkpt lat="37.579879984259605" lon="13.302019899711013">
        <ele>469.06</ele>
      </trkpt>
      <trkpt lat="37.5799198821187" lon="13.302009925246239">
        <ele>469.11</ele>
      </trkpt>
      <trkpt lat="37.57993991486728" lon="13.302000034600496">
        <ele>469.18</ele>
      </trkpt>
      <trkpt lat="37.58004988543689" lon="13.301940020173788">
        <ele>469.2</ele>
      </trkpt>
      <trkpt lat="37.58013999089599" lon="13.301889896392822">
        <ele>469.26</ele>
      </trkpt>
      <trkpt lat="37.5802499614656" lon="13.3018599729985">
        <ele>469.35</ele>
      </trkpt>
      <trkpt lat="37.58030000142753" lon="13.3018599729985">
        <ele>469.44</ele>
      </trkpt>
      <trkpt lat="37.58043000474572" lon="13.30188000574708">
        <ele>469.59</ele>
      </trkpt>
      <trkpt lat="37.58060988038778" lon="13.301919987425208">
        <ele>469.76</ele>
      </trkpt>
      <trkpt lat="37.58070996031165" lon="13.301940020173788">
        <ele>469.86</ele>
      </trkpt>
      <trkpt lat="37.58096996694803" lon="13.302009925246239">
        <ele>469.98</ele>
      </trkpt>
      <trkpt lat="37.58114003576338" lon="13.302049990743399">
        <ele>470.11</ele>
      </trkpt>
      <trkpt lat="37.58122997358441" lon="13.302070023491979">
        <ele>470.31</ele>
      </trkpt>
      <trkpt lat="37.581399623304605" lon="13.302114866673946">
        <ele>470.57</ele>
      </trkpt>
      <trkpt lat="37.58157002739608" lon="13.30215996131301">
        <ele>470.83</ele>
      </trkpt>
      <trkpt lat="37.581640016287565" lon="13.30217999406159">
        <ele>471.05</ele>
      </trkpt>
      <trkpt lat="37.58167002350092" lon="13.302189884707332">
        <ele>471.26</ele>
      </trkpt>
      <trkpt lat="37.58183958940208" lon="13.302234811708331">
        <ele>471.49</ele>
      </trkpt>
      <trkpt lat="37.582009909674525" lon="13.302279990166426">
        <ele>471.73</ele>
      </trkpt>
      <trkpt lat="37.582199424505234" lon="13.30231485888362">
        <ele>471.94</ele>
      </trkpt>
      <trkpt lat="37.58238986134529" lon="13.302349979057908">
        <ele>472.19</ele>
      </trkpt>
      <trkpt lat="37.58269999176264" lon="13.302359953522682">
        <ele>472.43</ele>
      </trkpt>
      <trkpt lat="37.5828399695456" lon="13.302349979057908">
        <ele>472.71</ele>
      </trkpt>
      <trkpt lat="37.582929991185665" lon="13.30233003012836">
        <ele>472.98</ele>
      </trkpt>
      <trkpt lat="37.58312998339534" lon="13.302219975739717">
        <ele>473.25</ele>
      </trkpt>
      <trkpt lat="37.58328001946211" lon="13.302130037918687">
        <ele>473.58</ele>
      </trkpt>
      <trkpt lat="37.58331002667546" lon="13.30211989581585">
        <ele>473.94</ele>
      </trkpt>
      <trkpt lat="37.58334003388882" lon="13.302110005170107">
        <ele>474.35</ele>
      </trkpt>
      <trkpt lat="37.58337004110217" lon="13.302110005170107">
        <ele>474.78</ele>
      </trkpt>
      <trkpt lat="37.58339996449649" lon="13.30211989581585">
        <ele>475.22</ele>
      </trkpt>
      <trkpt lat="37.58342997170985" lon="13.302130037918687">
        <ele>475.69</ele>
      </trkpt>
      <trkpt lat="37.5834599789232" lon="13.30215996131301">
        <ele>476.2</ele>
      </trkpt>
      <trkpt lat="37.583489986136556" lon="13.302219975739717">
        <ele>476.72</ele>
      </trkpt>
      <trkpt lat="37.5834980327636" lon="13.302277894690633">
        <ele>477.27</ele>
      </trkpt>
      <trkpt lat="37.58349996060133" lon="13.3022899646312">
        <ele>477.87</ele>
      </trkpt>
      <trkpt lat="37.58349996060133" lon="13.302349979057908">
        <ele>478.51</ele>
      </trkpt>
      <trkpt lat="37.583489986136556" lon="13.302389960736036">
        <ele>479.18</ele>
      </trkpt>
      <trkpt lat="37.58348001167178" lon="13.302430026233196">
        <ele>479.89</ele>
      </trkpt>
      <trkpt lat="37.58344002999365" lon="13.302509905770421">
        <ele>480.62</ele>
      </trkpt>
      <trkpt lat="37.58341991342604" lon="13.30254988744855">
        <ele>481.39</ele>
      </trkpt>
      <trkpt lat="37.5832200050354" lon="13.30282992683351">
        <ele>482.33</ele>
      </trkpt>
      <trkpt lat="37.583080027252436" lon="13.303069900721312">
        <ele>483.33</ele>
      </trkpt>
      <trkpt lat="37.58296997286379" lon="13.303290009498596">
        <ele>484.3</ele>
      </trkpt>
      <trkpt lat="37.582929991185665" lon="13.303399980068207">
        <ele>485.18</ele>
      </trkpt>
      <trkpt lat="37.582829827442765" lon="13.30361514352262">
        <ele>486.09</ele>
      </trkpt>
      <trkpt lat="37.58272999897599" lon="13.303829971700907">
        <ele>487.03</ele>
      </trkpt>
      <trkpt lat="37.58257401175797" lon="13.304169019684196">
        <ele>488.07</ele>
      </trkpt>
      <trkpt lat="37.582567976787686" lon="13.30418192781508">
        <ele>488.99</ele>
      </trkpt>
      <trkpt lat="37.5825500395149" lon="13.304219981655478">
        <ele>489.93</ele>
      </trkpt>
      <trkpt lat="37.58248600177467" lon="13.304379908367991">
        <ele>490.91</ele>
      </trkpt>
      <trkpt lat="37.58246999233961" lon="13.30441989004612">
        <ele>491.85</ele>
      </trkpt>
      <trkpt lat="37.58244995959103" lon="13.30445995554328">
        <ele>492.78</ele>
      </trkpt>
      <trkpt lat="37.58237997069955" lon="13.304619882255793">
        <ele>493.75</ele>
      </trkpt>
      <trkpt lat="37.58236991241574" lon="13.304619882255793">
        <ele>494.66</ele>
      </trkpt>
      <trkpt lat="37.58229003287852" lon="13.304809900000691">
        <ele>495.65</ele>
      </trkpt>
      <trkpt lat="37.58219984360039" lon="13.30501014366746">
        <ele>496.65</ele>
      </trkpt>
      <trkpt lat="37.58210998959839" lon="13.305209968239069">
        <ele>497.6</ele>
      </trkpt>
      <trkpt lat="37.582049975171685" lon="13.305329997092485">
        <ele>498.5</ele>
      </trkpt>
      <trkpt lat="37.58198996074498" lon="13.305439967662096">
        <ele>499.34</ele>
      </trkpt>
      <trkpt lat="37.581879990175366" lon="13.305519931018353">
        <ele>500.19</ele>
      </trkpt>
      <trkpt lat="37.58180991746485" lon="13.305439967662096">
        <ele>501.0</ele>
      </trkpt>
      <trkpt lat="37.58175996132195" lon="13.30538003705442">
        <ele>501.8</ele>
      </trkpt>
      <trkpt lat="37.58171000517905" lon="13.305329997092485">
        <ele>502.58</ele>
      </trkpt>
      <trkpt lat="37.58155996911228" lon="13.30519001930952">
        <ele>503.36</ele>
      </trkpt>
      <trkpt lat="37.58142996579409" lon="13.30501995049417">
        <ele>504.15</ele>
      </trkpt>
      <trkpt lat="37.58138998411596" lon="13.30497988499701">
        <ele>504.88</ele>
      </trkpt>
      <trkpt lat="37.58135000243783" lon="13.304900005459785">
        <ele>505.59</ele>
      </trkpt>
      <trkpt lat="37.58128998801112" lon="13.304949961602688">
        <ele>506.29</ele>
      </trkpt>
      <trkpt lat="37.581210024654865" lon="13.305009976029396">
        <ele>506.97</ele>
      </trkpt>
      <trkpt lat="37.58102998137474" lon="13.305160012096167">
        <ele>507.66</ele>
      </trkpt>
      <trkpt lat="37.58095999248326" lon="13.305209968239069">
        <ele>508.34</ele>
      </trkpt>
      <trkpt lat="37.58081506937742" lon="13.305324800312519">
        <ele>509.04</ele>
      </trkpt>
      <trkpt lat="37.58066997863352" lon="13.305439967662096">
        <ele>509.74</ele>
      </trkpt>
      <trkpt lat="37.58059990592301" lon="13.30549000762403">
        <ele>510.43</ele>
      </trkpt>
      <trkpt lat="37.58033512160182" lon="13.305699806660414">
        <ele>511.16</ele>
      </trkpt>
      <trkpt lat="37.58006991818547" lon="13.305910024791956">
        <ele>511.91</ele>
      </trkpt>
      <trkpt lat="37.58001996204257" lon="13.305949922651052">
        <ele>512.57</ele>
      </trkpt>
      <trkpt lat="37.57990999147296" lon="13.30602996982634">
        <ele>513.21</ele>
      </trkpt>
      <trkpt lat="37.57977998815477" lon="13.30613985657692">
        <ele>513.83</ele>
      </trkpt>
      <trkpt lat="37.57967001758516" lon="13.306210013106465">
        <ele>514.48</ele>
      </trkpt>
      <trkpt lat="37.57954001426697" lon="13.30630992539227">
        <ele>515.15</ele>
      </trkpt>
      <trkpt lat="37.579449992626905" lon="13.306379914283752">
        <ele>515.84</ele>
      </trkpt>
      <trkpt lat="37.57931990548968" lon="13.306469852104783">
        <ele>516.53</ele>
      </trkpt>
      <trkpt lat="37.57924002595246" lon="13.306529950350523">
        <ele>517.21</ele>
      </trkpt>
      <trkpt lat="37.57921999320388" lon="13.306540008634329">
        <ele>517.93</ele>
      </trkpt>
      <trkpt lat="37.579170037060976" lon="13.306569932028651">
        <ele>518.66</ele>
      </trkpt>
      <trkpt lat="37.57905000820756" lon="13.30664997920394">
        <ele>519.44</ele>
      </trkpt>
      <trkpt lat="37.579170037060976" lon="13.306879978626966">
        <ele>520.23</ele>
      </trkpt>
      <trkpt lat="37.57928000763059" lon="13.307139985263348">
        <ele>521.14</ele>
      </trkpt>
      <trkpt lat="37.57932996377349" lon="13.30725003965199">
        <ele>521.99</ele>
      </trkpt>
      <trkpt lat="37.579400036484" lon="13.307439973577857">
        <ele>522.89</ele>
      </trkpt>
      <trkpt lat="37.579449992626905" lon="13.30752999521792">
        <ele>523.77</ele>
      </trkpt>
      <trkpt lat="37.57951998151839" lon="13.307669889181852">
        <ele>524.67</ele>
      </trkpt>
      <trkpt lat="37.579579995945096" lon="13.307759994640946">
        <ele>525.57</ele>
      </trkpt>
      <trkpt lat="37.57961989380419" lon="13.307859906926751">
        <ele>526.5</ele>
      </trkpt>
      <trkpt lat="37.57963992655277" lon="13.307910030707717">
        <ele>527.45</ele>
      </trkpt>
      <trkpt lat="37.57970002479851" lon="13.307989910244942">
        <ele>528.41</ele>
      </trkpt>
      <trkpt lat="37.5798300281167" lon="13.308210019022226">
        <ele>529.43</ele>
      </trkpt>
      <trkpt lat="37.579949889332056" lon="13.308419901877642">
        <ele>530.51</ele>
      </trkpt>
      <trkpt lat="37.58000001311302" lon="13.30849994905293">
        <ele>531.56</ele>
      </trkpt>
      <trkpt lat="37.58010998368263" lon="13.308679908514023">
        <ele>532.66</ele>
      </trkpt>
      <trkpt lat="37.57997998036444" lon="13.308789962902665">
        <ele>533.69</ele>
      </trkpt>
      <trkpt lat="37.57995994761586" lon="13.30879993736744">
        <ele>534.71</ele>
      </trkpt>
      <trkpt lat="37.5799198821187" lon="13.3088400028646">
        <ele>535.76</ele>
      </trkpt>
      <trkpt lat="37.57980002090335" lon="13.308900017291307">
        <ele>536.81</ele>
      </trkpt>
      <trkpt lat="37.57967999204993" lon="13.30897000618279">
        <ele>537.89</ele>
      </trkpt>
      <trkpt lat="37.57954998873174" lon="13.30903991125524">
        <ele>538.99</ele>
      </trkpt>
      <trkpt lat="37.57933993823826" lon="13.309139991179109">
        <ele>540.1</ele>
      </trkpt>
      <trkpt lat="37.579129971563816" lon="13.30922992900014">
        <ele>541.15</ele>
      </trkpt>
      <trkpt lat="37.579020000994205" lon="13.309279885143042">
        <ele>542.17</ele>
      </trkpt>
      <trkpt lat="37.57898001931608" lon="13.30929002724588">
        <ele>543.14</ele>
      </trkpt>
      <trkpt lat="37.57877994328737" lon="13.309329925104976">
        <ele>544.1</ele>
      </trkpt>
      <trkpt lat="37.578699979931116" lon="13.309350041672587">
        <ele>545.02</ele>
      </trkpt>
      <trkpt lat="37.57860987447202" lon="13.30935993231833">
        <ele>545.9</ele>
      </trkpt>
      <trkpt lat="37.57842002436519" lon="13.30935993231833">
        <ele>546.75</ele>
      </trkpt>
      <trkpt lat="37.57823998108506" lon="13.309350041672587">
        <ele>547.59</ele>
      </trkpt>
      <trkpt lat="37.57816999219358" lon="13.309350041672587">
        <ele>548.39</ele>
      </trkpt>
      <trkpt lat="37.57788986898959" lon="13.30935993231833">
        <ele>549.32</ele>
      </trkpt>
      <trkpt lat="37.57787989452481" lon="13.309350041672587">
        <ele>550.04</ele>
      </trkpt>
      <trkpt lat="37.577860029414296" lon="13.309350041672587">
        <ele>550.75</ele>
      </trkpt>
      <trkpt lat="37.577839996665716" lon="13.309350041672587">
        <ele>551.43</ele>
      </trkpt>
      <trkpt lat="37.57777998223901" lon="13.309329925104976">
        <ele>552.08</ele>
      </trkpt>
      <trkpt lat="37.57774989120662" lon="13.309309976175427">
        <ele>552.67</ele>
      </trkpt>
      <trkpt lat="37.5777199678123" lon="13.309279885143042">
        <ele>553.2</ele>
      </trkpt>
      <trkpt lat="37.57770001888275" lon="13.309260020032525">
        <ele>553.71</ele>
      </trkpt>
      <trkpt lat="37.577579990029335" lon="13.30910000950098">
        <ele>554.12</ele>
      </trkpt>
      <trkpt lat="37.57746993564069" lon="13.308960031718016">
        <ele>554.56</ele>
      </trkpt>
      <trkpt lat="37.577385026961565" lon="13.308854000642896">
        <ele>554.96</ele>
      </trkpt>
      <trkpt lat="37.57737698033452" lon="13.30884394235909">
        <ele>555.32</ele>
      </trkpt>
      <trkpt lat="37.57734999060631" lon="13.308809995651245">
        <ele>555.64</ele>
      </trkpt>
      <trkpt lat="37.5772400200367" lon="13.30862995237112">
        <ele>555.9</ele>
      </trkpt>
      <trkpt lat="37.57718000560999" lon="13.30854001455009">
        <ele>556.15</ele>
      </trkpt>
      <trkpt lat="37.57707003504038" lon="13.308419901877642">
        <ele>556.33</ele>
      </trkpt>
      <trkpt lat="37.57701002061367" lon="13.30836994573474">
        <ele>556.5</ele>
      </trkpt>
      <trkpt lat="37.57694003172219" lon="13.308340022340417">
        <ele>556.68</ele>
      </trkpt>
      <trkpt lat="37.5768599845469" lon="13.308319989591837">
        <ele>556.81</ele>
      </trkpt>
      <trkpt lat="37.57679997012019" lon="13.308299873024225">
        <ele>556.9</ele>
      </trkpt>
      <trkpt lat="37.57668999955058" lon="13.308280007913709">
        <ele>556.98</ele>
      </trkpt>
      <trkpt lat="37.57651004008949" lon="13.308249833062291">
        <ele>557.02</ele>
      </trkpt>
      <trkpt lat="37.57646997459233" lon="13.30824002623558">
        <ele>556.99</ele>
      </trkpt>
      <trkpt lat="37.57643988355994" lon="13.308210019022226">
        <ele>556.9</ele>
      </trkpt>
      <trkpt lat="37.5763800367713" lon="13.308129971846938">
        <ele>556.75</ele>
      </trkpt>
      <trkpt lat="37.576269982382655" lon="13.307974906638265">
        <ele>556.55</ele>
      </trkpt>
      <trkpt lat="37.57615992799401" lon="13.307819925248623">
        <ele>556.33</ele>
      </trkpt>
      <trkpt lat="37.57613000459969" lon="13.30776996910572">
        <ele>556.09</ele>
      </trkpt>
      <trkpt lat="37.57603998295963" lon="13.30765999853611">
        <ele>555.82</ele>
      </trkpt>
      <trkpt lat="37.57600989192724" lon="13.307629991322756">
        <ele>555.52</ele>
      </trkpt>
      <trkpt lat="37.57593998685479" lon="13.307539885863662">
        <ele>555.18</ele>
      </trkpt>
      <trkpt lat="37.575860023498535" lon="13.307480039075017">
        <ele>554.84</ele>
      </trkpt>
      <trkpt lat="37.57579003460705" lon="13.307439973577857">
        <ele>554.47</ele>
      </trkpt>
      <trkpt lat="37.57570990361273" lon="13.307389933615923">
        <ele>554.07</ele>
      </trkpt>
      <trkpt lat="37.57558995857835" lon="13.30727987922728">
        <ele>553.63</ele>
      </trkpt>
      <trkpt lat="37.57554997690022" lon="13.30725003965199">
        <ele>553.16</ele>
      </trkpt>
      <trkpt lat="37.575409999117255" lon="13.307069996371865">
        <ele>552.72</ele>
      </trkpt>
      <trkpt lat="37.57531000301242" lon="13.306919876486063">
        <ele>552.23</ele>
      </trkpt>
      <trkpt lat="37.57525987923145" lon="13.30684988759458">
        <ele>551.62</ele>
      </trkpt>
      <trkpt lat="37.575189974159" lon="13.306749807670712">
        <ele>550.95</ele>
      </trkpt>
      <trkpt lat="37.57506977766752" lon="13.306579990312457">
        <ele>550.22</ele>
      </trkpt>
      <trkpt lat="37.57502996362746" lon="13.306519975885749">
        <ele>549.49</ele>
      </trkpt>
      <trkpt lat="37.57491999305785" lon="13.306399947032332">
        <ele>548.68</ele>
      </trkpt>
      <trkpt lat="37.57486995309591" lon="13.306340016424656">
        <ele>547.87</ele>
      </trkpt>
      <trkpt lat="37.574680019170046" lon="13.306059893220663">
        <ele>546.87</ele>
      </trkpt>
      <trkpt lat="37.57458999752998" lon="13.30591999925673">
        <ele>545.97</ele>
      </trkpt>
      <trkpt lat="37.5745699647814" lon="13.305889992043376">
        <ele>545.14</ele>
      </trkpt>
      <trkpt lat="37.574529983103275" lon="13.305799886584282">
        <ele>544.25</ele>
      </trkpt>
      <trkpt lat="37.57449997588992" lon="13.305759988725185">
        <ele>543.4</ele>
      </trkpt>
      <trkpt lat="37.57446996867657" lon="13.3057298976928">
        <ele>542.55</ele>
      </trkpt>
      <trkpt lat="37.57442998699844" lon="13.30566979944706">
        <ele>541.69</ele>
      </trkpt>
      <trkpt lat="37.57439000532031" lon="13.305680025368929">
        <ele>540.85</ele>
      </trkpt>
      <trkpt lat="37.5743299908936" lon="13.305689916014671">
        <ele>540.0</ele>
      </trkpt>
      <trkpt lat="37.57423996925354" lon="13.305709948763251">
        <ele>539.14</ele>
      </trkpt>
      <trkpt lat="37.57416998036206" lon="13.30574993044138">
        <ele>538.31</ele>
      </trkpt>
      <trkpt lat="37.57415003143251" lon="13.305759988725185">
        <ele>537.5</ele>
      </trkpt>
      <trkpt lat="37.57393998093903" lon="13.305850010365248">
        <ele>536.61</ele>
      </trkpt>
      <trkpt lat="37.57384995929897" lon="13.30589996650815">
        <ele>535.84</ele>
      </trkpt>
      <trkpt lat="37.5737498793751" lon="13.30594003200531">
        <ele>535.09</ele>
      </trkpt>
      <trkpt lat="37.57367997430265" lon="13.305969955399632">
        <ele>534.35</ele>
      </trkpt>
      <trkpt lat="37.57341996766627" lon="13.306089984253049">
        <ele>533.58</ele>
      </trkpt>
      <trkpt lat="37.57337998598814" lon="13.306110017001629">
        <ele>532.89</ele>
      </trkpt>
      <trkpt lat="37.57327001541853" lon="13.30617992207408">
        <ele>532.13</ele>
      </trkpt>
      <trkpt lat="37.57321000099182" lon="13.306210013106465">
        <ele>531.45</ele>
      </trkpt>
      <trkpt lat="37.57315996102989" lon="13.306259969249368">
        <ele>530.8</ele>
      </trkpt>
      <trkpt lat="37.57311997935176" lon="13.30630992539227">
        <ele>530.2</ele>
      </trkpt>
      <trkpt lat="37.57308988831937" lon="13.30637002363801">
        <ele>529.65</ele>
      </trkpt>
      <trkpt lat="37.57307999767363" lon="13.306389972567558">
        <ele>529.13</ele>
      </trkpt>
      <trkpt lat="37.5730400159955" lon="13.30647999420762">
        <ele>528.64</ele>
      </trkpt>
      <trkpt lat="37.57301998324692" lon="13.306560041382909">
        <ele>528.2</ele>
      </trkpt>
      <trkpt lat="37.57295988500118" lon="13.30671988427639">
        <ele>527.8</ele>
      </trkpt>
      <trkpt lat="37.57294999435544" lon="13.30675994977355">
        <ele>527.38</ele>
      </trkpt>
      <trkpt lat="37.572919987142086" lon="13.306879978626966">
        <ele>527.03</ele>
      </trkpt>
      <trkpt lat="37.57284991443157" lon="13.307019956409931">
        <ele>526.7</ele>
      </trkpt>
      <trkpt lat="37.57279995828867" lon="13.307109894230962">
        <ele>526.35</ele>
      </trkpt>
      <trkpt lat="37.57275997661054" lon="13.307160018011928">
        <ele>525.94</ele>
      </trkpt>
      <trkpt lat="37.57269996218383" lon="13.30721978098154">
        <ele>525.48</ele>
      </trkpt>
      <trkpt lat="37.57262988947332" lon="13.307290021330118">
        <ele>525.02</ele>
      </trkpt>
      <trkpt lat="37.572599966079" lon="13.307309970259666">
        <ele>524.59</ele>
      </trkpt>
      <trkpt lat="37.57255998440087" lon="13.30733997747302">
        <ele>524.16</ele>
      </trkpt>
      <trkpt lat="37.57245001383126" lon="13.307389933615923">
        <ele>523.69</ele>
      </trkpt>
      <trkpt lat="37.57238999940455" lon="13.307420024648309">
        <ele>523.26</ele>
      </trkpt>
      <trkpt lat="37.57225999608636" lon="13.307449948042631">
        <ele>522.76</ele>
      </trkpt>
      <trkpt lat="37.57215002551675" lon="13.307480039075017">
        <ele>522.33</ele>
      </trkpt>
      <trkpt lat="37.571869902312756" lon="13.307520020753145">
        <ele>521.84</ele>
      </trkpt>
      <trkpt lat="37.5717500410974" lon="13.307569976896048">
        <ele>521.38</ele>
      </trkpt>
      <trkpt lat="37.57170000113547" lon="13.307590009644628">
        <ele>520.93</ele>
      </trkpt>
      <trkpt lat="37.57163998670876" lon="13.307629991322756">
        <ele>520.45</ele>
      </trkpt>
      <trkpt lat="37.57157997228205" lon="13.30768003128469">
        <ele>519.96</ele>
      </trkpt>
      <trkpt lat="37.57153990678489" lon="13.307759994640946">
        <ele>519.51</ele>
      </trkpt>
      <trkpt lat="37.571500008925796" lon="13.307869965210557">
        <ele>519.04</ele>
      </trkpt>
      <trkpt lat="37.57149003446102" lon="13.307879939675331">
        <ele>518.57</ele>
      </trkpt>
      <trkpt lat="37.57140998728573" lon="13.308189986273646">
        <ele>518.12</ele>
      </trkpt>
      <trkpt lat="37.57138995453715" lon="13.308280007913709">
        <ele>517.66</ele>
      </trkpt>
      <trkpt lat="37.57137998007238" lon="13.308340022340417">
        <ele>517.19</ele>
      </trkpt>
      <trkpt lat="37.571349972859025" lon="13.308640010654926">
        <ele>516.68</ele>
      </trkpt>
      <trkpt lat="37.57136003114283" lon="13.308789962902665">
        <ele>516.16</ele>
      </trkpt>
      <trkpt lat="37.57136992178857" lon="13.308869926258922">
        <ele>515.63</ele>
      </trkpt>
      <trkpt lat="37.57137998007238" lon="13.308979896828532">
        <ele>515.08</ele>
      </trkpt>
      <trkpt lat="37.57142004556954" lon="13.30919036641717">
        <ele>514.51</ele>
      </trkpt>
      <trkpt lat="37.57146002724767" lon="13.30939999781549">
        <ele>513.93</ele>
      </trkpt>
      <trkpt lat="37.571500008925796" lon="13.309609964489937">
        <ele>513.4</ele>
      </trkpt>
      <trkpt lat="37.57150998339057" lon="13.30963988788426">
        <ele>512.92</ele>
      </trkpt>
      <trkpt lat="37.57153990678489" lon="13.309820014983416">
        <ele>512.37</ele>
      </trkpt>
      <trkpt lat="37.5715499650687" lon="13.30982998944819">
        <ele>511.9</ele>
      </trkpt>
      <trkpt lat="37.57159003056586" lon="13.30995999276638">
        <ele>511.39</ele>
      </trkpt>
      <trkpt lat="37.5715999212116" lon="13.309989916160703">
        <ele>510.92</ele>
      </trkpt>
      <trkpt lat="37.57163998670876" lon="13.310099970549345">
        <ele>510.41</ele>
      </trkpt>
      <trkpt lat="37.57167996838689" lon="13.310159901157022">
        <ele>509.95</ele>
      </trkpt>
      <trkpt lat="37.5717399828136" lon="13.310210024937987">
        <ele>509.53</ele>
      </trkpt>
      <trkpt lat="37.57179002277553" lon="13.310250006616116">
        <ele>509.12</ele>
      </trkpt>
      <trkpt lat="37.57185003720224" lon="13.31028001382947">
        <ele>508.73</ele>
      </trkpt>
      <trkpt lat="37.57189999334514" lon="13.310289904475212">
        <ele>508.37</ele>
      </trkpt>
      <trkpt lat="37.57193997502327" lon="13.310299962759018">
        <ele>508.01</ele>
      </trkpt>
      <trkpt lat="37.572060003876686" lon="13.310309937223792">
        <ele>507.71</ele>
      </trkpt>
      <trkpt lat="37.57222001440823" lon="13.310340028256178">
        <ele>507.41</ele>
      </trkpt>
      <trkpt lat="37.57225999608636" lon="13.310359977185726">
        <ele>507.07</ele>
      </trkpt>
      <trkpt lat="37.57229997776449" lon="13.31038998439908">
        <ele>506.72</ele>
      </trkpt>
      <trkpt lat="37.57232001051307" lon="13.310409933328629">
        <ele>506.36</ele>
      </trkpt>
      <trkpt lat="37.57233979180455" lon="13.310439940541983">
        <ele>506.0</ele>
      </trkpt>
      <trkpt lat="37.57235001772642" lon="13.310470031574368">
        <ele>505.63</ele>
      </trkpt>
      <trkpt lat="37.57236996665597" lon="13.310510013252497">
        <ele>505.26</ele>
      </trkpt>
      <trkpt lat="37.57236996665597" lon="13.310529878363013">
        <ele>504.89</ele>
      </trkpt>
      <trkpt lat="37.572380024939775" lon="13.310559969395399">
        <ele>504.53</ele>
      </trkpt>
      <trkpt lat="37.57238999940455" lon="13.310609925538301">
        <ele>504.15</ele>
      </trkpt>
      <trkpt lat="37.57238999940455" lon="13.310689888894558">
        <ele>503.75</ele>
      </trkpt>
      <trkpt lat="37.572380024939775" lon="13.31075987778604">
        <ele>503.34</ele>
      </trkpt>
      <trkpt lat="37.57233979180455" lon="13.310960037633777">
        <ele>502.84</ele>
      </trkpt>
      <trkpt lat="37.57232998497784" lon="13.311049975454807">
        <ele>502.41</ele>
      </trkpt>
      <trkpt lat="37.57231003604829" lon="13.311169920489192">
        <ele>502.0</ele>
      </trkpt>
      <trkpt lat="37.57229997776449" lon="13.31129003316164">
        <ele>501.61</ele>
      </trkpt>
      <trkpt lat="37.57231003604829" lon="13.311390029266477">
        <ele>501.26</ele>
      </trkpt>
      <trkpt lat="37.57232998497784" lon="13.31148985773325">
        <ele>500.92</ele>
      </trkpt>
      <trkpt lat="37.57236996665597" lon="13.31156998872757">
        <ele>500.62</ele>
      </trkpt>
      <trkpt lat="37.57243995554745" lon="13.311709882691503">
        <ele>500.33</ele>
      </trkpt>
      <trkpt lat="37.57252989336848" lon="13.311859918758273">
        <ele>500.06</ele>
      </trkpt>
      <trkpt lat="37.572599966079" lon="13.312010038644075">
        <ele>499.76</ele>
      </trkpt>
      <trkpt lat="37.57264003157616" lon="13.312099808827043">
        <ele>499.47</ele>
      </trkpt>
      <trkpt lat="37.57267003878951" lon="13.312169965356588">
        <ele>499.19</ele>
      </trkpt>
      <trkpt lat="37.57267992943525" lon="13.31221992149949">
        <ele>498.92</ele>
      </trkpt>
      <trkpt lat="37.57268998771906" lon="13.31225998699665">
        <ele>498.66</ele>
      </trkpt>
      <trkpt lat="37.57269996218383" lon="13.312289910390973">
        <ele>498.43</ele>
      </trkpt>
      <trkpt lat="37.57271002046764" lon="13.312359983101487">
        <ele>498.17</ele>
      </trkpt>
      <trkpt lat="37.57271991111338" lon="13.31242997199297">
        <ele>497.93</ele>
      </trkpt>
      <trkpt lat="37.57272996939719" lon="13.31258000805974">
        <ele>497.69</ele>
      </trkpt>
      <trkpt lat="37.57275000214577" lon="13.312770025804639">
        <ele>497.48</ele>
      </trkpt>
      <trkpt lat="37.57277003489435" lon="13.312979992479086">
        <ele>497.25</ele>
      </trkpt>
      <trkpt lat="37.57278000935912" lon="13.313039923086762">
        <ele>497.06</ele>
      </trkpt>
      <trkpt lat="37.57278000935912" lon="13.31314000301063">
        <ele>496.86</ele>
      </trkpt>
      <trkpt lat="37.57280984893441" lon="13.313349969685078">
        <ele>496.68</ele>
      </trkpt>
      <trkpt lat="37.57281999103725" lon="13.313449881970882">
        <ele>496.48</ele>
      </trkpt>
      <trkpt lat="37.57281999103725" lon="13.31350989639759">
        <ele>496.29</ele>
      </trkpt>
      <trkpt lat="37.57282988168299" lon="13.313560020178556">
        <ele>496.11</ele>
      </trkpt>
      <trkpt lat="37.57282988168299" lon="13.313639899715781">
        <ele>495.94</ele>
      </trkpt>
      <trkpt lat="37.57284002378583" lon="13.313690023496747">
        <ele>495.78</ele>
      </trkpt>
      <trkpt lat="37.57284991443157" lon="13.313750037923455">
        <ele>495.6</ele>
      </trkpt>
      <trkpt lat="37.57284991443157" lon="13.31378985196352">
        <ele>495.41</ele>
      </trkpt>
      <trkpt lat="37.57284991443157" lon="13.31384995020926">
        <ele>495.2</ele>
      </trkpt>
      <trkpt lat="37.57284991443157" lon="13.313899906352162">
        <ele>494.98</ele>
      </trkpt>
      <trkpt lat="37.57284991443157" lon="13.313919939100742">
        <ele>494.74</ele>
      </trkpt>
      <trkpt lat="37.57284991443157" lon="13.31393988803029">
        <ele>494.47</ele>
      </trkpt>
      <trkpt lat="37.57284002378583" lon="13.313969979062676">
        <ele>494.18</ele>
      </trkpt>
      <trkpt lat="37.57282988168299" lon="13.313990011811256">
        <ele>493.86</ele>
      </trkpt>
      <trkpt lat="37.57282988168299" lon="13.31399998627603">
        <ele>493.53</ele>
      </trkpt>
      <trkpt lat="37.57282988168299" lon="13.314009876921773">
        <ele>493.18</ele>
      </trkpt>
      <trkpt lat="37.57281999103725" lon="13.31402001902461">
        <ele>492.78</ele>
      </trkpt>
      <trkpt lat="37.57280984893441" lon="13.31402001902461">
        <ele>492.37</ele>
      </trkpt>
      <trkpt lat="37.57279995828867" lon="13.314039967954159">
        <ele>491.91</ele>
      </trkpt>
      <trkpt lat="37.572789983823895" lon="13.314039967954159">
        <ele>491.43</ele>
      </trkpt>
      <trkpt lat="37.57278000935912" lon="13.314049942418933">
        <ele>490.93</ele>
      </trkpt>
      <trkpt lat="37.57277003489435" lon="13.314060000702739">
        <ele>490.39</ele>
      </trkpt>
      <trkpt lat="37.57275997661054" lon="13.31406980752945">
        <ele>489.82</ele>
      </trkpt>
      <trkpt lat="37.57274002768099" lon="13.31406980752945">
        <ele>489.21</ele>
      </trkpt>
      <trkpt lat="37.57271991111338" lon="13.31406980752945">
        <ele>488.57</ele>
      </trkpt>
      <trkpt lat="37.57269996218383" lon="13.31406980752945">
        <ele>487.9</ele>
      </trkpt>
      <trkpt lat="37.57265989668667" lon="13.314080033451319">
        <ele>487.18</ele>
      </trkpt>
      <trkpt lat="37.57267003878951" lon="13.314250018447638">
        <ele>486.48</ele>
      </trkpt>
      <trkpt lat="37.57267003878951" lon="13.314310032874346">
        <ele>485.74</ele>
      </trkpt>
      <trkpt lat="37.57267003878951" lon="13.314440036192536">
        <ele>484.97</ele>
      </trkpt>
      <trkpt lat="37.57265989668667" lon="13.31464002840221">
        <ele>484.13</ele>
      </trkpt>
      <trkpt lat="37.57267003878951" lon="13.3147700317204">
        <ele>483.3</ele>
      </trkpt>
      <trkpt lat="37.57267003878951" lon="13.314870027825236">
        <ele>482.47</ele>
      </trkpt>
      <trkpt lat="37.57267003878951" lon="13.314959881827235">
        <ele>481.63</ele>
      </trkpt>
      <trkpt lat="37.57267992943525" lon="13.315040012821555">
        <ele>480.79</ele>
      </trkpt>
      <trkpt lat="37.57268998771906" lon="13.315110001713037">
        <ele>479.94</ele>
      </trkpt>
      <trkpt lat="37.57269996218383" lon="13.315149815753102">
        <ele>479.11</ele>
      </trkpt>
      <trkpt lat="37.57271002046764" lon="13.315209913998842">
        <ele>478.28</ele>
      </trkpt>
      <trkpt lat="37.57271002046764" lon="13.315279986709356">
        <ele>477.44</ele>
      </trkpt>
      <trkpt lat="37.57271002046764" lon="13.315319884568453">
        <ele>476.61</ele>
      </trkpt>
      <trkpt lat="37.57269996218383" lon="13.315370008349419">
        <ele>475.77</ele>
      </trkpt>
      <trkpt lat="37.57268998771906" lon="13.315399931743741">
        <ele>474.95</ele>
      </trkpt>
      <trkpt lat="37.57265989668667" lon="13.31547997891903">
        <ele>474.12</ele>
      </trkpt>
      <trkpt lat="37.572599966079" lon="13.3156300149858">
        <ele>473.28</ele>
      </trkpt>
      <trkpt lat="37.57258001714945" lon="13.315669996663928">
        <ele>472.49</ele>
      </trkpt>
      <trkpt lat="37.57252000272274" lon="13.315809890627861">
        <ele>471.67</ele>
      </trkpt>
      <trkpt lat="37.572510028257966" lon="13.315839981660247">
        <ele>470.95</ele>
      </trkpt>
      <trkpt lat="37.57248002104461" lon="13.31590997055173">
        <ele>470.23</ele>
      </trkpt>
      <trkpt lat="37.57245001383126" lon="13.316029999405146">
        <ele>469.51</ele>
      </trkpt>
      <trkpt lat="37.57241992279887" lon="13.316139969974756">
        <ele>468.85</ele>
      </trkpt>
      <trkpt lat="37.57241003215313" lon="13.316219933331013">
        <ele>468.28</ele>
      </trkpt>
      <trkpt lat="37.57241003215313" lon="13.316269973292947">
        <ele>467.76</ele>
      </trkpt>
      <trkpt lat="37.57239989005029" lon="13.316269973292947">
        <ele>467.29</ele>
      </trkpt>
      <trkpt lat="37.57239989005029" lon="13.316279947757721">
        <ele>466.89</ele>
      </trkpt>
      <trkpt lat="37.57239989005029" lon="13.316329987719655">
        <ele>466.52</ele>
      </trkpt>
      <trkpt lat="37.57239989005029" lon="13.316389918327332">
        <ele>466.21</ele>
      </trkpt>
      <trkpt lat="37.57239989005029" lon="13.316480023786426">
        <ele>465.95</ele>
      </trkpt>
      <trkpt lat="37.57239989005029" lon="13.3164899982512">
        <ele>465.75</ele>
      </trkpt>
      <trkpt lat="37.57241003215313" lon="13.31655990332365">
        <ele>465.61</ele>
      </trkpt>
      <trkpt lat="37.57242998108268" lon="13.31664003431797">
        <ele>465.54</ele>
      </trkpt>
      <trkpt lat="37.57245998829603" lon="13.316759979352355">
        <ele>465.52</ele>
      </trkpt>
      <trkpt lat="37.572510028257966" lon="13.3169199898839">
        <ele>465.58</ele>
      </trkpt>
      <trkpt lat="37.57261999882758" lon="13.317229952663183">
        <ele>465.74</ele>
      </trkpt>
      <trkpt lat="37.57274002768099" lon="13.317560032010078">
        <ele>465.79</ele>
      </trkpt>
      <trkpt lat="37.57280984893441" lon="13.317749965935946">
        <ele>465.89</ele>
      </trkpt>
      <trkpt lat="37.57284991443157" lon="13.31788994371891">
        <ele>466.02</ele>
      </trkpt>
      <trkpt lat="37.57286994718015" lon="13.317959932610393">
        <ele>466.19</ele>
      </trkpt>
      <trkpt lat="37.57288997992873" lon="13.318050038069487">
        <ele>466.39</ele>
      </trkpt>
      <trkpt lat="37.57291001267731" lon="13.318109884858131">
        <ele>466.63</ele>
      </trkpt>
      <trkpt lat="37.57292996160686" lon="13.318180041387677">
        <ele>466.9</ele>
      </trkpt>
      <trkpt lat="37.57292996160686" lon="13.31818993203342">
        <ele>467.18</ele>
      </trkpt>
      <trkpt lat="37.57299995049834" lon="13.318389924243093">
        <ele>467.51</ele>
      </trkpt>
      <trkpt lat="37.57301998324692" lon="13.318479778245091">
        <ele>467.84</ele>
      </trkpt>
      <trkpt lat="37.5730400159955" lon="13.318550018593669">
        <ele>468.17</ele>
      </trkpt>
      <trkpt lat="37.57304999046028" lon="13.318610033020377">
        <ele>468.53</ele>
      </trkpt>
      <trkpt lat="37.57305996492505" lon="13.318689912557602">
        <ele>468.9</ele>
      </trkpt>
      <trkpt lat="37.57305996492505" lon="13.318759985268116">
        <ele>469.27</ele>
      </trkpt>
      <trkpt lat="37.57307002320886" lon="13.318870039656758">
        <ele>469.66</ele>
      </trkpt>
      <trkpt lat="37.57307002320886" lon="13.31894002854824">
        <ele>470.02</ele>
      </trkpt>
      <trkpt lat="37.57305996492505" lon="13.318980010226369">
        <ele>470.36</ele>
      </trkpt>
      <trkpt lat="37.57304999046028" lon="13.31904991529882">
        <ele>470.71</ele>
      </trkpt>
      <trkpt lat="37.5730400159955" lon="13.319119904190302">
        <ele>471.05</ele>
      </trkpt>
      <trkpt lat="37.57300992496312" lon="13.31917991861701">
        <ele>471.34</ele>
      </trkpt>
      <trkpt lat="37.57299995049834" lon="13.31921998411417">
        <ele>471.64</ele>
      </trkpt>
      <trkpt lat="37.57298997603357" lon="13.319249907508492">
        <ele>471.93</ele>
      </trkpt>
      <trkpt lat="37.572940019890666" lon="13.319359878078103">
        <ele>472.18</ele>
      </trkpt>
      <trkpt lat="37.57291001267731" lon="13.319430034607649">
        <ele>472.43</ele>
      </trkpt>
      <trkpt lat="37.57288997992873" lon="13.319459958001971">
        <ele>472.67</ele>
      </trkpt>
      <trkpt lat="37.57285997271538" lon="13.31951997242868">
        <ele>472.88</ele>
      </trkpt>
      <trkpt lat="37.57282988168299" lon="13.319569928571582">
        <ele>473.07</ele>
      </trkpt>
      <trkpt lat="37.57280984893441" lon="13.31960991024971">
        <ele>473.25</ele>
      </trkpt>
      <trkpt lat="37.57279995828867" lon="13.319660034030676">
        <ele>473.42</ele>
      </trkpt>
      <trkpt lat="37.572789983823895" lon="13.31969004124403">
        <ele>473.56</ele>
      </trkpt>
      <trkpt lat="37.57278000935912" lon="13.3197399135679">
        <ele>473.69</ele>
      </trkpt>
      <trkpt lat="37.57278000935912" lon="13.31975994631648">
        <ele>473.8</ele>
      </trkpt>
      <trkpt lat="37.57278000935912" lon="13.319809902459383">
        <ele>473.89</ele>
      </trkpt>
      <trkpt lat="37.572789983823895" lon="13.319879975169897">
        <ele>473.96</ele>
      </trkpt>
      <trkpt lat="37.57279995828867" lon="13.31994996406138">
        <ele>474.01</ele>
      </trkpt>
      <trkpt lat="37.57280984893441" lon="13.31999002955854">
        <ele>474.02</ele>
      </trkpt>
      <trkpt lat="37.57281999103725" lon="13.320019952952862">
        <ele>474.01</ele>
      </trkpt>
      <trkpt lat="37.57284002378583" lon="13.32007996737957">
        <ele>473.96</ele>
      </trkpt>
      <trkpt lat="37.57286994718015" lon="13.320129923522472">
        <ele>473.9</ele>
      </trkpt>
      <trkpt lat="37.57286994718015" lon="13.320139981806278">
        <ele>473.82</ele>
      </trkpt>
      <trkpt lat="37.57290003821254" lon="13.32018993794918">
        <ele>473.7</ele>
      </trkpt>
      <trkpt lat="37.5730400159955" lon="13.32039998844266">
        <ele>473.55</ele>
      </trkpt>
      <trkpt lat="37.57320002652705" lon="13.320610038936138">
        <ele>473.44</ele>
      </trkpt>
      <trkpt lat="37.573240008205175" lon="13.32065999507904">
        <ele>473.26</ele>
      </trkpt>
      <trkpt lat="37.57334000431001" lon="13.32080994732678">
        <ele>473.09</ele>
      </trkpt>
      <trkpt lat="37.57340990938246" lon="13.32089988514781">
        <ele>472.85</ele>
      </trkpt>
      <trkpt lat="37.57344000041485" lon="13.32093995064497">
        <ele>472.55</ele>
      </trkpt>
      <trkpt lat="37.57353002205491" lon="13.321059811860323">
        <ele>472.23</ele>
      </trkpt>
      <trkpt lat="37.57355994544923" lon="13.321099877357483">
        <ele>471.88</ele>
      </trkpt>
      <trkpt lat="37.57370000705123" lon="13.32130003720522">
        <ele>471.47</ele>
      </trkpt>
      <trkpt lat="37.57376002147794" lon="13.321400033310056">
        <ele>471.01</ele>
      </trkpt>
      <trkpt lat="37.57393998093903" lon="13.3216498978436">
        <ele>470.43</ele>
      </trkpt>
      <trkpt lat="37.574039893224835" lon="13.321789959445596">
        <ele>469.88</ele>
      </trkpt>
      <trkpt lat="37.57406000979245" lon="13.32181996665895">
        <ele>469.36</ele>
      </trkpt>
      <trkpt lat="37.57423996925354" lon="13.32209992222488">
        <ele>468.71</ele>
      </trkpt>
      <trkpt lat="37.57432001642883" lon="13.322220034897327">
        <ele>468.14</ele>
      </trkpt>
      <trkpt lat="37.57436997257173" lon="13.322309972718358">
        <ele>467.56</ele>
      </trkpt>
      <trkpt lat="37.57441003806889" lon="13.32239999435842">
        <ele>466.95</ele>
      </trkpt>
      <trkpt lat="37.57445999421179" lon="13.322560004889965">
        <ele>466.33</ele>
      </trkpt>
      <trkpt lat="37.57445999421179" lon="13.32256997935474">
        <ele>465.71</ele>
      </trkpt>
      <trkpt lat="37.57448002696037" lon="13.322650026530027">
        <ele>465.08</ele>
      </trkpt>
      <trkpt lat="37.57449997588992" lon="13.32276988774538">
        <ele>464.43</ele>
      </trkpt>
      <trkpt lat="37.57454004138708" lon="13.323049927130342">
        <ele>463.75</ele>
      </trkpt>
      <trkpt lat="37.57458002306521" lon="13.323179930448532">
        <ele>463.07</ele>
      </trkpt>
      <trkpt lat="37.57462997920811" lon="13.323340024799109">
        <ele>462.37</ele>
      </trkpt>
      <trkpt lat="37.574659986421466" lon="13.32342996262014">
        <ele>461.66</ele>
      </trkpt>
      <trkpt lat="37.57471991702914" lon="13.32360003143549">
        <ele>460.95</ele>
      </trkpt>
      <trkpt lat="37.57478998973966" lon="13.323809998109937">
        <ele>460.21</ele>
      </trkpt>
      <trkpt lat="37.57484002970159" lon="13.32394989207387">
        <ele>459.5</ele>
      </trkpt>
      <trkpt lat="37.57486995309591" lon="13.324070004746318">
        <ele>458.75</ele>
      </trkpt>
      <trkpt lat="37.57489996030927" lon="13.32420989871025">
        <ele>458.0</ele>
      </trkpt>
      <trkpt lat="37.57491999305785" lon="13.324359934777021">
        <ele>457.24</ele>
      </trkpt>
      <trkpt lat="37.57492996752262" lon="13.324439898133278">
        <ele>456.5</ele>
      </trkpt>
      <trkpt lat="37.57494002580643" lon="13.324520029127598">
        <ele>455.76</ele>
      </trkpt>
      <trkpt lat="37.5749500002712" lon="13.324619941413403">
        <ele>455.02</ele>
      </trkpt>
      <trkpt lat="37.574959974735975" lon="13.324690014123917">
        <ele>454.29</ele>
      </trkpt>
      <trkpt lat="37.57497003301978" lon="13.324729911983013">
        <ele>453.57</ele>
      </trkpt>
      <trkpt lat="37.57497003301978" lon="13.324739970266819">
        <ele>452.86</ele>
      </trkpt>
      <trkpt lat="37.57498998194933" lon="13.32480987533927">
        <ele>452.15</ele>
      </trkpt>
      <trkpt lat="37.57501001469791" lon="13.32486997358501">
        <ele>451.44</ele>
      </trkpt>
      <trkpt lat="37.57504002191126" lon="13.324969969689846">
        <ele>450.74</ele>
      </trkpt>
      <trkpt lat="37.57508000358939" lon="13.32502000965178">
        <ele>450.06</ele>
      </trkpt>
      <trkpt lat="37.57514990866184" lon="13.325120005756617">
        <ele>449.39</ele>
      </trkpt>
      <trkpt lat="37.57521000690758" lon="13.325189910829067">
        <ele>448.74</ele>
      </trkpt>
      <trkpt lat="37.57531000301242" lon="13.325270041823387">
        <ele>448.08</ele>
      </trkpt>
      <trkpt lat="37.57544000633061" lon="13.325369954109192">
        <ele>447.41</ele>
      </trkpt>
      <trkpt lat="37.57566003128886" lon="13.325549997389317">
        <ele>446.7</ele>
      </trkpt>
      <trkpt lat="37.575839990749955" lon="13.325680000707507">
        <ele>446.02</ele>
      </trkpt>
      <trkpt lat="37.5760000012815" lon="13.325759880244732">
        <ele>445.41</ele>
      </trkpt>
      <trkpt lat="37.57622002623975" lon="13.325870018452406">
        <ele>444.82</ele>
      </trkpt>
      <trkpt lat="37.57636000402272" lon="13.32594989798963">
        <ele>444.28</ele>
      </trkpt>
      <trkpt lat="37.57646997459233" lon="13.32600999623537">
        <ele>443.78</ele>
      </trkpt>
      <trkpt lat="37.57649000734091" lon="13.32603002898395">
        <ele>443.33</ele>
      </trkpt>
      <trkpt lat="37.57668002508581" lon="13.32613991573453">
        <ele>442.89</ele>
      </trkpt>
      <trkpt lat="37.57682000286877" lon="13.326239995658398">
        <ele>442.5</ele>
      </trkpt>
      <trkpt lat="37.57688001729548" lon="13.326300010085106">
        <ele>442.13</ele>
      </trkpt>
      <trkpt lat="37.57699987851083" lon="13.32643998786807">
        <ele>441.78</ele>
      </trkpt>
      <trkpt lat="37.57705997675657" lon="13.326509892940521">
        <ele>441.45</ele>
      </trkpt>
      <trkpt lat="37.57708000950515" lon="13.32654987461865">
        <ele>441.14</ele>
      </trkpt>
      <trkpt lat="37.57715997286141" lon="13.326659929007292">
        <ele>440.85</ele>
      </trkpt>
      <trkpt lat="37.577170031145215" lon="13.326690020039678">
        <ele>440.59</ele>
      </trkpt>
      <trkpt lat="37.57727002725005" lon="13.326879786327481">
        <ele>440.35</ele>
      </trkpt>
      <trkpt lat="37.577280001714826" lon="13.326899902895093">
        <ele>440.12</ele>
      </trkpt>
      <trkpt lat="37.57744001224637" lon="13.327239956706762">
        <ele>439.92</ele>
      </trkpt>
      <trkpt lat="37.57744990289211" lon="13.327269963920116">
        <ele>439.71</ele>
      </trkpt>
      <trkpt lat="37.57751997560263" lon="13.327440032735467">
        <ele>439.52</ele>
      </trkpt>
      <trkpt lat="37.57761997170746" lon="13.327669948339462">
        <ele>439.31</ele>
      </trkpt>
      <trkpt lat="37.577709993347526" lon="13.327870024368167">
        <ele>439.1</ele>
      </trkpt>
      <trkpt lat="37.577730026096106" lon="13.32794001325965">
        <ele>438.87</ele>
      </trkpt>
      <trkpt lat="37.57780001498759" lon="13.328109998255968">
        <ele>438.64</ele>
      </trkpt>
      <trkpt lat="37.57783002220094" lon="13.32820001989603">
        <ele>438.4</ele>
      </trkpt>
      <trkpt lat="37.57784997113049" lon="13.328279983252287">
        <ele>438.13</ele>
      </trkpt>
      <trkpt lat="37.57787000387907" lon="13.3284399099648">
        <ele>437.83</ele>
      </trkpt>
      <trkpt lat="37.57787989452481" lon="13.328669993206859">
        <ele>437.48</ele>
      </trkpt>
      <trkpt lat="37.57788986898959" lon="13.328750040382147">
        <ele>437.14</ele>
      </trkpt>
      <trkpt lat="37.57788986898959" lon="13.32884986884892">
        <ele>436.77</ele>
      </trkpt>
      <trkpt lat="37.57791493088007" lon="13.32906536757946">
        <ele>436.35</ele>
      </trkpt>
      <trkpt lat="37.57793999277055" lon="13.329279944300652">
        <ele>435.91</ele>
      </trkpt>
      <trkpt lat="37.57796999998391" lon="13.32944992929697">
        <ele>435.45</ele>
      </trkpt>
      <trkpt lat="37.57799003273249" lon="13.329569958150387">
        <ele>434.96</ele>
      </trkpt>
      <trkpt lat="37.57800000719726" lon="13.329629972577095">
        <ele>434.46</ele>
      </trkpt>
      <trkpt lat="37.578009897843" lon="13.329650005325675">
        <ele>433.96</ele>
      </trkpt>
      <trkpt lat="37.57804996334016" lon="13.329780008643866">
        <ele>433.39</ele>
      </trkpt>
      <trkpt lat="37.57806991226971" lon="13.329829964786768">
        <ele>432.81</ele>
      </trkpt>
      <trkpt lat="37.57812003605068" lon="13.329949909821153">
        <ele>432.19</ele>
      </trkpt>
      <trkpt lat="37.57817988283932" lon="13.330059880390763">
        <ele>431.56</ele>
      </trkpt>
      <trkpt lat="37.57823000662029" lon="13.330139927566051">
        <ele>430.91</ele>
      </trkpt>
      <trkpt lat="37.57827996276319" lon="13.33019994199276">
        <ele>430.23</ele>
      </trkpt>
      <trkpt lat="37.57834995165467" lon="13.330279989168048">
        <ele>429.52</ele>
      </trkpt>
      <trkpt lat="37.57842002436519" lon="13.33034997805953">
        <ele>428.76</ele>
      </trkpt>
      <trkpt lat="37.57842002436519" lon="13.330360036343336">
        <ele>427.98</ele>
      </trkpt>
      <trkpt lat="37.57849998772144" lon="13.33045994862914">
        <ele>427.16</ele>
      </trkpt>
      <trkpt lat="37.57853988558054" lon="13.330519963055849">
        <ele>426.31</ele>
      </trkpt>
      <trkpt lat="37.57860987447202" lon="13.330600010231137">
        <ele>425.42</ele>
      </trkpt>
      <trkpt lat="37.57865999825299" lon="13.3306900318712">
        <ele>424.49</ele>
      </trkpt>
      <trkpt lat="37.57868003100157" lon="13.330730013549328">
        <ele>423.56</ele>
      </trkpt>
      <trkpt lat="37.57875991053879" lon="13.330879965797067">
        <ele>422.56</ele>
      </trkpt>
      <trkpt lat="37.57885999046266" lon="13.331129914149642">
        <ele>421.5</ele>
      </trkpt>
      <trkpt lat="37.57891992107034" lon="13.331279950216413">
        <ele>420.45</ele>
      </trkpt>
      <trkpt lat="37.57895001210272" lon="13.33138003014028">
        <ele>419.43</ele>
      </trkpt>
      <trkpt lat="37.57907993160188" lon="13.331689909100533">
        <ele>418.32</ele>
      </trkpt>
      <trkpt lat="37.57915997877717" lon="13.33189987577498">
        <ele>417.22</ele>
      </trkpt>
      <trkpt lat="37.57922996766865" lon="13.332100035622716">
        <ele>416.11</ele>
      </trkpt>
      <trkpt lat="37.57924002595246" lon="13.332129959017038">
        <ele>415.09</ele>
      </trkpt>
      <trkpt lat="37.57928000763059" lon="13.332229787483811">
        <ele>414.04</ele>
      </trkpt>
      <trkpt lat="37.57933993823826" lon="13.332379991188645">
        <ele>413.0</ele>
      </trkpt>
      <trkpt lat="37.579389894381166" lon="13.332470012828708">
        <ele>412.0</ele>
      </trkpt>
      <trkpt lat="37.579429959878325" lon="13.332530027255416">
        <ele>411.01</ele>
      </trkpt>
      <trkpt lat="37.579470025375485" lon="13.332569925114512">
        <ele>410.04</ele>
      </trkpt>
      <trkpt lat="37.57950003258884" lon="13.332600016146898">
        <ele>409.07</ele>
      </trkpt>
      <trkpt lat="37.57954998873174" lon="13.33262993954122">
        <ele>408.12</ele>
      </trkpt>
      <trkpt lat="37.57956993766129" lon="13.332639997825027">
        <ele>407.19</ele>
      </trkpt>
      <trkpt lat="37.57961989380419" lon="13.33267000503838">
        <ele>406.28</ele>
      </trkpt>
      <trkpt lat="37.57968996651471" lon="13.332699928432703">
        <ele>405.38</ele>
      </trkpt>
      <trkpt lat="37.57974989712238" lon="13.332730019465089">
        <ele>404.5</ele>
      </trkpt>
      <trkpt lat="37.57990471087396" lon="13.33277989178896">
        <ele>403.49</ele>
      </trkpt>
      <trkpt lat="37.58006002753973" lon="13.332830015569925">
        <ele>402.53</ele>
      </trkpt>
      <trkpt lat="37.580309975892305" lon="13.332889946177602">
        <ele>401.68</ele>
      </trkpt>
      <trkpt lat="37.580439979210496" lon="13.33292992785573">
        <ele>400.9</ele>
      </trkpt>
      <trkpt lat="37.58059001527727" lon="13.3329798001796">
        <ele>400.13</ele>
      </trkpt>
      <trkpt lat="37.58066000416875" lon="13.332999916747212">
        <ele>399.41</ele>
      </trkpt>
      <trkpt lat="37.58072999306023" lon="13.333019949495792">
        <ele>398.72</ele>
      </trkpt>
      <trkpt lat="37.580780033022165" lon="13.333050040528178">
        <ele>398.06</ele>
      </trkpt>
      <trkpt lat="37.58083996362984" lon="13.333069989457726">
        <ele>397.42</ele>
      </trkpt>
      <trkpt lat="37.580869970843196" lon="13.333090022206306">
        <ele>396.81</ele>
      </trkpt>
      <trkpt lat="37.58088983595371" lon="13.333119861781597">
        <ele>396.22</ele>
      </trkpt>
      <trkpt lat="37.580910036340356" lon="13.333139978349209">
        <ele>395.65</ele>
      </trkpt>
      <trkpt lat="37.58092001080513" lon="13.333149952813983">
        <ele>395.1</ele>
      </trkpt>
      <trkpt lat="37.58092990145087" lon="13.333160011097789">
        <ele>394.56</ele>
      </trkpt>
      <trkpt lat="37.58094993419945" lon="13.333199992775917">
        <ele>394.04</ele>
      </trkpt>
      <trkpt lat="37.58095999248326" lon="13.333239974454045">
        <ele>393.52</ele>
      </trkpt>
      <trkpt lat="37.58096996694803" lon="13.333280039951205">
        <ele>393.02</ele>
      </trkpt>
      <trkpt lat="37.58097994141281" lon="13.333309963345528">
        <ele>392.54</ele>
      </trkpt>
      <trkpt lat="37.58097994141281" lon="13.333350028842688">
        <ele>392.05</ele>
      </trkpt>
      <trkpt lat="37.58097994141281" lon="13.33337995223701">
        <ele>391.58</ele>
      </trkpt>
      <trkpt lat="37.58096996694803" lon="13.333409875631332">
        <ele>391.11</ele>
      </trkpt>
      <trkpt lat="37.58096996694803" lon="13.33344985730946">
        <ele>390.64</ele>
      </trkpt>
      <trkpt lat="37.58095999248326" lon="13.333499981090426">
        <ele>390.16</ele>
      </trkpt>
      <trkpt lat="37.58093995973468" lon="13.33355002105236">
        <ele>389.68</ele>
      </trkpt>
      <trkpt lat="37.58092001080513" lon="13.333610035479069">
        <ele>389.21</ele>
      </trkpt>
      <trkpt lat="37.58088983595371" lon="13.333689998835325">
        <ele>388.73</ele>
      </trkpt>
      <trkpt lat="37.58085002191365" lon="13.33376987837255">
        <ele>388.25</ele>
      </trkpt>
      <trkpt lat="37.58083996362984" lon="13.333780020475388">
        <ele>387.79</ele>
      </trkpt>
      <trkpt lat="37.58081004023552" lon="13.33385000936687">
        <ele>387.31</ele>
      </trkpt>
      <trkpt lat="37.58076997473836" lon="13.333929972723126">
        <ele>386.83</ele>
      </trkpt>
      <trkpt lat="37.580739967525005" lon="13.333999961614609">
        <ele>386.35</ele>
      </trkpt>
      <trkpt lat="37.58070996031165" lon="13.33408989943564">
        <ele>385.87</ele>
      </trkpt>
      <trkpt lat="37.58069998584688" lon="13.33417003042996">
        <ele>385.4</ele>
      </trkpt>
      <trkpt lat="37.58069998584688" lon="13.334179921075702">
        <ele>384.94</ele>
      </trkpt>
      <trkpt lat="37.58069998584688" lon="13.33428000099957">
        <ele>384.47</ele>
      </trkpt>
      <trkpt lat="37.58069998584688" lon="13.33441000431776">
        <ele>383.98</ele>
      </trkpt>
      <trkpt lat="37.58069998584688" lon="13.334629945456982">
        <ele>383.46</ele>
      </trkpt>
      <trkpt lat="37.58069998584688" lon="13.33470999263227">
        <ele>382.97</ele>
      </trkpt>
      <trkpt lat="37.58070996031165" lon="13.334919959306717">
        <ele>382.44</ele>
      </trkpt>
      <trkpt lat="37.58072001859546" lon="13.335089776664972">
        <ele>381.9</ele>
      </trkpt>
      <trkpt lat="37.58072001859546" lon="13.335149874910712">
        <ele>381.42</ele>
      </trkpt>
      <trkpt lat="37.58072001859546" lon="13.33520988933742">
        <ele>380.93</ele>
      </trkpt>
      <trkpt lat="37.580739967525005" lon="13.335330002009869">
        <ele>380.44</ele>
      </trkpt>
      <trkpt lat="37.58076997473836" lon="13.33546000532806">
        <ele>379.95</ele>
      </trkpt>
      <trkpt lat="37.58082001470029" lon="13.335619932040572">
        <ele>379.47</ele>
      </trkpt>
      <trkpt lat="37.580869970843196" lon="13.335759993642569">
        <ele>379.0</ele>
      </trkpt>
      <trkpt lat="37.58089997805655" lon="13.335839789360762">
        <ele>378.54</ele>
      </trkpt>
      <trkpt lat="37.58097994141281" lon="13.33602980710566">
        <ele>378.1</ele>
      </trkpt>
      <trkpt lat="37.58104003965855" lon="13.336169868707657">
        <ele>377.64</ele>
      </trkpt>
      <trkpt lat="37.58109997026622" lon="13.336329879239202">
        <ele>377.18</ele>
      </trkpt>
      <trkpt lat="37.58112997747958" lon="13.33640992641449">
        <ele>376.73</ele>
      </trkpt>
      <trkpt lat="37.58119996637106" lon="13.336570020765066">
        <ele>376.26</ele>
      </trkpt>
      <trkpt lat="37.581210024654865" lon="13.336609918624163">
        <ele>375.82</ele>
      </trkpt>
      <trkpt lat="37.58137003518641" lon="13.336929939687252">
        <ele>375.27</ele>
      </trkpt>
      <trkpt lat="37.58145997300744" lon="13.33709992468357">
        <ele>374.79</ele>
      </trkpt>
      <trkpt lat="37.58157002739608" lon="13.33728994242847">
        <ele>374.36</ele>
      </trkpt>
      <trkpt lat="37.58161000907421" lon="13.337359931319952">
        <ele>373.99</ele>
      </trkpt>
      <trkpt lat="37.58165996521711" lon="13.33741994574666">
        <ele>373.64</ele>
      </trkpt>
      <trkpt lat="37.58171000517905" lon="13.337479960173368">
        <ele>373.29</ele>
      </trkpt>
      <trkpt lat="37.581749986857176" lon="13.337520025670528">
        <ele>372.96</ele>
      </trkpt>
      <trkpt lat="37.581770019605756" lon="13.33752991631627">
        <ele>372.66</ele>
      </trkpt>
      <trkpt lat="37.58178988471627" lon="13.337539974600077">
        <ele>372.38</ele>
      </trkpt>
      <trkpt lat="37.58180002681911" lon="13.337539974600077">
        <ele>372.13</ele>
      </trkpt>
      <trkpt lat="37.58181997574866" lon="13.337539974600077">
        <ele>371.89</ele>
      </trkpt>
      <trkpt lat="37.58184000849724" lon="13.33754994906485">
        <ele>371.66</ele>
      </trkpt>
      <trkpt lat="37.58186004124582" lon="13.33754994906485">
        <ele>371.46</ele>
      </trkpt>
      <trkpt lat="37.58188996464014" lon="13.33754994906485">
        <ele>371.27</ele>
      </trkpt>
      <trkpt lat="37.58190999738872" lon="13.337539974600077">
        <ele>371.1</ele>
      </trkpt>
      <trkpt lat="37.5819300301373" lon="13.33752991631627">
        <ele>370.94</ele>
      </trkpt>
      <trkpt lat="37.58195995353162" lon="13.33750988356769">
        <ele>370.79</ele>
      </trkpt>
      <trkpt lat="37.58198996074498" lon="13.337489934638143">
        <ele>370.63</ele>
      </trkpt>
      <trkpt lat="37.582009909674525" lon="13.337469901889563">
        <ele>370.49</ele>
      </trkpt>
      <trkpt lat="37.58203002624214" lon="13.33746001124382">
        <ele>370.34</ele>
      </trkpt>
      <trkpt lat="37.58206003345549" lon="13.33741994574666">
        <ele>370.2</ele>
      </trkpt>
      <trkpt lat="37.58209993131459" lon="13.337389938533306">
        <ele>370.05</ele>
      </trkpt>
      <trkpt lat="37.58213999681175" lon="13.33735004067421">
        <ele>369.9</ele>
      </trkpt>
      <trkpt lat="37.58214997127652" lon="13.33733000792563">
        <ele>369.77</ele>
      </trkpt>
      <trkpt lat="37.58221987634897" lon="13.33726990967989">
        <ele>369.61</ele>
      </trkpt>
      <trkpt lat="37.58233998902142" lon="13.337179971858859">
        <ele>369.43</ele>
      </trkpt>
      <trkpt lat="37.58247988298535" lon="13.33707989193499">
        <ele>369.27</ele>
      </trkpt>
      <trkpt lat="37.5825999956578" lon="13.337019877508283">
        <ele>369.07</ele>
      </trkpt>
      <trkpt lat="37.582739973440766" lon="13.336919881403446">
        <ele>368.88</ele>
      </trkpt>
      <trkpt lat="37.582780038937926" lon="13.336890041828156">
        <ele>368.63</ele>
      </trkpt>
      <trkpt lat="37.58282999508083" lon="13.33685995079577">
        <ele>368.36</ele>
      </trkpt>
      <trkpt lat="37.58294994011521" lon="13.336809994652867">
        <ele>368.04</ele>
      </trkpt>
      <trkpt lat="37.5830299872905" lon="13.33677981980145">
        <ele>367.67</ele>
      </trkpt>
      <trkpt lat="37.58309000171721" lon="13.336770012974739">
        <ele>367.24</ele>
      </trkpt>
      <trkpt lat="37.58313995786011" lon="13.336759954690933">
        <ele>366.8</ele>
      </trkpt>
      <trkpt lat="37.58318002335727" lon="13.336749980226159">
        <ele>366.31</ele>
      </trkpt>
      <trkpt lat="37.583210030570626" lon="13.336759954690933">
        <ele>365.78</ele>
      </trkpt>
      <trkpt lat="37.58324003778398" lon="13.336759954690933">
        <ele>365.2</ele>
      </trkpt>
      <trkpt lat="37.5832699611783" lon="13.33677981980145">
        <ele>364.56</ele>
      </trkpt>
      <trkpt lat="37.58328999392688" lon="13.336789961904287">
        <ele>363.89</ele>
      </trkpt>
      <trkpt lat="37.58332000114024" lon="13.336809994652867">
        <ele>363.16</ele>
      </trkpt>
      <trkpt lat="37.583359982818365" lon="13.336849976330996">
        <ele>362.36</ele>
      </trkpt>
      <trkpt lat="37.58341991342604" lon="13.33690001629293">
        <ele>361.53</ele>
      </trkpt>
      <trkpt lat="37.583489986136556" lon="13.33696992136538">
        <ele>360.64</ele>
      </trkpt>
      <trkpt lat="37.58356994949281" lon="13.337070001289248">
        <ele>359.69</ele>
      </trkpt>
      <trkpt lat="37.58356994949281" lon="13.33707989193499">
        <ele>358.76</ele>
      </trkpt>
      <trkpt lat="37.5835997890681" lon="13.33711995743215">
        <ele>357.77</ele>
      </trkpt>
      <trkpt lat="37.58367002941668" lon="13.337229928001761">
        <ele>356.73</ele>
      </trkpt>
      <trkpt lat="37.58371001109481" lon="13.33733000792563">
        <ele>355.66</ele>
      </trkpt>
      <trkpt lat="37.58374001830816" lon="13.33739991299808">
        <ele>354.57</ele>
      </trkpt>
      <trkpt lat="37.58375996723771" lon="13.33743997849524">
        <ele>353.45</ele>
      </trkpt>
      <trkpt lat="37.58377002552152" lon="13.33746001124382">
        <ele>352.32</ele>
      </trkpt>
      <trkpt lat="37.58381998166442" lon="13.337560007348657">
        <ele>351.11</ele>
      </trkpt>
      <trkpt lat="37.583840014413" lon="13.337609963491559">
        <ele>349.9</ele>
      </trkpt>
      <trkpt lat="37.58390002883971" lon="13.33773996680975">
        <ele>348.64</ele>
      </trkpt>
      <trkpt lat="37.583919977769256" lon="13.33782990463078">
        <ele>347.37</ele>
      </trkpt>
      <trkpt lat="37.583940010517836" lon="13.33789000287652">
        <ele>346.11</ele>
      </trkpt>
      <trkpt lat="37.58394998498261" lon="13.337950017303228">
        <ele>344.83</ele>
      </trkpt>
      <trkpt lat="37.58397001773119" lon="13.33804003894329">
        <ele>343.53</ele>
      </trkpt>
      <trkpt lat="37.58398996666074" lon="13.33829996176064">
        <ele>342.11</ele>
      </trkpt>
      <trkpt lat="37.58399994112551" lon="13.338310020044446">
        <ele>340.85</ele>
      </trkpt>
      <trkpt lat="37.5840300321579" lon="13.33868988789618">
        <ele>339.41</ele>
      </trkpt>
      <trkpt lat="37.58404000662267" lon="13.338779909536242">
        <ele>338.12</ele>
      </trkpt>
      <trkpt lat="37.58406498469412" lon="13.338995408266783">
        <ele>336.75</ele>
      </trkpt>
      <trkpt lat="37.58408987894654" lon="13.339209901168942">
        <ele>335.47</ele>
      </trkpt>
      <trkpt lat="37.58411996997893" lon="13.33952003158629">
        <ele>334.22</ele>
      </trkpt>
      <trkpt lat="37.58420001715422" lon="13.339860001578927">
        <ele>333.05</ele>
      </trkpt>
      <trkpt lat="37.584239998832345" lon="13.34008539095521">
        <ele>331.88</ele>
      </trkpt>
      <trkpt lat="37.58427998051047" lon="13.340310025960207">
        <ele>330.73</ele>
      </trkpt>
      <trkpt lat="37.58429003879428" lon="13.340419996529818">
        <ele>329.62</ele>
      </trkpt>
      <trkpt lat="37.58430998772383" lon="13.340519908815622">
        <ele>328.57</ele>
      </trkpt>
      <trkpt lat="37.5843199621886" lon="13.34059995599091">
        <ele>327.56</ele>
      </trkpt>
      <trkpt lat="37.584349969401956" lon="13.340680003166199">
        <ele>326.6</ele>
      </trkpt>
      <trkpt lat="37.5843598600477" lon="13.340700035914779">
        <ele>325.71</ele>
      </trkpt>
      <trkpt lat="37.58437997661531" lon="13.340759966522455">
        <ele>324.87</ele>
      </trkpt>
      <trkpt lat="37.58443999104202" lon="13.340909834951162">
        <ele>324.04</ele>
      </trkpt>
      <trkpt lat="37.58443999104202" lon="13.340919977054">
        <ele>323.31</ele>
      </trkpt>
      <trkpt lat="37.58453001268208" lon="13.341089962050319">
        <ele>322.61</ele>
      </trkpt>
      <trkpt lat="37.58453001268208" lon="13.341099936515093">
        <ele>322.0</ele>
      </trkpt>
      <trkpt lat="37.58457996882498" lon="13.34117989987135">
        <ele>321.44</ele>
      </trkpt>
      <trkpt lat="37.5846500415355" lon="13.341300012543797">
        <ele>320.93</ele>
      </trkpt>
      <trkpt lat="37.584739895537496" lon="13.341430015861988">
        <ele>320.48</ele>
      </trkpt>
      <trkpt lat="37.58476001210511" lon="13.341449964791536">
        <ele>320.09</ele>
      </trkpt>
      <trkpt lat="37.584820026531816" lon="13.341529928147793">
        <ele>319.75</ele>
      </trkpt>
      <trkpt lat="37.58487995713949" lon="13.341600000858307">
        <ele>319.48</ele>
      </trkpt>
      <trkpt lat="37.5848900154233" lon="13.34160989150405">
        <ele>319.25</ele>
      </trkpt>
      <trkpt lat="37.5849399715662" lon="13.34164995700121">
        <ele>319.08</ele>
      </trkpt>
      <trkpt lat="37.5849899277091" lon="13.34169002249837">
        <ele>318.96</ele>
      </trkpt>
      <trkpt lat="37.58505002595484" lon="13.341730004176497">
        <ele>318.88</ele>
      </trkpt>
      <trkpt lat="37.58511993102729" lon="13.341750036925077">
        <ele>318.86</ele>
      </trkpt>
      <trkpt lat="37.58522001095116" lon="13.341769985854626">
        <ele>318.9</ele>
      </trkpt>
      <trkpt lat="37.585229985415936" lon="13.341769985854626">
        <ele>318.96</ele>
      </trkpt>
      <trkpt lat="37.58532998152077" lon="13.3417799603194">
        <ele>319.07</ele>
      </trkpt>
      <trkpt lat="37.5855100248009" lon="13.341769985854626">
        <ele>319.23</ele>
      </trkpt>
      <trkpt lat="37.585680009797215" lon="13.341769985854626">
        <ele>319.37</ele>
      </trkpt>
      <trkpt lat="37.58575997315347" lon="13.34175992757082">
        <ele>319.55</ele>
      </trkpt>
      <trkpt lat="37.58578000590205" lon="13.34175992757082">
        <ele>319.75</ele>
      </trkpt>
      <trkpt lat="37.58588997647166" lon="13.341769985854626">
        <ele>319.98</ele>
      </trkpt>
      <trkpt lat="37.58595988154411" lon="13.341790018603206">
        <ele>320.22</ele>
      </trkpt>
      <trkpt lat="37.58601997978985" lon="13.341799909248948">
        <ele>320.49</ele>
      </trkpt>
      <trkpt lat="37.58605996146798" lon="13.34182002581656">
        <ele>320.74</ele>
      </trkpt>
      <trkpt lat="37.586110001429915" lon="13.341849949210882">
        <ele>321.0</ele>
      </trkpt>
      <trkpt lat="37.58614989928901" lon="13.341880040243268">
        <ele>321.28</ele>
      </trkpt>
      <trkpt lat="37.58620002306998" lon="13.34192999638617">
        <ele>321.58</ele>
      </trkpt>
      <trkpt lat="37.58623983711004" lon="13.341989926993847">
        <ele>321.87</ele>
      </trkpt>
      <trkpt lat="37.5862799026072" lon="13.342050025239587">
        <ele>322.17</ele>
      </trkpt>
      <trkpt lat="37.58630999363959" lon="13.34209998138249">
        <ele>322.48</ele>
      </trkpt>
      <trkpt lat="37.58634000085294" lon="13.342159995809197">
        <ele>322.78</ele>
      </trkpt>
      <trkpt lat="37.58634000085294" lon="13.342180028557777">
        <ele>323.07</ele>
      </trkpt>
      <trkpt lat="37.58636003360152" lon="13.342239875346422">
        <ele>323.37</ele>
      </trkpt>
      <trkpt lat="37.5863700080663" lon="13.34229988977313">
        <ele>323.66</ele>
      </trkpt>
      <trkpt lat="37.58637998253107" lon="13.34235998801887">
        <ele>323.95</ele>
      </trkpt>
      <trkpt lat="37.58639004081488" lon="13.342399969696999">
        <ele>324.26</ele>
      </trkpt>
      <trkpt lat="37.58640001527965" lon="13.342459984123707">
        <ele>324.57</ele>
      </trkpt>
      <trkpt lat="37.58640001527965" lon="13.342559896409512">
        <ele>324.91</ele>
      </trkpt>
      <trkpt lat="37.58640990592539" lon="13.34261991083622">
        <ele>325.25</ele>
      </trkpt>
      <trkpt lat="37.58640990592539" lon="13.34265997633338">
        <ele>325.58</ele>
      </trkpt>
      <trkpt lat="37.58639004081488" lon="13.342819903045893">
        <ele>325.93</ele>
      </trkpt>
      <trkpt lat="37.5863700080663" lon="13.343000030145049">
        <ele>326.29</ele>
      </trkpt>
      <trkpt lat="37.58634997531772" lon="13.3430699352175">
        <ele>326.62</ele>
      </trkpt>
      <trkpt lat="37.58630999363959" lon="13.343249894678593">
        <ele>326.98</ele>
      </trkpt>
      <trkpt lat="37.58630999363959" lon="13.343289876356721">
        <ele>327.34</ele>
      </trkpt>
      <trkpt lat="37.58629993535578" lon="13.34332994185388">
        <ele>327.69</ele>
      </trkpt>
      <trkpt lat="37.58629993535578" lon="13.34339004009962">
        <ele>328.06</ele>
      </trkpt>
      <trkpt lat="37.58628996089101" lon="13.343439912423491">
        <ele>328.41</ele>
      </trkpt>
      <trkpt lat="37.58628996089101" lon="13.34351995959878">
        <ele>328.79</ele>
      </trkpt>
      <trkpt lat="37.58628996089101" lon="13.343530017882586">
        <ele>329.14</ele>
      </trkpt>
      <trkpt lat="37.58628996089101" lon="13.343600006774068">
        <ele>329.51</ele>
      </trkpt>
      <trkpt lat="37.58628996089101" lon="13.343679886311293">
        <ele>329.87</ele>
      </trkpt>
      <trkpt lat="37.58630999363959" lon="13.343790024518967">
        <ele>330.27</ele>
      </trkpt>
      <trkpt lat="37.58630999363959" lon="13.343869904056191">
        <ele>330.65</ele>
      </trkpt>
      <trkpt lat="37.58631996810436" lon="13.343959841877222">
        <ele>331.03</ele>
      </trkpt>
      <trkpt lat="37.58631996810436" lon="13.34403988905251">
        <ele>331.39</ele>
      </trkpt>
      <trkpt lat="37.58631996810436" lon="13.344129910692573">
        <ele>331.75</ele>
      </trkpt>
      <trkpt lat="37.58632977493107" lon="13.344239797443151">
        <ele>332.1</ele>
      </trkpt>
      <trkpt lat="37.58634997531772" lon="13.344329986721277">
        <ele>332.47</ele>
      </trkpt>
      <trkpt lat="37.58636003360152" lon="13.344410033896565">
        <ele>332.84</ele>
      </trkpt>
      <trkpt lat="37.5863700080663" lon="13.344459990039468">
        <ele>333.18</ele>
      </trkpt>
      <trkpt lat="37.58639004081488" lon="13.34450994618237">
        <ele>333.53</ele>
      </trkpt>
      <trkpt lat="37.58641988039017" lon="13.34455001167953">
        <ele>333.89</ele>
      </trkpt>
      <trkpt lat="37.58644997142255" lon="13.344589993357658">
        <ele>334.25</ele>
      </trkpt>
      <trkpt lat="37.58649003691971" lon="13.344629975035787">
        <ele>334.61</ele>
      </trkpt>
      <trkpt lat="37.58650990203023" lon="13.34465998224914">
        <ele>334.97</ele>
      </trkpt>
      <trkpt lat="37.586539993062615" lon="13.34468001499772">
        <ele>335.34</ele>
      </trkpt>
      <trkpt lat="37.58657989092171" lon="13.344699963927269">
        <ele>335.71</ele>
      </trkpt>
      <trkpt lat="37.58659003302455" lon="13.344709854573011">
        <ele>336.07</ele>
      </trkpt>
      <trkpt lat="37.586669996380806" lon="13.344740029424429">
        <ele>336.46</ele>
      </trkpt>
      <trkpt lat="37.58677996695042" lon="13.344759978353977">
        <ele>336.85</ele>
      </trkpt>
      <trkpt lat="37.58690997026861" lon="13.344780011102557">
        <ele>337.26</ele>
      </trkpt>
      <trkpt lat="37.58693000301719" lon="13.344780011102557">
        <ele>337.62</ele>
      </trkpt>
      <trkpt lat="37.58702991530299" lon="13.344780011102557">
        <ele>338.01</ele>
      </trkpt>
      <trkpt lat="37.58710996247828" lon="13.3447899017483">
        <ele>338.37</ele>
      </trkpt>
      <trkpt lat="37.58712999522686" lon="13.344799960032105">
        <ele>338.69</ele>
      </trkpt>
      <trkpt lat="37.58719998411834" lon="13.344799960032105">
        <ele>339.03</ele>
      </trkpt>
      <trkpt lat="37.58728992193937" lon="13.344819992780685">
        <ele>339.36</ele>
      </trkpt>
      <trkpt lat="37.58735002018511" lon="13.344840025529265">
        <ele>339.65</ele>
      </trkpt>
      <trkpt lat="37.587399976328015" lon="13.344859890639782">
        <ele>339.92</ele>
      </trkpt>
      <trkpt lat="37.58745999075472" lon="13.344910014420748">
        <ele>340.16</ele>
      </trkpt>
      <trkpt lat="37.58749997243285" lon="13.344970028847456">
        <ele>340.36</ele>
      </trkpt>
      <trkpt lat="37.58754003793001" lon="13.34504990838468">
        <ele>340.55</ele>
      </trkpt>
      <trkpt lat="37.58755998685956" lon="13.345079999417067">
        <ele>340.73</ele>
      </trkpt>
      <trkpt lat="37.5875698775053" lon="13.345119897276163">
        <ele>340.89</ele>
      </trkpt>
      <trkpt lat="37.58758991025388" lon="13.34517982788384">
        <ele>341.01</ele>
      </trkpt>
      <trkpt lat="37.58760994300246" lon="13.345270017161965">
        <ele>341.12</ele>
      </trkpt>
      <trkpt lat="37.58760994300246" lon="13.34534989669919">
        <ele>341.22</ele>
      </trkpt>
      <trkpt lat="37.58760994300246" lon="13.345419885590672">
        <ele>341.3</ele>
      </trkpt>
      <trkpt lat="37.58760994300246" lon="13.345489958301187">
        <ele>341.36</ele>
      </trkpt>
      <trkpt lat="37.58759996853769" lon="13.345530023798347">
        <ele>341.4</ele>
      </trkpt>
      <trkpt lat="37.58759996853769" lon="13.345549888908863">
        <ele>341.42</ele>
      </trkpt>
      <trkpt lat="37.58758991025388" lon="13.345569921657443">
        <ele>341.42</ele>
      </trkpt>
      <trkpt lat="37.58758001960814" lon="13.345589954406023">
        <ele>341.4</ele>
      </trkpt>
      <trkpt lat="37.5875698775053" lon="13.345609903335571">
        <ele>341.36</ele>
      </trkpt>
      <trkpt lat="37.587550012394786" lon="13.345639994367957">
        <ele>341.29</ele>
      </trkpt>
      <trkpt lat="37.58754003793001" lon="13.3456498850137">
        <ele>341.21</ele>
      </trkpt>
      <trkpt lat="37.58751003071666" lon="13.34568995051086">
        <ele>341.09</ele>
      </trkpt>
      <trkpt lat="37.5874699652195" lon="13.34573001600802">
        <ele>340.95</ele>
      </trkpt>
      <trkpt lat="37.58742998354137" lon="13.345759939402342">
        <ele>340.8</ele>
      </trkpt>
      <trkpt lat="37.58738002739847" lon="13.34579992108047">
        <ele>340.62</ele>
      </trkpt>
      <trkpt lat="37.58735002018511" lon="13.34581995382905">
        <ele>340.42</ele>
      </trkpt>
      <trkpt lat="37.58732998743653" lon="13.345830012112856">
        <ele>340.21</ele>
      </trkpt>
      <trkpt lat="37.58725999854505" lon="13.345869909971952">
        <ele>339.95</ele>
      </trkpt>
      <trkpt lat="37.58719998411834" lon="13.345889942720532">
        <ele>339.68</ele>
      </trkpt>
      <trkpt lat="37.58717986755073" lon="13.345900001004338">
        <ele>339.41</ele>
      </trkpt>
      <trkpt lat="37.5871398858726" lon="13.34592992439866">
        <ele>339.11</ele>
      </trkpt>
      <trkpt lat="37.58708003908396" lon="13.345960015431046">
        <ele>338.79</ele>
      </trkpt>
      <trkpt lat="37.58702002465725" lon="13.3459900226444">
        <ele>338.44</ele>
      </trkpt>
      <trkpt lat="37.58700988255441" lon="13.3459900226444">
        <ele>338.09</ele>
      </trkpt>
      <trkpt lat="37.58696001023054" lon="13.346019946038723">
        <ele>337.72</ele>
      </trkpt>
      <trkpt lat="37.58693000301719" lon="13.346039894968271">
        <ele>337.32</ele>
      </trkpt>
      <trkpt lat="37.58690997026861" lon="13.346059927716851">
        <ele>336.92</ele>
      </trkpt>
      <trkpt lat="37.58687996305525" lon="13.3460798766464">
        <ele>336.49</ele>
      </trkpt>
      <trkpt lat="37.58685993030667" lon="13.34609990939498">
        <ele>336.04</ele>
      </trkpt>
      <trkpt lat="37.58685003966093" lon="13.346109967678785">
        <ele>335.58</ele>
      </trkpt>
      <trkpt lat="37.58680997416377" lon="13.34616000764072">
        <ele>335.08</ele>
      </trkpt>
      <trkpt lat="37.58679002523422" lon="13.346199989318848">
        <ele>334.57</ele>
      </trkpt>
      <trkpt lat="37.58676999248564" lon="13.346239970996976">
        <ele>334.04</ele>
      </trkpt>
      <trkpt lat="37.58674995973706" lon="13.346309959888458">
        <ele>333.49</ele>
      </trkpt>
      <trkpt lat="37.58673998527229" lon="13.34637994877994">
        <ele>332.92</ele>
      </trkpt>
      <trkpt lat="37.58672992698848" lon="13.346449937671423">
        <ele>332.31</ele>
      </trkpt>
      <trkpt lat="37.58672003634274" lon="13.34652990102768">
        <ele>331.67</ele>
      </trkpt>
      <trkpt lat="37.5867098942399" lon="13.346629980951548">
        <ele>331.0</ele>
      </trkpt>
      <trkpt lat="37.5867098942399" lon="13.346729893237352">
        <ele>330.31</ele>
      </trkpt>
      <trkpt lat="37.58672003634274" lon="13.346799965947866">
        <ele>329.6</ele>
      </trkpt>
      <trkpt lat="37.58672003634274" lon="13.3468500059098">
        <ele>328.86</ele>
      </trkpt>
      <trkpt lat="37.58672992698848" lon="13.346910020336509">
        <ele>328.11</ele>
      </trkpt>
      <trkpt lat="37.58673998527229" lon="13.347009848803282">
        <ele>327.31</ele>
      </trkpt>
      <trkpt lat="37.58676001802087" lon="13.347069947049022">
        <ele>326.52</ele>
      </trkpt>
      <trkpt lat="37.58679002523422" lon="13.347199950367212">
        <ele>325.68</ele>
      </trkpt>
      <trkpt lat="37.58682003244758" lon="13.347309920936823">
        <ele>324.78</ele>
      </trkpt>
      <trkpt lat="37.58683989755809" lon="13.34738988429308">
        <ele>323.89</ele>
      </trkpt>
      <trkpt lat="37.58685003966093" lon="13.34740991704166">
        <ele>322.98</ele>
      </trkpt>
      <trkpt lat="37.58685993030667" lon="13.347499938681722">
        <ele>322.02</ele>
      </trkpt>
      <trkpt lat="37.58686998859048" lon="13.347589876502752">
        <ele>321.03</ele>
      </trkpt>
      <trkpt lat="37.58686998859048" lon="13.347609909251332">
        <ele>320.05</ele>
      </trkpt>
      <trkpt lat="37.58686998859048" lon="13.34764989092946">
        <ele>319.05</ele>
      </trkpt>
      <trkpt lat="37.58686998859048" lon="13.347739912569523">
        <ele>318.01</ele>
      </trkpt>
      <trkpt lat="37.58686998859048" lon="13.34794987924397">
        <ele>316.91</ele>
      </trkpt>
      <trkpt lat="37.58685993030667" lon="13.348109973594546">
        <ele>315.81</ele>
      </trkpt>
      <trkpt lat="37.58683000691235" lon="13.348409961909056">
        <ele>314.61</ele>
      </trkpt>
      <trkpt lat="37.58680997416377" lon="13.348580030724406">
        <ele>313.47</ele>
      </trkpt>
      <trkpt lat="37.58679983206093" lon="13.348659910261631">
        <ele>312.39</ele>
      </trkpt>
      <trkpt lat="37.58679983206093" lon="13.348690001294017">
        <ele>311.35</ele>
      </trkpt>
      <trkpt lat="37.58676999248564" lon="13.34886996075511">
        <ele>310.23</ele>
      </trkpt>
      <trkpt lat="37.58676999248564" lon="13.34895989857614">
        <ele>309.19</ele>
      </trkpt>
      <trkpt lat="37.58676999248564" lon="13.3489999640733">
        <ele>308.19</ele>
      </trkpt>
      <trkpt lat="37.58676999248564" lon="13.34912988357246">
        <ele>307.16</ele>
      </trkpt>
      <trkpt lat="37.58676999248564" lon="13.3491899818182">
        <ele>306.2</ele>
      </trkpt>
      <trkpt lat="37.58676999248564" lon="13.349229963496327">
        <ele>305.26</ele>
      </trkpt>
      <trkpt lat="37.58677996695042" lon="13.349309843033552">
        <ele>304.32</ele>
      </trkpt>
      <trkpt lat="37.58679983206093" lon="13.349400032311678">
        <ele>303.42</ele>
      </trkpt>
      <trkpt lat="37.58680997416377" lon="13.349459879100323">
        <ele>302.55</ele>
      </trkpt>
      <trkpt lat="37.58683000691235" lon="13.349499944597483">
        <ele>301.72</ele>
      </trkpt>
      <trkpt lat="37.58685993030667" lon="13.34955987520516">
        <ele>300.92</ele>
      </trkpt>
      <trkpt lat="37.58688993752003" lon="13.349609915167093">
        <ele>300.16</ele>
      </trkpt>
      <trkpt lat="37.58689999580383" lon="13.3496199734509">
        <ele>299.44</ele>
      </trkpt>
      <trkpt lat="37.58693997748196" lon="13.349660038948059">
        <ele>298.75</ele>
      </trkpt>
      <trkpt lat="37.586990017443895" lon="13.349700020626187">
        <ele>298.09</ele>
      </trkpt>
      <trkpt lat="37.58702991530299" lon="13.349729860201478">
        <ele>297.47</ele>
      </trkpt>
      <trkpt lat="37.58706000633538" lon="13.34974997676909">
        <ele>296.88</ele>
      </trkpt>
      <trkpt lat="37.587120020762086" lon="13.349779900163412">
        <ele>296.33</ele>
      </trkpt>
      <trkpt lat="37.58719998411834" lon="13.349830023944378">
        <ele>295.81</ele>
      </trkpt>
      <trkpt lat="37.5872299913317" lon="13.349849972873926">
        <ele>295.33</ele>
      </trkpt>
      <trkpt lat="37.58733996190131" lon="13.349890038371086">
        <ele>294.9</ele>
      </trkpt>
      <trkpt lat="37.58736996911466" lon="13.349909903481603">
        <ele>294.5</ele>
      </trkpt>
      <trkpt lat="37.58742998354137" lon="13.349939994513988">
        <ele>294.13</ele>
      </trkpt>
      <trkpt lat="37.58749997243285" lon="13.350000008940697">
        <ele>293.78</ele>
      </trkpt>
      <trkpt lat="37.58752000518143" lon="13.35003001615405">
        <ele>293.46</ele>
      </trkpt>
      <trkpt lat="37.58754003793001" lon="13.350049965083599">
        <ele>293.2</ele>
      </trkpt>
      <trkpt lat="37.5875698775053" lon="13.350099921226501">
        <ele>292.96</ele>
      </trkpt>
      <trkpt lat="37.58760994300246" lon="13.35015993565321">
        <ele>292.76</ele>
      </trkpt>
      <trkpt lat="37.58762997575104" lon="13.35022003389895">
        <ele>292.58</ele>
      </trkpt>
      <trkpt lat="37.58764992468059" lon="13.350279964506626">
        <ele>292.42</ele>
      </trkpt>
      <trkpt lat="37.5876599829644" lon="13.350320030003786">
        <ele>292.3</ele>
      </trkpt>
      <trkpt lat="37.5876599829644" lon="13.350369986146688">
        <ele>292.19</ele>
      </trkpt>
      <trkpt lat="37.5876700412482" lon="13.350430000573397">
        <ele>292.13</ele>
      </trkpt>
      <trkpt lat="37.58768001571298" lon="13.35052982904017">
        <ele>292.1</ele>
      </trkpt>
      <trkpt lat="37.58768999017775" lon="13.35065002553165">
        <ele>292.12</ele>
      </trkpt>
      <trkpt lat="37.58769988082349" lon="13.350949930027127">
        <ele>292.19</ele>
      </trkpt>
      <trkpt lat="37.58771002292633" lon="13.351329881697893">
        <ele>292.3</ele>
      </trkpt>
      <trkpt lat="37.58771002292633" lon="13.351539932191372">
        <ele>292.41</ele>
      </trkpt>
      <trkpt lat="37.58771991357207" lon="13.351889792829752">
        <ele>292.53</ele>
      </trkpt>
      <trkpt lat="37.58771991357207" lon="13.35215994156897">
        <ele>292.69</ele>
      </trkpt>
      <trkpt lat="37.58771002292633" lon="13.35232992656529">
        <ele>292.87</ele>
      </trkpt>
      <trkpt lat="37.58769988082349" lon="13.352469988167286">
        <ele>293.09</ele>
      </trkpt>
      <trkpt lat="37.58768001571298" lon="13.35256990045309">
        <ele>293.33</ele>
      </trkpt>
      <trkpt lat="37.5876599829644" lon="13.35273988544941">
        <ele>293.61</ele>
      </trkpt>
      <trkpt lat="37.58764992468059" lon="13.352839965373278">
        <ele>293.93</ele>
      </trkpt>
      <trkpt lat="37.58762997575104" lon="13.352959910407662">
        <ele>294.31</ele>
      </trkpt>
      <trkpt lat="37.587599800899625" lon="13.35322075523436">
        <ele>294.71</ele>
      </trkpt>
      <trkpt lat="37.58759988471866" lon="13.353220336139202">
        <ele>294.71</ele>
      </trkpt>
      <trkpt lat="37.58759996853769" lon="13.353220000863075">
        <ele>295.13</ele>
      </trkpt>
      <trkpt lat="37.58758991025388" lon="13.353350004181266">
        <ele>295.57</ele>
      </trkpt>
      <trkpt lat="37.58758991025388" lon="13.353459974750876">
        <ele>296.03</ele>
      </trkpt>
      <trkpt lat="37.58758991025388" lon="13.353539938107133">
        <ele>296.52</ele>
      </trkpt>
      <trkpt lat="37.58759996853769" lon="13.353589978069067">
        <ele>297.04</ele>
      </trkpt>
      <trkpt lat="37.58769988082349" lon="13.35391997359693">
        <ele>297.6</ele>
      </trkpt>
      <trkpt lat="37.58773986250162" lon="13.353999936953187">
        <ele>298.17</ele>
      </trkpt>
      <trkpt lat="37.58782980032265" lon="13.35419992916286">
        <ele>298.78</ele>
      </trkpt>
      <trkpt lat="37.58788998238742" lon="13.354320041835308">
        <ele>299.41</ele>
      </trkpt>
      <trkpt lat="37.58794002234936" lon="13.354409979656339">
        <ele>300.05</ele>
      </trkpt>
      <trkpt lat="37.58803004398942" lon="13.354595135897398">
        <ele>300.72</ele>
      </trkpt>
      <trkpt lat="37.58811998181045" lon="13.35477995686233">
        <ele>301.4</ele>
      </trkpt>
      <trkpt lat="37.588255014270544" lon="13.355080280452967">
        <ele>302.13</ele>
      </trkpt>
      <trkpt lat="37.58838979527354" lon="13.35537993349135">
        <ele>302.84</ele>
      </trkpt>
      <trkpt lat="37.58847990073264" lon="13.35557003505528">
        <ele>303.53</ele>
      </trkpt>
      <trkpt lat="37.58857000619173" lon="13.355759968981147">
        <ele>304.17</ele>
      </trkpt>
      <trkpt lat="37.588725071400404" lon="13.35604009218514">
        <ele>304.84</ele>
      </trkpt>
      <trkpt lat="37.58887988515198" lon="13.356319963932037">
        <ele>305.58</ele>
      </trkpt>
      <trkpt lat="37.58899999782443" lon="13.35656002163887">
        <ele>306.27</ele>
      </trkpt>
      <trkpt lat="37.5889600161463" lon="13.356639984995127">
        <ele>306.81</ele>
      </trkpt>
      <trkpt lat="37.58894979022443" lon="13.356699915602803">
        <ele>307.34</ele>
      </trkpt>
      <trkpt lat="37.58893998339772" lon="13.356750039383769">
        <ele>307.84</ele>
      </trkpt>
      <trkpt lat="37.58893998339772" lon="13.356769904494286">
        <ele>308.31</ele>
      </trkpt>
      <trkpt lat="37.58893998339772" lon="13.356830002740026">
        <ele>308.76</ele>
      </trkpt>
      <trkpt lat="37.5889600161463" lon="13.356920024380088">
        <ele>309.18</ele>
      </trkpt>
      <trkpt lat="37.588990023359656" lon="13.356980038806796">
        <ele>309.57</ele>
      </trkpt>
      <trkpt lat="37.58903997950256" lon="13.357149939984083">
        <ele>309.9</ele>
      </trkpt>
      <trkpt lat="37.58904995396733" lon="13.357199979946017">
        <ele>310.21</ele>
      </trkpt>
      <trkpt lat="37.58906998671591" lon="13.35729000158608">
        <ele>310.48</ele>
      </trkpt>
      <trkpt lat="37.58909001946449" lon="13.35735990665853">
        <ele>310.72</ele>
      </trkpt>
      <trkpt lat="37.58909999392927" lon="13.35742000490427">
        <ele>310.93</ele>
      </trkpt>
      <trkpt lat="37.58910996839404" lon="13.357480019330978">
        <ele>311.11</ele>
      </trkpt>
      <trkpt lat="37.58912002667785" lon="13.35752997547388">
        <ele>311.28</ele>
      </trkpt>
      <trkpt lat="37.58912002667785" lon="13.357559898868203">
        <ele>311.4</ele>
      </trkpt>
      <trkpt lat="37.58910996839404" lon="13.357589989900589">
        <ele>311.49</ele>
      </trkpt>
      <trkpt lat="37.58909999392927" lon="13.357619913294911">
        <ele>311.56</ele>
      </trkpt>
      <trkpt lat="37.58909001946449" lon="13.35765989497304">
        <ele>311.6</ele>
      </trkpt>
      <trkpt lat="37.58906001225114" lon="13.35771999321878">
        <ele>311.6</ele>
      </trkpt>
      <trkpt lat="37.58903997950256" lon="13.35778989829123">
        <ele>311.59</ele>
      </trkpt>
      <trkpt lat="37.58902003057301" lon="13.357840022072196">
        <ele>311.57</ele>
      </trkpt>
      <trkpt lat="37.58899999782443" lon="13.357889978215098">
        <ele>311.53</ele>
      </trkpt>
      <trkpt lat="37.58897996507585" lon="13.35797999985516">
        <ele>311.47</ele>
      </trkpt>
      <trkpt lat="37.588969990611076" lon="13.358059963211417">
        <ele>311.4</ele>
      </trkpt>
      <trkpt lat="37.5889600161463" lon="13.358140010386705">
        <ele>311.31</ele>
      </trkpt>
      <trkpt lat="37.588969990611076" lon="13.358249980956316">
        <ele>311.23</ele>
      </trkpt>
      <trkpt lat="37.58897996507585" lon="13.358360035344958">
        <ele>311.12</ele>
      </trkpt>
      <trkpt lat="37.58897996507585" lon="13.358449973165989">
        <ele>311.01</ele>
      </trkpt>
      <trkpt lat="37.58897996507585" lon="13.358509987592697">
        <ele>310.89</ele>
      </trkpt>
      <trkpt lat="37.58897996507585" lon="13.358530020341277">
        <ele>310.77</ele>
      </trkpt>
      <trkpt lat="37.58897996507585" lon="13.358599925413728">
        <ele>310.64</ele>
      </trkpt>
      <trkpt lat="37.588969990611076" lon="13.35868994705379">
        <ele>310.51</ele>
      </trkpt>
      <trkpt lat="37.588969990611076" lon="13.35873981937766">
        <ele>310.39</ele>
      </trkpt>
      <trkpt lat="37.588969990611076" lon="13.358790026977658">
        <ele>310.26</ele>
      </trkpt>
      <trkpt lat="37.5889600161463" lon="13.358889939263463">
        <ele>310.13</ele>
      </trkpt>
      <trkpt lat="37.58894979022443" lon="13.358960011973977">
        <ele>310.0</ele>
      </trkpt>
      <trkpt lat="37.58894979022443" lon="13.358999993652105">
        <ele>309.88</ele>
      </trkpt>
      <trkpt lat="37.58894979022443" lon="13.359059924259782">
        <ele>309.76</ele>
      </trkpt>
      <trkpt lat="37.58894979022443" lon="13.359090015292168">
        <ele>309.64</ele>
      </trkpt>
      <trkpt lat="37.5889600161463" lon="13.359129996970296">
        <ele>309.53</ele>
      </trkpt>
      <trkpt lat="37.588969990611076" lon="13.35918003693223">
        <ele>309.42</ele>
      </trkpt>
      <trkpt lat="37.58897996507585" lon="13.359199985861778">
        <ele>309.33</ele>
      </trkpt>
      <trkpt lat="37.588990023359656" lon="13.35931004025042">
        <ele>309.22</ele>
      </trkpt>
      <trkpt lat="37.58902003057301" lon="13.35939989425242">
        <ele>309.14</ele>
      </trkpt>
      <trkpt lat="37.58902003057301" lon="13.359410036355257">
        <ele>309.06</ele>
      </trkpt>
      <trkpt lat="37.58906001225114" lon="13.35952989757061">
        <ele>309.01</ele>
      </trkpt>
      <trkpt lat="37.58907996118069" lon="13.359619919210672">
        <ele>308.96</ele>
      </trkpt>
      <trkpt lat="37.58907996118069" lon="13.359639951959252">
        <ele>308.91</ele>
      </trkpt>
      <trkpt lat="37.58909999392927" lon="13.359749922528863">
        <ele>308.89</ele>
      </trkpt>
      <trkpt lat="37.58910996839404" lon="13.359809936955571">
        <ele>308.89</ele>
      </trkpt>
      <trkpt lat="37.58910996839404" lon="13.35988998413086">
        <ele>308.89</ele>
      </trkpt>
      <trkpt lat="37.58910996839404" lon="13.35995988920331">
        <ele>308.9</ele>
      </trkpt>
      <trkpt lat="37.58910996839404" lon="13.360049910843372">
        <ele>308.93</ele>
      </trkpt>
      <trkpt lat="37.58909999392927" lon="13.360199946910143">
        <ele>308.96</ele>
      </trkpt>
      <trkpt lat="37.58910996839404" lon="13.360270019620657">
        <ele>309.0</ele>
      </trkpt>
      <trkpt lat="37.58910996839404" lon="13.3602799102664">
        <ele>309.04</ele>
      </trkpt>
      <trkpt lat="37.58910996839404" lon="13.36034000851214">
        <ele>309.09</ele>
      </trkpt>
      <trkpt lat="37.58912002667785" lon="13.360379990190268">
        <ele>309.16</ele>
      </trkpt>
      <trkpt lat="37.58910996839404" lon="13.360440004616976">
        <ele>309.23</ele>
      </trkpt>
      <trkpt lat="37.58909999392927" lon="13.360499935224652">
        <ele>309.31</ele>
      </trkpt>
      <trkpt lat="37.58909999392927" lon="13.3605198841542">
        <ele>309.4</ele>
      </trkpt>
      <trkpt lat="37.58906998671591" lon="13.360609905794263">
        <ele>309.49</ele>
      </trkpt>
      <trkpt lat="37.58906001225114" lon="13.360660029575229">
        <ele>309.59</ele>
      </trkpt>
      <trkpt lat="37.58904995396733" lon="13.36072993464768">
        <ele>309.71</ele>
      </trkpt>
      <trkpt lat="37.58904995396733" lon="13.36079003289342">
        <ele>309.83</ele>
      </trkpt>
      <trkpt lat="37.58906001225114" lon="13.36085993796587">
        <ele>309.96</ele>
      </trkpt>
      <trkpt lat="37.58907996118069" lon="13.36092003621161">
        <ele>310.1</ele>
      </trkpt>
      <trkpt lat="37.58910996839404" lon="13.360979966819286">
        <ele>310.25</ele>
      </trkpt>
      <trkpt lat="37.58913000114262" lon="13.361039813607931">
        <ele>310.41</ele>
      </trkpt>
      <trkpt lat="37.58916998282075" lon="13.361130002886057">
        <ele>310.58</ele>
      </trkpt>
      <trkpt lat="37.58916998282075" lon="13.3611398935318">
        <ele>310.74</ele>
      </trkpt>
      <trkpt lat="37.5891999900341" lon="13.361229915171862">
        <ele>310.93</ele>
      </trkpt>
      <trkpt lat="37.5892398878932" lon="13.361319852992892">
        <ele>311.12</ele>
      </trkpt>
      <trkpt lat="37.58925002999604" lon="13.36135002784431">
        <ele>311.3</ele>
      </trkpt>
      <trkpt lat="37.589269978925586" lon="13.361379951238632">
        <ele>311.49</ele>
      </trkpt>
      <trkpt lat="37.589290011674166" lon="13.361450023949146">
        <ele>311.68</ele>
      </trkpt>
      <trkpt lat="37.58932001888752" lon="13.361549936234951">
        <ele>311.88</ele>
      </trkpt>
      <trkpt lat="37.58932001888752" lon="13.361559994518757">
        <ele>312.07</ele>
      </trkpt>
      <trkpt lat="37.58933996781707" lon="13.361620008945465">
        <ele>312.26</ele>
      </trkpt>
      <trkpt lat="37.58936000056565" lon="13.361710030585527">
        <ele>312.45</ele>
      </trkpt>
      <trkpt lat="37.58938003331423" lon="13.361809942871332">
        <ele>312.65</ele>
      </trkpt>
      <trkpt lat="37.58938003331423" lon="13.361919913440943">
        <ele>312.83</ele>
      </trkpt>
      <trkpt lat="37.58936997503042" lon="13.361970037221909">
        <ele>313.02</ele>
      </trkpt>
      <trkpt lat="37.58936000056565" lon="13.361989986151457">
        <ele>313.2</ele>
      </trkpt>
      <trkpt lat="37.58934994228184" lon="13.362029967829585">
        <ele>313.39</ele>
      </trkpt>
      <trkpt lat="37.58932001888752" lon="13.3621000405401">
        <ele>313.57</ele>
      </trkpt>
      <trkpt lat="37.58928003720939" lon="13.362159971147776">
        <ele>313.75</ele>
      </trkpt>
      <trkpt lat="37.58925002999604" lon="13.362239934504032">
        <ele>313.95</ele>
      </trkpt>
      <trkpt lat="37.58922002278268" lon="13.362330039963126">
        <ele>314.15</ele>
      </trkpt>
      <trkpt lat="37.5891999900341" lon="13.362429952248931">
        <ele>314.36</ele>
      </trkpt>
      <trkpt lat="37.58916998282075" lon="13.36253983899951">
        <ele>314.57</ele>
      </trkpt>
      <trkpt lat="37.589160008355975" lon="13.36261996999383">
        <ele>314.79</ele>
      </trkpt>
      <trkpt lat="37.589139975607395" lon="13.362679900601506">
        <ele>315.0</ele>
      </trkpt>
      <trkpt lat="37.58913000114262" lon="13.362830020487309">
        <ele>315.23</ele>
      </trkpt>
      <trkpt lat="37.58912002667785" lon="13.362989947199821">
        <ele>315.47</ele>
      </trkpt>
      <trkpt lat="37.58909999392927" lon="13.363099917769432">
        <ele>315.69</ele>
      </trkpt>
      <trkpt lat="37.58909999392927" lon="13.363279961049557">
        <ele>315.93</ele>
      </trkpt>
      <trkpt lat="37.58912002667785" lon="13.36343988776207">
        <ele>316.15</ele>
      </trkpt>
      <trkpt lat="37.58913000114262" lon="13.36352001875639">
        <ele>316.37</ele>
      </trkpt>
      <trkpt lat="37.589160008355975" lon="13.363669971004128">
        <ele>316.6</ele>
      </trkpt>
      <trkpt lat="37.5891999900341" lon="13.36386987939477">
        <ele>316.83</ele>
      </trkpt>
      <trkpt lat="37.58925002999604" lon="13.364050006493926">
        <ele>317.11</ele>
      </trkpt>
      <trkpt lat="37.589269978925586" lon="13.36416995152831">
        <ele>317.36</ele>
      </trkpt>
      <trkpt lat="37.58928003720939" lon="13.364199874922633">
        <ele>317.6</ele>
      </trkpt>
      <trkpt lat="37.58930987678468" lon="13.36435996927321">
        <ele>317.85</ele>
      </trkpt>
      <trkpt lat="37.58932001888752" lon="13.364389892667532">
        <ele>318.09</ele>
      </trkpt>
      <trkpt lat="37.58933996781707" lon="13.364500030875206">
        <ele>318.35</ele>
      </trkpt>
      <trkpt lat="37.58934994228184" lon="13.364570019766688">
        <ele>318.6</ele>
      </trkpt>
      <trkpt lat="37.58936000056565" lon="13.364669932052493">
        <ele>318.87</ele>
      </trkpt>
      <trkpt lat="37.58936000056565" lon="13.364699939265847">
        <ele>319.13</ele>
      </trkpt>
      <trkpt lat="37.58936000056565" lon="13.364729946479201">
        <ele>319.38</ele>
      </trkpt>
      <trkpt lat="37.58934994228184" lon="13.36480999365449">
        <ele>319.65</ele>
      </trkpt>
      <trkpt lat="37.58934994228184" lon="13.3649199642241">
        <ele>319.93</ele>
      </trkpt>
      <trkpt lat="37.58933996781707" lon="13.365019960328937">
        <ele>320.22</ele>
      </trkpt>
      <trkpt lat="37.58932990953326" lon="13.36507000029087">
        <ele>320.5</ele>
      </trkpt>
      <trkpt lat="37.58932990953326" lon="13.365109981968999">
        <ele>320.79</ele>
      </trkpt>
      <trkpt lat="37.58932001888752" lon="13.365289941430092">
        <ele>321.07</ele>
      </trkpt>
      <trkpt lat="37.589390007779" lon="13.36536998860538">
        <ele>321.39</ele>
      </trkpt>
      <trkpt lat="37.58941004052758" lon="13.365409970283508">
        <ele>321.71</ele>
      </trkpt>
      <trkpt lat="37.58941004052758" lon="13.36543989367783">
        <ele>322.04</ele>
      </trkpt>
      <trkpt lat="37.58941004052758" lon="13.36549999192357">
        <ele>322.39</ele>
      </trkpt>
      <trkpt lat="37.58941004052758" lon="13.365599988028407">
        <ele>322.76</ele>
      </trkpt>
      <trkpt lat="37.58941004052758" lon="13.36573988199234">
        <ele>323.15</ele>
      </trkpt>
      <trkpt lat="37.58941004052758" lon="13.365829903632402">
        <ele>323.56</ele>
      </trkpt>
      <trkpt lat="37.58941004052758" lon="13.365899976342916">
        <ele>323.99</ele>
      </trkpt>
      <trkpt lat="37.589399982243776" lon="13.366050012409687">
        <ele>324.46</ele>
      </trkpt>
      <trkpt lat="37.589399982243776" lon="13.36607993580401">
        <ele>324.92</ele>
      </trkpt>
      <trkpt lat="37.589390007779" lon="13.366219997406006">
        <ele>325.46</ele>
      </trkpt>
      <trkpt lat="37.58938003331423" lon="13.366279928013682">
        <ele>325.98</ele>
      </trkpt>
      <trkpt lat="37.58938003331423" lon="13.36629987694323">
        <ele>326.49</ele>
      </trkpt>
      <trkpt lat="37.58936000056565" lon="13.366350000724196">
        <ele>327.04</ele>
      </trkpt>
      <trkpt lat="37.58934994228184" lon="13.366370033472776">
        <ele>327.6</ele>
      </trkpt>
      <trkpt lat="37.58932990953326" lon="13.36638000793755">
        <ele>328.17</ele>
      </trkpt>
      <trkpt lat="37.58930987678468" lon="13.36640004068613">
        <ele>328.77</ele>
      </trkpt>
      <trkpt lat="37.58926000446081" lon="13.366419989615679">
        <ele>329.39</ele>
      </trkpt>
      <trkpt lat="37.58925002999604" lon="13.366419989615679">
        <ele>330.02</ele>
      </trkpt>
      <trkpt lat="37.589180041104555" lon="13.366440022364259">
        <ele>330.7</ele>
      </trkpt>
      <trkpt lat="37.58910996839404" lon="13.366449913010001">
        <ele>331.38</ele>
      </trkpt>
      <trkpt lat="37.58909001946449" lon="13.366459971293807">
        <ele>332.08</ele>
      </trkpt>
      <trkpt lat="37.58907996118069" lon="13.366459971293807">
        <ele>332.8</ele>
      </trkpt>
      <trkpt lat="37.58906998671591" lon="13.366469945758581">
        <ele>333.56</ele>
      </trkpt>
      <trkpt lat="37.58902003057301" lon="13.366559883579612">
        <ele>334.39</ele>
      </trkpt>
      <trkpt lat="37.588969990611076" lon="13.366630040109158">
        <ele>335.22</ele>
      </trkpt>
      <trkpt lat="37.58893998339772" lon="13.366719977930188">
        <ele>336.1</ele>
      </trkpt>
      <trkpt lat="37.58889991790056" lon="13.36678996682167">
        <ele>336.99</ele>
      </trkpt>
      <trkpt lat="37.58887988515198" lon="13.36683003231883">
        <ele>337.88</ele>
      </trkpt>
      <trkpt lat="37.58884996175766" lon="13.366889962926507">
        <ele>338.79</ele>
      </trkpt>
      <trkpt lat="37.58882003836334" lon="13.36700001731515">
        <ele>339.76</ele>
      </trkpt>
      <trkpt lat="37.58883001282811" lon="13.367029940709472">
        <ele>340.72</ele>
      </trkpt>
      <trkpt lat="37.58883001282811" lon="13.367060031741858">
        <ele>341.7</ele>
      </trkpt>
      <trkpt lat="37.588839987292886" lon="13.367089871317148">
        <ele>342.71</ele>
      </trkpt>
      <trkpt lat="37.58887988515198" lon="13.367159944027662">
        <ele>343.78</ele>
      </trkpt>
      <trkpt lat="37.58891995064914" lon="13.36723999120295">
        <ele>344.85</ele>
      </trkpt>
      <trkpt lat="37.58891995064914" lon="13.367249881848693">
        <ele>345.89</ele>
      </trkpt>
      <trkpt lat="37.5889600161463" lon="13.36734987795353">
        <ele>346.98</ele>
      </trkpt>
      <trkpt lat="37.588990023359656" lon="13.36745004169643">
        <ele>348.08</ele>
      </trkpt>
      <trkpt lat="37.58902003057301" lon="13.367559928447008">
        <ele>349.22</ele>
      </trkpt>
      <trkpt lat="37.58904995396733" lon="13.367660008370876">
        <ele>350.37</ele>
      </trkpt>
      <trkpt lat="37.58906001225114" lon="13.36766998283565">
        <ele>351.47</ele>
      </trkpt>
      <trkpt lat="37.58909999392927" lon="13.367749862372875">
        <ele>352.62</ele>
      </trkpt>
      <trkpt lat="37.589139975607395" lon="13.36783996783197">
        <ele>353.76</ele>
      </trkpt>
      <trkpt lat="37.589180041104555" lon="13.367929905653">
        <ele>354.9</ele>
      </trkpt>
      <trkpt lat="37.58920996449888" lon="13.36801003664732">
        <ele>356.02</ele>
      </trkpt>
      <trkpt lat="37.58922002278268" lon="13.36805990897119">
        <ele>357.11</ele>
      </trkpt>
      <trkpt lat="37.5892398878932" lon="13.368149930611253">
        <ele>358.22</ele>
      </trkpt>
      <trkpt lat="37.5892398878932" lon="13.368299882858992">
        <ele>359.33</ele>
      </trkpt>
      <trkpt lat="37.5892398878932" lon="13.36841999553144">
        <ele>360.43</ele>
      </trkpt>
      <trkpt lat="37.58922999724746" lon="13.36850993335247">
        <ele>361.49</ele>
      </trkpt>
      <trkpt lat="37.58922999724746" lon="13.368559889495373">
        <ele>362.52</ele>
      </trkpt>
      <trkpt lat="37.58922002278268" lon="13.36869995109737">
        <ele>363.58</ele>
      </trkpt>
      <trkpt lat="37.58920996449888" lon="13.36874001659453">
        <ele>364.56</ele>
      </trkpt>
      <trkpt lat="37.58920996449888" lon="13.368769939988852">
        <ele>365.51</ele>
      </trkpt>
      <trkpt lat="37.589180041104555" lon="13.368899943307042">
        <ele>366.49</ele>
      </trkpt>
      <trkpt lat="37.58916998282075" lon="13.368949983268976">
        <ele>367.4</ele>
      </trkpt>
      <trkpt lat="37.589139975607395" lon="13.369029946625233">
        <ele>368.29</ele>
      </trkpt>
      <trkpt lat="37.58909999392927" lon="13.36917000822723">
        <ele>369.19</ele>
      </trkpt>
      <trkpt lat="37.58906998671591" lon="13.369270004332066">
        <ele>370.05</ele>
      </trkpt>
      <trkpt lat="37.58902992121875" lon="13.369339993223548">
        <ele>370.86</ele>
      </trkpt>
      <trkpt lat="37.588969990611076" lon="13.369499919936061">
        <ele>371.74</ele>
      </trkpt>
      <trkpt lat="37.58893000893295" lon="13.3695600181818">
        <ele>372.55</ele>
      </trkpt>
      <trkpt lat="37.58891995064914" lon="13.369579883292317">
        <ele>373.26</ele>
      </trkpt>
      <trkpt lat="37.5888598524034" lon="13.369649956002831">
        <ele>373.99</ele>
      </trkpt>
      <trkpt lat="37.58877997286618" lon="13.369660014286637">
        <ele>374.59</ele>
      </trkpt>
      <trkpt lat="37.58876002393663" lon="13.369660014286637">
        <ele>375.19</ele>
      </trkpt>
      <trkpt lat="37.58859992958605" lon="13.369660014286637">
        <ele>375.7</ele>
      </trkpt>
      <trkpt lat="37.58850999176502" lon="13.36966990493238">
        <ele>376.27</ele>
      </trkpt>
      <trkpt lat="37.58844989351928" lon="13.369679963216186">
        <ele>376.84</ele>
      </trkpt>
      <trkpt lat="37.58841997012496" lon="13.36968993768096">
        <ele>377.43</ele>
      </trkpt>
      <trkpt lat="37.58837001398206" lon="13.36971977725625">
        <ele>378.02</ele>
      </trkpt>
      <trkpt lat="37.58834998123348" lon="13.369759926572442">
        <ele>378.62</ele>
      </trkpt>
      <trkpt lat="37.5883400067687" lon="13.369809966534376">
        <ele>379.25</ele>
      </trkpt>
      <trkpt lat="37.58836003951728" lon="13.369859922677279">
        <ele>379.92</ele>
      </trkpt>
      <trkpt lat="37.58837001398206" lon="13.369869897142053">
        <ele>380.59</ele>
      </trkpt>
      <trkpt lat="37.588409995660186" lon="13.369920020923018">
        <ele>381.33</ele>
      </trkpt>
      <trkpt lat="37.58846992626786" lon="13.369980035349727">
        <ele>382.11</ele>
      </trkpt>
      <trkpt lat="37.58850001730025" lon="13.369999816641212">
        <ele>382.88</ele>
      </trkpt>
      <trkpt lat="37.588539998978376" lon="13.370029991492629">
        <ele>383.7</ele>
      </trkpt>
      <trkpt lat="37.58857000619173" lon="13.370059914886951">
        <ele>384.55</ele>
      </trkpt>
      <trkpt lat="37.58859992958605" lon="13.37009989656508">
        <ele>385.45</ele>
      </trkpt>
      <trkpt lat="37.58866002783179" lon="13.370199976488948">
        <ele>386.42</ele>
      </trkpt>
      <trkpt lat="37.58871995843947" lon="13.37031003087759">
        <ele>387.43</ele>
      </trkpt>
      <trkpt lat="37.588730016723275" lon="13.370339954271913">
        <ele>388.46</ele>
      </trkpt>
      <trkpt lat="37.58877997286618" lon="13.37044003419578">
        <ele>389.56</ele>
      </trkpt>
      <trkpt lat="37.58891995064914" lon="13.370650000870228">
        <ele>390.79</ele>
      </trkpt>
      <trkpt lat="37.58903997950256" lon="13.370899949222803">
        <ele>392.02</ele>
      </trkpt>
      <trkpt lat="37.58907996118069" lon="13.371030036360025">
        <ele>393.29</ele>
      </trkpt>
      <trkpt lat="37.58909999392927" lon="13.371209995821118">
        <ele>394.64</ele>
      </trkpt>
      <trkpt lat="37.58912002667785" lon="13.371339999139309">
        <ele>396.05</ele>
      </trkpt>
      <trkpt lat="37.589139975607395" lon="13.37149003520608">
        <ele>397.5</ele>
      </trkpt>
      <trkpt lat="37.58914986625314" lon="13.371569998562336">
        <ele>399.01</ele>
      </trkpt>
      <trkpt lat="37.58916998282075" lon="13.371739899739623">
        <ele>400.61</ele>
      </trkpt>
      <trkpt lat="37.58916998282075" lon="13.371790023520589">
        <ele>402.24</ele>
      </trkpt>
      <trkpt lat="37.58916998282075" lon="13.372019855305552">
        <ele>404.02</ele>
      </trkpt>
      <trkpt lat="37.58914986625314" lon="13.372239964082837">
        <ele>405.91</ele>
      </trkpt>
      <trkpt lat="37.58914986625314" lon="13.372259996831417">
        <ele>407.72</ele>
      </trkpt>
      <trkpt lat="37.58913000114262" lon="13.37245998904109">
        <ele>409.71</ele>
      </trkpt>
      <trkpt lat="37.58913000114262" lon="13.372469879686832">
        <ele>411.6</ele>
      </trkpt>
      <trkpt lat="37.58913000114262" lon="13.372683366760612">
        <ele>413.64</ele>
      </trkpt>
      <trkpt lat="37.58913000114262" lon="13.372895931825042">
        <ele>415.78</ele>
      </trkpt>
      <trkpt lat="37.58919487707317" lon="13.373118974268436">
        <ele>417.93</ele>
      </trkpt>
      <trkpt lat="37.58932203054428" lon="13.3733229059726">
        <ele>419.99</ele>
      </trkpt>
      <trkpt lat="37.58940199390054" lon="13.373413933441043">
        <ele>421.98</ele>
      </trkpt>
      <trkpt lat="37.58921801112592" lon="13.37338199838996">
        <ele>424.26</ele>
      </trkpt>
      <trkpt lat="37.58902992121875" lon="13.37322081439197">
        <ele>426.29</ele>
      </trkpt>
      <trkpt lat="37.58889799006283" lon="13.37322081439197">
        <ele>428.42</ele>
      </trkpt>
      <trkpt lat="37.58876899257302" lon="13.373348889872432">
        <ele>430.56</ele>
      </trkpt>
      <trkpt lat="37.58861099369824" lon="13.373504960909486">
        <ele>432.6</ele>
      </trkpt>
      <trkpt lat="37.58861401118338" lon="13.373896982520819">
        <ele>434.69</ele>
      </trkpt>
      <trkpt lat="37.58857989683747" lon="13.374039977788925">
        <ele>436.68</ele>
      </trkpt>
      <trkpt lat="37.58854997344315" lon="13.374169981107116">
        <ele>438.62</ele>
      </trkpt>
      <trkpt lat="37.588519966229796" lon="13.374249944463372">
        <ele>440.5</ele>
      </trkpt>
      <trkpt lat="37.58848995901644" lon="13.374379947781563">
        <ele>442.37</ele>
      </trkpt>
      <trkpt lat="37.58841997012496" lon="13.37462997995317">
        <ele>444.23</ele>
      </trkpt>
      <trkpt lat="37.58835978806019" lon="13.374825194478035">
        <ele>446.01</ele>
      </trkpt>
      <trkpt lat="37.58829994127154" lon="13.37501990608871">
        <ele>447.76</ele>
      </trkpt>
      <trkpt lat="37.58823003619909" lon="13.37523004040122">
        <ele>449.42</ele>
      </trkpt>
      <trkpt lat="37.58820002898574" lon="13.3753399271518">
        <ele>450.93</ele>
      </trkpt>
      <trkpt lat="37.58817999623716" lon="13.37540002539754">
        <ele>452.37</ele>
      </trkpt>
      <trkpt lat="37.5881000328809" lon="13.375649889931083">
        <ele>453.8</ele>
      </trkpt>
      <trkpt lat="37.58807002566755" lon="13.375760028138757">
        <ele>455.11</ele>
      </trkpt>
      <trkpt lat="37.58802996017039" lon="13.375909980386496">
        <ele>456.34</ele>
      </trkpt>
      <trkpt lat="37.588000036776066" lon="13.376039983704686">
        <ele>457.47</ele>
      </trkpt>
      <trkpt lat="37.58798997849226" lon="13.37609002366662">
        <ele>458.52</ele>
      </trkpt>
      <trkpt lat="37.587980004027486" lon="13.37622002698481">
        <ele>459.5</ele>
      </trkpt>
      <trkpt lat="37.587980004027486" lon="13.37630988098681">
        <ele>460.4</ele>
      </trkpt>
      <trkpt lat="37.58797002956271" lon="13.376439884305">
        <ele>461.21</ele>
      </trkpt>
      <trkpt lat="37.58797002956271" lon="13.376580029726028">
        <ele>461.94</ele>
      </trkpt>
      <trkpt lat="37.588000036776066" lon="13.376690000295639">
        <ele>462.61</ele>
      </trkpt>
      <trkpt lat="37.58801001124084" lon="13.37677993811667">
        <ele>463.18</ele>
      </trkpt>
      <trkpt lat="37.58801990188658" lon="13.376899799332023">
        <ele>463.68</ele>
      </trkpt>
      <trkpt lat="37.58803993463516" lon="13.37701991200447">
        <ele>464.13</ele>
      </trkpt>
      <trkpt lat="37.58805996738374" lon="13.377109933644533">
        <ele>464.51</ele>
      </trkpt>
      <trkpt lat="37.5881000328809" lon="13.37720992974937">
        <ele>464.86</ele>
      </trkpt>
      <trkpt lat="37.588110007345676" lon="13.37724999524653">
        <ele>465.13</ele>
      </trkpt>
      <trkpt lat="37.58814001455903" lon="13.377349991351366">
        <ele>465.35</ele>
      </trkpt>
      <trkpt lat="37.58816993795335" lon="13.37746993638575">
        <ele>465.53</ele>
      </trkpt>
      <trkpt lat="37.58816993795335" lon="13.377500027418137">
        <ele>465.66</ele>
      </trkpt>
      <trkpt lat="37.58824998512864" lon="13.377719968557358">
        <ele>465.8</ele>
      </trkpt>
      <trkpt lat="37.588279992341995" lon="13.377830022946">
        <ele>465.86</ele>
      </trkpt>
      <trkpt lat="37.58829994127154" lon="13.37796002626419">
        <ele>465.87</ele>
      </trkpt>
      <trkpt lat="37.58833003230393" lon="13.37808994576335">
        <ele>465.86</ele>
      </trkpt>
      <trkpt lat="37.58837001398206" lon="13.37821994908154">
        <ele>465.84</ele>
      </trkpt>
      <trkpt lat="37.588409995660186" lon="13.37839001789689">
        <ele>465.82</ele>
      </trkpt>
      <trkpt lat="37.588430028408766" lon="13.378529995679855">
        <ele>465.78</ele>
      </trkpt>
      <trkpt lat="37.588430028408766" lon="13.378550028428435">
        <ele>465.7</ele>
      </trkpt>
      <trkpt lat="37.588430028408766" lon="13.37864994071424">
        <ele>465.62</ele>
      </trkpt>
      <trkpt lat="37.588409995660186" lon="13.37875991128385">
        <ele>465.54</ele>
      </trkpt>
      <trkpt lat="37.58837998844683" lon="13.378899972885847">
        <ele>465.46</ele>
      </trkpt>
      <trkpt lat="37.5883400067687" lon="13.379019917920232">
        <ele>465.4</ele>
      </trkpt>
      <trkpt lat="37.58829994127154" lon="13.3791199978441">
        <ele>465.31</ele>
      </trkpt>
      <trkpt lat="37.58828996680677" lon="13.37914983741939">
        <ele>465.21</ele>
      </trkpt>
      <trkpt lat="37.58824998512864" lon="13.37927003391087">
        <ele>465.09</ele>
      </trkpt>
      <trkpt lat="37.58823003619909" lon="13.379349997267127">
        <ele>465.0</ele>
      </trkpt>
      <trkpt lat="37.58820991963148" lon="13.379410011693835">
        <ele>464.93</ele>
      </trkpt>
      <trkpt lat="37.58820002898574" lon="13.379429876804352">
        <ele>464.86</ele>
      </trkpt>
      <trkpt lat="37.58818997070193" lon="13.379540015012026">
        <ele>464.8</ele>
      </trkpt>
      <trkpt lat="37.58820002898574" lon="13.379630036652088">
        <ele>464.8</ele>
      </trkpt>
      <trkpt lat="37.58820991963148" lon="13.379709916189313">
        <ele>464.82</ele>
      </trkpt>
      <trkpt lat="37.58827001787722" lon="13.379925331100821">
        <ele>464.89</ele>
      </trkpt>
      <trkpt lat="37.58833003230393" lon="13.380139907822013">
        <ele>465.0</ele>
      </trkpt>
      <trkpt lat="37.58838007226586" lon="13.380340319126844">
        <ele>465.1</ele>
      </trkpt>
      <trkpt lat="37.588430028408766" lon="13.38053997606039">
        <ele>465.2</ele>
      </trkpt>
      <trkpt lat="37.58846992626786" lon="13.380680037662387">
        <ele>465.34</ele>
      </trkpt>
      <trkpt lat="37.58848995901644" lon="13.380759917199612">
        <ele>465.51</ele>
      </trkpt>
      <trkpt lat="37.58850999176502" lon="13.380829989910126">
        <ele>465.7</ele>
      </trkpt>
      <trkpt lat="37.588519966229796" lon="13.38092990219593">
        <ele>465.95</ele>
      </trkpt>
      <trkpt lat="37.588519966229796" lon="13.380959993228316">
        <ele>466.18</ele>
      </trkpt>
      <trkpt lat="37.588519966229796" lon="13.381059905514121">
        <ele>466.47</ele>
      </trkpt>
      <trkpt lat="37.588519966229796" lon="13.38111991994083">
        <ele>466.76</ele>
      </trkpt>
      <trkpt lat="37.588519966229796" lon="13.381150010973215">
        <ele>467.05</ele>
      </trkpt>
      <trkpt lat="37.588519966229796" lon="13.381189908832312">
        <ele>467.36</ele>
      </trkpt>
      <trkpt lat="37.58848995901644" lon="13.38128998875618">
        <ele>467.69</ele>
      </trkpt>
      <trkpt lat="37.58846992626786" lon="13.38135989382863">
        <ele>468.04</ele>
      </trkpt>
      <trkpt lat="37.58844989351928" lon="13.38141999207437">
        <ele>468.4</ele>
      </trkpt>
      <trkpt lat="37.588430028408766" lon="13.381489897146821">
        <ele>468.76</ele>
      </trkpt>
      <trkpt lat="37.58841997012496" lon="13.381559969857335">
        <ele>469.13</ele>
      </trkpt>
      <trkpt lat="37.58838979527354" lon="13.381649991497397">
        <ele>469.5</ele>
      </trkpt>
      <trkpt lat="37.58838979527354" lon="13.381749903783202">
        <ele>469.89</ele>
      </trkpt>
      <trkpt lat="37.58838979527354" lon="13.381800027564168">
        <ele>470.29</ele>
      </trkpt>
      <trkpt lat="37.58838979527354" lon="13.38184998370707">
        <ele>470.69</ele>
      </trkpt>
      <trkpt lat="37.58838979527354" lon="13.38199993595481">
        <ele>471.09</ele>
      </trkpt>
      <trkpt lat="37.58840002119541" lon="13.38221987709403">
        <ele>471.52</ele>
      </trkpt>
      <trkpt lat="37.588409995660186" lon="13.382439985871315">
        <ele>471.99</ele>
      </trkpt>
      <trkpt lat="37.58841997012496" lon="13.382639978080988">
        <ele>472.45</ele>
      </trkpt>
      <trkpt lat="37.588430028408766" lon="13.382660010829568">
        <ele>472.85</ele>
      </trkpt>
      <trkpt lat="37.58844000287354" lon="13.382809879258275">
        <ele>473.28</ele>
      </trkpt>
      <trkpt lat="37.58844000287354" lon="13.382929908111691">
        <ele>473.66</ele>
      </trkpt>
      <trkpt lat="37.588430028408766" lon="13.383090002462268">
        <ele>474.01</ele>
      </trkpt>
      <trkpt lat="37.588430028408766" lon="13.38315999135375">
        <ele>474.33</ele>
      </trkpt>
      <trkpt lat="37.588430028408766" lon="13.383259987458587">
        <ele>474.63</ele>
      </trkpt>
      <trkpt lat="37.588430028408766" lon="13.383450005203485">
        <ele>474.91</ele>
      </trkpt>
      <trkpt lat="37.58844000287354" lon="13.38356995023787">
        <ele>475.17</ele>
      </trkpt>
      <trkpt lat="37.58846003562212" lon="13.383710011839867">
        <ele>475.35</ele>
      </trkpt>
      <trkpt lat="37.58847990073264" lon="13.383840015158057">
        <ele>475.51</ele>
      </trkpt>
      <trkpt lat="37.58848995901644" lon="13.384010000154376">
        <ele>475.59</ele>
      </trkpt>
      <trkpt lat="37.58848995901644" lon="13.38401997461915">
        <ele>475.62</ele>
      </trkpt>
      <trkpt lat="37.58850001730025" lon="13.384169926866889">
        <ele>475.62</ele>
      </trkpt>
      <trkpt lat="37.58850999176502" lon="13.384330021217465">
        <ele>475.52</ele>
      </trkpt>
      <trkpt lat="37.58850001730025" lon="13.38446999900043">
        <ele>475.35</ele>
      </trkpt>
      <trkpt lat="37.58848995901644" lon="13.38449003174901">
        <ele>475.17</ele>
      </trkpt>
      <trkpt lat="37.58846992626786" lon="13.384590027853847">
        <ele>474.92</ele>
      </trkpt>
      <trkpt lat="37.58844989351928" lon="13.384689940139651">
        <ele>474.62</ele>
      </trkpt>
      <trkpt lat="37.58841997012496" lon="13.384929914027452">
        <ele>474.22</ele>
      </trkpt>
      <trkpt lat="37.588409995660186" lon="13.385090008378029">
        <ele>473.81</ele>
      </trkpt>
      <trkpt lat="37.58840002119541" lon="13.3851398807019">
        <ele>473.4</ele>
      </trkpt>
      <trkpt lat="37.58837998844683" lon="13.38522001169622">
        <ele>472.93</ele>
      </trkpt>
      <trkpt lat="37.58834998123348" lon="13.38530994951725">
        <ele>472.43</ele>
      </trkpt>
      <trkpt lat="37.58830999955535" lon="13.38539988733828">
        <ele>471.9</ele>
      </trkpt>
      <trkpt lat="37.588279992341995" lon="13.385489908978343">
        <ele>471.33</ele>
      </trkpt>
      <trkpt lat="37.58824998512864" lon="13.385579930618405">
        <ele>470.74</ele>
      </trkpt>
      <trkpt lat="37.58824998512864" lon="13.385659893974662">
        <ele>470.13</ele>
      </trkpt>
      <trkpt lat="37.588259959593415" lon="13.38573994114995">
        <ele>469.48</ele>
      </trkpt>
      <trkpt lat="37.58827001787722" lon="13.38578000664711">
        <ele>468.81</ele>
      </trkpt>
      <trkpt lat="37.58827001787722" lon="13.38580003939569">
        <ele>468.11</ele>
      </trkpt>
      <trkpt lat="37.588279992341995" lon="13.385880002751946">
        <ele>467.37</ele>
      </trkpt>
      <trkpt lat="37.588279992341995" lon="13.385949991643429">
        <ele>466.6</ele>
      </trkpt>
      <trkpt lat="37.588279992341995" lon="13.386010006070137">
        <ele>465.81</ele>
      </trkpt>
      <trkpt lat="37.58827001787722" lon="13.38603992946446">
        <ele>464.99</ele>
      </trkpt>
      <trkpt lat="37.588259959593415" lon="13.386119976639748">
        <ele>464.14</ele>
      </trkpt>
      <trkpt lat="37.58824998512864" lon="13.38623003102839">
        <ele>463.25</ele>
      </trkpt>
      <trkpt lat="37.58824001066387" lon="13.386239921674132">
        <ele>462.37</ele>
      </trkpt>
      <trkpt lat="37.58824998512864" lon="13.38631996884942">
        <ele>461.44</ele>
      </trkpt>
      <trkpt lat="37.588259959593415" lon="13.386329775676131">
        <ele>460.51</ele>
      </trkpt>
      <trkpt lat="37.58827001787722" lon="13.386349892243743">
        <ele>459.56</ele>
      </trkpt>
      <trkpt lat="37.58828996680677" lon="13.38636003434658">
        <ele>458.6</ele>
      </trkpt>
      <trkpt lat="37.58830999955535" lon="13.386429939419031">
        <ele>457.59</ele>
      </trkpt>
      <trkpt lat="37.58831997402012" lon="13.386479979380965">
        <ele>456.57</ele>
      </trkpt>
      <trkpt lat="37.58831997402012" lon="13.386570001021028">
        <ele>455.51</ele>
      </trkpt>
      <trkpt lat="37.58831997402012" lon="13.386649880558252">
        <ele>454.44</ele>
      </trkpt>
      <trkpt lat="37.58831997402012" lon="13.386659938842058">
        <ele>453.39</ele>
      </trkpt>
      <trkpt lat="37.58831997402012" lon="13.386720037087798">
        <ele>452.3</ele>
      </trkpt>
      <trkpt lat="37.58829994127154" lon="13.386799832805991">
        <ele>451.2</ele>
      </trkpt>
      <trkpt lat="37.58820002898574" lon="13.38707978837192">
        <ele>449.98</ele>
      </trkpt>
      <trkpt lat="37.588114868849516" lon="13.387315152212977">
        <ele>448.8</ele>
      </trkpt>
      <trkpt lat="37.58802996017039" lon="13.38754984550178">
        <ele>447.58</ele>
      </trkpt>
      <trkpt lat="37.58804999291897" lon="13.387900041416287">
        <ele>446.43</ele>
      </trkpt>
      <trkpt lat="37.5881000328809" lon="13.388215620070696">
        <ele>445.34</ele>
      </trkpt>
      <trkpt lat="37.58814990520477" lon="13.38853002525866">
        <ele>444.26</ele>
      </trkpt>
      <trkpt lat="37.588210087269545" lon="13.388910731300712">
        <ele>443.11</ele>
      </trkpt>
      <trkpt lat="37.58827001787722" lon="13.389289928600192">
        <ele>441.94</ele>
      </trkpt>
      <trkpt lat="37.58832508698106" lon="13.3895053435117">
        <ele>440.88</ele>
      </trkpt>
      <trkpt lat="37.58837998844683" lon="13.389719920232892">
        <ele>439.81</ele>
      </trkpt>
      <trkpt lat="37.58840002119541" lon="13.38984003290534">
        <ele>438.78</ele>
      </trkpt>
      <trkpt lat="37.58844000287354" lon="13.389959894120693">
        <ele>437.78</ele>
      </trkpt>
      <trkpt lat="37.58851510472596" lon="13.390150163322687">
        <ele>436.82</ele>
      </trkpt>
      <trkpt lat="37.58859003894031" lon="13.39033992961049">
        <ele>435.87</ele>
      </trkpt>
      <trkpt lat="37.58869011886418" lon="13.390590297058225">
        <ele>434.91</ele>
      </trkpt>
      <trkpt lat="37.58879003114998" lon="13.390839910134673">
        <ele>433.98</ele>
      </trkpt>
      <trkpt lat="37.588839987292886" lon="13.39093990623951">
        <ele>433.13</ele>
      </trkpt>
      <trkpt lat="37.588839987292886" lon="13.390949964523315">
        <ele>432.3</ele>
      </trkpt>
      <trkpt lat="37.58897996507585" lon="13.391139898449183">
        <ele>431.54</ele>
      </trkpt>
      <trkpt lat="37.58907996118069" lon="13.391329916194081">
        <ele>430.78</ele>
      </trkpt>
      <trkpt lat="37.58910996839404" lon="13.39140996336937">
        <ele>430.04</ele>
      </trkpt>
      <trkpt lat="37.589139975607395" lon="13.391529992222786">
        <ele>429.32</ele>
      </trkpt>
      <trkpt lat="37.58914986625314" lon="13.39164993725717">
        <ele>428.6</ele>
      </trkpt>
      <trkpt lat="37.589139975607395" lon="13.39179988950491">
        <ele>427.91</ele>
      </trkpt>
      <trkpt lat="37.58912002667785" lon="13.391909943893552">
        <ele>427.24</ele>
      </trkpt>
      <trkpt lat="37.58909001946449" lon="13.39205989614129">
        <ele>426.6</ele>
      </trkpt>
      <trkpt lat="37.58909999392927" lon="13.392149917781353">
        <ele>426.04</ele>
      </trkpt>
      <trkpt lat="37.58909999392927" lon="13.392180008813739">
        <ele>425.52</ele>
      </trkpt>
      <trkpt lat="37.58910996839404" lon="13.39222988113761">
        <ele>425.04</ele>
      </trkpt>
      <trkpt lat="37.58913000114262" lon="13.392259972169995">
        <ele>424.61</ele>
      </trkpt>
      <trkpt lat="37.58914986625314" lon="13.392300037667155">
        <ele>424.22</ele>
      </trkpt>
      <trkpt lat="37.589180041104555" lon="13.3923598844558">
        <ele>423.85</ele>
      </trkpt>
      <trkpt lat="37.58925002999604" lon="13.39242978952825">
        <ele>423.57</ele>
      </trkpt>
      <trkpt lat="37.58945496752858" lon="13.392674876376987">
        <ele>423.31</ele>
      </trkpt>
      <trkpt lat="37.58965998888016" lon="13.39291987940669">
        <ele>423.05</ele>
      </trkpt>
      <trkpt lat="37.58968999609351" lon="13.39295994490385">
        <ele>422.82</ele>
      </trkpt>
      <trkpt lat="37.58972997777164" lon="13.393029933795333">
        <ele>422.61</ele>
      </trkpt>
      <trkpt lat="37.58975990116596" lon="13.393079973757267">
        <ele>422.47</ele>
      </trkpt>
      <trkpt lat="37.58978999219835" lon="13.393139988183975">
        <ele>422.36</ele>
      </trkpt>
      <trkpt lat="37.5898199994117" lon="13.393230009824038">
        <ele>422.26</ele>
      </trkpt>
      <trkpt lat="37.58984003216028" lon="13.393309889361262">
        <ele>422.18</ele>
      </trkpt>
      <trkpt lat="37.58985998108983" lon="13.39343000203371">
        <ele>422.15</ele>
      </trkpt>
      <trkpt lat="37.58985998108983" lon="13.393479874357581">
        <ele>422.12</ele>
      </trkpt>
      <trkpt lat="37.58985998108983" lon="13.393609877675772">
        <ele>422.09</ele>
      </trkpt>
      <trkpt lat="37.58985998108983" lon="13.393639968708158">
        <ele>422.13</ele>
      </trkpt>
      <trkpt lat="37.58985998108983" lon="13.39381992816925">
        <ele>422.17</ele>
      </trkpt>
      <trkpt lat="37.589870039373636" lon="13.393999971449375">
        <ele>422.24</ele>
      </trkpt>
      <trkpt lat="37.58988990448415" lon="13.39413994923234">
        <ele>422.36</ele>
      </trkpt>
      <trkpt lat="37.58990993723273" lon="13.39422988705337">
        <ele>422.52</ele>
      </trkpt>
      <trkpt lat="37.58992996998131" lon="13.39431001804769">
        <ele>422.71</ele>
      </trkpt>
      <trkpt lat="37.58995997719467" lon="13.394370032474399">
        <ele>422.94</ele>
      </trkpt>
      <trkpt lat="37.58998000994325" lon="13.394410014152527">
        <ele>423.19</ele>
      </trkpt>
      <trkpt lat="37.5900100171566" lon="13.39443993754685">
        <ele>423.46</ele>
      </trkpt>
      <trkpt lat="37.590129962190986" lon="13.39450003579259">
        <ele>423.83</ele>
      </trkpt>
      <trkpt lat="37.590279998257756" lon="13.394559966400266">
        <ele>424.26</ele>
      </trkpt>
      <trkpt lat="37.590300031006336" lon="13.39456994086504">
        <ele>424.58</ele>
      </trkpt>
      <trkpt lat="37.59038996882737" lon="13.3946100063622">
        <ele>424.98</ele>
      </trkpt>
      <trkpt lat="37.59040002711117" lon="13.3946100063622">
        <ele>425.32</ele>
      </trkpt>
      <trkpt lat="37.59043003432453" lon="13.394639929756522">
        <ele>425.66</ele>
      </trkpt>
      <trkpt lat="37.59046004153788" lon="13.394670020788908">
        <ele>426.0</ele>
      </trkpt>
      <trkpt lat="37.59050002321601" lon="13.39471997693181">
        <ele>426.33</ele>
      </trkpt>
      <trkpt lat="37.59051997214556" lon="13.394789882004261">
        <ele>426.6</ele>
      </trkpt>
      <trkpt lat="37.59053003042936" lon="13.394840005785227">
        <ele>426.89</ele>
      </trkpt>
      <trkpt lat="37.59054000489414" lon="13.394900020211935">
        <ele>427.16</ele>
      </trkpt>
      <trkpt lat="37.59054997935891" lon="13.394959950819612">
        <ele>427.43</ele>
      </trkpt>
      <trkpt lat="37.59056003764272" lon="13.39501996524632">
        <ele>427.72</ele>
      </trkpt>
      <trkpt lat="37.590579986572266" lon="13.395079979673028">
        <ele>428.03</ele>
      </trkpt>
      <trkpt lat="37.59060999378562" lon="13.395139994099736">
        <ele>428.34</ele>
      </trkpt>
      <trkpt lat="37.5906300265342" lon="13.39519003406167">
        <ele>428.65</ele>
      </trkpt>
      <trkpt lat="37.590649891644716" lon="13.395219957455993">
        <ele>428.97</ele>
      </trkpt>
      <trkpt lat="37.59067000821233" lon="13.395249964669347">
        <ele>429.3</ele>
      </trkpt>
      <trkpt lat="37.59069004096091" lon="13.395269997417927">
        <ele>429.63</ele>
      </trkpt>
      <trkpt lat="37.590709989890456" lon="13.395289778709412">
        <ele>429.96</ele>
      </trkpt>
      <trkpt lat="37.59076992049813" lon="13.395339902490377">
        <ele>430.34</ele>
      </trkpt>
      <trkpt lat="37.59083999320865" lon="13.395400000736117">
        <ele>430.71</ele>
      </trkpt>
      <trkpt lat="37.59093001484871" lon="13.39547979645431">
        <ele>431.09</ele>
      </trkpt>
      <trkpt lat="37.59097997099161" lon="13.395550036802888">
        <ele>431.42</ele>
      </trkpt>
      <trkpt lat="37.591009978204966" lon="13.395590018481016">
        <ele>431.73</ele>
      </trkpt>
      <trkpt lat="37.59102003648877" lon="13.395609883591533">
        <ele>432.02</ele>
      </trkpt>
      <trkpt lat="37.59102003648877" lon="13.395639974623919">
        <ele>432.29</ele>
      </trkpt>
      <trkpt lat="37.59102003648877" lon="13.395649949088693">
        <ele>432.56</ele>
      </trkpt>
      <trkpt lat="37.59102003648877" lon="13.395680040121078">
        <ele>432.81</ele>
      </trkpt>
      <trkpt lat="37.59102003648877" lon="13.395739886909723">
        <ele>433.05</ele>
      </trkpt>
      <trkpt lat="37.59097997099161" lon="13.395899897441268">
        <ele>433.22</ele>
      </trkpt>
      <trkpt lat="37.59090998210013" lon="13.396209944039583">
        <ele>433.35</ele>
      </trkpt>
      <trkpt lat="37.59090998210013" lon="13.396240035071969">
        <ele>433.6</ele>
      </trkpt>
      <trkpt lat="37.590844854712486" lon="13.396540442481637">
        <ele>433.9</ele>
      </trkpt>
      <trkpt lat="37.59077997878194" lon="13.396839927881956">
        <ele>434.19</ele>
      </trkpt>
      <trkpt lat="37.59073991328478" lon="13.396959956735373">
        <ele>434.45</ele>
      </trkpt>
      <trkpt lat="37.59071996435523" lon="13.39701997116208">
        <ele>434.67</ele>
      </trkpt>
      <trkpt lat="37.59069004096091" lon="13.397079985588789">
        <ele>434.87</ele>
      </trkpt>
      <trkpt lat="37.59063991717994" lon="13.397140000015497">
        <ele>435.06</ele>
      </trkpt>
      <trkpt lat="37.59058996103704" lon="13.39720998890698">
        <ele>435.26</ele>
      </trkpt>
      <trkpt lat="37.590429950505495" lon="13.39740495197475">
        <ele>435.46</ele>
      </trkpt>
      <trkpt lat="37.59026993997395" lon="13.39759991504252">
        <ele>435.68</ele>
      </trkpt>
      <trkpt lat="37.59020992554724" lon="13.397669903934002">
        <ele>435.84</ele>
      </trkpt>
      <trkpt lat="37.59018989279866" lon="13.39770988561213">
        <ele>436.05</ele>
      </trkpt>
      <trkpt lat="37.590149994939566" lon="13.39776998385787">
        <ele>436.23</ele>
      </trkpt>
      <trkpt lat="37.59014002047479" lon="13.397809965535998">
        <ele>436.42</ele>
      </trkpt>
      <trkpt lat="37.590129962190986" lon="13.3978599216789">
        <ele>436.61</ele>
      </trkpt>
      <trkpt lat="37.59010003879666" lon="13.397960001602769">
        <ele>436.77</ele>
      </trkpt>
      <trkpt lat="37.59010003879666" lon="13.397989924997091">
        <ele>436.97</ele>
      </trkpt>
      <trkpt lat="37.59010003879666" lon="13.398059830069542">
        <ele>437.17</ele>
      </trkpt>
      <trkpt lat="37.59011001326144" lon="13.398190001025796">
        <ele>437.36</ele>
      </trkpt>
      <trkpt lat="37.59014002047479" lon="13.398440452292562">
        <ele>437.55</ele>
      </trkpt>
      <trkpt lat="37.590170027688146" lon="13.398689981549978">
        <ele>437.75</ele>
      </trkpt>
      <trkpt lat="37.59017991833389" lon="13.398749995976686">
        <ele>437.95</ele>
      </trkpt>
      <trkpt lat="37.59022995829582" lon="13.399119973182678">
        <ele>438.22</ele>
      </trkpt>
      <trkpt lat="37.59024001657963" lon="13.399129947647452">
        <ele>438.41</ele>
      </trkpt>
      <trkpt lat="37.590279998257756" lon="13.399439994245768">
        <ele>438.58</ele>
      </trkpt>
      <trkpt lat="37.590279998257756" lon="13.39950998313725">
        <ele>438.71</ele>
      </trkpt>
      <trkpt lat="37.59028997272253" lon="13.39955985546112">
        <ele>438.85</ele>
      </trkpt>
      <trkpt lat="37.59031000547111" lon="13.399609811604023">
        <ele>438.98</ele>
      </trkpt>
      <trkpt lat="37.59031989611685" lon="13.399649877101183">
        <ele>439.08</ele>
      </trkpt>
      <trkpt lat="37.59033992886543" lon="13.399700000882149">
        <ele>439.17</ele>
      </trkpt>
      <trkpt lat="37.59034998714924" lon="13.399729924276471">
        <ele>439.22</ele>
      </trkpt>
      <trkpt lat="37.59037001989782" lon="13.3997699059546">
        <ele>439.25</ele>
      </trkpt>
      <trkpt lat="37.59041000157595" lon="13.39983000420034">
        <ele>439.26</ele>
      </trkpt>
      <trkpt lat="37.5904400087893" lon="13.399869985878468">
        <ele>439.24</ele>
      </trkpt>
      <trkpt lat="37.5904400087893" lon="13.39987987652421">
        <ele>439.17</ele>
      </trkpt>
      <trkpt lat="37.59047999046743" lon="13.399930000305176">
        <ele>439.07</ele>
      </trkpt>
      <trkpt lat="37.59060999378562" lon="13.40009001083672">
        <ele>438.93</ele>
      </trkpt>
      <trkpt lat="37.5906799826771" lon="13.400179948657751">
        <ele>438.73</ele>
      </trkpt>
      <trkpt lat="37.59073991328478" lon="13.40025999583304">
        <ele>438.48</ele>
      </trkpt>
      <trkpt lat="37.59078995324671" lon="13.40032990090549">
        <ele>438.19</ele>
      </trkpt>
      <trkpt lat="37.59083999320865" lon="13.40041003189981">
        <ele>437.84</ele>
      </trkpt>
      <trkpt lat="37.590870000422" lon="13.40045990422368">
        <ele>437.43</ele>
      </trkpt>
      <trkpt lat="37.59089003317058" lon="13.400499885901809">
        <ele>436.95</ele>
      </trkpt>
      <trkpt lat="37.59093998931348" lon="13.400609940290451">
        <ele>436.42</ele>
      </trkpt>
      <trkpt lat="37.59099002927542" lon="13.400770034641027">
        <ele>435.8</ele>
      </trkpt>
      <trkpt lat="37.59107996709645" lon="13.40107991360128">
        <ele>435.1</ele>
      </trkpt>
      <trkpt lat="37.5911099743098" lon="13.40118988417089">
        <ele>434.35</ele>
      </trkpt>
      <trkpt lat="37.591139981523156" lon="13.401249898597598">
        <ele>433.55</ele>
      </trkpt>
      <trkpt lat="37.59116998873651" lon="13.401289964094758">
        <ele>432.68</ele>
      </trkpt>
      <trkpt lat="37.59119991213083" lon="13.401330029591918">
        <ele>431.74</ele>
      </trkpt>
      <trkpt lat="37.59134500287473" lon="13.401439748704433">
        <ele>430.72</ele>
      </trkpt>
      <trkpt lat="37.591225393116474" lon="13.40173621661961">
        <ele>429.57</ele>
      </trkpt>
      <trkpt lat="37.591149704530835" lon="13.401949536055326">
        <ele>428.42</ele>
      </trkpt>
      <trkpt lat="37.59107426740229" lon="13.402162352576852">
        <ele>427.17</ele>
      </trkpt>
      <trkpt lat="37.59099220857024" lon="13.40237969532609">
        <ele>425.89</ele>
      </trkpt>
      <trkpt lat="37.59091040119529" lon="13.402596451342106">
        <ele>424.56</ele>
      </trkpt>
      <trkpt lat="37.59082649834454" lon="13.402783367782831">
        <ele>423.16</ele>
      </trkpt>
      <trkpt lat="37.590742679312825" lon="13.402969781309366">
        <ele>421.72</ele>
      </trkpt>
      <trkpt lat="37.59064326994121" lon="13.403217801824212">
        <ele>420.22</ele>
      </trkpt>
      <trkpt lat="37.59056892246008" lon="13.403470683842897">
        <ele>418.68</ele>
      </trkpt>
      <trkpt lat="37.59048979729414" lon="13.403600184246898">
        <ele>417.08</ele>
      </trkpt>
      <trkpt lat="37.59038954973221" lon="13.403625162318349">
        <ele>415.42</ele>
      </trkpt>
      <trkpt lat="37.59027203544974" lon="13.403446041047573">
        <ele>413.7</ele>
      </trkpt>
      <trkpt lat="37.590182768180966" lon="13.403108501806855">
        <ele>411.9</ele>
      </trkpt>
      <trkpt lat="37.59011118672788" lon="13.402797114104033">
        <ele>410.11</ele>
      </trkpt>
      <trkpt lat="37.590034157037735" lon="13.40252235531807">
        <ele>408.31</ele>
      </trkpt>
      <trkpt lat="37.58997766301036" lon="13.402264527976513">
        <ele>406.51</ele>
      </trkpt>
      <trkpt lat="37.58989023976028" lon="13.401990188285708">
        <ele>404.63</ele>
      </trkpt>
      <trkpt lat="37.5898546166718" lon="13.401770666241646">
        <ele>402.86</ele>
      </trkpt>
      <trkpt lat="37.58977775461972" lon="13.401510156691074">
        <ele>401.06</ele>
      </trkpt>
      <trkpt lat="37.58966585621238" lon="13.401295663788915">
        <ele>399.29</ele>
      </trkpt>
      <trkpt lat="37.5895559694618" lon="13.401064239442348">
        <ele>397.61</ele>
      </trkpt>
      <trkpt lat="37.58938740938902" lon="13.400850417092443">
        <ele>395.83</ele>
      </trkpt>
      <trkpt lat="37.58926318958402" lon="13.400686299428344">
        <ele>394.12</ele>
      </trkpt>
      <trkpt lat="37.589129246771336" lon="13.400541208684444">
        <ele>392.43</ele>
      </trkpt>
      <trkpt lat="37.58901215158403" lon="13.40038605965674">
        <ele>390.81</ele>
      </trkpt>
      <trkpt lat="37.588902432471514" lon="13.400240885093808">
        <ele>389.24</ele>
      </trkpt>
      <trkpt lat="37.588770082220435" lon="13.400062769651413">
        <ele>387.71</ele>
      </trkpt>
      <trkpt lat="37.588662123307586" lon="13.399939052760601">
        <ele>386.23</ele>
      </trkpt>
      <trkpt lat="37.58856028318405" lon="13.3997958060354">
        <ele>384.78</ele>
      </trkpt>
      <trkpt lat="37.58848199620843" lon="13.39963554404676">
        <ele>383.38</ele>
      </trkpt>
      <trkpt lat="37.58847964927554" lon="13.399514509364963">
        <ele>382.08</ele>
      </trkpt>
      <trkpt lat="37.58847713470459" lon="13.39943622238934">
        <ele>380.86</ele>
      </trkpt>
      <trkpt lat="37.58847864344716" lon="13.39936246164143">
        <ele>379.7</ele>
      </trkpt>
      <trkpt lat="37.58848920464516" lon="13.399306638166308">
        <ele>378.61</ele>
      </trkpt>
      <trkpt lat="37.588492976501584" lon="13.399277217686176">
        <ele>377.57</ele>
      </trkpt>
      <trkpt lat="37.58849775418639" lon="13.399257268756628">
        <ele>376.6</ele>
      </trkpt>
      <trkpt lat="37.58849733509123" lon="13.399215694516897">
        <ele>375.68</ele>
      </trkpt>
      <trkpt lat="37.588506219908595" lon="13.399199852719903">
        <ele>374.82</ele>
      </trkpt>
      <trkpt lat="37.58851560764015" lon="13.399151740595698">
        <ele>374.01</ele>
      </trkpt>
      <trkpt lat="37.58852809667587" lon="13.399131372570992">
        <ele>373.25</ele>
      </trkpt>
      <trkpt lat="37.58855625987053" lon="13.399085439741611">
        <ele>372.53</ele>
      </trkpt>
      <trkpt lat="37.58858123794198" lon="13.399044619873166">
        <ele>371.87</ele>
      </trkpt>
      <trkpt lat="37.588584423065186" lon="13.399039506912231">
        <ele>371.23</ele>
      </trkpt>
      <trkpt lat="37.58861409500241" lon="13.398978905752301">
        <ele>370.65</ele>
      </trkpt>
      <trkpt lat="37.58861702866852" lon="13.398973625153303">
        <ele>370.07</ele>
      </trkpt>
      <trkpt lat="37.58866346441209" lon="13.398816967383027">
        <ele>369.54</ele>
      </trkpt>
      <trkpt lat="37.58865365758538" lon="13.398649832233787">
        <ele>368.95</ele>
      </trkpt>
      <trkpt lat="37.588669918477535" lon="13.39852443896234">
        <ele>368.44</ele>
      </trkpt>
      <trkpt lat="37.58865516632795" lon="13.398381108418107">
        <ele>367.9</ele>
      </trkpt>
      <trkpt lat="37.588646952062845" lon="13.398238196969032">
        <ele>367.39</ele>
      </trkpt>
      <trkpt lat="37.58861543610692" lon="13.398121101781726">
        <ele>366.88</ele>
      </trkpt>
      <trkpt lat="37.58858693763614" lon="13.397965198382735">
        <ele>366.4</ele>
      </trkpt>
      <trkpt lat="37.588468082249165" lon="13.397829914465547">
        <ele>365.82</ele>
      </trkpt>
      <trkpt lat="37.588398260995746" lon="13.397758081555367">
        <ele>365.33</ele>
      </trkpt>
      <trkpt lat="37.588392812758684" lon="13.397732600569725">
        <ele>364.92</ele>
      </trkpt>
      <trkpt lat="37.58834092877805" lon="13.397648613899946">
        <ele>364.47</ele>
      </trkpt>
      <trkpt lat="37.58821704424918" lon="13.397464044392109">
        <ele>364.03</ele>
      </trkpt>
      <trkpt lat="37.58809802122414" lon="13.397297412157059">
        <ele>363.64</ele>
      </trkpt>
      <trkpt lat="37.5879982765764" lon="13.39712206274271">
        <ele>363.28</ele>
      </trkpt>
      <trkpt lat="37.58781110867858" lon="13.396961214020848">
        <ele>362.9</ele>
      </trkpt>
      <trkpt lat="37.587653025984764" lon="13.39677320793271">
        <ele>362.52</ele>
      </trkpt>
      <trkpt lat="37.587525956332684" lon="13.396627781912684">
        <ele>362.11</ele>
      </trkpt>
      <trkpt lat="37.58742227219045" lon="13.396485708653927">
        <ele>361.64</ele>
      </trkpt>
      <trkpt lat="37.587333507835865" lon="13.396397782489657">
        <ele>361.15</ele>
      </trkpt>
      <trkpt lat="37.58725513704121" lon="13.3962522726506">
        <ele>360.66</ele>
      </trkpt>
      <trkpt lat="37.58722487837076" lon="13.3960812818259">
        <ele>360.2</ele>
      </trkpt>
      <trkpt lat="37.587202079594135" lon="13.39599084109068">
        <ele>359.71</ele>
      </trkpt>
      <trkpt lat="37.58714214898646" lon="13.395848348736763">
        <ele>359.2</ele>
      </trkpt>
      <trkpt lat="37.587021281942725" lon="13.395693199709058">
        <ele>358.63</ele>
      </trkpt>
      <trkpt lat="37.58693419396877" lon="13.395627569407225">
        <ele>358.04</ele>
      </trkpt>
      <trkpt lat="37.58688608184457" lon="13.395629581063986">
        <ele>357.44</ele>
      </trkpt>
      <trkpt lat="37.586834197863936" lon="13.395690098404884">
        <ele>356.8</ele>
      </trkpt>
      <trkpt lat="37.58678985759616" lon="13.395795542746782">
        <ele>356.12</ele>
      </trkpt>
      <trkpt lat="37.586768232285976" lon="13.395880116149783">
        <ele>355.37</ele>
      </trkpt>
      <trkpt lat="37.58677971549332" lon="13.396029816940427">
        <ele>354.54</ele>
      </trkpt>
      <trkpt lat="37.58676689118147" lon="13.396177589893341">
        <ele>353.68</ele>
      </trkpt>
      <trkpt lat="37.58668843656778" lon="13.396322010084987">
        <ele>352.78</ele>
      </trkpt>
      <trkpt lat="37.58663613349199" lon="13.396505825221539">
        <ele>351.85</ele>
      </trkpt>
      <trkpt lat="37.586579052731395" lon="13.396638594567776">
        <ele>350.91</ele>
      </trkpt>
      <trkpt lat="37.58651618845761" lon="13.396775722503662">
        <ele>349.95</ele>
      </trkpt>
      <trkpt lat="37.58645374327898" lon="13.396948054432869">
        <ele>348.88</ele>
      </trkpt>
      <trkpt lat="37.58641527034342" lon="13.397111166268587">
        <ele>347.75</ele>
      </trkpt>
      <trkpt lat="37.586360620334744" lon="13.39726916514337">
        <ele>346.64</ele>
      </trkpt>
      <trkpt lat="37.58630161173642" lon="13.397406209260225">
        <ele>345.54</ele>
      </trkpt>
      <trkpt lat="37.5862281024456" lon="13.397555155679584">
        <ele>344.46</ele>
      </trkpt>
      <trkpt lat="37.58624310605228" lon="13.39777635410428">
        <ele>343.17</ele>
      </trkpt>
      <trkpt lat="37.586260540410876" lon="13.398007191717625">
        <ele>341.9</ele>
      </trkpt>
      <trkpt lat="37.58624603971839" lon="13.398175751790404">
        <ele>340.69</ele>
      </trkpt>
      <trkpt lat="37.58620614185929" lon="13.398307263851166">
        <ele>339.46</ele>
      </trkpt>
      <trkpt lat="37.5861955806613" lon="13.398437686264515">
        <ele>338.22</ele>
      </trkpt>
      <trkpt lat="37.586093824356794" lon="13.3985576312989">
        <ele>337.0</ele>
      </trkpt>
      <trkpt lat="37.58602408692241" lon="13.398687886074185">
        <ele>335.73</ele>
      </trkpt>
      <trkpt lat="37.58592735975981" lon="13.398846555501223">
        <ele>334.49</ele>
      </trkpt>
      <trkpt lat="37.585865668952465" lon="13.39901989325881">
        <ele>333.24</ele>
      </trkpt>
      <trkpt lat="37.58583649992943" lon="13.399210581555963">
        <ele>332.01</ele>
      </trkpt>
      <trkpt lat="37.585866674780846" lon="13.399352822452784">
        <ele>330.81</ele>
      </trkpt>
      <trkpt lat="37.58591461926699" lon="13.399568321183324">
        <ele>329.62</ele>
      </trkpt>
      <trkpt lat="37.585962228477" lon="13.399719195440412">
        <ele>328.48</ele>
      </trkpt>
      <trkpt lat="37.58601143024862" lon="13.399837128818035">
        <ele>327.35</ele>
      </trkpt>
      <trkpt lat="37.58597086183727" lon="13.400023877620697">
        <ele>326.29</ele>
      </trkpt>
      <trkpt lat="37.585962899029255" lon="13.40015446767211">
        <ele>325.25</ele>
      </trkpt>
      <trkpt lat="37.58595158345997" lon="13.400365523993969">
        <ele>324.23</ele>
      </trkpt>
      <trkpt lat="37.585988799110055" lon="13.400559984147549">
        <ele>323.26</ele>
      </trkpt>
      <trkpt lat="37.58604093454778" lon="13.400819068774581">
        <ele>322.28</ele>
      </trkpt>
      <trkpt lat="37.58605887182057" lon="13.401085194200277">
        <ele>321.27</ele>
      </trkpt>
      <trkpt lat="37.586044035851955" lon="13.401300190016627">
        <ele>320.37</ele>
      </trkpt>
      <trkpt lat="37.58602651767433" lon="13.401445783674717">
        <ele>319.57</ele>
      </trkpt>
      <trkpt lat="37.58592610247433" lon="13.401597831398249">
        <ele>318.87</ele>
      </trkpt>
      <trkpt lat="37.58586038835347" lon="13.401766140013933">
        <ele>318.22</ele>
      </trkpt>
      <trkpt lat="37.585855945944786" lon="13.40204207226634">
        <ele>317.62</ele>
      </trkpt>
      <trkpt lat="37.58586533367634" lon="13.40227710083127">
        <ele>317.05</ele>
      </trkpt>
      <trkpt lat="37.58585167117417" lon="13.402434093877673">
        <ele>316.49</ele>
      </trkpt>
      <trkpt lat="37.585838343948126" lon="13.402538197115064">
        <ele>315.98</ele>
      </trkpt>
      <trkpt lat="37.58583423681557" lon="13.402732908725739">
        <ele>315.49</ele>
      </trkpt>
      <trkpt lat="37.58576131425798" lon="13.402866097167134">
        <ele>315.02</ele>
      </trkpt>
      <trkpt lat="37.585697527974844" lon="13.402988389134407">
        <ele>314.59</ele>
      </trkpt>
      <trkpt lat="37.58563717827201" lon="13.403127193450928">
        <ele>314.16</ele>
      </trkpt>
      <trkpt lat="37.58558118715882" lon="13.40324747376144">
        <ele>313.75</ele>
      </trkpt>
      <trkpt lat="37.58550642058253" lon="13.403381668031216">
        <ele>313.43</ele>
      </trkpt>
      <trkpt lat="37.58546149358153" lon="13.403481328859925">
        <ele>313.11</ele>
      </trkpt>
      <trkpt lat="37.58544221520424" lon="13.403661204501987">
        <ele>312.79</ele>
      </trkpt>
      <trkpt lat="37.58540365844965" lon="13.403880642727017">
        <ele>312.5</ele>
      </trkpt>
      <trkpt lat="37.5853250361979" lon="13.40410795994103">
        <ele>312.25</ele>
      </trkpt>
      <trkpt lat="37.58524876087904" lon="13.404387077316642">
        <ele>311.85</ele>
      </trkpt>
      <trkpt lat="37.58520618081093" lon="13.404662422835827">
        <ele>311.44</ele>
      </trkpt>
      <trkpt lat="37.5851712282747" lon="13.40485361404717">
        <ele>311.11</ele>
      </trkpt>
      <trkpt lat="37.58513795211911" lon="13.405048828572035">
        <ele>310.84</ele>
      </trkpt>
      <trkpt lat="37.58513392880559" lon="13.405290730297565">
        <ele>310.51</ele>
      </trkpt>
      <trkpt lat="37.585122948512435" lon="13.405477814376354">
        <ele>310.13</ele>
      </trkpt>
      <trkpt lat="37.58509637787938" lon="13.4056774713099">
        <ele>309.75</ele>
      </trkpt>
      <trkpt lat="37.58498841896653" lon="13.405843265354633">
        <ele>309.42</ele>
      </trkpt>
      <trkpt lat="37.58494533598423" lon="13.406013417989016">
        <ele>309.06</ele>
      </trkpt>
      <trkpt lat="37.58492421358824" lon="13.406225061044097">
        <ele>308.67</ele>
      </trkpt>
      <trkpt lat="37.58489336818457" lon="13.406412145122886">
        <ele>308.3</ele>
      </trkpt>
      <trkpt lat="37.5848569907248" lon="13.406609958037734">
        <ele>307.93</ele>
      </trkpt>
      <trkpt lat="37.584789264947176" lon="13.406725293025374">
        <ele>307.57</ele>
      </trkpt>
      <trkpt lat="37.58470150642097" lon="13.406756138429046">
        <ele>307.21</ele>
      </trkpt>
      <trkpt lat="37.584587428718805" lon="13.406791677698493">
        <ele>306.83</ele>
      </trkpt>
      <trkpt lat="37.584467232227325" lon="13.40681648813188">
        <ele>306.42</ele>
      </trkpt>
      <trkpt lat="37.584324572235346" lon="13.406850518658757">
        <ele>305.98</ele>
      </trkpt>
      <trkpt lat="37.584238070994616" lon="13.406938947737217">
        <ele>305.5</ele>
      </trkpt>
      <trkpt lat="37.58413564413786" lon="13.406990244984627">
        <ele>305.04</ele>
      </trkpt>
      <trkpt lat="37.584012346342206" lon="13.407042883336544">
        <ele>304.59</ele>
      </trkpt>
      <trkpt lat="37.58389416150749" lon="13.407156709581614">
        <ele>304.14</ele>
      </trkpt>
      <trkpt lat="37.583841774612665" lon="13.407334992662072">
        <ele>303.64</ele>
      </trkpt>
      <trkpt lat="37.58375988341868" lon="13.40744529850781">
        <ele>303.18</ele>
      </trkpt>
      <trkpt lat="37.583708334714174" lon="13.407580498605967">
        <ele>302.72</ele>
      </trkpt>
      <trkpt lat="37.583711268380284" lon="13.407691810280085">
        <ele>302.26</ele>
      </trkpt>
      <trkpt lat="37.583891563117504" lon="13.407820472493768">
        <ele>301.72</ele>
      </trkpt>
      <trkpt lat="37.58407210931182" lon="13.407949469983578">
        <ele>301.21</ele>
      </trkpt>
      <trkpt lat="37.58428869768977" lon="13.408038821071386">
        <ele>300.73</ele>
      </trkpt>
      <trkpt lat="37.58450604043901" lon="13.408128507435322">
        <ele>300.28</ele>
      </trkpt>
      <trkpt lat="37.58468038402498" lon="13.408215511590242">
        <ele>299.84</ele>
      </trkpt>
      <trkpt lat="37.584855230525136" lon="13.40830285102129">
        <ele>299.43</ele>
      </trkpt>
      <trkpt lat="37.58506955578923" lon="13.408435033634305">
        <ele>299.04</ele>
      </trkpt>
      <trkpt lat="37.58528446778655" lon="13.408567635342479">
        <ele>298.7</ele>
      </trkpt>
      <trkpt lat="37.58556408807635" lon="13.408732507377863">
        <ele>298.46</ele>
      </trkpt>
      <trkpt lat="37.58584437891841" lon="13.408897798508406">
        <ele>298.37</ele>
      </trkpt>
      <trkpt lat="37.586028864607215" lon="13.409003326669335">
        <ele>298.37</ele>
      </trkpt>
      <trkpt lat="37.58621385321021" lon="13.409109190106392">
        <ele>298.4</ele>
      </trkpt>
      <trkpt lat="37.58646388538182" lon="13.409207593649626">
        <ele>298.51</ele>
      </trkpt>
      <trkpt lat="37.58660805411637" lon="13.409297531470656">
        <ele>298.55</ele>
      </trkpt>
      <trkpt lat="37.58675264194608" lon="13.40938763692975">
        <ele>298.59</ele>
      </trkpt>
      <trkpt lat="37.58703083731234" lon="13.40955619700253">
        <ele>298.63</ele>
      </trkpt>
      <trkpt lat="37.58730978704989" lon="13.409725176170468">
        <ele>298.61</ele>
      </trkpt>
      <trkpt lat="37.587579768151045" lon="13.409869512543082">
        <ele>298.53</ele>
      </trkpt>
      <trkpt lat="37.587850503623486" lon="13.410014184191823">
        <ele>298.52</ele>
      </trkpt>
      <trkpt lat="37.588138757273555" lon="13.410164136439562">
        <ele>298.66</ele>
      </trkpt>
      <trkpt lat="37.588428016752005" lon="13.41031450778246">
        <ele>298.77</ele>
      </trkpt>
      <trkpt lat="37.588613675907254" lon="13.41041810810566">
        <ele>298.81</ele>
      </trkpt>
      <trkpt lat="37.588799837976694" lon="13.410521959885955">
        <ele>298.77</ele>
      </trkpt>
      <trkpt lat="37.58902774192393" lon="13.41072354465723">
        <ele>298.75</ele>
      </trkpt>
      <trkpt lat="37.58925606496632" lon="13.410925464704633">
        <ele>298.82</ele>
      </trkpt>
      <trkpt lat="37.58945538662374" lon="13.411077931523323">
        <ele>298.96</ele>
      </trkpt>
      <trkpt lat="37.589655043557286" lon="13.411230817437172">
        <ele>299.05</ele>
      </trkpt>
      <trkpt lat="37.589911445975304" lon="13.41143349185586">
        <ele>299.12</ele>
      </trkpt>
      <trkpt lat="37.59016818366945" lon="13.411636585369706">
        <ele>299.2</ele>
      </trkpt>
      <trkpt lat="37.59037689305842" lon="13.411790896207094">
        <ele>299.35</ele>
      </trkpt>
      <trkpt lat="37.59058602154255" lon="13.411945458501577">
        <ele>299.55</ele>
      </trkpt>
      <trkpt lat="37.59083471260965" lon="13.41208778321743">
        <ele>299.69</ele>
      </trkpt>
      <trkpt lat="37.591084241867065" lon="13.41223044320941">
        <ele>299.83</ele>
      </trkpt>
      <trkpt lat="37.59135715663433" lon="13.412334797903895">
        <ele>300.06</ele>
      </trkpt>
      <trkpt lat="37.59163116104901" lon="13.412439487874508">
        <ele>300.3</ele>
      </trkpt>
      <trkpt lat="37.591888988390565" lon="13.412564629688859">
        <ele>300.64</ele>
      </trkpt>
      <trkpt lat="37.59214689955115" lon="13.412689855322242">
        <ele>301.01</ele>
      </trkpt>
      <trkpt lat="37.592405984178185" lon="13.412815583869815">
        <ele>301.42</ele>
      </trkpt>
      <trkpt lat="37.59265702217817" lon="13.412916082888842">
        <ele>301.91</ele>
      </trkpt>
      <trkpt lat="37.59290889836848" lon="13.413016833364964">
        <ele>302.46</ele>
      </trkpt>
      <trkpt lat="37.59315465576947" lon="13.413157481700182">
        <ele>303.01</ele>
      </trkpt>
      <trkpt lat="37.593400329351425" lon="13.4132981300354">
        <ele>303.61</ele>
      </trkpt>
      <trkpt lat="37.593647092580795" lon="13.41343936510384">
        <ele>304.28</ele>
      </trkpt>
      <trkpt lat="37.593862004578114" lon="13.41354095377028">
        <ele>305.0</ele>
      </trkpt>
      <trkpt lat="37.59407767094672" lon="13.413642877712846">
        <ele>305.73</ele>
      </trkpt>
      <trkpt lat="37.59433977305889" lon="13.413691660389304">
        <ele>306.48</ele>
      </trkpt>
      <trkpt lat="37.59458217769861" lon="13.413650086149573">
        <ele>307.24</ele>
      </trkpt>
      <trkpt lat="37.5947779789567" lon="13.413557382300496">
        <ele>308.05</ele>
      </trkpt>
      <trkpt lat="37.59497436694801" lon="13.413464343175292">
        <ele>308.9</ele>
      </trkpt>
      <trkpt lat="37.59517670609057" lon="13.413367196917534">
        <ele>309.81</ele>
      </trkpt>
      <trkpt lat="37.59537963196635" lon="13.413269715383649">
        <ele>310.72</ele>
      </trkpt>
      <trkpt lat="37.59565849788487" lon="13.413192769512534">
        <ele>311.66</ele>
      </trkpt>
      <trkpt lat="37.59582563303411" lon="13.413171898573637">
        <ele>312.62</ele>
      </trkpt>
      <trkpt lat="37.595993438735604" lon="13.41315102763474">
        <ele>313.61</ele>
      </trkpt>
      <trkpt lat="37.596289571374655" lon="13.413102077320218">
        <ele>314.63</ele>
      </trkpt>
      <trkpt lat="37.596454191952944" lon="13.413105346262455">
        <ele>315.68</ele>
      </trkpt>
      <trkpt lat="37.596619399264455" lon="13.413108699023724">
        <ele>316.75</ele>
      </trkpt>
      <trkpt lat="37.59682333096862" lon="13.413161085918546">
        <ele>317.85</ele>
      </trkpt>
      <trkpt lat="37.5970281008631" lon="13.413213724270463">
        <ele>319.02</ele>
      </trkpt>
      <trkpt lat="37.597263380885124" lon="13.413304416462779">
        <ele>320.24</ele>
      </trkpt>
      <trkpt lat="37.59749949909747" lon="13.41339536011219">
        <ele>321.5</ele>
      </trkpt>
      <trkpt lat="37.59770778939128" lon="13.413509270176291">
        <ele>322.73</ele>
      </trkpt>
      <trkpt lat="37.597916750237346" lon="13.413623431697488">
        <ele>323.97</ele>
      </trkpt>
      <trkpt lat="37.59810953401029" lon="13.41379408724606">
        <ele>325.22</ele>
      </trkpt>
      <trkpt lat="37.5983024854213" lon="13.413964994251728">
        <ele>326.49</ele>
      </trkpt>
      <trkpt lat="37.598452689126134" lon="13.414108911529183">
        <ele>327.8</ele>
      </trkpt>
      <trkpt lat="37.59860306046903" lon="13.414252996444702">
        <ele>329.13</ele>
      </trkpt>
      <trkpt lat="37.59879198856652" lon="13.414464220404625">
        <ele>330.5</ele>
      </trkpt>
      <trkpt lat="37.598981000483036" lon="13.414675612002611">
        <ele>331.91</ele>
      </trkpt>
      <trkpt lat="37.599121648818254" lon="13.414874682202935">
        <ele>333.3</ele>
      </trkpt>
      <trkpt lat="37.59926229715347" lon="13.415073668584228">
        <ele>334.66</ele>
      </trkpt>
      <trkpt lat="37.59940286166966" lon="13.415272571146488">
        <ele>336.0</ele>
      </trkpt>
      <trkpt lat="37.59956111200154" lon="13.415503492578864">
        <ele>337.38</ele>
      </trkpt>
      <trkpt lat="37.599719278514385" lon="13.415734330192208">
        <ele>338.78</ele>
      </trkpt>
      <trkpt lat="37.59987987577915" lon="13.415877157822251">
        <ele>340.13</ele>
      </trkpt>
      <trkpt lat="37.60004064068198" lon="13.416020153090358">
        <ele>341.48</ele>
      </trkpt>
      <trkpt lat="37.600229904055595" lon="13.416139595210552">
        <ele>342.81</ele>
      </trkpt>
      <trkpt lat="37.60041958652437" lon="13.416259372606874">
        <ele>344.13</ele>
      </trkpt>
      <trkpt lat="37.60064891539514" lon="13.416372695937753">
        <ele>345.44</ele>
      </trkpt>
      <trkpt lat="37.60087891481817" lon="13.416486354544759">
        <ele>346.78</ele>
      </trkpt>
      <trkpt lat="37.601079326123" lon="13.416505549103022">
        <ele>348.09</ele>
      </trkpt>
      <trkpt lat="37.60128065943718" lon="13.416524911299348">
        <ele>349.37</ele>
      </trkpt>
      <trkpt lat="37.601481741294265" lon="13.416462549939752">
        <ele>350.62</ele>
      </trkpt>
      <trkpt lat="37.60175071656704" lon="13.416437739506364">
        <ele>351.86</ele>
      </trkpt>
      <trkpt lat="37.60189698077738" lon="13.416676372289658">
        <ele>353.1</ele>
      </trkpt>
      <trkpt lat="37.602043244987726" lon="13.416915005072951">
        <ele>354.27</ele>
      </trkpt>
      <trkpt lat="37.602189257740974" lon="13.417153302580118">
        <ele>355.42</ele>
      </trkpt>
      <trkpt lat="37.602323703467846" lon="13.41741481795907">
        <ele>356.61</ele>
      </trkpt>
      <trkpt lat="37.60245823301375" lon="13.417676333338022">
        <ele>357.78</ele>
      </trkpt>
      <trkpt lat="37.602592343464494" lon="13.417937261983752">
        <ele>358.95</ele>
      </trkpt>
      <trkpt lat="37.60270667262375" lon="13.418191485106945">
        <ele>360.07</ele>
      </trkpt>
      <trkpt lat="37.60282100178301" lon="13.418445624411106">
        <ele>361.11</ele>
      </trkpt>
      <trkpt lat="37.602934911847115" lon="13.418699093163013">
        <ele>362.1</ele>
      </trkpt>
      <trkpt lat="37.60312610305846" lon="13.418817529454827">
        <ele>363.13</ele>
      </trkpt>
      <trkpt lat="37.60331779718399" lon="13.418936301022768">
        <ele>364.13</ele>
      </trkpt>
      <trkpt lat="37.603567745536566" lon="13.419032022356987">
        <ele>365.12</ele>
      </trkpt>
      <trkpt lat="37.60372096672654" lon="13.419233104214072">
        <ele>365.97</ele>
      </trkpt>
      <trkpt lat="37.60387418791652" lon="13.41943426989019">
        <ele>366.78</ele>
      </trkpt>
      <trkpt lat="37.60402732528746" lon="13.419635435566306">
        <ele>367.57</ele>
      </trkpt>
      <trkpt lat="37.604107623919845" lon="13.419854622334242">
        <ele>368.31</ele>
      </trkpt>
      <trkpt lat="37.60418767109513" lon="13.420073138549924">
        <ele>369.01</ele>
      </trkpt>
      <trkpt lat="37.60419546626508" lon="13.420435823500156">
        <ele>369.67</ele>
      </trkpt>
      <trkpt lat="37.60422471910715" lon="13.420657021924853">
        <ele>370.26</ele>
      </trkpt>
      <trkpt lat="37.604253804311156" lon="13.420877382159233">
        <ele>370.81</ele>
      </trkpt>
      <trkpt lat="37.604438373818994" lon="13.421107968315482">
        <ele>371.42</ele>
      </trkpt>
      <trkpt lat="37.60443870909512" lon="13.421108303591609">
        <ele>371.93</ele>
      </trkpt>
      <trkpt lat="37.604623613879085" lon="13.421339225023985">
        <ele>372.46</ele>
      </trkpt>
      <trkpt lat="37.60477473959327" lon="13.421522872522473">
        <ele>372.95</ele>
      </trkpt>
      <trkpt lat="37.60492586530745" lon="13.421706520020962">
        <ele>373.39</ele>
      </trkpt>
      <trkpt lat="37.60512862354517" lon="13.421850353479385">
        <ele>373.82</ele>
      </trkpt>
      <trkpt lat="37.60539843700826" lon="13.421977423131466">
        <ele>374.22</ele>
      </trkpt>
      <trkpt lat="37.605578396469355" lon="13.422091081738472">
        <ele>374.56</ele>
      </trkpt>
      <trkpt lat="37.60568208061159" lon="13.42219116166234">
        <ele>374.9</ele>
      </trkpt>
      <trkpt lat="37.605704544112086" lon="13.422296773642302">
        <ele>375.21</ele>
      </trkpt>
      <trkpt lat="37.60569917969406" lon="13.422385873273015">
        <ele>375.5</ele>
      </trkpt>
      <trkpt lat="37.60565433651209" lon="13.422454185783863">
        <ele>375.76</ele>
      </trkpt>
      <trkpt lat="37.6056017819792" lon="13.422502214089036">
        <ele>376.0</ele>
      </trkpt>
      <trkpt lat="37.605497259646654" lon="13.422609837725759">
        <ele>376.25</ele>
      </trkpt>
      <trkpt lat="37.605405393987894" lon="13.422710923478007">
        <ele>376.48</ele>
      </trkpt>
      <trkpt lat="37.60528888553381" lon="13.422806560993195">
        <ele>376.69</ele>
      </trkpt>
      <trkpt lat="37.6052825152874" lon="13.422810416668653">
        <ele>376.91</ele>
      </trkpt>
      <trkpt lat="37.60520582087338" lon="13.422924829646945">
        <ele>377.15</ele>
      </trkpt>
      <trkpt lat="37.60516231879592" lon="13.42299884185195">
        <ele>377.38</ele>
      </trkpt>
      <trkpt lat="37.60509895160794" lon="13.423164887353778">
        <ele>377.62</ele>
      </trkpt>
      <trkpt lat="37.60509744286537" lon="13.423264129087329">
        <ele>377.86</ele>
      </trkpt>
      <trkpt lat="37.60510817170143" lon="13.42335800640285">
        <ele>378.11</ele>
      </trkpt>
      <trkpt lat="37.60511093772948" lon="13.423364460468292">
        <ele>378.36</ele>
      </trkpt>
      <trkpt lat="37.60514731518924" lon="13.423482393845916">
        <ele>378.63</ele>
      </trkpt>
      <trkpt lat="37.60525284335017" lon="13.423600411042571">
        <ele>378.92</ele>
      </trkpt>
      <trkpt lat="37.605365412309766" lon="13.423638548702002">
        <ele>379.21</ele>
      </trkpt>
      <trkpt lat="37.60549114085734" lon="13.423682888969779">
        <ele>379.54</ele>
      </trkpt>
      <trkpt lat="37.60564209893346" lon="13.423728821799159">
        <ele>379.9</ele>
      </trkpt>
      <trkpt lat="37.60573790408671" lon="13.423739969730377">
        <ele>380.27</ele>
      </trkpt>
      <trkpt lat="37.60587955825031" lon="13.423757320269942">
        <ele>380.67</ele>
      </trkpt>
      <trkpt lat="37.60602523572743" lon="13.42379679903388">
        <ele>381.09</ele>
      </trkpt>
      <trkpt lat="37.60616320185363" lon="13.423815574496984">
        <ele>381.54</ele>
      </trkpt>
      <trkpt lat="37.60628717020154" lon="13.4238544665277">
        <ele>382.02</ele>
      </trkpt>
      <trkpt lat="37.60639135725796" lon="13.423910206183791">
        <ele>382.51</ele>
      </trkpt>
      <trkpt lat="37.60650987736881" lon="13.424007520079613">
        <ele>383.03</ele>
      </trkpt>
      <trkpt lat="37.60660811327398" lon="13.424100056290627">
        <ele>383.57</ele>
      </trkpt>
      <trkpt lat="37.60682889260352" lon="13.424331564456224">
        <ele>384.13</ele>
      </trkpt>
      <trkpt lat="37.60694481432438" lon="13.424451174214482">
        <ele>384.68</ele>
      </trkpt>
      <trkpt lat="37.60706065222621" lon="13.42456835322082">
        <ele>385.21</ele>
      </trkpt>
      <trkpt lat="37.60718235746026" lon="13.424604311585426">
        <ele>385.84</ele>
      </trkpt>
      <trkpt lat="37.60736231692135" lon="13.42465435154736">
        <ele>386.5</ele>
      </trkpt>
      <trkpt lat="37.607516292482615" lon="13.42469341121614">
        <ele>387.18</ele>
      </trkpt>
      <trkpt lat="37.60772919282317" lon="13.424765914678574">
        <ele>387.92</ele>
      </trkpt>
      <trkpt lat="37.60795273818076" lon="13.424794161692262">
        <ele>388.75</ele>
      </trkpt>
      <trkpt lat="37.60814300738275" lon="13.424832802265882">
        <ele>389.59</ele>
      </trkpt>
      <trkpt lat="37.608270328491926" lon="13.424889799207449">
        <ele>390.42</ele>
      </trkpt>
      <trkpt lat="37.60838641785085" lon="13.425013097003102">
        <ele>391.24</ele>
      </trkpt>
      <trkpt lat="37.608452048152685" lon="13.42523043975234">
        <ele>392.01</ele>
      </trkpt>
      <trkpt lat="37.60851792991161" lon="13.42543663457036">
        <ele>392.86</ele>
      </trkpt>
      <trkpt lat="37.60861876420677" lon="13.425698736682534">
        <ele>393.74</ele>
      </trkpt>
      <trkpt lat="37.60880006477237" lon="13.426007693633437">
        <ele>394.67</ele>
      </trkpt>
      <trkpt lat="37.608875669538975" lon="13.426068797707558">
        <ele>395.6</ele>
      </trkpt>
      <trkpt lat="37.60903467424214" lon="13.426184635609388">
        <ele>396.56</ele>
      </trkpt>
      <trkpt lat="37.60920725762844" lon="13.42630592174828">
        <ele>397.51</ele>
      </trkpt>
      <trkpt lat="37.6094389334321" lon="13.426444306969643">
        <ele>398.49</ele>
      </trkpt>
      <trkpt lat="37.60962652042508" lon="13.426583195105195">
        <ele>399.51</ele>
      </trkpt>
      <trkpt lat="37.60981930419803" lon="13.426730716601014">
        <ele>400.56</ele>
      </trkpt>
      <trkpt lat="37.60992659255862" lon="13.426775811240077">
        <ele>401.63</ele>
      </trkpt>
      <trkpt lat="37.61008040048182" lon="13.426958955824375">
        <ele>402.69</ele>
      </trkpt>
      <trkpt lat="37.61024661362171" lon="13.427192391827703">
        <ele>403.72</ele>
      </trkpt>
      <trkpt lat="37.61046387255192" lon="13.427425576373935">
        <ele>404.75</ele>
      </trkpt>
      <trkpt lat="37.61056261137128" lon="13.427506880834699">
        <ele>405.77</ele>
      </trkpt>
      <trkpt lat="37.61069127358496" lon="13.427586341276765">
        <ele>406.79</ele>
      </trkpt>
      <trkpt lat="37.61085815727711" lon="13.427663538604975">
        <ele>407.79</ele>
      </trkpt>
      <trkpt lat="37.61104591190815" lon="13.427743334323168">
        <ele>408.84</ele>
      </trkpt>
      <trkpt lat="37.611182453110814" lon="13.427819525822997">
        <ele>409.88</ele>
      </trkpt>
      <trkpt lat="37.61133768595755" lon="13.427931508049369">
        <ele>410.92</ele>
      </trkpt>
      <trkpt lat="37.61148386634886" lon="13.428072910755873">
        <ele>411.93</ele>
      </trkpt>
      <trkpt lat="37.61160724796355" lon="13.428266197443008">
        <ele>412.88</ele>
      </trkpt>
      <trkpt lat="37.61178586632013" lon="13.428436601534486">
        <ele>413.84</ele>
      </trkpt>
      <trkpt lat="37.611995078623295" lon="13.428594851866364">
        <ele>414.77</ele>
      </trkpt>
      <trkpt lat="37.61217579245567" lon="13.428709683939815">
        <ele>415.75</ele>
      </trkpt>
      <trkpt lat="37.6123677380383" lon="13.428773637861013">
        <ele>416.75</ele>
      </trkpt>
      <trkpt lat="37.61253336444497" lon="13.428832395002246">
        <ele>417.73</ele>
      </trkpt>
      <trkpt lat="37.61269957758486" lon="13.428891403600574">
        <ele>418.66</ele>
      </trkpt>
      <trkpt lat="37.61298883706331" lon="13.429021574556828">
        <ele>419.64</ele>
      </trkpt>
      <trkpt lat="37.61316276155412" lon="13.429080666974187">
        <ele>420.56</ele>
      </trkpt>
      <trkpt lat="37.61338354088366" lon="13.429167838767171">
        <ele>421.43</ele>
      </trkpt>
      <trkpt lat="37.61351530440152" lon="13.429234391078353">
        <ele>422.26</ele>
      </trkpt>
      <trkpt lat="37.61354573071003" lon="13.429431281983852">
        <ele>422.98</ele>
      </trkpt>
      <trkpt lat="37.61349937878549" lon="13.429634124040604">
        <ele>423.71</ele>
      </trkpt>
      <trkpt lat="37.613495606929064" lon="13.429650468751788">
        <ele>424.43</ele>
      </trkpt>
      <trkpt lat="37.61344766244292" lon="13.42984207905829">
        <ele>425.17</ele>
      </trkpt>
      <trkpt lat="37.61334724724293" lon="13.429981302469969">
        <ele>425.85</ele>
      </trkpt>
      <trkpt lat="37.613314390182495" lon="13.430009549483657">
        <ele>426.52</ele>
      </trkpt>
      <trkpt lat="37.61321690864861" lon="13.430065456777811">
        <ele>427.19</ele>
      </trkpt>
      <trkpt lat="37.61307466775179" lon="13.430039808154106">
        <ele>427.8</ele>
      </trkpt>
      <trkpt lat="37.61293343268335" lon="13.430030588060617">
        <ele>428.43</ele>
      </trkpt>
      <trkpt lat="37.61272195726633" lon="13.429984906688333">
        <ele>429.02</ele>
      </trkpt>
      <trkpt lat="37.612608298659325" lon="13.429984236136079">
        <ele>429.61</ele>
      </trkpt>
      <trkpt lat="37.612487180158496" lon="13.429977782070637">
        <ele>430.19</ele>
      </trkpt>
      <trkpt lat="37.61237653903663" lon="13.430013405159116">
        <ele>430.81</ele>
      </trkpt>
      <trkpt lat="37.61220110580325" lon="13.430123291909695">
        <ele>431.49</ele>
      </trkpt>
      <trkpt lat="37.612031288444996" lon="13.430205853655934">
        <ele>432.18</ele>
      </trkpt>
      <trkpt lat="37.61182861402631" lon="13.430264443159103">
        <ele>432.85</ele>
      </trkpt>
      <trkpt lat="37.61164605617523" lon="13.430324625223875">
        <ele>433.51</ele>
      </trkpt>
      <trkpt lat="37.61149778030813" lon="13.430357063189149">
        <ele>434.17</ele>
      </trkpt>
      <trkpt lat="37.611319748684764" lon="13.430403582751751">
        <ele>434.76</ele>
      </trkpt>
      <trkpt lat="37.61116912588477" lon="13.43045236542821">
        <ele>435.35</ele>
      </trkpt>
      <trkpt lat="37.611044235527515" lon="13.430503578856587">
        <ele>435.95</ele>
      </trkpt>
      <trkpt lat="37.61095069348812" lon="13.430589996278286">
        <ele>436.57</ele>
      </trkpt>
      <trkpt lat="37.61092169210315" lon="13.430673144757748">
        <ele>437.25</ele>
      </trkpt>
      <trkpt lat="37.61092538014054" lon="13.430780181661248">
        <ele>437.97</ele>
      </trkpt>
      <trkpt lat="37.610967541113496" lon="13.43087313696742">
        <ele>438.71</ele>
      </trkpt>
      <trkpt lat="37.61104247532785" lon="13.430981012061238">
        <ele>439.48</ele>
      </trkpt>
      <trkpt lat="37.61120609007776" lon="13.431212268769741">
        <ele>440.3</ele>
      </trkpt>
      <trkpt lat="37.61140323244035" lon="13.431482333689928">
        <ele>441.13</ele>
      </trkpt>
      <trkpt lat="37.61160582304001" lon="13.431752314791083">
        <ele>441.99</ele>
      </trkpt>
      <trkpt lat="37.61181050911546" lon="13.432028163224459">
        <ele>442.84</ele>
      </trkpt>
      <trkpt lat="37.612016033381224" lon="13.432298144325614">
        <ele>443.68</ele>
      </trkpt>
      <trkpt lat="37.61222390457988" lon="13.432545242831111">
        <ele>444.53</ele>
      </trkpt>
      <trkpt lat="37.61239271610975" lon="13.432790748775005">
        <ele>445.39</ele>
      </trkpt>
      <trkpt lat="37.612530179321766" lon="13.433086043223739">
        <ele>446.26</ele>
      </trkpt>
      <trkpt lat="37.61259933002293" lon="13.433281006291509">
        <ele>447.14</ele>
      </trkpt>
      <trkpt lat="37.61266831308603" lon="13.433475466445088">
        <ele>448.04</ele>
      </trkpt>
      <trkpt lat="37.6127147488296" lon="13.433604128658772">
        <ele>448.92</ele>
      </trkpt>
      <trkpt lat="37.61278993450105" lon="13.43390990048647">
        <ele>449.82</ele>
      </trkpt>
      <trkpt lat="37.61282999999821" lon="13.43405993655324">
        <ele>450.7</ele>
      </trkpt>
      <trkpt lat="37.61286998167634" lon="13.43418993987143">
        <ele>451.56</ele>
      </trkpt>
      <trkpt lat="37.61291993781924" lon="13.434290019795299">
        <ele>452.42</ele>
      </trkpt>
      <trkpt lat="37.61293997056782" lon="13.434319943189621">
        <ele>453.27</ele>
      </trkpt>
      <trkpt lat="37.6129600033164" lon="13.434350034222007">
        <ele>454.11</ele>
      </trkpt>
      <trkpt lat="37.61299001052976" lon="13.43439999036491">
        <ele>454.96</ele>
      </trkpt>
      <trkpt lat="37.61304994113743" lon="13.434460004791617">
        <ele>455.81</ele>
      </trkpt>
      <trkpt lat="37.61306997388601" lon="13.434480037540197">
        <ele>456.66</ele>
      </trkpt>
      <trkpt lat="37.61309998109937" lon="13.434499986469746">
        <ele>457.5</ele>
      </trkpt>
      <trkpt lat="37.613180028274655" lon="13.434559917077422">
        <ele>458.34</ele>
      </trkpt>
      <trkpt lat="37.61325990781188" lon="13.43459989875555">
        <ele>459.19</ele>
      </trkpt>
      <trkpt lat="37.61345964856446" lon="13.43470978550613">
        <ele>460.05</ele>
      </trkpt>
      <trkpt lat="37.61365997605026" lon="13.434820007532835">
        <ele>460.9</ele>
      </trkpt>
      <trkpt lat="37.61372988112271" lon="13.434859905391932">
        <ele>461.76</ele>
      </trkpt>
      <trkpt lat="37.61388000100851" lon="13.434950010851026">
        <ele>462.63</ele>
      </trkpt>
      <trkpt lat="37.61410463601351" lon="13.435069788247347">
        <ele>463.54</ele>
      </trkpt>
      <trkpt lat="37.61433002538979" lon="13.435189984738827">
        <ele>464.47</ele>
      </trkpt>
      <trkpt lat="37.61453999206424" lon="13.435319988057017">
        <ele>465.42</ele>
      </trkpt>
      <trkpt lat="37.614789605140686" lon="13.435463067144156">
        <ele>466.39</ele>
      </trkpt>
      <trkpt lat="37.615039218217134" lon="13.435606230050325">
        <ele>467.29</ele>
      </trkpt>
      <trkpt lat="37.61529000476003" lon="13.435749979689717">
        <ele>468.17</ele>
      </trkpt>
      <trkpt lat="37.61535999365151" lon="13.435789961367846">
        <ele>469.03</ele>
      </trkpt>
      <trkpt lat="37.6154400408268" lon="13.435879983007908">
        <ele>469.89</ele>
      </trkpt>
      <trkpt lat="37.61549988761544" lon="13.43594997189939">
        <ele>470.74</ele>
      </trkpt>
      <trkpt lat="37.6155399531126" lon="13.435999928042293">
        <ele>471.58</ele>
      </trkpt>
      <trkpt lat="37.615589993074536" lon="13.436059942469">
        <ele>472.41</ele>
      </trkpt>
      <trkpt lat="37.61564003303647" lon="13.436129931360483">
        <ele>473.26</ele>
      </trkpt>
      <trkpt lat="37.6156800147146" lon="13.43620989471674">
        <ele>474.1</ele>
      </trkpt>
      <trkpt lat="37.61574002914131" lon="13.436330007389188">
        <ele>474.94</ele>
      </trkpt>
      <trkpt lat="37.61577003635466" lon="13.43639999628067">
        <ele>475.74</ele>
      </trkpt>
      <trkpt lat="37.6158700324595" lon="13.436590014025569">
        <ele>476.59</ele>
      </trkpt>
      <trkpt lat="37.61598008684814" lon="13.436805177479982">
        <ele>477.39</ele>
      </trkpt>
      <trkpt lat="37.61608997359872" lon="13.437020005658269">
        <ele>478.19</ele>
      </trkpt>
      <trkpt lat="37.6161599624902" lon="13.43715000897646">
        <ele>478.94</ele>
      </trkpt>
      <trkpt lat="37.616210002452135" lon="13.43721991404891">
        <ele>479.67</ele>
      </trkpt>
      <trkpt lat="37.61624998413026" lon="13.43728001229465">
        <ele>480.36</ele>
      </trkpt>
      <trkpt lat="37.61628996580839" lon="13.437319993972778">
        <ele>481.03</ele>
      </trkpt>
      <trkpt lat="37.616319973021746" lon="13.4373499173671">
        <ele>481.69</ele>
      </trkpt>
      <trkpt lat="37.61645978316665" lon="13.437454858794808">
        <ele>482.36</ele>
      </trkpt>
      <trkpt lat="37.61660001240671" lon="13.43755996786058">
        <ele>482.99</ele>
      </trkpt>
      <trkpt lat="37.616769997403026" lon="13.437700029462576">
        <ele>483.58</ele>
      </trkpt>
      <trkpt lat="37.61683998629451" lon="13.43779994174838">
        <ele>484.15</ele>
      </trkpt>
      <trkpt lat="37.616900000721216" lon="13.437869930639863">
        <ele>484.73</ele>
      </trkpt>
      <trkpt lat="37.61693000793457" lon="13.437929945066571">
        <ele>485.28</ele>
      </trkpt>
      <trkpt lat="37.61695993132889" lon="13.43798995949328">
        <ele>485.81</ele>
      </trkpt>
      <trkpt lat="37.61699002236128" lon="13.438059948384762">
        <ele>486.33</ele>
      </trkpt>
      <trkpt lat="37.61699002236128" lon="13.43813999556005">
        <ele>486.84</ele>
      </trkpt>
      <trkpt lat="37.61697996407747" lon="13.438189951702952">
        <ele>487.32</ele>
      </trkpt>
      <trkpt lat="37.61695993132889" lon="13.438239991664886">
        <ele>487.78</ele>
      </trkpt>
      <trkpt lat="37.61695004068315" lon="13.43826999887824">
        <ele>488.22</ele>
      </trkpt>
      <trkpt lat="37.61693000793457" lon="13.438309980556369">
        <ele>488.66</ele>
      </trkpt>
      <trkpt lat="37.61683998629451" lon="13.438430009409785">
        <ele>489.1</ele>
      </trkpt>
      <trkpt lat="37.6167799718678" lon="13.43850988894701">
        <ele>489.55</ele>
      </trkpt>
      <trkpt lat="37.61663001962006" lon="13.438669983297586">
        <ele>489.97</ele>
      </trkpt>
      <trkpt lat="37.61650990694761" lon="13.43880987726152">
        <ele>490.38</ele>
      </trkpt>
      <trkpt lat="37.61641996912658" lon="13.438919931650162">
        <ele>490.78</ele>
      </trkpt>
      <trkpt lat="37.616399936378" lon="13.43895991332829">
        <ele>491.19</ele>
      </trkpt>
      <trkpt lat="37.61637001298368" lon="13.43902001157403">
        <ele>491.61</ele>
      </trkpt>
      <trkpt lat="37.6163499802351" lon="13.439080026000738">
        <ele>492.03</ele>
      </trkpt>
      <trkpt lat="37.616340005770326" lon="13.43912998214364">
        <ele>492.45</ele>
      </trkpt>
      <trkpt lat="37.61633003130555" lon="13.439179938286543">
        <ele>492.88</ele>
      </trkpt>
      <trkpt lat="37.61633003130555" lon="13.439239952713251">
        <ele>493.36</ele>
      </trkpt>
      <trkpt lat="37.616319973021746" lon="13.439479926601052">
        <ele>493.86</ele>
      </trkpt>
      <trkpt lat="37.6163000240922" lon="13.439719984307885">
        <ele>494.36</ele>
      </trkpt>
      <trkpt lat="37.6163000240922" lon="13.439759882166982">
        <ele>494.85</ele>
      </trkpt>
      <trkpt lat="37.6163000240922" lon="13.439909918233752">
        <ele>495.38</ele>
      </trkpt>
      <trkpt lat="37.6163000240922" lon="13.44000999815762">
        <ele>495.94</ele>
      </trkpt>
      <trkpt lat="37.61630999855697" lon="13.440099935978651">
        <ele>496.51</ele>
      </trkpt>
      <trkpt lat="37.61633003130555" lon="13.440190041437745">
        <ele>497.09</ele>
      </trkpt>
      <trkpt lat="37.616340005770326" lon="13.440239997580647">
        <ele>497.68</ele>
      </trkpt>
      <trkpt lat="37.6163499802351" lon="13.44028995372355">
        <ele>498.28</ele>
      </trkpt>
      <trkpt lat="37.61638996191323" lon="13.440359942615032">
        <ele>498.91</ele>
      </trkpt>
      <trkpt lat="37.61641996912658" lon="13.440390033647418">
        <ele>499.54</ele>
      </trkpt>
      <trkpt lat="37.61644000187516" lon="13.440409982576966">
        <ele>500.17</ele>
      </trkpt>
      <trkpt lat="37.616470009088516" lon="13.44041995704174">
        <ele>500.81</ele>
      </trkpt>
      <trkpt lat="37.61651996523142" lon="13.440430015325546">
        <ele>501.47</ele>
      </trkpt>
      <trkpt lat="37.61654988862574" lon="13.440430015325546">
        <ele>502.12</ele>
      </trkpt>
      <trkpt lat="37.6166399102658" lon="13.440430015325546">
        <ele>502.81</ele>
      </trkpt>
      <trkpt lat="37.616769997403026" lon="13.440430015325546">
        <ele>503.52</ele>
      </trkpt>
      <trkpt lat="37.616790030151606" lon="13.44041995704174">
        <ele>504.18</ele>
      </trkpt>
      <trkpt lat="37.61699999682605" lon="13.44041995704174">
        <ele>504.9</ele>
      </trkpt>
      <trkpt lat="37.61715958826244" lon="13.440424986183643">
        <ele>505.58</ele>
      </trkpt>
      <trkpt lat="37.61732001788914" lon="13.440430015325546">
        <ele>506.27</ele>
      </trkpt>
      <trkpt lat="37.61742001399398" lon="13.440430015325546">
        <ele>506.92</ele>
      </trkpt>
      <trkpt lat="37.61753995902836" lon="13.440430015325546">
        <ele>507.58</ele>
      </trkpt>
      <trkpt lat="37.61772997677326" lon="13.440430015325546">
        <ele>508.25</ele>
      </trkpt>
      <trkpt lat="37.61781002394855" lon="13.44041995704174">
        <ele>508.84</ele>
      </trkpt>
      <trkpt lat="37.61785000562668" lon="13.44041995704174">
        <ele>509.37</ele>
      </trkpt>
      <trkpt lat="37.61798998340964" lon="13.440409982576966">
        <ele>509.92</ele>
      </trkpt>
      <trkpt lat="37.61811001226306" lon="13.440409982576966">
        <ele>510.44</ele>
      </trkpt>
      <trkpt lat="37.61812996119261" lon="13.440409982576966">
        <ele>510.88</ele>
      </trkpt>
      <trkpt lat="37.61815996840596" lon="13.44041995704174">
        <ele>511.3</ele>
      </trkpt>
      <trkpt lat="37.618189975619316" lon="13.44043998979032">
        <ele>511.68</ele>
      </trkpt>
      <trkpt lat="37.618210008367896" lon="13.440479971468449">
        <ele>512.03</ele>
      </trkpt>
      <trkpt lat="37.61822987347841" lon="13.440539985895157">
        <ele>512.34</ele>
      </trkpt>
      <trkpt lat="37.61826993897557" lon="13.440620033070445">
        <ele>512.63</ele>
      </trkpt>
      <trkpt lat="37.61828997172415" lon="13.440690021961927">
        <ele>512.89</ele>
      </trkpt>
      <trkpt lat="37.61831000447273" lon="13.44076001085341">
        <ele>513.13</ele>
      </trkpt>
      <trkpt lat="37.61831997893751" lon="13.440799992531538">
        <ele>513.34</ele>
      </trkpt>
      <trkpt lat="37.61831000447273" lon="13.440839974209666">
        <ele>513.52</ele>
      </trkpt>
      <trkpt lat="37.61830003000796" lon="13.44086998142302">
        <ele>513.7</ele>
      </trkpt>
      <trkpt lat="37.61828997172415" lon="13.4408900141716">
        <ele>513.85</ele>
      </trkpt>
      <trkpt lat="37.61824990622699" lon="13.440990010276437">
        <ele>513.98</ele>
      </trkpt>
      <trkpt lat="37.61820003390312" lon="13.441099980846047">
        <ele>514.05</ele>
      </trkpt>
      <trkpt lat="37.61815996840596" lon="13.441219925880432">
        <ele>514.16</ele>
      </trkpt>
      <trkpt lat="37.6181199029088" lon="13.441369878128171">
        <ele>514.26</ele>
      </trkpt>
      <trkpt lat="37.61811001226306" lon="13.44148999080062">
        <ele>514.36</ele>
      </trkpt>
      <trkpt lat="37.618100037798285" lon="13.441589986905456">
        <ele>514.46</ele>
      </trkpt>
      <trkpt lat="37.618100037798285" lon="13.441659975796938">
        <ele>514.56</ele>
      </trkpt>
      <trkpt lat="37.618100037798285" lon="13.441759888082743">
        <ele>514.65</ele>
      </trkpt>
      <trkpt lat="37.61813993565738" lon="13.441959964111447">
        <ele>514.78</ele>
      </trkpt>
      <trkpt lat="37.61814999394119" lon="13.442019978538156">
        <ele>514.89</ele>
      </trkpt>
      <trkpt lat="37.61818000115454" lon="13.442110000178218">
        <ele>515.03</ele>
      </trkpt>
      <trkpt lat="37.61829508468509" lon="13.44240034930408">
        <ele>515.2</ele>
      </trkpt>
      <trkpt lat="37.61841000057757" lon="13.442690027877688">
        <ele>515.29</ele>
      </trkpt>
      <trkpt lat="37.618489963933825" lon="13.442860012874007">
        <ele>515.39</ele>
      </trkpt>
      <trkpt lat="37.6185498945415" lon="13.442990016192198">
        <ele>515.5</ele>
      </trkpt>
      <trkpt lat="37.61860990896821" lon="13.443139968439937">
        <ele>515.66</ele>
      </trkpt>
      <trkpt lat="37.61875005438924" lon="13.443470299243927">
        <ele>515.87</ele>
      </trkpt>
      <trkpt lat="37.6188900321722" lon="13.443799875676632">
        <ele>516.16</ele>
      </trkpt>
      <trkpt lat="37.61899505741894" lon="13.444055272266269">
        <ele>516.47</ele>
      </trkpt>
      <trkpt lat="37.61909999884665" lon="13.44430991448462">
        <ele>516.84</ele>
      </trkpt>
      <trkpt lat="37.61919002048671" lon="13.444530190899968">
        <ele>517.22</ele>
      </trkpt>
      <trkpt lat="37.61927995830774" lon="13.444749964401126">
        <ele>517.64</ele>
      </trkpt>
      <trkpt lat="37.61933997273445" lon="13.444879967719316">
        <ele>518.06</ele>
      </trkpt>
      <trkpt lat="37.61942001990974" lon="13.445030003786087">
        <ele>518.52</ele>
      </trkpt>
      <trkpt lat="37.619499983265996" lon="13.445180039852858">
        <ele>519.02</ele>
      </trkpt>
      <trkpt lat="37.61955991387367" lon="13.44529990106821">
        <ele>519.53</ele>
      </trkpt>
      <trkpt lat="37.61962998658419" lon="13.445409955456853">
        <ele>520.08</ele>
      </trkpt>
      <trkpt lat="37.619754960760474" lon="13.445580024272203">
        <ele>520.68</ele>
      </trkpt>
      <trkpt lat="37.61987993493676" lon="13.44574992544949">
        <ele>521.25</ele>
      </trkpt>
      <trkpt lat="37.62008998543024" lon="13.446040023118258">
        <ele>521.88</ele>
      </trkpt>
      <trkpt lat="37.62030003592372" lon="13.446329953148961">
        <ele>522.5</ele>
      </trkpt>
      <trkpt lat="37.62031998485327" lon="13.446359960362315">
        <ele>523.12</ele>
      </trkpt>
      <trkpt lat="37.62034999206662" lon="13.44641000032425">
        <ele>523.75</ele>
      </trkpt>
      <trkpt lat="37.62039986439049" lon="13.446459956467152">
        <ele>524.42</ele>
      </trkpt>
      <trkpt lat="37.62043992988765" lon="13.446489963680506">
        <ele>525.12</ele>
      </trkpt>
      <trkpt lat="37.62047002092004" lon="13.44651997089386">
        <ele>525.85</ele>
      </trkpt>
      <trkpt lat="37.62050002813339" lon="13.446530029177666">
        <ele>526.62</ele>
      </trkpt>
      <trkpt lat="37.62054000981152" lon="13.446549894288182">
        <ele>527.42</ele>
      </trkpt>
      <trkpt lat="37.620544200763106" lon="13.446555007249117">
        <ele>528.25</ele>
      </trkpt>
      <trkpt lat="37.62076766230166" lon="13.446580488234758">
        <ele>529.11</ele>
      </trkpt>
      <trkpt lat="37.62092683464289" lon="13.44655173830688">
        <ele>530.09</ele>
      </trkpt>
      <trkpt lat="37.6210867613554" lon="13.44652290455997">
        <ele>531.13</ele>
      </trkpt>
      <trkpt lat="37.62128407135606" lon="13.446463225409389">
        <ele>532.21</ele>
      </trkpt>
      <trkpt lat="37.621488589793444" lon="13.446481497958302">
        <ele>533.26</ele>
      </trkpt>
      <trkpt lat="37.62169403024018" lon="13.446499854326248">
        <ele>534.33</ele>
      </trkpt>
      <trkpt lat="37.62194984592497" lon="13.44660647213459">
        <ele>535.4</ele>
      </trkpt>
      <trkpt lat="37.62220658361912" lon="13.44671350903809">
        <ele>536.49</ele>
      </trkpt>
      <trkpt lat="37.62245686724782" lon="13.446748042479157">
        <ele>537.63</ele>
      </trkpt>
      <trkpt lat="37.622708324342966" lon="13.446782743558288">
        <ele>538.8</ele>
      </trkpt>
      <trkpt lat="37.62294067069888" lon="13.446776289492846">
        <ele>540.01</ele>
      </trkpt>
      <trkpt lat="37.62317310087383" lon="13.446769835427403">
        <ele>541.23</ele>
      </trkpt>
      <trkpt lat="37.623407039791346" lon="13.446763381361961">
        <ele>542.47</ele>
      </trkpt>
      <trkpt lat="37.62366880662739" lon="13.44668174162507">
        <ele>543.75</ele>
      </trkpt>
      <trkpt lat="37.62393166311085" lon="13.446599766612053">
        <ele>545.01</ele>
      </trkpt>
      <trkpt lat="37.62417473830283" lon="13.446599515154958">
        <ele>546.37</ele>
      </trkpt>
      <trkpt lat="37.624418986961246" lon="13.446599179878831">
        <ele>547.69</ele>
      </trkpt>
      <trkpt lat="37.624569442123175" lon="13.446672353893518">
        <ele>548.97</ele>
      </trkpt>
      <trkpt lat="37.62472031638026" lon="13.44674569554627">
        <ele>550.28</ele>
      </trkpt>
      <trkpt lat="37.62491502799094" lon="13.446991285309196">
        <ele>551.56</ele>
      </trkpt>
      <trkpt lat="37.62510973960161" lon="13.447236958891153">
        <ele>552.88</ele>
      </trkpt>
      <trkpt lat="37.62530445121229" lon="13.447482632473111">
        <ele>554.27</ele>
      </trkpt>
      <trkpt lat="37.62549924664199" lon="13.4477283898741">
        <ele>555.68</ele>
      </trkpt>
      <trkpt lat="37.62563687749207" lon="13.448060480877757">
        <ele>557.08</ele>
      </trkpt>
      <trkpt lat="37.62577434070408" lon="13.448391817510128">
        <ele>558.5</ele>
      </trkpt>
      <trkpt lat="37.625926388427615" lon="13.448611423373222">
        <ele>559.92</ele>
      </trkpt>
      <trkpt lat="37.62607843615115" lon="13.448830861598253">
        <ele>561.21</ele>
      </trkpt>
      <trkpt lat="37.62630516663194" lon="13.448776379227638">
        <ele>562.68</ele>
      </trkpt>
      <trkpt lat="37.62653290294111" lon="13.448721645399928">
        <ele>564.19</ele>
      </trkpt>
      <trkpt lat="37.626768350601196" lon="13.448682418093085">
        <ele>565.64</ele>
      </trkpt>
      <trkpt lat="37.6270048879087" lon="13.44864310696721">
        <ele>567.13</ele>
      </trkpt>
      <trkpt lat="37.627148972824216" lon="13.448726506903768">
        <ele>568.62</ele>
      </trkpt>
      <trkpt lat="37.62729347683489" lon="13.44881015829742">
        <ele>570.13</ele>
      </trkpt>
      <trkpt lat="37.62742867693305" lon="13.44913269393146">
        <ele>571.67</ele>
      </trkpt>
      <trkpt lat="37.62756396085024" lon="13.449455229565501">
        <ele>573.1</ele>
      </trkpt>
      <trkpt lat="37.62769882567227" lon="13.44977667555213">
        <ele>574.46</ele>
      </trkpt>
      <trkpt lat="37.6279563177377" lon="13.450004244223237">
        <ele>576.0</ele>
      </trkpt>
      <trkpt lat="37.62821389362216" lon="13.450231896713376">
        <ele>577.56</ele>
      </trkpt>
      <trkpt lat="37.62847205623984" lon="13.450460135936737">
        <ele>579.16</ele>
      </trkpt>
      <trkpt lat="37.628679759800434" lon="13.450732128694654">
        <ele>580.71</ele>
      </trkpt>
      <trkpt lat="37.628887463361025" lon="13.451004205271602">
        <ele>582.24</ele>
      </trkpt>
      <trkpt lat="37.62909525074065" lon="13.451276198029518">
        <ele>583.77</ele>
      </trkpt>
      <trkpt lat="37.62934980913997" lon="13.45146730542183">
        <ele>585.3</ele>
      </trkpt>
      <trkpt lat="37.62960436753929" lon="13.45165841281414">
        <ele>586.79</ele>
      </trkpt>
      <trkpt lat="37.62985900975764" lon="13.451849520206451">
        <ele>588.32</ele>
      </trkpt>
      <trkpt lat="37.63011356815696" lon="13.452040627598763">
        <ele>589.91</ele>
      </trkpt>
      <trkpt lat="37.630369551479816" lon="13.452232824638486">
        <ele>591.5</ele>
      </trkpt>
      <trkpt lat="37.63048756867647" lon="13.452444467693567">
        <ele>592.98</ele>
      </trkpt>
      <trkpt lat="37.63060558587313" lon="13.452655943110585">
        <ele>594.49</ele>
      </trkpt>
      <trkpt lat="37.63061095029116" lon="13.452953333035111">
        <ele>595.97</ele>
      </trkpt>
      <trkpt lat="37.63061631470919" lon="13.45325080677867">
        <ele>597.52</ele>
      </trkpt>
      <trkpt lat="37.63062176294625" lon="13.45354643650353">
        <ele>599.06</ele>
      </trkpt>
      <trkpt lat="37.63059980235994" lon="13.45388213172555">
        <ele>600.55</ele>
      </trkpt>
      <trkpt lat="37.63057784177363" lon="13.454217910766602">
        <ele>602.01</ele>
      </trkpt>
      <trkpt lat="37.63055588118732" lon="13.454553605988622">
        <ele>603.43</ele>
      </trkpt>
      <trkpt lat="37.63053400442004" lon="13.454889385029674">
        <ele>604.89</ele>
      </trkpt>
      <trkpt lat="37.63051229529083" lon="13.455221727490425">
        <ele>606.43</ele>
      </trkpt>
      <trkpt lat="37.630506344139576" lon="13.45546237193048">
        <ele>607.93</ele>
      </trkpt>
      <trkpt lat="37.63038447126746" lon="13.4556529764086">
        <ele>609.38</ele>
      </trkpt>
      <trkpt lat="37.63026276603341" lon="13.45584349706769">
        <ele>610.74</ele>
      </trkpt>
      <trkpt lat="37.63013267889619" lon="13.45616259612143">
        <ele>612.1</ele>
      </trkpt>
      <trkpt lat="37.630003010854125" lon="13.456481024622917">
        <ele>613.59</ele>
      </trkpt>
      <trkpt lat="37.62978474609554" lon="13.45665855333209">
        <ele>614.96</ele>
      </trkpt>
      <trkpt lat="37.62956648133695" lon="13.456836165860295">
        <ele>616.3</ele>
      </trkpt>
      <trkpt lat="37.62934762984514" lon="13.45701428130269">
        <ele>617.65</ele>
      </trkpt>
      <trkpt lat="37.62921452522278" lon="13.45722483471036">
        <ele>619.06</ele>
      </trkpt>
      <trkpt lat="37.6291271019727" lon="13.45740764401853">
        <ele>620.36</ele>
      </trkpt>
      <trkpt lat="37.62904001399875" lon="13.457589950412512">
        <ele>621.64</ele>
      </trkpt>
      <trkpt lat="37.62890003621578" lon="13.457849957048893">
        <ele>622.93</ele>
      </trkpt>
      <trkpt lat="37.62874991632998" lon="13.458149945363402">
        <ele>624.19</ele>
      </trkpt>
      <trkpt lat="37.62874497100711" lon="13.458149945363402">
        <ele>625.37</ele>
      </trkpt>
      <trkpt lat="37.62868001125753" lon="13.458299897611141">
        <ele>626.6</ele>
      </trkpt>
      <trkpt lat="37.628589905798435" lon="13.45848010852933">
        <ele>627.82</ele>
      </trkpt>
      <trkpt lat="37.62849988415837" lon="13.45865998417139">
        <ele>628.99</ele>
      </trkpt>
      <trkpt lat="37.62846996076405" lon="13.458719998598099">
        <ele>630.08</ele>
      </trkpt>
      <trkpt lat="37.62844003736973" lon="13.45880993641913">
        <ele>631.17</ele>
      </trkpt>
      <trkpt lat="37.62842000462115" lon="13.458889983594418">
        <ele>632.23</ele>
      </trkpt>
      <trkpt lat="37.62838991358876" lon="13.45900003798306">
        <ele>633.27</ele>
      </trkpt>
      <trkpt lat="37.62838002294302" lon="13.459100034087896">
        <ele>634.28</ele>
      </trkpt>
      <trkpt lat="37.62835999019444" lon="13.459199946373701">
        <ele>635.24</ele>
      </trkpt>
      <trkpt lat="37.62835999019444" lon="13.459289884194732">
        <ele>636.17</ele>
      </trkpt>
      <trkpt lat="37.62835999019444" lon="13.45936993137002">
        <ele>637.05</ele>
      </trkpt>
      <trkpt lat="37.62835999019444" lon="13.45949993468821">
        <ele>637.91</ele>
      </trkpt>
      <trkpt lat="37.62836988084018" lon="13.459569923579693">
        <ele>638.71</ele>
      </trkpt>
      <trkpt lat="37.62838002294302" lon="13.45964988693595">
        <ele>639.5</ele>
      </trkpt>
      <trkpt lat="37.62839997187257" lon="13.459719875827432">
        <ele>640.26</ele>
      </trkpt>
      <trkpt lat="37.62840994633734" lon="13.459790032356977">
        <ele>640.98</ele>
      </trkpt>
      <trkpt lat="37.6284500118345" lon="13.459900002926588">
        <ele>641.68</ele>
      </trkpt>
      <trkpt lat="37.62848999351263" lon="13.459999915212393">
        <ele>642.36</ele>
      </trkpt>
      <trkpt lat="37.62853994965553" lon="13.46011994406581">
        <ele>643.01</ele>
      </trkpt>
      <trkpt lat="37.628625025972724" lon="13.460290096700191">
        <ele>643.66</ele>
      </trkpt>
      <trkpt lat="37.62871001847088" lon="13.460459997877479">
        <ele>644.34</ele>
      </trkpt>
      <trkpt lat="37.62886508367956" lon="13.460770212113857">
        <ele>645.01</ele>
      </trkpt>
      <trkpt lat="37.62901998125017" lon="13.461080007255077">
        <ele>645.59</ele>
      </trkpt>
      <trkpt lat="37.629100028425455" lon="13.46123993396759">
        <ele>646.13</ele>
      </trkpt>
      <trkpt lat="37.62914001010358" lon="13.461319981142879">
        <ele>646.63</ele>
      </trkpt>
      <trkpt lat="37.62915995903313" lon="13.461369937285781">
        <ele>647.09</ele>
      </trkpt>
      <trkpt lat="37.62917001731694" lon="13.46141000278294">
        <ele>647.52</ele>
      </trkpt>
      <trkpt lat="37.62917999178171" lon="13.461449984461069">
        <ele>647.93</ele>
      </trkpt>
      <trkpt lat="37.62917999178171" lon="13.461489966139197">
        <ele>648.31</ele>
      </trkpt>
      <trkpt lat="37.62917999178171" lon="13.46151988953352">
        <ele>648.66</ele>
      </trkpt>
      <trkpt lat="37.62917999178171" lon="13.461549980565906">
        <ele>648.99</ele>
      </trkpt>
      <trkpt lat="37.62917001731694" lon="13.46157998777926">
        <ele>649.3</ele>
      </trkpt>
      <trkpt lat="37.62917001731694" lon="13.461619969457388">
        <ele>649.6</ele>
      </trkpt>
      <trkpt lat="37.62914001010358" lon="13.461700016632676">
        <ele>649.87</ele>
      </trkpt>
      <trkpt lat="37.62904998846352" lon="13.461889950558543">
        <ele>650.14</ele>
      </trkpt>
      <trkpt lat="37.62901000678539" lon="13.4619699139148">
        <ele>650.4</ele>
      </trkpt>
      <trkpt lat="37.62895996682346" lon="13.462090026587248">
        <ele>650.66</ele>
      </trkpt>
      <trkpt lat="37.628910010680556" lon="13.462220029905438">
        <ele>650.91</ele>
      </trkpt>
      <trkpt lat="37.62884999625385" lon="13.462359923869371">
        <ele>651.14</ele>
      </trkpt>
      <trkpt lat="37.62882996350527" lon="13.4623999055475">
        <ele>651.35</ele>
      </trkpt>
      <trkpt lat="37.62881001457572" lon="13.46246000379324">
        <ele>651.56</ele>
      </trkpt>
      <trkpt lat="37.628780007362366" lon="13.462559999898076">
        <ele>651.76</ele>
      </trkpt>
      <trkpt lat="37.628759974613786" lon="13.46265991218388">
        <ele>651.97</ele>
      </trkpt>
      <trkpt lat="37.62874002568424" lon="13.462769882753491">
        <ele>652.16</ele>
      </trkpt>
      <trkpt lat="37.62872996740043" lon="13.46288999542594">
        <ele>652.37</ele>
      </trkpt>
      <trkpt lat="37.62872996740043" lon="13.46301999874413">
        <ele>652.57</ele>
      </trkpt>
      <trkpt lat="37.62874002568424" lon="13.463119994848967">
        <ele>652.77</ele>
      </trkpt>
      <trkpt lat="37.62874991632998" lon="13.4631700348109">
        <ele>652.99</ele>
      </trkpt>
      <trkpt lat="37.628759974613786" lon="13.463219907134771">
        <ele>653.22</ele>
      </trkpt>
      <trkpt lat="37.628780007362366" lon="13.463329877704382">
        <ele>653.46</ele>
      </trkpt>
      <trkpt lat="37.62881001457572" lon="13.463489972054958">
        <ele>653.68</ele>
      </trkpt>
      <trkpt lat="37.62885997071862" lon="13.463649898767471">
        <ele>653.94</ele>
      </trkpt>
      <trkpt lat="37.62892987579107" lon="13.463799934834242">
        <ele>654.22</ele>
      </trkpt>
      <trkpt lat="37.62901000678539" lon="13.463979978114367">
        <ele>654.5</ele>
      </trkpt>
      <trkpt lat="37.629079995676875" lon="13.464099923148751">
        <ele>654.79</ele>
      </trkpt>
      <trkpt lat="37.629189966246486" lon="13.46424987539649">
        <ele>655.08</ele>
      </trkpt>
      <trkpt lat="37.62926992960274" lon="13.464359929785132">
        <ele>655.37</ele>
      </trkpt>
      <trkpt lat="37.629340002313256" lon="13.46441994421184">
        <ele>655.67</ele>
      </trkpt>
      <trkpt lat="37.62943999841809" lon="13.464489933103323">
        <ele>655.97</ele>
      </trkpt>
      <trkpt lat="37.62951996177435" lon="13.464549947530031">
        <ele>656.28</ele>
      </trkpt>
      <trkpt lat="37.629660023376346" lon="13.464639885351062">
        <ele>656.64</ele>
      </trkpt>
      <trkpt lat="37.629749961197376" lon="13.46469989977777">
        <ele>656.98</ele>
      </trkpt>
      <trkpt lat="37.62982992455363" lon="13.46473996527493">
        <ele>657.3</ele>
      </trkpt>
      <trkpt lat="37.62999001890421" lon="13.464820012450218">
        <ele>657.63</ele>
      </trkpt>
      <trkpt lat="37.63019001111388" lon="13.464899891987443">
        <ele>657.98</ele>
      </trkpt>
      <trkpt lat="37.63048002496362" lon="13.46499988809228">
        <ele>658.34</ele>
      </trkpt>
      <trkpt lat="37.63062000274658" lon="13.46505998633802">
        <ele>658.68</ele>
      </trkpt>
      <trkpt lat="37.63069996610284" lon="13.465099968016148">
        <ele>659.01</ele>
      </trkpt>
      <trkpt lat="37.63075998052955" lon="13.465140033513308">
        <ele>659.34</ele>
      </trkpt>
      <trkpt lat="37.63085997663438" lon="13.465199880301952">
        <ele>659.67</ele>
      </trkpt>
      <trkpt lat="37.63091999106109" lon="13.465250004082918">
        <ele>659.99</ele>
      </trkpt>
      <trkpt lat="37.630970031023026" lon="13.465289985761046">
        <ele>660.32</ele>
      </trkpt>
      <trkpt lat="37.631059968844056" lon="13.465380007401109">
        <ele>660.65</ele>
      </trkpt>
      <trkpt lat="37.63111000880599" lon="13.46544991247356">
        <ele>660.97</ele>
      </trkpt>
      <trkpt lat="37.63117999769747" lon="13.465539934113622">
        <ele>661.29</ele>
      </trkpt>
      <trkpt lat="37.63124990276992" lon="13.465649904683232">
        <ele>661.61</ele>
      </trkpt>
      <trkpt lat="37.63131000101566" lon="13.465759875252843">
        <ele>661.92</ele>
      </trkpt>
      <trkpt lat="37.6313600409776" lon="13.465870013460517">
        <ele>662.22</ele>
      </trkpt>
      <trkpt lat="37.63143992051482" lon="13.466039998456836">
        <ele>662.52</ele>
      </trkpt>
      <trkpt lat="37.631489960476756" lon="13.46615994349122">
        <ele>662.81</ele>
      </trkpt>
      <trkpt lat="37.63151996769011" lon="13.466229932382703">
        <ele>663.09</ele>
      </trkpt>
      <trkpt lat="37.6316000148654" lon="13.466409975662827">
        <ele>663.38</ele>
      </trkpt>
      <trkpt lat="37.63165986165404" lon="13.46652003005147">
        <ele>663.64</ele>
      </trkpt>
      <trkpt lat="37.63173001818359" lon="13.46665003336966">
        <ele>663.89</ele>
      </trkpt>
      <trkpt lat="37.63176999986172" lon="13.466709963977337">
        <ele>664.14</ele>
      </trkpt>
      <trkpt lat="37.63183990493417" lon="13.46682001836598">
        <ele>664.38</ele>
      </trkpt>
      <trkpt lat="37.63190000317991" lon="13.46688992343843">
        <ele>664.61</ele>
      </trkpt>
      <trkpt lat="37.631960017606616" lon="13.466939879581332">
        <ele>664.83</ele>
      </trkpt>
      <trkpt lat="37.63200997374952" lon="13.466979945078492">
        <ele>665.01</ele>
      </trkpt>
      <trkpt lat="37.63206001371145" lon="13.46701992675662">
        <ele>665.17</ele>
      </trkpt>
      <trkpt lat="37.63209999538958" lon="13.467050017789006">
        <ele>665.32</ele>
      </trkpt>
      <trkpt lat="37.63210988603532" lon="13.46705999225378">
        <ele>665.46</ele>
      </trkpt>
      <trkpt lat="37.632219940423965" lon="13.467129897326231">
        <ele>665.59</ele>
      </trkpt>
      <trkpt lat="37.63232999481261" lon="13.46718991175294">
        <ele>665.73</ele>
      </trkpt>
      <trkpt lat="37.63239989988506" lon="13.467240035533905">
        <ele>665.84</ele>
      </trkpt>
      <trkpt lat="37.63249000534415" lon="13.46731991507113">
        <ele>665.94</ele>
      </trkpt>
      <trkpt lat="37.63256996870041" lon="13.467419994994998">
        <ele>666.02</ele>
      </trkpt>
      <trkpt lat="37.63262000866234" lon="13.46748998388648">
        <ele>666.1</ele>
      </trkpt>
      <trkpt lat="37.632669964805245" lon="13.467579921707511">
        <ele>666.17</ele>
      </trkpt>
      <trkpt lat="37.63274003751576" lon="13.467740016058087">
        <ele>666.22</ele>
      </trkpt>
      <trkpt lat="37.63281002640724" lon="13.46791997551918">
        <ele>666.26</ele>
      </trkpt>
      <trkpt lat="37.63288504444063" lon="13.468105215579271">
        <ele>666.28</ele>
      </trkpt>
      <trkpt lat="37.63295997865498" lon="13.468289952725172">
        <ele>666.29</ele>
      </trkpt>
      <trkpt lat="37.63302996754646" lon="13.46847997047007">
        <ele>666.32</ele>
      </trkpt>
      <trkpt lat="37.6330800075084" lon="13.468599999323487">
        <ele>666.35</ele>
      </trkpt>
      <trkpt lat="37.633119989186525" lon="13.468699911609292">
        <ele>666.39</ele>
      </trkpt>
      <trkpt lat="37.63320003636181" lon="13.468899987637997">
        <ele>666.46</ele>
      </trkpt>
      <trkpt lat="37.63332509435713" lon="13.46921531483531">
        <ele>666.52</ele>
      </trkpt>
      <trkpt lat="37.63344998471439" lon="13.46952997148037">
        <ele>666.5</ele>
      </trkpt>
      <trkpt lat="37.63347001746297" lon="13.469610018655658">
        <ele>666.46</ele>
      </trkpt>
      <trkpt lat="37.63350002467632" lon="13.469709930941463">
        <ele>666.41</ele>
      </trkpt>
      <trkpt lat="37.63351997360587" lon="13.469800036400557">
        <ele>666.38</ele>
      </trkpt>
      <trkpt lat="37.63354000635445" lon="13.46991989761591">
        <ele>666.33</ele>
      </trkpt>
      <trkpt lat="37.633549980819225" lon="13.470029952004552">
        <ele>666.28</ele>
      </trkpt>
      <trkpt lat="37.633549980819225" lon="13.47017990425229">
        <ele>666.23</ele>
      </trkpt>
      <trkpt lat="37.63354000635445" lon="13.470329940319061">
        <ele>666.22</ele>
      </trkpt>
      <trkpt lat="37.63351997360587" lon="13.470530016347766">
        <ele>666.24</ele>
      </trkpt>
      <trkpt lat="37.633489882573485" lon="13.470725398510695">
        <ele>666.26</ele>
      </trkpt>
      <trkpt lat="37.63345995917916" lon="13.470920026302338">
        <ele>666.28</ele>
      </trkpt>
      <trkpt lat="37.6334148645401" lon="13.471175422891974">
        <ele>666.28</ele>
      </trkpt>
      <trkpt lat="37.63337002135813" lon="13.471429897472262">
        <ele>666.33</ele>
      </trkpt>
      <trkpt lat="37.63334998860955" lon="13.471589991822839">
        <ele>666.43</ele>
      </trkpt>
      <trkpt lat="37.63328989036381" lon="13.471970027312636">
        <ele>666.55</ele>
      </trkpt>
      <trkpt lat="37.63327999971807" lon="13.472029957920313">
        <ele>666.66</ele>
      </trkpt>
      <trkpt lat="37.633270025253296" lon="13.47208988852799">
        <ele>666.78</ele>
      </trkpt>
      <trkpt lat="37.63324001803994" lon="13.472199942916632">
        <ele>666.91</ele>
      </trkpt>
      <trkpt lat="37.63321998529136" lon="13.47225995734334">
        <ele>667.05</ele>
      </trkpt>
      <trkpt lat="37.63320003636181" lon="13.472309913486242">
        <ele>667.21</ele>
      </trkpt>
      <trkpt lat="37.63317002914846" lon="13.47236992791295">
        <ele>667.37</ele>
      </trkpt>
      <trkpt lat="37.633140021935105" lon="13.47243002615869">
        <ele>667.55</ele>
      </trkpt>
      <trkpt lat="37.63310004025698" lon="13.472499931231141">
        <ele>667.74</ele>
      </trkpt>
      <trkpt lat="37.63306986540556" lon="13.47253991290927">
        <ele>667.93</ele>
      </trkpt>
      <trkpt lat="37.63301999308169" lon="13.472609901800752">
        <ele>668.15</ele>
      </trkpt>
      <trkpt lat="37.63291999697685" lon="13.472700007259846">
        <ele>668.34</ele>
      </trkpt>
      <trkpt lat="37.632820000872016" lon="13.472790028899908">
        <ele>668.54</ele>
      </trkpt>
      <trkpt lat="37.632779935374856" lon="13.472849875688553">
        <ele>668.75</ele>
      </trkpt>
      <trkpt lat="37.63274003751576" lon="13.472899999469519">
        <ele>668.98</ele>
      </trkpt>
      <trkpt lat="37.63268982991576" lon="13.47296990454197">
        <ele>669.21</ele>
      </trkpt>
      <trkpt lat="37.63264004141092" lon="13.473059926182032">
        <ele>669.46</ele>
      </trkpt>
      <trkpt lat="37.63259989209473" lon="13.47313997335732">
        <ele>669.7</ele>
      </trkpt>
      <trkpt lat="37.63256996870041" lon="13.47320987842977">
        <ele>669.92</ele>
      </trkpt>
      <trkpt lat="37.63255001977086" lon="13.473280034959316">
        <ele>670.15</ele>
      </trkpt>
      <trkpt lat="37.63252998702228" lon="13.473339881747961">
        <ele>670.4</ele>
      </trkpt>
      <trkpt lat="37.63251003809273" lon="13.473410038277507">
        <ele>670.67</ele>
      </trkpt>
      <trkpt lat="37.63249000534415" lon="13.473469885066152">
        <ele>670.93</ele>
      </trkpt>
      <trkpt lat="37.63248003087938" lon="13.47354993224144">
        <ele>671.2</ele>
      </trkpt>
      <trkpt lat="37.63246997259557" lon="13.473629979416728">
        <ele>671.47</ele>
      </trkpt>
      <trkpt lat="37.63245320878923" lon="13.473900463432074">
        <ele>671.8</ele>
      </trkpt>
      <trkpt lat="37.63243652880192" lon="13.47417103126645">
        <ele>672.03</ele>
      </trkpt>
      <trkpt lat="37.63242001645267" lon="13.474440006539226">
        <ele>672.22</ele>
      </trkpt>
      <trkpt lat="37.63239989988506" lon="13.474790034815669">
        <ele>672.45</ele>
      </trkpt>
      <trkpt lat="37.63237986713648" lon="13.475073846057057">
        <ele>672.69</ele>
      </trkpt>
      <trkpt lat="37.6323598343879" lon="13.475357741117477">
        <ele>672.91</ele>
      </trkpt>
      <trkpt lat="37.63233996927738" lon="13.475639875978231">
        <ele>673.08</ele>
      </trkpt>
      <trkpt lat="37.6323199365288" lon="13.475989988073707">
        <ele>673.22</ele>
      </trkpt>
      <trkpt lat="37.632299987599254" lon="13.476330628618598">
        <ele>673.3</ele>
      </trkpt>
      <trkpt lat="37.632280038669705" lon="13.476669928058982">
        <ele>673.35</ele>
      </trkpt>
      <trkpt lat="37.632260005921125" lon="13.4768399130553">
        <ele>673.36</ele>
      </trkpt>
      <trkpt lat="37.63225003145635" lon="13.476989949122071">
        <ele>673.35</ele>
      </trkpt>
      <trkpt lat="37.63225003145635" lon="13.47704996354878">
        <ele>673.33</ele>
      </trkpt>
      <trkpt lat="37.632239973172545" lon="13.477149959653616">
        <ele>673.28</ele>
      </trkpt>
      <trkpt lat="37.63222999870777" lon="13.477260014042258">
        <ele>673.2</ele>
      </trkpt>
      <trkpt lat="37.632219940423965" lon="13.477580035105348">
        <ele>673.1</ele>
      </trkpt>
      <trkpt lat="37.63220996595919" lon="13.477809950709343">
        <ele>672.97</ele>
      </trkpt>
      <trkpt lat="37.63220996595919" lon="13.477899972349405">
        <ele>672.81</ele>
      </trkpt>
      <trkpt lat="37.63220996595919" lon="13.47799988463521">
        <ele>672.63</ele>
      </trkpt>
      <trkpt lat="37.632219940423965" lon="13.478099964559078">
        <ele>672.42</ele>
      </trkpt>
      <trkpt lat="37.632219940423965" lon="13.478159978985786">
        <ele>672.18</ele>
      </trkpt>
      <trkpt lat="37.632239973172545" lon="13.47821001894772">
        <ele>671.95</ele>
      </trkpt>
      <trkpt lat="37.632239973172545" lon="13.478250000625849">
        <ele>671.69</ele>
      </trkpt>
      <trkpt lat="37.6322699803859" lon="13.478289982303977">
        <ele>671.43</ele>
      </trkpt>
      <trkpt lat="37.63229001313448" lon="13.478329963982105">
        <ele>671.16</ele>
      </trkpt>
      <trkpt lat="37.632309878244996" lon="13.47835997119546">
        <ele>670.88</ele>
      </trkpt>
      <trkpt lat="37.63235002756119" lon="13.478409927338362">
        <ele>670.59</ele>
      </trkpt>
      <trkpt lat="37.632390009239316" lon="13.47844990901649">
        <ele>670.3</ele>
      </trkpt>
      <trkpt lat="37.63249000534415" lon="13.478519897907972">
        <ele>670.01</ele>
      </trkpt>
      <trkpt lat="37.63272000476718" lon="13.478659959509969">
        <ele>669.68</ele>
      </trkpt>
      <trkpt lat="37.63281002640724" lon="13.478719973936677">
        <ele>669.39</ele>
      </trkpt>
      <trkpt lat="37.63305963948369" lon="13.478859784081578">
        <ele>669.07</ele>
      </trkpt>
      <trkpt lat="37.63330992311239" lon="13.479000013321638">
        <ele>668.82</ele>
      </trkpt>
      <trkpt lat="37.63343003578484" lon="13.479079892858863">
        <ele>668.59</ele>
      </trkpt>
      <trkpt lat="37.63354000635445" lon="13.479159940034151">
        <ele>668.37</ele>
      </trkpt>
      <trkpt lat="37.63360002078116" lon="13.479230012744665">
        <ele>668.15</ele>
      </trkpt>
      <trkpt lat="37.63366003520787" lon="13.479300001636147">
        <ele>667.95</ele>
      </trkpt>
      <trkpt lat="37.63370999135077" lon="13.47939002327621">
        <ele>667.78</ele>
      </trkpt>
      <trkpt lat="37.63373991474509" lon="13.47947996109724">
        <ele>667.61</ele>
      </trkpt>
      <trkpt lat="37.6337499730289" lon="13.47947996109724">
        <ele>667.46</ele>
      </trkpt>
      <trkpt lat="37.63379003852606" lon="13.479589931666851">
        <ele>667.33</ele>
      </trkpt>
      <trkpt lat="37.63380981981754" lon="13.479699902236462">
        <ele>667.21</ele>
      </trkpt>
      <trkpt lat="37.633830020204186" lon="13.479810040444136">
        <ele>667.12</ele>
      </trkpt>
      <trkpt lat="37.63383999466896" lon="13.47992998547852">
        <ele>667.03</ele>
      </trkpt>
      <trkpt lat="37.63383999466896" lon="13.480050014331937">
        <ele>666.97</ele>
      </trkpt>
      <trkpt lat="37.63383999466896" lon="13.480159984901547">
        <ele>666.95</ele>
      </trkpt>
      <trkpt lat="37.63381996192038" lon="13.48031991161406">
        <ele>666.94</ele>
      </trkpt>
      <trkpt lat="37.63380981981754" lon="13.48035997711122">
        <ele>666.96</ele>
      </trkpt>
      <trkpt lat="37.63379003852606" lon="13.480469947680831">
        <ele>667.0</ele>
      </trkpt>
      <trkpt lat="37.63375994749367" lon="13.480689888820052">
        <ele>667.08</ele>
      </trkpt>
      <trkpt lat="37.63373002409935" lon="13.480859957635403">
        <ele>667.18</ele>
      </trkpt>
      <trkpt lat="37.63370999135077" lon="13.480930030345917">
        <ele>667.28</ele>
      </trkpt>
      <trkpt lat="37.63368995860219" lon="13.481009909883142">
        <ele>667.38</ele>
      </trkpt>
      <trkpt lat="37.63364997692406" lon="13.481119880452752">
        <ele>667.5</ele>
      </trkpt>
      <trkpt lat="37.63361996971071" lon="13.481190036982298">
        <ele>667.66</ele>
      </trkpt>
      <trkpt lat="37.63356003910303" lon="13.481269916519523">
        <ele>667.82</ele>
      </trkpt>
      <trkpt lat="37.63350002467632" lon="13.48134996369481">
        <ele>667.97</ele>
      </trkpt>
      <trkpt lat="37.633419893682" lon="13.481419952586293">
        <ele>668.12</ele>
      </trkpt>
      <trkpt lat="37.63340002857149" lon="13.481430010870099">
        <ele>668.28</ele>
      </trkpt>
      <trkpt lat="37.63333993032575" lon="13.481469992548227">
        <ele>668.48</ele>
      </trkpt>
      <trkpt lat="37.63321998529136" lon="13.48151994869113">
        <ele>668.67</ele>
      </trkpt>
      <trkpt lat="37.63304002583027" lon="13.481599995866418">
        <ele>668.87</ele>
      </trkpt>
      <trkpt lat="37.63292997144163" lon="13.481660010293126">
        <ele>669.03</ele>
      </trkpt>
      <trkpt lat="37.63282997533679" lon="13.481719940900803">
        <ele>669.22</ele>
      </trkpt>
      <trkpt lat="37.6327499281615" lon="13.48177995532751">
        <ele>669.42</ele>
      </trkpt>
      <trkpt lat="37.6326999720186" lon="13.48182002082467">
        <ele>669.64</ele>
      </trkpt>
      <trkpt lat="37.63264004141092" lon="13.481880035251379">
        <ele>669.87</ele>
      </trkpt>
      <trkpt lat="37.63259000144899" lon="13.48192990757525">
        <ele>670.12</ele>
      </trkpt>
      <trkpt lat="37.63253987766802" lon="13.48199000582099">
        <ele>670.38</ele>
      </trkpt>
      <trkpt lat="37.63249997980893" lon="13.48203987814486">
        <ele>670.64</ele>
      </trkpt>
      <trkpt lat="37.6324599981308" lon="13.482090001925826">
        <ele>670.92</ele>
      </trkpt>
      <trkpt lat="37.63240987434983" lon="13.482180023565888">
        <ele>671.22</ele>
      </trkpt>
      <trkpt lat="37.63229990378022" lon="13.482370041310787">
        <ele>671.54</ele>
      </trkpt>
      <trkpt lat="37.632239973172545" lon="13.482480011880398">
        <ele>671.84</ele>
      </trkpt>
      <trkpt lat="37.63219999149442" lon="13.482599956914783">
        <ele>672.19</ele>
      </trkpt>
      <trkpt lat="37.63216000981629" lon="13.48270003683865">
        <ele>672.53</ele>
      </trkpt>
      <trkpt lat="37.63213997706771" lon="13.482769941911101">
        <ele>672.89</ele>
      </trkpt>
      <trkpt lat="37.6321299187839" lon="13.482819981873035">
        <ele>673.25</ele>
      </trkpt>
      <trkpt lat="37.63212002813816" lon="13.482879912480712">
        <ele>673.62</ele>
      </trkpt>
      <trkpt lat="37.63210988603532" lon="13.48291989415884">
        <ele>674.0</ele>
      </trkpt>
      <trkpt lat="37.63209002092481" lon="13.483060039579868">
        <ele>674.42</ele>
      </trkpt>
      <trkpt lat="37.63206998817623" lon="13.483209991827607">
        <ele>674.84</ele>
      </trkpt>
      <trkpt lat="37.63205003924668" lon="13.483290039002895">
        <ele>675.23</ele>
      </trkpt>
      <trkpt lat="37.6320300064981" lon="13.483379976823926">
        <ele>675.62</ele>
      </trkpt>
      <trkpt lat="37.63199991546571" lon="13.483449965715408">
        <ele>675.99</ele>
      </trkpt>
      <trkpt lat="37.63197988271713" lon="13.48349992185831">
        <ele>676.36</ele>
      </trkpt>
      <trkpt lat="37.631939984858036" lon="13.483569910749793">
        <ele>676.73</ele>
      </trkpt>
      <trkpt lat="37.63190997764468" lon="13.483629925176501">
        <ele>677.12</ele>
      </trkpt>
      <trkpt lat="37.63186002150178" lon="13.483679965138435">
        <ele>677.49</ele>
      </trkpt>
      <trkpt lat="37.63182003982365" lon="13.48373000510037">
        <ele>677.88</ele>
      </trkpt>
      <trkpt lat="37.63177997432649" lon="13.483769986778498">
        <ele>678.25</ele>
      </trkpt>
      <trkpt lat="37.63173999264836" lon="13.483790019527078">
        <ele>678.62</ele>
      </trkpt>
      <trkpt lat="37.6316499710083" lon="13.483869899064302">
        <ele>679.02</ele>
      </trkpt>
      <trkpt lat="37.63151996769011" lon="13.483980037271976">
        <ele>679.46</ele>
      </trkpt>
      <trkpt lat="37.63150001876056" lon="13.48399001173675">
        <ele>679.84</ele>
      </trkpt>
      <trkpt lat="37.6314099971205" lon="13.484090007841587">
        <ele>680.22</ele>
      </trkpt>
      <trkpt lat="37.63134000822902" lon="13.484169887378812">
        <ele>680.63</ele>
      </trkpt>
      <trkpt lat="37.63127990998328" lon="13.4842499345541">
        <ele>681.06</ele>
      </trkpt>
      <trkpt lat="37.63121000491083" lon="13.484350014477968">
        <ele>681.46</ele>
      </trkpt>
      <trkpt lat="37.63113004155457" lon="13.484480017796159">
        <ele>681.86</ele>
      </trkpt>
      <trkpt lat="37.6310249324888" lon="13.484660061076283">
        <ele>682.32</ele>
      </trkpt>
      <trkpt lat="37.63091999106109" lon="13.484840020537376">
        <ele>682.74</ele>
      </trkpt>
      <trkpt lat="37.63078990392387" lon="13.485066751018167">
        <ele>683.18</ele>
      </trkpt>
      <trkpt lat="37.63065981678665" lon="13.485293565317988">
        <ele>683.64</ele>
      </trkpt>
      <trkpt lat="37.63052998110652" lon="13.48551987670362">
        <ele>684.14</ele>
      </trkpt>
      <trkpt lat="37.630499973893166" lon="13.48557997494936">
        <ele>684.56</ele>
      </trkpt>
      <trkpt lat="37.63048002496362" lon="13.485629931092262">
        <ele>684.96</ele>
      </trkpt>
      <trkpt lat="37.63045001775026" lon="13.48570997826755">
        <ele>685.36</ele>
      </trkpt>
      <trkpt lat="37.63043995946646" lon="13.485779883340001">
        <ele>685.79</ele>
      </trkpt>
      <trkpt lat="37.63042990118265" lon="13.485850039869547">
        <ele>686.21</ele>
      </trkpt>
      <trkpt lat="37.63042990118265" lon="13.48592002876103">
        <ele>686.64</ele>
      </trkpt>
      <trkpt lat="37.63042990118265" lon="13.485979959368706">
        <ele>687.06</ele>
      </trkpt>
      <trkpt lat="37.63045001775026" lon="13.48605003207922">
        <ele>687.49</ele>
      </trkpt>
      <trkpt lat="37.63045999221504" lon="13.48611993715167">
        <ele>687.91</ele>
      </trkpt>
      <trkpt lat="37.630499973893166" lon="13.486199984326959">
        <ele>688.35</ele>
      </trkpt>
      <trkpt lat="37.63052998110652" lon="13.48626988939941">
        <ele>688.78</ele>
      </trkpt>
      <trkpt lat="37.63056996278465" lon="13.486339878290892">
        <ele>689.21</ele>
      </trkpt>
      <trkpt lat="37.63069996610284" lon="13.486599884927273">
        <ele>689.65</ele>
      </trkpt>
      <trkpt lat="37.6307400316" lon="13.48669988103211">
        <ele>690.06</ele>
      </trkpt>
      <trkpt lat="37.63077003881335" lon="13.486799960955977">
        <ele>690.47</ele>
      </trkpt>
      <trkpt lat="37.6307899877429" lon="13.48688998259604">
        <ele>690.86</ele>
      </trkpt>
      <trkpt lat="37.63079987838864" lon="13.486970029771328">
        <ele>691.25</ele>
      </trkpt>
      <trkpt lat="37.63080993667245" lon="13.487059967592359">
        <ele>691.65</ele>
      </trkpt>
      <trkpt lat="37.63080993667245" lon="13.487179996445775">
        <ele>692.05</ele>
      </trkpt>
      <trkpt lat="37.6307899877429" lon="13.48727990873158">
        <ele>692.46</ele>
      </trkpt>
      <trkpt lat="37.63077003881335" lon="13.48740991204977">
        <ele>692.88</ele>
      </trkpt>
      <trkpt lat="37.6307400316" lon="13.487509991973639">
        <ele>693.26</ele>
      </trkpt>
      <trkpt lat="37.63071991503239" lon="13.48757998086512">
        <ele>693.64</ele>
      </trkpt>
      <trkpt lat="37.63068990781903" lon="13.487639995291829">
        <ele>694.01</ele>
      </trkpt>
      <trkpt lat="37.63064003549516" lon="13.48770990036428">
        <ele>694.38</ele>
      </trkpt>
      <trkpt lat="37.630599969998" lon="13.487779889255762">
        <ele>694.77</ele>
      </trkpt>
      <trkpt lat="37.63056996278465" lon="13.487819954752922">
        <ele>695.19</ele>
      </trkpt>
      <trkpt lat="37.630520006641746" lon="13.48787996917963">
        <ele>695.61</ele>
      </trkpt>
      <trkpt lat="37.63045001775026" lon="13.487960016354918">
        <ele>696.06</ele>
      </trkpt>
      <trkpt lat="37.63039997778833" lon="13.487999998033047">
        <ele>696.53</ele>
      </trkpt>
      <trkpt lat="37.6303599961102" lon="13.4880300052464">
        <ele>697.01</ele>
      </trkpt>
      <trkpt lat="37.63032001443207" lon="13.48805003799498">
        <ele>697.5</ele>
      </trkpt>
      <trkpt lat="37.63029000721872" lon="13.488069986924529">
        <ele>698.01</ele>
      </trkpt>
      <trkpt lat="37.63024994172156" lon="13.488079877570271">
        <ele>698.55</ele>
      </trkpt>
      <trkpt lat="37.6301699783653" lon="13.488099910318851">
        <ele>699.11</ele>
      </trkpt>
      <trkpt lat="37.63009998947382" lon="13.488099910318851">
        <ele>699.68</ele>
      </trkpt>
      <trkpt lat="37.62999999336898" lon="13.488109968602657">
        <ele>700.29</ele>
      </trkpt>
      <trkpt lat="37.62982036918402" lon="13.488099994137883">
        <ele>700.93</ele>
      </trkpt>
      <trkpt lat="37.629639990627766" lon="13.488090019673109">
        <ele>701.57</ele>
      </trkpt>
      <trkpt lat="37.62946003116667" lon="13.488079877570271">
        <ele>702.19</ele>
      </trkpt>
      <trkpt lat="37.629340002313256" lon="13.488090019673109">
        <ele>702.77</ele>
      </trkpt>
      <trkpt lat="37.62930002063513" lon="13.488090019673109">
        <ele>703.35</ele>
      </trkpt>
      <trkpt lat="37.629260038957" lon="13.488099910318851">
        <ele>703.94</ele>
      </trkpt>
      <trkpt lat="37.62921988964081" lon="13.488109968602657">
        <ele>704.53</ele>
      </trkpt>
      <trkpt lat="37.62917001731694" lon="13.488130001351237">
        <ele>705.14</ele>
      </trkpt>
      <trkpt lat="37.629119977355" lon="13.48815992474556">
        <ele>705.75</ele>
      </trkpt>
      <trkpt lat="37.629079995676875" lon="13.488190015777946">
        <ele>706.39</ele>
      </trkpt>
      <trkpt lat="37.62890003621578" lon="13.488339884206653">
        <ele>707.08</ele>
      </trkpt>
      <trkpt lat="37.6286400295794" lon="13.488539960235357">
        <ele>707.82</ele>
      </trkpt>
      <trkpt lat="37.62858001515269" lon="13.488580025732517">
        <ele>708.47</ele>
      </trkpt>
      <trkpt lat="37.62851991690695" lon="13.48860994912684">
        <ele>709.13</ele>
      </trkpt>
      <trkpt lat="37.62842000462115" lon="13.488640040159225">
        <ele>709.8</ele>
      </trkpt>
      <trkpt lat="37.62826996855438" lon="13.488679938018322">
        <ele>710.44</ele>
      </trkpt>
      <trkpt lat="37.62822998687625" lon="13.488689996302128">
        <ele>711.06</ele>
      </trkpt>
      <trkpt lat="37.62809998355806" lon="13.48871991969645">
        <ele>711.7</ele>
      </trkpt>
      <trkpt lat="37.62793988920748" lon="13.48875998519361">
        <ele>712.32</ele>
      </trkpt>
      <trkpt lat="37.62789982371032" lon="13.488769875839353">
        <ele>712.96</ele>
      </trkpt>
      <trkpt lat="37.62776001356542" lon="13.488809941336513">
        <ele>713.62</ele>
      </trkpt>
      <trkpt lat="37.62764995917678" lon="13.488840032368898">
        <ele>714.25</ele>
      </trkpt>
      <trkpt lat="37.6275900285691" lon="13.48884992301464">
        <ele>714.88</ele>
      </trkpt>
      <trkpt lat="37.62729004025459" lon="13.488919911906123">
        <ele>715.57</ele>
      </trkpt>
      <trkpt lat="37.62707990594208" lon="13.488970035687089">
        <ele>716.22</ele>
      </trkpt>
      <trkpt lat="37.626920230686665" lon="13.489004904404283">
        <ele>716.83</ele>
      </trkpt>
      <trkpt lat="37.62675988487899" lon="13.48903994075954">
        <ele>717.43</ele>
      </trkpt>
      <trkpt lat="37.62665997259319" lon="13.489070031791925">
        <ele>717.99</ele>
      </trkpt>
      <trkpt lat="37.62657003477216" lon="13.489089896902442">
        <ele>718.51</ele>
      </trkpt>
      <trkpt lat="37.626480013132095" lon="13.48912987858057">
        <ele>719.03</ele>
      </trkpt>
      <trkpt lat="37.62641999870539" lon="13.489159969612956">
        <ele>719.52</ele>
      </trkpt>
      <trkpt lat="37.62635998427868" lon="13.48918997682631">
        <ele>720.0</ele>
      </trkpt>
      <trkpt lat="37.62629996985197" lon="13.489229958504438">
        <ele>720.45</ele>
      </trkpt>
      <trkpt lat="37.62623995542526" lon="13.48927991464734">
        <ele>720.89</ele>
      </trkpt>
      <trkpt lat="37.62612998485565" lon="13.489349903538823">
        <ele>721.33</ele>
      </trkpt>
      <trkpt lat="37.62595999985933" lon="13.48948996514082">
        <ele>721.75</ele>
      </trkpt>
      <trkpt lat="37.62589001096785" lon="13.489539921283722">
        <ele>722.08</ele>
      </trkpt>
      <trkpt lat="37.62580996379256" lon="13.489602031186223">
        <ele>722.36</ele>
      </trkpt>
      <trkpt lat="37.62580987997353" lon="13.489602198824286">
        <ele>722.37</ele>
      </trkpt>
      <trkpt lat="37.62579998932779" lon="13.489609993994236">
        <ele>722.63</ele>
      </trkpt>
      <trkpt lat="37.62565003708005" lon="13.489739997312427">
        <ele>722.85</ele>
      </trkpt>
      <trkpt lat="37.62545993551612" lon="13.48987989127636">
        <ele>723.05</ele>
      </trkpt>
      <trkpt lat="37.62537997215986" lon="13.4899399895221">
        <ele>723.25</ele>
      </trkpt>
      <trkpt lat="37.6252399943769" lon="13.490039985626936">
        <ele>723.42</ele>
      </trkpt>
      <trkpt lat="37.62508995831013" lon="13.490119948983192">
        <ele>723.59</ele>
      </trkpt>
      <trkpt lat="37.62503002770245" lon="13.49015993066132">
        <ele>723.78</ele>
      </trkpt>
      <trkpt lat="37.62487999163568" lon="13.490239977836609">
        <ele>723.95</ele>
      </trkpt>
      <trkpt lat="37.62479994446039" lon="13.490289933979511">
        <ele>724.11</ele>
      </trkpt>
      <trkpt lat="37.624719981104136" lon="13.49032991565764">
        <ele>724.26</ele>
      </trkpt>
      <trkpt lat="37.62465996667743" lon="13.4903699811548">
        <ele>724.4</ele>
      </trkpt>
      <trkpt lat="37.62462995946407" lon="13.490380039438605">
        <ele>724.53</ele>
      </trkpt>
      <trkpt lat="37.62451990507543" lon="13.490450028330088">
        <ele>724.67</ele>
      </trkpt>
      <trkpt lat="37.624399960041046" lon="13.490509875118732">
        <ele>724.8</ele>
      </trkpt>
      <trkpt lat="37.624310022220016" lon="13.490549940615892">
        <ele>724.93</ele>
      </trkpt>
      <trkpt lat="37.62425000779331" lon="13.490580031648278">
        <ele>725.08</ele>
      </trkpt>
      <trkpt lat="37.62417993508279" lon="13.490599980577826">
        <ele>725.24</ele>
      </trkpt>
      <trkpt lat="37.62408002279699" lon="13.49062998779118">
        <ele>725.42</ele>
      </trkpt>
      <trkpt lat="37.62408999726176" lon="13.490810031071305">
        <ele>725.71</ele>
      </trkpt>
      <trkpt lat="37.62409368529916" lon="13.490855041891336">
        <ele>725.93</ele>
      </trkpt>
      <trkpt lat="37.62409997172654" lon="13.49092997610569">
        <ele>726.17</ele>
      </trkpt>
      <trkpt lat="37.62410156428814" lon="13.490952523425221">
        <ele>726.4</ele>
      </trkpt>
      <trkpt lat="37.6241070125252" lon="13.491027038544416">
        <ele>726.67</ele>
      </trkpt>
      <trkpt lat="37.62412000447512" lon="13.491200041025877">
        <ele>726.99</ele>
      </trkpt>
      <trkpt lat="37.62417993508279" lon="13.49118989892304">
        <ele>727.22</ele>
      </trkpt>
      <trkpt lat="37.62431999668479" lon="13.491180008277297">
        <ele>727.5</ele>
      </trkpt>
      <trkpt lat="37.6243800111115" lon="13.491159975528717">
        <ele>727.79</ele>
      </trkpt>
      <trkpt lat="37.624419992789626" lon="13.491149917244911">
        <ele>728.11</ele>
      </trkpt>
      <trkpt lat="37.62447003275156" lon="13.491140026599169">
        <ele>728.44</ele>
      </trkpt>
      <trkpt lat="37.62456927448511" lon="13.491100212559104">
        <ele>728.81</ele>
      </trkpt>
      <trkpt lat="37.62457598000765" lon="13.491121586412191">
        <ele>729.17</ele>
      </trkpt>
      <trkpt lat="37.624611938372254" lon="13.491103649139404">
        <ele>729.54</ele>
      </trkpt>
      <trkpt lat="37.62471922673285" lon="13.491060733795166">
        <ele>729.95</ele>
      </trkpt>
      <trkpt lat="37.62474068440497" lon="13.491060733795166">
        <ele>730.31</ele>
      </trkpt>
      <trkpt lat="37.625019550323486" lon="13.49095344543457">
        <ele>730.72</ele>
      </trkpt>
      <trkpt lat="37.62514838017523" lon="13.490889072418213">
        <ele>731.06</ele>
      </trkpt>
      <trkpt lat="37.62519129551947" lon="13.490889072418213">
        <ele>731.36</ele>
      </trkpt>
      <trkpt lat="37.62519121170044" lon="13.490889072418213">
        <ele>731.64</ele>
      </trkpt>
      <trkpt lat="37.62534141540527" lon="13.490889072418213">
        <ele>731.92</ele>
      </trkpt>
      <trkpt lat="37.62538441456854" lon="13.490931987762451">
        <ele>732.15</ele>
      </trkpt>
      <trkpt lat="37.62540587224066" lon="13.49097490310669">
        <ele>732.31</ele>
      </trkpt>
      <trkpt lat="37.62547016143799" lon="13.491082191467285">
        <ele>732.43</ele>
      </trkpt>
      <trkpt lat="37.6257061958313" lon="13.491103649139404">
        <ele>732.38</ele>
      </trkpt>
      <trkpt lat="37.62587785720825" lon="13.491103649139404">
        <ele>732.2</ele>
      </trkpt>
      <trkpt lat="37.626028060913086" lon="13.491125106811523">
        <ele>731.93</ele>
      </trkpt>
      <trkpt lat="37.62611389160156" lon="13.49097490310669">
        <ele>731.59</ele>
      </trkpt>
      <trkpt lat="37.62594231404364" lon="13.49069595336914">
        <ele>731.19</ele>
      </trkpt>
      <trkpt lat="37.62594223022461" lon="13.49069595336914">
        <ele>730.95</ele>
      </trkpt>
      <trkpt lat="37.625770568847656" lon="13.490395545959473">
        <ele>730.58</ele>
      </trkpt>
      <trkpt lat="37.62594223022461" lon="13.490245342254639">
        <ele>730.41</ele>
      </trkpt>
      <trkpt lat="37.62613534927368" lon="13.490116596221924">
        <ele>730.14</ele>
      </trkpt>
      <trkpt lat="37.62613543309271" lon="13.490116596221924">
        <ele>729.84</ele>
      </trkpt>
      <trkpt lat="37.62613534927368" lon="13.490116596221924">
        <ele>730.14</ele>
      </trkpt>
      <trkpt lat="37.62594122439623" lon="13.489825408905745">
        <ele>729.19</ele>
      </trkpt>
    </trkseg>
  </trk>
</gpx>
