<?xml version="1.0" encoding="UTF-8"?>
<gpx creator="Garmin Connect" version="1.1"
  xsi:schemaLocation="http://www.topografix.com/GPX/1/1 http://www.topografix.com/GPX/11.xsd"
  xmlns:ns3="http://www.garmin.com/xmlschemas/TrackPointExtension/v1"
  xmlns="http://www.topografix.com/GPX/1/1"
  xmlns:xsi="http://www.w3.org/2001/XMLSchema-instance" xmlns:ns2="http://www.garmin.com/xmlschemas/GpxExtensions/v3">
  <metadata>
    <name>SD02 / Gibellina - Sambuca di Sicilia</name>
    <link href="connect.garmin.com">
      <text>Garmin Connect</text>
    </link>
    <time>2026-09-02T17:18:13.000Z</time>
  </metadata>
  <trk>
    <name>SD02 / Gibellina - Sambuca di Sicilia</name>
    <trkseg>
      <trkpt lat="37.80896997079253" lon="12.868319945409894">
        <ele>230.33</ele>
      </trkpt>
      <trkpt lat="37.808739971369505" lon="12.868399992585182">
        <ele>230.41</ele>
      </trkpt>
      <trkpt lat="37.808630000799894" lon="12.86843997426331">
        <ele>230.51</ele>
      </trkpt>
      <trkpt lat="37.80840997584164" lon="12.868529995903373">
        <ele>230.65</ele>
      </trkpt>
      <trkpt lat="37.80836991034448" lon="12.868550028651953">
        <ele>230.8</ele>
      </trkpt>
      <trkpt lat="37.808330012485385" lon="12.868569977581501">
        <ele>230.96</ele>
      </trkpt>
      <trkpt lat="37.80829003080726" lon="12.868590010330081">
        <ele>231.12</ele>
      </trkpt>
      <trkpt lat="37.8082499653101" lon="12.86860995925963">
        <ele>231.27</ele>
      </trkpt>
      <trkpt lat="37.80820998363197" lon="12.868620017543435">
        <ele>231.4</ele>
      </trkpt>
      <trkpt lat="37.808030024170876" lon="12.868720013648272">
        <ele>231.54</ele>
      </trkpt>
      <trkpt lat="37.80791996978223" lon="12.868769969791174">
        <ele>231.65</ele>
      </trkpt>
      <trkpt lat="37.807879988104105" lon="12.868790002539754">
        <ele>231.75</ele>
      </trkpt>
      <trkpt lat="37.80784998089075" lon="12.868810035288334">
        <ele>231.83</ele>
      </trkpt>
      <trkpt lat="37.8078300319612" lon="12.868820009753108">
        <ele>231.9</ele>
      </trkpt>
      <trkpt lat="37.80775995925069" lon="12.868859991431236">
        <ele>231.97</ele>
      </trkpt>
      <trkpt lat="37.807710003107786" lon="12.868899973109365">
        <ele>232.03</ele>
      </trkpt>
      <trkpt lat="37.80767999589443" lon="12.86891003139317">
        <ele>232.09</ele>
      </trkpt>
      <trkpt lat="37.80763003975153" lon="12.868950013071299">
        <ele>232.15</ele>
      </trkpt>
      <trkpt lat="37.80754001811147" lon="12.869010027498007">
        <ele>232.21</ele>
      </trkpt>
      <trkpt lat="37.80744002200663" lon="12.86905998364091">
        <ele>232.28</ele>
      </trkpt>
      <trkpt lat="37.80738000757992" lon="12.869099965319037">
        <ele>232.35</ele>
      </trkpt>
      <trkpt lat="37.80735997483134" lon="12.869109939783812">
        <ele>232.44</ele>
      </trkpt>
      <trkpt lat="37.80732996761799" lon="12.869129972532392">
        <ele>232.54</ele>
      </trkpt>
      <trkpt lat="37.80709024518728" lon="12.869304735213518">
        <ele>232.65</ele>
      </trkpt>
      <trkpt lat="37.806850019842386" lon="12.869480000808835">
        <ele>232.82</ele>
      </trkpt>
      <trkpt lat="37.806653464213014" lon="12.86964981816709">
        <ele>232.98</ele>
      </trkpt>
      <trkpt lat="37.80645690858364" lon="12.869819719344378">
        <ele>233.12</ele>
      </trkpt>
      <trkpt lat="37.80626001767814" lon="12.869990039616823">
        <ele>233.4</ele>
      </trkpt>
      <trkpt lat="37.80613001435995" lon="12.870124904438853">
        <ele>233.68</ele>
      </trkpt>
      <trkpt lat="37.80600001104176" lon="12.870260020717978">
        <ele>233.94</ele>
      </trkpt>
      <trkpt lat="37.805970003828406" lon="12.870290027931333">
        <ele>234.21</ele>
      </trkpt>
      <trkpt lat="37.80591996386647" lon="12.870349958539009">
        <ele>234.5</ele>
      </trkpt>
      <trkpt lat="37.805900014936924" lon="12.870369991287589">
        <ele>234.79</ele>
      </trkpt>
      <trkpt lat="37.805879982188344" lon="12.870399998500943">
        <ele>235.1</ele>
      </trkpt>
      <trkpt lat="37.80580001883209" lon="12.870490020141006">
        <ele>235.42</ele>
      </trkpt>
      <trkpt lat="37.805689964443445" lon="12.870620023459196">
        <ele>235.79</ele>
      </trkpt>
      <trkpt lat="37.80564998276532" lon="12.870669979602098">
        <ele>236.18</ele>
      </trkpt>
      <trkpt lat="37.805519979447126" lon="12.870810041204095">
        <ele>236.63</ele>
      </trkpt>
      <trkpt lat="37.805430041626096" lon="12.870920011773705">
        <ele>237.09</ele>
      </trkpt>
      <trkpt lat="37.805410008877516" lon="12.87095001898706">
        <ele>237.54</ele>
      </trkpt>
      <trkpt lat="37.80531001277268" lon="12.871069964021444">
        <ele>238.03</ele>
      </trkpt>
      <trkpt lat="37.80519995838404" lon="12.871199967339635">
        <ele>238.55</ele>
      </trkpt>
      <trkpt lat="37.8050999622792" lon="12.871319996193051">
        <ele>239.06</ele>
      </trkpt>
      <trkpt lat="37.80507992953062" lon="12.871350003406405">
        <ele>239.56</ele>
      </trkpt>
      <trkpt lat="37.804980017244816" lon="12.871470032259822">
        <ele>240.1</ele>
      </trkpt>
      <trkpt lat="37.80496995896101" lon="12.871480006724596">
        <ele>240.61</ele>
      </trkpt>
      <trkpt lat="37.80495001003146" lon="12.871500039473176">
        <ele>241.13</ele>
      </trkpt>
      <trkpt lat="37.804850013926625" lon="12.871629958972335">
        <ele>241.67</ele>
      </trkpt>
      <trkpt lat="37.80476996675134" lon="12.871749987825751">
        <ele>242.21</ele>
      </trkpt>
      <trkpt lat="37.804720010608435" lon="12.871800027787685">
        <ele>242.72</ele>
      </trkpt>
      <trkpt lat="37.804680028930306" lon="12.871859958395362">
        <ele>243.21</ele>
      </trkpt>
      <trkpt lat="37.80458003282547" lon="12.871989961713552">
        <ele>243.72</ele>
      </trkpt>
      <trkpt lat="37.80446997843683" lon="12.872119965031743">
        <ele>244.26</ele>
      </trkpt>
      <trkpt lat="37.80436998233199" lon="12.872249968349934">
        <ele>244.82</ele>
      </trkpt>
      <trkpt lat="37.80430996790528" lon="12.872330015525222">
        <ele>245.39</ele>
      </trkpt>
      <trkpt lat="37.804269986227155" lon="12.87239002995193">
        <ele>245.95</ele>
      </trkpt>
      <trkpt lat="37.8041900228709" lon="12.87250000052154">
        <ele>246.5</ele>
      </trkpt>
      <trkpt lat="37.80415004119277" lon="12.872539982199669">
        <ele>247.03</ele>
      </trkpt>
      <trkpt lat="37.80406001955271" lon="12.872650036588311">
        <ele>247.59</ele>
      </trkpt>
      <trkpt lat="37.804030012339354" lon="12.872699992731214">
        <ele>248.11</ele>
      </trkpt>
      <trkpt lat="37.80393999069929" lon="12.87282002158463">
        <ele>248.61</ele>
      </trkpt>
      <trkpt lat="37.803730024024844" lon="12.872590022161603">
        <ele>249.14</ele>
      </trkpt>
      <trkpt lat="37.80370001681149" lon="12.872560014948249">
        <ele>249.63</ele>
      </trkpt>
      <trkpt lat="37.80367998406291" lon="12.872539982199669">
        <ele>250.09</ele>
      </trkpt>
      <trkpt lat="37.80364000238478" lon="12.87250000052154">
        <ele>250.55</ele>
      </trkpt>
      <trkpt lat="37.80353003181517" lon="12.872400004416704">
        <ele>250.99</ele>
      </trkpt>
      <trkpt lat="37.80339323915541" lon="12.872620029374957">
        <ele>251.54</ele>
      </trkpt>
      <trkpt lat="37.803256530314684" lon="12.872840138152242">
        <ele>252.11</ele>
      </trkpt>
      <trkpt lat="37.80311998911202" lon="12.873059995472431">
        <ele>252.66</ele>
      </trkpt>
      <trkpt lat="37.803009850904346" lon="12.873235009610653">
        <ele>253.1</ele>
      </trkpt>
      <trkpt lat="37.80289996415377" lon="12.873410023748875">
        <ele>253.49</ele>
      </trkpt>
      <trkpt lat="37.802789909765124" lon="12.873590067029">
        <ele>253.88</ele>
      </trkpt>
      <trkpt lat="37.802680023014545" lon="12.873770026490092">
        <ele>254.26</ele>
      </trkpt>
      <trkpt lat="37.802659990265965" lon="12.873799866065383">
        <ele>254.59</ele>
      </trkpt>
      <trkpt lat="37.80259000137448" lon="12.873940011486411">
        <ele>254.95</ele>
      </trkpt>
      <trkpt lat="37.80255999416113" lon="12.874040007591248">
        <ele>255.23</ele>
      </trkpt>
      <trkpt lat="37.80253996141255" lon="12.874119970947504">
        <ele>255.46</ele>
      </trkpt>
      <trkpt lat="37.802529986947775" lon="12.874200018122792">
        <ele>255.66</ele>
      </trkpt>
      <trkpt lat="37.802529986947775" lon="12.874209992587566">
        <ele>255.82</ele>
      </trkpt>
      <trkpt lat="37.80253996141255" lon="12.8742600325495">
        <ele>255.96</ele>
      </trkpt>
      <trkpt lat="37.80254993587732" lon="12.874349970370531">
        <ele>256.07</ele>
      </trkpt>
      <trkpt lat="37.80255999416113" lon="12.87443001754582">
        <ele>256.15</ele>
      </trkpt>
      <trkpt lat="37.80255999416113" lon="12.874439992010593">
        <ele>256.19</ele>
      </trkpt>
      <trkpt lat="37.80258002690971" lon="12.874490031972528">
        <ele>256.2</ele>
      </trkpt>
      <trkpt lat="37.80259997583926" lon="12.87453998811543">
        <ele>256.18</ele>
      </trkpt>
      <trkpt lat="37.80262998305261" lon="12.874579969793558">
        <ele>256.13</ele>
      </trkpt>
      <trkpt lat="37.802659990265965" lon="12.874630009755492">
        <ele>256.06</ele>
      </trkpt>
      <trkpt lat="37.8027100302279" lon="12.874679965898395">
        <ele>255.96</ele>
      </trkpt>
      <trkpt lat="37.80275001190603" lon="12.874730005860329">
        <ele>255.84</ele>
      </trkpt>
      <trkpt lat="37.80284003354609" lon="12.874799994751811">
        <ele>255.69</ele>
      </trkpt>
      <trkpt lat="37.80304974876344" lon="12.874959837645292">
        <ele>255.49</ele>
      </trkpt>
      <trkpt lat="37.803259966894984" lon="12.8751200158149">
        <ele>255.29</ele>
      </trkpt>
      <trkpt lat="37.80345970764756" lon="12.875259825959802">
        <ele>255.07</ele>
      </trkpt>
      <trkpt lat="37.80366003513336" lon="12.87539997138083">
        <ele>254.87</ele>
      </trkpt>
      <trkpt lat="37.803759863600135" lon="12.875450011342764">
        <ele>254.69</ele>
      </trkpt>
      <trkpt lat="37.80389003455639" lon="12.875480018556118">
        <ele>254.52</ele>
      </trkpt>
      <trkpt lat="37.80402003787458" lon="12.87548990920186">
        <ele>254.35</ele>
      </trkpt>
      <trkpt lat="37.804160015657544" lon="12.875480018556118">
        <ele>254.18</ele>
      </trkpt>
      <trkpt lat="37.80440996401012" lon="12.875380022451282">
        <ele>253.98</ele>
      </trkpt>
      <trkpt lat="37.8046699706465" lon="12.875239960849285">
        <ele>253.76</ele>
      </trkpt>
      <trkpt lat="37.804680028930306" lon="12.875229986384511">
        <ele>253.6</ele>
      </trkpt>
      <trkpt lat="37.80488002113998" lon="12.87509998306632">
        <ele>253.45</ele>
      </trkpt>
      <trkpt lat="37.805019998922944" lon="12.87539997138083">
        <ele>253.37</ele>
      </trkpt>
      <trkpt lat="37.805040031671524" lon="12.87542000412941">
        <ele>253.28</ele>
      </trkpt>
      <trkpt lat="37.80505998060107" lon="12.875459985807538">
        <ele>253.2</ele>
      </trkpt>
      <trkpt lat="37.80507992953062" lon="12.875510025769472">
        <ele>253.14</ele>
      </trkpt>
      <trkpt lat="37.805089987814426" lon="12.875540032982826">
        <ele>253.1</ele>
      </trkpt>
      <trkpt lat="37.80524999834597" lon="12.875840021297336">
        <ele>253.08</ele>
      </trkpt>
      <trkpt lat="37.80531001277268" lon="12.875970024615526">
        <ele>253.09</ele>
      </trkpt>
      <trkpt lat="37.805389976128936" lon="12.87613003514707">
        <ele>253.13</ele>
      </trkpt>
      <trkpt lat="37.80518998391926" lon="12.87623992189765">
        <ele>253.21</ele>
      </trkpt>
      <trkpt lat="37.804999966174364" lon="12.876360034570098">
        <ele>253.33</ele>
      </trkpt>
      <trkpt lat="37.80498990789056" lon="12.876360034570098">
        <ele>253.42</ele>
      </trkpt>
      <trkpt lat="37.80488002113998" lon="12.876419965177774">
        <ele>253.54</ele>
      </trkpt>
      <trkpt lat="37.8048599883914" lon="12.876439997926354">
        <ele>253.65</ele>
      </trkpt>
      <trkpt lat="37.80484003946185" lon="12.876460030674934">
        <ele>253.76</ele>
      </trkpt>
      <trkpt lat="37.804829981178045" lon="12.876449972391129">
        <ele>253.89</ele>
      </trkpt>
      <trkpt lat="37.80482000671327" lon="12.876449972391129">
        <ele>254.02</ele>
      </trkpt>
      <trkpt lat="37.8048100322485" lon="12.876449972391129">
        <ele>254.15</ele>
      </trkpt>
      <trkpt lat="37.80479997396469" lon="12.876449972391129">
        <ele>254.29</ele>
      </trkpt>
      <trkpt lat="37.804789915680885" lon="12.876449972391129">
        <ele>254.44</ele>
      </trkpt>
      <trkpt lat="37.80478002503514" lon="12.876460030674934">
        <ele>254.58</ele>
      </trkpt>
      <trkpt lat="37.80475999228656" lon="12.876470005139709">
        <ele>254.73</ele>
      </trkpt>
      <trkpt lat="37.80465999618173" lon="12.876460030674934">
        <ele>254.87</ele>
      </trkpt>
      <trkpt lat="37.80462998896837" lon="12.876449972391129">
        <ele>255.02</ele>
      </trkpt>
      <trkpt lat="37.80449001118541" lon="12.876439997926354">
        <ele>255.16</ele>
      </trkpt>
      <trkpt lat="37.804420022293925" lon="12.876419965177774">
        <ele>255.32</ele>
      </trkpt>
      <trkpt lat="37.80439001508057" lon="12.876409990713">
        <ele>255.48</ele>
      </trkpt>
      <trkpt lat="37.80419999733567" lon="12.876309994608164">
        <ele>255.67</ele>
      </trkpt>
      <trkpt lat="37.80393001623452" lon="12.8761700168252">
        <ele>255.9</ele>
      </trkpt>
      <trkpt lat="37.80383002012968" lon="12.876110002398491">
        <ele>256.08</ele>
      </trkpt>
      <trkpt lat="37.803759863600135" lon="12.876079995185137">
        <ele>256.27</ele>
      </trkpt>
      <trkpt lat="37.80357990413904" lon="12.875989973545074">
        <ele>256.44</ele>
      </trkpt>
      <trkpt lat="37.80341997742653" lon="12.875900035724044">
        <ele>256.61</ele>
      </trkpt>
      <trkpt lat="37.803259966894984" lon="12.875810014083982">
        <ele>256.81</ele>
      </trkpt>
      <trkpt lat="37.803199868649244" lon="12.875780006870627">
        <ele>257.0</ele>
      </trkpt>
      <trkpt lat="37.80310004018247" lon="12.875729966908693">
        <ele>257.2</ele>
      </trkpt>
      <trkpt lat="37.80298998579383" lon="12.875670036301017">
        <ele>257.42</ele>
      </trkpt>
      <trkpt lat="37.8029500041157" lon="12.875650003552437">
        <ele>257.62</ele>
      </trkpt>
      <trkpt lat="37.802810026332736" lon="12.875580014660954">
        <ele>257.87</ele>
      </trkpt>
      <trkpt lat="37.80257533304393" lon="12.875460153445601">
        <ele>258.15</ele>
      </trkpt>
      <trkpt lat="37.802339969202876" lon="12.875340040773153">
        <ele>258.35</ele>
      </trkpt>
      <trkpt lat="37.80221600085497" lon="12.875278014689684">
        <ele>258.56</ele>
      </trkpt>
      <trkpt lat="37.80219102278352" lon="12.875266028568149">
        <ele>258.77</ele>
      </trkpt>
      <trkpt lat="37.80216000974178" lon="12.875250019133091">
        <ele>258.99</ele>
      </trkpt>
      <trkpt lat="37.802120028063655" lon="12.875220011919737">
        <ele>259.2</ele>
      </trkpt>
      <trkpt lat="37.8020900208503" lon="12.875199979171157">
        <ele>259.42</ele>
      </trkpt>
      <trkpt lat="37.80203000642359" lon="12.8751200158149">
        <ele>259.63</ele>
      </trkpt>
      <trkpt lat="37.801949959248304" lon="12.875009961426258">
        <ele>259.84</ele>
      </trkpt>
      <trkpt lat="37.801839988678694" lon="12.874809969216585">
        <ele>260.03</ele>
      </trkpt>
      <trkpt lat="37.80180998146534" lon="12.874750038608909">
        <ele>260.24</ele>
      </trkpt>
      <trkpt lat="37.801779974251986" lon="12.874709973111749">
        <ele>260.46</ele>
      </trkpt>
      <trkpt lat="37.80173001810908" lon="12.874620035290718">
        <ele>260.68</ele>
      </trkpt>
      <trkpt lat="37.80159004032612" lon="12.8746900241822">
        <ele>260.95</ele>
      </trkpt>
      <trkpt lat="37.80137998983264" lon="12.874739896506071">
        <ele>261.25</ele>
      </trkpt>
      <trkpt lat="37.80130002647638" lon="12.874750038608909">
        <ele>261.56</ele>
      </trkpt>
      <trkpt lat="37.801219979301095" lon="12.874739896506071">
        <ele>261.87</ele>
      </trkpt>
      <trkpt lat="37.80115996487439" lon="12.874739896506071">
        <ele>262.2</ele>
      </trkpt>
      <trkpt lat="37.80101009644568" lon="12.874639984220266">
        <ele>262.58</ele>
      </trkpt>
      <trkpt lat="37.80085997655988" lon="12.87453998811543">
        <ele>262.96</ele>
      </trkpt>
      <trkpt lat="37.80082996934652" lon="12.874520039185882">
        <ele>263.31</ele>
      </trkpt>
      <trkpt lat="37.8006100282073" lon="12.874330021440983">
        <ele>263.7</ele>
      </trkpt>
      <trkpt lat="37.800489999353886" lon="12.87423999980092">
        <ele>264.09</ele>
      </trkpt>
      <trkpt lat="37.80039000324905" lon="12.874170010909438">
        <ele>264.47</ele>
      </trkpt>
      <trkpt lat="37.80021012760699" lon="12.874030116945505">
        <ele>264.87</ele>
      </trkpt>
      <trkpt lat="37.80003000050783" lon="12.873889971524477">
        <ele>265.29</ele>
      </trkpt>
      <trkpt lat="37.7999799605459" lon="12.873859964311123">
        <ele>265.7</ele>
      </trkpt>
      <trkpt lat="37.79983000829816" lon="12.873770026490092">
        <ele>266.14</ele>
      </trkpt>
      <trkpt lat="37.799760019406676" lon="12.873740019276738">
        <ele>266.57</ele>
      </trkpt>
      <trkpt lat="37.79970000497997" lon="12.873729960992932">
        <ele>266.99</ele>
      </trkpt>
      <trkpt lat="37.79966002330184" lon="12.873719986528158">
        <ele>267.42</ele>
      </trkpt>
      <trkpt lat="37.799609983339906" lon="12.873719986528158">
        <ele>267.86</ele>
      </trkpt>
      <trkpt lat="37.799560027197" lon="12.873719986528158">
        <ele>268.31</ele>
      </trkpt>
      <trkpt lat="37.79951996169984" lon="12.873729960992932">
        <ele>268.77</ele>
      </trkpt>
      <trkpt lat="37.799479980021715" lon="12.873749993741512">
        <ele>269.22</ele>
      </trkpt>
      <trkpt lat="37.79938995838165" lon="12.873770026490092">
        <ele>269.67</ele>
      </trkpt>
      <trkpt lat="37.799289962276816" lon="12.873819982632995">
        <ele>270.15</ele>
      </trkpt>
      <trkpt lat="37.7991199772805" lon="12.873910004273057">
        <ele>270.64</ele>
      </trkpt>
      <trkpt lat="37.79894999228418" lon="12.87400002591312">
        <ele>271.17</ele>
      </trkpt>
      <trkpt lat="37.7987502515316" lon="12.874104799702764">
        <ele>271.69</ele>
      </trkpt>
      <trkpt lat="37.79855000786483" lon="12.874209992587566">
        <ele>272.27</ele>
      </trkpt>
      <trkpt lat="37.79838521964848" lon="12.874294817447662">
        <ele>272.87</ele>
      </trkpt>
      <trkpt lat="37.79822001233697" lon="12.874379977583885">
        <ele>273.52</ele>
      </trkpt>
      <trkpt lat="37.798169972375035" lon="12.874409900978208">
        <ele>274.12</ele>
      </trkpt>
      <trkpt lat="37.79805002734065" lon="12.874459940940142">
        <ele>274.75</ele>
      </trkpt>
      <trkpt lat="37.79799998737872" lon="12.874469999223948">
        <ele>275.37</ele>
      </trkpt>
      <trkpt lat="37.797950031235814" lon="12.874469999223948">
        <ele>276.0</ele>
      </trkpt>
      <trkpt lat="37.797890016809106" lon="12.874459940940142">
        <ele>276.63</ele>
      </trkpt>
      <trkpt lat="37.79783997684717" lon="12.874449966475368">
        <ele>277.26</ele>
      </trkpt>
      <trkpt lat="37.79779002070427" lon="12.87443001754582">
        <ele>277.89</ele>
      </trkpt>
      <trkpt lat="37.797739980742335" lon="12.874419959262013">
        <ele>278.53</ele>
      </trkpt>
      <trkpt lat="37.79769002459943" lon="12.874409900978208">
        <ele>279.18</ele>
      </trkpt>
      <trkpt lat="37.79766001738608" lon="12.874419959262013">
        <ele>279.84</ele>
      </trkpt>
      <trkpt lat="37.797609977424145" lon="12.87443001754582">
        <ele>280.51</ele>
      </trkpt>
      <trkpt lat="37.79756999574602" lon="12.874449966475368">
        <ele>281.22</ele>
      </trkpt>
      <trkpt lat="37.79753998853266" lon="12.874469999223948">
        <ele>281.95</ele>
      </trkpt>
      <trkpt lat="37.79750998131931" lon="12.874490031972528">
        <ele>282.67</ele>
      </trkpt>
      <trkpt lat="37.79749003238976" lon="12.874520039185882">
        <ele>283.36</ele>
      </trkpt>
      <trkpt lat="37.797460025176406" lon="12.874579969793558">
        <ele>284.06</ele>
      </trkpt>
      <trkpt lat="37.797390036284924" lon="12.874730005860329">
        <ele>284.81</ele>
      </trkpt>
      <trkpt lat="37.79736002907157" lon="12.874799994751811">
        <ele>285.51</ele>
      </trkpt>
      <trkpt lat="37.79725483618677" lon="12.875095373019576">
        <ele>286.24</ele>
      </trkpt>
      <trkpt lat="37.79714997857809" lon="12.875389996916056">
        <ele>287.0</ele>
      </trkpt>
      <trkpt lat="37.797079822048545" lon="12.875575153157115">
        <ele>287.71</ele>
      </trkpt>
      <trkpt lat="37.797010000795126" lon="12.875759974122047">
        <ele>288.42</ele>
      </trkpt>
      <trkpt lat="37.796970019117" lon="12.87587002851069">
        <ele>289.12</ele>
      </trkpt>
      <trkpt lat="37.796940011903644" lon="12.875949991866946">
        <ele>289.78</ele>
      </trkpt>
      <trkpt lat="37.79690992087126" lon="12.875859970226884">
        <ele>290.4</ele>
      </trkpt>
      <trkpt lat="37.79684001579881" lon="12.875800039619207">
        <ele>291.01</ele>
      </trkpt>
      <trkpt lat="37.796770026907325" lon="12.8757400251925">
        <ele>291.6</ele>
      </trkpt>
      <trkpt lat="37.79668000526726" lon="12.875650003552437">
        <ele>292.17</ele>
      </trkpt>
      <trkpt lat="37.796489987522364" lon="12.875450011342764">
        <ele>292.74</ele>
      </trkpt>
      <trkpt lat="37.7963999658823" lon="12.875369964167476">
        <ele>293.3</ele>
      </trkpt>
      <trkpt lat="37.79619016684592" lon="12.875195033848286">
        <ele>293.86</ele>
      </trkpt>
      <trkpt lat="37.79598003253341" lon="12.875019935891032">
        <ele>294.42</ele>
      </trkpt>
      <trkpt lat="37.79595002532005" lon="12.87499001249671">
        <ele>294.87</ele>
      </trkpt>
      <trkpt lat="37.79583997093141" lon="12.874899990856647">
        <ele>295.3</ele>
      </trkpt>
      <trkpt lat="37.79579998925328" lon="12.87486000917852">
        <ele>295.68</ele>
      </trkpt>
      <trkpt lat="37.795650037005544" lon="12.874730005860329">
        <ele>296.02</ele>
      </trkpt>
      <trkpt lat="37.79549991711974" lon="12.874599918723106">
        <ele>296.36</ele>
      </trkpt>
      <trkpt lat="37.79536002315581" lon="12.874469999223948">
        <ele>296.67</ele>
      </trkpt>
      <trkpt lat="37.79521996155381" lon="12.874349970370531">
        <ele>296.94</ele>
      </trkpt>
      <trkpt lat="37.79520998708904" lon="12.874349970370531">
        <ele>297.16</ele>
      </trkpt>
      <trkpt lat="37.79513002373278" lon="12.874309988692403">
        <ele>297.36</ele>
      </trkpt>
      <trkpt lat="37.79504000209272" lon="12.874269923195243">
        <ele>297.52</ele>
      </trkpt>
      <trkpt lat="37.79501996934414" lon="12.8742600325495">
        <ele>297.63</ele>
      </trkpt>
      <trkpt lat="37.7948700170964" lon="12.87421996705234">
        <ele>297.71</ele>
      </trkpt>
      <trkpt lat="37.794710006564856" lon="12.874179985374212">
        <ele>297.75</ele>
      </trkpt>
      <trkpt lat="37.79451001435518" lon="12.874129861593246">
        <ele>297.74</ele>
      </trkpt>
      <trkpt lat="37.79435000382364" lon="12.874100022017956">
        <ele>297.7</ele>
      </trkpt>
      <trkpt lat="37.79432997107506" lon="12.87408996373415">
        <ele>297.66</ele>
      </trkpt>
      <trkpt lat="37.794259982183576" lon="12.874049982056022">
        <ele>297.57</ele>
      </trkpt>
      <trkpt lat="37.79422000050545" lon="12.874040007591248">
        <ele>297.5</ele>
      </trkpt>
      <trkpt lat="37.79414003714919" lon="12.873989883810282">
        <ele>297.4</ele>
      </trkpt>
      <trkpt lat="37.794010033831" lon="12.873900029808283">
        <ele>297.28</ele>
      </trkpt>
      <trkpt lat="37.793939961120486" lon="12.873849906027317">
        <ele>297.15</ele>
      </trkpt>
      <trkpt lat="37.79376997612417" lon="12.873710012063384">
        <ele>296.99</ele>
      </trkpt>
      <trkpt lat="37.793699987232685" lon="12.873670030385256">
        <ele>296.85</ele>
      </trkpt>
      <trkpt lat="37.79365003108978" lon="12.873629964888096">
        <ele>296.7</ele>
      </trkpt>
      <trkpt lat="37.79360996559262" lon="12.873600041493773">
        <ele>296.56</ele>
      </trkpt>
      <trkpt lat="37.793420031666756" lon="12.873489987105131">
        <ele>296.42</ele>
      </trkpt>
      <trkpt lat="37.79333998449147" lon="12.873440030962229">
        <ele>296.27</ele>
      </trkpt>
      <trkpt lat="37.79323001392186" lon="12.873389991000295">
        <ele>296.13</ele>
      </trkpt>
      <trkpt lat="37.79320998117328" lon="12.873389991000295">
        <ele>296.02</ele>
      </trkpt>
      <trkpt lat="37.79314996674657" lon="12.873369958251715">
        <ele>295.91</ele>
      </trkpt>
      <trkpt lat="37.793100010603666" lon="12.87335998378694">
        <ele>295.82</ele>
      </trkpt>
      <trkpt lat="37.793030021712184" lon="12.873350009322166">
        <ele>295.75</ele>
      </trkpt>
      <trkpt lat="37.79287001118064" lon="12.873320002108812">
        <ele>295.69</ele>
      </trkpt>
      <trkpt lat="37.79284997843206" lon="12.873310027644038">
        <ele>295.65</ele>
      </trkpt>
      <trkpt lat="37.79283002950251" lon="12.873299969360232">
        <ele>295.64</ele>
      </trkpt>
      <trkpt lat="37.792819971218705" lon="12.873289994895458">
        <ele>295.63</ele>
      </trkpt>
      <trkpt lat="37.79278988018632" lon="12.87325001321733">
        <ele>295.65</ele>
      </trkpt>
      <trkpt lat="37.79277998954058" lon="12.87322998046875">
        <ele>295.67</ele>
      </trkpt>
      <trkpt lat="37.792670018970966" lon="12.87292999215424">
        <ele>295.75</ele>
      </trkpt>
      <trkpt lat="37.792600030079484" lon="12.872720025479794">
        <ele>295.9</ele>
      </trkpt>
      <trkpt lat="37.79248000122607" lon="12.872400004416704">
        <ele>296.08</ele>
      </trkpt>
      <trkpt lat="37.79244001954794" lon="12.872309982776642">
        <ele>296.21</ele>
      </trkpt>
      <trkpt lat="37.79235997237265" lon="12.872119965031743">
        <ele>296.33</ele>
      </trkpt>
      <trkpt lat="37.792280009016395" lon="12.871949980035424">
        <ele>296.46</ele>
      </trkpt>
      <trkpt lat="37.792259976267815" lon="12.87191997282207">
        <ele>296.62</ele>
      </trkpt>
      <trkpt lat="37.79211999848485" lon="12.871719980612397">
        <ele>296.74</ele>
      </trkpt>
      <trkpt lat="37.791980020701885" lon="12.871580002829432">
        <ele>296.89</ele>
      </trkpt>
      <trkpt lat="37.79184993356466" lon="12.87148998118937">
        <ele>297.11</ele>
      </trkpt>
      <trkpt lat="37.79183995909989" lon="12.87148998118937">
        <ele>297.35</ele>
      </trkpt>
      <trkpt lat="37.791680032387376" lon="12.871419992297888">
        <ele>297.65</ele>
      </trkpt>
      <trkpt lat="37.79156997799873" lon="12.871370036154985">
        <ele>297.98</ele>
      </trkpt>
      <trkpt lat="37.791365291923285" lon="12.871295101940632">
        <ele>298.33</ele>
      </trkpt>
      <trkpt lat="37.79116001911461" lon="12.871219916269183">
        <ele>298.64</ele>
      </trkpt>
      <trkpt lat="37.790990034118295" lon="12.871159985661507">
        <ele>298.98</ele>
      </trkpt>
      <trkpt lat="37.79093001969159" lon="12.871140036731958">
        <ele>299.32</ele>
      </trkpt>
      <trkpt lat="37.79081988148391" lon="12.871110029518604">
        <ele>299.67</ele>
      </trkpt>
      <trkpt lat="37.79064520262182" lon="12.871055044233799">
        <ele>300.02</ele>
      </trkpt>
      <trkpt lat="37.79047002084553" lon="12.870999975129962">
        <ele>300.44</ele>
      </trkpt>
      <trkpt lat="37.79020548798144" lon="12.870920095592737">
        <ele>300.87</ele>
      </trkpt>
      <trkpt lat="37.789940033107996" lon="12.870839964598417">
        <ele>301.33</ele>
      </trkpt>
      <trkpt lat="37.789879934862256" lon="12.870820015668869">
        <ele>301.76</ele>
      </trkpt>
      <trkpt lat="37.78970525600016" lon="12.87075505591929">
        <ele>302.21</ele>
      </trkpt>
      <trkpt lat="37.789529990404844" lon="12.870690012350678">
        <ele>302.64</ele>
      </trkpt>
      <trkpt lat="37.789360005408525" lon="12.87062999792397">
        <ele>303.11</ele>
      </trkpt>
      <trkpt lat="37.78916001319885" lon="12.870569983497262">
        <ele>303.62</ele>
      </trkpt>
      <trkpt lat="37.788909981027246" lon="12.870490020141006">
        <ele>304.1</ele>
      </trkpt>
      <trkpt lat="37.7887000143528" lon="12.870430005714297">
        <ele>304.57</ele>
      </trkpt>
      <trkpt lat="37.788519971072674" lon="12.870390024036169">
        <ele>305.02</ele>
      </trkpt>
      <trkpt lat="37.78837990947068" lon="12.870360016822815">
        <ele>305.45</ele>
      </trkpt>
      <trkpt lat="37.78834001161158" lon="12.870349958539009">
        <ele>305.9</ele>
      </trkpt>
      <trkpt lat="37.78817027807236" lon="12.870324980467558">
        <ele>306.33</ele>
      </trkpt>
      <trkpt lat="37.78799987398088" lon="12.870300002396107">
        <ele>306.78</ele>
      </trkpt>
      <trkpt lat="37.78792996890843" lon="12.870290027931333">
        <ele>307.25</ele>
      </trkpt>
      <trkpt lat="37.787810023874044" lon="12.870279969647527">
        <ele>307.73</ele>
      </trkpt>
      <trkpt lat="37.78758002445102" lon="12.870279969647527">
        <ele>308.28</ele>
      </trkpt>
      <trkpt lat="37.78745002113283" lon="12.870269995182753">
        <ele>308.82</ele>
      </trkpt>
      <trkpt lat="37.78743987902999" lon="12.870269995182753">
        <ele>309.32</ele>
      </trkpt>
      <trkpt lat="37.787359999492764" lon="12.870260020717978">
        <ele>309.84</ele>
      </trkpt>
      <trkpt lat="37.787320017814636" lon="12.870249962434173">
        <ele>310.35</ele>
      </trkpt>
      <trkpt lat="37.7872699778527" lon="12.87022003903985">
        <ele>310.86</ele>
      </trkpt>
      <trkpt lat="37.787229996174574" lon="12.87020000629127">
        <ele>311.38</ele>
      </trkpt>
      <trkpt lat="37.78710996732116" lon="12.870119959115982">
        <ele>311.91</ele>
      </trkpt>
      <trkpt lat="37.7870799601078" lon="12.87009003572166">
        <ele>312.42</ele>
      </trkpt>
      <trkpt lat="37.786950040608644" lon="12.870019963011146">
        <ele>313.01</ele>
      </trkpt>
      <trkpt lat="37.786909975111485" lon="12.869990039616823">
        <ele>313.54</ele>
      </trkpt>
      <trkpt lat="37.786869993433356" lon="12.869939999654889">
        <ele>314.07</ele>
      </trkpt>
      <trkpt lat="37.78680997900665" lon="12.869870010763407">
        <ele>314.6</ele>
      </trkpt>
      <trkpt lat="37.786760022863746" lon="12.869789963588119">
        <ele>315.14</ele>
      </trkpt>
      <trkpt lat="37.7866499684751" lon="12.86964001134038">
        <ele>315.72</ele>
      </trkpt>
      <trkpt lat="37.78661996126175" lon="12.869600029662251">
        <ele>316.24</ele>
      </trkpt>
      <trkpt lat="37.78651996515691" lon="12.869429960846901">
        <ele>316.77</ele>
      </trkpt>
      <trkpt lat="37.78650999069214" lon="12.869429960846901">
        <ele>317.27</ele>
      </trkpt>
      <trkpt lat="37.78643002733588" lon="12.869300041347742">
        <ele>317.77</ele>
      </trkpt>
      <trkpt lat="37.78630002401769" lon="12.869129972532392">
        <ele>318.27</ele>
      </trkpt>
      <trkpt lat="37.78625995852053" lon="12.86908001638949">
        <ele>318.75</ele>
      </trkpt>
      <trkpt lat="37.7861700206995" lon="12.868999969214201">
        <ele>319.24</ele>
      </trkpt>
      <trkpt lat="37.786119896918535" lon="12.868959987536073">
        <ele>319.7</ele>
      </trkpt>
      <trkpt lat="37.78608997352421" lon="12.868929980322719">
        <ele>320.15</ele>
      </trkpt>
      <trkpt lat="37.786010010167956" lon="12.86886996589601">
        <ele>320.6</ele>
      </trkpt>
      <trkpt lat="37.78594999574125" lon="12.868829984217882">
        <ele>321.05</ele>
      </trkpt>
      <trkpt lat="37.78584002517164" lon="12.868790002539754">
        <ele>321.51</ele>
      </trkpt>
      <trkpt lat="37.78569996356964" lon="12.868750020861626">
        <ele>321.96</ele>
      </trkpt>
      <trkpt lat="37.785620000213385" lon="12.868729988113046">
        <ele>322.42</ele>
      </trkpt>
      <trkpt lat="37.78544004075229" lon="12.868690006434917">
        <ele>322.86</ele>
      </trkpt>
      <trkpt lat="37.78526997193694" lon="12.868659999221563">
        <ele>323.31</ele>
      </trkpt>
      <trkpt lat="37.78508992865682" lon="12.868639882653952">
        <ele>323.75</ele>
      </trkpt>
      <trkpt lat="37.78490996919572" lon="12.86860995925963">
        <ele>324.23</ele>
      </trkpt>
      <trkpt lat="37.78489999473095" lon="12.86860995925963">
        <ele>324.69</ele>
      </trkpt>
      <trkpt lat="37.7846799697727" lon="12.868580035865307">
        <ele>325.21</ele>
      </trkpt>
      <trkpt lat="37.784549966454506" lon="12.868550028651953">
        <ele>325.71</ele>
      </trkpt>
      <trkpt lat="37.78433999978006" lon="12.868520021438599">
        <ele>326.23</ele>
      </trkpt>
      <trkpt lat="37.78427001088858" lon="12.868520021438599">
        <ele>326.74</ele>
      </trkpt>
      <trkpt lat="37.78410002589226" lon="12.868509963154793">
        <ele>327.24</ele>
      </trkpt>
      <trkpt lat="37.783880000934005" lon="12.868550028651953">
        <ele>327.75</ele>
      </trkpt>
      <trkpt lat="37.78376986272633" lon="12.868580035865307">
        <ele>328.22</ele>
      </trkpt>
      <trkpt lat="37.783559979870915" lon="12.868669973686337">
        <ele>328.74</ele>
      </trkpt>
      <trkpt lat="37.783429976552725" lon="12.868720013648272">
        <ele>329.21</ele>
      </trkpt>
      <trkpt lat="37.783270217478275" lon="12.868779860436916">
        <ele>329.7</ele>
      </trkpt>
      <trkpt lat="37.78311003930867" lon="12.868839958682656">
        <ele>330.18</ele>
      </trkpt>
      <trkpt lat="37.78302990831435" lon="12.86886996589601">
        <ele>330.66</ele>
      </trkpt>
      <trkpt lat="37.78292002156377" lon="12.86888999864459">
        <ele>331.14</ele>
      </trkpt>
      <trkpt lat="37.78277995996177" lon="12.86888999864459">
        <ele>331.65</ele>
      </trkpt>
      <trkpt lat="37.78262003324926" lon="12.868859991431236">
        <ele>332.16</ele>
      </trkpt>
      <trkpt lat="37.78240998275578" lon="12.868779860436916">
        <ele>332.74</ele>
      </trkpt>
      <trkpt lat="37.782330019399524" lon="12.868729988113046">
        <ele>333.22</ele>
      </trkpt>
      <trkpt lat="37.78220999054611" lon="12.868620017543435">
        <ele>333.71</ele>
      </trkpt>
      <trkpt lat="37.78219004161656" lon="12.86860995925963">
        <ele>334.15</ele>
      </trkpt>
      <trkpt lat="37.7821000199765" lon="12.868539970368147">
        <ele>334.6</ele>
      </trkpt>
      <trkpt lat="37.78206003829837" lon="12.868509963154793">
        <ele>335.03</ele>
      </trkpt>
      <trkpt lat="37.7819599583745" lon="12.868450032547116">
        <ele>335.46</ele>
      </trkpt>
      <trkpt lat="37.78184998780489" lon="12.868390018120408">
        <ele>335.89</ele>
      </trkpt>
      <trkpt lat="37.78166030533612" lon="12.86830510944128">
        <ele>336.29</ele>
      </trkpt>
      <trkpt lat="37.781470036134124" lon="12.86822003312409">
        <ele>336.65</ele>
      </trkpt>
      <trkpt lat="37.781289992854" lon="12.868149960413575">
        <ele>336.96</ele>
      </trkpt>
      <trkpt lat="37.78125001117587" lon="12.868139985948801">
        <ele>337.3</ele>
      </trkpt>
      <trkpt lat="37.78118999674916" lon="12.868130011484027">
        <ele>337.64</ele>
      </trkpt>
      <trkpt lat="37.78108002617955" lon="12.868169909343123">
        <ele>337.98</ele>
      </trkpt>
      <trkpt lat="37.780980030074716" lon="12.868209974840283">
        <ele>338.31</ele>
      </trkpt>
      <trkpt lat="37.78083996847272" lon="12.868290022015572">
        <ele>338.7</ele>
      </trkpt>
      <trkpt lat="37.78070996515453" lon="12.868379959836602">
        <ele>339.05</ele>
      </trkpt>
      <trkpt lat="37.780450377613306" lon="12.868509711697698">
        <ele>339.39</ele>
      </trkpt>
      <trkpt lat="37.7801900357008" lon="12.868639882653952">
        <ele>339.77</ele>
      </trkpt>
      <trkpt lat="37.78009003959596" lon="12.868690006434917">
        <ele>340.17</ele>
      </trkpt>
      <trkpt lat="37.78001996688545" lon="12.868720013648272">
        <ele>340.56</ele>
      </trkpt>
      <trkpt lat="37.77997998520732" lon="12.86873996257782">
        <ele>340.94</ele>
      </trkpt>
      <trkpt lat="37.779689971357584" lon="12.868850016966462">
        <ele>341.35</ele>
      </trkpt>
      <trkpt lat="37.77958997525275" lon="12.868880024179816">
        <ele>341.72</ele>
      </trkpt>
      <trkpt lat="37.77951001189649" lon="12.86888999864459">
        <ele>342.1</ele>
      </trkpt>
      <trkpt lat="37.77950003743172" lon="12.86888999864459">
        <ele>342.5</ele>
      </trkpt>
      <trkpt lat="37.77944999746978" lon="12.86888999864459">
        <ele>342.92</ele>
      </trkpt>
      <trkpt lat="37.779350001364946" lon="12.86886996589601">
        <ele>343.35</ele>
      </trkpt>
      <trkpt lat="37.77915000915527" lon="12.868820009753108">
        <ele>343.81</ele>
      </trkpt>
      <trkpt lat="37.77909996919334" lon="12.868810035288334">
        <ele>344.25</ele>
      </trkpt>
      <trkpt lat="37.77901003137231" lon="12.868779860436916">
        <ele>344.69</ele>
      </trkpt>
      <trkpt lat="37.77896996587515" lon="12.8687599953264">
        <ele>345.12</ele>
      </trkpt>
      <trkpt lat="37.778829988092184" lon="12.868690006434917">
        <ele>345.61</ele>
      </trkpt>
      <trkpt lat="37.7786651160568" lon="12.868575090542436">
        <ele>346.11</ele>
      </trkpt>
      <trkpt lat="37.77849999256432" lon="12.86846000701189">
        <ele>346.59</ele>
      </trkpt>
      <trkpt lat="37.77826018631458" lon="12.868295134976506">
        <ele>347.01</ele>
      </trkpt>
      <trkpt lat="37.77801996096969" lon="12.868130011484027">
        <ele>347.43</ele>
      </trkpt>
      <trkpt lat="37.77785986661911" lon="12.868020040914416">
        <ele>347.9</ele>
      </trkpt>
      <trkpt lat="37.77770002372563" lon="12.867919960990548">
        <ele>348.35</ele>
      </trkpt>
      <trkpt lat="37.77751017361879" lon="12.867795070633292">
        <ele>348.77</ele>
      </trkpt>
      <trkpt lat="37.77731998823583" lon="12.867670012637973">
        <ele>349.16</ele>
      </trkpt>
      <trkpt lat="37.77711991220713" lon="12.867540009319782">
        <ele>349.61</ele>
      </trkpt>
      <trkpt lat="37.776919919997454" lon="12.867459962144494">
        <ele>350.13</ele>
      </trkpt>
      <trkpt lat="37.77688002213836" lon="12.867440013214946">
        <ele>350.55</ele>
      </trkpt>
      <trkpt lat="37.77675001882017" lon="12.867389973253012">
        <ele>351.01</ele>
      </trkpt>
      <trkpt lat="37.776680029928684" lon="12.867370024323463">
        <ele>351.39</ele>
      </trkpt>
      <trkpt lat="37.7766100410372" lon="12.867359966039658">
        <ele>351.76</ele>
      </trkpt>
      <trkpt lat="37.77658003382385" lon="12.867359966039658">
        <ele>352.1</ele>
      </trkpt>
      <trkpt lat="37.77629999443889" lon="12.867389973253012">
        <ele>352.43</ele>
      </trkpt>
      <trkpt lat="37.77613000944257" lon="12.86744998767972">
        <ele>352.71</ele>
      </trkpt>
      <trkpt lat="37.77610997669399" lon="12.8674700204283">
        <ele>352.99</ele>
      </trkpt>
      <trkpt lat="37.77602003887296" lon="12.867519976571202">
        <ele>353.23</ele>
      </trkpt>
      <trkpt lat="37.77600000612438" lon="12.867549983784556">
        <ele>353.49</ele>
      </trkpt>
      <trkpt lat="37.77596002444625" lon="12.867589965462685">
        <ele>353.73</ele>
      </trkpt>
      <trkpt lat="37.77590001001954" lon="12.867699936032295">
        <ele>353.98</ele>
      </trkpt>
      <trkpt lat="37.77579490095377" lon="12.867870004847646">
        <ele>354.22</ele>
      </trkpt>
      <trkpt lat="37.77568995952606" lon="12.868039989843965">
        <ele>354.52</ele>
      </trkpt>
      <trkpt lat="37.77557487599552" lon="12.868245095014572">
        <ele>354.77</ele>
      </trkpt>
      <trkpt lat="37.775459960103035" lon="12.868450032547116">
        <ele>354.99</ele>
      </trkpt>
      <trkpt lat="37.77540002949536" lon="12.868560003116727">
        <ele>355.22</ele>
      </trkpt>
      <trkpt lat="37.7753599639982" lon="12.868639882653952">
        <ele>355.46</ele>
      </trkpt>
      <trkpt lat="37.77534001506865" lon="12.868669973686337">
        <ele>355.71</ele>
      </trkpt>
      <trkpt lat="37.77531998232007" lon="12.868710039183497">
        <ele>355.99</ele>
      </trkpt>
      <trkpt lat="37.775200037285686" lon="12.868850016966462">
        <ele>356.28</ele>
      </trkpt>
      <trkpt lat="37.775159971788526" lon="12.86888999864459">
        <ele>356.59</ele>
      </trkpt>
      <trkpt lat="37.77511001564562" lon="12.86891003139317">
        <ele>356.9</ele>
      </trkpt>
      <trkpt lat="37.774899965152144" lon="12.868950013071299">
        <ele>357.29</ele>
      </trkpt>
      <trkpt lat="37.77475998736918" lon="12.868980020284653">
        <ele>357.73</ele>
      </trkpt>
      <trkpt lat="37.774729980155826" lon="12.868980020284653">
        <ele>358.13</ele>
      </trkpt>
      <trkpt lat="37.77461003512144" lon="12.868969878181815">
        <ele>358.59</ele>
      </trkpt>
      <trkpt lat="37.77455999515951" lon="12.868959987536073">
        <ele>359.03</ele>
      </trkpt>
      <trkpt lat="37.7744999807328" lon="12.868950013071299">
        <ele>359.49</ele>
      </trkpt>
      <trkpt lat="37.774380035698414" lon="12.868880024179816">
        <ele>359.95</ele>
      </trkpt>
      <trkpt lat="37.77410368435085" lon="12.868733508512378">
        <ele>360.48</ele>
      </trkpt>
      <trkpt lat="37.773827416822314" lon="12.868587076663971">
        <ele>361.12</ele>
      </trkpt>
      <trkpt lat="37.773549975827336" lon="12.86843997426331">
        <ele>361.7</ele>
      </trkpt>
      <trkpt lat="37.773419972509146" lon="12.868379959836602">
        <ele>362.27</ele>
      </trkpt>
      <trkpt lat="37.77334000915289" lon="12.868339978158474">
        <ele>362.83</ele>
      </trkpt>
      <trkpt lat="37.77327999472618" lon="12.8683300036937">
        <ele>363.42</ele>
      </trkpt>
      <trkpt lat="37.77324998751283" lon="12.8683300036937">
        <ele>364.03</ele>
      </trkpt>
      <trkpt lat="37.773200031369925" lon="12.868339978158474">
        <ele>364.66</ele>
      </trkpt>
      <trkpt lat="37.77291999198496" lon="12.868409967049956">
        <ele>365.33</ele>
      </trkpt>
      <trkpt lat="37.772685466334224" lon="12.86846486851573">
        <ele>366.05</ele>
      </trkpt>
      <trkpt lat="37.772450018674135" lon="12.868520021438599">
        <ele>366.82</ele>
      </trkpt>
      <trkpt lat="37.7721600048244" lon="12.868569977581501">
        <ele>367.63</ele>
      </trkpt>
      <trkpt lat="37.77196001261473" lon="12.86860995925963">
        <ele>368.37</ele>
      </trkpt>
      <trkpt lat="37.77179002761841" lon="12.86865002475679">
        <ele>369.17</ele>
      </trkpt>
      <trkpt lat="37.771720038726926" lon="12.868669973686337">
        <ele>369.95</ele>
      </trkpt>
      <trkpt lat="37.77163001708686" lon="12.8687599953264">
        <ele>370.74</ele>
      </trkpt>
      <trkpt lat="37.77144997380674" lon="12.868940038606524">
        <ele>371.59</ele>
      </trkpt>
      <trkpt lat="37.771270014345646" lon="12.869119914248586">
        <ele>372.46</ele>
      </trkpt>
      <trkpt lat="37.771090138703585" lon="12.869299789890647">
        <ele>373.3</ele>
      </trkpt>
      <trkpt lat="37.77091001160443" lon="12.869480000808835">
        <ele>374.15</ele>
      </trkpt>
      <trkpt lat="37.77064522728324" lon="12.869679741561413">
        <ele>375.14</ele>
      </trkpt>
      <trkpt lat="37.77038002386689" lon="12.86987998522818">
        <ele>376.14</ele>
      </trkpt>
      <trkpt lat="37.77021003887057" lon="12.870009988546371">
        <ele>376.98</ele>
      </trkpt>
      <trkpt lat="37.77018003165722" lon="12.8700499702245">
        <ele>377.85</ele>
      </trkpt>
      <trkpt lat="37.77012001723051" lon="12.870109984651208">
        <ele>378.72</ele>
      </trkpt>
      <trkpt lat="37.77008003555238" lon="12.870160024613142">
        <ele>379.6</ele>
      </trkpt>
      <trkpt lat="37.770069893449545" lon="12.87022003903985">
        <ele>380.51</ele>
      </trkpt>
      <trkpt lat="37.7700600028038" lon="12.870269995182753">
        <ele>381.41</ele>
      </trkpt>
      <trkpt lat="37.77005002833903" lon="12.870349958539009">
        <ele>382.32</ele>
      </trkpt>
      <trkpt lat="37.77005002833903" lon="12.870390024036169">
        <ele>383.22</ele>
      </trkpt>
      <trkpt lat="37.7700600028038" lon="12.870450038462877">
        <ele>384.14</ele>
      </trkpt>
      <trkpt lat="37.77008003555238" lon="12.870560009032488">
        <ele>385.09</ele>
      </trkpt>
      <trkpt lat="37.77018003165722" lon="12.870869971811771">
        <ele>386.1</ele>
      </trkpt>
      <trkpt lat="37.770280027762055" lon="12.871159985661507">
        <ele>387.09</ele>
      </trkpt>
      <trkpt lat="37.77035001665354" lon="12.871340028941631">
        <ele>388.02</ele>
      </trkpt>
      <trkpt lat="37.77038002386689" lon="12.87151001393795">
        <ele>388.92</ele>
      </trkpt>
      <trkpt lat="37.770389998331666" lon="12.87164001725614">
        <ele>389.75</ele>
      </trkpt>
      <trkpt lat="37.77039997279644" lon="12.871679998934269">
        <ele>390.53</ele>
      </trkpt>
      <trkpt lat="37.77038002386689" lon="12.871909998357296">
        <ele>391.31</ele>
      </trkpt>
      <trkpt lat="37.77035990729928" lon="12.87209004163742">
        <ele>392.01</ele>
      </trkpt>
      <trkpt lat="37.77033995836973" lon="12.87221996113658">
        <ele>392.67</ele>
      </trkpt>
      <trkpt lat="37.770320009440184" lon="12.872360022738576">
        <ele>393.3</ele>
      </trkpt>
      <trkpt lat="37.770299976691604" lon="12.872430011630058">
        <ele>393.93</ele>
      </trkpt>
      <trkpt lat="37.77029000222683" lon="12.87247996777296">
        <ele>394.56</ele>
      </trkpt>
      <trkpt lat="37.77022001333535" lon="12.872569989413023">
        <ele>395.13</ele>
      </trkpt>
      <trkpt lat="37.77013996616006" lon="12.872829996049404">
        <ele>395.69</ele>
      </trkpt>
      <trkpt lat="37.77021003887057" lon="12.872920017689466">
        <ele>396.32</ele>
      </trkpt>
      <trkpt lat="37.77029000222683" lon="12.873039962723851">
        <ele>396.98</ele>
      </trkpt>
      <trkpt lat="37.77038002386689" lon="12.873239871114492">
        <ele>397.63</ele>
      </trkpt>
      <trkpt lat="37.77042000554502" lon="12.873329976573586">
        <ele>398.25</ele>
      </trkpt>
      <trkpt lat="37.77046996168792" lon="12.873410023748875">
        <ele>398.87</ele>
      </trkpt>
      <trkpt lat="37.77051002718508" lon="12.873480012640357">
        <ele>399.49</ele>
      </trkpt>
      <trkpt lat="37.77057004161179" lon="12.873559975996614">
        <ele>400.12</ele>
      </trkpt>
      <trkpt lat="37.77064003050327" lon="12.873629964888096">
        <ele>400.77</ele>
      </trkpt>
      <trkpt lat="37.770729968324304" lon="12.873710012063384">
        <ele>401.41</ele>
      </trkpt>
      <trkpt lat="37.770889811217785" lon="12.873834818601608">
        <ele>402.06</ele>
      </trkpt>
      <trkpt lat="37.77104998938739" lon="12.87395996041596">
        <ele>402.7</ele>
      </trkpt>
      <trkpt lat="37.771099861711264" lon="12.873989883810282">
        <ele>403.34</ele>
      </trkpt>
      <trkpt lat="37.77118996717036" lon="12.874060040339828">
        <ele>404.0</ele>
      </trkpt>
      <trkpt lat="37.77136003598571" lon="12.874160036444664">
        <ele>404.67</ele>
      </trkpt>
      <trkpt lat="37.77140001766384" lon="12.874189959838986">
        <ele>405.35</ele>
      </trkpt>
      <trkpt lat="37.77157997712493" lon="12.874290039762855">
        <ele>406.07</ele>
      </trkpt>
      <trkpt lat="37.7717696595937" lon="12.874394813552499">
        <ele>406.83</ele>
      </trkpt>
      <trkpt lat="37.77196001261473" lon="12.874500006437302">
        <ele>407.63</ele>
      </trkpt>
      <trkpt lat="37.77208004146814" lon="12.87456002086401">
        <ele>408.43</ele>
      </trkpt>
      <trkpt lat="37.772169979289174" lon="12.874609977006912">
        <ele>409.22</ele>
      </trkpt>
      <trkpt lat="37.772299982607365" lon="12.874699998646975">
        <ele>410.05</ele>
      </trkpt>
      <trkpt lat="37.77235999703407" lon="12.874760013073683">
        <ele>410.83</ele>
      </trkpt>
      <trkpt lat="37.77241003699601" lon="12.874809969216585">
        <ele>411.62</ele>
      </trkpt>
      <trkpt lat="37.772425040602684" lon="12.874824972823262">
        <ele>412.43</ele>
      </trkpt>
      <trkpt lat="37.77245999313891" lon="12.87486000917852">
        <ele>413.27</ele>
      </trkpt>
      <trkpt lat="37.77252000756562" lon="12.874929998070002">
        <ele>414.13</ele>
      </trkpt>
      <trkpt lat="37.77268001809716" lon="12.87509998306632">
        <ele>415.03</ele>
      </trkpt>
      <trkpt lat="37.77271999977529" lon="12.875150023028255">
        <ele>415.93</ele>
      </trkpt>
      <trkpt lat="37.77292996644974" lon="12.875369964167476">
        <ele>416.91</ele>
      </trkpt>
      <trkpt lat="37.773200031369925" lon="12.87557004019618">
        <ele>417.88</ele>
      </trkpt>
      <trkpt lat="37.77340999804437" lon="12.87569995969534">
        <ele>418.84</ele>
      </trkpt>
      <trkpt lat="37.773549975827336" lon="12.875770032405853">
        <ele>419.75</ele>
      </trkpt>
      <trkpt lat="37.77377000078559" lon="12.875889977440238">
        <ele>420.67</ele>
      </trkpt>
      <trkpt lat="37.77400989085436" lon="12.876019980758429">
        <ele>421.61</ele>
      </trkpt>
      <trkpt lat="37.77422999963164" lon="12.876119976863265">
        <ele>422.62</ele>
      </trkpt>
      <trkpt lat="37.77449956163764" lon="12.87624972872436">
        <ele>423.65</ele>
      </trkpt>
      <trkpt lat="37.77476912364364" lon="12.876379564404488">
        <ele>424.62</ele>
      </trkpt>
      <trkpt lat="37.77504002675414" lon="12.876509986817837">
        <ele>425.6</ele>
      </trkpt>
      <trkpt lat="37.77520967647433" lon="12.876584837213159">
        <ele>426.6</ele>
      </trkpt>
      <trkpt lat="37.77537999674678" lon="12.876660022884607">
        <ele>427.6</ele>
      </trkpt>
      <trkpt lat="37.7755499817431" lon="12.876739986240864">
        <ele>428.59</ele>
      </trkpt>
      <trkpt lat="37.775779981166124" lon="12.8768399823457">
        <ele>429.55</ele>
      </trkpt>
      <trkpt lat="37.77583002112806" lon="12.876849872991443">
        <ele>430.43</ele>
      </trkpt>
      <trkpt lat="37.77587997727096" lon="12.876849872991443">
        <ele>431.29</ele>
      </trkpt>
      <trkpt lat="37.77590001001954" lon="12.876849872991443">
        <ele>432.12</ele>
      </trkpt>
      <trkpt lat="37.776060020551085" lon="12.876849872991443">
        <ele>432.95</ele>
      </trkpt>
      <trkpt lat="37.776120034977794" lon="12.87686001509428">
        <ele>433.75</ele>
      </trkpt>
      <trkpt lat="37.776190023869276" lon="12.87686001509428">
        <ele>434.52</ele>
      </trkpt>
      <trkpt lat="37.77623998001218" lon="12.876899912953377">
        <ele>435.26</ele>
      </trkpt>
      <trkpt lat="37.77629001997411" lon="12.876960011199117">
        <ele>435.98</ele>
      </trkpt>
      <trkpt lat="37.77630996890366" lon="12.87699001841247">
        <ele>436.67</ele>
      </trkpt>
      <trkpt lat="37.77632002718747" lon="12.877009967342019">
        <ele>437.32</ele>
      </trkpt>
      <trkpt lat="37.776339976117015" lon="12.877060007303953">
        <ele>437.95</ele>
      </trkpt>
      <trkpt lat="37.77635003440082" lon="12.877129996195436">
        <ele>438.53</ele>
      </trkpt>
      <trkpt lat="37.77636998333037" lon="12.87731003947556">
        <ele>439.07</ele>
      </trkpt>
      <trkpt lat="37.77636998333037" lon="12.877659983932972">
        <ele>439.57</ele>
      </trkpt>
      <trkpt lat="37.77636998333037" lon="12.877780012786388">
        <ele>440.08</ele>
      </trkpt>
      <trkpt lat="37.77637249790132" lon="12.878083102405071">
        <ele>440.58</ele>
      </trkpt>
      <trkpt lat="37.77637501247227" lon="12.878386275842786">
        <ele>441.07</ele>
      </trkpt>
      <trkpt lat="37.77637752704322" lon="12.878689365461469">
        <ele>441.5</ele>
      </trkpt>
      <trkpt lat="37.776380041614175" lon="12.878990024328232">
        <ele>441.94</ele>
      </trkpt>
      <trkpt lat="37.77639999054372" lon="12.879190016537905">
        <ele>442.31</ele>
      </trkpt>
      <trkpt lat="37.77642999775708" lon="12.879429990425706">
        <ele>442.66</ele>
      </trkpt>
      <trkpt lat="37.77643997222185" lon="12.879529986530542">
        <ele>442.91</ele>
      </trkpt>
      <trkpt lat="37.776469979435205" lon="12.879629982635379">
        <ele>443.13</ele>
      </trkpt>
      <trkpt lat="37.77652001939714" lon="12.879729978740215">
        <ele>443.29</ele>
      </trkpt>
      <trkpt lat="37.776529993861914" lon="12.879740037024021">
        <ele>443.4</ele>
      </trkpt>
      <trkpt lat="37.7767397928983" lon="12.879909854382277">
        <ele>443.41</ele>
      </trkpt>
      <trkpt lat="37.77695001102984" lon="12.880080007016659">
        <ele>443.45</ele>
      </trkpt>
      <trkpt lat="37.777173053473234" lon="12.880259798839688">
        <ele>443.48</ele>
      </trkpt>
      <trkpt lat="37.77739617973566" lon="12.880439590662718">
        <ele>443.45</ele>
      </trkpt>
      <trkpt lat="37.77761997655034" lon="12.88061996921897">
        <ele>443.33</ele>
      </trkpt>
      <trkpt lat="37.77767990715802" lon="12.880670009180903">
        <ele>443.17</ele>
      </trkpt>
      <trkpt lat="37.777800019830465" lon="12.880760030820966">
        <ele>442.91</ele>
      </trkpt>
      <trkpt lat="37.77799481526017" lon="12.880909815430641">
        <ele>442.55</ele>
      </trkpt>
      <trkpt lat="37.77819002978504" lon="12.881060019135475">
        <ele>442.22</ele>
      </trkpt>
      <trkpt lat="37.77823990210891" lon="12.88109002634883">
        <ele>442.0</ele>
      </trkpt>
      <trkpt lat="37.77832992374897" lon="12.881160015240312">
        <ele>441.76</ele>
      </trkpt>
      <trkpt lat="37.77839002199471" lon="12.881169905886054">
        <ele>441.53</ele>
      </trkpt>
      <trkpt lat="37.77843997813761" lon="12.881190022453666">
        <ele>441.28</ele>
      </trkpt>
      <trkpt lat="37.77846998535097" lon="12.881190022453666">
        <ele>441.03</ele>
      </trkpt>
      <trkpt lat="37.77849999256432" lon="12.88117996416986">
        <ele>440.77</ele>
      </trkpt>
      <trkpt lat="37.778529999777675" lon="12.88117996416986">
        <ele>440.5</ele>
      </trkpt>
      <trkpt lat="37.77862999588251" lon="12.881150040775537">
        <ele>440.27</ele>
      </trkpt>
      <trkpt lat="37.77872999198735" lon="12.88111986592412">
        <ele>440.01</ele>
      </trkpt>
      <trkpt lat="37.778899976983666" lon="12.88106999360025">
        <ele>439.73</ele>
      </trkpt>
      <trkpt lat="37.7789500169456" lon="12.881060019135475">
        <ele>439.41</ele>
      </trkpt>
      <trkpt lat="37.77902000583708" lon="12.88104996085167">
        <ele>439.08</ele>
      </trkpt>
      <trkpt lat="37.779110027477145" lon="12.88104996085167">
        <ele>438.72</ele>
      </trkpt>
      <trkpt lat="37.779219998046756" lon="12.88106999360025">
        <ele>438.32</ele>
      </trkpt>
      <trkpt lat="37.77928998693824" lon="12.881100000813603">
        <ele>437.94</ele>
      </trkpt>
      <trkpt lat="37.77934002690017" lon="12.88111986592412">
        <ele>437.56</ele>
      </trkpt>
      <trkpt lat="37.779389983043075" lon="12.881150040775537">
        <ele>437.15</ele>
      </trkpt>
      <trkpt lat="37.77958997525275" lon="12.881290018558502">
        <ele>436.69</ele>
      </trkpt>
      <trkpt lat="37.77977974154055" lon="12.881434857845306">
        <ele>436.07</ele>
      </trkpt>
      <trkpt lat="37.779970010742545" lon="12.881580032408237">
        <ele>435.51</ele>
      </trkpt>
      <trkpt lat="37.78011979535222" lon="12.88169989362359">
        <ele>435.02</ele>
      </trkpt>
      <trkpt lat="37.780269999057055" lon="12.881820006296039">
        <ele>434.55</ele>
      </trkpt>
      <trkpt lat="37.78033998794854" lon="12.881880020722747">
        <ele>434.07</ele>
      </trkpt>
      <trkpt lat="37.78043998405337" lon="12.881969958543777">
        <ele>433.6</ele>
      </trkpt>
      <trkpt lat="37.78063477948308" lon="12.882134830579162">
        <ele>433.17</ele>
      </trkpt>
      <trkpt lat="37.780829994007945" lon="12.882300037890673">
        <ele>432.64</ele>
      </trkpt>
      <trkpt lat="37.78099000453949" lon="12.882430041208863">
        <ele>432.16</ele>
      </trkpt>
      <trkpt lat="37.78108002617955" lon="12.882459964603186">
        <ele>431.72</ele>
      </trkpt>
      <trkpt lat="37.78118999674916" lon="12.882500030100346">
        <ele>431.27</ele>
      </trkpt>
      <trkpt lat="37.781459391117096" lon="12.882574796676636">
        <ele>430.8</ele>
      </trkpt>
      <trkpt lat="37.78172995895147" lon="12.882649982348084">
        <ele>430.31</ele>
      </trkpt>
      <trkpt lat="37.78183003887534" lon="12.882679989561439">
        <ele>429.85</ele>
      </trkpt>
      <trkpt lat="37.781900027766824" lon="12.882689964026213">
        <ele>429.4</ele>
      </trkpt>
      <trkpt lat="37.782119549810886" lon="12.882744865491986">
        <ele>428.92</ele>
      </trkpt>
      <trkpt lat="37.7823399938643" lon="12.882800018414855">
        <ele>428.4</ele>
      </trkpt>
      <trkpt lat="37.782569993287325" lon="12.882849974557757">
        <ele>427.9</ele>
      </trkpt>
      <trkpt lat="37.782699996605515" lon="12.882879981771111">
        <ele>427.48</ele>
      </trkpt>
      <trkpt lat="37.78277995996177" lon="12.882900014519691">
        <ele>427.09</ele>
      </trkpt>
      <trkpt lat="37.782869981601834" lon="12.882930021733046">
        <ele>426.71</ele>
      </trkpt>
      <trkpt lat="37.7829600032419" lon="12.882970003411174">
        <ele>426.37</ele>
      </trkpt>
      <trkpt lat="37.783020017668605" lon="12.882999926805496">
        <ele>426.04</ele>
      </trkpt>
      <trkpt lat="37.78306997381151" lon="12.883039992302656">
        <ele>425.74</ele>
      </trkpt>
      <trkpt lat="37.78311992995441" lon="12.88309003226459">
        <ele>425.46</ele>
      </trkpt>
      <trkpt lat="37.783190002664924" lon="12.88317997008562">
        <ele>425.2</ele>
      </trkpt>
      <trkpt lat="37.783239958807826" lon="12.883290024474263">
        <ele>424.99</ele>
      </trkpt>
      <trkpt lat="37.783280024304986" lon="12.8833900205791">
        <ele>424.8</ele>
      </trkpt>
      <trkpt lat="37.78331003151834" lon="12.88352002389729">
        <ele>424.67</ele>
      </trkpt>
      <trkpt lat="37.783320005983114" lon="12.883599987253547">
        <ele>424.57</ele>
      </trkpt>
      <trkpt lat="37.783320005983114" lon="12.883669976145029">
        <ele>424.5</ele>
      </trkpt>
      <trkpt lat="37.783320005983114" lon="12.883720016106963">
        <ele>424.46</ele>
      </trkpt>
      <trkpt lat="37.783320005983114" lon="12.883769972249866">
        <ele>424.46</ele>
      </trkpt>
      <trkpt lat="37.7832998894155" lon="12.883869968354702">
        <ele>424.51</ele>
      </trkpt>
      <trkpt lat="37.78328999876976" lon="12.883920008316636">
        <ele>424.57</ele>
      </trkpt>
      <trkpt lat="37.783280024304986" lon="12.883969964459538">
        <ele>424.67</ele>
      </trkpt>
      <trkpt lat="37.783259991556406" lon="12.884029895067215">
        <ele>424.81</ele>
      </trkpt>
      <trkpt lat="37.783239958807826" lon="12.884089993312955">
        <ele>424.99</ele>
      </trkpt>
      <trkpt lat="37.78322000987828" lon="12.884150007739663">
        <ele>425.19</ele>
      </trkpt>
      <trkpt lat="37.78318002820015" lon="12.884219912812114">
        <ele>425.41</ele>
      </trkpt>
      <trkpt lat="37.78328999876976" lon="12.884349999949336">
        <ele>425.78</ele>
      </trkpt>
      <trkpt lat="37.783320005983114" lon="12.88440003991127">
        <ele>426.12</ele>
      </trkpt>
      <trkpt lat="37.783340038731694" lon="12.884449996054173">
        <ele>426.48</ele>
      </trkpt>
      <trkpt lat="37.78335001319647" lon="12.884499868378043">
        <ele>426.87</ele>
      </trkpt>
      <trkpt lat="37.78335998766124" lon="12.884549992159009">
        <ele>427.29</ele>
      </trkpt>
      <trkpt lat="37.78336996212602" lon="12.884619981050491">
        <ele>427.74</ele>
      </trkpt>
      <trkpt lat="37.78336996212602" lon="12.884719977155328">
        <ele>428.22</ele>
      </trkpt>
      <trkpt lat="37.78335998766124" lon="12.884800024330616">
        <ele>428.71</ele>
      </trkpt>
      <trkpt lat="37.783320005983114" lon="12.884949976578355">
        <ele>429.25</ele>
      </trkpt>
      <trkpt lat="37.78328999876976" lon="12.885079979896545">
        <ele>429.82</ele>
      </trkpt>
      <trkpt lat="37.78322000987828" lon="12.885309979319572">
        <ele>430.45</ele>
      </trkpt>
      <trkpt lat="37.78320986777544" lon="12.885360019281507">
        <ele>431.09</ele>
      </trkpt>
      <trkpt lat="37.78320986777544" lon="12.885430008172989">
        <ele>431.75</ele>
      </trkpt>
      <trkpt lat="37.78320986777544" lon="12.885499997064471">
        <ele>432.45</ele>
      </trkpt>
      <trkpt lat="37.78322000987828" lon="12.885550037026405">
        <ele>433.18</ele>
      </trkpt>
      <trkpt lat="37.78322998434305" lon="12.885599993169308">
        <ele>433.95</ele>
      </trkpt>
      <trkpt lat="37.783280024304986" lon="12.885760003700852">
        <ele>434.78</ele>
      </trkpt>
      <trkpt lat="37.783320005983114" lon="12.885839967057109">
        <ele>435.63</ele>
      </trkpt>
      <trkpt lat="37.783429976552725" lon="12.88601003587246">
        <ele>436.54</ele>
      </trkpt>
      <trkpt lat="37.78348001651466" lon="12.886059992015362">
        <ele>437.46</ele>
      </trkpt>
      <trkpt lat="37.78351999819279" lon="12.88609997369349">
        <ele>438.4</ele>
      </trkpt>
      <trkpt lat="37.78354003094137" lon="12.88612000644207">
        <ele>439.37</ele>
      </trkpt>
      <trkpt lat="37.78357003815472" lon="12.88614003919065">
        <ele>440.38</ele>
      </trkpt>
      <trkpt lat="37.783580012619495" lon="12.886150013655424">
        <ele>441.41</ele>
      </trkpt>
      <trkpt lat="37.7836799249053" lon="12.886199969798326">
        <ele>442.52</ele>
      </trkpt>
      <trkpt lat="37.783689983189106" lon="12.886199969798326">
        <ele>443.62</ele>
      </trkpt>
      <trkpt lat="37.78378000482917" lon="12.886240035295486">
        <ele>444.8</ele>
      </trkpt>
      <trkpt lat="37.78381001204252" lon="12.88625000976026">
        <ele>445.97</ele>
      </trkpt>
      <trkpt lat="37.78401997871697" lon="12.886340031400323">
        <ele>447.25</ele>
      </trkpt>
      <trkpt lat="37.78408996760845" lon="12.886370038613677">
        <ele>448.48</ele>
      </trkpt>
      <trkpt lat="37.78418996371329" lon="12.886429969221354">
        <ele>449.73</ele>
      </trkpt>
      <trkpt lat="37.78435466811061" lon="12.886524768546224">
        <ele>451.07</ele>
      </trkpt>
      <trkpt lat="37.78451995924115" lon="12.886619986966252">
        <ele>452.46</ele>
      </trkpt>
      <trkpt lat="37.78466002084315" lon="12.886749990284443">
        <ele>453.84</ele>
      </trkpt>
      <trkpt lat="37.784760016947985" lon="12.886840011924505">
        <ele>455.21</ele>
      </trkpt>
      <trkpt lat="37.78489999473095" lon="12.886949982494116">
        <ele>456.61</ele>
      </trkpt>
      <trkpt lat="37.78492002747953" lon="12.88697998970747">
        <ele>457.96</ele>
      </trkpt>
      <trkpt lat="37.785020023584366" lon="12.887079901993275">
        <ele>459.37</ele>
      </trkpt>
      <trkpt lat="37.785060005262494" lon="12.88713002577424">
        <ele>460.75</ele>
      </trkpt>
      <trkpt lat="37.78522999025881" lon="12.88730001077056">
        <ele>462.21</ele>
      </trkpt>
      <trkpt lat="37.785359993577" lon="12.887439988553524">
        <ele>463.67</ele>
      </trkpt>
      <trkpt lat="37.78538002632558" lon="12.887469995766878">
        <ele>465.05</ele>
      </trkpt>
      <trkpt lat="37.78539000079036" lon="12.887479970231652">
        <ele>466.41</ele>
      </trkpt>
      <trkpt lat="37.78541003353894" lon="12.887490028515458">
        <ele>467.78</ele>
      </trkpt>
      <trkpt lat="37.785429982468486" lon="12.887490028515458">
        <ele>469.13</ele>
      </trkpt>
      <trkpt lat="37.78546988032758" lon="12.887500002980232">
        <ele>470.49</ele>
      </trkpt>
      <trkpt lat="37.78554003685713" lon="12.887509977445006">
        <ele>471.87</ele>
      </trkpt>
      <trkpt lat="37.78569996356964" lon="12.887530010193586">
        <ele>473.36</ele>
      </trkpt>
      <trkpt lat="37.785750003531575" lon="12.88753998465836">
        <ele>474.67</ele>
      </trkpt>
      <trkpt lat="37.78579995967448" lon="12.88756001740694">
        <ele>475.95</ele>
      </trkpt>
      <trkpt lat="37.78584002517164" lon="12.887579966336489">
        <ele>477.19</ele>
      </trkpt>
      <trkpt lat="37.785880006849766" lon="12.887609973549843">
        <ele>478.41</ele>
      </trkpt>
      <trkpt lat="37.78592996299267" lon="12.887650039047003">
        <ele>479.57</ele>
      </trkpt>
      <trkpt lat="37.785989977419376" lon="12.887720027938485">
        <ele>480.68</ele>
      </trkpt>
      <trkpt lat="37.786119896918535" lon="12.887879870831966">
        <ele>481.75</ele>
      </trkpt>
      <trkpt lat="37.786289965733886" lon="12.888050023466349">
        <ele>482.76</ele>
      </trkpt>
      <trkpt lat="37.786419969052076" lon="12.88813996128738">
        <ele>483.74</ele>
      </trkpt>
      <trkpt lat="37.78650999069214" lon="12.888190001249313">
        <ele>484.71</ele>
      </trkpt>
      <trkpt lat="37.78670000843704" lon="12.888280022889376">
        <ele>485.69</ele>
      </trkpt>
      <trkpt lat="37.78674996457994" lon="12.888299887999892">
        <ele>486.59</ele>
      </trkpt>
      <trkpt lat="37.78697996400297" lon="12.88839996792376">
        <ele>487.53</ele>
      </trkpt>
      <trkpt lat="37.787039978429675" lon="12.888429975137115">
        <ele>488.35</ele>
      </trkpt>
      <trkpt lat="37.787229996174574" lon="12.888550003990531">
        <ele>489.17</ele>
      </trkpt>
      <trkpt lat="37.787389839068055" lon="12.888684868812561">
        <ele>489.97</ele>
      </trkpt>
      <trkpt lat="37.78755001723766" lon="12.888819985091686">
        <ele>490.72</ele>
      </trkpt>
      <trkpt lat="37.78772000223398" lon="12.888959962874651">
        <ele>491.36</ele>
      </trkpt>
      <trkpt lat="37.787769958376884" lon="12.88901997730136">
        <ele>491.91</ele>
      </trkpt>
      <trkpt lat="37.787810023874044" lon="12.88914998061955">
        <ele>492.38</ele>
      </trkpt>
      <trkpt lat="37.78787003830075" lon="12.889339998364449">
        <ele>492.81</ele>
      </trkpt>
      <trkpt lat="37.78795000165701" lon="12.889630012214184">
        <ele>493.29</ele>
      </trkpt>
      <trkpt lat="37.7880300488323" lon="12.889940477907658">
        <ele>493.65</ele>
      </trkpt>
      <trkpt lat="37.78811017982662" lon="12.890251027420163">
        <ele>493.93</ele>
      </trkpt>
      <trkpt lat="37.78818997554481" lon="12.890559984371066">
        <ele>494.2</ele>
      </trkpt>
      <trkpt lat="37.788219982758164" lon="12.890619998797774">
        <ele>494.46</ele>
      </trkpt>
      <trkpt lat="37.78825996443629" lon="12.890710020437837">
        <ele>494.67</ele>
      </trkpt>
      <trkpt lat="37.78831000439823" lon="12.890780009329319">
        <ele>494.86</ele>
      </trkpt>
      <trkpt lat="37.78841997496784" lon="12.890870030969381">
        <ele>495.08</ele>
      </trkpt>
      <trkpt lat="37.78848996385932" lon="12.89091001264751">
        <ele>495.2</ele>
      </trkpt>
      <trkpt lat="37.78864972293377" lon="12.891014786437154">
        <ele>495.31</ele>
      </trkpt>
      <trkpt lat="37.78880998492241" lon="12.891119979321957">
        <ele>495.32</ele>
      </trkpt>
      <trkpt lat="37.78896974399686" lon="12.891224836930633">
        <ele>495.28</ele>
      </trkpt>
      <trkpt lat="37.7891300059855" lon="12.891330029815435">
        <ele>495.25</ele>
      </trkpt>
      <trkpt lat="37.78919002041221" lon="12.89136003702879">
        <ele>495.2</ele>
      </trkpt>
      <trkpt lat="37.78945002704859" lon="12.891539996489882">
        <ele>495.1</ele>
      </trkpt>
      <trkpt lat="37.78966996818781" lon="12.891700007021427">
        <ele>495.02</ele>
      </trkpt>
      <trkpt lat="37.789850011467934" lon="12.891860017552972">
        <ele>494.92</ele>
      </trkpt>
      <trkpt lat="37.7899899892509" lon="12.891999995335937">
        <ele>494.8</ele>
      </trkpt>
      <trkpt lat="37.79001002199948" lon="12.892020028084517">
        <ele>494.65</ele>
      </trkpt>
      <trkpt lat="37.79005989432335" lon="12.892060009762645">
        <ele>494.49</ele>
      </trkpt>
      <trkpt lat="37.79031001031399" lon="12.892269976437092">
        <ele>494.22</ele>
      </trkpt>
      <trkpt lat="37.790389973670244" lon="12.8923299908638">
        <ele>494.01</ele>
      </trkpt>
      <trkpt lat="37.7906099986285" lon="12.89248002693057">
        <ele>493.76</ele>
      </trkpt>
      <trkpt lat="37.79074000194669" lon="12.892529983073473">
        <ele>493.56</ele>
      </trkpt>
      <trkpt lat="37.79082600027323" lon="12.89256401360035">
        <ele>493.38</ele>
      </trkpt>
      <trkpt lat="37.79089003801346" lon="12.892589997500181">
        <ele>493.21</ele>
      </trkpt>
      <trkpt lat="37.79093999415636" lon="12.892589997500181">
        <ele>493.05</ele>
      </trkpt>
      <trkpt lat="37.790970001369715" lon="12.892580023035407">
        <ele>492.91</ele>
      </trkpt>
      <trkpt lat="37.79100998304784" lon="12.892580023035407">
        <ele>492.78</ele>
      </trkpt>
      <trkpt lat="37.7910399902612" lon="12.89256988093257">
        <ele>492.66</ele>
      </trkpt>
      <trkpt lat="37.79106002300978" lon="12.892559990286827">
        <ele>492.57</ele>
      </trkpt>
      <trkpt lat="37.791230008006096" lon="12.892469968646765">
        <ele>492.49</ele>
      </trkpt>
      <trkpt lat="37.791250040754676" lon="12.892450019717216">
        <ele>492.43</ele>
      </trkpt>
      <trkpt lat="37.791399993002415" lon="12.892339965328574">
        <ele>492.36</ele>
      </trkpt>
      <trkpt lat="37.791420025750995" lon="12.8923299908638">
        <ele>492.33</ele>
      </trkpt>
      <trkpt lat="37.791550029069185" lon="12.892239969223738">
        <ele>492.36</ele>
      </trkpt>
      <trkpt lat="37.79155991971493" lon="12.892229994758964">
        <ele>492.38</ele>
      </trkpt>
      <trkpt lat="37.791639966890216" lon="12.892180038616061">
        <ele>492.42</ele>
      </trkpt>
      <trkpt lat="37.791720014065504" lon="12.892129998654127">
        <ele>492.45</ele>
      </trkpt>
      <trkpt lat="37.79188002459705" lon="12.892020028084517">
        <ele>492.52</ele>
      </trkpt>
      <trkpt lat="37.79201002791524" lon="12.891930006444454">
        <ele>492.61</ele>
      </trkpt>
      <trkpt lat="37.79204003512859" lon="12.891909973695874">
        <ele>492.7</ele>
      </trkpt>
      <trkpt lat="37.79219476506114" lon="12.891800086945295">
        <ele>492.81</ele>
      </trkpt>
      <trkpt lat="37.79234999790788" lon="12.891690032556653">
        <ele>492.96</ele>
      </trkpt>
      <trkpt lat="37.792589887976646" lon="12.891519963741302">
        <ele>493.15</ele>
      </trkpt>
      <trkpt lat="37.79267999343574" lon="12.891479982063174">
        <ele>493.24</ele>
      </trkpt>
      <trkpt lat="37.79270002618432" lon="12.8914700075984">
        <ele>493.34</ele>
      </trkpt>
      <trkpt lat="37.792840003967285" lon="12.89144997484982">
        <ele>493.42</ele>
      </trkpt>
      <trkpt lat="37.793119959533215" lon="12.891539996489882">
        <ele>493.62</ele>
      </trkpt>
      <trkpt lat="37.79314996674657" lon="12.891549970954657">
        <ele>493.71</ele>
      </trkpt>
      <trkpt lat="37.79332003556192" lon="12.891639992594719">
        <ele>493.83</ele>
      </trkpt>
      <trkpt lat="37.79336001724005" lon="12.891660025343299">
        <ele>493.9</ele>
      </trkpt>
      <trkpt lat="37.79349002055824" lon="12.891739988699555">
        <ele>493.98</ele>
      </trkpt>
      <trkpt lat="37.793689677491784" lon="12.891844846308231">
        <ele>494.0</ele>
      </trkpt>
      <trkpt lat="37.793890004977584" lon="12.891950039193034">
        <ele>494.02</ele>
      </trkpt>
      <trkpt lat="37.79406468383968" lon="12.892044838517904">
        <ele>494.01</ele>
      </trkpt>
      <trkpt lat="37.79424003325403" lon="12.892139973118901">
        <ele>494.01</ele>
      </trkpt>
      <trkpt lat="37.794299963861704" lon="12.892160005867481">
        <ele>493.98</ele>
      </trkpt>
      <trkpt lat="37.794464668259025" lon="12.892224797978997">
        <ele>493.92</ele>
      </trkpt>
      <trkpt lat="37.79462995938957" lon="12.89228992536664">
        <ele>493.87</ele>
      </trkpt>
      <trkpt lat="37.794759878888726" lon="12.89230995811522">
        <ele>493.84</ele>
      </trkpt>
      <trkpt lat="37.794989962130785" lon="12.892369972541928">
        <ele>493.81</ele>
      </trkpt>
      <trkpt lat="37.79521442949772" lon="12.892399812117219">
        <ele>493.67</ele>
      </trkpt>
      <trkpt lat="37.795439986512065" lon="12.892429903149605">
        <ele>493.45</ele>
      </trkpt>
      <trkpt lat="37.79553000815213" lon="12.89243996143341">
        <ele>493.33</ele>
      </trkpt>
      <trkpt lat="37.79570996761322" lon="12.892469968646765">
        <ele>493.22</ele>
      </trkpt>
      <trkpt lat="37.79582999646664" lon="12.892490001395345">
        <ele>493.2</ele>
      </trkpt>
      <trkpt lat="37.79595999978483" lon="12.892540041357279">
        <ele>493.19</ele>
      </trkpt>
      <trkpt lat="37.79598003253341" lon="12.892559990286827">
        <ele>493.18</ele>
      </trkpt>
      <trkpt lat="37.79601003974676" lon="12.892580023035407">
        <ele>493.18</ele>
      </trkpt>
      <trkpt lat="37.79605002142489" lon="12.89262997917831">
        <ele>493.21</ele>
      </trkpt>
      <trkpt lat="37.796080028638244" lon="12.892669960856438">
        <ele>493.24</ele>
      </trkpt>
      <trkpt lat="37.7961100358516" lon="12.892720000818372">
        <ele>493.31</ele>
      </trkpt>
      <trkpt lat="37.7961599919945" lon="12.892859978601336">
        <ele>493.44</ele>
      </trkpt>
      <trkpt lat="37.79625001363456" lon="12.893110010772943">
        <ele>493.48</ele>
      </trkpt>
      <trkpt lat="37.79628002084792" lon="12.89323003962636">
        <ele>493.57</ele>
      </trkpt>
      <trkpt lat="37.796340035274625" lon="12.893440006300807">
        <ele>493.72</ele>
      </trkpt>
      <trkpt lat="37.79635998420417" lon="12.89348996244371">
        <ele>493.82</ele>
      </trkpt>
      <trkpt lat="37.7963999658823" lon="12.893649889156222">
        <ele>493.97</ele>
      </trkpt>
      <trkpt lat="37.79645503498614" lon="12.893840242177248">
        <ele>494.07</ele>
      </trkpt>
      <trkpt lat="37.796510020270944" lon="12.894030008465052">
        <ele>494.25</ele>
      </trkpt>
      <trkpt lat="37.79661001637578" lon="12.894380036741495">
        <ele>494.49</ele>
      </trkpt>
      <trkpt lat="37.79671001248062" lon="12.894720006734133">
        <ele>494.63</ele>
      </trkpt>
      <trkpt lat="37.796749994158745" lon="12.89492997340858">
        <ele>494.81</ele>
      </trkpt>
      <trkpt lat="37.79685007408261" lon="12.89525544270873">
        <ele>495.07</ele>
      </trkpt>
      <trkpt lat="37.79694998636842" lon="12.895579989999533">
        <ele>495.33</ele>
      </trkpt>
      <trkpt lat="37.797010000795126" lon="12.895749974995852">
        <ele>495.59</ele>
      </trkpt>
      <trkpt lat="37.797030033543706" lon="12.895790040493011">
        <ele>495.82</ele>
      </trkpt>
      <trkpt lat="37.79706004075706" lon="12.895839996635914">
        <ele>496.08</ele>
      </trkpt>
      <trkpt lat="37.79711997136474" lon="12.895979974418879">
        <ele>496.38</ele>
      </trkpt>
      <trkpt lat="37.797179985791445" lon="12.89610997773707">
        <ele>496.68</ele>
      </trkpt>
      <trkpt lat="37.7972099930048" lon="12.896179966628551">
        <ele>496.99</ele>
      </trkpt>
      <trkpt lat="37.79730001464486" lon="12.896369900554419">
        <ele>497.32</ele>
      </trkpt>
      <trkpt lat="37.7974000107497" lon="12.896569976583123">
        <ele>497.6</ele>
      </trkpt>
      <trkpt lat="37.79740998521447" lon="12.896609958261251">
        <ele>497.93</ele>
      </trkpt>
      <trkpt lat="37.79750503599644" lon="12.896800143644214">
        <ele>498.22</ele>
      </trkpt>
      <trkpt lat="37.79760000295937" lon="12.896989993751049">
        <ele>498.38</ele>
      </trkpt>
      <trkpt lat="37.7976399846375" lon="12.897089989855886">
        <ele>498.68</ele>
      </trkpt>
      <trkpt lat="37.79766001738608" lon="12.897159978747368">
        <ele>499.06</ele>
      </trkpt>
      <trkpt lat="37.79767996631563" lon="12.897189985960722">
        <ele>499.49</ele>
      </trkpt>
      <trkpt lat="37.79769999906421" lon="12.897280007600784">
        <ele>499.91</ele>
      </trkpt>
      <trkpt lat="37.79772003181279" lon="12.897440018132329">
        <ele>500.39</ele>
      </trkpt>
      <trkpt lat="37.79772003181279" lon="12.897489974275231">
        <ele>500.94</ele>
      </trkpt>
      <trkpt lat="37.79772003181279" lon="12.897689966484904">
        <ele>501.63</ele>
      </trkpt>
      <trkpt lat="37.79772003181279" lon="12.897719973698258">
        <ele>502.24</ele>
      </trkpt>
      <trkpt lat="37.79772003181279" lon="12.897879984229803">
        <ele>502.98</ele>
      </trkpt>
      <trkpt lat="37.79769999906421" lon="12.897939998656511">
        <ele>503.67</ele>
      </trkpt>
      <trkpt lat="37.79767996631563" lon="12.898019962012768">
        <ele>504.39</ele>
      </trkpt>
      <trkpt lat="37.7976399846375" lon="12.898160023614764">
        <ele>505.22</ele>
      </trkpt>
      <trkpt lat="37.7976399846375" lon="12.898179972544312">
        <ele>505.85</ele>
      </trkpt>
      <trkpt lat="37.797609977424145" lon="12.898339899256825">
        <ele>506.54</ele>
      </trkpt>
      <trkpt lat="37.79760000295937" lon="12.898499993607402">
        <ele>507.17</ele>
      </trkpt>
      <trkpt lat="37.797609977424145" lon="12.898609964177012">
        <ele>507.74</ele>
      </trkpt>
      <trkpt lat="37.797609977424145" lon="12.898780032992363">
        <ele>508.31</ele>
      </trkpt>
      <trkpt lat="37.7976399846375" lon="12.899059988558292">
        <ele>508.9</ele>
      </trkpt>
      <trkpt lat="37.79766990803182" lon="12.899270039051771">
        <ele>509.45</ele>
      </trkpt>
      <trkpt lat="37.79766990803182" lon="12.899279929697514">
        <ele>509.87</ele>
      </trkpt>
      <trkpt lat="37.79769999906421" lon="12.899510012939572">
        <ele>510.41</ele>
      </trkpt>
      <trkpt lat="37.79773000627756" lon="12.899730037897825">
        <ele>510.85</ele>
      </trkpt>
      <trkpt lat="37.79773000627756" lon="12.899800026789308">
        <ele>511.17</ele>
      </trkpt>
      <trkpt lat="37.79775003902614" lon="12.899960037320852">
        <ele>511.44</ele>
      </trkpt>
      <trkpt lat="37.79775003902614" lon="12.899970011785626">
        <ele>511.62</ele>
      </trkpt>
      <trkpt lat="37.79775003902614" lon="12.900179978460073">
        <ele>511.76</ele>
      </trkpt>
      <trkpt lat="37.79775003902614" lon="12.900209985673428">
        <ele>511.84</ele>
      </trkpt>
      <trkpt lat="37.797739980742335" lon="12.9004099778831">
        <ele>511.85</ele>
      </trkpt>
      <trkpt lat="37.79773000627756" lon="12.900469992309809">
        <ele>511.82</ele>
      </trkpt>
      <trkpt lat="37.79767996631563" lon="12.90072999894619">
        <ele>511.65</ele>
      </trkpt>
      <trkpt lat="37.797630010172725" lon="12.900950023904443">
        <ele>511.42</ele>
      </trkpt>
      <trkpt lat="37.7975900284946" lon="12.901069968938828">
        <ele>511.25</ele>
      </trkpt>
      <trkpt lat="37.7975900284946" lon="12.901099976152182">
        <ele>511.15</ele>
      </trkpt>
      <trkpt lat="37.79753998853266" lon="12.90128999389708">
        <ele>510.94</ele>
      </trkpt>
      <trkpt lat="37.79753001406789" lon="12.901370041072369">
        <ele>510.83</ele>
      </trkpt>
      <trkpt lat="37.79750998131931" lon="12.901510018855333">
        <ele>510.71</ele>
      </trkpt>
      <trkpt lat="37.797500006854534" lon="12.901540026068687">
        <ele>510.66</ele>
      </trkpt>
      <trkpt lat="37.79749003238976" lon="12.90174001827836">
        <ele>510.61</ele>
      </trkpt>
      <trkpt lat="37.79749003238976" lon="12.901759967207909">
        <ele>510.61</ele>
      </trkpt>
      <trkpt lat="37.79750998131931" lon="12.90193003602326">
        <ele>510.68</ele>
      </trkpt>
      <trkpt lat="37.797520039603114" lon="12.901959959417582">
        <ele>510.78</ele>
      </trkpt>
      <trkpt lat="37.79756002128124" lon="12.902079988270998">
        <ele>510.95</ele>
      </trkpt>
      <trkpt lat="37.7975900284946" lon="12.90217000991106">
        <ele>511.19</ele>
      </trkpt>
      <trkpt lat="37.79762003570795" lon="12.902260031551123">
        <ele>511.49</ele>
      </trkpt>
      <trkpt lat="37.79764995910227" lon="12.902379976585507">
        <ele>511.88</ele>
      </trkpt>
      <trkpt lat="37.79766001738608" lon="12.902469914406538">
        <ele>512.29</ele>
      </trkpt>
      <trkpt lat="37.79769999906421" lon="12.90260000154376">
        <ele>512.8</ele>
      </trkpt>
      <trkpt lat="37.79773000627756" lon="12.902679964900017">
        <ele>513.34</ele>
      </trkpt>
      <trkpt lat="37.797849867492914" lon="12.902950029820204">
        <ele>514.01</ele>
      </trkpt>
      <trkpt lat="37.797909965738654" lon="12.903120014816523">
        <ele>514.65</ele>
      </trkpt>
      <trkpt lat="37.797929998487234" lon="12.903210036456585">
        <ele>515.35</ele>
      </trkpt>
      <trkpt lat="37.797950031235814" lon="12.903320007026196">
        <ele>516.12</ele>
      </trkpt>
      <trkpt lat="37.79796998016536" lon="12.903440035879612">
        <ele>516.94</ele>
      </trkpt>
      <trkpt lat="37.79796998016536" lon="12.903469959273934">
        <ele>517.87</ele>
      </trkpt>
      <trkpt lat="37.79799998737872" lon="12.903659977018833">
        <ele>518.94</ele>
      </trkpt>
      <trkpt lat="37.7980250492692" lon="12.903885366395116">
        <ele>520.08</ele>
      </trkpt>
      <trkpt lat="37.79805002734065" lon="12.904110001400113">
        <ele>521.28</ele>
      </trkpt>
      <trkpt lat="37.798080034554005" lon="12.904309993609786">
        <ele>522.55</ele>
      </trkpt>
      <trkpt lat="37.798080034554005" lon="12.90434000082314">
        <ele>523.82</ele>
      </trkpt>
      <trkpt lat="37.79809998348355" lon="12.904579974710941">
        <ele>525.22</ele>
      </trkpt>
      <trkpt lat="37.79809000901878" lon="12.904739985242486">
        <ele>526.63</ele>
      </trkpt>
      <trkpt lat="37.79809000901878" lon="12.90479002520442">
        <ele>528.08</ele>
      </trkpt>
      <trkpt lat="37.7980699762702" lon="12.90489999577403">
        <ele>529.61</ele>
      </trkpt>
      <trkpt lat="37.798080034554005" lon="12.905080039054155">
        <ele>531.2</ele>
      </trkpt>
      <trkpt lat="37.79809000901878" lon="12.905239881947637">
        <ele>532.88</ele>
      </trkpt>
      <trkpt lat="37.79811004176736" lon="12.905339961871505">
        <ele>534.55</ele>
      </trkpt>
      <trkpt lat="37.79815999791026" lon="12.905620001256466">
        <ele>536.38</ele>
      </trkpt>
      <trkpt lat="37.79822990298271" lon="12.905900040641427">
        <ele>538.22</ele>
      </trkpt>
      <trkpt lat="37.79823996126652" lon="12.905940022319555">
        <ele>539.92</ele>
      </trkpt>
      <trkpt lat="37.79829008504748" lon="12.906140349805355">
        <ele>541.73</ele>
      </trkpt>
      <trkpt lat="37.798340041190386" lon="12.906340006738901">
        <ele>543.53</ele>
      </trkpt>
      <trkpt lat="37.798359990119934" lon="12.906419970095158">
        <ele>545.25</ele>
      </trkpt>
      <trkpt lat="37.798409862443805" lon="12.906590038910508">
        <ele>547.01</ele>
      </trkpt>
      <trkpt lat="37.79844003729522" lon="12.906690035015345">
        <ele>548.74</ele>
      </trkpt>
      <trkpt lat="37.79852997511625" lon="12.90687988512218">
        <ele>550.52</ele>
      </trkpt>
      <trkpt lat="37.79857004061341" lon="12.906950041651726">
        <ele>552.22</ele>
      </trkpt>
      <trkpt lat="37.79867003671825" lon="12.907139975577593">
        <ele>553.97</ele>
      </trkpt>
      <trkpt lat="37.79875997453928" lon="12.907329993322492">
        <ele>555.62</ele>
      </trkpt>
      <trkpt lat="37.79875997453928" lon="12.907580025494099">
        <ele>557.28</ele>
      </trkpt>
      <trkpt lat="37.79875997453928" lon="12.907620007172227">
        <ele>558.85</ele>
      </trkpt>
      <trkpt lat="37.798750000074506" lon="12.907880013808608">
        <ele>560.48</ele>
      </trkpt>
      <trkpt lat="37.798729967325926" lon="12.908080006018281">
        <ele>562.06</ele>
      </trkpt>
      <trkpt lat="37.79871001839638" lon="12.9082499910146">
        <ele>563.58</ele>
      </trkpt>
      <trkpt lat="37.79869987629354" lon="12.908300030976534">
        <ele>565.04</ele>
      </trkpt>
      <trkpt lat="37.79865997843444" lon="12.90854997932911">
        <ele>566.48</ele>
      </trkpt>
      <trkpt lat="37.79860993847251" lon="12.908739997074008">
        <ele>567.87</ele>
      </trkpt>
      <trkpt lat="37.79852997511625" lon="12.908949963748455">
        <ele>569.24</ele>
      </trkpt>
      <trkpt lat="37.798489993438125" lon="12.909049959853292">
        <ele>570.59</ele>
      </trkpt>
      <trkpt lat="37.79845998622477" lon="12.90915003977716">
        <ele>571.87</ele>
      </trkpt>
      <trkpt lat="37.79839997179806" lon="12.909329999238253">
        <ele>573.12</ele>
      </trkpt>
      <trkpt lat="37.79838999733329" lon="12.909360006451607">
        <ele>574.42</ele>
      </trkpt>
      <trkpt lat="37.798319924622774" lon="12.90958003140986">
        <ele>575.74</ele>
      </trkpt>
      <trkpt lat="37.798319924622774" lon="12.909590005874634">
        <ele>577.02</ele>
      </trkpt>
      <trkpt lat="37.79828002676368" lon="12.909729983657598">
        <ele>578.35</ele>
      </trkpt>
      <trkpt lat="37.79828002676368" lon="12.90979997254908">
        <ele>579.65</ele>
      </trkpt>
      <trkpt lat="37.79826996847987" lon="12.909899968653917">
        <ele>580.98</ele>
      </trkpt>
      <trkpt lat="37.7982599940151" lon="12.910019997507334">
        <ele>582.31</ele>
      </trkpt>
      <trkpt lat="37.7982599940151" lon="12.910040030255914">
        <ele>583.6</ele>
      </trkpt>
      <trkpt lat="37.79825001955032" lon="12.910150000825524">
        <ele>584.9</ele>
      </trkpt>
      <trkpt lat="37.79822001233697" lon="12.910310011357069">
        <ele>586.22</ele>
      </trkpt>
      <trkpt lat="37.798190005123615" lon="12.910410007461905">
        <ele>587.53</ele>
      </trkpt>
      <trkpt lat="37.798169972375035" lon="12.910459963604808">
        <ele>588.82</ele>
      </trkpt>
      <trkpt lat="37.798080034554005" lon="12.910660039633512">
        <ele>590.16</ele>
      </trkpt>
      <trkpt lat="37.79800996184349" lon="12.910839999094605">
        <ele>591.51</ele>
      </trkpt>
      <trkpt lat="37.797909965738654" lon="12.910960027948022">
        <ele>592.92</ele>
      </trkpt>
      <trkpt lat="37.79779002070427" lon="12.91113001294434">
        <ele>594.34</ele>
      </trkpt>
      <trkpt lat="37.79766990803182" lon="12.911290023475885">
        <ele>595.75</ele>
      </trkpt>
      <trkpt lat="37.79753998853266" lon="12.911460008472204">
        <ele>597.14</ele>
      </trkpt>
      <trkpt lat="37.797419959679246" lon="12.911619935184717">
        <ele>598.5</ele>
      </trkpt>
      <trkpt lat="37.79733999632299" lon="12.911720015108585">
        <ele>599.8</ele>
      </trkpt>
      <trkpt lat="37.79717001132667" lon="12.91194993071258">
        <ele>601.17</ele>
      </trkpt>
      <trkpt lat="37.797049982473254" lon="12.912119999527931">
        <ele>602.5</ele>
      </trkpt>
      <trkpt lat="37.796919979155064" lon="12.912280010059476">
        <ele>603.87</ele>
      </trkpt>
      <trkpt lat="37.796900030225515" lon="12.91231001727283">
        <ele>605.06</ele>
      </trkpt>
      <trkpt lat="37.79678997583687" lon="12.912429962307215">
        <ele>606.32</ele>
      </trkpt>
      <trkpt lat="37.79674001969397" lon="12.912480002269149">
        <ele>607.45</ele>
      </trkpt>
      <trkpt lat="37.7966399397701" lon="12.912570023909211">
        <ele>608.58</ele>
      </trkpt>
      <trkpt lat="37.79651999473572" lon="12.912640012800694">
        <ele>609.64</ele>
      </trkpt>
      <trkpt lat="37.796510020270944" lon="12.912649987265468">
        <ele>610.61</ele>
      </trkpt>
      <trkpt lat="37.79648001305759" lon="12.912659961730242">
        <ele>611.54</ele>
      </trkpt>
      <trkpt lat="37.79638001695275" lon="12.912710001692176">
        <ele>612.42</ele>
      </trkpt>
      <trkpt lat="37.796320002526045" lon="12.912749983370304">
        <ele>613.25</ele>
      </trkpt>
      <trkpt lat="37.79622009024024" lon="12.912819804623723">
        <ele>614.04</ele>
      </trkpt>
      <trkpt lat="37.79622000642121" lon="12.912819888442755">
        <ele>614.75</ele>
      </trkpt>
      <trkpt lat="37.79622000642121" lon="12.912819972261786">
        <ele>615.42</ele>
      </trkpt>
      <trkpt lat="37.7961599919945" lon="12.91287001222372">
        <ele>616.02</ele>
      </trkpt>
      <trkpt lat="37.796129984781146" lon="12.912900019437075">
        <ele>616.58</ele>
      </trkpt>
      <trkpt lat="37.79605002142489" lon="12.913029938936234">
        <ele>617.1</ele>
      </trkpt>
      <trkpt lat="37.79596989043057" lon="12.91319003328681">
        <ele>617.69</ele>
      </trkpt>
      <trkpt lat="37.7959200181067" lon="12.91330000385642">
        <ele>618.15</ele>
      </trkpt>
      <trkpt lat="37.79587986879051" lon="12.913439981639385">
        <ele>618.55</ele>
      </trkpt>
      <trkpt lat="37.79586000367999" lon="12.913479963317513">
        <ele>618.9</ele>
      </trkpt>
      <trkpt lat="37.79582999646664" lon="12.913660006597638">
        <ele>619.26</ele>
      </trkpt>
      <trkpt lat="37.79582999646664" lon="12.913690013810992">
        <ele>619.55</ele>
      </trkpt>
      <trkpt lat="37.795804934576154" lon="12.913900399580598">
        <ele>619.79</ele>
      </trkpt>
      <trkpt lat="37.795780040323734" lon="12.914110030978918">
        <ele>620.03</ele>
      </trkpt>
      <trkpt lat="37.79576998203993" lon="12.914210027083755">
        <ele>620.22</ele>
      </trkpt>
      <trkpt lat="37.795739974826574" lon="12.91432997211814">
        <ele>620.35</ele>
      </trkpt>
      <trkpt lat="37.79569001868367" lon="12.914549997076392">
        <ele>620.52</ele>
      </trkpt>
      <trkpt lat="37.795679960399866" lon="12.914629960432649">
        <ele>620.63</ele>
      </trkpt>
      <trkpt lat="37.79563997872174" lon="12.914770022034645">
        <ele>620.71</ele>
      </trkpt>
      <trkpt lat="37.79559999704361" lon="12.91493003256619">
        <ele>620.8</ele>
      </trkpt>
      <trkpt lat="37.79557996429503" lon="12.914989963173866">
        <ele>620.86</ele>
      </trkpt>
      <trkpt lat="37.79552003368735" lon="12.915149973705411">
        <ele>620.95</ele>
      </trkpt>
      <trkpt lat="37.79549991711974" lon="12.915190039202571">
        <ele>620.99</ele>
      </trkpt>
      <trkpt lat="37.795460019260645" lon="12.915260028094053">
        <ele>621.02</ele>
      </trkpt>
      <trkpt lat="37.79523999430239" lon="12.91549002751708">
        <ele>621.03</ele>
      </trkpt>
      <trkpt lat="37.79507000930607" lon="12.915599998086691">
        <ele>621.04</ele>
      </trkpt>
      <trkpt lat="37.79502985998988" lon="12.915630005300045">
        <ele>621.07</ele>
      </trkpt>
      <trkpt lat="37.79493992216885" lon="12.915749866515398">
        <ele>621.11</ele>
      </trkpt>
      <trkpt lat="37.794859958812594" lon="12.915880037471652">
        <ele>621.15</ele>
      </trkpt>
      <trkpt lat="37.794840009883046" lon="12.915939968079329">
        <ele>621.2</ele>
      </trkpt>
      <trkpt lat="37.79478996992111" lon="12.916079862043262">
        <ele>621.26</ele>
      </trkpt>
      <trkpt lat="37.79474001377821" lon="12.916269963607192">
        <ele>621.32</ele>
      </trkpt>
      <trkpt lat="37.794730039313436" lon="12.916369959712029">
        <ele>621.39</ele>
      </trkpt>
      <trkpt lat="37.79470003210008" lon="12.916559977456927">
        <ele>621.45</ele>
      </trkpt>
      <trkpt lat="37.794689973816276" lon="12.916599959135056">
        <ele>621.55</ele>
      </trkpt>
      <trkpt lat="37.79465996660292" lon="12.916789976879954">
        <ele>621.64</ele>
      </trkpt>
      <trkpt lat="37.79464999213815" lon="12.916819984093308">
        <ele>621.79</ele>
      </trkpt>
      <trkpt lat="37.79464999213815" lon="12.916879998520017">
        <ele>621.97</ele>
      </trkpt>
      <trkpt lat="37.79464001767337" lon="12.917000027373433">
        <ele>622.16</ele>
      </trkpt>
      <trkpt lat="37.79464999213815" lon="12.917160037904978">
        <ele>622.41</ele>
      </trkpt>
      <trkpt lat="37.79464999213815" lon="12.917270008474588">
        <ele>622.68</ele>
      </trkpt>
      <trkpt lat="37.79467002488673" lon="12.917500007897615">
        <ele>623.04</ele>
      </trkpt>
      <trkpt lat="37.7946799993515" lon="12.917630011215806">
        <ele>623.35</ele>
      </trkpt>
      <trkpt lat="37.794689973816276" lon="12.917719865217805">
        <ele>623.68</ele>
      </trkpt>
      <trkpt lat="37.794710006564856" lon="12.917950032278895">
        <ele>624.09</ele>
      </trkpt>
      <trkpt lat="37.79471998102963" lon="12.91798003949225">
        <ele>624.43</ele>
      </trkpt>
      <trkpt lat="37.794730039313436" lon="12.918109958991408">
        <ele>624.8</ele>
      </trkpt>
      <trkpt lat="37.79474001377821" lon="12.918259995058179">
        <ele>625.2</ele>
      </trkpt>
      <trkpt lat="37.794749988242984" lon="12.918359991163015">
        <ele>625.58</ele>
      </trkpt>
      <trkpt lat="37.794749988242984" lon="12.918399972841144">
        <ele>625.96</ele>
      </trkpt>
      <trkpt lat="37.79474001377821" lon="12.918480020016432">
        <ele>626.37</ele>
      </trkpt>
      <trkpt lat="37.794749988242984" lon="12.91862997226417">
        <ele>626.78</ele>
      </trkpt>
      <trkpt lat="37.794749988242984" lon="12.91865000501275">
        <ele>627.17</ele>
      </trkpt>
      <trkpt lat="37.794759878888726" lon="12.918729968369007">
        <ele>627.57</ele>
      </trkpt>
      <trkpt lat="37.79478996992111" lon="12.918849997222424">
        <ele>627.98</ele>
      </trkpt>
      <trkpt lat="37.79481000266969" lon="12.918939935043454">
        <ele>628.38</ele>
      </trkpt>
      <trkpt lat="37.79484990052879" lon="12.919070022180676">
        <ele>628.72</ele>
      </trkpt>
      <trkpt lat="37.794879991561174" lon="12.919159960001707">
        <ele>629.04</ele>
      </trkpt>
      <trkpt lat="37.794900024309754" lon="12.91924998164177">
        <ele>629.35</ele>
      </trkpt>
      <trkpt lat="37.794900024309754" lon="12.919279988855124">
        <ele>629.69</ele>
      </trkpt>
      <trkpt lat="37.79490999877453" lon="12.919360036030412">
        <ele>629.96</ele>
      </trkpt>
      <trkpt lat="37.79490999877453" lon="12.919490039348602">
        <ele>630.26</ele>
      </trkpt>
      <trkpt lat="37.79490999877453" lon="12.91950998827815">
        <ele>630.55</ele>
      </trkpt>
      <trkpt lat="37.794900024309754" lon="12.919570002704859">
        <ele>630.85</ele>
      </trkpt>
      <trkpt lat="37.794879991561174" lon="12.919630017131567">
        <ele>631.14</ele>
      </trkpt>
      <trkpt lat="37.794840009883046" lon="12.91972003877163">
        <ele>631.42</ele>
      </trkpt>
      <trkpt lat="37.79481000266969" lon="12.919779969379306">
        <ele>631.69</ele>
      </trkpt>
      <trkpt lat="37.794770020991564" lon="12.91987988166511">
        <ele>631.92</ele>
      </trkpt>
      <trkpt lat="37.794759878888726" lon="12.919920030981302">
        <ele>632.11</ele>
      </trkpt>
      <trkpt lat="37.794749988242984" lon="12.919950038194656">
        <ele>632.29</ele>
      </trkpt>
      <trkpt lat="37.794749988242984" lon="12.920039976015687">
        <ele>632.41</ele>
      </trkpt>
      <trkpt lat="37.794759878888726" lon="12.92012999765575">
        <ele>632.49</ele>
      </trkpt>
      <trkpt lat="37.794770020991564" lon="12.920250026509166">
        <ele>632.6</ele>
      </trkpt>
      <trkpt lat="37.79477999545634" lon="12.92036997154355">
        <ele>632.67</ele>
      </trkpt>
      <trkpt lat="37.79477999545634" lon="12.92041003704071">
        <ele>632.74</ele>
      </trkpt>
      <trkpt lat="37.79477999545634" lon="12.920599970966578">
        <ele>632.81</ele>
      </trkpt>
      <trkpt lat="37.79477999545634" lon="12.920620003715158">
        <ele>632.82</ele>
      </trkpt>
      <trkpt lat="37.794770020991564" lon="12.920750007033348">
        <ele>632.81</ele>
      </trkpt>
      <trkpt lat="37.794759878888726" lon="12.920829970389605">
        <ele>632.76</ele>
      </trkpt>
      <trkpt lat="37.79470003210008" lon="12.921189973130822">
        <ele>632.68</ele>
      </trkpt>
      <trkpt lat="37.794689973816276" lon="12.92127002030611">
        <ele>632.57</ele>
      </trkpt>
      <trkpt lat="37.79465996660292" lon="12.921500019729137">
        <ele>632.46</ele>
      </trkpt>
      <trkpt lat="37.79464999213815" lon="12.921619964763522">
        <ele>632.34</ele>
      </trkpt>
      <trkpt lat="37.79461998492479" lon="12.921770000830293">
        <ele>632.13</ele>
      </trkpt>
      <trkpt lat="37.79458997771144" lon="12.92186999693513">
        <ele>631.89</ele>
      </trkpt>
      <trkpt lat="37.794559970498085" lon="12.92197996750474">
        <ele>631.57</ele>
      </trkpt>
      <trkpt lat="37.79454999603331" lon="12.922009974718094">
        <ele>631.23</ele>
      </trkpt>
      <trkpt lat="37.79450003989041" lon="12.922160010784864">
        <ele>630.81</ele>
      </trkpt>
      <trkpt lat="37.79448000714183" lon="12.922190017998219">
        <ele>630.38</ele>
      </trkpt>
      <trkpt lat="37.7944400254637" lon="12.922269981354475">
        <ele>629.89</ele>
      </trkpt>
      <trkpt lat="37.79437003657222" lon="12.922360002994537">
        <ele>629.35</ele>
      </trkpt>
      <trkpt lat="37.794259982183576" lon="12.922520013526082">
        <ele>628.71</ele>
      </trkpt>
      <trkpt lat="37.7942500077188" lon="12.922529987990856">
        <ele>628.11</ele>
      </trkpt>
      <trkpt lat="37.79411002993584" lon="12.92266996577382">
        <ele>627.5</ele>
      </trkpt>
      <trkpt lat="37.79402998276055" lon="12.922720005735755">
        <ele>626.85</ele>
      </trkpt>
      <trkpt lat="37.793939961120486" lon="12.922750012949109">
        <ele>626.15</ele>
      </trkpt>
      <trkpt lat="37.79376997612417" lon="12.922810027375817">
        <ele>625.39</ele>
      </trkpt>
      <trkpt lat="37.79372991062701" lon="12.922820001840591">
        <ele>624.59</ele>
      </trkpt>
      <trkpt lat="37.79366000555456" lon="12.922850009053946">
        <ele>623.74</ele>
      </trkpt>
      <trkpt lat="37.79362002387643" lon="12.922899965196848">
        <ele>622.81</ele>
      </trkpt>
      <trkpt lat="37.79356000944972" lon="12.922980012372136">
        <ele>621.83</ele>
      </trkpt>
      <trkpt lat="37.79352002777159" lon="12.923059975728393">
        <ele>620.8</ele>
      </trkpt>
      <trkpt lat="37.793460013344884" lon="12.923170030117035">
        <ele>619.68</ele>
      </trkpt>
      <trkpt lat="37.793420031666756" lon="12.923249993473291">
        <ele>618.62</ele>
      </trkpt>
      <trkpt lat="37.793420031666756" lon="12.923270026221871">
        <ele>617.61</ele>
      </trkpt>
      <trkpt lat="37.793379966169596" lon="12.923430036753416">
        <ele>616.48</ele>
      </trkpt>
      <trkpt lat="37.793379966169596" lon="12.923470018431544">
        <ele>615.43</ele>
      </trkpt>
      <trkpt lat="37.79333998449147" lon="12.923689959570765">
        <ele>614.31</ele>
      </trkpt>
      <trkpt lat="37.79333998449147" lon="12.923700017854571">
        <ele>613.24</ele>
      </trkpt>
      <trkpt lat="37.79332003556192" lon="12.923830021172762">
        <ele>612.12</ele>
      </trkpt>
      <trkpt lat="37.793290028348565" lon="12.923909984529018">
        <ele>611.02</ele>
      </trkpt>
      <trkpt lat="37.79323998838663" lon="12.923969998955727">
        <ele>609.91</ele>
      </trkpt>
      <trkpt lat="37.79316999949515" lon="12.924060020595789">
        <ele>608.78</ele>
      </trkpt>
      <trkpt lat="37.793160025030375" lon="12.924069995060563">
        <ele>607.64</ele>
      </trkpt>
      <trkpt lat="37.79301996342838" lon="12.924220031127334">
        <ele>606.45</ele>
      </trkpt>
      <trkpt lat="37.79289004392922" lon="12.924359925091267">
        <ele>605.26</ele>
      </trkpt>
      <trkpt lat="37.79276004061103" lon="12.924499986693263">
        <ele>604.03</ele>
      </trkpt>
      <trkpt lat="37.79274000786245" lon="12.924509961158037">
        <ele>602.83</ele>
      </trkpt>
      <trkpt lat="37.79259508475661" lon="12.924619847908616">
        <ele>601.59</ele>
      </trkpt>
      <trkpt lat="37.79244999401271" lon="12.92472998611629">
        <ele>600.35</ele>
      </trkpt>
      <trkpt lat="37.79244001954794" lon="12.924739960581064">
        <ele>599.1</ele>
      </trkpt>
      <trkpt lat="37.792389979586005" lon="12.924790000542998">
        <ele>597.83</ele>
      </trkpt>
      <trkpt lat="37.79231990687549" lon="12.924899887293577">
        <ele>596.46</ele>
      </trkpt>
      <trkpt lat="37.79231001622975" lon="12.924910029396415">
        <ele>595.15</ele>
      </trkpt>
      <trkpt lat="37.792199961841106" lon="12.925080014392734">
        <ele>593.76</ele>
      </trkpt>
      <trkpt lat="37.792129972949624" lon="12.925189984962344">
        <ele>592.38</ele>
      </trkpt>
      <trkpt lat="37.792089991271496" lon="12.925259973853827">
        <ele>590.93</ele>
      </trkpt>
      <trkpt lat="37.79205000959337" lon="12.92531001381576">
        <ele>589.49</ele>
      </trkpt>
      <trkpt lat="37.79202000238001" lon="12.925380002707243">
        <ele>587.99</ele>
      </trkpt>
      <trkpt lat="37.79198999516666" lon="12.925449991598725">
        <ele>586.56</ele>
      </trkpt>
      <trkpt lat="37.79195001348853" lon="12.925549987703562">
        <ele>585.12</ele>
      </trkpt>
      <trkpt lat="37.7919100318104" lon="12.925649899989367">
        <ele>583.66</ele>
      </trkpt>
      <trkpt lat="37.79186996631324" lon="12.925730030983686">
        <ele>582.25</ele>
      </trkpt>
      <trkpt lat="37.79179997742176" lon="12.925830027088523">
        <ele>580.88</ele>
      </trkpt>
      <trkpt lat="37.7917599119246" lon="12.925879983231425">
        <ele>579.51</ele>
      </trkpt>
      <trkpt lat="37.79159001074731" lon="12.926090033724904">
        <ele>578.13</ele>
      </trkpt>
      <trkpt lat="37.79153997078538" lon="12.92614996433258">
        <ele>576.77</ele>
      </trkpt>
      <trkpt lat="37.791420025750995" lon="12.926290025934577">
        <ele>575.39</ele>
      </trkpt>
      <trkpt lat="37.791399993002415" lon="12.926300000399351">
        <ele>574.03</ele>
      </trkpt>
      <trkpt lat="37.791279964149" lon="12.926460010930896">
        <ele>572.62</ele>
      </trkpt>
      <trkpt lat="37.79116999357939" lon="12.926529999822378">
        <ele>571.3</ele>
      </trkpt>
      <trkpt lat="37.791250040754676" lon="12.926839962601662">
        <ele>569.8</ele>
      </trkpt>
      <trkpt lat="37.791310055181384" lon="12.927075326442719">
        <ele>568.4</ele>
      </trkpt>
      <trkpt lat="37.79136998578906" lon="12.927310019731522">
        <ele>567.02</ele>
      </trkpt>
      <trkpt lat="37.791420025750995" lon="12.92750003747642">
        <ele>565.74</ele>
      </trkpt>
      <trkpt lat="37.79153997078538" lon="12.927809916436672">
        <ele>564.49</ele>
      </trkpt>
      <trkpt lat="37.79159001074731" lon="12.927949894219637">
        <ele>563.35</ele>
      </trkpt>
      <trkpt lat="37.79160995967686" lon="12.928019966930151">
        <ele>562.29</ele>
      </trkpt>
      <trkpt lat="37.791680032387376" lon="12.928229933604598">
        <ele>561.23</ele>
      </trkpt>
      <trkpt lat="37.791699981316924" lon="12.928290031850338">
        <ele>560.29</ele>
      </trkpt>
      <trkpt lat="37.791810035705566" lon="12.928579961881042">
        <ele>559.34</ele>
      </trkpt>
      <trkpt lat="37.791829984635115" lon="12.92863997630775">
        <ele>558.54</ele>
      </trkpt>
      <trkpt lat="37.79184993356466" lon="12.928709965199232">
        <ele>557.82</ele>
      </trkpt>
      <trkpt lat="37.79186996631324" lon="12.928809961304069">
        <ele>557.18</ele>
      </trkpt>
      <trkpt lat="37.79188999906182" lon="12.928979862481356">
        <ele>556.63</ele>
      </trkpt>
      <trkpt lat="37.79188999906182" lon="12.929120007902384">
        <ele>556.2</ele>
      </trkpt>
      <trkpt lat="37.79185999184847" lon="12.92932997457683">
        <ele>555.86</ele>
      </trkpt>
      <trkpt lat="37.79183995909989" lon="12.92964999563992">
        <ele>555.62</ele>
      </trkpt>
      <trkpt lat="37.791829984635115" lon="12.92994998395443">
        <ele>555.4</ele>
      </trkpt>
      <trkpt lat="37.79183995909989" lon="12.930009998381138">
        <ele>555.33</ele>
      </trkpt>
      <trkpt lat="37.79184993356466" lon="12.930179983377457">
        <ele>555.36</ele>
      </trkpt>
      <trkpt lat="37.79185999184847" lon="12.93023002333939">
        <ele>555.49</ele>
      </trkpt>
      <trkpt lat="37.79188002459705" lon="12.930430015549064">
        <ele>555.74</ele>
      </trkpt>
      <trkpt lat="37.79192000627518" lon="12.930590026080608">
        <ele>556.09</ele>
      </trkpt>
      <trkpt lat="37.791980020701885" lon="12.930799992755055">
        <ele>556.54</ele>
      </trkpt>
      <trkpt lat="37.79209996573627" lon="12.93111003935337">
        <ele>557.03</ele>
      </trkpt>
      <trkpt lat="37.79218504205346" lon="12.931345319375396">
        <ele>557.64</ele>
      </trkpt>
      <trkpt lat="37.79227003455162" lon="12.931580012664199">
        <ele>558.35</ele>
      </trkpt>
      <trkpt lat="37.792280009016395" lon="12.931619994342327">
        <ele>559.12</ele>
      </trkpt>
      <trkpt lat="37.7923400234431" lon="12.93189374729991">
        <ele>560.0</ele>
      </trkpt>
      <trkpt lat="37.79240012168884" lon="12.932167584076524">
        <ele>560.94</ele>
      </trkpt>
      <trkpt lat="37.79245996847749" lon="12.932439995929599">
        <ele>561.95</ele>
      </trkpt>
      <trkpt lat="37.79251000843942" lon="12.932620039209723">
        <ele>563.05</ele>
      </trkpt>
      <trkpt lat="37.79257002286613" lon="12.93280997313559">
        <ele>564.19</ele>
      </trkpt>
      <trkpt lat="37.792649986222386" lon="12.933039972558618">
        <ele>565.38</ele>
      </trkpt>
      <trkpt lat="37.792649986222386" lon="12.933060005307198">
        <ele>566.62</ele>
      </trkpt>
      <trkpt lat="37.792710000649095" lon="12.933190008625388">
        <ele>567.91</ele>
      </trkpt>
      <trkpt lat="37.792730033397675" lon="12.93323996476829">
        <ele>569.27</ele>
      </trkpt>
      <trkpt lat="37.79278988018632" lon="12.933339960873127">
        <ele>570.68</ele>
      </trkpt>
      <trkpt lat="37.79283002950251" lon="12.93342998251319">
        <ele>572.13</ele>
      </trkpt>
      <trkpt lat="37.79294000007212" lon="12.933610025793314">
        <ele>573.68</ele>
      </trkpt>
      <trkpt lat="37.792990040034056" lon="12.93368998914957">
        <ele>575.19</ele>
      </trkpt>
      <trkpt lat="37.79303999617696" lon="12.933799959719181">
        <ele>576.74</ele>
      </trkpt>
      <trkpt lat="37.79307000339031" lon="12.933889981359243">
        <ele>578.29</ele>
      </trkpt>
      <trkpt lat="37.793160025030375" lon="12.93414001353085">
        <ele>579.85</ele>
      </trkpt>
      <trkpt lat="37.793249962851405" lon="12.934449976310134">
        <ele>581.4</ele>
      </trkpt>
      <trkpt lat="37.79330000281334" lon="12.93459003791213">
        <ele>582.92</ele>
      </trkpt>
      <trkpt lat="37.79332003556192" lon="12.934639994055033">
        <ele>584.41</ele>
      </trkpt>
      <trkpt lat="37.79340511187911" lon="12.934840153902769">
        <ele>585.95</ele>
      </trkpt>
      <trkpt lat="37.79349002055824" lon="12.935039978474379">
        <ele>587.41</ele>
      </trkpt>
      <trkpt lat="37.79362991452217" lon="12.935209963470697">
        <ele>588.77</ele>
      </trkpt>
      <trkpt lat="37.79376997612417" lon="12.935380032286048">
        <ele>590.09</ele>
      </trkpt>
      <trkpt lat="37.793980026617646" lon="12.935640038922429">
        <ele>591.36</ele>
      </trkpt>
      <trkpt lat="37.79399989172816" lon="12.935659987851977">
        <ele>592.49</ele>
      </trkpt>
      <trkpt lat="37.794129978865385" lon="12.935819998383522">
        <ele>593.59</ele>
      </trkpt>
      <trkpt lat="37.794150011613965" lon="12.935840031132102">
        <ele>594.55</ele>
      </trkpt>
      <trkpt lat="37.7942500077188" lon="12.93598998337984">
        <ele>595.46</ele>
      </trkpt>
      <trkpt lat="37.7942500077188" lon="12.936000041663647">
        <ele>596.22</ele>
      </trkpt>
      <trkpt lat="37.794340029358864" lon="12.936189975589514">
        <ele>596.96</ele>
      </trkpt>
      <trkpt lat="37.794429967179894" lon="12.936379993334413">
        <ele>597.59</ele>
      </trkpt>
      <trkpt lat="37.79452996328473" lon="12.936579985544086">
        <ele>598.09</ele>
      </trkpt>
      <trkpt lat="37.79458997771144" lon="12.936749970540404">
        <ele>598.44</ele>
      </trkpt>
      <trkpt lat="37.794600035995245" lon="12.936790036037564">
        <ele>598.62</ele>
      </trkpt>
      <trkpt lat="37.79461001046002" lon="12.936920039355755">
        <ele>598.66</ele>
      </trkpt>
      <trkpt lat="37.79461001046002" lon="12.936969995498657">
        <ele>598.55</ele>
      </trkpt>
      <trkpt lat="37.79461001046002" lon="12.937009977176785">
        <ele>598.32</ele>
      </trkpt>
      <trkpt lat="37.794580003246665" lon="12.937130006030202">
        <ele>597.93</ele>
      </trkpt>
      <trkpt lat="37.794559970498085" lon="12.93719002045691">
        <ele>597.4</ele>
      </trkpt>
      <trkpt lat="37.79451001435518" lon="12.937350030988455">
        <ele>596.67</ele>
      </trkpt>
      <trkpt lat="37.7944899816066" lon="12.937390012666583">
        <ele>595.89</ele>
      </trkpt>
      <trkpt lat="37.794340029358864" lon="12.937709866091609">
        <ele>594.75</ele>
      </trkpt>
      <trkpt lat="37.794299963861704" lon="12.937780022621155">
        <ele>593.69</ele>
      </trkpt>
      <trkpt lat="37.794129978865385" lon="12.938110018149018">
        <ele>592.32</ele>
      </trkpt>
      <trkpt lat="37.79411002993584" lon="12.938170032575727">
        <ele>591.08</ele>
      </trkpt>
      <trkpt lat="37.794040041044354" lon="12.938300035893917">
        <ele>589.69</ele>
      </trkpt>
      <trkpt lat="37.794010033831" lon="12.938359966501594">
        <ele>588.29</ele>
      </trkpt>
      <trkpt lat="37.79396996833384" lon="12.938449988141656">
        <ele>586.79</ele>
      </trkpt>
      <trkpt lat="37.79395001940429" lon="12.938519977033138">
        <ele>585.25</ele>
      </trkpt>
      <trkpt lat="37.793939961120486" lon="12.938570016995072">
        <ele>583.63</ele>
      </trkpt>
      <trkpt lat="37.793959993869066" lon="12.938679987564683">
        <ele>581.88</ele>
      </trkpt>
      <trkpt lat="37.79396996833384" lon="12.938770009204745">
        <ele>580.1</ele>
      </trkpt>
      <trkpt lat="37.79396996833384" lon="12.938789874315262">
        <ele>578.29</ele>
      </trkpt>
      <trkpt lat="37.79396996833384" lon="12.938890038058162">
        <ele>576.39</ele>
      </trkpt>
      <trkpt lat="37.793939961120486" lon="12.939009983092546">
        <ele>574.46</ele>
      </trkpt>
      <trkpt lat="37.79392001219094" lon="12.939120037481189">
        <ele>572.5</ele>
      </trkpt>
      <trkpt lat="37.79388003051281" lon="12.939220033586025">
        <ele>570.5</ele>
      </trkpt>
      <trkpt lat="37.793829990550876" lon="12.939349869266152">
        <ele>568.36</ele>
      </trkpt>
      <trkpt lat="37.79379000887275" lon="12.939420025795698">
        <ele>566.28</ele>
      </trkpt>
      <trkpt lat="37.79372991062701" lon="12.939539887011051">
        <ele>564.15</ele>
      </trkpt>
      <trkpt lat="37.79369001276791" lon="12.939609959721565">
        <ele>562.04</ele>
      </trkpt>
      <trkpt lat="37.79363997280598" lon="12.939679864794016">
        <ele>559.94</ele>
      </trkpt>
      <trkpt lat="37.79356000944972" lon="12.93976997025311">
        <ele>557.82</ele>
      </trkpt>
      <trkpt lat="37.79343989677727" lon="12.939929980784655">
        <ele>555.59</ele>
      </trkpt>
      <trkpt lat="37.79330997727811" lon="12.9400899913162">
        <ele>553.34</ele>
      </trkpt>
      <trkpt lat="37.79343000613153" lon="12.94024002738297">
        <ele>551.06</ele>
      </trkpt>
      <trkpt lat="37.79346998780966" lon="12.940340023487806">
        <ele>548.85</ele>
      </trkpt>
      <trkpt lat="37.79347996227443" lon="12.940440019592643">
        <ele>546.66</ele>
      </trkpt>
      <trkpt lat="37.79347996227443" lon="12.940459968522191">
        <ele>544.58</ele>
      </trkpt>
      <trkpt lat="37.793460013344884" lon="12.940549990162253">
        <ele>542.49</ele>
      </trkpt>
      <trkpt lat="37.79333998449147" lon="12.940860036760569">
        <ele>540.36</ele>
      </trkpt>
      <trkpt lat="37.79333998449147" lon="12.940879985690117">
        <ele>538.36</ele>
      </trkpt>
      <trkpt lat="37.79325993731618" lon="12.94107997789979">
        <ele>536.24</ele>
      </trkpt>
      <trkpt lat="37.79314996674657" lon="12.941369907930493">
        <ele>534.18</ele>
      </trkpt>
      <trkpt lat="37.79307000339031" lon="12.941579958423972">
        <ele>532.27</ele>
      </trkpt>
      <trkpt lat="37.793059861287475" lon="12.941709961742163">
        <ele>530.43</ele>
      </trkpt>
      <trkpt lat="37.793059861287475" lon="12.941720020025969">
        <ele>528.62</ele>
      </trkpt>
      <trkpt lat="37.793059861287475" lon="12.94185002334416">
        <ele>526.82</ele>
      </trkpt>
      <trkpt lat="37.79307000339031" lon="12.941929986700416">
        <ele>525.07</ele>
      </trkpt>
      <trkpt lat="37.793079977855086" lon="12.941969968378544">
        <ele>523.38</ele>
      </trkpt>
      <trkpt lat="37.79313001781702" lon="12.942099971696734">
        <ele>521.69</ele>
      </trkpt>
      <trkpt lat="37.793160025030375" lon="12.942129978910089">
        <ele>520.1</ele>
      </trkpt>
      <trkpt lat="37.79329991899431" lon="12.942319996654987">
        <ele>518.49</ele>
      </trkpt>
      <trkpt lat="37.79343989677727" lon="12.942510014399886">
        <ele>516.94</ele>
      </trkpt>
      <trkpt lat="37.79345003888011" lon="12.942529963329434">
        <ele>515.49</ele>
      </trkpt>
      <trkpt lat="37.79363997280598" lon="12.942800028249621">
        <ele>514.03</ele>
      </trkpt>
      <trkpt lat="37.79368003830314" lon="12.942859958857298">
        <ele>512.69</ele>
      </trkpt>
      <trkpt lat="37.79376000165939" lon="12.94297001324594">
        <ele>511.37</ele>
      </trkpt>
      <trkpt lat="37.79387994669378" lon="12.943139998242259">
        <ele>510.06</ele>
      </trkpt>
      <trkpt lat="37.79399989172816" lon="12.943309983238578">
        <ele>508.81</ele>
      </trkpt>
      <trkpt lat="37.79412000440061" lon="12.943479884415865">
        <ele>507.58</ele>
      </trkpt>
      <trkpt lat="37.794150011613965" lon="12.943520033732057">
        <ele>506.5</ele>
      </trkpt>
      <trkpt lat="37.79431002214551" lon="12.943750033155084">
        <ele>505.38</ele>
      </trkpt>
      <trkpt lat="37.79448000714183" lon="12.943990007042885">
        <ele>504.36</ele>
      </trkpt>
      <trkpt lat="37.79450003989041" lon="12.944010039791465">
        <ele>503.48</ele>
      </trkpt>
      <trkpt lat="37.79458997771144" lon="12.944139959290624">
        <ele>502.62</ele>
      </trkpt>
      <trkpt lat="37.794600035995245" lon="12.944159992039204">
        <ele>501.87</ele>
      </trkpt>
      <trkpt lat="37.79471503570676" lon="12.944335006177425">
        <ele>501.12</ele>
      </trkpt>
      <trkpt lat="37.79483003541827" lon="12.944510020315647">
        <ele>500.44</ele>
      </trkpt>
      <trkpt lat="37.794879991561174" lon="12.94458000920713">
        <ele>499.86</ele>
      </trkpt>
      <trkpt lat="37.79494998045266" lon="12.944680005311966">
        <ele>499.31</ele>
      </trkpt>
      <trkpt lat="37.79507000930607" lon="12.944849990308285">
        <ele>498.79</ele>
      </trkpt>
      <trkpt lat="37.79519003815949" lon="12.945019975304604">
        <ele>498.38</ele>
      </trkpt>
      <trkpt lat="37.795309983193874" lon="12.945189960300922">
        <ele>498.06</ele>
      </trkpt>
      <trkpt lat="37.795330015942454" lon="12.945219967514277">
        <ele>497.83</ele>
      </trkpt>
      <trkpt lat="37.79543001204729" lon="12.945360029116273">
        <ele>497.69</ele>
      </trkpt>
      <trkpt lat="37.79546999372542" lon="12.945409985259175">
        <ele>497.59</ele>
      </trkpt>
      <trkpt lat="37.79552003368735" lon="12.945499923080206">
        <ele>497.55</ele>
      </trkpt>
      <trkpt lat="37.7955399826169" lon="12.945539988577366">
        <ele>497.56</ele>
      </trkpt>
      <trkpt lat="37.79557996429503" lon="12.94563990086317">
        <ele>497.62</ele>
      </trkpt>
      <trkpt lat="37.79562002979219" lon="12.945739980787039">
        <ele>497.72</ele>
      </trkpt>
      <trkpt lat="37.795630004256964" lon="12.945779878646135">
        <ele>497.87</ele>
      </trkpt>
      <trkpt lat="37.79566001147032" lon="12.945969980210066">
        <ele>498.09</ele>
      </trkpt>
      <trkpt lat="37.795679960399866" lon="12.94612999074161">
        <ele>498.34</ele>
      </trkpt>
      <trkpt lat="37.79570502229035" lon="12.946385471150279">
        <ele>498.62</ele>
      </trkpt>
      <trkpt lat="37.7957300003618" lon="12.946640029549599">
        <ele>498.92</ele>
      </trkpt>
      <trkpt lat="37.7957300003618" lon="12.946719909086823">
        <ele>499.22</ele>
      </trkpt>
      <trkpt lat="37.7957300003618" lon="12.946859886869788">
        <ele>499.54</ele>
      </trkpt>
      <trkpt lat="37.79570996761322" lon="12.94703003950417">
        <ele>499.88</ele>
      </trkpt>
      <trkpt lat="37.79564986936748" lon="12.947280406951904">
        <ele>500.23</ele>
      </trkpt>
      <trkpt lat="37.795590022578835" lon="12.947530020028353">
        <ele>500.59</ele>
      </trkpt>
      <trkpt lat="37.79556001536548" lon="12.947690030559897">
        <ele>500.89</ele>
      </trkpt>
      <trkpt lat="37.7955399826169" lon="12.947749877348542">
        <ele>501.16</ele>
      </trkpt>
      <trkpt lat="37.79547996819019" lon="12.947960011661053">
        <ele>501.4</ele>
      </trkpt>
      <trkpt lat="37.795439986512065" lon="12.948139971122146">
        <ele>501.68</ele>
      </trkpt>
      <trkpt lat="37.79543001204729" lon="12.948180036619306">
        <ele>501.93</ele>
      </trkpt>
      <trkpt lat="37.79540000483394" lon="12.948369970545173">
        <ele>502.15</ele>
      </trkpt>
      <trkpt lat="37.79540000483394" lon="12.9485999699682">
        <ele>502.38</ele>
      </trkpt>
      <trkpt lat="37.79537997208536" lon="12.948835417628288">
        <ele>502.6</ele>
      </trkpt>
      <trkpt lat="37.79536002315581" lon="12.94907002709806">
        <ele>502.73</ele>
      </trkpt>
      <trkpt lat="37.79536002315581" lon="12.949080001562834">
        <ele>502.86</ele>
      </trkpt>
      <trkpt lat="37.79533999040723" lon="12.949219979345798">
        <ele>502.89</ele>
      </trkpt>
      <trkpt lat="37.79531987383962" lon="12.94933003373444">
        <ele>502.92</ele>
      </trkpt>
      <trkpt lat="37.79525977559388" lon="12.949515273794532">
        <ele>502.88</ele>
      </trkpt>
      <trkpt lat="37.795200012624264" lon="12.949700010940433">
        <ele>502.86</ele>
      </trkpt>
      <trkpt lat="37.795139998197556" lon="12.949849963188171">
        <ele>502.95</ele>
      </trkpt>
      <trkpt lat="37.79507000930607" lon="12.95003998093307">
        <ele>502.93</ele>
      </trkpt>
      <trkpt lat="37.7950098272413" lon="12.950230250135064">
        <ele>502.89</ele>
      </trkpt>
      <trkpt lat="37.79494998045266" lon="12.950420016422868">
        <ele>502.8</ele>
      </trkpt>
      <trkpt lat="37.79493003152311" lon="12.950529986992478">
        <ele>502.7</ele>
      </trkpt>
      <trkpt lat="37.79493003152311" lon="12.950629983097315">
        <ele>502.59</ele>
      </trkpt>
      <trkpt lat="37.79493003152311" lon="12.950699971988797">
        <ele>502.45</ele>
      </trkpt>
      <trkpt lat="37.79497998766601" lon="12.950850008055568">
        <ele>502.31</ele>
      </trkpt>
      <trkpt lat="37.79493992216885" lon="12.950910022482276">
        <ele>502.11</ele>
      </trkpt>
      <trkpt lat="37.7949199732393" lon="12.950959978625178">
        <ele>501.9</ele>
      </trkpt>
      <trkpt lat="37.794900024309754" lon="12.95102996751666">
        <ele>501.68</ele>
      </trkpt>
      <trkpt lat="37.7948700170964" lon="12.951089981943369">
        <ele>501.43</ele>
      </trkpt>
      <trkpt lat="37.794840009883046" lon="12.951159970834851">
        <ele>501.18</ele>
      </trkpt>
      <trkpt lat="37.794819977134466" lon="12.951200036332011">
        <ele>500.9</ele>
      </trkpt>
      <trkpt lat="37.79478996992111" lon="12.951229959726334">
        <ele>500.59</ele>
      </trkpt>
      <trkpt lat="37.794749988242984" lon="12.951289974153042">
        <ele>500.27</ele>
      </trkpt>
      <trkpt lat="37.794689973816276" lon="12.95137002132833">
        <ele>499.91</ele>
      </trkpt>
      <trkpt lat="37.79464999213815" lon="12.951430035755038">
        <ele>499.61</ele>
      </trkpt>
      <trkpt lat="37.79461001046002" lon="12.951440010219812">
        <ele>499.26</ele>
      </trkpt>
      <trkpt lat="37.79458997771144" lon="12.951440010219812">
        <ele>498.88</ele>
      </trkpt>
      <trkpt lat="37.794559970498085" lon="12.951440010219812">
        <ele>498.48</ele>
      </trkpt>
      <trkpt lat="37.7942899055779" lon="12.951400028541684">
        <ele>497.94</ele>
      </trkpt>
      <trkpt lat="37.7941152267158" lon="12.951375050470233">
        <ele>497.51</ele>
      </trkpt>
      <trkpt lat="37.793939961120486" lon="12.95134998857975">
        <ele>497.07</ele>
      </trkpt>
      <trkpt lat="37.79389997944236" lon="12.951340014114976">
        <ele>496.62</ele>
      </trkpt>
      <trkpt lat="37.793699987232685" lon="12.951310006901622">
        <ele>496.13</ele>
      </trkpt>
      <trkpt lat="37.79368003830314" lon="12.951310006901622">
        <ele>495.68</ele>
      </trkpt>
      <trkpt lat="37.79365003108978" lon="12.951310006901622">
        <ele>495.21</ele>
      </trkpt>
      <trkpt lat="37.79360996559262" lon="12.951310006901622">
        <ele>494.73</ele>
      </trkpt>
      <trkpt lat="37.793590016663074" lon="12.951319981366396">
        <ele>494.29</ele>
      </trkpt>
      <trkpt lat="37.79343989677727" lon="12.951470017433167">
        <ele>493.9</ele>
      </trkpt>
      <trkpt lat="37.79336001724005" lon="12.951560039073229">
        <ele>493.48</ele>
      </trkpt>
      <trkpt lat="37.79333998449147" lon="12.951570013538003">
        <ele>493.03</ele>
      </trkpt>
      <trkpt lat="37.79333001002669" lon="12.951579988002777">
        <ele>492.61</ele>
      </trkpt>
      <trkpt lat="37.793290028348565" lon="12.951589962467551">
        <ele>492.15</ele>
      </trkpt>
      <trkpt lat="37.79327997006476" lon="12.951589962467551">
        <ele>491.73</ele>
      </trkpt>
      <trkpt lat="37.79319003224373" lon="12.951630027964711">
        <ele>491.24</ele>
      </trkpt>
      <trkpt lat="37.793119959533215" lon="12.951660035178065">
        <ele>490.77</ele>
      </trkpt>
      <trkpt lat="37.79310998506844" lon="12.95167000964284">
        <ele>490.4</ele>
      </trkpt>
      <trkpt lat="37.79303999617696" lon="12.951700016856194">
        <ele>490.0</ele>
      </trkpt>
      <trkpt lat="37.792949974536896" lon="12.951790038496256">
        <ele>489.69</ele>
      </trkpt>
      <trkpt lat="37.79290001839399" lon="12.951879892498255">
        <ele>489.42</ele>
      </trkpt>
      <trkpt lat="37.79287001118064" lon="12.951949965208769">
        <ele>489.12</ele>
      </trkpt>
      <trkpt lat="37.79283002950251" lon="12.952030012384057">
        <ele>488.84</ele>
      </trkpt>
      <trkpt lat="37.79277998954058" lon="12.952090026810765">
        <ele>488.59</ele>
      </trkpt>
      <trkpt lat="37.792730033397675" lon="12.952109975740314">
        <ele>488.33</ele>
      </trkpt>
      <trkpt lat="37.79271997511387" lon="12.952130008488894">
        <ele>488.11</ele>
      </trkpt>
      <trkpt lat="37.792649986222386" lon="12.952150041237473">
        <ele>487.87</ele>
      </trkpt>
      <trkpt lat="37.79257002286613" lon="12.952159931883216">
        <ele>487.61</ele>
      </trkpt>
      <trkpt lat="37.79241998679936" lon="12.952179964631796">
        <ele>487.48</ele>
      </trkpt>
      <trkpt lat="37.79238000512123" lon="12.952179964631796">
        <ele>487.31</ele>
      </trkpt>
      <trkpt lat="37.79235997237265" lon="12.952179964631796">
        <ele>487.15</ele>
      </trkpt>
      <trkpt lat="37.792240027338266" lon="12.952159931883216">
        <ele>487.01</ele>
      </trkpt>
      <trkpt lat="37.79218001291156" lon="12.952139982953668">
        <ele>486.88</ele>
      </trkpt>
      <trkpt lat="37.79214003123343" lon="12.95212003402412">
        <ele>486.76</ele>
      </trkpt>
      <trkpt lat="37.79208001680672" lon="12.952090026810765">
        <ele>486.66</ele>
      </trkpt>
      <trkpt lat="37.79205000959337" lon="12.952060019597411">
        <ele>486.57</ele>
      </trkpt>
      <trkpt lat="37.79202000238001" lon="12.952039986848831">
        <ele>486.48</ele>
      </trkpt>
      <trkpt lat="37.79196996241808" lon="12.952009979635477">
        <ele>486.39</ele>
      </trkpt>
      <trkpt lat="37.79192000627518" lon="12.952000005170703">
        <ele>486.32</ele>
      </trkpt>
      <trkpt lat="37.7918999735266" lon="12.952000005170703">
        <ele>486.28</ele>
      </trkpt>
      <trkpt lat="37.79186996631324" lon="12.952000005170703">
        <ele>486.25</ele>
      </trkpt>
      <trkpt lat="37.791829984635115" lon="12.952009979635477">
        <ele>486.22</ele>
      </trkpt>
      <trkpt lat="37.79182001017034" lon="12.95201987028122">
        <ele>486.22</ele>
      </trkpt>
      <trkpt lat="37.79176997020841" lon="12.952060019597411">
        <ele>486.22</ele>
      </trkpt>
      <trkpt lat="37.79175002127886" lon="12.95207996852696">
        <ele>486.23</ele>
      </trkpt>
      <trkpt lat="37.791720014065504" lon="12.95212003402412">
        <ele>486.24</ele>
      </trkpt>
      <trkpt lat="37.791699981316924" lon="12.952159931883216">
        <ele>486.26</ele>
      </trkpt>
      <trkpt lat="37.791680032387376" lon="12.952209888026118">
        <ele>486.28</ele>
      </trkpt>
      <trkpt lat="37.791680032387376" lon="12.95223000459373">
        <ele>486.32</ele>
      </trkpt>
      <trkpt lat="37.791680032387376" lon="12.952239979058504">
        <ele>486.35</ele>
      </trkpt>
      <trkpt lat="37.791680032387376" lon="12.952269986271858">
        <ele>486.38</ele>
      </trkpt>
      <trkpt lat="37.79169000685215" lon="12.952299993485212">
        <ele>486.42</ele>
      </trkpt>
      <trkpt lat="37.791699981316924" lon="12.952330000698566">
        <ele>486.44</ele>
      </trkpt>
      <trkpt lat="37.79171003960073" lon="12.952349865809083">
        <ele>486.47</ele>
      </trkpt>
      <trkpt lat="37.79178002849221" lon="12.952409964054823">
        <ele>486.49</ele>
      </trkpt>
      <trkpt lat="37.79182001017034" lon="12.952450029551983">
        <ele>486.5</ele>
      </trkpt>
      <trkpt lat="37.79185999184847" lon="12.95248992741108">
        <ele>486.5</ele>
      </trkpt>
      <trkpt lat="37.79192000627518" lon="12.952569974586368">
        <ele>486.49</ele>
      </trkpt>
      <trkpt lat="37.79196996241808" lon="12.95265999622643">
        <ele>486.46</ele>
      </trkpt>
      <trkpt lat="37.79205000959337" lon="12.952899970114231">
        <ele>486.42</ele>
      </trkpt>
      <trkpt lat="37.79205998405814" lon="12.952969959005713">
        <ele>486.34</ele>
      </trkpt>
      <trkpt lat="37.79208001680672" lon="12.953059980645776">
        <ele>486.23</ele>
      </trkpt>
      <trkpt lat="37.792089991271496" lon="12.953080013394356">
        <ele>486.12</ele>
      </trkpt>
      <trkpt lat="37.79208001680672" lon="12.953099878504872">
        <ele>485.94</ele>
      </trkpt>
      <trkpt lat="37.79208001680672" lon="12.953140027821064">
        <ele>485.75</ele>
      </trkpt>
      <trkpt lat="37.792069958522916" lon="12.953159976750612">
        <ele>485.52</ele>
      </trkpt>
      <trkpt lat="37.79205000959337" lon="12.953180009499192">
        <ele>485.25</ele>
      </trkpt>
      <trkpt lat="37.792029893025756" lon="12.953189983963966">
        <ele>484.97</ele>
      </trkpt>
      <trkpt lat="37.79199996963143" lon="12.953189983963966">
        <ele>484.65</ele>
      </trkpt>
      <trkpt lat="37.791959987953305" lon="12.953180009499192">
        <ele>484.31</ele>
      </trkpt>
      <trkpt lat="37.79192998073995" lon="12.953150002285838">
        <ele>483.95</ele>
      </trkpt>
      <trkpt lat="37.79188999906182" lon="12.953099878504872">
        <ele>483.56</ele>
      </trkpt>
      <trkpt lat="37.791810035705566" lon="12.952940035611391">
        <ele>483.14</ele>
      </trkpt>
      <trkpt lat="37.79179997742176" lon="12.952920002862811">
        <ele>482.71</ele>
      </trkpt>
      <trkpt lat="37.79165002517402" lon="12.952699977904558">
        <ele>482.29</ele>
      </trkpt>
      <trkpt lat="37.79159001074731" lon="12.952650021761656">
        <ele>481.82</ele>
      </trkpt>
      <trkpt lat="37.79152002185583" lon="12.952580032870173">
        <ele>481.31</ele>
      </trkpt>
      <trkpt lat="37.79149001464248" lon="12.952569974586368">
        <ele>480.75</ele>
      </trkpt>
      <trkpt lat="37.791469898074865" lon="12.952560000121593">
        <ele>480.17</ele>
      </trkpt>
      <trkpt lat="37.79143997468054" lon="12.95255002565682">
        <ele>479.56</ele>
      </trkpt>
      <trkpt lat="37.79136998578906" lon="12.952560000121593">
        <ele>478.92</ele>
      </trkpt>
      <trkpt lat="37.79133000411093" lon="12.952569974586368">
        <ele>478.25</ele>
      </trkpt>
      <trkpt lat="37.79128993861377" lon="12.952580032870173">
        <ele>477.56</ele>
      </trkpt>
      <trkpt lat="37.791209975257516" lon="12.95263996347785">
        <ele>476.83</ele>
      </trkpt>
      <trkpt lat="37.79112481512129" lon="12.952840207144618">
        <ele>475.94</ele>
      </trkpt>
      <trkpt lat="37.7910399902612" lon="12.953040031716228">
        <ele>475.09</ele>
      </trkpt>
      <trkpt lat="37.79103001579642" lon="12.953059980645776">
        <ele>474.31</ele>
      </trkpt>
      <trkpt lat="37.7909448556602" lon="12.953260140493512">
        <ele>473.43</ele>
      </trkpt>
      <trkpt lat="37.790860030800104" lon="12.953459965065122">
        <ele>472.56</ele>
      </trkpt>
      <trkpt lat="37.79077000916004" lon="12.953640008345246">
        <ele>471.73</ele>
      </trkpt>
      <trkpt lat="37.79066481627524" lon="12.953860200941563">
        <ele>470.86</ele>
      </trkpt>
      <trkpt lat="37.79055995866656" lon="12.95407997444272">
        <ele>469.99</ele>
      </trkpt>
      <trkpt lat="37.79051000252366" lon="12.954230010509491">
        <ele>469.14</ele>
      </trkpt>
      <trkpt lat="37.79045996256173" lon="12.954369988292456">
        <ele>468.26</ele>
      </trkpt>
      <trkpt lat="37.79044998809695" lon="12.954439977183938">
        <ele>467.43</ele>
      </trkpt>
      <trkpt lat="37.79043992981315" lon="12.954490017145872">
        <ele>466.6</ele>
      </trkpt>
      <trkpt lat="37.79043992981315" lon="12.954560006037354">
        <ele>465.79</ele>
      </trkpt>
      <trkpt lat="37.79044998809695" lon="12.954669976606965">
        <ele>464.96</ele>
      </trkpt>
      <trkpt lat="37.79048996977508" lon="12.954780030995607">
        <ele>464.17</ele>
      </trkpt>
      <trkpt lat="37.79051000252366" lon="12.954869968816638">
        <ele>463.39</ele>
      </trkpt>
      <trkpt lat="37.79051000252366" lon="12.954929899424314">
        <ele>462.64</ele>
      </trkpt>
      <trkpt lat="37.79047002084553" lon="12.955029979348183">
        <ele>461.86</ele>
      </trkpt>
      <trkpt lat="37.79043992981315" lon="12.955089993774891">
        <ele>461.12</ele>
      </trkpt>
      <trkpt lat="37.79043992981315" lon="12.95511002652347">
        <ele>460.41</ele>
      </trkpt>
      <trkpt lat="37.790410006418824" lon="12.955170040950179">
        <ele>459.72</ele>
      </trkpt>
      <trkpt lat="37.790389973670244" lon="12.955240029841661">
        <ele>459.03</ele>
      </trkpt>
      <trkpt lat="37.790389973670244" lon="12.955299960449338">
        <ele>458.36</ele>
      </trkpt>
      <trkpt lat="37.790389973670244" lon="12.9553899820894">
        <ele>457.7</ele>
      </trkpt>
      <trkpt lat="37.79040003195405" lon="12.955489978194237">
        <ele>457.08</ele>
      </trkpt>
      <trkpt lat="37.79040003195405" lon="12.955529959872365">
        <ele>456.43</ele>
      </trkpt>
      <trkpt lat="37.79040003195405" lon="12.955559967085719">
        <ele>455.79</ele>
      </trkpt>
      <trkpt lat="37.790410006418824" lon="12.955600032582879">
        <ele>455.15</ele>
      </trkpt>
      <trkpt lat="37.7904199808836" lon="12.955670021474361">
        <ele>454.52</ele>
      </trkpt>
      <trkpt lat="37.7904199808836" lon="12.955759959295392">
        <ele>453.88</ele>
      </trkpt>
      <trkpt lat="37.7904199808836" lon="12.955779992043972">
        <ele>453.22</ele>
      </trkpt>
      <trkpt lat="37.7904199808836" lon="12.955830032005906">
        <ele>452.55</ele>
      </trkpt>
      <trkpt lat="37.7904199808836" lon="12.955889962613583">
        <ele>451.87</ele>
      </trkpt>
      <trkpt lat="37.79040003195405" lon="12.955979984253645">
        <ele>451.14</ele>
      </trkpt>
      <trkpt lat="37.79037999920547" lon="12.956149885430932">
        <ele>450.4</ele>
      </trkpt>
      <trkpt lat="37.790300035849214" lon="12.956520030274987">
        <ele>449.58</ele>
      </trkpt>
      <trkpt lat="37.790259970352054" lon="12.956639975309372">
        <ele>448.8</ele>
      </trkpt>
      <trkpt lat="37.790259970352054" lon="12.956660008057952">
        <ele>448.07</ele>
      </trkpt>
      <trkpt lat="37.790240021422505" lon="12.95672002248466">
        <ele>447.32</ele>
      </trkpt>
      <trkpt lat="37.7901800069958" lon="12.956839967519045">
        <ele>446.52</ele>
      </trkpt>
      <trkpt lat="37.79012996703386" lon="12.956980029121041">
        <ele>445.71</ele>
      </trkpt>
      <trkpt lat="37.79009995982051" lon="12.957039875909686">
        <ele>444.92</ele>
      </trkpt>
      <trkpt lat="37.790089985355735" lon="12.957059992477298">
        <ele>444.15</ele>
      </trkpt>
      <trkpt lat="37.79002997092903" lon="12.957169963046908">
        <ele>443.36</ele>
      </trkpt>
      <trkpt lat="37.789920000359416" lon="12.957319999113679">
        <ele>442.54</ele>
      </trkpt>
      <trkpt lat="37.789809945970774" lon="12.957465006038547">
        <ele>441.73</ele>
      </trkpt>
      <trkpt lat="37.78969997540116" lon="12.957610012963414">
        <ele>440.92</ele>
      </trkpt>
      <trkpt lat="37.78959997929633" lon="12.95773004181683">
        <ele>440.08</ele>
      </trkpt>
      <trkpt lat="37.78956997208297" lon="12.957749990746379">
        <ele>439.28</ele>
      </trkpt>
      <trkpt lat="37.789529990404844" lon="12.957789888605475">
        <ele>438.48</ele>
      </trkpt>
      <trkpt lat="37.78948003426194" lon="12.957819979637861">
        <ele>437.69</ele>
      </trkpt>
      <trkpt lat="37.78945002704859" lon="12.957819979637861">
        <ele>436.91</ele>
      </trkpt>
      <trkpt lat="37.78942999430001" lon="12.957819979637861">
        <ele>436.14</ele>
      </trkpt>
      <trkpt lat="37.789409877732396" lon="12.957819979637861">
        <ele>435.38</ele>
      </trkpt>
      <trkpt lat="37.789380038157105" lon="12.957819979637861">
        <ele>434.63</ele>
      </trkpt>
      <trkpt lat="37.789360005408525" lon="12.957810005173087">
        <ele>433.88</ele>
      </trkpt>
      <trkpt lat="37.78929001651704" lon="12.957770023494959">
        <ele>433.13</ele>
      </trkpt>
      <trkpt lat="37.78916998766363" lon="12.95771000906825">
        <ele>432.38</ele>
      </trkpt>
      <trkpt lat="37.7889901958406" lon="12.957590147852898">
        <ele>431.61</ele>
      </trkpt>
      <trkpt lat="37.78880998492241" lon="12.95747003518045">
        <ele>430.86</ele>
      </trkpt>
      <trkpt lat="37.78863522224128" lon="12.957375152036548">
        <ele>430.12</ele>
      </trkpt>
      <trkpt lat="37.788460040465" lon="12.95728001743555">
        <ele>429.39</ele>
      </trkpt>
      <trkpt lat="37.78841000050306" lon="12.957250010222197">
        <ele>428.74</ele>
      </trkpt>
      <trkpt lat="37.78831000439823" lon="12.957229893654585">
        <ele>428.09</ele>
      </trkpt>
      <trkpt lat="37.78830002993345" lon="12.957229893654585">
        <ele>427.5</ele>
      </trkpt>
      <trkpt lat="37.78823004104197" lon="12.957229893654585">
        <ele>426.89</ele>
      </trkpt>
      <trkpt lat="37.78817002661526" lon="12.957250010222197">
        <ele>426.32</ele>
      </trkpt>
      <trkpt lat="37.7880800049752" lon="12.957269959151745">
        <ele>425.77</ele>
      </trkpt>
      <trkpt lat="37.78799987398088" lon="12.957319999113679">
        <ele>425.25</ele>
      </trkpt>
      <trkpt lat="37.78797003440559" lon="12.957350006327033">
        <ele>424.78</ele>
      </trkpt>
      <trkpt lat="37.78797003440559" lon="12.957359980791807">
        <ele>424.35</ele>
      </trkpt>
      <trkpt lat="37.78795000165701" lon="12.957399962469935">
        <ele>423.95</ele>
      </trkpt>
      <trkpt lat="37.78795000165701" lon="12.957440027967095">
        <ele>423.6</ele>
      </trkpt>
      <trkpt lat="37.78795000165701" lon="12.957480009645224">
        <ele>423.25</ele>
      </trkpt>
      <trkpt lat="37.78795000165701" lon="12.957519991323352">
        <ele>422.93</ele>
      </trkpt>
      <trkpt lat="37.78795997612178" lon="12.957549998536706">
        <ele>422.65</ele>
      </trkpt>
      <trkpt lat="37.78797003440559" lon="12.957589980214834">
        <ele>422.4</ele>
      </trkpt>
      <trkpt lat="37.78799987398088" lon="12.957629961892962">
        <ele>422.18</ele>
      </trkpt>
      <trkpt lat="37.788179917261004" lon="12.957919975742698">
        <ele>422.1</ele>
      </trkpt>
      <trkpt lat="37.78823004104197" lon="12.958000022917986">
        <ele>421.89</ele>
      </trkpt>
      <trkpt lat="37.7882700227201" lon="12.958070011809468">
        <ele>421.7</ele>
      </trkpt>
      <trkpt lat="37.78830002993345" lon="12.958109993487597">
        <ele>421.54</ele>
      </trkpt>
      <trkpt lat="37.78830002993345" lon="12.958119884133339">
        <ele>421.4</ele>
      </trkpt>
      <trkpt lat="37.78831000439823" lon="12.95814000070095">
        <ele>421.29</ele>
      </trkpt>
      <trkpt lat="37.788349986076355" lon="12.958290036767721">
        <ele>421.11</ele>
      </trkpt>
      <trkpt lat="37.78855986893177" lon="12.95846002176404">
        <ele>421.07</ele>
      </trkpt>
      <trkpt lat="37.78871971182525" lon="12.958589857444167">
        <ele>420.99</ele>
      </trkpt>
      <trkpt lat="37.78887997381389" lon="12.958720028400421">
        <ele>420.89</ele>
      </trkpt>
      <trkpt lat="37.789024813100696" lon="12.958829831331968">
        <ele>420.85</ele>
      </trkpt>
      <trkpt lat="37.78916998766363" lon="12.958939969539642">
        <ele>420.81</ele>
      </trkpt>
      <trkpt lat="37.78929999098182" lon="12.959050023928285">
        <ele>420.81</ele>
      </trkpt>
      <trkpt lat="37.789360005408525" lon="12.959120012819767">
        <ele>420.86</ele>
      </trkpt>
      <trkpt lat="37.78939001262188" lon="12.95919000171125">
        <ele>420.92</ele>
      </trkpt>
      <trkpt lat="37.789409877732396" lon="12.959259990602732">
        <ele>420.99</ele>
      </trkpt>
      <trkpt lat="37.789420019835234" lon="12.959359986707568">
        <ele>421.08</ele>
      </trkpt>
      <trkpt lat="37.789420019835234" lon="12.959479931741953">
        <ele>421.21</ele>
      </trkpt>
      <trkpt lat="37.789399987086654" lon="12.959610018879175">
        <ele>421.35</ele>
      </trkpt>
      <trkpt lat="37.7893699798733" lon="12.95966986566782">
        <ele>421.49</ele>
      </trkpt>
      <trkpt lat="37.789339972659945" lon="12.959740022197366">
        <ele>421.65</ele>
      </trkpt>
      <trkpt lat="37.78929999098182" lon="12.959789978340268">
        <ele>421.8</ele>
      </trkpt>
      <trkpt lat="37.78926000930369" lon="12.959829960018396">
        <ele>421.97</ele>
      </trkpt>
      <trkpt lat="37.789250034838915" lon="12.959840018302202">
        <ele>422.14</ele>
      </trkpt>
      <trkpt lat="37.78913998045027" lon="12.959940014407039">
        <ele>422.27</ele>
      </trkpt>
      <trkpt lat="37.788969995453954" lon="12.96007001772523">
        <ele>422.4</ele>
      </trkpt>
      <trkpt lat="37.78873002156615" lon="12.960219969972968">
        <ele>422.56</ele>
      </trkpt>
      <trkpt lat="37.788540003821254" lon="12.960370006039739">
        <ele>422.73</ele>
      </trkpt>
      <trkpt lat="37.788479989394546" lon="12.960449969395995">
        <ele>422.94</ele>
      </trkpt>
      <trkpt lat="37.78844000771642" lon="12.960539991036057">
        <ele>423.14</ele>
      </trkpt>
      <trkpt lat="37.78838996775448" lon="12.960709976032376">
        <ele>423.38</ele>
      </trkpt>
      <trkpt lat="37.78834001161158" lon="12.960990015417337">
        <ele>423.64</ele>
      </trkpt>
      <trkpt lat="37.788269855082035" lon="12.961345575749874">
        <ele>423.83</ele>
      </trkpt>
      <trkpt lat="37.788200033828616" lon="12.961699962615967">
        <ele>424.01</ele>
      </trkpt>
      <trkpt lat="37.78818997554481" lon="12.961829965934157">
        <ele>424.15</ele>
      </trkpt>
      <trkpt lat="37.788179917261004" lon="12.961970027536154">
        <ele>424.29</ele>
      </trkpt>
      <trkpt lat="37.78818997554481" lon="12.96207002364099">
        <ele>424.42</ele>
      </trkpt>
      <trkpt lat="37.788200033828616" lon="12.962230034172535">
        <ele>424.46</ele>
      </trkpt>
      <trkpt lat="37.788159968331456" lon="12.962330030277371">
        <ele>424.48</ele>
      </trkpt>
      <trkpt lat="37.78814999386668" lon="12.962400019168854">
        <ele>424.48</ele>
      </trkpt>
      <trkpt lat="37.78814999386668" lon="12.962449975311756">
        <ele>424.44</ele>
      </trkpt>
      <trkpt lat="37.78814999386668" lon="12.962470008060336">
        <ele>424.39</ele>
      </trkpt>
      <trkpt lat="37.78817002661526" lon="12.962509989738464">
        <ele>424.31</ele>
      </trkpt>
      <trkpt lat="37.788240015506744" lon="12.9626099858433">
        <ele>424.19</ele>
      </trkpt>
      <trkpt lat="37.78838996775448" lon="12.96282498165965">
        <ele>424.05</ele>
      </trkpt>
      <trkpt lat="37.788540003821254" lon="12.963039977476">
        <ele>423.9</ele>
      </trkpt>
      <trkpt lat="37.78866003267467" lon="12.963269976899028">
        <ele>423.69</ele>
      </trkpt>
      <trkpt lat="37.7887000143528" lon="12.963390005752444">
        <ele>423.42</ele>
      </trkpt>
      <trkpt lat="37.78873002156615" lon="12.96349000185728">
        <ele>423.15</ele>
      </trkpt>
      <trkpt lat="37.78871996328235" lon="12.963609863072634">
        <ele>422.81</ele>
      </trkpt>
      <trkpt lat="37.78871996328235" lon="12.963669961318374">
        <ele>422.45</ele>
      </trkpt>
      <trkpt lat="37.78866003267467" lon="12.963870037347078">
        <ele>422.02</ele>
      </trkpt>
      <trkpt lat="37.788609992712736" lon="12.964129960164428">
        <ele>421.57</ele>
      </trkpt>
      <trkpt lat="37.78860001824796" lon="12.964230040088296">
        <ele>421.13</ele>
      </trkpt>
      <trkpt lat="37.78860001824796" lon="12.964400025084615">
        <ele>420.66</ele>
      </trkpt>
      <trkpt lat="37.78861996717751" lon="12.964509995654225">
        <ele>420.22</ele>
      </trkpt>
      <trkpt lat="37.78861996717751" lon="12.96456003561616">
        <ele>419.69</ele>
      </trkpt>
      <trkpt lat="37.78861996717751" lon="12.964600017294288">
        <ele>419.14</ele>
      </trkpt>
      <trkpt lat="37.788589959964156" lon="12.96464997343719">
        <ele>418.5</ele>
      </trkpt>
      <trkpt lat="37.78857998549938" lon="12.96467000618577">
        <ele>417.88</ele>
      </trkpt>
      <trkpt lat="37.78857001103461" lon="12.964689871296287">
        <ele>417.24</ele>
      </trkpt>
      <trkpt lat="37.78854997828603" lon="12.964709987863898">
        <ele>416.56</ele>
      </trkpt>
      <trkpt lat="37.78853002935648" lon="12.964719962328672">
        <ele>415.89</ele>
      </trkpt>
      <trkpt lat="37.788519971072674" lon="12.964730020612478">
        <ele>415.22</ele>
      </trkpt>
      <trkpt lat="37.788500022143126" lon="12.964739995077252">
        <ele>414.51</ele>
      </trkpt>
      <trkpt lat="37.78848996385932" lon="12.964739995077252">
        <ele>413.8</ele>
      </trkpt>
      <trkpt lat="37.78841997496784" lon="12.964760027825832">
        <ele>413.03</ele>
      </trkpt>
      <trkpt lat="37.788219982758164" lon="12.964809983968735">
        <ele>412.1</ele>
      </trkpt>
      <trkpt lat="37.788110012188554" lon="12.964829932898283">
        <ele>411.26</ele>
      </trkpt>
      <trkpt lat="37.788070030510426" lon="12.964839991182089">
        <ele>410.49</ele>
      </trkpt>
      <trkpt lat="37.78801001608372" lon="12.964849965646863">
        <ele>409.7</ele>
      </trkpt>
      <trkpt lat="37.787940027192235" lon="12.964879972860217">
        <ele>408.92</ele>
      </trkpt>
      <trkpt lat="37.7878899872303" lon="12.964900005608797">
        <ele>408.14</ele>
      </trkpt>
      <trkpt lat="37.78785000555217" lon="12.964930012822151">
        <ele>407.37</ele>
      </trkpt>
      <trkpt lat="37.7878400310874" lon="12.9649499617517">
        <ele>406.61</ele>
      </trkpt>
      <trkpt lat="37.78781999833882" lon="12.964979968965054">
        <ele>405.85</ele>
      </trkpt>
      <trkpt lat="37.787810023874044" lon="12.965000001713634">
        <ele>405.09</ele>
      </trkpt>
      <trkpt lat="37.78778001666069" lon="12.965050041675568">
        <ele>404.32</ele>
      </trkpt>
      <trkpt lat="37.787750009447336" lon="12.96512003056705">
        <ele>403.55</ele>
      </trkpt>
      <trkpt lat="37.787680020555854" lon="12.96523000113666">
        <ele>402.79</ele>
      </trkpt>
      <trkpt lat="37.78762998059392" lon="12.965290015563369">
        <ele>402.05</ele>
      </trkpt>
      <trkpt lat="37.78758002445102" lon="12.965320022776723">
        <ele>401.25</ele>
      </trkpt>
      <trkpt lat="37.78752990067005" lon="12.965350029990077">
        <ele>400.42</ele>
      </trkpt>
      <trkpt lat="37.78752001002431" lon="12.965350029990077">
        <ele>399.58</ele>
      </trkpt>
      <trkpt lat="37.787469970062375" lon="12.965360004454851">
        <ele>398.72</ele>
      </trkpt>
      <trkpt lat="37.7874100394547" lon="12.965360004454851">
        <ele>397.83</ele>
      </trkpt>
      <trkpt lat="37.78735002502799" lon="12.965350029990077">
        <ele>396.9</ele>
      </trkpt>
      <trkpt lat="37.78729001060128" lon="12.965329997241497">
        <ele>395.95</ele>
      </trkpt>
      <trkpt lat="37.787190014496446" lon="12.965280041098595">
        <ele>394.93</ele>
      </trkpt>
      <trkpt lat="37.787169981747866" lon="12.965269982814789">
        <ele>394.02</ele>
      </trkpt>
      <trkpt lat="37.78710996732116" lon="12.965239975601435">
        <ele>393.02</ele>
      </trkpt>
      <trkpt lat="37.787039978429675" lon="12.96523000113666">
        <ele>392.04</ele>
      </trkpt>
      <trkpt lat="37.786930007860065" lon="12.965239975601435">
        <ele>391.11</ele>
      </trkpt>
      <trkpt lat="37.786679891869426" lon="12.965329997241497">
        <ele>390.17</ele>
      </trkpt>
      <trkpt lat="37.78656003065407" lon="12.965369978919625">
        <ele>389.23</ele>
      </trkpt>
      <trkpt lat="37.78647000901401" lon="12.96539998613298">
        <ele>388.3</ele>
      </trkpt>
      <trkpt lat="37.78637998737395" lon="12.965450026094913">
        <ele>387.38</ele>
      </trkpt>
      <trkpt lat="37.786289965733886" lon="12.965510040521622">
        <ele>386.46</ele>
      </trkpt>
      <trkpt lat="37.7862099185586" lon="12.96557986177504">
        <ele>385.54</ele>
      </trkpt>
      <trkpt lat="37.78610003180802" lon="12.965719923377037">
        <ele>384.64</ele>
      </trkpt>
      <trkpt lat="37.786010010167956" lon="12.965869959443808">
        <ele>383.75</ele>
      </trkpt>
      <trkpt lat="37.78595997020602" lon="12.965989988297224">
        <ele>382.84</ele>
      </trkpt>
      <trkpt lat="37.78595997020602" lon="12.965999962761998">
        <ele>381.99</ele>
      </trkpt>
      <trkpt lat="37.78593993745744" lon="12.96608998440206">
        <ele>381.13</ele>
      </trkpt>
      <trkpt lat="37.785919988527894" lon="12.966200038790703">
        <ele>380.28</ele>
      </trkpt>
      <trkpt lat="37.785919988527894" lon="12.966270027682185">
        <ele>379.46</ele>
      </trkpt>
      <trkpt lat="37.78591001406312" lon="12.966400031000376">
        <ele>378.63</ele>
      </trkpt>
      <trkpt lat="37.785900039598346" lon="12.966770008206367">
        <ele>377.87</ele>
      </trkpt>
      <trkpt lat="37.785880006849766" lon="12.967049963772297">
        <ele>377.07</ele>
      </trkpt>
      <trkpt lat="37.785880006849766" lon="12.967279963195324">
        <ele>376.17</ele>
      </trkpt>
      <trkpt lat="37.78588998131454" lon="12.967360010370612">
        <ele>375.38</ele>
      </trkpt>
      <trkpt lat="37.78591001406312" lon="12.967439973726869">
        <ele>374.6</ele>
      </trkpt>
      <trkpt lat="37.78594999574125" lon="12.967529995366931">
        <ele>373.84</ele>
      </trkpt>
      <trkpt lat="37.7859800029546" lon="12.96756997704506">
        <ele>373.11</ele>
      </trkpt>
      <trkpt lat="37.786119896918535" lon="12.96769998036325">
        <ele>372.44</ele>
      </trkpt>
      <trkpt lat="37.78625995852053" lon="12.96782998368144">
        <ele>371.76</ele>
      </trkpt>
      <trkpt lat="37.78630002401769" lon="12.967869965359569">
        <ele>371.08</ele>
      </trkpt>
      <trkpt lat="37.78637998737395" lon="12.967980019748211">
        <ele>370.38</ele>
      </trkpt>
      <trkpt lat="37.78647000901401" lon="12.968089990317822">
        <ele>369.71</ele>
      </trkpt>
      <trkpt lat="37.78649993240833" lon="12.968199960887432">
        <ele>369.0</ele>
      </trkpt>
      <trkpt lat="37.78650999069214" lon="12.96828000806272">
        <ele>368.33</ele>
      </trkpt>
      <trkpt lat="37.78649993240833" lon="12.968340022489429">
        <ele>367.66</ele>
      </trkpt>
      <trkpt lat="37.786479983478785" lon="12.96841001138091">
        <ele>366.99</ele>
      </trkpt>
      <trkpt lat="37.78643002733588" lon="12.968510007485747">
        <ele>366.33</ele>
      </trkpt>
      <trkpt lat="37.78640002012253" lon="12.968540014699101">
        <ele>365.74</ele>
      </trkpt>
      <trkpt lat="37.786370012909174" lon="12.968570021912456">
        <ele>365.18</ele>
      </trkpt>
      <trkpt lat="37.786330031231046" lon="12.96860002912581">
        <ele>364.63</ele>
      </trkpt>
      <trkpt lat="37.78627999126911" lon="12.96860002912581">
        <ele>364.11</ele>
      </trkpt>
      <trkpt lat="37.78623003512621" lon="12.96860002912581">
        <ele>363.62</ele>
      </trkpt>
      <trkpt lat="37.7861700206995" lon="12.96860002912581">
        <ele>363.15</ele>
      </trkpt>
      <trkpt lat="37.78613003902137" lon="12.96857999637723">
        <ele>362.72</ele>
      </trkpt>
      <trkpt lat="37.78607999905944" lon="12.968540014699101">
        <ele>362.32</ele>
      </trkpt>
      <trkpt lat="37.78605996631086" lon="12.968510007485747">
        <ele>361.98</ele>
      </trkpt>
      <trkpt lat="37.786049991846085" lon="12.968489890918136">
        <ele>361.67</ele>
      </trkpt>
      <trkpt lat="37.785919988527894" lon="12.968250000849366">
        <ele>361.36</ele>
      </trkpt>
      <trkpt lat="37.78587003238499" lon="12.96817003749311">
        <ele>361.11</ele>
      </trkpt>
      <trkpt lat="37.78582996688783" lon="12.968080015853047">
        <ele>360.93</ele>
      </trkpt>
      <trkpt lat="37.78579995967448" lon="12.968050008639693">
        <ele>360.76</ele>
      </trkpt>
      <trkpt lat="37.7857899852097" lon="12.968019917607307">
        <ele>360.65</ele>
      </trkpt>
      <trkpt lat="37.78575997799635" lon="12.967989994212985">
        <ele>360.56</ele>
      </trkpt>
      <trkpt lat="37.785729970782995" lon="12.967969961464405">
        <ele>360.51</ele>
      </trkpt>
      <trkpt lat="37.78568998910487" lon="12.967959986999631">
        <ele>360.48</ele>
      </trkpt>
      <trkpt lat="37.785640032961965" lon="12.967950012534857">
        <ele>360.49</ele>
      </trkpt>
      <trkpt lat="37.785510029643774" lon="12.96804003417492">
        <ele>360.43</ele>
      </trkpt>
      <trkpt lat="37.78558999300003" lon="12.968240026384592">
        <ele>360.56</ele>
      </trkpt>
      <trkpt lat="37.78568001464009" lon="12.968530040234327">
        <ele>360.73</ele>
      </trkpt>
      <trkpt lat="37.78575503267348" lon="12.96874025836587">
        <ele>360.9</ele>
      </trkpt>
      <trkpt lat="37.78582996688783" lon="12.968949973583221">
        <ele>361.15</ele>
      </trkpt>
      <trkpt lat="37.785900039598346" lon="12.9691600240767">
        <ele>361.48</ele>
      </trkpt>
      <trkpt lat="37.78597011230886" lon="12.969370326027274">
        <ele>361.84</ele>
      </trkpt>
      <trkpt lat="37.78604001738131" lon="12.969580041244626">
        <ele>362.22</ele>
      </trkpt>
      <trkpt lat="37.78604001738131" lon="12.9695900157094">
        <ele>362.55</ele>
      </trkpt>
      <trkpt lat="37.78611000627279" lon="12.969780033454299">
        <ele>362.91</ele>
      </trkpt>
      <trkpt lat="37.78618502430618" lon="12.969990251585841">
        <ele>363.29</ele>
      </trkpt>
      <trkpt lat="37.78625995852053" lon="12.970199966803193">
        <ele>363.68</ele>
      </trkpt>
      <trkpt lat="37.78631997294724" lon="12.970370035618544">
        <ele>364.12</ele>
      </trkpt>
      <trkpt lat="37.78639507479966" lon="12.970575224608183">
        <ele>364.57</ele>
      </trkpt>
      <trkpt lat="37.78647000901401" lon="12.970779994502664">
        <ele>365.03</ele>
      </trkpt>
      <trkpt lat="37.78649004176259" lon="12.970840008929372">
        <ele>365.47</ele>
      </trkpt>
      <trkpt lat="37.78654997237027" lon="12.97103002667427">
        <ele>365.94</ele>
      </trkpt>
      <trkpt lat="37.78654997237027" lon="12.971040001139045">
        <ele>366.35</ele>
      </trkpt>
      <trkpt lat="37.78658987022936" lon="12.971139997243881">
        <ele>366.78</ele>
      </trkpt>
      <trkpt lat="37.78658987022936" lon="12.971230018883944">
        <ele>367.18</ele>
      </trkpt>
      <trkpt lat="37.78657997958362" lon="12.971270000562072">
        <ele>367.56</ele>
      </trkpt>
      <trkpt lat="37.78657000511885" lon="12.9713099822402">
        <ele>367.92</ele>
      </trkpt>
      <trkpt lat="37.78656003065407" lon="12.971349963918328">
        <ele>368.27</ele>
      </trkpt>
      <trkpt lat="37.78653999790549" lon="12.971379971131682">
        <ele>368.59</ele>
      </trkpt>
      <trkpt lat="37.78651996515691" lon="12.971420036628842">
        <ele>368.89</ele>
      </trkpt>
      <trkpt lat="37.78649993240833" lon="12.971449960023165">
        <ele>369.17</ele>
      </trkpt>
      <trkpt lat="37.78649004176259" lon="12.97146001830697">
        <ele>369.43</ele>
      </trkpt>
      <trkpt lat="37.78647000901401" lon="12.971499999985099">
        <ele>369.67</ele>
      </trkpt>
      <trkpt lat="37.786349980160594" lon="12.971569988876581">
        <ele>369.87</ele>
      </trkpt>
      <trkpt lat="37.786289965733886" lon="12.97160997055471">
        <ele>370.06</ele>
      </trkpt>
      <trkpt lat="37.78611025772989" lon="12.971684820950031">
        <ele>370.21</ele>
      </trkpt>
      <trkpt lat="37.78592996299267" lon="12.97176000662148">
        <ele>370.33</ele>
      </trkpt>
      <trkpt lat="37.78584999963641" lon="12.971809962764382">
        <ele>370.46</ele>
      </trkpt>
      <trkpt lat="37.7857899852097" lon="12.971839969977736">
        <ele>370.56</ele>
      </trkpt>
      <trkpt lat="37.78568998910487" lon="12.971909958869219">
        <ele>370.64</ele>
      </trkpt>
      <trkpt lat="37.78558999300003" lon="12.971969973295927">
        <ele>370.66</ele>
      </trkpt>
      <trkpt lat="37.78545998968184" lon="12.972069969400764">
        <ele>370.67</ele>
      </trkpt>
      <trkpt lat="37.78539997525513" lon="12.972129983827472">
        <ele>370.69</ele>
      </trkpt>
      <trkpt lat="37.7853100374341" lon="12.972269961610436">
        <ele>370.66</ele>
      </trkpt>
      <trkpt lat="37.78528003022075" lon="12.972350008785725">
        <ele>370.65</ele>
      </trkpt>
      <trkpt lat="37.78525999747217" lon="12.972410023212433">
        <ele>370.63</ele>
      </trkpt>
      <trkpt lat="37.78525999747217" lon="12.972479928284883">
        <ele>370.61</ele>
      </trkpt>
      <trkpt lat="37.78525999747217" lon="12.972559975460172">
        <ele>370.57</ele>
      </trkpt>
      <trkpt lat="37.78528003022075" lon="12.97264002263546">
        <ele>370.52</ele>
      </trkpt>
      <trkpt lat="37.7853100374341" lon="12.972759883850813">
        <ele>370.45</ele>
      </trkpt>
      <trkpt lat="37.78535001911223" lon="12.972840014845133">
        <ele>370.36</ele>
      </trkpt>
      <trkpt lat="37.78544004075229" lon="12.973000025376678">
        <ele>370.31</ele>
      </trkpt>
      <trkpt lat="37.78552000410855" lon="12.973130028694868">
        <ele>370.22</ele>
      </trkpt>
      <trkpt lat="37.785559901967645" lon="12.973239999264479">
        <ele>370.06</ele>
      </trkpt>
      <trkpt lat="37.785580018535256" lon="12.973360028117895">
        <ele>369.85</ele>
      </trkpt>
      <trkpt lat="37.785580018535256" lon="12.97350000590086">
        <ele>369.58</ele>
      </trkpt>
      <trkpt lat="37.785580018535256" lon="12.973690023645759">
        <ele>369.28</ele>
      </trkpt>
      <trkpt lat="37.78556996025145" lon="12.973769987002015">
        <ele>368.92</ele>
      </trkpt>
      <trkpt lat="37.785559901967645" lon="12.97382002696395">
        <ele>368.54</ele>
      </trkpt>
      <trkpt lat="37.78552997857332" lon="12.97397986985743">
        <ele>368.05</ele>
      </trkpt>
      <trkpt lat="37.785510029643774" lon="12.974029993638396">
        <ele>367.59</ele>
      </trkpt>
      <trkpt lat="37.785489996895194" lon="12.974110040813684">
        <ele>367.12</ele>
      </trkpt>
      <trkpt lat="37.78546988032758" lon="12.974169971421361">
        <ele>366.63</ele>
      </trkpt>
      <trkpt lat="37.78544004075229" lon="12.974239960312843">
        <ele>366.1</ele>
      </trkpt>
      <trkpt lat="37.78542000800371" lon="12.974280025810003">
        <ele>365.57</ele>
      </trkpt>
      <trkpt lat="37.7853100374341" lon="12.97448999248445">
        <ele>364.97</ele>
      </trkpt>
      <trkpt lat="37.78513493947685" lon="12.97474505379796">
        <ele>364.4</ele>
      </trkpt>
      <trkpt lat="37.78496000915766" lon="12.975000031292439">
        <ele>363.81</ele>
      </trkpt>
      <trkpt lat="37.78487996198237" lon="12.975040012970567">
        <ele>363.21</ele>
      </trkpt>
      <trkpt lat="37.78483000583947" lon="12.97504998743534">
        <ele>362.59</ele>
      </trkpt>
      <trkpt lat="37.78477996587753" lon="12.97507002018392">
        <ele>361.98</ele>
      </trkpt>
      <trkpt lat="37.78474995866418" lon="12.97508996911347">
        <ele>361.38</ele>
      </trkpt>
      <trkpt lat="37.78473000973463" lon="12.975119976326823">
        <ele>360.78</ele>
      </trkpt>
      <trkpt lat="37.78472003526986" lon="12.975160041823983">
        <ele>360.19</ele>
      </trkpt>
      <trkpt lat="37.78472003526986" lon="12.97519993968308">
        <ele>359.59</ele>
      </trkpt>
      <trkpt lat="37.78470989316702" lon="12.975249979645014">
        <ele>358.99</ele>
      </trkpt>
      <trkpt lat="37.78472003526986" lon="12.97539004124701">
        <ele>358.41</ele>
      </trkpt>
      <trkpt lat="37.78474995866418" lon="12.975509986281395">
        <ele>357.84</ele>
      </trkpt>
      <trkpt lat="37.78479002416134" lon="12.975749960169196">
        <ele>357.26</ele>
      </trkpt>
      <trkpt lat="37.78482003137469" lon="12.975869989022613">
        <ele>356.64</ele>
      </trkpt>
      <trkpt lat="37.78486001305282" lon="12.976199984550476">
        <ele>355.91</ele>
      </trkpt>
      <trkpt lat="37.78486001305282" lon="12.976269973441958">
        <ele>355.3</ele>
      </trkpt>
      <trkpt lat="37.78485003858805" lon="12.976310038939118">
        <ele>354.71</ele>
      </trkpt>
      <trkpt lat="37.78483998030424" lon="12.976350020617247">
        <ele>354.12</ele>
      </trkpt>
      <trkpt lat="37.78482003137469" lon="12.976399976760149">
        <ele>353.53</ele>
      </trkpt>
      <trkpt lat="37.78472003526986" lon="12.976569961756468">
        <ele>352.82</ele>
      </trkpt>
      <trkpt lat="37.78466999530792" lon="12.976699881255627">
        <ele>352.25</ele>
      </trkpt>
      <trkpt lat="37.78463998809457" lon="12.976759979501367">
        <ele>351.73</ele>
      </trkpt>
      <trkpt lat="37.784630013629794" lon="12.976799961179495">
        <ele>351.25</ele>
      </trkpt>
      <trkpt lat="37.78461987152696" lon="12.976889899000525">
        <ele>350.82</ele>
      </trkpt>
      <trkpt lat="37.78461987152696" lon="12.976949997246265">
        <ele>350.41</ele>
      </trkpt>
      <trkpt lat="37.784630013629794" lon="12.977049993351102">
        <ele>350.05</ele>
      </trkpt>
      <trkpt lat="37.78466002084315" lon="12.977159963920712">
        <ele>349.67</ele>
      </trkpt>
      <trkpt lat="37.78472003526986" lon="12.977270018309355">
        <ele>349.34</ele>
      </trkpt>
      <trkpt lat="37.784760016947985" lon="12.977330032736063">
        <ele>349.02</ele>
      </trkpt>
      <trkpt lat="37.78479002416134" lon="12.977379988878965">
        <ele>348.7</ele>
      </trkpt>
      <trkpt lat="37.78486001305282" lon="12.9774300288409">
        <ele>348.44</ele>
      </trkpt>
      <trkpt lat="37.784999907016754" lon="12.977489959448576">
        <ele>348.29</ele>
      </trkpt>
      <trkpt lat="37.78506997972727" lon="12.977549973875284">
        <ele>348.04</ele>
      </trkpt>
      <trkpt lat="37.78508992865682" lon="12.977600013837218">
        <ele>347.73</ele>
      </trkpt>
      <trkpt lat="37.78509998694062" lon="12.977639911696315">
        <ele>347.42</ele>
      </trkpt>
      <trkpt lat="37.78509998694062" lon="12.97769003547728">
        <ele>347.13</ele>
      </trkpt>
      <trkpt lat="37.78509998694062" lon="12.977739991620183">
        <ele>346.83</ele>
      </trkpt>
      <trkpt lat="37.78509998694062" lon="12.977760024368763">
        <ele>346.56</ele>
      </trkpt>
      <trkpt lat="37.78509998694062" lon="12.977790031582117">
        <ele>346.28</ele>
      </trkpt>
      <trkpt lat="37.785080038011074" lon="12.97783998772502">
        <ele>345.98</ele>
      </trkpt>
      <trkpt lat="37.785060005262494" lon="12.977879969403148">
        <ele>345.68</ele>
      </trkpt>
      <trkpt lat="37.78502999804914" lon="12.977909976616502">
        <ele>345.37</ele>
      </trkpt>
      <trkpt lat="37.78499001637101" lon="12.97794995829463">
        <ele>345.05</ele>
      </trkpt>
      <trkpt lat="37.7849300019443" lon="12.978020031005144">
        <ele>344.7</ele>
      </trkpt>
      <trkpt lat="37.784869987517595" lon="12.978139976039529">
        <ele>344.37</ele>
      </trkpt>
      <trkpt lat="37.78483998030424" lon="12.978209964931011">
        <ele>344.08</ele>
      </trkpt>
      <trkpt lat="37.78483000583947" lon="12.978280037641525">
        <ele>343.83</ele>
      </trkpt>
      <trkpt lat="37.78483000583947" lon="12.978360000997782">
        <ele>343.61</ele>
      </trkpt>
      <trkpt lat="37.78483998030424" lon="12.97855001874268">
        <ele>343.39</ele>
      </trkpt>
      <trkpt lat="37.78485003858805" lon="12.978650014847517">
        <ele>343.16</ele>
      </trkpt>
      <trkpt lat="37.78487996198237" lon="12.978719919919968">
        <ele>342.94</ele>
      </trkpt>
      <trkpt lat="37.78489999473095" lon="12.978780018165708">
        <ele>342.71</ele>
      </trkpt>
      <trkpt lat="37.7849300019443" lon="12.978819999843836">
        <ele>342.48</ele>
      </trkpt>
      <trkpt lat="37.78496000915766" lon="12.978859897702932">
        <ele>342.26</ele>
      </trkpt>
      <trkpt lat="37.78498004190624" lon="12.978889988735318">
        <ele>342.03</ele>
      </trkpt>
      <trkpt lat="37.78500996530056" lon="12.978910021483898">
        <ele>341.8</ele>
      </trkpt>
      <trkpt lat="37.785039972513914" lon="12.978919995948672">
        <ele>341.58</ele>
      </trkpt>
      <trkpt lat="37.78509998694062" lon="12.978940028697252">
        <ele>341.34</ele>
      </trkpt>
      <trkpt lat="37.78513996861875" lon="12.978950003162026">
        <ele>341.08</ele>
      </trkpt>
      <trkpt lat="37.78517986647785" lon="12.978950003162026">
        <ele>340.81</ele>
      </trkpt>
      <trkpt lat="37.78522999025881" lon="12.978950003162026">
        <ele>340.52</ele>
      </trkpt>
      <trkpt lat="37.78535001911223" lon="12.978889988735318">
        <ele>340.3</ele>
      </trkpt>
      <trkpt lat="37.785529643297195" lon="12.978815138339996">
        <ele>340.04</ele>
      </trkpt>
      <trkpt lat="37.78571002185345" lon="12.97874003648758">
        <ele>339.78</ele>
      </trkpt>
      <trkpt lat="37.78579995967448" lon="12.97869997099042">
        <ele>339.45</ele>
      </trkpt>
      <trkpt lat="37.78597002848983" lon="12.978610033169389">
        <ele>339.09</ele>
      </trkpt>
      <trkpt lat="37.78601998463273" lon="12.978569967672229">
        <ele>338.69</ele>
      </trkpt>
      <trkpt lat="37.78611000627279" lon="12.978499978780746">
        <ele>338.15</ele>
      </trkpt>
      <trkpt lat="37.7862099185586" lon="12.978380033746362">
        <ele>337.63</ele>
      </trkpt>
      <trkpt lat="37.786330031231046" lon="12.978229997679591">
        <ele>337.14</ele>
      </trkpt>
      <trkpt lat="37.78640002012253" lon="12.978180041536689">
        <ele>336.58</ele>
      </trkpt>
      <trkpt lat="37.786460034549236" lon="12.978139976039529">
        <ele>336.01</ele>
      </trkpt>
      <trkpt lat="37.78657000511885" lon="12.97812002710998">
        <ele>335.41</ele>
      </trkpt>
      <trkpt lat="37.78666002675891" lon="12.97812002710998">
        <ele>334.79</ele>
      </trkpt>
      <trkpt lat="37.78673001565039" lon="12.978139976039529">
        <ele>334.11</ele>
      </trkpt>
      <trkpt lat="37.78676999732852" lon="12.978160008788109">
        <ele>333.45</ele>
      </trkpt>
      <trkpt lat="37.78683001175523" lon="12.978229997679591">
        <ele>332.77</ele>
      </trkpt>
      <trkpt lat="37.78686001896858" lon="12.97826997935772">
        <ele>332.09</ele>
      </trkpt>
      <trkpt lat="37.786869993433356" lon="12.978309961035848">
        <ele>331.38</ele>
      </trkpt>
      <trkpt lat="37.7868798840791" lon="12.978369975462556">
        <ele>330.66</ele>
      </trkpt>
      <trkpt lat="37.7868798840791" lon="12.978389924392104">
        <ele>329.93</ele>
      </trkpt>
      <trkpt lat="37.7868798840791" lon="12.97839998267591">
        <ele>329.19</ele>
      </trkpt>
      <trkpt lat="37.786869993433356" lon="12.978439964354038">
        <ele>328.43</ele>
      </trkpt>
      <trkpt lat="37.786747282370925" lon="12.97879041172564">
        <ele>327.58</ele>
      </trkpt>
      <trkpt lat="37.786624571308494" lon="12.979140942916274">
        <ele>326.88</ele>
      </trkpt>
      <trkpt lat="37.786501944065094" lon="12.979491390287876">
        <ele>326.08</ele>
      </trkpt>
      <trkpt lat="37.78637998737395" lon="12.97983999364078">
        <ele>325.28</ele>
      </trkpt>
      <trkpt lat="37.78625979088247" lon="12.980130342766643">
        <ele>324.41</ele>
      </trkpt>
      <trkpt lat="37.78614001348615" lon="12.980420021340251">
        <ele>323.55</ele>
      </trkpt>
      <trkpt lat="37.78613003902137" lon="12.980450028553605">
        <ele>322.82</ele>
      </trkpt>
      <trkpt lat="37.786049991846085" lon="12.980659995228052">
        <ele>322.04</ele>
      </trkpt>
      <trkpt lat="37.78597002848983" lon="12.980859987437725">
        <ele>321.32</ele>
      </trkpt>
      <trkpt lat="37.785880006849766" lon="12.981099961325526">
        <ele>320.62</ele>
      </trkpt>
      <trkpt lat="37.78587003238499" lon="12.981219990178943">
        <ele>319.98</ele>
      </trkpt>
      <trkpt lat="37.78588998131454" lon="12.98134001903236">
        <ele>319.34</ele>
      </trkpt>
      <trkpt lat="37.785919988527894" lon="12.981459964066744">
        <ele>318.75</ele>
      </trkpt>
      <trkpt lat="37.78592996299267" lon="12.981510004028678">
        <ele>318.19</ele>
      </trkpt>
      <trkpt lat="37.785989977419376" lon="12.981769926846027">
        <ele>317.6</ele>
      </trkpt>
      <trkpt lat="37.78608997352421" lon="12.98213998787105">
        <ele>316.99</ele>
      </trkpt>
      <trkpt lat="37.78608997352421" lon="12.98216002061963">
        <ele>316.53</ele>
      </trkpt>
      <trkpt lat="37.786159962415695" lon="12.982369987294078">
        <ele>316.1</ele>
      </trkpt>
      <trkpt lat="37.7861700206995" lon="12.982409968972206">
        <ele>315.74</ele>
      </trkpt>
      <trkpt lat="37.7862099185586" lon="12.982560005038977">
        <ele>315.45</ele>
      </trkpt>
      <trkpt lat="37.7862099185586" lon="12.982580037787557">
        <ele>315.15</ele>
      </trkpt>
      <trkpt lat="37.78623003512621" lon="12.982690008357167">
        <ele>314.92</ele>
      </trkpt>
      <trkpt lat="37.78623003512621" lon="12.982750022783875">
        <ele>314.71</ele>
      </trkpt>
      <trkpt lat="37.7862099185586" lon="12.982880026102066">
        <ele>314.54</ele>
      </trkpt>
      <trkpt lat="37.7861700206995" lon="12.98291003331542">
        <ele>314.37</ele>
      </trkpt>
      <trkpt lat="37.78614001348615" lon="12.982940040528774">
        <ele>314.25</ele>
      </trkpt>
      <trkpt lat="37.78611000627279" lon="12.982950014993548">
        <ele>314.15</ele>
      </trkpt>
      <trkpt lat="37.78605996631086" lon="12.982940040528774">
        <ele>314.07</ele>
      </trkpt>
      <trkpt lat="37.78601998463273" lon="12.982929982244968">
        <ele>314.02</ele>
      </trkpt>
      <trkpt lat="37.78597002848983" lon="12.98291003331542">
        <ele>314.0</ele>
      </trkpt>
      <trkpt lat="37.78587003238499" lon="12.982839960604906">
        <ele>313.98</ele>
      </trkpt>
      <trkpt lat="37.78562997467816" lon="12.982699982821941">
        <ele>314.04</ele>
      </trkpt>
      <trkpt lat="37.78545998968184" lon="12.982609961181879">
        <ele>314.16</ele>
      </trkpt>
      <trkpt lat="37.78539997525513" lon="12.982580037787557">
        <ele>314.28</ele>
      </trkpt>
      <trkpt lat="37.78525002300739" lon="12.98248004168272">
        <ele>314.42</ele>
      </trkpt>
      <trkpt lat="37.78510023839772" lon="12.982405107468367">
        <ele>314.59</ele>
      </trkpt>
      <trkpt lat="37.78495003469288" lon="12.98233000561595">
        <ele>314.74</ele>
      </trkpt>
      <trkpt lat="37.784760016947985" lon="12.982249958440661">
        <ele>314.9</ele>
      </trkpt>
      <trkpt lat="37.78470000252128" lon="12.982239900156856">
        <ele>315.12</ele>
      </trkpt>
      <trkpt lat="37.78457997366786" lon="12.982220035046339">
        <ele>315.39</ele>
      </trkpt>
      <trkpt lat="37.784529933705926" lon="12.982220035046339">
        <ele>315.67</ele>
      </trkpt>
      <trkpt lat="37.78436003252864" lon="12.982200002297759">
        <ele>315.96</ele>
      </trkpt>
      <trkpt lat="37.78434997424483" lon="12.982189860194921">
        <ele>316.24</ele>
      </trkpt>
      <trkpt lat="37.784160040318966" lon="12.982169995084405">
        <ele>316.57</ele>
      </trkpt>
      <trkpt lat="37.78410002589226" lon="12.98216002061963">
        <ele>316.9</ele>
      </trkpt>
      <trkpt lat="37.784070018678904" lon="12.98213998787105">
        <ele>317.23</ele>
      </trkpt>
      <trkpt lat="37.783989971503615" lon="12.982090031728148">
        <ele>317.54</ele>
      </trkpt>
      <trkpt lat="37.78378000482917" lon="12.981960028409958">
        <ele>317.87</ele>
      </trkpt>
      <trkpt lat="37.78358990326524" lon="12.98187998123467">
        <ele>318.31</ele>
      </trkpt>
      <trkpt lat="37.78342519886792" lon="12.981830025091767">
        <ele>318.79</ele>
      </trkpt>
      <trkpt lat="37.783259991556406" lon="12.981779985129833">
        <ele>319.23</ele>
      </trkpt>
      <trkpt lat="37.783150020986795" lon="12.981769926846027">
        <ele>319.7</ele>
      </trkpt>
      <trkpt lat="37.78296997770667" lon="12.981740003451705">
        <ele>320.09</ele>
      </trkpt>
      <trkpt lat="37.78292002156377" lon="12.981740003451705">
        <ele>320.51</ele>
      </trkpt>
      <trkpt lat="37.78288003988564" lon="12.98173002898693">
        <ele>320.93</ele>
      </trkpt>
      <trkpt lat="37.78282002545893" lon="12.981740003451705">
        <ele>321.39</ele>
      </trkpt>
      <trkpt lat="37.78277995996177" lon="12.981760036200285">
        <ele>321.85</ele>
      </trkpt>
      <trkpt lat="37.78273000381887" lon="12.981789959594607">
        <ele>322.3</ele>
      </trkpt>
      <trkpt lat="37.782699996605515" lon="12.981819966807961">
        <ele>322.76</ele>
      </trkpt>
      <trkpt lat="37.78264987282455" lon="12.981890039518476">
        <ele>323.23</ele>
      </trkpt>
      <trkpt lat="37.78264987282455" lon="12.982039991766214">
        <ele>323.72</ele>
      </trkpt>
      <trkpt lat="37.782679963856936" lon="12.982179969549179">
        <ele>324.19</ele>
      </trkpt>
      <trkpt lat="37.78270997107029" lon="12.982320031151175">
        <ele>324.65</ele>
      </trkpt>
      <trkpt lat="37.78276504017413" lon="12.982520274817944">
        <ele>325.1</ele>
      </trkpt>
      <trkpt lat="37.78282002545893" lon="12.982720015570521">
        <ele>325.55</ele>
      </trkpt>
      <trkpt lat="37.782829999923706" lon="12.982820011675358">
        <ele>325.97</ele>
      </trkpt>
      <trkpt lat="37.78286000713706" lon="12.98302000388503">
        <ele>326.38</ele>
      </trkpt>
      <trkpt lat="37.78283997438848" lon="12.983080018311739">
        <ele>326.74</ele>
      </trkpt>
      <trkpt lat="37.782829999923706" lon="12.98312989063561">
        <ele>327.1</ele>
      </trkpt>
      <trkpt lat="37.78277995996177" lon="12.983250003308058">
        <ele>327.48</ele>
      </trkpt>
      <trkpt lat="37.78273000381887" lon="12.983269868418574">
        <ele>327.82</ele>
      </trkpt>
      <trkpt lat="37.782699996605515" lon="12.983289984986186">
        <ele>328.14</ele>
      </trkpt>
      <trkpt lat="37.78266001492739" lon="12.98329995945096">
        <ele>328.45</ele>
      </trkpt>
      <trkpt lat="37.78260997496545" lon="12.983310017734766">
        <ele>328.73</ele>
      </trkpt>
      <trkpt lat="37.78250997886062" lon="12.983310017734766">
        <ele>329.01</ele>
      </trkpt>
      <trkpt lat="37.782439989969134" lon="12.98329995945096">
        <ele>329.27</ele>
      </trkpt>
      <trkpt lat="37.78236002661288" lon="12.983280010521412">
        <ele>329.52</ele>
      </trkpt>
      <trkpt lat="37.78223002329469" lon="12.983199963346124">
        <ele>329.72</ele>
      </trkpt>
      <trkpt lat="37.782040257006884" lon="12.983100051060319">
        <ele>329.87</ele>
      </trkpt>
      <trkpt lat="37.78184998780489" lon="12.98299997113645">
        <ele>330.05</ele>
      </trkpt>
      <trkpt lat="37.78178997337818" lon="12.982969963923097">
        <ele>330.24</ele>
      </trkpt>
      <trkpt lat="37.781580006703734" lon="12.98286996781826">
        <ele>330.42</ele>
      </trkpt>
      <trkpt lat="37.781499959528446" lon="12.982859993353486">
        <ele>330.61</ele>
      </trkpt>
      <trkpt lat="37.78135998174548" lon="12.982829986140132">
        <ele>330.75</ele>
      </trkpt>
      <trkpt lat="37.78118999674916" lon="12.982810037210584">
        <ele>330.88</ele>
      </trkpt>
      <trkpt lat="37.781149931252" lon="12.982820011675358">
        <ele>331.02</ele>
      </trkpt>
      <trkpt lat="37.78096997179091" lon="12.982829986140132">
        <ele>331.13</ele>
      </trkpt>
      <trkpt lat="37.78091004118323" lon="12.98284993506968">
        <ele>331.26</ele>
      </trkpt>
      <trkpt lat="37.78086997568607" lon="12.982859993353486">
        <ele>331.38</ele>
      </trkpt>
      <trkpt lat="37.780769895762205" lon="12.982950014993548">
        <ele>331.56</ele>
      </trkpt>
      <trkpt lat="37.78069001622498" lon="12.98304003663361">
        <ele>331.71</ele>
      </trkpt>
      <trkpt lat="37.78059999458492" lon="12.983099967241287">
        <ele>331.79</ele>
      </trkpt>
      <trkpt lat="37.78053998015821" lon="12.983150007203221">
        <ele>331.87</ele>
      </trkpt>
      <trkpt lat="37.78049002401531" lon="12.983170039951801">
        <ele>331.93</ele>
      </trkpt>
      <trkpt lat="37.78040997684002" lon="12.983180014416575">
        <ele>331.96</ele>
      </trkpt>
      <trkpt lat="37.78033001348376" lon="12.98318998888135">
        <ele>331.98</ele>
      </trkpt>
      <trkpt lat="37.780209900811315" lon="12.983170039951801">
        <ele>331.97</ele>
      </trkpt>
      <trkpt lat="37.78013002127409" lon="12.983170039951801">
        <ele>331.98</ele>
      </trkpt>
      <trkpt lat="37.7800499740988" lon="12.983180014416575">
        <ele>331.98</ele>
      </trkpt>
      <trkpt lat="37.78002994135022" lon="12.983199963346124">
        <ele>332.0</ele>
      </trkpt>
      <trkpt lat="37.77998995967209" lon="12.983240028843284">
        <ele>332.02</ele>
      </trkpt>
      <trkpt lat="37.77996003627777" lon="12.983289984986186">
        <ele>332.06</ele>
      </trkpt>
      <trkpt lat="37.77994000352919" lon="12.983349999412894">
        <ele>332.12</ele>
      </trkpt>
      <trkpt lat="37.77991997078061" lon="12.98342996276915">
        <ele>332.18</ele>
      </trkpt>
      <trkpt lat="37.77988996356726" lon="12.983510009944439">
        <ele>332.26</ele>
      </trkpt>
      <trkpt lat="37.77988996356726" lon="12.983519984409213">
        <ele>332.32</ele>
      </trkpt>
      <trkpt lat="37.77987998910248" lon="12.983570024371147">
        <ele>332.41</ele>
      </trkpt>
      <trkpt lat="37.779860040172935" lon="12.98361998051405">
        <ele>332.49</ele>
      </trkpt>
      <trkpt lat="37.779810000211" lon="12.983719976618886">
        <ele>332.57</ele>
      </trkpt>
      <trkpt lat="37.77974998578429" lon="12.983789965510368">
        <ele>332.67</ele>
      </trkpt>
      <trkpt lat="37.779689971357584" lon="12.983830031007528">
        <ele>332.76</ele>
      </trkpt>
      <trkpt lat="37.77965996414423" lon="12.983849979937077">
        <ele>332.87</ele>
      </trkpt>
      <trkpt lat="37.77952996082604" lon="12.983930027112365">
        <ele>332.97</ele>
      </trkpt>
      <trkpt lat="37.77940004132688" lon="12.984019881114364">
        <ele>333.12</ele>
      </trkpt>
      <trkpt lat="37.779329968616366" lon="12.984069921076298">
        <ele>333.28</ele>
      </trkpt>
      <trkpt lat="37.779240030795336" lon="12.984130019322038">
        <ele>333.43</ele>
      </trkpt>
      <trkpt lat="37.77915000915527" lon="12.98420000821352">
        <ele>333.66</ele>
      </trkpt>
      <trkpt lat="37.77912997640669" lon="12.984239989891648">
        <ele>333.87</ele>
      </trkpt>
      <trkpt lat="37.779110027477145" lon="12.984279971569777">
        <ele>334.09</ele>
      </trkpt>
      <trkpt lat="37.779110027477145" lon="12.984320037066936">
        <ele>334.35</ele>
      </trkpt>
      <trkpt lat="37.779110027477145" lon="12.984360018745065">
        <ele>334.63</ele>
      </trkpt>
      <trkpt lat="37.77909996919334" lon="12.984409974887967">
        <ele>334.92</ele>
      </trkpt>
      <trkpt lat="37.779110027477145" lon="12.98447996377945">
        <ele>335.24</ele>
      </trkpt>
      <trkpt lat="37.77912000194192" lon="12.984550036489964">
        <ele>335.57</ele>
      </trkpt>
      <trkpt lat="37.77912997640669" lon="12.984579959884286">
        <ele>335.92</ele>
      </trkpt>
      <trkpt lat="37.7791899908334" lon="12.984839966520667">
        <ele>336.38</ele>
      </trkpt>
      <trkpt lat="37.779240030795336" lon="12.98505999147892">
        <ele>336.83</ele>
      </trkpt>
      <trkpt lat="37.77928998693824" lon="12.985280016437173">
        <ele>337.26</ele>
      </trkpt>
      <trkpt lat="37.77929996140301" lon="12.98535997979343">
        <ele>337.66</ele>
      </trkpt>
      <trkpt lat="37.77928998693824" lon="12.985459975898266">
        <ele>338.07</ele>
      </trkpt>
      <trkpt lat="37.779280012473464" lon="12.985519990324974">
        <ele>338.48</ele>
      </trkpt>
      <trkpt lat="37.77926987037063" lon="12.985559972003102">
        <ele>338.91</ele>
      </trkpt>
      <trkpt lat="37.77922997251153" lon="12.985610011965036">
        <ele>339.33</ele>
      </trkpt>
      <trkpt lat="37.779199965298176" lon="12.985649993643165">
        <ele>339.79</ele>
      </trkpt>
      <trkpt lat="37.77905001305044" lon="12.985779996961355">
        <ele>340.32</ele>
      </trkpt>
      <trkpt lat="37.77892998419702" lon="12.985900025814772">
        <ele>340.87</ele>
      </trkpt>
      <trkpt lat="37.77891003526747" lon="12.98591997474432">
        <ele>341.4</ele>
      </trkpt>
      <trkpt lat="37.7787599992007" lon="12.98604997806251">
        <ele>341.96</ele>
      </trkpt>
      <trkpt lat="37.77872999198735" lon="12.986079985275865">
        <ele>342.51</ele>
      </trkpt>
      <trkpt lat="37.778639970347285" lon="12.986160032451153">
        <ele>343.08</ele>
      </trkpt>
      <trkpt lat="37.7785699814558" lon="12.986279977485538">
        <ele>343.66</ele>
      </trkpt>
      <trkpt lat="37.778550032526255" lon="12.98634996637702">
        <ele>344.29</ele>
      </trkpt>
      <trkpt lat="37.778529999777675" lon="12.98645993694663">
        <ele>344.95</ele>
      </trkpt>
      <trkpt lat="37.778509967029095" lon="12.986590024083853">
        <ele>345.64</ele>
      </trkpt>
      <trkpt lat="37.778509967029095" lon="12.986709969118237">
        <ele>346.4</ele>
      </trkpt>
      <trkpt lat="37.778509967029095" lon="12.986899986863136">
        <ele>347.17</ele>
      </trkpt>
      <trkpt lat="37.778529999777675" lon="12.987020015716553">
        <ele>347.97</ele>
      </trkpt>
      <trkpt lat="37.77858003973961" lon="12.987280022352934">
        <ele>348.84</ele>
      </trkpt>
      <trkpt lat="37.778705013915896" lon="12.98748504370451">
        <ele>349.71</ele>
      </trkpt>
      <trkpt lat="37.778829988092184" lon="12.987689981237054">
        <ele>350.5</ele>
      </trkpt>
      <trkpt lat="37.77886996977031" lon="12.987719988450408">
        <ele>351.3</ele>
      </trkpt>
      <trkpt lat="37.778939958661795" lon="12.987770028412342">
        <ele>352.12</ele>
      </trkpt>
      <trkpt lat="37.77909477241337" lon="12.987894834950566">
        <ele>352.95</ele>
      </trkpt>
      <trkpt lat="37.77925000526011" lon="12.988019976764917">
        <ele>353.79</ele>
      </trkpt>
      <trkpt lat="37.779394844546914" lon="12.98811980523169">
        <ele>354.7</ele>
      </trkpt>
      <trkpt lat="37.779540019109845" lon="12.98821996897459">
        <ele>355.63</ele>
      </trkpt>
      <trkpt lat="37.77968477457762" lon="12.988319797441363">
        <ele>356.58</ele>
      </trkpt>
      <trkpt lat="37.77982986532152" lon="12.988419961184263">
        <ele>357.54</ele>
      </trkpt>
      <trkpt lat="37.78004712425172" lon="12.988577289506793">
        <ele>358.5</ele>
      </trkpt>
      <trkpt lat="37.78026438318193" lon="12.988734617829323">
        <ele>359.5</ele>
      </trkpt>
      <trkpt lat="37.78048172593117" lon="12.988891946151853">
        <ele>360.5</ele>
      </trkpt>
      <trkpt lat="37.780699990689754" lon="12.989050028845668">
        <ele>361.53</ele>
      </trkpt>
      <trkpt lat="37.78084977529943" lon="12.989159831777215">
        <ele>362.61</ele>
      </trkpt>
      <trkpt lat="37.780999979004264" lon="12.989269969984889">
        <ele>363.67</ele>
      </trkpt>
      <trkpt lat="37.78122469782829" lon="12.989419754594564">
        <ele>364.72</ele>
      </trkpt>
      <trkpt lat="37.781450003385544" lon="12.989569958299398">
        <ele>365.77</ele>
      </trkpt>
      <trkpt lat="37.78164002113044" lon="12.989719994366169">
        <ele>366.8</ele>
      </trkpt>
      <trkpt lat="37.78177999891341" lon="12.98982996493578">
        <ele>367.85</ele>
      </trkpt>
      <trkpt lat="37.781954761594534" lon="12.989954771474004">
        <ele>368.96</ele>
      </trkpt>
      <trkpt lat="37.78213002718985" lon="12.990079997107387">
        <ele>370.09</ele>
      </trkpt>
      <trkpt lat="37.78223999775946" lon="12.990149985998869">
        <ele>371.2</ele>
      </trkpt>
      <trkpt lat="37.7823399938643" lon="12.990210000425577">
        <ele>372.29</ele>
      </trkpt>
      <trkpt lat="37.78253998607397" lon="12.990340003743768">
        <ele>373.4</ele>
      </trkpt>
      <trkpt lat="37.782769985497" lon="12.990500014275312">
        <ele>374.44</ele>
      </trkpt>
      <trkpt lat="37.78286000713706" lon="12.99053999595344">
        <ele>375.48</ele>
      </trkpt>
      <trkpt lat="37.783049773424864" lon="12.990674776956439">
        <ele>376.55</ele>
      </trkpt>
      <trkpt lat="37.783239958807826" lon="12.990809977054596">
        <ele>377.64</ele>
      </trkpt>
      <trkpt lat="37.78348001651466" lon="12.990960013121367">
        <ele>378.74</ele>
      </trkpt>
      <trkpt lat="37.78371999040246" lon="12.991079958155751">
        <ele>379.82</ele>
      </trkpt>
      <trkpt lat="37.78384001925588" lon="12.991150030866265">
        <ele>380.83</ele>
      </trkpt>
      <trkpt lat="37.784010004252195" lon="12.991229994222522">
        <ele>381.84</ele>
      </trkpt>
      <trkpt lat="37.784160040318966" lon="12.991320015862584">
        <ele>382.81</ele>
      </trkpt>
      <trkpt lat="37.78421997092664" lon="12.991359997540712">
        <ele>383.72</ele>
      </trkpt>
      <trkpt lat="37.78447000309825" lon="12.991540040820837">
        <ele>384.64</ele>
      </trkpt>
      <trkpt lat="37.78459992259741" lon="12.99165990203619">
        <ele>385.5</ele>
      </trkpt>
      <trkpt lat="37.78473000973463" lon="12.991780014708638">
        <ele>386.33</ele>
      </trkpt>
      <trkpt lat="37.78485003858805" lon="12.991899959743023">
        <ele>387.09</ele>
      </trkpt>
      <trkpt lat="37.78495003469288" lon="12.99201998859644">
        <ele>387.79</ele>
      </trkpt>
      <trkpt lat="37.78507995419204" lon="12.992174969986081">
        <ele>388.44</ele>
      </trkpt>
      <trkpt lat="37.785210041329265" lon="12.992330035194755">
        <ele>389.06</ele>
      </trkpt>
      <trkpt lat="37.785356640815735" lon="12.99252332188189">
        <ele>389.67</ele>
      </trkpt>
      <trkpt lat="37.785503240302205" lon="12.992716692388058">
        <ele>390.21</ele>
      </trkpt>
      <trkpt lat="37.78564992360771" lon="12.992909979075193">
        <ele>390.68</ele>
      </trkpt>
      <trkpt lat="37.785770036280155" lon="12.993069989606738">
        <ele>391.09</ele>
      </trkpt>
      <trkpt lat="37.78584002517164" lon="12.9931600112468">
        <ele>391.45</ele>
      </trkpt>
      <trkpt lat="37.78605502098799" lon="12.993444995954633">
        <ele>391.82</ele>
      </trkpt>
      <trkpt lat="37.78627001680434" lon="12.993729980662465">
        <ele>392.11</ele>
      </trkpt>
      <trkpt lat="37.7863600384444" lon="12.99386995844543">
        <ele>392.33</ele>
      </trkpt>
      <trkpt lat="37.786419969052076" lon="12.993959980085492">
        <ele>392.5</ele>
      </trkpt>
      <trkpt lat="37.78643002733588" lon="12.993980012834072">
        <ele>392.63</ele>
      </trkpt>
      <trkpt lat="37.78651996515691" lon="12.994149997830391">
        <ele>392.7</ele>
      </trkpt>
      <trkpt lat="37.78653002344072" lon="12.994170030578971">
        <ele>392.74</ele>
      </trkpt>
      <trkpt lat="37.7866000123322" lon="12.994310008361936">
        <ele>392.72</ele>
      </trkpt>
      <trkpt lat="37.78672004118562" lon="12.994589963927865">
        <ele>392.58</ele>
      </trkpt>
      <trkpt lat="37.7867900300771" lon="12.994739999994636">
        <ele>392.49</ele>
      </trkpt>
      <trkpt lat="37.78680997900665" lon="12.99479003995657">
        <ele>392.39</ele>
      </trkpt>
      <trkpt lat="37.786909975111485" lon="12.994979973882437">
        <ele>392.28</ele>
      </trkpt>
      <trkpt lat="37.78696990571916" lon="12.995130009949207">
        <ele>392.13</ele>
      </trkpt>
      <trkpt lat="37.7870300039649" lon="12.995290020480752">
        <ele>391.94</ele>
      </trkpt>
      <trkpt lat="37.787039978429675" lon="12.995339976623654">
        <ele>391.74</ele>
      </trkpt>
      <trkpt lat="37.78706998564303" lon="12.995429998263717">
        <ele>391.52</ele>
      </trkpt>
      <trkpt lat="37.7870799601078" lon="12.995529994368553">
        <ele>391.27</ele>
      </trkpt>
      <trkpt lat="37.78709001839161" lon="12.995560001581907">
        <ele>391.04</ele>
      </trkpt>
      <trkpt lat="37.78709999285638" lon="12.99565002322197">
        <ele>390.78</ele>
      </trkpt>
      <trkpt lat="37.78712002560496" lon="12.995929978787899">
        <ele>390.46</ele>
      </trkpt>
      <trkpt lat="37.78713997453451" lon="12.996180010959506">
        <ele>390.21</ele>
      </trkpt>
      <trkpt lat="37.787169981747866" lon="12.996459966525435">
        <ele>389.94</ele>
      </trkpt>
      <trkpt lat="37.78723997063935" lon="12.996610002592206">
        <ele>389.72</ele>
      </trkpt>
      <trkpt lat="37.787299985066056" lon="12.996719973161817">
        <ele>389.49</ele>
      </trkpt>
      <trkpt lat="37.787380032241344" lon="12.996860034763813">
        <ele>389.26</ele>
      </trkpt>
      <trkpt lat="37.7874599955976" lon="12.996979979798198">
        <ele>389.03</ele>
      </trkpt>
      <trkpt lat="37.78755001723766" lon="12.997109983116388">
        <ele>388.82</ele>
      </trkpt>
      <trkpt lat="37.7876500133425" lon="12.997269993647933">
        <ele>388.58</ele>
      </trkpt>
      <trkpt lat="37.787750009447336" lon="12.997409971430898">
        <ele>388.37</ele>
      </trkpt>
      <trkpt lat="37.7878400310874" lon="12.99752002581954">
        <ele>388.19</ele>
      </trkpt>
      <trkpt lat="37.78785998001695" lon="12.997539974749088">
        <ele>388.02</ele>
      </trkpt>
      <trkpt lat="37.78798998333514" lon="12.997669978067279">
        <ele>387.9</ele>
      </trkpt>
      <trkpt lat="37.7881299611181" lon="12.997750025242567">
        <ele>387.8</ele>
      </trkpt>
      <trkpt lat="37.788240015506744" lon="12.997790006920695">
        <ele>387.67</ele>
      </trkpt>
      <trkpt lat="37.788349986076355" lon="12.997829988598824">
        <ele>387.56</ele>
      </trkpt>
      <trkpt lat="37.788460040465" lon="12.997859995812178">
        <ele>387.48</ele>
      </trkpt>
      <trkpt lat="37.788540003821254" lon="12.997880028560758">
        <ele>387.4</ele>
      </trkpt>
      <trkpt lat="37.788670007139444" lon="12.997909868136048">
        <ele>387.36</ele>
      </trkpt>
      <trkpt lat="37.788690039888024" lon="12.997909868136048">
        <ele>387.28</ele>
      </trkpt>
      <trkpt lat="37.7887499704957" lon="12.99792998470366">
        <ele>387.23</ele>
      </trkpt>
      <trkpt lat="37.78881995938718" lon="12.997959991917014">
        <ele>387.19</ele>
      </trkpt>
      <trkpt lat="37.78892003931105" lon="12.997999973595142">
        <ele>387.17</ele>
      </trkpt>
      <trkpt lat="37.788969995453954" lon="12.998029980808496">
        <ele>387.14</ele>
      </trkpt>
      <trkpt lat="37.789039984345436" lon="12.99808002077043">
        <ele>387.12</ele>
      </trkpt>
      <trkpt lat="37.789099998772144" lon="12.998159984126687">
        <ele>387.1</ele>
      </trkpt>
      <trkpt lat="37.78916001319885" lon="12.99825000576675">
        <ele>387.07</ele>
      </trkpt>
      <trkpt lat="37.78923997655511" lon="12.99840004183352">
        <ele>387.02</ele>
      </trkpt>
      <trkpt lat="37.789250034838915" lon="12.998419990763068">
        <ele>387.04</ele>
      </trkpt>
      <trkpt lat="37.78932999819517" lon="12.998610008507967">
        <ele>387.04</ele>
      </trkpt>
      <trkpt lat="37.789399987086654" lon="12.998779993504286">
        <ele>387.07</ele>
      </trkpt>
      <trkpt lat="37.789409877732396" lon="12.99881000071764">
        <ele>387.16</ele>
      </trkpt>
      <trkpt lat="37.78949989937246" lon="12.99910998903215">
        <ele>387.25</ele>
      </trkpt>
      <trkpt lat="37.789529990404844" lon="12.999230017885566">
        <ele>387.39</ele>
      </trkpt>
      <trkpt lat="37.78958992101252" lon="12.999439984560013">
        <ele>387.58</ele>
      </trkpt>
      <trkpt lat="37.78958992101252" lon="12.999449959024787">
        <ele>387.76</ele>
      </trkpt>
      <trkpt lat="37.78965001925826" lon="12.999650035053492">
        <ele>388.0</ele>
      </trkpt>
      <trkpt lat="37.78971003368497" lon="12.999899983406067">
        <ele>388.25</ele>
      </trkpt>
      <trkpt lat="37.78975998982787" lon="13.000090001150966">
        <ele>388.52</ele>
      </trkpt>
      <trkpt lat="37.789799971506" lon="13.000299967825413">
        <ele>388.79</ele>
      </trkpt>
      <trkpt lat="37.789799971506" lon="13.00048990175128">
        <ele>389.09</ele>
      </trkpt>
      <trkpt lat="37.789789997041225" lon="13.000619988888502">
        <ele>389.44</ele>
      </trkpt>
      <trkpt lat="37.78975998982787" lon="13.000800032168627">
        <ele>389.81</ele>
      </trkpt>
      <trkpt lat="37.7896998077631" lon="13.001025337725878">
        <ele>390.2</ele>
      </trkpt>
      <trkpt lat="37.789639960974455" lon="13.001249972730875">
        <ele>390.62</ele>
      </trkpt>
      <trkpt lat="37.78962001204491" lon="13.001309987157583">
        <ele>391.08</ele>
      </trkpt>
      <trkpt lat="37.78952001594007" lon="13.0016699898988">
        <ele>391.61</ele>
      </trkpt>
      <trkpt lat="37.78943485580385" lon="13.001955393701792">
        <ele>392.19</ele>
      </trkpt>
      <trkpt lat="37.78934986330569" lon="13.002240126952529">
        <ele>392.81</ele>
      </trkpt>
      <trkpt lat="37.78934986330569" lon="13.00224021077156">
        <ele>393.36</ele>
      </trkpt>
      <trkpt lat="37.78935003094375" lon="13.002239959314466">
        <ele>393.92</ele>
      </trkpt>
      <trkpt lat="37.789250034838915" lon="13.002610020339489">
        <ele>394.59</ele>
      </trkpt>
      <trkpt lat="37.789209969341755" lon="13.0027199909091">
        <ele>395.18</ele>
      </trkpt>
      <trkpt lat="37.7891231328249" lon="13.003003718331456">
        <ele>395.74</ele>
      </trkpt>
      <trkpt lat="37.78903629630804" lon="13.003287529572845">
        <ele>396.32</ele>
      </trkpt>
      <trkpt lat="37.788949962705374" lon="13.003569999709725">
        <ele>396.92</ele>
      </trkpt>
      <trkpt lat="37.78884309343994" lon="13.003913825377822">
        <ele>397.54</ele>
      </trkpt>
      <trkpt lat="37.78873630799353" lon="13.004257651045918">
        <ele>398.07</ele>
      </trkpt>
      <trkpt lat="37.788630025461316" lon="13.004599967971444">
        <ele>398.6</ele>
      </trkpt>
      <trkpt lat="37.78853480704129" lon="13.00489534623921">
        <ele>399.1</ele>
      </trkpt>
      <trkpt lat="37.78844000771642" lon="13.005189970135689">
        <ele>399.57</ele>
      </trkpt>
      <trkpt lat="37.78838988393545" lon="13.005415359511971">
        <ele>400.01</ele>
      </trkpt>
      <trkpt lat="37.78834001161158" lon="13.005639994516969">
        <ele>400.44</ele>
      </trkpt>
      <trkpt lat="37.78830002993345" lon="13.005779972299933">
        <ele>400.81</ele>
      </trkpt>
      <trkpt lat="37.78821989893913" lon="13.006045259535313">
        <ele>401.16</ele>
      </trkpt>
      <trkpt lat="37.78814001940191" lon="13.006309876218438">
        <ele>401.45</ele>
      </trkpt>
      <trkpt lat="37.788043124601245" lon="13.00662369467318">
        <ele>401.68</ele>
      </trkpt>
      <trkpt lat="37.787946313619614" lon="13.006937513127923">
        <ele>401.91</ele>
      </trkpt>
      <trkpt lat="37.78785000555217" lon="13.007249990478158">
        <ele>402.06</ele>
      </trkpt>
      <trkpt lat="37.78774984180927" lon="13.007570430636406">
        <ele>402.07</ele>
      </trkpt>
      <trkpt lat="37.7876500133425" lon="13.007890032604337">
        <ele>402.02</ele>
      </trkpt>
      <trkpt lat="37.78758002445102" lon="13.008099999278784">
        <ele>401.94</ele>
      </trkpt>
      <trkpt lat="37.78748002834618" lon="13.008429994806647">
        <ele>401.76</ele>
      </trkpt>
      <trkpt lat="37.78736997395754" lon="13.008729983121157">
        <ele>401.45</ele>
      </trkpt>
      <trkpt lat="37.78728003613651" lon="13.00905997864902">
        <ele>401.08</ele>
      </trkpt>
      <trkpt lat="37.787250028923154" lon="13.00918998196721">
        <ele>400.7</ele>
      </trkpt>
      <trkpt lat="37.78723997063935" lon="13.009280003607273">
        <ele>400.28</ele>
      </trkpt>
      <trkpt lat="37.78723997063935" lon="13.009370025247335">
        <ele>399.81</ele>
      </trkpt>
      <trkpt lat="37.78726000338793" lon="13.009419981390238">
        <ele>399.3</ele>
      </trkpt>
      <trkpt lat="37.7872699778527" lon="13.009470021352172">
        <ele>398.74</ele>
      </trkpt>
      <trkpt lat="37.787320017814636" lon="13.009559959173203">
        <ele>398.13</ele>
      </trkpt>
      <trkpt lat="37.78742001391947" lon="13.009740002453327">
        <ele>397.44</ele>
      </trkpt>
      <trkpt lat="37.78758002445102" lon="13.010039990767837">
        <ele>396.75</ele>
      </trkpt>
      <trkpt lat="37.78766996227205" lon="13.010220034047961">
        <ele>396.08</ele>
      </trkpt>
      <trkpt lat="37.787750009447336" lon="13.01043989136815">
        <ele>395.36</ele>
      </trkpt>
      <trkpt lat="37.78778001666069" lon="13.010569978505373">
        <ele>394.62</ele>
      </trkpt>
      <trkpt lat="37.787810023874044" lon="13.010660000145435">
        <ele>393.87</ele>
      </trkpt>
      <trkpt lat="37.7878400310874" lon="13.010739963501692">
        <ele>393.11</ele>
      </trkpt>
      <trkpt lat="37.7878899872303" lon="13.010850017890334">
        <ele>392.33</ele>
      </trkpt>
      <trkpt lat="37.78795000165701" lon="13.011010028421879">
        <ele>391.52</ele>
      </trkpt>
      <trkpt lat="37.78801999054849" lon="13.011159980669618">
        <ele>390.66</ele>
      </trkpt>
      <trkpt lat="37.78808989562094" lon="13.011319991201162">
        <ele>389.82</ele>
      </trkpt>
      <trkpt lat="37.78814999386668" lon="13.01140003837645">
        <ele>389.03</ele>
      </trkpt>
      <trkpt lat="37.788219982758164" lon="13.011500034481287">
        <ele>388.26</ele>
      </trkpt>
      <trkpt lat="37.7882700227201" lon="13.011589972302318">
        <ele>387.5</ele>
      </trkpt>
      <trkpt lat="37.788370018824935" lon="13.011710001155734">
        <ele>386.77</ele>
      </trkpt>
      <trkpt lat="37.78844000771642" lon="13.011819971725345">
        <ele>386.04</ele>
      </trkpt>
      <trkpt lat="37.78848996385932" lon="13.01193991675973">
        <ele>385.31</ele>
      </trkpt>
      <trkpt lat="37.78855986893177" lon="13.012149967253208">
        <ele>384.57</ele>
      </trkpt>
      <trkpt lat="37.788630025461316" lon="13.012339984998107">
        <ele>383.89</ele>
      </trkpt>
      <trkpt lat="37.78863999992609" lon="13.012379966676235">
        <ele>383.26</ele>
      </trkpt>
      <trkpt lat="37.78873513452709" lon="13.012675344944">
        <ele>382.63</ele>
      </trkpt>
      <trkpt lat="37.78883001767099" lon="13.01296996884048">
        <ele>382.11</ele>
      </trkpt>
      <trkpt lat="37.7889000903815" lon="13.013180270791054">
        <ele>381.6</ele>
      </trkpt>
      <trkpt lat="37.788969995453954" lon="13.013389986008406">
        <ele>381.11</ele>
      </trkpt>
      <trkpt lat="37.78907007537782" lon="13.01370539702475">
        <ele>380.62</ele>
      </trkpt>
      <trkpt lat="37.78916998766363" lon="13.014019969850779">
        <ele>380.22</ele>
      </trkpt>
      <trkpt lat="37.78924006037414" lon="13.014235217124224">
        <ele>379.92</ele>
      </trkpt>
      <trkpt lat="37.78930996544659" lon="13.014449961483479">
        <ele>379.69</ele>
      </trkpt>
      <trkpt lat="37.789395125582814" lon="13.014710303395987">
        <ele>379.48</ele>
      </trkpt>
      <trkpt lat="37.78948003426194" lon="13.01496997475624">
        <ele>379.34</ele>
      </trkpt>
      <trkpt lat="37.78958992101252" lon="13.015299970284104">
        <ele>379.31</ele>
      </trkpt>
      <trkpt lat="37.78969000093639" lon="13.015599874779582">
        <ele>379.35</ele>
      </trkpt>
      <trkpt lat="37.78972000814974" lon="13.015710012987256">
        <ele>379.38</ele>
      </trkpt>
      <trkpt lat="37.78980676084757" lon="13.015960296615958">
        <ele>379.52</ele>
      </trkpt>
      <trkpt lat="37.789893513545394" lon="13.016210664063692">
        <ele>379.65</ele>
      </trkpt>
      <trkpt lat="37.789980014786124" lon="13.016460025683045">
        <ele>379.81</ele>
      </trkpt>
      <trkpt lat="37.790085123851895" lon="13.016800498589873">
        <ele>379.95</ele>
      </trkpt>
      <trkpt lat="37.79018998146057" lon="13.01713996566832">
        <ele>380.23</ele>
      </trkpt>
      <trkpt lat="37.790240021422505" lon="13.017299976199865">
        <ele>380.51</ele>
      </trkpt>
      <trkpt lat="37.7903351560235" lon="13.01759535446763">
        <ele>380.83</ele>
      </trkpt>
      <trkpt lat="37.790430039167404" lon="13.01788997836411">
        <ele>381.22</ele>
      </trkpt>
      <trkpt lat="37.79052986763418" lon="13.018179908394814">
        <ele>381.65</ele>
      </trkpt>
      <trkpt lat="37.79059499502182" lon="13.01837520673871">
        <ele>382.08</ele>
      </trkpt>
      <trkpt lat="37.79066003859043" lon="13.018570002168417">
        <ele>382.56</ele>
      </trkpt>
      <trkpt lat="37.79074000194669" lon="13.018839983269572">
        <ele>383.09</ele>
      </trkpt>
      <trkpt lat="37.790779983624816" lon="13.018990019336343">
        <ele>383.56</ele>
      </trkpt>
      <trkpt lat="37.790779983624816" lon="13.019080040976405">
        <ele>384.01</ele>
      </trkpt>
      <trkpt lat="37.790779983624816" lon="13.019160004332662">
        <ele>384.47</ele>
      </trkpt>
      <trkpt lat="37.790779983624816" lon="13.019310040399432">
        <ele>384.92</ele>
      </trkpt>
      <trkpt lat="37.79079004190862" lon="13.019569963216782">
        <ele>385.43</ele>
      </trkpt>
      <trkpt lat="37.79078660532832" lon="13.019850505515933">
        <ele>385.96</ele>
      </trkpt>
      <trkpt lat="37.79078325256705" lon="13.020131131634116">
        <ele>386.54</ele>
      </trkpt>
      <trkpt lat="37.790779983624816" lon="13.020409997552633">
        <ele>387.12</ele>
      </trkpt>
      <trkpt lat="37.790779983624816" lon="13.020449979230762">
        <ele>387.64</ele>
      </trkpt>
      <trkpt lat="37.79077663086355" lon="13.020743932574987">
        <ele>388.2</ele>
      </trkpt>
      <trkpt lat="37.79077327810228" lon="13.021037885919213">
        <ele>388.74</ele>
      </trkpt>
      <trkpt lat="37.79077000916004" lon="13.021329995244741">
        <ele>389.25</ele>
      </trkpt>
      <trkpt lat="37.79077000916004" lon="13.021590001881123">
        <ele>389.77</ele>
      </trkpt>
      <trkpt lat="37.79076498001814" lon="13.021910609677434">
        <ele>390.27</ele>
      </trkpt>
      <trkpt lat="37.79076003469527" lon="13.02222996018827">
        <ele>390.84</ele>
      </trkpt>
      <trkpt lat="37.79076003469527" lon="13.022389970719814">
        <ele>391.39</ele>
      </trkpt>
      <trkpt lat="37.79076003469527" lon="13.022589879110456">
        <ele>391.94</ele>
      </trkpt>
      <trkpt lat="37.790800016373396" lon="13.022560039535165">
        <ele>392.51</ele>
      </trkpt>
      <trkpt lat="37.79081988148391" lon="13.022549981251359">
        <ele>393.07</ele>
      </trkpt>
      <trkpt lat="37.7908499725163" lon="13.02253003232181">
        <ele>393.64</ele>
      </trkpt>
      <trkpt lat="37.79087000526488" lon="13.022500025108457">
        <ele>394.21</ele>
      </trkpt>
      <trkpt lat="37.79089003801346" lon="13.022459959611297">
        <ele>394.79</ele>
      </trkpt>
      <trkpt lat="37.79091996140778" lon="13.02235996350646">
        <ele>395.38</ele>
      </trkpt>
      <trkpt lat="37.790949968621135" lon="13.022240018472075">
        <ele>395.94</ele>
      </trkpt>
      <trkpt lat="37.790970001369715" lon="13.022159971296787">
        <ele>396.52</ele>
      </trkpt>
      <trkpt lat="37.79103001579642" lon="13.02192997187376">
        <ele>397.18</ele>
      </trkpt>
      <trkpt lat="37.79106999747455" lon="13.021669965237379">
        <ele>397.82</ele>
      </trkpt>
      <trkpt lat="37.791079971939325" lon="13.021529987454414">
        <ele>398.45</ele>
      </trkpt>
      <trkpt lat="37.791100004687905" lon="13.021309962496161">
        <ele>399.09</ele>
      </trkpt>
      <trkpt lat="37.79110997915268" lon="13.021190017461777">
        <ele>399.75</ele>
      </trkpt>
      <trkpt lat="37.791139986366034" lon="13.021099995821714">
        <ele>400.42</ele>
      </trkpt>
      <trkpt lat="37.79117996804416" lon="13.020979966968298">
        <ele>401.12</ele>
      </trkpt>
      <trkpt lat="37.791209975257516" lon="13.020920036360621">
        <ele>401.82</ele>
      </trkpt>
      <trkpt lat="37.791230008006096" lon="13.02089991979301">
        <ele>402.53</ele>
      </trkpt>
      <trkpt lat="37.79132002964616" lon="13.020779974758625">
        <ele>403.31</ele>
      </trkpt>
      <trkpt lat="37.7913798764348" lon="13.020690036937594">
        <ele>404.1</ele>
      </trkpt>
      <trkpt lat="37.79140996746719" lon="13.02063999697566">
        <ele>404.87</ele>
      </trkpt>
      <trkpt lat="37.79143000021577" lon="13.020570008084178">
        <ele>405.64</ele>
      </trkpt>
      <trkpt lat="37.79145003296435" lon="13.02050999365747">
        <ele>406.42</ele>
      </trkpt>
      <trkpt lat="37.79146000742912" lon="13.020449979230762">
        <ele>407.21</ele>
      </trkpt>
      <trkpt lat="37.79146000742912" lon="13.020279994234443">
        <ele>407.98</ele>
      </trkpt>
      <trkpt lat="37.79146000742912" lon="13.02005996927619">
        <ele>408.77</ele>
      </trkpt>
      <trkpt lat="37.79145003296435" lon="13.019889984279871">
        <ele>409.62</ele>
      </trkpt>
      <trkpt lat="37.79143997468054" lon="13.01978001371026">
        <ele>410.48</ele>
      </trkpt>
      <trkpt lat="37.79145003296435" lon="13.019550014287233">
        <ele>411.41</ele>
      </trkpt>
      <trkpt lat="37.79149001464248" lon="13.019269974902272">
        <ele>412.37</ele>
      </trkpt>
      <trkpt lat="37.79154005460441" lon="13.01906461827457">
        <ele>413.39</ele>
      </trkpt>
      <trkpt lat="37.79159001074731" lon="13.018860016018152">
        <ele>414.47</ele>
      </trkpt>
      <trkpt lat="37.79165002517402" lon="13.018679972738028">
        <ele>415.45</ele>
      </trkpt>
      <trkpt lat="37.79171003960073" lon="13.018530020490289">
        <ele>416.45</ele>
      </trkpt>
      <trkpt lat="37.791810035705566" lon="13.018330028280616">
        <ele>417.47</ele>
      </trkpt>
      <trkpt lat="37.79194506816566" lon="13.01806977018714">
        <ele>418.46</ele>
      </trkpt>
      <trkpt lat="37.79208001680672" lon="13.017810015007854">
        <ele>419.49</ele>
      </trkpt>
      <trkpt lat="37.792235082015395" lon="13.017539782449603">
        <ele>420.46</ele>
      </trkpt>
      <trkpt lat="37.792389979586005" lon="13.017269968986511">
        <ele>421.47</ele>
      </trkpt>
      <trkpt lat="37.79245996847749" lon="13.017129991203547">
        <ele>422.45</ele>
      </trkpt>
      <trkpt lat="37.79251000843942" lon="13.017020020633936">
        <ele>423.41</ele>
      </trkpt>
      <trkpt lat="37.792540015652776" lon="13.016890017315745">
        <ele>424.39</ele>
      </trkpt>
      <trkpt lat="37.79254999011755" lon="13.016779962927103">
        <ele>425.31</ele>
      </trkpt>
      <trkpt lat="37.79254999011755" lon="13.016630010679364">
        <ele>426.16</ele>
      </trkpt>
      <trkpt lat="37.792540015652776" lon="13.016479974612594">
        <ele>426.99</ele>
      </trkpt>
      <trkpt lat="37.792530041188" lon="13.016270007938147">
        <ele>427.84</ele>
      </trkpt>
      <trkpt lat="37.792530041188" lon="13.016219967976213">
        <ele>428.67</ele>
      </trkpt>
      <trkpt lat="37.792540015652776" lon="13.016140004619956">
        <ele>429.48</ele>
      </trkpt>
      <trkpt lat="37.792559964582324" lon="13.016030034050345">
        <ele>430.29</ele>
      </trkpt>
      <trkpt lat="37.792589887976646" lon="13.015879914164543">
        <ele>431.07</ele>
      </trkpt>
      <trkpt lat="37.79263003729284" lon="13.015689980238676">
        <ele>431.83</ele>
      </trkpt>
      <trkpt lat="37.792689967900515" lon="13.015459896996617">
        <ele>432.55</ele>
      </trkpt>
      <trkpt lat="37.79277998954058" lon="13.015090003609657">
        <ele>433.27</ele>
      </trkpt>
      <trkpt lat="37.79280999675393" lon="13.014929993078113">
        <ele>433.92</ele>
      </trkpt>
      <trkpt lat="37.792819971218705" lon="13.014820022508502">
        <ele>434.54</ele>
      </trkpt>
      <trkpt lat="37.792819971218705" lon="13.014699993655086">
        <ele>435.12</ele>
      </trkpt>
      <trkpt lat="37.792819971218705" lon="13.014550041407347">
        <ele>435.67</ele>
      </trkpt>
      <trkpt lat="37.79280002228916" lon="13.014400005340576">
        <ele>436.17</ele>
      </trkpt>
      <trkpt lat="37.79277998954058" lon="13.01430000923574">
        <ele>436.63</ele>
      </trkpt>
      <trkpt lat="37.79276004061103" lon="13.014219962060452">
        <ele>437.03</ele>
      </trkpt>
      <trkpt lat="37.792730033397675" lon="13.01414997316897">
        <ele>437.4</ele>
      </trkpt>
      <trkpt lat="37.792689967900515" lon="13.014079984277487">
        <ele>437.74</ele>
      </trkpt>
      <trkpt lat="37.79261000454426" lon="13.01397998817265">
        <ele>438.04</ele>
      </trkpt>
      <trkpt lat="37.792589887976646" lon="13.013970013707876">
        <ele>438.36</ele>
      </trkpt>
      <trkpt lat="37.792540015652776" lon="13.013919973745942">
        <ele>438.66</ele>
      </trkpt>
      <trkpt lat="37.79248000122607" lon="13.01384998485446">
        <ele>438.96</ele>
      </trkpt>
      <trkpt lat="37.79244001954794" lon="13.013769937679172">
        <ele>439.28</ele>
      </trkpt>
      <trkpt lat="37.79240992851555" lon="13.013670025393367">
        <ele>439.61</ele>
      </trkpt>
      <trkpt lat="37.792389979586005" lon="13.01357002928853">
        <ele>439.95</ele>
      </trkpt>
      <trkpt lat="37.79238000512123" lon="13.013459974899888">
        <ele>440.3</ele>
      </trkpt>
      <trkpt lat="37.79235997237265" lon="13.013270040974021">
        <ele>440.61</ele>
      </trkpt>
      <trkpt lat="37.79235997237265" lon="13.013189993798733">
        <ele>440.91</ele>
      </trkpt>
      <trkpt lat="37.79235997237265" lon="13.013110030442476">
        <ele>441.19</ele>
      </trkpt>
      <trkpt lat="37.79237003065646" lon="13.013069964945316">
        <ele>441.48</ele>
      </trkpt>
      <trkpt lat="37.79238000512123" lon="13.013040041550994">
        <ele>441.78</ele>
      </trkpt>
      <trkpt lat="37.79240003786981" lon="13.013029983267188">
        <ele>442.1</ele>
      </trkpt>
      <trkpt lat="37.79241998679936" lon="13.013019924983382">
        <ele>442.43</ele>
      </trkpt>
      <trkpt lat="37.79244001954794" lon="13.013019924983382">
        <ele>442.78</ele>
      </trkpt>
      <trkpt lat="37.79245996847749" lon="13.01301003433764">
        <ele>443.14</ele>
      </trkpt>
      <trkpt lat="37.79248000122607" lon="13.013019924983382">
        <ele>443.52</ele>
      </trkpt>
      <trkpt lat="37.792499866336584" lon="13.013029983267188">
        <ele>443.92</ele>
      </trkpt>
      <trkpt lat="37.792519982904196" lon="13.013059990480542">
        <ele>444.34</ele>
      </trkpt>
      <trkpt lat="37.79254999011755" lon="13.013129979372025">
        <ele>444.79</ele>
      </trkpt>
      <trkpt lat="37.792559964582324" lon="13.013189993798733">
        <ele>445.25</ele>
      </trkpt>
      <trkpt lat="37.79257002286613" lon="13.013229975476861">
        <ele>445.73</ele>
      </trkpt>
      <trkpt lat="37.792589887976646" lon="13.013370037078857">
        <ele>446.23</ele>
      </trkpt>
      <trkpt lat="37.79264001175761" lon="13.013559971004725">
        <ele>446.73</ele>
      </trkpt>
      <trkpt lat="37.792689967900515" lon="13.013700032606721">
        <ele>447.25</ele>
      </trkpt>
      <trkpt lat="37.79274000786245" lon="13.013800028711557">
        <ele>447.86</ele>
      </trkpt>
      <trkpt lat="37.79280002228916" lon="13.01387001760304">
        <ele>448.54</ele>
      </trkpt>
      <trkpt lat="37.79291996732354" lon="13.01400002092123">
        <ele>449.32</ele>
      </trkpt>
      <trkpt lat="37.79297998175025" lon="13.014049893245101">
        <ele>450.11</ele>
      </trkpt>
      <trkpt lat="37.79303999617696" lon="13.014119965955615">
        <ele>450.92</ele>
      </trkpt>
      <trkpt lat="37.79323001392186" lon="13.014400005340576">
        <ele>451.83</ele>
      </trkpt>
      <trkpt lat="37.79333001002669" lon="13.014630004763603">
        <ele>452.73</ele>
      </trkpt>
      <trkpt lat="37.79343989677727" lon="13.014869978651404">
        <ele>453.68</ele>
      </trkpt>
      <trkpt lat="37.793530002236366" lon="13.01510525867343">
        <ele>454.63</ele>
      </trkpt>
      <trkpt lat="37.79362002387643" lon="13.015340035781264">
        <ele>455.56</ele>
      </trkpt>
      <trkpt lat="37.7937267255038" lon="13.015583530068398">
        <ele>456.56</ele>
      </trkpt>
      <trkpt lat="37.79383351095021" lon="13.015827108174562">
        <ele>457.58</ele>
      </trkpt>
      <trkpt lat="37.793939961120486" lon="13.016069931909442">
        <ele>458.64</ele>
      </trkpt>
      <trkpt lat="37.79396996833384" lon="13.016200019046664">
        <ele>459.66</ele>
      </trkpt>
      <trkpt lat="37.79399989172816" lon="13.016319964081049">
        <ele>460.72</ele>
      </trkpt>
      <trkpt lat="37.79402998276055" lon="13.016430018469691">
        <ele>461.78</ele>
      </trkpt>
      <trkpt lat="37.79402998276055" lon="13.016530014574528">
        <ele>462.82</ele>
      </trkpt>
      <trkpt lat="37.794040041044354" lon="13.0167300067842">
        <ele>463.89</ele>
      </trkpt>
      <trkpt lat="37.794040041044354" lon="13.016860010102391">
        <ele>464.94</ele>
      </trkpt>
      <trkpt lat="37.7940599899739" lon="13.017039969563484">
        <ele>466.02</ele>
      </trkpt>
      <trkpt lat="37.79408999718726" lon="13.017169972881675">
        <ele>467.11</ele>
      </trkpt>
      <trkpt lat="37.79412000440061" lon="13.017299976199865">
        <ele>468.21</ele>
      </trkpt>
      <trkpt lat="37.79416996054351" lon="13.017440037801862">
        <ele>469.31</ele>
      </trkpt>
      <trkpt lat="37.79424003325403" lon="13.01761002279818">
        <ele>470.42</ele>
      </trkpt>
      <trkpt lat="37.79432997107506" lon="13.017929960042238">
        <ele>471.57</ele>
      </trkpt>
      <trkpt lat="37.79435997828841" lon="13.018140010535717">
        <ele>472.63</ele>
      </trkpt>
      <trkpt lat="37.79439995996654" lon="13.018370009958744">
        <ele>473.65</ele>
      </trkpt>
      <trkpt lat="37.79441999271512" lon="13.018479980528355">
        <ele>474.66</ele>
      </trkpt>
      <trkpt lat="37.7944400254637" lon="13.018630016595125">
        <ele>475.63</ele>
      </trkpt>
      <trkpt lat="37.7944400254637" lon="13.018649881705642">
        <ele>476.6</ele>
      </trkpt>
      <trkpt lat="37.79446986503899" lon="13.018809976056218">
        <ele>477.56</ele>
      </trkpt>
      <trkpt lat="37.79451998881996" lon="13.018950037658215">
        <ele>478.52</ele>
      </trkpt>
      <trkpt lat="37.79458997771144" lon="13.019069898873568">
        <ele>479.48</ele>
      </trkpt>
      <trkpt lat="37.79464001767337" lon="13.019129997119308">
        <ele>480.39</ele>
      </trkpt>
      <trkpt lat="37.79470003210008" lon="13.019190011546016">
        <ele>481.29</ele>
      </trkpt>
      <trkpt lat="37.794770020991564" lon="13.019239967688918">
        <ele>482.14</ele>
      </trkpt>
      <trkpt lat="37.794819977134466" lon="13.019269974902272">
        <ele>482.94</ele>
      </trkpt>
      <trkpt lat="37.7949199732393" lon="13.019310040399432">
        <ele>483.73</ele>
      </trkpt>
      <trkpt lat="37.79501996934414" lon="13.019339963793755">
        <ele>484.47</ele>
      </trkpt>
      <trkpt lat="37.79508995823562" lon="13.019339963793755">
        <ele>485.13</ele>
      </trkpt>
      <trkpt lat="37.79510001651943" lon="13.019339963793755">
        <ele>485.7</ele>
      </trkpt>
      <trkpt lat="37.79514997266233" lon="13.019339963793755">
        <ele>486.22</ele>
      </trkpt>
      <trkpt lat="37.795229936018586" lon="13.01932998932898">
        <ele>486.67</ele>
      </trkpt>
      <trkpt lat="37.79531987383962" lon="13.019310040399432">
        <ele>487.07</ele>
      </trkpt>
      <trkpt lat="37.795349964872" lon="13.019299982115626">
        <ele>487.4</ele>
      </trkpt>
      <trkpt lat="37.79536999762058" lon="13.019290007650852">
        <ele>487.66</ele>
      </trkpt>
      <trkpt lat="37.79537997208536" lon="13.019290007650852">
        <ele>487.85</ele>
      </trkpt>
      <trkpt lat="37.79539003036916" lon="13.019299982115626">
        <ele>487.97</ele>
      </trkpt>
      <trkpt lat="37.79540989547968" lon="13.019299982115626">
        <ele>488.02</ele>
      </trkpt>
      <trkpt lat="37.79543001204729" lon="13.019359996542335">
        <ele>488.02</ele>
      </trkpt>
      <trkpt lat="37.79536999762058" lon="13.019410036504269">
        <ele>487.96</ele>
      </trkpt>
      <trkpt lat="37.7953000087291" lon="13.019469967111945">
        <ele>487.82</ele>
      </trkpt>
      <trkpt lat="37.79527997598052" lon="13.019480025395751">
        <ele>487.58</ele>
      </trkpt>
      <trkpt lat="37.79520998708904" lon="13.0194999743253">
        <ele>487.25</ele>
      </trkpt>
      <trkpt lat="37.79513002373278" lon="13.019539872184396">
        <ele>486.85</ele>
      </trkpt>
      <trkpt lat="37.7951099909842" lon="13.019550014287233">
        <ele>486.38</ele>
      </trkpt>
      <trkpt lat="37.79502985998988" lon="13.019580021500587">
        <ele>485.82</ele>
      </trkpt>
      <trkpt lat="37.79493992216885" lon="13.019640035927296">
        <ele>485.17</ele>
      </trkpt>
      <trkpt lat="37.79490999877453" lon="13.019659984856844">
        <ele>484.47</ele>
      </trkpt>
      <trkpt lat="37.794819977134466" lon="13.019740032032132">
        <ele>483.7</ele>
      </trkpt>
      <trkpt lat="37.79470003210008" lon="13.019859977066517">
        <ele>482.83</ele>
      </trkpt>
      <trkpt lat="37.79452510178089" lon="13.01999987103045">
        <ele>481.88</ele>
      </trkpt>
      <trkpt lat="37.79435000382364" lon="13.020140016451478">
        <ele>480.9</ele>
      </trkpt>
      <trkpt lat="37.79424003325403" lon="13.020240012556314">
        <ele>479.89</ele>
      </trkpt>
      <trkpt lat="37.79411002993584" lon="13.02033992484212">
        <ele>478.78</ele>
      </trkpt>
      <trkpt lat="37.79395001940429" lon="13.02048996090889">
        <ele>477.59</ele>
      </trkpt>
      <trkpt lat="37.79389997944236" lon="13.020540000870824">
        <ele>476.4</ele>
      </trkpt>
      <trkpt lat="37.79377500526607" lon="13.020669920369983">
        <ele>475.12</ele>
      </trkpt>
      <trkpt lat="37.79365003108978" lon="13.020800007507205">
        <ele>473.78</ele>
      </trkpt>
      <trkpt lat="37.79353997670114" lon="13.020979966968298">
        <ele>472.4</ele>
      </trkpt>
      <trkpt lat="37.79349002055824" lon="13.021089937537909">
        <ele>471.07</ele>
      </trkpt>
      <trkpt lat="37.79345003888011" lon="13.021229915320873">
        <ele>469.69</ele>
      </trkpt>
      <trkpt lat="37.7933900244534" lon="13.021450024098158">
        <ele>468.23</ele>
      </trkpt>
      <trkpt lat="37.79333001002669" lon="13.021740037947893">
        <ele>466.78</ele>
      </trkpt>
      <trkpt lat="37.793249962851405" lon="13.022070033475757">
        <ele>465.22</ele>
      </trkpt>
      <trkpt lat="37.79320998117328" lon="13.022210011258721">
        <ele>463.73</ele>
      </trkpt>
      <trkpt lat="37.79319003224373" lon="13.022300032898784">
        <ele>462.3</ele>
      </trkpt>
      <trkpt lat="37.793160025030375" lon="13.02237999625504">
        <ele>460.84</ele>
      </trkpt>
      <trkpt lat="37.79313001781702" lon="13.02244990132749">
        <ele>459.38</ele>
      </trkpt>
      <trkpt lat="37.79307000339031" lon="13.022579988464713">
        <ele>457.89</ele>
      </trkpt>
      <trkpt lat="37.792990040034056" lon="13.022729940712452">
        <ele>456.36</ele>
      </trkpt>
      <trkpt lat="37.79287990182638" lon="13.02293999120593">
        <ele>454.76</ele>
      </trkpt>
      <trkpt lat="37.792819971218705" lon="13.023039987310767">
        <ele>453.25</ele>
      </trkpt>
      <trkpt lat="37.7927700150758" lon="13.02315004169941">
        <ele>451.77</ele>
      </trkpt>
      <trkpt lat="37.79271997511387" lon="13.02326001226902">
        <ele>450.31</ele>
      </trkpt>
      <trkpt lat="37.792689967900515" lon="13.023350033909082">
        <ele>448.88</ele>
      </trkpt>
      <trkpt lat="37.79261997900903" lon="13.023599982261658">
        <ele>447.45</ele>
      </trkpt>
      <trkpt lat="37.79256482608616" lon="13.02384540438652">
        <ele>446.02</ele>
      </trkpt>
      <trkpt lat="37.79251000843942" lon="13.024089988321066">
        <ele>444.61</ele>
      </trkpt>
      <trkpt lat="37.79244982637465" lon="13.024345384910703">
        <ele>443.19</ele>
      </trkpt>
      <trkpt lat="37.792389979586005" lon="13.024600027129054">
        <ele>441.8</ele>
      </trkpt>
      <trkpt lat="37.79238000512123" lon="13.024640008807182">
        <ele>440.49</ele>
      </trkpt>
      <trkpt lat="37.79235997237265" lon="13.024719972163439">
        <ele>439.16</ele>
      </trkpt>
      <trkpt lat="37.7923400234431" lon="13.024840001016855">
        <ele>437.84</ele>
      </trkpt>
      <trkpt lat="37.79231001622975" lon="13.025019960477948">
        <ele>436.59</ele>
      </trkpt>
      <trkpt lat="37.79231001622975" lon="13.025200003758073">
        <ele>435.42</ele>
      </trkpt>
      <trkpt lat="37.79231496155262" lon="13.025415418669581">
        <ele>434.26</ele>
      </trkpt>
      <trkpt lat="37.79231990687549" lon="13.025629995390773">
        <ele>433.03</ele>
      </trkpt>
      <trkpt lat="37.7923299651593" lon="13.025769973173738">
        <ele>431.83</ele>
      </trkpt>
      <trkpt lat="37.792344968765974" lon="13.026075577363372">
        <ele>430.65</ele>
      </trkpt>
      <trkpt lat="37.79235997237265" lon="13.026380008086562">
        <ele>429.55</ele>
      </trkpt>
      <trkpt lat="37.79238000512123" lon="13.026680583134294">
        <ele>428.43</ele>
      </trkpt>
      <trkpt lat="37.79240003786981" lon="13.026979984715581">
        <ele>427.3</ele>
      </trkpt>
      <trkpt lat="37.792410012334585" lon="13.02721543237567">
        <ele>426.12</ele>
      </trkpt>
      <trkpt lat="37.79241998679936" lon="13.02745004184544">
        <ele>424.94</ele>
      </trkpt>
      <trkpt lat="37.79244999401271" lon="13.027669982984662">
        <ele>423.79</ele>
      </trkpt>
      <trkpt lat="37.79248997569084" lon="13.027890007942915">
        <ele>422.68</ele>
      </trkpt>
      <trkpt lat="37.79248997569084" lon="13.027920015156269">
        <ele>421.68</ele>
      </trkpt>
      <trkpt lat="37.79257002286613" lon="13.02826987579465">
        <ele>420.61</ele>
      </trkpt>
      <trkpt lat="37.79260505922139" lon="13.028475316241384">
        <ele>419.67</ele>
      </trkpt>
      <trkpt lat="37.79264001175761" lon="13.028680002316833">
        <ele>418.75</ele>
      </trkpt>
      <trkpt lat="37.79267999343574" lon="13.028900362551212">
        <ele>417.86</ele>
      </trkpt>
      <trkpt lat="37.79271997511387" lon="13.029119968414307">
        <ele>417.01</ele>
      </trkpt>
      <trkpt lat="37.79278988018632" lon="13.029479971155524">
        <ele>416.19</ele>
      </trkpt>
      <trkpt lat="37.792840003967285" lon="13.029779959470034">
        <ele>415.35</ele>
      </trkpt>
      <trkpt lat="37.792860036715865" lon="13.029890013858676">
        <ele>414.56</ele>
      </trkpt>
      <trkpt lat="37.79288996011019" lon="13.030080031603575">
        <ele>413.79</ele>
      </trkpt>
      <trkpt lat="37.79291996732354" lon="13.030210034921765">
        <ele>413.07</ele>
      </trkpt>
      <trkpt lat="37.79293002560735" lon="13.030280023813248">
        <ele>412.37</ele>
      </trkpt>
      <trkpt lat="37.79291996732354" lon="13.030369961634278">
        <ele>411.68</ele>
      </trkpt>
      <trkpt lat="37.79288996011019" lon="13.030440034344792">
        <ele>411.02</ele>
      </trkpt>
      <trkpt lat="37.79283002950251" lon="13.030510023236275">
        <ele>410.38</ele>
      </trkpt>
      <trkpt lat="37.7927700150758" lon="13.030559979379177">
        <ele>409.78</ele>
      </trkpt>
      <trkpt lat="37.792710000649095" lon="13.030580012127757">
        <ele>409.19</ele>
      </trkpt>
      <trkpt lat="37.79264001175761" lon="13.030589986592531">
        <ele>408.64</ele>
      </trkpt>
      <trkpt lat="37.79257002286613" lon="13.030570037662983">
        <ele>408.11</ele>
      </trkpt>
      <trkpt lat="37.792530041188" lon="13.030550004914403">
        <ele>407.62</ele>
      </trkpt>
      <trkpt lat="37.79248000122607" lon="13.030510023236275">
        <ele>407.15</ele>
      </trkpt>
      <trkpt lat="37.7923400234431" lon="13.030420001596212">
        <ele>406.67</ele>
      </trkpt>
      <trkpt lat="37.7923299651593" lon="13.030420001596212">
        <ele>406.32</ele>
      </trkpt>
      <trkpt lat="37.792280009016395" lon="13.030379936099052">
        <ele>405.96</ele>
      </trkpt>
      <trkpt lat="37.792069958522916" lon="13.030250016599894">
        <ele>405.56</ele>
      </trkpt>
      <trkpt lat="37.791959987953305" lon="13.03019997663796">
        <ele>405.27</ele>
      </trkpt>
      <trkpt lat="37.79188999906182" lon="13.030159994959831">
        <ele>405.05</ele>
      </trkpt>
      <trkpt lat="37.791810035705566" lon="13.03019997663796">
        <ele>404.96</ele>
      </trkpt>
      <trkpt lat="37.791699981316924" lon="13.030239874497056">
        <ele>404.93</ele>
      </trkpt>
      <trkpt lat="37.79162001796067" lon="13.030250016599894">
        <ele>404.93</ele>
      </trkpt>
      <trkpt lat="37.79153997078538" lon="13.030250016599894">
        <ele>404.99</ele>
      </trkpt>
      <trkpt lat="37.79149998910725" lon="13.030239874497056">
        <ele>405.09</ele>
      </trkpt>
      <trkpt lat="37.79146000742912" lon="13.030229983851314">
        <ele>405.27</ele>
      </trkpt>
      <trkpt lat="37.79140996746719" lon="13.03022000938654">
        <ele>405.52</ele>
      </trkpt>
      <trkpt lat="37.79133000411093" lon="13.030180027708411">
        <ele>405.8</ele>
      </trkpt>
      <trkpt lat="37.791230008006096" lon="13.030120013281703">
        <ele>406.14</ele>
      </trkpt>
      <trkpt lat="37.79116001911461" lon="13.030099896714091">
        <ele>406.58</ele>
      </trkpt>
      <trkpt lat="37.79113001190126" lon="13.030090006068349">
        <ele>407.07</ele>
      </trkpt>
      <trkpt lat="37.79099992476404" lon="13.030059998854995">
        <ele>407.7</ele>
      </trkpt>
      <trkpt lat="37.79097997583449" lon="13.030059998854995">
        <ele>408.31</ele>
      </trkpt>
      <trkpt lat="37.79089003801346" lon="13.030059998854995">
        <ele>409.01</ele>
      </trkpt>
      <trkpt lat="37.79074000194669" lon="13.030069973319769">
        <ele>409.75</ele>
      </trkpt>
      <trkpt lat="37.79061988927424" lon="13.030080031603575">
        <ele>410.52</ele>
      </trkpt>
      <trkpt lat="37.79051000252366" lon="13.030090006068349">
        <ele>411.32</ele>
      </trkpt>
      <trkpt lat="37.79043992981315" lon="13.030099896714091">
        <ele>412.14</ele>
      </trkpt>
      <trkpt lat="37.79037999920547" lon="13.030110038816929">
        <ele>413.0</ele>
      </trkpt>
      <trkpt lat="37.790280003100634" lon="13.030139962211251">
        <ele>413.89</ele>
      </trkpt>
      <trkpt lat="37.79005989432335" lon="13.030289998278022">
        <ele>414.88</ele>
      </trkpt>
      <trkpt lat="37.789980014786124" lon="13.030399968847632">
        <ele>415.83</ele>
      </trkpt>
      <trkpt lat="37.78996987268329" lon="13.030420001596212">
        <ele>416.77</ele>
      </trkpt>
      <trkpt lat="37.789850011467934" lon="13.030570037662983">
        <ele>417.77</ele>
      </trkpt>
      <trkpt lat="37.78982000425458" lon="13.030619993805885">
        <ele>418.76</ele>
      </trkpt>
      <trkpt lat="37.78969997540116" lon="13.03078000433743">
        <ele>419.76</ele>
      </trkpt>
      <trkpt lat="37.78958003036678" lon="13.030940014868975">
        <ele>420.77</ele>
      </trkpt>
      <trkpt lat="37.78946000151336" lon="13.031149981543422">
        <ele>421.81</ele>
      </trkpt>
      <trkpt lat="37.7893699798733" lon="13.031309992074966">
        <ele>422.82</ele>
      </trkpt>
      <trkpt lat="37.78927995823324" lon="13.031479977071285">
        <ele>423.8</ele>
      </trkpt>
      <trkpt lat="37.78922002762556" lon="13.03163998760283">
        <ele>424.81</ele>
      </trkpt>
      <trkpt lat="37.789209969341755" lon="13.03166002035141">
        <ele>425.78</ele>
      </trkpt>
      <trkpt lat="37.7891799621284" lon="13.031760016456246">
        <ele>426.77</ele>
      </trkpt>
      <trkpt lat="37.78913998045027" lon="13.031890019774437">
        <ele>427.82</ele>
      </trkpt>
      <trkpt lat="37.78904995881021" lon="13.031969983130693">
        <ele>428.77</ele>
      </trkpt>
      <trkpt lat="37.788930013775826" lon="13.032080037519336">
        <ele>429.7</ele>
      </trkpt>
      <trkpt lat="37.788909981027246" lon="13.03209001198411">
        <ele>430.57</ele>
      </trkpt>
      <trkpt lat="37.788779977709055" lon="13.032180033624172">
        <ele>431.46</ele>
      </trkpt>
      <trkpt lat="37.78864989057183" lon="13.032259996980429">
        <ele>432.29</ele>
      </trkpt>
      <trkpt lat="37.788540003821254" lon="13.032339960336685">
        <ele>433.09</ele>
      </trkpt>
      <trkpt lat="37.78838996775448" lon="13.032399974763393">
        <ele>433.81</ele>
      </trkpt>
      <trkpt lat="37.788240015506744" lon="13.032450014725327">
        <ele>434.5</ele>
      </trkpt>
      <trkpt lat="37.78804002329707" lon="13.03252000361681">
        <ele>435.21</ele>
      </trkpt>
      <trkpt lat="37.78787003830075" lon="13.032580018043518">
        <ele>435.89</ele>
      </trkpt>
      <trkpt lat="37.78768999502063" lon="13.032610025256872">
        <ele>436.5</ele>
      </trkpt>
      <trkpt lat="37.787659987807274" lon="13.032610025256872">
        <ele>437.0</ele>
      </trkpt>
      <trkpt lat="37.78756996616721" lon="13.032610025256872">
        <ele>437.46</ele>
      </trkpt>
      <trkpt lat="37.787490002810955" lon="13.03262997418642">
        <ele>437.88</ele>
      </trkpt>
      <trkpt lat="37.787380032241344" lon="13.032689988613129">
        <ele>438.28</ele>
      </trkpt>
      <trkpt lat="37.787320017814636" lon="13.032729970291257">
        <ele>438.6</ele>
      </trkpt>
      <trkpt lat="37.78723997063935" lon="13.032789984717965">
        <ele>438.84</ele>
      </trkpt>
      <trkpt lat="37.7870799601078" lon="13.032889980822802">
        <ele>439.02</ele>
      </trkpt>
      <trkpt lat="37.78690000064671" lon="13.032989976927638">
        <ele>439.18</ele>
      </trkpt>
      <trkpt lat="37.786760022863746" lon="13.033070024102926">
        <ele>439.34</ele>
      </trkpt>
      <trkpt lat="37.786679891869426" lon="13.033140012994409">
        <ele>439.46</ele>
      </trkpt>
      <trkpt lat="37.78666002675891" lon="13.033170020207763">
        <ele>439.5</ele>
      </trkpt>
      <trkpt lat="37.786479983478785" lon="13.033210001885891">
        <ele>439.48</ele>
      </trkpt>
      <trkpt lat="37.78640002012253" lon="13.033219976350665">
        <ele>439.39</ele>
      </trkpt>
      <trkpt lat="37.78634000569582" lon="13.033219976350665">
        <ele>439.25</ele>
      </trkpt>
      <trkpt lat="37.78625995852053" lon="13.033219976350665">
        <ele>439.07</ele>
      </trkpt>
      <trkpt lat="37.786049991846085" lon="13.033240009099245">
        <ele>438.81</ele>
      </trkpt>
      <trkpt lat="37.7859800029546" lon="13.033240009099245">
        <ele>438.54</ele>
      </trkpt>
      <trkpt lat="37.78584002517164" lon="13.03324998356402">
        <ele>438.19</ele>
      </trkpt>
      <trkpt lat="37.78579995967448" lon="13.03324998356402">
        <ele>437.84</ele>
      </trkpt>
      <trkpt lat="37.78564992360771" lon="13.0332700163126">
        <ele>437.42</ele>
      </trkpt>
      <trkpt lat="37.785620000213385" lon="13.0332700163126">
        <ele>437.04</ele>
      </trkpt>
      <trkpt lat="37.78544004075229" lon="13.033289881423116">
        <ele>436.6</ele>
      </trkpt>
      <trkpt lat="37.785429982468486" lon="13.033289881423116">
        <ele>436.19</ele>
      </trkpt>
      <trkpt lat="37.78525999747217" lon="13.033289881423116">
        <ele>435.72</ele>
      </trkpt>
      <trkpt lat="37.78525002300739" lon="13.033289881423116">
        <ele>435.27</ele>
      </trkpt>
      <trkpt lat="37.78513996861875" lon="13.033300023525953">
        <ele>434.79</ele>
      </trkpt>
      <trkpt lat="37.78502999804914" lon="13.033309997990727">
        <ele>434.28</ele>
      </trkpt>
      <trkpt lat="37.785020023584366" lon="13.033309997990727">
        <ele>433.82</ele>
      </trkpt>
      <trkpt lat="37.78496000915766" lon="13.033330030739307">
        <ele>433.35</ele>
      </trkpt>
      <trkpt lat="37.78490996919572" lon="13.033340005204082">
        <ele>432.87</ele>
      </trkpt>
      <trkpt lat="37.784890020266175" lon="13.033340005204082">
        <ele>432.42</ele>
      </trkpt>
      <trkpt lat="37.78482003137469" lon="13.033360037952662">
        <ele>431.95</ele>
      </trkpt>
      <trkpt lat="37.784739984199405" lon="13.033389961346984">
        <ele>431.49</ele>
      </trkpt>
      <trkpt lat="37.78466002084315" lon="13.03342985920608">
        <ele>431.06</ele>
      </trkpt>
      <trkpt lat="37.78456002473831" lon="13.033479982987046">
        <ele>430.63</ele>
      </trkpt>
      <trkpt lat="37.784460028633475" lon="13.03353002294898">
        <ele>430.2</ele>
      </trkpt>
      <trkpt lat="37.78433999978006" lon="13.033600011840463">
        <ele>429.77</ele>
      </trkpt>
      <trkpt lat="37.78421997092664" lon="13.033670000731945">
        <ele>429.33</ele>
      </trkpt>
      <trkpt lat="37.784160040318966" lon="13.033709898591042">
        <ele>428.95</ele>
      </trkpt>
      <trkpt lat="37.78408996760845" lon="13.033759938552976">
        <ele>428.59</ele>
      </trkpt>
      <trkpt lat="37.784030037000775" lon="13.03380997851491">
        <ele>428.27</ele>
      </trkpt>
      <trkpt lat="37.783969938755035" lon="13.033860018476844">
        <ele>427.96</ele>
      </trkpt>
      <trkpt lat="37.78393004089594" lon="13.033890025690198">
        <ele>427.67</ele>
      </trkpt>
      <trkpt lat="37.78388997539878" lon="13.033920032903552">
        <ele>427.41</ele>
      </trkpt>
      <trkpt lat="37.78382996097207" lon="13.033969989046454">
        <ele>427.15</ele>
      </trkpt>
      <trkpt lat="37.78376986272633" lon="13.034009970724583">
        <ele>426.89</ele>
      </trkpt>
      <trkpt lat="37.78374002315104" lon="13.034030003473163">
        <ele>426.62</ele>
      </trkpt>
      <trkpt lat="37.7836799249053" lon="13.034050036221743">
        <ele>426.36</ele>
      </trkpt>
      <trkpt lat="37.78365000151098" lon="13.034069985151291">
        <ele>426.1</ele>
      </trkpt>
      <trkpt lat="37.783599961549044" lon="13.034079959616065">
        <ele>425.84</ele>
      </trkpt>
      <trkpt lat="37.78358990326524" lon="13.034079959616065">
        <ele>425.56</ele>
      </trkpt>
      <trkpt lat="37.78354003094137" lon="13.034079959616065">
        <ele>425.27</ele>
      </trkpt>
      <trkpt lat="37.78348001651466" lon="13.034079959616065">
        <ele>424.97</ele>
      </trkpt>
      <trkpt lat="37.78344003483653" lon="13.034079959616065">
        <ele>424.66</ele>
      </trkpt>
      <trkpt lat="37.78336996212602" lon="13.034079959616065">
        <ele>424.31</ele>
      </trkpt>
      <trkpt lat="37.78331003151834" lon="13.034069985151291">
        <ele>423.92</ele>
      </trkpt>
      <trkpt lat="37.783239958807826" lon="13.034069985151291">
        <ele>423.51</ele>
      </trkpt>
      <trkpt lat="37.78318002820015" lon="13.034069985151291">
        <ele>423.09</ele>
      </trkpt>
      <trkpt lat="37.78309998102486" lon="13.03409001789987">
        <ele>422.65</ele>
      </trkpt>
      <trkpt lat="37.78306997381151" lon="13.034099992364645">
        <ele>422.2</ele>
      </trkpt>
      <trkpt lat="37.78303996659815" lon="13.03410996682942">
        <ele>421.73</ele>
      </trkpt>
      <trkpt lat="37.78292002156377" lon="13.034169981256127">
        <ele>421.21</ele>
      </trkpt>
      <trkpt lat="37.78289998881519" lon="13.034190014004707">
        <ele>420.71</ele>
      </trkpt>
      <trkpt lat="37.782850032672286" lon="13.034220021218061">
        <ele>420.16</ele>
      </trkpt>
      <trkpt lat="37.78275003656745" lon="13.034290010109544">
        <ele>419.6</ele>
      </trkpt>
      <trkpt lat="37.78273989446461" lon="13.034290010109544">
        <ele>418.99</ele>
      </trkpt>
      <trkpt lat="37.78263000771403" lon="13.034329991787672">
        <ele>418.32</ele>
      </trkpt>
      <trkpt lat="37.78255993500352" lon="13.034359999001026">
        <ele>417.64</ele>
      </trkpt>
      <trkpt lat="37.78239003382623" lon="13.034399980679154">
        <ele>416.89</ele>
      </trkpt>
      <trkpt lat="37.782379975542426" lon="13.034399980679154">
        <ele>416.16</ele>
      </trkpt>
      <trkpt lat="37.78220999054611" lon="13.034439962357283">
        <ele>415.34</ele>
      </trkpt>
      <trkpt lat="37.78210999444127" lon="13.034480027854443">
        <ele>414.53</ele>
      </trkpt>
      <trkpt lat="37.78188996948302" lon="13.034580023959279">
        <ele>413.67</ele>
      </trkpt>
      <trkpt lat="37.781879995018244" lon="13.034589998424053">
        <ele>412.84</ele>
      </trkpt>
      <trkpt lat="37.78174001723528" lon="13.03466996178031">
        <ele>411.92</ele>
      </trkpt>
      <trkpt lat="37.78164002113044" lon="13.034750008955598">
        <ele>410.97</ele>
      </trkpt>
      <trkpt lat="37.781600039452314" lon="13.034789906814694">
        <ele>410.06</ele>
      </trkpt>
      <trkpt lat="37.781540025025606" lon="13.034859979525208">
        <ele>409.13</ele>
      </trkpt>
      <trkpt lat="37.78148998506367" lon="13.034910019487143">
        <ele>408.17</ele>
      </trkpt>
      <trkpt lat="37.78141999617219" lon="13.03495000116527">
        <ele>407.17</ele>
      </trkpt>
      <trkpt lat="37.781410021707416" lon="13.034959975630045">
        <ele>406.2</ele>
      </trkpt>
      <trkpt lat="37.78132000006735" lon="13.034979924559593">
        <ele>405.14</ele>
      </trkpt>
      <trkpt lat="37.78125001117587" lon="13.035010015591979">
        <ele>404.1</ele>
      </trkpt>
      <trkpt lat="37.78121002949774" lon="13.035019990056753">
        <ele>403.08</ele>
      </trkpt>
      <trkpt lat="37.78115998953581" lon="13.035019990056753">
        <ele>402.04</ele>
      </trkpt>
      <trkpt lat="37.78099000453949" lon="13.035129960626364">
        <ele>400.99</ele>
      </trkpt>
      <trkpt lat="37.780939964577556" lon="13.035129960626364">
        <ele>399.96</ele>
      </trkpt>
      <trkpt lat="37.780850026756525" lon="13.035129960626364">
        <ele>398.9</ele>
      </trkpt>
      <trkpt lat="37.780829994007945" lon="13.03514001891017">
        <ele>397.9</ele>
      </trkpt>
      <trkpt lat="37.780769895762205" lon="13.035159967839718">
        <ele>396.89</ele>
      </trkpt>
      <trkpt lat="37.78067987412214" lon="13.035200033336878">
        <ele>395.88</ele>
      </trkpt>
      <trkpt lat="37.780569987371564" lon="13.03524998947978">
        <ele>394.88</ele>
      </trkpt>
      <trkpt lat="37.78046001680195" lon="13.035319978371263">
        <ele>393.9</ele>
      </trkpt>
      <trkpt lat="37.78032003901899" lon="13.035419974476099">
        <ele>392.96</ele>
      </trkpt>
      <trkpt lat="37.780209900811315" lon="13.035509996116161">
        <ele>392.02</ele>
      </trkpt>
      <trkpt lat="37.78017997741699" lon="13.035530028864741">
        <ele>391.15</ele>
      </trkpt>
      <trkpt lat="37.78010998852551" lon="13.035600017756224">
        <ele>390.26</ele>
      </trkpt>
      <trkpt lat="37.7800499740988" lon="13.035660032182932">
        <ele>389.42</ele>
      </trkpt>
      <trkpt lat="37.77994000352919" lon="13.035770002752542">
        <ele>388.56</ele>
      </trkpt>
      <trkpt lat="37.77990002185106" lon="13.035819958895445">
        <ele>387.78</ele>
      </trkpt>
      <trkpt lat="37.77984998188913" lon="13.035869915038347">
        <ele>387.02</ele>
      </trkpt>
      <trkpt lat="37.779759960249066" lon="13.035949962213635">
        <ele>386.25</ele>
      </trkpt>
      <trkpt lat="37.779759960249066" lon="13.035960020497441">
        <ele>385.6</ele>
      </trkpt>
      <trkpt lat="37.779689971357584" lon="13.036009892821312">
        <ele>384.93</ele>
      </trkpt>
      <trkpt lat="37.7795700263232" lon="13.036099998280406">
        <ele>384.26</ele>
      </trkpt>
      <trkpt lat="37.77944002300501" lon="13.036220027133822">
        <ele>383.65</ele>
      </trkpt>
      <trkpt lat="37.779329968616366" lon="13.036329997703433">
        <ele>383.08</ele>
      </trkpt>
      <trkpt lat="37.77929996140301" lon="13.036369979381561">
        <ele>382.58</ele>
      </trkpt>
      <trkpt lat="37.779179932549596" lon="13.03653996437788">
        <ele>382.15</ele>
      </trkpt>
      <trkpt lat="37.77917004190385" lon="13.036550022661686">
        <ele>381.68</ele>
      </trkpt>
      <trkpt lat="37.77905001305044" lon="13.036699974909425">
        <ele>381.26</ele>
      </trkpt>
      <trkpt lat="37.77904003858566" lon="13.03671003319323">
        <ele>380.8</ele>
      </trkpt>
      <trkpt lat="37.778959991410375" lon="13.036820003762841">
        <ele>380.36</ele>
      </trkpt>
      <trkpt lat="37.778920009732246" lon="13.036910025402904">
        <ele>379.94</ele>
      </trkpt>
      <trkpt lat="37.77888991869986" lon="13.036970039829612">
        <ele>379.5</ele>
      </trkpt>
      <trkpt lat="37.778829988092184" lon="13.037089901044965">
        <ele>379.05</ele>
      </trkpt>
      <trkpt lat="37.77873996645212" lon="13.037259969860315">
        <ele>378.58</ele>
      </trkpt>
      <trkpt lat="37.77873996645212" lon="13.037270028144121">
        <ele>378.05</ele>
      </trkpt>
      <trkpt lat="37.778639970347285" lon="13.037389973178506">
        <ele>377.49</ele>
      </trkpt>
      <trkpt lat="37.778619937598705" lon="13.037419896572828">
        <ele>376.9</ele>
      </trkpt>
      <trkpt lat="37.77849999256432" lon="13.037559874355793">
        <ele>376.24</ele>
      </trkpt>
      <trkpt lat="37.77835004031658" lon="13.03771996870637">
        <ele>375.57</ele>
      </trkpt>
      <trkpt lat="37.77830000035465" lon="13.037709994241595">
        <ele>374.81</ele>
      </trkpt>
      <trkpt lat="37.778209978714585" lon="13.03771996870637">
        <ele>373.99</ele>
      </trkpt>
      <trkpt lat="37.778149880468845" lon="13.03771996870637">
        <ele>373.12</ele>
      </trkpt>
      <trkpt lat="37.77807000093162" lon="13.03771996870637">
        <ele>372.19</ele>
      </trkpt>
      <trkpt lat="37.777970004826784" lon="13.03774000145495">
        <ele>371.22</ele>
      </trkpt>
      <trkpt lat="37.77787998318672" lon="13.037770008668303">
        <ele>370.2</ele>
      </trkpt>
      <trkpt lat="37.77778996154666" lon="13.037809990346432">
        <ele>369.17</ele>
      </trkpt>
      <trkpt lat="37.777649983763695" lon="13.037860030308366">
        <ele>368.06</ele>
      </trkpt>
      <trkpt lat="37.77753003872931" lon="13.037909986451268">
        <ele>366.91</ele>
      </trkpt>
      <trkpt lat="37.77731001377106" lon="13.038009982556105">
        <ele>365.65</ele>
      </trkpt>
      <trkpt lat="37.7772800065577" lon="13.03802004083991">
        <ele>364.45</ele>
      </trkpt>
      <trkpt lat="37.77712997049093" lon="13.038100004196167">
        <ele>363.17</ele>
      </trkpt>
      <trkpt lat="37.77696995995939" lon="13.038179967552423">
        <ele>361.85</ele>
      </trkpt>
      <trkpt lat="37.77682000771165" lon="13.038250040262938">
        <ele>360.47</ele>
      </trkpt>
      <trkpt lat="37.77679997496307" lon="13.038260014727712">
        <ele>359.12</ele>
      </trkpt>
      <trkpt lat="37.776599982753396" lon="13.038360010832548">
        <ele>357.62</ele>
      </trkpt>
      <trkpt lat="37.77652001939714" lon="13.038390018045902">
        <ele>356.14</ele>
      </trkpt>
      <trkpt lat="37.77646000497043" lon="13.038399992510676">
        <ele>354.65</ele>
      </trkpt>
      <trkpt lat="37.7764200232923" lon="13.03840996697545">
        <ele>353.15</ele>
      </trkpt>
      <trkpt lat="37.776380041614175" lon="13.038420025259256">
        <ele>351.62</ele>
      </trkpt>
      <trkpt lat="37.77635003440082" lon="13.038399992510676">
        <ele>350.08</ele>
      </trkpt>
      <trkpt lat="37.77630996890366" lon="13.038379959762096">
        <ele>348.52</ele>
      </trkpt>
      <trkpt lat="37.77603001333773" lon="13.03829999640584">
        <ele>346.7</ele>
      </trkpt>
      <trkpt lat="37.77600998058915" lon="13.03829999640584">
        <ele>345.13</ele>
      </trkpt>
      <trkpt lat="37.77584997005761" lon="13.03829999640584">
        <ele>343.46</ele>
      </trkpt>
      <trkpt lat="37.77579003944993" lon="13.03829999640584">
        <ele>341.88</ele>
      </trkpt>
      <trkpt lat="37.775670010596514" lon="13.03832002915442">
        <ele>340.24</ele>
      </trkpt>
      <trkpt lat="37.77561997063458" lon="13.038330003619194">
        <ele>338.65</ele>
      </trkpt>
      <trkpt lat="37.77548996731639" lon="13.038339978083968">
        <ele>337.06</ele>
      </trkpt>
      <trkpt lat="37.775459960103035" lon="13.038339978083968">
        <ele>335.51</ele>
      </trkpt>
      <trkpt lat="37.775349989533424" lon="13.038360010832548">
        <ele>333.93</ele>
      </trkpt>
      <trkpt lat="37.77531998232007" lon="13.038369985297322">
        <ele>332.39</ele>
      </trkpt>
      <trkpt lat="37.77514002285898" lon="13.038439974188805">
        <ele>330.77</ele>
      </trkpt>
      <trkpt lat="37.77508000843227" lon="13.038460006937385">
        <ele>329.23</ele>
      </trkpt>
      <trkpt lat="37.77497003786266" lon="13.038499988615513">
        <ele>327.67</ele>
      </trkpt>
      <trkpt lat="37.77487004175782" lon="13.038539970293641">
        <ele>326.12</ele>
      </trkpt>
      <trkpt lat="37.77479996904731" lon="13.038560003042221">
        <ele>324.59</ele>
      </trkpt>
      <trkpt lat="37.774729980155826" lon="13.038569977506995">
        <ele>323.1</ele>
      </trkpt>
      <trkpt lat="37.774620009586215" lon="13.038580035790801">
        <ele>321.6</ele>
      </trkpt>
      <trkpt lat="37.7744999807328" lon="13.038589926436543">
        <ele>320.15</ele>
      </trkpt>
      <trkpt lat="37.77443996630609" lon="13.038580035790801">
        <ele>318.75</ele>
      </trkpt>
      <trkpt lat="37.774260006845" lon="13.038580035790801">
        <ele>317.3</ele>
      </trkpt>
      <trkpt lat="37.77413000352681" lon="13.038569977506995">
        <ele>315.88</ele>
      </trkpt>
      <trkpt lat="37.774060014635324" lon="13.038580035790801">
        <ele>314.49</ele>
      </trkpt>
      <trkpt lat="37.77396999299526" lon="13.03859998472035">
        <ele>313.13</ele>
      </trkpt>
      <trkpt lat="37.77390000410378" lon="13.038629991933703">
        <ele>311.78</ele>
      </trkpt>
      <trkpt lat="37.773829931393266" lon="13.038659999147058">
        <ele>310.43</ele>
      </trkpt>
      <trkpt lat="37.773760026320815" lon="13.038690006360412">
        <ele>309.1</ele>
      </trkpt>
      <trkpt lat="37.77373001910746" lon="13.038699980825186">
        <ele>307.82</ele>
      </trkpt>
      <trkpt lat="37.77367000468075" lon="13.038710039108992">
        <ele>306.53</ele>
      </trkpt>
      <trkpt lat="37.77356003411114" lon="13.03872998803854">
        <ele>305.22</ele>
      </trkpt>
      <trkpt lat="37.77353002689779" lon="13.038739962503314">
        <ele>303.98</ele>
      </trkpt>
      <trkpt lat="37.77337999083102" lon="13.038759995251894">
        <ele>302.68</ele>
      </trkpt>
      <trkpt lat="37.77308997698128" lon="13.038799976930022">
        <ele>301.37</ele>
      </trkpt>
      <trkpt lat="37.77284002862871" lon="13.038829984143376">
        <ele>300.14</ele>
      </trkpt>
      <trkpt lat="37.772559989243746" lon="13.03885999135673">
        <ele>298.86</ele>
      </trkpt>
      <trkpt lat="37.77249997481704" lon="13.03885999135673">
        <ele>297.68</ele>
      </trkpt>
      <trkpt lat="37.77241992764175" lon="13.03883995860815">
        <ele>296.52</ele>
      </trkpt>
      <trkpt lat="37.77238002978265" lon="13.038829984143376">
        <ele>295.36</ele>
      </trkpt>
      <trkpt lat="37.772299982607365" lon="13.038810035213828">
        <ele>294.21</ele>
      </trkpt>
      <trkpt lat="37.77213997207582" lon="13.03875002078712">
        <ele>293.05</ele>
      </trkpt>
      <trkpt lat="37.77206998318434" lon="13.038710039108992">
        <ele>291.86</ele>
      </trkpt>
      <trkpt lat="37.77203989215195" lon="13.038699980825186">
        <ele>290.67</ele>
      </trkpt>
      <trkpt lat="37.7719699870795" lon="13.038659999147058">
        <ele>289.46</ele>
      </trkpt>
      <trkpt lat="37.77187996543944" lon="13.038589926436543">
        <ele>288.25</ele>
      </trkpt>
      <trkpt lat="37.771869990974665" lon="13.038589926436543">
        <ele>287.03</ele>
      </trkpt>
      <trkpt lat="37.7717300131917" lon="13.038480039685965">
        <ele>285.77</ele>
      </trkpt>
      <trkpt lat="37.771679973229766" lon="13.038449864834547">
        <ele>284.51</ele>
      </trkpt>
      <trkpt lat="37.7715399954468" lon="13.038360010832548">
        <ele>283.19</ele>
      </trkpt>
      <trkpt lat="37.771289963275194" lon="13.038200000301003">
        <ele>281.72</ele>
      </trkpt>
      <trkpt lat="37.77124000713229" lon="13.038179967552423">
        <ele>280.39</ele>
      </trkpt>
      <trkpt lat="37.771099861711264" lon="13.038120036944747">
        <ele>278.99</ele>
      </trkpt>
      <trkpt lat="37.77095996774733" lon="13.038060022518039">
        <ele>277.59</ele>
      </trkpt>
      <trkpt lat="37.770900037139654" lon="13.038029931485653">
        <ele>276.24</ele>
      </trkpt>
      <trkpt lat="37.770819989964366" lon="13.03800000809133">
        <ele>274.88</ele>
      </trkpt>
      <trkpt lat="37.77060030028224" lon="13.037905124947429">
        <ele>273.42</ele>
      </trkpt>
      <trkpt lat="37.77038002386689" lon="13.037809990346432">
        <ele>272.02</ele>
      </trkpt>
      <trkpt lat="37.77026988565922" lon="13.03776003420353">
        <ele>270.66</ele>
      </trkpt>
      <trkpt lat="37.77021003887057" lon="13.03774000145495">
        <ele>269.35</ele>
      </trkpt>
      <trkpt lat="37.77005002833903" lon="13.037670012563467">
        <ele>267.99</ele>
      </trkpt>
      <trkpt lat="37.769869985058904" lon="13.037609998136759">
        <ele>266.66</ele>
      </trkpt>
      <trkpt lat="37.76975004002452" lon="13.037579990923405">
        <ele>265.38</ele>
      </trkpt>
      <trkpt lat="37.76969002559781" lon="13.03757001645863">
        <ele>264.16</ele>
      </trkpt>
      <trkpt lat="37.769590029492974" lon="13.037540009245276">
        <ele>262.94</ele>
      </trkpt>
      <trkpt lat="37.769340416416526" lon="13.037490053102374">
        <ele>261.72</ele>
      </trkpt>
      <trkpt lat="37.76908996514976" lon="13.03744001314044">
        <ele>260.48</ele>
      </trkpt>
      <trkpt lat="37.76881000958383" lon="13.037379998713732">
        <ele>259.23</ele>
      </trkpt>
      <trkpt lat="37.768649999052286" lon="13.037359965965152">
        <ele>258.06</ele>
      </trkpt>
      <trkpt lat="37.768580010160804" lon="13.037349991500378">
        <ele>256.94</ele>
      </trkpt>
      <trkpt lat="37.768410025164485" lon="13.037359965965152">
        <ele>255.81</ele>
      </trkpt>
      <trkpt lat="37.768240040168166" lon="13.037379998713732">
        <ele>254.73</ele>
      </trkpt>
      <trkpt lat="37.76808002963662" lon="13.037400031462312">
        <ele>253.64</ele>
      </trkpt>
      <trkpt lat="37.76802001520991" lon="13.037400031462312">
        <ele>252.58</ele>
      </trkpt>
      <trkpt lat="37.76792999356985" lon="13.037400031462312">
        <ele>251.53</ele>
      </trkpt>
      <trkpt lat="37.76782002300024" lon="13.037379998713732">
        <ele>250.49</ele>
      </trkpt>
      <trkpt lat="37.7677099686116" lon="13.037319984287024">
        <ele>249.46</ele>
      </trkpt>
      <trkpt lat="37.76760997250676" lon="13.037280002608895">
        <ele>248.44</ele>
      </trkpt>
      <trkpt lat="37.76743998751044" lon="13.037189980968833">
        <ele>247.43</ele>
      </trkpt>
      <trkpt lat="37.767400005832314" lon="13.037170032039285">
        <ele>246.45</ele>
      </trkpt>
      <trkpt lat="37.76734996587038" lon="13.03714002482593">
        <ele>245.46</ele>
      </trkpt>
      <trkpt lat="37.76720001362264" lon="13.037019995972514">
        <ele>244.44</ele>
      </trkpt>
      <trkpt lat="37.76706003583968" lon="13.03685998544097">
        <ele>243.4</ele>
      </trkpt>
      <trkpt lat="37.76694000698626" lon="13.036940032616258">
        <ele>242.39</ele>
      </trkpt>
      <trkpt lat="37.76685995981097" lon="13.03698998875916">
        <ele>241.37</ele>
      </trkpt>
      <trkpt lat="37.76683003641665" lon="13.03701002150774">
        <ele>240.34</ele>
      </trkpt>
      <trkpt lat="37.766779996454716" lon="13.037029970437288">
        <ele>239.29</ele>
      </trkpt>
      <trkpt lat="37.76658997870982" lon="13.037149999290705">
        <ele>238.22</ele>
      </trkpt>
      <trkpt lat="37.766519989818335" lon="13.037189980968833">
        <ele>237.12</ele>
      </trkpt>
      <trkpt lat="37.76631002314389" lon="13.037300035357475">
        <ele>235.95</ele>
      </trkpt>
      <trkpt lat="37.76608002372086" lon="13.03744001314044">
        <ele>234.76</ele>
      </trkpt>
      <trkpt lat="37.76602000929415" lon="13.037500027567148">
        <ele>233.57</ele>
      </trkpt>
      <trkpt lat="37.76592998765409" lon="13.03757001645863">
        <ele>232.35</ele>
      </trkpt>
      <trkpt lat="37.765680039301515" lon="13.037770008668303">
        <ele>231.05</ele>
      </trkpt>
      <trkpt lat="37.765469988808036" lon="13.037670012563467">
        <ele>229.77</ele>
      </trkpt>
      <trkpt lat="37.765215346589684" lon="13.037555180490017">
        <ele>228.47</ele>
      </trkpt>
      <trkpt lat="37.76496003381908" lon="13.03744001314044">
        <ele>227.13</ele>
      </trkpt>
      <trkpt lat="37.76477001607418" lon="13.037349991500378">
        <ele>225.74</ele>
      </trkpt>
      <trkpt lat="37.76468996889889" lon="13.03731000982225">
        <ele>224.36</ele>
      </trkpt>
      <trkpt lat="37.76460003107786" lon="13.037259969860315">
        <ele>222.96</ele>
      </trkpt>
      <trkpt lat="37.76442996226251" lon="13.037170032039285">
        <ele>221.51</ele>
      </trkpt>
      <trkpt lat="37.76435997337103" lon="13.03711999207735">
        <ele>220.1</ele>
      </trkpt>
      <trkpt lat="37.76427003555" lon="13.037089901044965">
        <ele>218.69</ele>
      </trkpt>
      <trkpt lat="37.764006927609444" lon="13.036982780322433">
        <ele>217.18</ele>
      </trkpt>
      <trkpt lat="37.76374390348792" lon="13.036875743418932">
        <ele>215.72</ele>
      </trkpt>
      <trkpt lat="37.763480795547366" lon="13.036768706515431">
        <ele>214.25</ele>
      </trkpt>
      <trkpt lat="37.76321601122618" lon="13.036660999059677">
        <ele>212.8</ele>
      </trkpt>
      <trkpt lat="37.76296824216843" lon="13.036492774263024">
        <ele>211.38</ele>
      </trkpt>
      <trkpt lat="37.76272055692971" lon="13.036324633285403">
        <ele>209.97</ele>
      </trkpt>
      <trkpt lat="37.76247203350067" lon="13.036155989393592">
        <ele>208.6</ele>
      </trkpt>
      <trkpt lat="37.762413024902344" lon="13.03600000217557">
        <ele>207.38</ele>
      </trkpt>
      <trkpt lat="37.76234035380185" lon="13.035808727145195">
        <ele>206.17</ele>
      </trkpt>
      <trkpt lat="37.762268017977476" lon="13.035618038848042">
        <ele>204.99</ele>
      </trkpt>
      <trkpt lat="37.76204598136246" lon="13.035399941727519">
        <ele>203.84</ele>
      </trkpt>
      <trkpt lat="37.762029971927404" lon="13.035419974476099">
        <ele>202.85</ele>
      </trkpt>
      <trkpt lat="37.76197004131973" lon="13.035349985584617">
        <ele>201.9</ele>
      </trkpt>
      <trkpt lat="37.761920001357794" lon="13.035300029441714">
        <ele>201.0</ele>
      </trkpt>
      <trkpt lat="37.76184397749603" lon="13.035224005579948">
        <ele>200.15</ele>
      </trkpt>
      <trkpt lat="37.761773988604546" lon="13.035047985613346">
        <ele>199.35</ele>
      </trkpt>
      <trkpt lat="37.76171699166298" lon="13.034975985065103">
        <ele>198.61</ele>
      </trkpt>
      <trkpt lat="37.76171003468335" lon="13.034919993951917">
        <ele>197.93</ele>
      </trkpt>
      <trkpt lat="37.76171992532909" lon="13.034620005637407">
        <ele>197.36</ele>
      </trkpt>
      <trkpt lat="37.76178002357483" lon="13.034424623474479">
        <ele>196.8</ele>
      </trkpt>
      <trkpt lat="37.76184003800154" lon="13.034229995682836">
        <ele>196.3</ele>
      </trkpt>
      <trkpt lat="37.761920001357794" lon="13.033979963511229">
        <ele>195.81</ele>
      </trkpt>
      <trkpt lat="37.762009939178824" lon="13.033670000731945">
        <ele>195.32</ele>
      </trkpt>
      <trkpt lat="37.762099876999855" lon="13.03337998688221">
        <ele>194.86</ele>
      </trkpt>
      <trkpt lat="37.762159975245595" lon="13.033200027421117">
        <ele>194.38</ele>
      </trkpt>
      <trkpt lat="37.76218595914543" lon="13.0330799985677">
        <ele>193.9</ele>
      </trkpt>
      <trkpt lat="37.76219299994409" lon="13.033048985525966">
        <ele>193.42</ele>
      </trkpt>
      <trkpt lat="37.76191086508334" lon="13.032909678295255">
        <ele>192.9</ele>
      </trkpt>
      <trkpt lat="37.761628814041615" lon="13.032770371064544">
        <ele>192.35</ele>
      </trkpt>
      <trkpt lat="37.76134676299989" lon="13.032631063833833">
        <ele>191.77</ele>
      </trkpt>
      <trkpt lat="37.761063035577536" lon="13.032491002231836">
        <ele>191.18</ele>
      </trkpt>
      <trkpt lat="37.76103001087904" lon="13.032480021938682">
        <ele>190.65</ele>
      </trkpt>
      <trkpt lat="37.76086002588272" lon="13.032440040260553">
        <ele>190.05</ele>
      </trkpt>
      <trkpt lat="37.76081996038556" lon="13.032280029729009">
        <ele>189.46</ele>
      </trkpt>
      <trkpt lat="37.760739997029305" lon="13.032150026410818">
        <ele>188.84</ele>
      </trkpt>
      <trkpt lat="37.760719964280725" lon="13.032109960913658">
        <ele>188.23</ele>
      </trkpt>
      <trkpt lat="37.76064997538924" lon="13.03196000866592">
        <ele>187.57</ele>
      </trkpt>
      <trkpt lat="37.76057998649776" lon="13.031820030882955">
        <ele>186.88</ele>
      </trkpt>
      <trkpt lat="37.76047999039292" lon="13.03159992210567">
        <ele>186.12</ele>
      </trkpt>
      <trkpt lat="37.76034001260996" lon="13.031690027564764">
        <ele>185.37</ele>
      </trkpt>
      <trkpt lat="37.76030992157757" lon="13.031700002029538">
        <ele>184.59</ele>
      </trkpt>
      <trkpt lat="37.760180002078414" lon="13.031779965385795">
        <ele>183.71</ele>
      </trkpt>
      <trkpt lat="37.76003994047642" lon="13.031850038096309">
        <ele>182.79</ele>
      </trkpt>
      <trkpt lat="37.760010017082095" lon="13.031850038096309">
        <ele>181.9</ele>
      </trkpt>
      <trkpt lat="37.75997003540397" lon="13.031860012561083">
        <ele>180.97</ele>
      </trkpt>
      <trkpt lat="37.75987003929913" lon="13.0318798776716">
        <ele>179.98</ele>
      </trkpt>
      <trkpt lat="37.75978999212384" lon="13.0318798776716">
        <ele>178.94</ele>
      </trkpt>
      <trkpt lat="37.759710028767586" lon="13.0318798776716">
        <ele>177.89</ele>
      </trkpt>
      <trkpt lat="37.75965001434088" lon="13.031860012561083">
        <ele>176.8</ele>
      </trkpt>
      <trkpt lat="37.759539959952235" lon="13.031779965385795">
        <ele>175.66</ele>
      </trkpt>
      <trkpt lat="37.75939512066543" lon="13.031690027564764">
        <ele>174.49</ele>
      </trkpt>
      <trkpt lat="37.75925002992153" lon="13.03159992210567">
        <ele>173.29</ele>
      </trkpt>
      <trkpt lat="37.759150033816695" lon="13.03153001703322">
        <ele>172.03</ele>
      </trkpt>
      <trkpt lat="37.75909001938999" lon="13.031500009819865">
        <ele>170.76</ele>
      </trkpt>
      <trkpt lat="37.758999997749925" lon="13.031479977071285">
        <ele>169.42</ele>
      </trkpt>
      <trkpt lat="37.758890027180314" lon="13.031409988179803">
        <ele>168.06</ele>
      </trkpt>
      <trkpt lat="37.758809896185994" lon="13.0313600320369">
        <ele>166.69</ele>
      </trkpt>
      <trkpt lat="37.75873001664877" lon="13.031309992074966">
        <ele>165.29</ele>
      </trkpt>
      <trkpt lat="37.758549973368645" lon="13.031200021505356">
        <ele>163.79</ele>
      </trkpt>
      <trkpt lat="37.75851996615529" lon="13.031179988756776">
        <ele>162.36</ele>
      </trkpt>
      <trkpt lat="37.75847998447716" lon="13.03112986497581">
        <ele>160.91</ele>
      </trkpt>
      <trkpt lat="37.75840999558568" lon="13.031019978225231">
        <ele>159.45</ele>
      </trkpt>
      <trkpt lat="37.758289966732264" lon="13.030810011550784">
        <ele>157.93</ele>
      </trkpt>
      <trkpt lat="37.75817002169788" lon="13.030599961057305">
        <ele>156.39</ele>
      </trkpt>
      <trkpt lat="37.758119981735945" lon="13.030489990487695">
        <ele>154.88</ele>
      </trkpt>
      <trkpt lat="37.75805996730924" lon="13.030389994382858">
        <ele>153.35</ele>
      </trkpt>
      <trkpt lat="37.75796986185014" lon="13.030199725180864">
        <ele>151.78</ele>
      </trkpt>
      <trkpt lat="37.757880007848144" lon="13.03000995889306">
        <ele>150.18</ele>
      </trkpt>
      <trkpt lat="37.75778998620808" lon="13.029820024967194">
        <ele>148.57</ele>
      </trkpt>
      <trkpt lat="37.75768487714231" lon="13.029634868726134">
        <ele>146.98</ele>
      </trkpt>
      <trkpt lat="37.757580019533634" lon="13.02944996394217">
        <ele>145.41</ele>
      </trkpt>
      <trkpt lat="37.75746996514499" lon="13.029179982841015">
        <ele>143.79</ele>
      </trkpt>
      <trkpt lat="37.757390001788735" lon="13.02893003448844">
        <ele>142.16</ele>
      </trkpt>
      <trkpt lat="37.75735002011061" lon="13.02882987074554">
        <ele>140.63</ele>
      </trkpt>
      <trkpt lat="37.75732001289725" lon="13.028729958459735">
        <ele>139.13</ele>
      </trkpt>
      <trkpt lat="37.75723082944751" lon="13.028433490544558">
        <ele>137.63</ele>
      </trkpt>
      <trkpt lat="37.75714198127389" lon="13.02813802845776">
        <ele>136.19</ele>
      </trkpt>
      <trkpt lat="37.75712002068758" lon="13.028064016252756">
        <ele>134.85</ele>
      </trkpt>
      <trkpt lat="37.75706000626087" lon="13.027996877208352">
        <ele>133.53</ele>
      </trkpt>
      <trkpt lat="37.75699404068291" lon="13.027924038469791">
        <ele>132.26</ele>
      </trkpt>
      <trkpt lat="37.756957998499274" lon="13.027784982696176">
        <ele>131.06</ele>
      </trkpt>
      <trkpt lat="37.75695003569126" lon="13.027690015733242">
        <ele>129.93</ele>
      </trkpt>
      <trkpt lat="37.75695003569126" lon="13.027590019628406">
        <ele>128.86</ele>
      </trkpt>
      <trkpt lat="37.756960010156035" lon="13.027460016310215">
        <ele>127.83</ele>
      </trkpt>
      <trkpt lat="37.75699001736939" lon="13.027349961921573">
        <ele>126.87</ele>
      </trkpt>
      <trkpt lat="37.75702999904752" lon="13.027230016887188">
        <ele>126.01</ele>
      </trkpt>
      <trkpt lat="37.75711507536471" lon="13.027049805969">
        <ele>125.22</ele>
      </trkpt>
      <trkpt lat="37.75719998404384" lon="13.02687001414597">
        <ele>124.48</ele>
      </trkpt>
      <trkpt lat="37.757259998470545" lon="13.026749985292554">
        <ele>123.81</ele>
      </trkpt>
      <trkpt lat="37.757309870794415" lon="13.026549993082881">
        <ele>123.15</ele>
      </trkpt>
      <trkpt lat="37.75735999457538" lon="13.026370033621788">
        <ele>122.58</ele>
      </trkpt>
      <trkpt lat="37.75739989243448" lon="13.026109859347343">
        <ele>122.07</ele>
      </trkpt>
      <trkpt lat="37.75742000900209" lon="13.02601003088057">
        <ele>121.62</ele>
      </trkpt>
      <trkpt lat="37.75742000900209" lon="13.025959990918636">
        <ele>121.24</ele>
      </trkpt>
      <trkpt lat="37.75742000900209" lon="13.025920009240508">
        <ele>120.91</ele>
      </trkpt>
      <trkpt lat="37.75739989243448" lon="13.025850020349026">
        <ele>120.64</ele>
      </trkpt>
      <trkpt lat="37.757369969040155" lon="13.025799980387092">
        <ele>120.4</ele>
      </trkpt>
      <trkpt lat="37.75732001289725" lon="13.02575002424419">
        <ele>120.2</ele>
      </trkpt>
      <trkpt lat="37.75726997293532" lon="13.02570995874703">
        <ele>120.05</ele>
      </trkpt>
      <trkpt lat="37.756999991834164" lon="13.025620020925999">
        <ele>119.96</ele>
      </trkpt>
      <trkpt lat="37.756960010156035" lon="13.025599988177419">
        <ele>119.88</ele>
      </trkpt>
      <trkpt lat="37.75692002847791" lon="13.02556000649929">
        <ele>119.83</ele>
      </trkpt>
      <trkpt lat="37.756850039586425" lon="13.025469984859228">
        <ele>119.83</ele>
      </trkpt>
      <trkpt lat="37.7566699963063" lon="13.025230010971427">
        <ele>119.82</ele>
      </trkpt>
      <trkpt lat="37.75663001462817" lon="13.025160022079945">
        <ele>119.84</ele>
      </trkpt>
      <trkpt lat="37.7564559224993" lon="13.024907894432545">
        <ele>119.84</ele>
      </trkpt>
      <trkpt lat="37.756281830370426" lon="13.024655850604177">
        <ele>119.9</ele>
      </trkpt>
      <trkpt lat="37.756107822060585" lon="13.024403722956777">
        <ele>120.0</ele>
      </trkpt>
      <trkpt lat="37.75593372993171" lon="13.024151679128408">
        <ele>120.08</ele>
      </trkpt>
      <trkpt lat="37.755759973078966" lon="13.023899970576167">
        <ele>120.14</ele>
      </trkpt>
      <trkpt lat="37.755689984187484" lon="13.023780025541782">
        <ele>120.21</ele>
      </trkpt>
      <trkpt lat="37.755650002509356" lon="13.023680029436946">
        <ele>120.27</ele>
      </trkpt>
      <trkpt lat="37.75559996254742" lon="13.023480037227273">
        <ele>120.32</ele>
      </trkpt>
      <trkpt lat="37.75550549849868" lon="13.02314660511911">
        <ele>120.37</ele>
      </trkpt>
      <trkpt lat="37.755411034449935" lon="13.022813173010945">
        <ele>120.44</ele>
      </trkpt>
      <trkpt lat="37.75531665422022" lon="13.022479824721813">
        <ele>120.5</ele>
      </trkpt>
      <trkpt lat="37.75522219017148" lon="13.02214639261365">
        <ele>120.56</ele>
      </trkpt>
      <trkpt lat="37.75512772612274" lon="13.021812960505486">
        <ele>120.58</ele>
      </trkpt>
      <trkpt lat="37.755033345893025" lon="13.021479612216353">
        <ele>120.55</ele>
      </trkpt>
      <trkpt lat="37.754939971491694" lon="13.021150035783648">
        <ele>120.54</ele>
      </trkpt>
      <trkpt lat="37.754899989813566" lon="13.020979966968298">
        <ele>120.55</ele>
      </trkpt>
      <trkpt lat="37.754850033670664" lon="13.020779974758625">
        <ele>120.54</ele>
      </trkpt>
      <trkpt lat="37.754794880747795" lon="13.020519465208054">
        <ele>120.55</ele>
      </trkpt>
      <trkpt lat="37.75473997928202" lon="13.020259961485863">
        <ele>120.54</ele>
      </trkpt>
      <trkpt lat="37.754687340930104" lon="13.01995687186718">
        <ele>120.49</ele>
      </trkpt>
      <trkpt lat="37.75463478639722" lon="13.019653782248497">
        <ele>120.41</ele>
      </trkpt>
      <trkpt lat="37.7545821480453" lon="13.019350776448846">
        <ele>120.28</ele>
      </trkpt>
      <trkpt lat="37.754530012607574" lon="13.019050033763051">
        <ele>120.17</ele>
      </trkpt>
      <trkpt lat="37.75446002371609" lon="13.018709979951382">
        <ele>120.01</ele>
      </trkpt>
      <trkpt lat="37.754449965432286" lon="13.018669998273253">
        <ele>119.85</ele>
      </trkpt>
      <trkpt lat="37.75443999096751" lon="13.0186399910599">
        <ele>119.66</ele>
      </trkpt>
      <trkpt lat="37.75443001650274" lon="13.01861995831132">
        <ele>119.46</ele>
      </trkpt>
      <trkpt lat="37.75440998375416" lon="13.018590034916997">
        <ele>119.24</ele>
      </trkpt>
      <trkpt lat="37.75437000207603" lon="13.018560027703643">
        <ele>119.0</ele>
      </trkpt>
      <trkpt lat="37.754339994862676" lon="13.018539994955063">
        <ele>118.74</ele>
      </trkpt>
      <trkpt lat="37.75430990383029" lon="13.018519962206483">
        <ele>118.48</ele>
      </trkpt>
      <trkpt lat="37.75429003871977" lon="13.018509903922677">
        <ele>118.2</ele>
      </trkpt>
      <trkpt lat="37.75424997322261" lon="13.018509903922677">
        <ele>117.92</ele>
      </trkpt>
      <trkpt lat="37.75408996269107" lon="13.018500013276935">
        <ele>117.59</ele>
      </trkpt>
      <trkpt lat="37.75385996326804" lon="13.018509903922677">
        <ele>117.22</ele>
      </trkpt>
      <trkpt lat="37.753800032660365" lon="13.018509903922677">
        <ele>116.92</ele>
      </trkpt>
      <trkpt lat="37.7537499088794" lon="13.018500013276935">
        <ele>116.63</ele>
      </trkpt>
      <trkpt lat="37.7537100110203" lon="13.01849003881216">
        <ele>116.36</ele>
      </trkpt>
      <trkpt lat="37.75365997105837" lon="13.01847000606358">
        <ele>116.09</ele>
      </trkpt>
      <trkpt lat="37.75360004045069" lon="13.018439998850226">
        <ele>115.85</ele>
      </trkpt>
      <trkpt lat="37.75355000048876" lon="13.018389958888292">
        <ele>115.64</ele>
      </trkpt>
      <trkpt lat="37.75348998606205" lon="13.018319886177778">
        <ele>115.46</ele>
      </trkpt>
      <trkpt lat="37.7534700371325" lon="13.018300021067262">
        <ele>115.3</ele>
      </trkpt>
      <trkpt lat="37.75339996442199" lon="13.01823003217578">
        <ele>115.17</ele>
      </trkpt>
      <trkpt lat="37.75338998995721" lon="13.0182099994272">
        <ele>115.09</ele>
      </trkpt>
      <trkpt lat="37.7533698733896" lon="13.01818996667862">
        <ele>115.05</ele>
      </trkpt>
      <trkpt lat="37.75335998274386" lon="13.018170017749071">
        <ele>115.05</ele>
      </trkpt>
      <trkpt lat="37.75334003381431" lon="13.018140010535717">
        <ele>115.09</ele>
      </trkpt>
      <trkpt lat="37.75332000106573" lon="13.018100028857589">
        <ele>115.19</ele>
      </trkpt>
      <trkpt lat="37.75332000106573" lon="13.018089970573783">
        <ele>115.33</ele>
      </trkpt>
      <trkpt lat="37.75327993556857" lon="13.0180199816823">
        <ele>115.53</ele>
      </trkpt>
      <trkpt lat="37.75318991392851" lon="13.017819989472628">
        <ele>115.79</ele>
      </trkpt>
      <trkpt lat="37.7530765067786" lon="13.017583033069968">
        <ele>116.08</ele>
      </trkpt>
      <trkpt lat="37.75296309962869" lon="13.01734616048634">
        <ele>116.39</ele>
      </trkpt>
      <trkpt lat="37.7528500277549" lon="13.017109958454967">
        <ele>116.82</ele>
      </trkpt>
      <trkpt lat="37.75280484929681" lon="13.016849448904395">
        <ele>117.38</ele>
      </trkpt>
      <trkpt lat="37.75276000611484" lon="13.016590029001236">
        <ele>117.97</ele>
      </trkpt>
      <trkpt lat="37.752749947831035" lon="13.016329435631633">
        <ele>118.58</ele>
      </trkpt>
      <trkpt lat="37.75273997336626" lon="13.016069931909442">
        <ele>119.19</ele>
      </trkpt>
      <trkpt lat="37.75273997336626" lon="13.016010001301765">
        <ele>119.88</ele>
      </trkpt>
      <trkpt lat="37.752769980579615" lon="13.015819983556867">
        <ele>120.66</ele>
      </trkpt>
      <trkpt lat="37.75279998779297" lon="13.015619991347194">
        <ele>121.52</ele>
      </trkpt>
      <trkpt lat="37.75289000943303" lon="13.015359984710813">
        <ele>122.51</ele>
      </trkpt>
      <trkpt lat="37.753000147640705" lon="13.015064522624016">
        <ele>123.5</ele>
      </trkpt>
      <trkpt lat="37.753110034391284" lon="13.014769982546568">
        <ele>124.53</ele>
      </trkpt>
      <trkpt lat="37.753180023282766" lon="13.01456001587212">
        <ele>125.58</ele>
      </trkpt>
      <trkpt lat="37.7532699611038" lon="13.014219962060452">
        <ele>126.64</ele>
      </trkpt>
      <trkpt lat="37.75329996831715" lon="13.013970013707876">
        <ele>127.73</ele>
      </trkpt>
      <trkpt lat="37.75329996831715" lon="13.013919973745942">
        <ele>128.88</ele>
      </trkpt>
      <trkpt lat="37.75331002660096" lon="13.013600036501884">
        <ele>130.13</ele>
      </trkpt>
      <trkpt lat="37.75329996831715" lon="13.01339996047318">
        <ele>131.4</ele>
      </trkpt>
      <trkpt lat="37.75325001217425" lon="13.013080023229122">
        <ele>132.77</ele>
      </trkpt>
      <trkpt lat="37.753180023282766" lon="13.012829907238483">
        <ele>134.11</ele>
      </trkpt>
      <trkpt lat="37.75306980125606" lon="13.012511897832155">
        <ele>135.44</ele>
      </trkpt>
      <trkpt lat="37.75295966304839" lon="13.012193972244859">
        <ele>136.77</ele>
      </trkpt>
      <trkpt lat="37.75284944102168" lon="13.011876046657562">
        <ele>138.1</ele>
      </trkpt>
      <trkpt lat="37.75273997336626" lon="13.011559965088964">
        <ele>139.49</ele>
      </trkpt>
      <trkpt lat="37.75267987512052" lon="13.01137464120984">
        <ele>140.9</ele>
      </trkpt>
      <trkpt lat="37.752620028331876" lon="13.01118990406394">
        <ele>142.34</ele>
      </trkpt>
      <trkpt lat="37.75255003944039" lon="13.010850017890334">
        <ele>143.86</ele>
      </trkpt>
      <trkpt lat="37.752490025013685" lon="13.010529996827245">
        <ele>145.33</ele>
      </trkpt>
      <trkpt lat="37.75246001780033" lon="13.010139986872673">
        <ele>146.79</ele>
      </trkpt>
      <trkpt lat="37.75246001780033" lon="13.009900012984872">
        <ele>148.23</ele>
      </trkpt>
      <trkpt lat="37.75247996672988" lon="13.009570017457008">
        <ele>149.67</ele>
      </trkpt>
      <trkpt lat="37.752519864588976" lon="13.009249996393919">
        <ele>151.17</ele>
      </trkpt>
      <trkpt lat="37.752579962834716" lon="13.008964424952865">
        <ele>152.71</ele>
      </trkpt>
      <trkpt lat="37.752639977261424" lon="13.008680026978254">
        <ele>154.21</ele>
      </trkpt>
      <trkpt lat="37.752769980579615" lon="13.008429743349552">
        <ele>155.7</ele>
      </trkpt>
      <trkpt lat="37.75289990007877" lon="13.00817996263504">
        <ele>157.1</ele>
      </trkpt>
      <trkpt lat="37.75295999832451" lon="13.008279874920845">
        <ele>158.48</ele>
      </trkpt>
      <trkpt lat="37.75308002717793" lon="13.008439969271421">
        <ele>159.87</ele>
      </trkpt>
      <trkpt lat="37.75327993556857" lon="13.0086500197649">
        <ele>161.24</ele>
      </trkpt>
      <trkpt lat="37.75334003381431" lon="13.008710034191608">
        <ele>162.55</ele>
      </trkpt>
      <trkpt lat="37.7534700371325" lon="13.008859986439347">
        <ele>163.87</ele>
      </trkpt>
      <trkpt lat="37.75366332381964" lon="13.009093254804611">
        <ele>165.2</ele>
      </trkpt>
      <trkpt lat="37.75385661050677" lon="13.009326523169875">
        <ele>166.48</ele>
      </trkpt>
      <trkpt lat="37.75404998101294" lon="13.009559959173203">
        <ele>167.72</ele>
      </trkpt>
      <trkpt lat="37.75416003540158" lon="13.009649980813265">
        <ele>168.9</ele>
      </trkpt>
      <trkpt lat="37.75430001318455" lon="13.00980999134481">
        <ele>170.06</ele>
      </trkpt>
      <trkpt lat="37.7545200381428" lon="13.01009003072977">
        <ele>171.22</ele>
      </trkpt>
      <trkpt lat="37.75459002703428" lon="13.010169994086027">
        <ele>172.34</ele>
      </trkpt>
      <trkpt lat="37.754790019243956" lon="13.010450033470988">
        <ele>173.42</ele>
      </trkpt>
      <trkpt lat="37.75492496788502" lon="13.010619934648275">
        <ele>174.52</ele>
      </trkpt>
      <trkpt lat="37.75506000034511" lon="13.010790003463626">
        <ele>175.6</ele>
      </trkpt>
      <trkpt lat="37.755179945379496" lon="13.010924952104688">
        <ele>176.65</ele>
      </trkpt>
      <trkpt lat="37.75529938749969" lon="13.01105939783156">
        <ele>177.68</ele>
      </trkpt>
      <trkpt lat="37.75529980659485" lon="13.011059816926718">
        <ele>178.68</ele>
      </trkpt>
      <trkpt lat="37.75529997423291" lon="13.011059984564781">
        <ele>179.66</ele>
      </trkpt>
      <trkpt lat="37.755519999191165" lon="13.011340023949742">
        <ele>180.64</ele>
      </trkpt>
      <trkpt lat="37.75558998808265" lon="13.011429961770773">
        <ele>181.58</ele>
      </trkpt>
      <trkpt lat="37.755759973078966" lon="13.011659877374768">
        <ele>182.54</ele>
      </trkpt>
      <trkpt lat="37.75598997250199" lon="13.011930026113987">
        <ele>183.52</ele>
      </trkpt>
      <trkpt lat="37.756104888394475" lon="13.012074865400791">
        <ele>184.46</ele>
      </trkpt>
      <trkpt lat="37.75621997192502" lon="13.012219872325659">
        <ele>185.36</ele>
      </trkpt>
      <trkpt lat="37.75643999688327" lon="13.012479962781072">
        <ele>186.22</ele>
      </trkpt>
      <trkpt lat="37.75656002573669" lon="13.012620024383068">
        <ele>187.08</ele>
      </trkpt>
      <trkpt lat="37.75669002905488" lon="13.012760002166033">
        <ele>187.96</ele>
      </trkpt>
      <trkpt lat="37.75682003237307" lon="13.012910038232803">
        <ele>188.82</ele>
      </trkpt>
      <trkpt lat="37.75692002847791" lon="13.01301003433764">
        <ele>189.66</ele>
      </trkpt>
      <trkpt lat="37.75702999904752" lon="13.012869972735643">
        <ele>190.44</ele>
      </trkpt>
      <trkpt lat="37.75719663128257" lon="13.012653216719627">
        <ele>191.2</ele>
      </trkpt>
      <trkpt lat="37.75736326351762" lon="13.012436544522643">
        <ele>191.93</ele>
      </trkpt>
      <trkpt lat="37.7575299795717" lon="13.012219872325659">
        <ele>192.67</ele>
      </trkpt>
      <trkpt lat="37.75765495374799" lon="13.012054832652211">
        <ele>193.33</ele>
      </trkpt>
      <trkpt lat="37.757779927924275" lon="13.011889960616827">
        <ele>193.93</ele>
      </trkpt>
      <trkpt lat="37.75788998231292" lon="13.011739924550056">
        <ele>194.47</ele>
      </trkpt>
      <trkpt lat="37.75800003670156" lon="13.011589972302318">
        <ele>194.95</ele>
      </trkpt>
      <trkpt lat="37.75815996341407" lon="13.011364918202162">
        <ele>195.41</ele>
      </trkpt>
      <trkpt lat="37.75831997394562" lon="13.01114003174007">
        <ele>195.84</ele>
      </trkpt>
      <trkpt lat="37.7583899628371" lon="13.011059984564781">
        <ele>196.11</ele>
      </trkpt>
      <trkpt lat="37.75843002833426" lon="13.010989995673299">
        <ele>196.29</ele>
      </trkpt>
      <trkpt lat="37.758570006117225" lon="13.0107999779284">
        <ele>196.4</ele>
      </trkpt>
      <trkpt lat="37.75861996226013" lon="13.010739963501692">
        <ele>196.41</ele>
      </trkpt>
      <trkpt lat="37.7586299367249" lon="13.010719930753112">
        <ele>196.34</ele>
      </trkpt>
      <trkpt lat="37.75864996947348" lon="13.01069000735879">
        <ele>196.18</ele>
      </trkpt>
      <trkpt lat="37.75866002775729" lon="13.010639967396855">
        <ele>195.95</ele>
      </trkpt>
      <trkpt lat="37.75866002775729" lon="13.010599985718727">
        <ele>195.64</ele>
      </trkpt>
      <trkpt lat="37.75866002775729" lon="13.010560004040599">
        <ele>195.25</ele>
      </trkpt>
      <trkpt lat="37.75864996947348" lon="13.010509964078665">
        <ele>194.78</ele>
      </trkpt>
      <trkpt lat="37.758440002799034" lon="13.010290022939444">
        <ele>194.19</ele>
      </trkpt>
      <trkpt lat="37.75821997784078" lon="13.01004996523261">
        <ele>193.45</ele>
      </trkpt>
      <trkpt lat="37.75817002169788" lon="13.009990034624934">
        <ele>192.73</ele>
      </trkpt>
      <trkpt lat="37.757970029488206" lon="13.009760035201907">
        <ele>191.82</ele>
      </trkpt>
      <trkpt lat="37.757859975099564" lon="13.00961997359991">
        <ele>190.93</ele>
      </trkpt>
      <trkpt lat="37.75782996788621" lon="13.009579991921782">
        <ele>190.06</ele>
      </trkpt>
      <trkpt lat="37.757799960672855" lon="13.009519977495074">
        <ele>189.12</ele>
      </trkpt>
      <trkpt lat="37.75778998620808" lon="13.009430039674044">
        <ele>188.14</ele>
      </trkpt>
      <trkpt lat="37.75778487324715" lon="13.009184449911118">
        <ele>187.08</ele>
      </trkpt>
      <trkpt lat="37.757779927924275" lon="13.008940033614635">
        <ele>185.99</ele>
      </trkpt>
      <trkpt lat="37.757779927924275" lon="13.008710034191608">
        <ele>184.9</ele>
      </trkpt>
      <trkpt lat="37.757779927924275" lon="13.008550023660064">
        <ele>183.78</ele>
      </trkpt>
      <trkpt lat="37.757779927924275" lon="13.008319521322846">
        <ele>182.63</ele>
      </trkpt>
      <trkpt lat="37.757779927924275" lon="13.00809002481401">
        <ele>181.45</ele>
      </trkpt>
      <trkpt lat="37.75776986964047" lon="13.007829431444407">
        <ele>180.3</ele>
      </trkpt>
      <trkpt lat="37.75775997899473" lon="13.007570011541247">
        <ele>179.13</ele>
      </trkpt>
      <trkpt lat="37.75775997899473" lon="13.007479989901185">
        <ele>177.98</ele>
      </trkpt>
      <trkpt lat="37.75774489156902" lon="13.007214367389679">
        <ele>176.78</ele>
      </trkpt>
      <trkpt lat="37.75772997178137" lon="13.006950002163649">
        <ele>175.58</ele>
      </trkpt>
      <trkpt lat="37.75772494263947" lon="13.006714470684528">
        <ele>174.39</ele>
      </trkpt>
      <trkpt lat="37.7577199973166" lon="13.00648002885282">
        <ele>173.23</ele>
      </trkpt>
      <trkpt lat="37.757710022851825" lon="13.006380032747984">
        <ele>172.12</ele>
      </trkpt>
      <trkpt lat="37.75772997178137" lon="13.006109967827797">
        <ele>171.0</ele>
      </trkpt>
      <trkpt lat="37.75772997178137" lon="13.005999997258186">
        <ele>169.92</ele>
      </trkpt>
      <trkpt lat="37.75774003006518" lon="13.00587996840477">
        <ele>168.87</ele>
      </trkpt>
      <trkpt lat="37.75774003006518" lon="13.005860019475222">
        <ele>167.86</ele>
      </trkpt>
      <trkpt lat="37.75775000452995" lon="13.00574996508658">
        <ele>166.87</ele>
      </trkpt>
      <trkpt lat="37.75775997899473" lon="13.005660027265549">
        <ele>165.9</ele>
      </trkpt>
      <trkpt lat="37.75769996456802" lon="13.005479983985424">
        <ele>164.92</ele>
      </trkpt>
      <trkpt lat="37.75772997178137" lon="13.005440002307296">
        <ele>164.0</ele>
      </trkpt>
      <trkpt lat="37.75774003006518" lon="13.005419969558716">
        <ele>163.09</ele>
      </trkpt>
      <trkpt lat="37.75775000452995" lon="13.005400020629168">
        <ele>162.22</ele>
      </trkpt>
      <trkpt lat="37.75775000452995" lon="13.005379987880588">
        <ele>161.36</ele>
      </trkpt>
      <trkpt lat="37.75775000452995" lon="13.005369929596782">
        <ele>160.53</ele>
      </trkpt>
      <trkpt lat="37.75775000452995" lon="13.005349980667233">
        <ele>159.7</ele>
      </trkpt>
      <trkpt lat="37.75789492763579" lon="13.005169937387109">
        <ele>158.83</ele>
      </trkpt>
      <trkpt lat="37.75804001837969" lon="13.004989977926016">
        <ele>157.97</ele>
      </trkpt>
      <trkpt lat="37.75813004001975" lon="13.004789985716343">
        <ele>157.11</ele>
      </trkpt>
      <trkpt lat="37.75798000395298" lon="13.004729971289635">
        <ele>156.35</ele>
      </trkpt>
      <trkpt lat="37.757779927924275" lon="13.004680015146732">
        <ele>155.63</ele>
      </trkpt>
      <trkpt lat="37.75751547887921" lon="13.004640033468604">
        <ele>154.91</ele>
      </trkpt>
      <trkpt lat="37.75725002400577" lon="13.004599967971444">
        <ele>154.19</ele>
      </trkpt>
      <trkpt lat="37.75722999125719" lon="13.004599967971444">
        <ele>153.46</ele>
      </trkpt>
      <trkpt lat="37.75712991133332" lon="13.00458999350667">
        <ele>152.75</ele>
      </trkpt>
      <trkpt lat="37.75700996629894" lon="13.004540037363768">
        <ele>152.01</ele>
      </trkpt>
      <trkpt lat="37.756734201684594" lon="13.004358233883977">
        <ele>151.16</ele>
      </trkpt>
      <trkpt lat="37.75645852088928" lon="13.004176430404186">
        <ele>150.47</ele>
      </trkpt>
      <trkpt lat="37.75618284009397" lon="13.003994626924396">
        <ele>149.78</ele>
      </trkpt>
      <trkpt lat="37.75590715929866" lon="13.003812823444605">
        <ele>148.92</ele>
      </trkpt>
      <trkpt lat="37.755629885941744" lon="13.003630014136434">
        <ele>148.17</ele>
      </trkpt>
      <trkpt lat="37.755450094118714" lon="13.00351015292108">
        <ele>147.39</ele>
      </trkpt>
      <trkpt lat="37.75526996701956" lon="13.003390040248632">
        <ele>146.62</ele>
      </trkpt>
      <trkpt lat="37.75521003641188" lon="13.003360033035278">
        <ele>145.9</ele>
      </trkpt>
      <trkpt lat="37.75516997091472" lon="13.003349974751472">
        <ele>145.2</ele>
      </trkpt>
      <trkpt lat="37.75500996038318" lon="13.003340000286698">
        <ele>144.49</ele>
      </trkpt>
      <trkpt lat="37.75477987714112" lon="13.003330025821924">
        <ele>143.75</ele>
      </trkpt>
      <trkpt lat="37.75460000149906" lon="13.003319967538118">
        <ele>143.01</ele>
      </trkpt>
      <trkpt lat="37.75456001982093" lon="13.003330025821924">
        <ele>142.36</ele>
      </trkpt>
      <trkpt lat="37.754320381209254" lon="13.003452317789197">
        <ele>141.77</ele>
      </trkpt>
      <trkpt lat="37.75408074259758" lon="13.00357460975647">
        <ele>141.12</ele>
      </trkpt>
      <trkpt lat="37.753841103985906" lon="13.003696901723742">
        <ele>140.45</ele>
      </trkpt>
      <trkpt lat="37.75360004045069" lon="13.003820031881332">
        <ele>139.81</ele>
      </trkpt>
      <trkpt lat="37.753310445696115" lon="13.003964703530073">
        <ele>139.2</ele>
      </trkpt>
      <trkpt lat="37.75302001275122" lon="13.004109961912036">
        <ele>138.57</ele>
      </trkpt>
      <trkpt lat="37.75280987843871" lon="13.00418003462255">
        <ele>138.0</ele>
      </trkpt>
      <trkpt lat="37.75265003554523" lon="13.004210041835904">
        <ele>137.41</ele>
      </trkpt>
      <trkpt lat="37.75256001390517" lon="13.004220016300678">
        <ele>136.85</ele>
      </trkpt>
      <trkpt lat="37.752469992265105" lon="13.004220016300678">
        <ele>136.3</ele>
      </trkpt>
      <trkpt lat="37.752190539613366" lon="13.004165031015873">
        <ele>135.68</ele>
      </trkpt>
      <trkpt lat="37.751909997314215" lon="13.004109961912036">
        <ele>135.12</ele>
      </trkpt>
      <trkpt lat="37.75186004117131" lon="13.004109961912036">
        <ele>134.64</ele>
      </trkpt>
      <trkpt lat="37.75181000120938" lon="13.004109961912036">
        <ele>134.16</ele>
      </trkpt>
      <trkpt lat="37.751719979569316" lon="13.004129994660616">
        <ele>133.68</ele>
      </trkpt>
      <trkpt lat="37.75167999789119" lon="13.00413996912539">
        <ele>133.23</ele>
      </trkpt>
      <trkpt lat="37.751420410349965" lon="13.004224793985486">
        <ele>132.77</ele>
      </trkpt>
      <trkpt lat="37.751159984618425" lon="13.00431003794074">
        <ele>132.39</ele>
      </trkpt>
      <trkpt lat="37.751029981300235" lon="13.004320012405515">
        <ele>132.02</ele>
      </trkpt>
      <trkpt lat="37.750899977982044" lon="13.004320012405515">
        <ele>131.64</ele>
      </trkpt>
      <trkpt lat="37.750810040161014" lon="13.004299979656935">
        <ele>131.23</ele>
      </trkpt>
      <trkpt lat="37.75056998245418" lon="13.004199983552098">
        <ele>130.77</ele>
      </trkpt>
      <trkpt lat="37.750469986349344" lon="13.00413996912539">
        <ele>130.34</ele>
      </trkpt>
      <trkpt lat="37.7503099758178" lon="13.004060005769134">
        <ele>129.91</ele>
      </trkpt>
      <trkpt lat="37.750300001353025" lon="13.00405003130436">
        <ele>129.49</ele>
      </trkpt>
      <trkpt lat="37.7502600196749" lon="13.004020024091005">
        <ele>129.08</ele>
      </trkpt>
      <trkpt lat="37.75023998692632" lon="13.003999991342425">
        <ele>128.67</ele>
      </trkpt>
      <trkpt lat="37.75009489618242" lon="13.003809973597527">
        <ele>128.21</ele>
      </trkpt>
      <trkpt lat="37.74994997307658" lon="13.00362003967166">
        <ele>127.75</ele>
      </trkpt>
      <trkpt lat="37.749829944223166" lon="13.003485007211566">
        <ele>127.3</ele>
      </trkpt>
      <trkpt lat="37.74970999918878" lon="13.003349974751472">
        <ele>126.85</ele>
      </trkpt>
      <trkpt lat="37.74957999587059" lon="13.003230029717088">
        <ele>126.38</ele>
      </trkpt>
      <trkpt lat="37.74933993816376" lon="13.003040011972189">
        <ele>125.9</ele>
      </trkpt>
      <trkpt lat="37.749289982020855" lon="13.003010004758835">
        <ele>125.45</ele>
      </trkpt>
      <trkpt lat="37.74927003309131" lon="13.002989972010255">
        <ele>125.0</ele>
      </trkpt>
      <trkpt lat="37.74917003698647" lon="13.002910008653998">
        <ele>124.54</ele>
      </trkpt>
      <trkpt lat="37.74904003366828" lon="13.002810012549162">
        <ele>124.07</ele>
      </trkpt>
      <trkpt lat="37.748989993706346" lon="13.002780005335808">
        <ele>123.61</ele>
      </trkpt>
      <trkpt lat="37.74892997927964" lon="13.002749998122454">
        <ele>123.14</ele>
      </trkpt>
      <trkpt lat="37.74885001592338" lon="13.00274002365768">
        <ele>122.67</ele>
      </trkpt>
      <trkpt lat="37.74876996874809" lon="13.00274002365768">
        <ele>122.19</ele>
      </trkpt>
      <trkpt lat="37.74868003092706" lon="13.002749998122454">
        <ele>121.7</ele>
      </trkpt>
      <trkpt lat="37.748669972643256" lon="13.002749998122454">
        <ele>121.23</ele>
      </trkpt>
      <trkpt lat="37.748599983751774" lon="13.002780005335808">
        <ele>120.74</ele>
      </trkpt>
      <trkpt lat="37.74852002039552" lon="13.002810012549162">
        <ele>120.25</ele>
      </trkpt>
      <trkpt lat="37.74839001707733" lon="13.002900034189224">
        <ele>119.75</ele>
      </trkpt>
      <trkpt lat="37.74819999933243" lon="13.003110000863671">
        <ele>119.23</ele>
      </trkpt>
      <trkpt lat="37.74801987223327" lon="13.003340000286698">
        <ele>118.71</ele>
      </trkpt>
      <trkpt lat="37.747830022126436" lon="13.003560025244951">
        <ele>118.14</ele>
      </trkpt>
      <trkpt lat="37.74777000769973" lon="13.003700003027916">
        <ele>117.64</ele>
      </trkpt>
      <trkpt lat="37.747740000486374" lon="13.003830006346107">
        <ele>117.17</ele>
      </trkpt>
      <trkpt lat="37.7477300260216" lon="13.003979958593845">
        <ele>116.72</ele>
      </trkpt>
      <trkpt lat="37.747740000486374" lon="13.004090012982488">
        <ele>116.27</ele>
      </trkpt>
      <trkpt lat="37.747760033234954" lon="13.004169976338744">
        <ele>115.84</ele>
      </trkpt>
      <trkpt lat="37.74779004044831" lon="13.004239965230227">
        <ele>115.41</ele>
      </trkpt>
      <trkpt lat="37.747830022126436" lon="13.004320012405515">
        <ele>114.99</ele>
      </trkpt>
      <trkpt lat="37.74801987223327" lon="13.004550011828542">
        <ele>114.56</ele>
      </trkpt>
      <trkpt lat="37.74815482087433" lon="13.004694934934378">
        <ele>114.12</ele>
      </trkpt>
      <trkpt lat="37.74829002097249" lon="13.004840025678277">
        <ele>113.7</ele>
      </trkpt>
      <trkpt lat="37.74833000265062" lon="13.00488998182118">
        <ele>113.28</ele>
      </trkpt>
      <trkpt lat="37.74852496571839" lon="13.005114868283272">
        <ele>112.86</ele>
      </trkpt>
      <trkpt lat="37.74872001260519" lon="13.00534000620246">
        <ele>112.44</ele>
      </trkpt>
      <trkpt lat="37.74895001202822" lon="13.005609987303615">
        <ele>111.99</ele>
      </trkpt>
      <trkpt lat="37.749070040881634" lon="13.00574996508658">
        <ele>111.59</ele>
      </trkpt>
      <trkpt lat="37.74908001534641" lon="13.00576999783516">
        <ele>111.19</ele>
      </trkpt>
      <trkpt lat="37.749119997024536" lon="13.00583990290761">
        <ele>110.78</ele>
      </trkpt>
      <trkpt lat="37.749159978702664" lon="13.005930008366704">
        <ele>110.38</ele>
      </trkpt>
      <trkpt lat="37.74919996038079" lon="13.006039978936315">
        <ele>109.98</ele>
      </trkpt>
      <trkpt lat="37.74925502948463" lon="13.006295375525951">
        <ele>109.57</ele>
      </trkpt>
      <trkpt lat="37.749310014769435" lon="13.006550017744303">
        <ele>109.15</ele>
      </trkpt>
      <trkpt lat="37.74937002919614" lon="13.006829973310232">
        <ele>108.7</ele>
      </trkpt>
      <trkpt lat="37.7494499925524" lon="13.007199866697192">
        <ele>108.3</ele>
      </trkpt>
      <trkpt lat="37.74927522987127" lon="13.007259797304869">
        <ele>107.89</ele>
      </trkpt>
      <trkpt lat="37.749099964275956" lon="13.00731997936964">
        <ele>107.53</ele>
      </trkpt>
      <trkpt lat="37.74892997927964" lon="13.007379993796349">
        <ele>107.19</ele>
      </trkpt>
      <trkpt lat="37.748670391738415" lon="13.007469763979316">
        <ele>106.78</ele>
      </trkpt>
      <trkpt lat="37.748410888016224" lon="13.007559617981315">
        <ele>106.35</ele>
      </trkpt>
      <trkpt lat="37.74815138429403" lon="13.007649471983314">
        <ele>105.96</ele>
      </trkpt>
      <trkpt lat="37.747890036553144" lon="13.007739996537566">
        <ele>105.62</ele>
      </trkpt>
      <trkpt lat="37.747640423476696" lon="13.007823145017028">
        <ele>105.3</ele>
      </trkpt>
      <trkpt lat="37.74739089421928" lon="13.007906377315521">
        <ele>104.96</ele>
      </trkpt>
      <trkpt lat="37.747140023857355" lon="13.007990028709173">
        <ele>104.62</ele>
      </trkpt>
      <trkpt lat="37.74686451070011" lon="13.008085833862424">
        <ele>104.3</ele>
      </trkpt>
      <trkpt lat="37.74658899754286" lon="13.008181639015675">
        <ele>103.99</ele>
      </trkpt>
      <trkpt lat="37.74631348438561" lon="13.008277444168925">
        <ele>103.72</ele>
      </trkpt>
      <trkpt lat="37.74603797122836" lon="13.008373249322176">
        <ele>103.45</ele>
      </trkpt>
      <trkpt lat="37.74576002731919" lon="13.008469976484776">
        <ele>103.16</ele>
      </trkpt>
      <trkpt lat="37.745460541918874" lon="13.008569721132517">
        <ele>102.89</ele>
      </trkpt>
      <trkpt lat="37.74515996687114" lon="13.008669968694448">
        <ele>102.67</ele>
      </trkpt>
      <trkpt lat="37.74495695717633" lon="13.008739789947867">
        <ele>102.42</ele>
      </trkpt>
      <trkpt lat="37.74475394748151" lon="13.008809695020318">
        <ele>102.18</ele>
      </trkpt>
      <trkpt lat="37.74454993195832" lon="13.008880019187927">
        <ele>101.99</ele>
      </trkpt>
      <trkpt lat="37.74435002356768" lon="13.00895000807941">
        <ele>101.83</ele>
      </trkpt>
      <trkpt lat="37.74415036663413" lon="13.009014884009957">
        <ele>101.68</ele>
      </trkpt>
      <trkpt lat="37.74395003914833" lon="13.0090800113976">
        <ele>101.55</ele>
      </trkpt>
      <trkpt lat="37.74395003914833" lon="13.009089985862374">
        <ele>101.44</ele>
      </trkpt>
      <trkpt lat="37.743775276467204" lon="13.009144887328148">
        <ele>101.35</ele>
      </trkpt>
      <trkpt lat="37.74360001087189" lon="13.009200040251017">
        <ele>101.29</ele>
      </trkpt>
      <trkpt lat="37.74354997090995" lon="13.009240021929145">
        <ele>101.25</ele>
      </trkpt>
      <trkpt lat="37.74340999312699" lon="13.009340018033981">
        <ele>101.24</ele>
      </trkpt>
      <trkpt lat="37.743255849927664" lon="13.009644197300076">
        <ele>101.23</ele>
      </trkpt>
      <trkpt lat="37.74310170672834" lon="13.009948460385203">
        <ele>101.24</ele>
      </trkpt>
      <trkpt lat="37.742947563529015" lon="13.01025272347033">
        <ele>101.21</ele>
      </trkpt>
      <trkpt lat="37.74279342032969" lon="13.010556986555457">
        <ele>101.26</ele>
      </trkpt>
      <trkpt lat="37.74264003150165" lon="13.010859908536077">
        <ele>101.29</ele>
      </trkpt>
      <trkpt lat="37.74257993325591" lon="13.010959988459945">
        <ele>101.34</ele>
      </trkpt>
      <trkpt lat="37.74248991161585" lon="13.011049926280975">
        <ele>101.4</ele>
      </trkpt>
      <trkpt lat="37.74242998100817" lon="13.011110024526715">
        <ele>101.47</ele>
      </trkpt>
      <trkpt lat="37.74238002486527" lon="13.011150006204844">
        <ele>101.57</ele>
      </trkpt>
      <trkpt lat="37.742220014333725" lon="13.0112299695611">
        <ele>101.68</ele>
      </trkpt>
      <trkpt lat="37.74215002544224" lon="13.011280009523034">
        <ele>101.8</ele>
      </trkpt>
      <trkpt lat="37.74193528108299" lon="13.011389812454581">
        <ele>101.92</ele>
      </trkpt>
      <trkpt lat="37.74172003380954" lon="13.011500034481287">
        <ele>102.05</ele>
      </trkpt>
      <trkpt lat="37.74154988117516" lon="13.011579997837543">
        <ele>102.23</ele>
      </trkpt>
      <trkpt lat="37.74139003828168" lon="13.011670019477606">
        <ele>102.42</ele>
      </trkpt>
      <trkpt lat="37.74120002053678" lon="13.011760041117668">
        <ele>102.66</ele>
      </trkpt>
      <trkpt lat="37.741019977256656" lon="13.011849978938699">
        <ele>102.9</ele>
      </trkpt>
      <trkpt lat="37.74091998115182" lon="13.011919967830181">
        <ele>103.16</ele>
      </trkpt>
      <trkpt lat="37.74085996672511" lon="13.01197998225689">
        <ele>103.44</ele>
      </trkpt>
      <trkpt lat="37.74081998504698" lon="13.012030022218823">
        <ele>103.74</ele>
      </trkpt>
      <trkpt lat="37.74071487598121" lon="13.012179974466562">
        <ele>104.06</ele>
      </trkpt>
      <trkpt lat="37.740609934553504" lon="13.012330010533333">
        <ele>104.4</ele>
      </trkpt>
      <trkpt lat="37.740473141893744" lon="13.012546766549349">
        <ele>104.78</ele>
      </trkpt>
      <trkpt lat="37.74033643305302" lon="13.012763522565365">
        <ele>105.17</ele>
      </trkpt>
      <trkpt lat="37.740199975669384" lon="13.012980027124286">
        <ele>105.59</ele>
      </trkpt>
      <trkpt lat="37.74008489213884" lon="13.01316007040441">
        <ele>106.03</ele>
      </trkpt>
      <trkpt lat="37.73996997624636" lon="13.013340029865503">
        <ele>106.49</ele>
      </trkpt>
      <trkpt lat="37.739860005676746" lon="13.013519989326596">
        <ele>106.95</ele>
      </trkpt>
      <trkpt lat="37.739689936861396" lon="13.01378502510488">
        <ele>107.45</ele>
      </trkpt>
      <trkpt lat="37.73952003568411" lon="13.014049893245101">
        <ele>107.92</ele>
      </trkpt>
      <trkpt lat="37.739409981295466" lon="13.014219962060452">
        <ele>108.42</ele>
      </trkpt>
      <trkpt lat="37.73940000683069" lon="13.01423991099">
        <ele>108.87</ele>
      </trkpt>
      <trkpt lat="37.739319959655404" lon="13.014349965378642">
        <ele>109.35</ele>
      </trkpt>
      <trkpt lat="37.73926002904773" lon="13.01440997980535">
        <ele>109.82</ele>
      </trkpt>
      <trkpt lat="37.73919993080199" lon="13.014449961483479">
        <ele>110.29</ele>
      </trkpt>
      <trkpt lat="37.73913002572954" lon="13.014490026980639">
        <ele>110.77</ele>
      </trkpt>
      <trkpt lat="37.739060036838055" lon="13.01451986655593">
        <ele>111.23</ele>
      </trkpt>
      <trkpt lat="37.73898996412754" lon="13.01453998312354">
        <ele>111.7</ele>
      </trkpt>
      <trkpt lat="37.73869718424976" lon="13.014599829912186">
        <ele>112.26</ele>
      </trkpt>
      <trkpt lat="37.73840448819101" lon="13.014659760519862">
        <ele>112.77</ele>
      </trkpt>
      <trkpt lat="37.73811003193259" lon="13.014720026403666">
        <ele>113.26</ele>
      </trkpt>
      <trkpt lat="37.73783049546182" lon="13.014784818515182">
        <ele>113.76</ele>
      </trkpt>
      <trkpt lat="37.73755104281008" lon="13.01484969444573">
        <ele>114.19</ele>
      </trkpt>
      <trkpt lat="37.73727159015834" lon="13.014914570376277">
        <ele>114.57</ele>
      </trkpt>
      <trkpt lat="37.73698995821178" lon="13.014980033040047">
        <ele>114.97</ele>
      </trkpt>
      <trkpt lat="37.73690002039075" lon="13.014999981969595">
        <ele>115.4</ele>
      </trkpt>
      <trkpt lat="37.73680999875069" lon="13.015020014718175">
        <ele>115.82</ele>
      </trkpt>
      <trkpt lat="37.736740009859204" lon="13.015020014718175">
        <ele>116.25</ele>
      </trkpt>
      <trkpt lat="37.736630039289594" lon="13.015020014718175">
        <ele>116.67</ele>
      </trkpt>
      <trkpt lat="37.73633558303118" lon="13.014945080503821">
        <ele>117.16</ele>
      </trkpt>
      <trkpt lat="37.73604003712535" lon="13.014869978651404">
        <ele>117.62</ele>
      </trkpt>
      <trkpt lat="37.735767206177115" lon="13.014783393591642">
        <ele>118.08</ele>
      </trkpt>
      <trkpt lat="37.73549437522888" lon="13.014696892350912">
        <ele>118.51</ele>
      </trkpt>
      <trkpt lat="37.73522003553808" lon="13.014609972015023">
        <ele>118.91</ele>
      </trkpt>
      <trkpt lat="37.73500034585595" lon="13.014540066942573">
        <ele>119.32</ele>
      </trkpt>
      <trkpt lat="37.73477998562157" lon="13.014469994232059">
        <ele>119.73</ele>
      </trkpt>
      <trkpt lat="37.73464000783861" lon="13.01440997980535">
        <ele>120.14</ele>
      </trkpt>
      <trkpt lat="37.73455996066332" lon="13.014339990913868">
        <ele>120.56</ele>
      </trkpt>
      <trkpt lat="37.73447002284229" lon="13.014249969273806">
        <ele>121.0</ele>
      </trkpt>
      <trkpt lat="37.734389975667" lon="13.014109991490841">
        <ele>121.46</ele>
      </trkpt>
      <trkpt lat="37.734279837459326" lon="13.013859707862139">
        <ele>121.95</ele>
      </trkpt>
      <trkpt lat="37.73416969925165" lon="13.013609424233437">
        <ele>122.44</ele>
      </trkpt>
      <trkpt lat="37.734059980139136" lon="13.013359978795052">
        <ele>122.91</ele>
      </trkpt>
      <trkpt lat="37.73391312919557" lon="13.013022858649492">
        <ele>123.36</ele>
      </trkpt>
      <trkpt lat="37.733766278252006" lon="13.012685822322965">
        <ele>123.85</ele>
      </trkpt>
      <trkpt lat="37.73362001404166" lon="13.012349959462881">
        <ele>124.35</ele>
      </trkpt>
      <trkpt lat="37.73355002515018" lon="13.012170000001788">
        <ele>124.85</ele>
      </trkpt>
      <trkpt lat="37.73340652696788" lon="13.011836232617497">
        <ele>125.38</ele>
      </trkpt>
      <trkpt lat="37.733263028785586" lon="13.011502549052238">
        <ele>125.98</ele>
      </trkpt>
      <trkpt lat="37.73312003351748" lon="13.011170038953424">
        <ele>126.61</ele>
      </trkpt>
      <trkpt lat="37.73296999745071" lon="13.010829985141754">
        <ele>127.21</ele>
      </trkpt>
      <trkpt lat="37.73287486284971" lon="13.010604679584503">
        <ele>127.83</ele>
      </trkpt>
      <trkpt lat="37.73277997970581" lon="13.010379960760474">
        <ele>128.49</ele>
      </trkpt>
      <trkpt lat="37.73267487064004" lon="13.010149709880352">
        <ele>129.16</ele>
      </trkpt>
      <trkpt lat="37.73257001303136" lon="13.00991996191442">
        <ele>129.81</ele>
      </trkpt>
      <trkpt lat="37.73250002413988" lon="13.009779900312424">
        <ele>130.49</ele>
      </trkpt>
      <trkpt lat="37.7324300352484" lon="13.00966003909707">
        <ele>131.18</ele>
      </trkpt>
      <trkpt lat="37.73234001360834" lon="13.009549984708428">
        <ele>131.9</ele>
      </trkpt>
      <trkpt lat="37.73225988261402" lon="13.00948997028172">
        <ele>132.65</ele>
      </trkpt>
      <trkpt lat="37.73218000307679" lon="13.009440014138818">
        <ele>133.43</ele>
      </trkpt>
      <trkpt lat="37.73189996369183" lon="13.009319985285401">
        <ele>134.25</ele>
      </trkpt>
      <trkpt lat="37.731650015339255" lon="13.00921001471579">
        <ele>135.06</ele>
      </trkpt>
      <trkpt lat="37.73148003034294" lon="13.009140025824308">
        <ele>135.9</ele>
      </trkpt>
      <trkpt lat="37.731239972636104" lon="13.009010022506118">
        <ele>136.82</ele>
      </trkpt>
      <trkpt lat="37.73107996210456" lon="13.008880019187927">
        <ele>137.73</ele>
      </trkpt>
      <trkpt lat="37.7308551594615" lon="13.00869008526206">
        <ele>138.67</ele>
      </trkpt>
      <trkpt lat="37.73063002154231" lon="13.00849998369813">
        <ele>139.67</ele>
      </trkpt>
      <trkpt lat="37.73050001822412" lon="13.008399987593293">
        <ele>140.68</ele>
      </trkpt>
      <trkpt lat="37.73031343705952" lon="13.00824006088078">
        <ele>141.74</ele>
      </trkpt>
      <trkpt lat="37.730126939713955" lon="13.008080217987299">
        <ele>142.79</ele>
      </trkpt>
      <trkpt lat="37.72994002327323" lon="13.00792003981769">
        <ele>143.88</ele>
      </trkpt>
      <trkpt lat="37.729755118489265" lon="13.007770087569952">
        <ele>144.97</ele>
      </trkpt>
      <trkpt lat="37.729569962248206" lon="13.00761996768415">
        <ele>146.02</ele>
      </trkpt>
      <trkpt lat="37.72948999889195" lon="13.007589960470796">
        <ele>147.04</ele>
      </trkpt>
      <trkpt lat="37.72941003553569" lon="13.007579986006021">
        <ele>148.07</ele>
      </trkpt>
      <trkpt lat="37.72939997725189" lon="13.007579986006021">
        <ele>149.08</ele>
      </trkpt>
      <trkpt lat="37.72934993728995" lon="13.007600018754601">
        <ele>150.11</ele>
      </trkpt>
      <trkpt lat="37.72929998114705" lon="13.007630025967956">
        <ele>151.15</ele>
      </trkpt>
      <trkpt lat="37.72925002500415" lon="13.007679982110858">
        <ele>152.19</ele>
      </trkpt>
      <trkpt lat="37.72920995950699" lon="13.00777000375092">
        <ele>153.22</ele>
      </trkpt>
      <trkpt lat="37.72916997782886" lon="13.007909981533885">
        <ele>154.25</ele>
      </trkpt>
      <trkpt lat="37.72912999615073" lon="13.008060017600656">
        <ele>155.26</ele>
      </trkpt>
      <trkpt lat="37.72910996340215" lon="13.008269984275103">
        <ele>156.26</ele>
      </trkpt>
      <trkpt lat="37.729069981724024" lon="13.008419936522841">
        <ele>157.27</ele>
      </trkpt>
      <trkpt lat="37.729030000045896" lon="13.008529990911484">
        <ele>158.3</ele>
      </trkpt>
      <trkpt lat="37.72899001836777" lon="13.008599979802966">
        <ele>159.31</ele>
      </trkpt>
      <trkpt lat="37.72893997840583" lon="13.008699975907803">
        <ele>160.34</ele>
      </trkpt>
      <trkpt lat="37.72876001894474" lon="13.008899968117476">
        <ele>161.39</ele>
      </trkpt>
      <trkpt lat="37.72866999730468" lon="13.008980015292764">
        <ele>162.4</ele>
      </trkpt>
      <trkpt lat="37.72856002673507" lon="13.0090800113976">
        <ele>163.41</ele>
      </trkpt>
      <trkpt lat="37.72847997955978" lon="13.009119993075728">
        <ele>164.42</ele>
      </trkpt>
      <trkpt lat="37.728340001776814" lon="13.00918998196721">
        <ele>165.44</ele>
      </trkpt>
      <trkpt lat="37.72830999456346" lon="13.009200040251017">
        <ele>166.42</ele>
      </trkpt>
      <trkpt lat="37.728115282952785" lon="13.009254857897758">
        <ele>167.43</ele>
      </trkpt>
      <trkpt lat="37.72791998460889" lon="13.009310010820627">
        <ele>168.48</ele>
      </trkpt>
      <trkpt lat="37.72776022553444" lon="13.009354854002595">
        <ele>169.48</ele>
      </trkpt>
      <trkpt lat="37.7275999635458" lon="13.00940003246069">
        <ele>170.46</ele>
      </trkpt>
      <trkpt lat="37.72751002572477" lon="13.009410006925464">
        <ele>171.43</ele>
      </trkpt>
      <trkpt lat="37.72742997854948" lon="13.009389974176884">
        <ele>172.39</ele>
      </trkpt>
      <trkpt lat="37.727329982444644" lon="13.009310010820627">
        <ele>173.39</ele>
      </trkpt>
      <trkpt lat="37.72728002630174" lon="13.009219905361533">
        <ele>174.4</ele>
      </trkpt>
      <trkpt lat="37.72725001908839" lon="13.009140025824308">
        <ele>175.4</ele>
      </trkpt>
      <trkpt lat="37.72723996080458" lon="13.00905997864902">
        <ele>176.39</ele>
      </trkpt>
      <trkpt lat="37.72723996080458" lon="13.009040029719472">
        <ele>177.35</ele>
      </trkpt>
      <trkpt lat="37.72725001908839" lon="13.00895000807941">
        <ele>178.33</ele>
      </trkpt>
      <trkpt lat="37.727290000766516" lon="13.008699975907803">
        <ele>179.33</ele>
      </trkpt>
      <trkpt lat="37.72734004072845" lon="13.008439969271421">
        <ele>180.33</ele>
      </trkpt>
      <trkpt lat="37.72736996412277" lon="13.008260009810328">
        <ele>181.27</ele>
      </trkpt>
      <trkpt lat="37.72738999687135" lon="13.008099999278784">
        <ele>182.2</ele>
      </trkpt>
      <trkpt lat="37.727399971336126" lon="13.008030010387301">
        <ele>183.12</ele>
      </trkpt>
      <trkpt lat="37.72738999687135" lon="13.007949879392982">
        <ele>184.06</ele>
      </trkpt>
      <trkpt lat="37.72736996412277" lon="13.007819959893823">
        <ele>185.0</ele>
      </trkpt>
      <trkpt lat="37.72728983312845" lon="13.007609657943249">
        <ele>185.97</ele>
      </trkpt>
      <trkpt lat="37.72721003741026" lon="13.007400026544929">
        <ele>186.91</ele>
      </trkpt>
      <trkpt lat="37.72710987366736" lon="13.007169691845775">
        <ele>187.82</ele>
      </trkpt>
      <trkpt lat="37.727009961381555" lon="13.006940027698874">
        <ele>188.71</ele>
      </trkpt>
      <trkpt lat="37.72689001634717" lon="13.006689995527267">
        <ele>189.6</ele>
      </trkpt>
      <trkpt lat="37.72683000192046" lon="13.006610032171011">
        <ele>190.5</ele>
      </trkpt>
      <trkpt lat="37.72669999860227" lon="13.006469970569015">
        <ele>191.41</ele>
      </trkpt>
      <trkpt lat="37.726485170423985" lon="13.006310127675533">
        <ele>192.34</ele>
      </trkpt>
      <trkpt lat="37.72627000696957" lon="13.006150033324957">
        <ele>193.24</ele>
      </trkpt>
      <trkpt lat="37.72623999975622" lon="13.00611985847354">
        <ele>194.06</ele>
      </trkpt>
      <trkpt lat="37.72596993483603" lon="13.00592003390193">
        <ele>194.96</ele>
      </trkpt>
      <trkpt lat="37.72581000812352" lon="13.005779972299933">
        <ele>195.81</ele>
      </trkpt>
      <trkpt lat="37.72564999759197" lon="13.005590038374066">
        <ele>196.64</ele>
      </trkpt>
      <trkpt lat="37.725476659834385" lon="13.005386693403125">
        <ele>197.45</ele>
      </trkpt>
      <trkpt lat="37.7253033220768" lon="13.005183348432183">
        <ele>198.27</ele>
      </trkpt>
      <trkpt lat="37.72512998431921" lon="13.004980003461242">
        <ele>199.0</ele>
      </trkpt>
      <trkpt lat="37.72511003538966" lon="13.004949912428856">
        <ele>199.64</ele>
      </trkpt>
      <trkpt lat="37.724924962967634" lon="13.004729971289635">
        <ele>200.26</ele>
      </trkpt>
      <trkpt lat="37.72473997436464" lon="13.004510030150414">
        <ele>200.86</ele>
      </trkpt>
      <trkpt lat="37.724579963833094" lon="13.004320012405515">
        <ele>201.43</ele>
      </trkpt>
      <trkpt lat="37.72450997494161" lon="13.004199983552098">
        <ele>201.94</ele>
      </trkpt>
      <trkpt lat="37.72450000047684" lon="13.004169976338744">
        <ele>202.4</ele>
      </trkpt>
      <trkpt lat="37.72446990944445" lon="13.004090012982488">
        <ele>202.83</ele>
      </trkpt>
      <trkpt lat="37.72446001879871" lon="13.003969984129071">
        <ele>203.17</ele>
      </trkpt>
      <trkpt lat="37.72446990944445" lon="13.003820031881332">
        <ele>203.48</ele>
      </trkpt>
      <trkpt lat="37.72453000769019" lon="13.003639988601208">
        <ele>203.75</ele>
      </trkpt>
      <trkpt lat="37.724559931084514" lon="13.003519959747791">
        <ele>204.04</ele>
      </trkpt>
      <trkpt lat="37.72465607151389" lon="13.003187365829945">
        <ele>204.37</ele>
      </trkpt>
      <trkpt lat="37.72475221194327" lon="13.00285485573113">
        <ele>204.73</ele>
      </trkpt>
      <trkpt lat="37.724848352372646" lon="13.002522345632315">
        <ele>205.04</ele>
      </trkpt>
      <trkpt lat="37.724944576621056" lon="13.0021898355335">
        <ele>205.26</ele>
      </trkpt>
      <trkpt lat="37.72503996267915" lon="13.0018600076437">
        <ele>205.46</ele>
      </trkpt>
      <trkpt lat="37.72505999542773" lon="13.001809967681766">
        <ele>205.62</ele>
      </trkpt>
      <trkpt lat="37.7250699698925" lon="13.001779960468411">
        <ele>205.76</ele>
      </trkpt>
      <trkpt lat="37.725099977105856" lon="13.001720029860735">
        <ele>205.88</ele>
      </trkpt>
      <trkpt lat="37.725180024281144" lon="13.001620033755898">
        <ele>205.96</ele>
      </trkpt>
      <trkpt lat="37.72525001317263" lon="13.001549961045384">
        <ele>206.01</ele>
      </trkpt>
      <trkpt lat="37.72545235231519" lon="13.001355081796646">
        <ele>206.03</ele>
      </trkpt>
      <trkpt lat="37.72565469145775" lon="13.001160202547908">
        <ele>206.11</ele>
      </trkpt>
      <trkpt lat="37.72585703060031" lon="13.00096532329917">
        <ele>206.24</ele>
      </trkpt>
      <trkpt lat="37.72605987265706" lon="13.000770024955273">
        <ele>206.35</ele>
      </trkpt>
      <trkpt lat="37.72616003639996" lon="13.000670028850436">
        <ele>206.41</ele>
      </trkpt>
      <trkpt lat="37.72623002529144" lon="13.000559974461794">
        <ele>206.47</ele>
      </trkpt>
      <trkpt lat="37.7262600325048" lon="13.000480011105537">
        <ele>206.54</ele>
      </trkpt>
      <trkpt lat="37.72627000696957" lon="13.000370040535927">
        <ele>206.6</ele>
      </trkpt>
      <trkpt lat="37.726279981434345" lon="13.000269960612059">
        <ele>206.64</ele>
      </trkpt>
      <trkpt lat="37.72627000696957" lon="13.000199971720576">
        <ele>206.7</ele>
      </trkpt>
      <trkpt lat="37.72623999975622" lon="13.00009997561574">
        <ele>206.78</ele>
      </trkpt>
      <trkpt lat="37.72617998532951" lon="12.999829994514585">
        <ele>206.72</ele>
      </trkpt>
      <trkpt lat="37.726170010864735" lon="12.999699991196394">
        <ele>206.76</ele>
      </trkpt>
      <trkpt lat="37.72617998532951" lon="12.999499998986721">
        <ele>206.78</ele>
      </trkpt>
      <trkpt lat="37.72623999975622" lon="12.99926002509892">
        <ele>206.82</ele>
      </trkpt>
      <trkpt lat="37.72624997422099" lon="12.999200010672212">
        <ele>206.88</ele>
      </trkpt>
      <trkpt lat="37.726300014182925" lon="12.999049974605441">
        <ele>207.0</ele>
      </trkpt>
      <trkpt lat="37.72633002139628" lon="12.998930029571056">
        <ele>207.11</ele>
      </trkpt>
      <trkpt lat="37.72640001028776" lon="12.998779993504286">
        <ele>207.23</ele>
      </trkpt>
      <trkpt lat="37.72652003914118" lon="12.998610008507967">
        <ele>207.29</ele>
      </trkpt>
      <trkpt lat="37.7267399802804" lon="12.998379925265908">
        <ele>207.26</ele>
      </trkpt>
      <trkpt lat="37.726920023560524" lon="12.998169958591461">
        <ele>207.25</ele>
      </trkpt>
      <trkpt lat="37.72706997580826" lon="12.997999973595142">
        <ele>207.29</ele>
      </trkpt>
      <trkpt lat="37.72722001187503" lon="12.997829988598824">
        <ele>207.35</ele>
      </trkpt>
      <trkpt lat="37.72736493498087" lon="12.997664948925376">
        <ele>207.39</ele>
      </trkpt>
      <trkpt lat="37.72751002572477" lon="12.99749999307096">
        <ele>207.37</ele>
      </trkpt>
      <trkpt lat="37.72764002904296" lon="12.997299917042255">
        <ele>207.36</ele>
      </trkpt>
      <trkpt lat="37.72768001072109" lon="12.997239986434579">
        <ele>207.33</ele>
      </trkpt>
      <trkpt lat="37.72771001793444" lon="12.99715993925929">
        <ele>207.29</ele>
      </trkpt>
      <trkpt lat="37.727740025147796" lon="12.99707000143826">
        <ele>207.24</ele>
      </trkpt>
      <trkpt lat="37.727780006825924" lon="12.996930023655295">
        <ele>207.18</ele>
      </trkpt>
      <trkpt lat="37.727780006825924" lon="12.996889958158135">
        <ele>207.12</ele>
      </trkpt>
      <trkpt lat="37.7277899812907" lon="12.996849976480007">
        <ele>207.04</ele>
      </trkpt>
      <trkpt lat="37.727800039574504" lon="12.996760038658977">
        <ele>206.94</ele>
      </trkpt>
      <trkpt lat="37.7277899812907" lon="12.996679991483688">
        <ele>206.82</ele>
      </trkpt>
      <trkpt lat="37.727780006825924" lon="12.996559962630272">
        <ele>206.68</ele>
      </trkpt>
      <trkpt lat="37.72774999961257" lon="12.996389977633953">
        <ele>206.47</ele>
      </trkpt>
      <trkpt lat="37.727699959650636" lon="12.996259974315763">
        <ele>206.29</ele>
      </trkpt>
      <trkpt lat="37.72768001072109" lon="12.996240025386214">
        <ele>206.15</ele>
      </trkpt>
      <trkpt lat="37.72765000350773" lon="12.996180010959506">
        <ele>205.97</ele>
      </trkpt>
      <trkpt lat="37.7275999635458" lon="12.996099963784218">
        <ele>205.79</ele>
      </trkpt>
      <trkpt lat="37.72755989804864" lon="12.996050007641315">
        <ele>205.62</ele>
      </trkpt>
      <trkpt lat="37.727350015193224" lon="12.99586996436119">
        <ele>205.49</ele>
      </trkpt>
      <trkpt lat="37.7271200157702" lon="12.995680030435324">
        <ele>205.34</ele>
      </trkpt>
      <trkpt lat="37.72706997580826" lon="12.995639964938164">
        <ele>205.18</ele>
      </trkpt>
      <trkpt lat="37.72692505270243" lon="12.995510045439005">
        <ele>205.03</ele>
      </trkpt>
      <trkpt lat="37.72677996195853" lon="12.995379958301783">
        <ele>204.89</ele>
      </trkpt>
      <trkpt lat="37.72672003135085" lon="12.995279962196946">
        <ele>204.75</ele>
      </trkpt>
      <trkpt lat="37.7266900241375" lon="12.995189940556884">
        <ele>204.58</ele>
      </trkpt>
      <trkpt lat="37.72667996585369" lon="12.995100002735853">
        <ele>204.4</ele>
      </trkpt>
      <trkpt lat="37.7266900241375" lon="12.995039988309145">
        <ele>204.2</ele>
      </trkpt>
      <trkpt lat="37.72669999860227" lon="12.994979973882437">
        <ele>203.99</ele>
      </trkpt>
      <trkpt lat="37.72676998749375" lon="12.99474997445941">
        <ele>203.74</ele>
      </trkpt>
      <trkpt lat="37.72683000192046" lon="12.994609996676445">
        <ele>203.51</ele>
      </trkpt>
      <trkpt lat="37.72686998359859" lon="12.994549982249737">
        <ele>203.29</ele>
      </trkpt>
      <trkpt lat="37.72695003077388" lon="12.994489967823029">
        <ele>203.05</ele>
      </trkpt>
      <trkpt lat="37.726969979703426" lon="12.994479993358254">
        <ele>202.84</ele>
      </trkpt>
      <trkpt lat="37.72709998302162" lon="12.994400030001998">
        <ele>202.58</ele>
      </trkpt>
      <trkpt lat="37.72724968381226" lon="12.994330041110516">
        <ele>202.34</ele>
      </trkpt>
      <trkpt lat="37.727399971336126" lon="12.994259968400002">
        <ele>202.09</ele>
      </trkpt>
      <trkpt lat="37.72752000018954" lon="12.994170030578971">
        <ele>201.87</ele>
      </trkpt>
      <trkpt lat="37.7275999635458" lon="12.994070034474134">
        <ele>201.71</ele>
      </trkpt>
      <trkpt lat="37.72768998518586" lon="12.993929972872138">
        <ele>201.62</ele>
      </trkpt>
      <trkpt lat="37.72771001793444" lon="12.993880016729236">
        <ele>201.54</ele>
      </trkpt>
      <trkpt lat="37.727740025147796" lon="12.993799969553947">
        <ele>201.48</ele>
      </trkpt>
      <trkpt lat="37.72781998850405" lon="12.993490006774664">
        <ele>201.51</ele>
      </trkpt>
      <trkpt lat="37.727889977395535" lon="12.9931600112468">
        <ele>201.39</ele>
      </trkpt>
      <trkpt lat="37.727889977395535" lon="12.993090022355318">
        <ele>201.33</ele>
      </trkpt>
      <trkpt lat="37.72790003567934" lon="12.993020033463836">
        <ele>201.28</ele>
      </trkpt>
      <trkpt lat="37.727889977395535" lon="12.992920037359">
        <ele>201.28</ele>
      </trkpt>
      <trkpt lat="37.72785997018218" lon="12.992830015718937">
        <ele>201.31</ele>
      </trkpt>
      <trkpt lat="37.72784002125263" lon="12.992800008505583">
        <ele>201.38</ele>
      </trkpt>
      <trkpt lat="37.72781001403928" lon="12.992739994078875">
        <ele>201.48</ele>
      </trkpt>
      <trkpt lat="37.72771001793444" lon="12.992649972438812">
        <ele>201.64</ele>
      </trkpt>
      <trkpt lat="37.7275500074029" lon="12.992559866979718">
        <ele>201.86</ele>
      </trkpt>
      <trkpt lat="37.727359989658" lon="12.992430031299591">
        <ele>202.13</ele>
      </trkpt>
      <trkpt lat="37.727220095694065" lon="12.99232006072998">
        <ele>202.38</ele>
      </trkpt>
      <trkpt lat="37.72708003409207" lon="12.992210006341338">
        <ele>202.64</ele>
      </trkpt>
      <trkpt lat="37.726839976385236" lon="12.991970032453537">
        <ele>202.87</ele>
      </trkpt>
      <trkpt lat="37.72660997696221" lon="12.991750007495284">
        <ele>203.17</ele>
      </trkpt>
      <trkpt lat="37.72652992978692" lon="12.991650011390448">
        <ele>203.49</ele>
      </trkpt>
      <trkpt lat="37.72647997364402" lon="12.991559989750385">
        <ele>203.83</ele>
      </trkpt>
      <trkpt lat="37.726449966430664" lon="12.991499975323677">
        <ele>204.2</ele>
      </trkpt>
      <trkpt lat="37.726430017501116" lon="12.991439960896969">
        <ele>204.6</ele>
      </trkpt>
      <trkpt lat="37.72640001028776" lon="12.99129000864923">
        <ele>205.03</ele>
      </trkpt>
      <trkpt lat="37.72640001028776" lon="12.991280034184456">
        <ele>205.46</ele>
      </trkpt>
      <trkpt lat="37.72640001028776" lon="12.991150030866265">
        <ele>205.96</ele>
      </trkpt>
      <trkpt lat="37.726409984752536" lon="12.991030002012849">
        <ele>206.46</ele>
      </trkpt>
      <trkpt lat="37.72643990814686" lon="12.990919863805175">
        <ele>206.99</ele>
      </trkpt>
      <trkpt lat="37.726490031927824" lon="12.990809977054596">
        <ele>207.54</ele>
      </trkpt>
      <trkpt lat="37.72656999528408" lon="12.990649966523051">
        <ele>208.13</ele>
      </trkpt>
      <trkpt lat="37.726579969748855" lon="12.990630017593503">
        <ele>208.68</ele>
      </trkpt>
      <trkpt lat="37.72672003135085" lon="12.990370010957122">
        <ele>209.26</ele>
      </trkpt>
      <trkpt lat="37.726750038564205" lon="12.990289963781834">
        <ele>209.81</ele>
      </trkpt>
      <trkpt lat="37.72676001302898" lon="12.990189967676997">
        <ele>210.39</ele>
      </trkpt>
      <trkpt lat="37.72676001302898" lon="12.99013003706932">
        <ele>210.99</ele>
      </trkpt>
      <trkpt lat="37.726750038564205" lon="12.990019982680678">
        <ele>211.56</ele>
      </trkpt>
      <trkpt lat="37.726730005815625" lon="12.98995996825397">
        <ele>212.19</ele>
      </trkpt>
      <trkpt lat="37.72669999860227" lon="12.989910012111068">
        <ele>212.84</ele>
      </trkpt>
      <trkpt lat="37.72660997696221" lon="12.989770034328103">
        <ele>213.53</ele>
      </trkpt>
      <trkpt lat="37.726454911753535" lon="12.989549925550818">
        <ele>214.29</ele>
      </trkpt>
      <trkpt lat="37.726300014182925" lon="12.989329984411597">
        <ele>215.09</ele>
      </trkpt>
      <trkpt lat="37.72616003639996" lon="12.989089926704764">
        <ele>215.87</ele>
      </trkpt>
      <trkpt lat="37.7261199709028" lon="12.98896998167038">
        <ele>216.63</ele>
      </trkpt>
      <trkpt lat="37.72607998922467" lon="12.988860011100769">
        <ele>217.42</ele>
      </trkpt>
      <trkpt lat="37.7260700147599" lon="12.988809971138835">
        <ele>218.17</ele>
      </trkpt>
      <trkpt lat="37.72604998201132" lon="12.98856002278626">
        <ele>219.01</ele>
      </trkpt>
      <trkpt lat="37.72606330923736" lon="12.988222567364573">
        <ele>219.78</ele>
      </trkpt>
      <trkpt lat="37.726076636463404" lon="12.987885195761919">
        <ele>220.5</ele>
      </trkpt>
      <trkpt lat="37.72608996368945" lon="12.98755000345409">
        <ele>221.26</ele>
      </trkpt>
      <trkpt lat="37.72609499283135" lon="12.987294439226389">
        <ele>222.04</ele>
      </trkpt>
      <trkpt lat="37.72610002197325" lon="12.987039964646101">
        <ele>222.71</ele>
      </trkpt>
      <trkpt lat="37.72612667642534" lon="12.986756069585681">
        <ele>223.37</ele>
      </trkpt>
      <trkpt lat="37.726153414696455" lon="12.986472174525261">
        <ele>224.14</ele>
      </trkpt>
      <trkpt lat="37.72617998532951" lon="12.986190039664507">
        <ele>224.97</ele>
      </trkpt>
      <trkpt lat="37.72620001807809" lon="12.986089959740639">
        <ele>225.73</ele>
      </trkpt>
      <trkpt lat="37.72627000696957" lon="12.985800029709935">
        <ele>226.53</ele>
      </trkpt>
      <trkpt lat="37.72629003971815" lon="12.985700033605099">
        <ele>227.29</ele>
      </trkpt>
      <trkpt lat="37.72629003971815" lon="12.985600037500262">
        <ele>228.06</ele>
      </trkpt>
      <trkpt lat="37.726300014182925" lon="12.985480008646846">
        <ele>228.84</ele>
      </trkpt>
      <trkpt lat="37.72629003971815" lon="12.985329972580075">
        <ele>229.62</ele>
      </trkpt>
      <trkpt lat="37.72627000696957" lon="12.98521002754569">
        <ele>230.38</ele>
      </trkpt>
      <trkpt lat="37.72623002529144" lon="12.985099889338017">
        <ele>231.16</ele>
      </trkpt>
      <trkpt lat="37.726134890690446" lon="12.984889671206474">
        <ele>231.97</ele>
      </trkpt>
      <trkpt lat="37.726040007546544" lon="12.984680039808154">
        <ele>232.78</ele>
      </trkpt>
      <trkpt lat="37.72589483298361" lon="12.984374603256583">
        <ele>233.61</ele>
      </trkpt>
      <trkpt lat="37.72574999369681" lon="12.984069921076298">
        <ele>234.37</ele>
      </trkpt>
      <trkpt lat="37.72567003034055" lon="12.983930027112365">
        <ele>235.11</ele>
      </trkpt>
      <trkpt lat="37.725610015913844" lon="12.983819972723722">
        <ele>235.84</ele>
      </trkpt>
      <trkpt lat="37.72551999427378" lon="12.983700027689338">
        <ele>236.61</ele>
      </trkpt>
      <trkpt lat="37.72549987770617" lon="12.983670020475984">
        <ele>237.37</ele>
      </trkpt>
      <trkpt lat="37.72534003481269" lon="12.98347002826631">
        <ele>238.16</ele>
      </trkpt>
      <trkpt lat="37.72525001317263" lon="12.983359973877668">
        <ele>238.95</ele>
      </trkpt>
      <trkpt lat="37.72518999874592" lon="12.983289984986186">
        <ele>239.72</ele>
      </trkpt>
      <trkpt lat="37.725119926035404" lon="12.983180014416575">
        <ele>240.49</ele>
      </trkpt>
      <trkpt lat="37.72503996267915" lon="12.983029978349805">
        <ele>241.25</ele>
      </trkpt>
      <trkpt lat="37.72495999932289" lon="12.982810037210584">
        <ele>242.03</ele>
      </trkpt>
      <trkpt lat="37.72490995936096" lon="12.982609961181879">
        <ele>242.77</ele>
      </trkpt>
      <trkpt lat="37.72489001043141" lon="12.98243997618556">
        <ele>243.51</ele>
      </trkpt>
      <trkpt lat="37.724853213876486" lon="12.982065808027983">
        <ele>244.25</ele>
      </trkpt>
      <trkpt lat="37.724816501140594" lon="12.981691723689437">
        <ele>244.91</ele>
      </trkpt>
      <trkpt lat="37.7247800398618" lon="12.98131998628378">
        <ele>245.51</ele>
      </trkpt>
      <trkpt lat="37.72476998157799" lon="12.981259971857071">
        <ele>246.09</ele>
      </trkpt>
      <trkpt lat="37.724750032648444" lon="12.98115000128746">
        <ele>246.67</ele>
      </trkpt>
      <trkpt lat="37.724750032648444" lon="12.981070037931204">
        <ele>247.21</ele>
      </trkpt>
      <trkpt lat="37.72472002543509" lon="12.980929976329207">
        <ele>247.74</ele>
      </trkpt>
      <trkpt lat="37.72467995993793" lon="12.980799973011017">
        <ele>248.24</ele>
      </trkpt>
      <trkpt lat="37.724559931084514" lon="12.980620013549924">
        <ele>248.76</ele>
      </trkpt>
      <trkpt lat="37.72442498244345" lon="12.980490010231733">
        <ele>249.2</ele>
      </trkpt>
      <trkpt lat="37.72429003380239" lon="12.980359923094511">
        <ele>249.59</ele>
      </trkpt>
      <trkpt lat="37.724170004948974" lon="12.980260010808706">
        <ele>249.94</ele>
      </trkpt>
      <trkpt lat="37.724130023270845" lon="12.980219861492515">
        <ele>250.2</ele>
      </trkpt>
      <trkpt lat="37.724089873954654" lon="12.980179963633418">
        <ele>250.41</ele>
      </trkpt>
      <trkpt lat="37.72407000884414" lon="12.980150040239096">
        <ele>250.55</ele>
      </trkpt>
      <trkpt lat="37.72404997609556" lon="12.980109974741936">
        <ele>250.66</ele>
      </trkpt>
      <trkpt lat="37.72404997609556" lon="12.98007988370955">
        <ele>250.7</ele>
      </trkpt>
      <trkpt lat="37.72404000163078" lon="12.980049960315228">
        <ele>250.7</ele>
      </trkpt>
      <trkpt lat="37.72404000163078" lon="12.98003001138568">
        <ele>250.65</ele>
      </trkpt>
      <trkpt lat="37.72404000163078" lon="12.9800099786371">
        <ele>250.55</ele>
      </trkpt>
      <trkpt lat="37.72406003437936" lon="12.979939905926585">
        <ele>250.41</ele>
      </trkpt>
      <trkpt lat="37.72407998330891" lon="12.979879975318909">
        <ele>250.21</ele>
      </trkpt>
      <trkpt lat="37.72411996498704" lon="12.979830019176006">
        <ele>249.96</ele>
      </trkpt>
      <trkpt lat="37.72423001937568" lon="12.979679983109236">
        <ele>249.62</ele>
      </trkpt>
      <trkpt lat="37.72439002990723" lon="12.979440009221435">
        <ele>249.14</ele>
      </trkpt>
      <trkpt lat="37.724430011585355" lon="12.979370020329952">
        <ele>248.77</ele>
      </trkpt>
      <trkpt lat="37.724430011585355" lon="12.979289973154664">
        <ele>248.46</ele>
      </trkpt>
      <trkpt lat="37.724430011585355" lon="12.97927999868989">
        <ele>248.16</ele>
      </trkpt>
      <trkpt lat="37.724409978836775" lon="12.97917002812028">
        <ele>247.87</ele>
      </trkpt>
      <trkpt lat="37.72439002990723" lon="12.979080006480217">
        <ele>247.61</ele>
      </trkpt>
      <trkpt lat="37.72430998273194" lon="12.978950003162026">
        <ele>247.39</ele>
      </trkpt>
      <trkpt lat="37.72427000105381" lon="12.978899963200092">
        <ele>247.16</ele>
      </trkpt>
      <trkpt lat="37.724149972200394" lon="12.978729978203773">
        <ele>246.94</ele>
      </trkpt>
      <trkpt lat="37.724109990522265" lon="12.978689996525645">
        <ele>246.74</ele>
      </trkpt>
      <trkpt lat="37.72394000552595" lon="12.978506684303284">
        <ele>246.55</ele>
      </trkpt>
      <trkpt lat="37.72377010434866" lon="12.978323372080922">
        <ele>246.41</ele>
      </trkpt>
      <trkpt lat="37.72360003553331" lon="12.978139976039529">
        <ele>246.29</ele>
      </trkpt>
      <trkpt lat="37.72342502139509" lon="12.977954987436533">
        <ele>246.22</ele>
      </trkpt>
      <trkpt lat="37.723250007256866" lon="12.977769998833537">
        <ele>246.16</ele>
      </trkpt>
      <trkpt lat="37.72322000004351" lon="12.977749966084957">
        <ele>246.2</ele>
      </trkpt>
      <trkpt lat="37.72318001836538" lon="12.977719958871603">
        <ele>246.29</ele>
      </trkpt>
      <trkpt lat="37.72316996008158" lon="12.977709984406829">
        <ele>246.44</ele>
      </trkpt>
      <trkpt lat="37.72308002226055" lon="12.977679977193475">
        <ele>246.67</ele>
      </trkpt>
      <trkpt lat="37.72305001504719" lon="12.977679977193475">
        <ele>246.95</ele>
      </trkpt>
      <trkpt lat="37.72295999340713" lon="12.97769003547728">
        <ele>247.33</ele>
      </trkpt>
      <trkpt lat="37.722929986193776" lon="12.977700009942055">
        <ele>247.74</ele>
      </trkpt>
      <trkpt lat="37.722859997302294" lon="12.977730017155409">
        <ele>248.24</ele>
      </trkpt>
      <trkpt lat="37.72267987020314" lon="12.97783998772502">
        <ele>248.91</ele>
      </trkpt>
      <trkpt lat="37.72259999066591" lon="12.977879969403148">
        <ele>249.55</ele>
      </trkpt>
      <trkpt lat="37.722539976239204" lon="12.977890027686954">
        <ele>250.21</ele>
      </trkpt>
      <trkpt lat="37.722430005669594" lon="12.977909976616502">
        <ele>250.9</ele>
      </trkpt>
      <trkpt lat="37.72232003509998" lon="12.977909976616502">
        <ele>251.63</ele>
      </trkpt>
      <trkpt lat="37.72212037816644" lon="12.977914838120341">
        <ele>252.42</ele>
      </trkpt>
      <trkpt lat="37.721919966861606" lon="12.977919867262244">
        <ele>253.3</ele>
      </trkpt>
      <trkpt lat="37.721750317141414" lon="12.977924896404147">
        <ele>254.27</ele>
      </trkpt>
      <trkpt lat="37.72157999686897" lon="12.977930009365082">
        <ele>255.32</ele>
      </trkpt>
      <trkpt lat="37.72128998301923" lon="12.97794995829463">
        <ele>256.36</ele>
      </trkpt>
      <trkpt lat="37.72115997970104" lon="12.977979965507984">
        <ele>257.42</ele>
      </trkpt>
      <trkpt lat="37.721059983596206" lon="12.978030005469918">
        <ele>258.56</ele>
      </trkpt>
      <trkpt lat="37.72086996585131" lon="12.978190016001463">
        <ele>259.83</ele>
      </trkpt>
      <trkpt lat="37.72063510492444" lon="12.978399815037847">
        <ele>261.15</ele>
      </trkpt>
      <trkpt lat="37.72039999254048" lon="12.978610033169389">
        <ele>262.49</ele>
      </trkpt>
      <trkpt lat="37.720179967582226" lon="12.978799967095256">
        <ele>263.84</ele>
      </trkpt>
      <trkpt lat="37.72010000422597" lon="12.978880014270544">
        <ele>265.15</ele>
      </trkpt>
      <trkpt lat="37.71996505558491" lon="12.978994846343994">
        <ele>266.44</ele>
      </trkpt>
      <trkpt lat="37.719830023124814" lon="12.979110013693571">
        <ele>267.79</ele>
      </trkpt>
      <trkpt lat="37.71977998316288" lon="12.9791499953717">
        <ele>269.13</ele>
      </trkpt>
      <trkpt lat="37.71949985995889" lon="12.979289973154664">
        <ele>270.53</ele>
      </trkpt>
      <trkpt lat="37.71925535984337" lon="12.979349819943309">
        <ele>272.09</ele>
      </trkpt>
      <trkpt lat="37.71901002153754" lon="12.97941000200808">
        <ele>273.46</ele>
      </trkpt>
      <trkpt lat="37.71872998215258" lon="12.979469932615757">
        <ele>274.88</ele>
      </trkpt>
      <trkpt lat="37.7184699755162" lon="12.979530030861497">
        <ele>276.37</ele>
      </trkpt>
      <trkpt lat="37.718269899487495" lon="12.979570012539625">
        <ele>277.87</ele>
      </trkpt>
      <trkpt lat="37.7182300016284" lon="12.979589961469173">
        <ele>279.25</ele>
      </trkpt>
      <trkpt lat="37.71816001273692" lon="12.979630026966333">
        <ele>280.65</ele>
      </trkpt>
      <trkpt lat="37.71813000552356" lon="12.979640001431108">
        <ele>281.97</ele>
      </trkpt>
      <trkpt lat="37.7179900277406" lon="12.97973002307117">
        <ele>283.33</ele>
      </trkpt>
      <trkpt lat="37.717960020527244" lon="12.979749888181686">
        <ele>284.57</ele>
      </trkpt>
      <trkpt lat="37.71786002442241" lon="12.97986002638936">
        <ele>285.8</ele>
      </trkpt>
      <trkpt lat="37.71776002831757" lon="12.98003001138568">
        <ele>287.04</ele>
      </trkpt>
      <trkpt lat="37.7176065556705" lon="12.98031684011221">
        <ele>288.24</ele>
      </trkpt>
      <trkpt lat="37.71745308302343" lon="12.980603752657771">
        <ele>289.35</ele>
      </trkpt>
      <trkpt lat="37.71730002947152" lon="12.98088999465108">
        <ele>290.47</ele>
      </trkpt>
      <trkpt lat="37.717149909585714" lon="12.981170201674104">
        <ele>291.54</ele>
      </trkpt>
      <trkpt lat="37.71700004115701" lon="12.98144998960197">
        <ele>292.6</ele>
      </trkpt>
      <trkpt lat="37.71695997565985" lon="12.981530036777258">
        <ele>293.58</ele>
      </trkpt>
      <trkpt lat="37.71682485938072" lon="12.981780152767897">
        <ele>294.58</ele>
      </trkpt>
      <trkpt lat="37.71668999455869" lon="12.98203001730144">
        <ele>295.52</ele>
      </trkpt>
      <trkpt lat="37.71656485274434" lon="12.98226018436253">
        <ele>296.4</ele>
      </trkpt>
      <trkpt lat="37.716439962387085" lon="12.982490016147494">
        <ele>297.22</ele>
      </trkpt>
      <trkpt lat="37.71641003899276" lon="12.982550030574203">
        <ele>297.98</ele>
      </trkpt>
      <trkpt lat="37.7163200173527" lon="12.982669975608587">
        <ele>298.7</ele>
      </trkpt>
      <trkpt lat="37.71625002846122" lon="12.982729990035295">
        <ele>299.38</ele>
      </trkpt>
      <trkpt lat="37.716119941323996" lon="12.982820011675358">
        <ele>299.99</ele>
      </trkpt>
      <trkpt lat="37.71609001792967" lon="12.982829986140132">
        <ele>300.58</ele>
      </trkpt>
      <trkpt lat="37.71591986529529" lon="12.982880026102066">
        <ele>301.08</ele>
      </trkpt>
      <trkpt lat="37.715769996866584" lon="12.982959989458323">
        <ele>301.62</ele>
      </trkpt>
      <trkpt lat="37.715730015188456" lon="12.98299997113645">
        <ele>302.11</ele>
      </trkpt>
      <trkpt lat="37.71569003351033" lon="12.98304003663361">
        <ele>302.58</ele>
      </trkpt>
      <trkpt lat="37.71567997522652" lon="12.983050011098385">
        <ele>303.0</ele>
      </trkpt>
      <trkpt lat="37.71563999354839" lon="12.983099967241287">
        <ele>303.4</ele>
      </trkpt>
      <trkpt lat="37.71559003740549" lon="12.983140032738447">
        <ele>303.78</ele>
      </trkpt>
      <trkpt lat="37.715490041300654" lon="12.983280010521412">
        <ele>304.22</ele>
      </trkpt>
      <trkpt lat="37.715470008552074" lon="12.98329995945096">
        <ele>304.53</ele>
      </trkpt>
      <trkpt lat="37.71537998691201" lon="12.983380006626248">
        <ele>304.79</ele>
      </trkpt>
      <trkpt lat="37.71530999802053" lon="12.983419988304377">
        <ele>305.03</ele>
      </trkpt>
      <trkpt lat="37.715170020237565" lon="12.98342996276915">
        <ele>305.24</ele>
      </trkpt>
      <trkpt lat="37.71513003855944" lon="12.983419988304377">
        <ele>305.45</ele>
      </trkpt>
      <trkpt lat="37.71502995863557" lon="12.983389981091022">
        <ele>305.65</ele>
      </trkpt>
      <trkpt lat="37.71491998806596" lon="12.983329966664314">
        <ele>305.88</ele>
      </trkpt>
      <trkpt lat="37.71468001417816" lon="12.98318998888135">
        <ele>306.14</ele>
      </trkpt>
      <trkpt lat="37.714550010859966" lon="12.983119999989867">
        <ele>306.25</ele>
      </trkpt>
      <trkpt lat="37.71452000364661" lon="12.983110025525093">
        <ele>306.39</ele>
      </trkpt>
      <trkpt lat="37.714419923722744" lon="12.983099967241287">
        <ele>306.49</ele>
      </trkpt>
      <trkpt lat="37.71435001865029" lon="12.983099967241287">
        <ele>306.61</ele>
      </trkpt>
      <trkpt lat="37.71425999701023" lon="12.983119999989867">
        <ele>306.74</ele>
      </trkpt>
      <trkpt lat="37.714139968156815" lon="12.983170039951801">
        <ele>306.88</ele>
      </trkpt>
      <trkpt lat="37.71396000869572" lon="12.983229970559478">
        <ele>307.0</ele>
      </trkpt>
      <trkpt lat="37.7137900236994" lon="12.98329995945096">
        <ele>307.07</ele>
      </trkpt>
      <trkpt lat="37.71372003480792" lon="12.98331999219954">
        <ele>307.19</ele>
      </trkpt>
      <trkpt lat="37.713600005954504" lon="12.98334002494812">
        <ele>307.35</ele>
      </trkpt>
      <trkpt lat="37.71347000263631" lon="12.983349999412894">
        <ele>307.52</ele>
      </trkpt>
      <trkpt lat="37.71343999542296" lon="12.98334002494812">
        <ele>307.66</ele>
      </trkpt>
      <trkpt lat="37.71341996267438" lon="12.98334002494812">
        <ele>307.8</ele>
      </trkpt>
      <trkpt lat="37.71323002874851" lon="12.983269868418574">
        <ele>307.97</ele>
      </trkpt>
      <trkpt lat="37.713109999895096" lon="12.983219996094704">
        <ele>308.14</ele>
      </trkpt>
      <trkpt lat="37.71288000047207" lon="12.983150007203221">
        <ele>308.34</ele>
      </trkpt>
      <trkpt lat="37.71281998604536" lon="12.983119999989867">
        <ele>308.52</ele>
      </trkpt>
      <trkpt lat="37.71278997883201" lon="12.983110025525093">
        <ele>308.7</ele>
      </trkpt>
      <trkpt lat="37.712680008262396" lon="12.983089992776513">
        <ele>308.92</ele>
      </trkpt>
      <trkpt lat="37.71264002658427" lon="12.983080018311739">
        <ele>309.12</ele>
      </trkpt>
      <trkpt lat="37.71255997940898" lon="12.983099967241287">
        <ele>309.34</ele>
      </trkpt>
      <trkpt lat="37.71251002326608" lon="12.983119999989867">
        <ele>309.56</ele>
      </trkpt>
      <trkpt lat="37.71245998330414" lon="12.983150007203221">
        <ele>309.78</ele>
      </trkpt>
      <trkpt lat="37.712440034374595" lon="12.983180014416575">
        <ele>309.99</ele>
      </trkpt>
      <trkpt lat="37.712399968877435" lon="12.983219996094704">
        <ele>310.24</ele>
      </trkpt>
      <trkpt lat="37.71238999441266" lon="12.983240028843284">
        <ele>310.48</ele>
      </trkpt>
      <trkpt lat="37.71236996166408" lon="12.983289984986186">
        <ele>310.74</ele>
      </trkpt>
      <trkpt lat="37.71234003826976" lon="12.983370032161474">
        <ele>311.01</ele>
      </trkpt>
      <trkpt lat="37.71232000552118" lon="12.983440021052957">
        <ele>311.28</ele>
      </trkpt>
      <trkpt lat="37.712310031056404" lon="12.983459886163473">
        <ele>311.54</ele>
      </trkpt>
      <trkpt lat="37.71226988174021" lon="12.983589973300695">
        <ele>311.84</ele>
      </trkpt>
      <trkpt lat="37.712250016629696" lon="12.983630038797855">
        <ele>312.11</ele>
      </trkpt>
      <trkpt lat="37.71223995834589" lon="12.983649987727404">
        <ele>312.38</ele>
      </trkpt>
      <trkpt lat="37.71222000941634" lon="12.983679994940758">
        <ele>312.66</ele>
      </trkpt>
      <trkpt lat="37.71219000220299" lon="12.983700027689338">
        <ele>312.92</ele>
      </trkpt>
      <trkpt lat="37.712139962241054" lon="12.983719976618886">
        <ele>313.19</ele>
      </trkpt>
      <trkpt lat="37.71202999167144" lon="12.983730034902692">
        <ele>313.45</ele>
      </trkpt>
      <trkpt lat="37.71195002831519" lon="12.983719976618886">
        <ele>313.75</ele>
      </trkpt>
      <trkpt lat="37.71189998835325" lon="12.983710002154112">
        <ele>314.06</ele>
      </trkpt>
      <trkpt lat="37.711880039423704" lon="12.983710002154112">
        <ele>314.38</ele>
      </trkpt>
      <trkpt lat="37.71185003221035" lon="12.983689969405532">
        <ele>314.7</ele>
      </trkpt>
      <trkpt lat="37.71182999946177" lon="12.983679994940758">
        <ele>315.04</ele>
      </trkpt>
      <trkpt lat="37.711820024996996" lon="12.983659962192178">
        <ele>315.39</ele>
      </trkpt>
      <trkpt lat="37.711799908429384" lon="12.98361998051405">
        <ele>315.75</ele>
      </trkpt>
      <trkpt lat="37.711779959499836" lon="12.983589973300695">
        <ele>316.12</ele>
      </trkpt>
      <trkpt lat="37.71176001057029" lon="12.983529958873987">
        <ele>316.51</ele>
      </trkpt>
      <trkpt lat="37.711750036105514" lon="12.98344999551773">
        <ele>316.91</ele>
      </trkpt>
      <trkpt lat="37.711750036105514" lon="12.983389981091022">
        <ele>317.36</ele>
      </trkpt>
      <trkpt lat="37.711750036105514" lon="12.98334002494812">
        <ele>317.81</ele>
      </trkpt>
      <trkpt lat="37.71176001057029" lon="12.983310017734766">
        <ele>318.28</ele>
      </trkpt>
      <trkpt lat="37.711779959499836" lon="12.983119999989867">
        <ele>318.79</ele>
      </trkpt>
      <trkpt lat="37.71179001778364" lon="12.983080018311739">
        <ele>319.29</ele>
      </trkpt>
      <trkpt lat="37.711839973926544" lon="12.982710041105747">
        <ele>319.81</ele>
      </trkpt>
      <trkpt lat="37.711799908429384" lon="12.982699982821941">
        <ele>320.38</ele>
      </trkpt>
      <trkpt lat="37.71176001057029" lon="12.982690008357167">
        <ele>320.95</ele>
      </trkpt>
      <trkpt lat="37.71170988678932" lon="12.982659917324781">
        <ele>321.56</ele>
      </trkpt>
      <trkpt lat="37.71166001446545" lon="12.982629993930459">
        <ele>322.19</ele>
      </trkpt>
      <trkpt lat="37.7116300072521" lon="12.98259001225233">
        <ele>322.78</ele>
      </trkpt>
      <trkpt lat="37.7114450186491" lon="12.982369987294078">
        <ele>323.48</ele>
      </trkpt>
      <trkpt lat="37.711260030046105" lon="12.982150046154857">
        <ele>324.08</ele>
      </trkpt>
      <trkpt lat="37.71107504144311" lon="12.981930021196604">
        <ele>324.76</ele>
      </trkpt>
      <trkpt lat="37.71088996902108" lon="12.98170999623835">
        <ele>325.44</ele>
      </trkpt>
      <trkpt lat="37.7108199801296" lon="12.981619974598289">
        <ele>326.04</ele>
      </trkpt>
      <trkpt lat="37.710769940167665" lon="12.981549985706806">
        <ele>326.65</ele>
      </trkpt>
      <trkpt lat="37.71068997681141" lon="12.981419982388616">
        <ele>327.24</ele>
      </trkpt>
      <trkpt lat="37.71061001345515" lon="12.981249997392297">
        <ele>327.81</ele>
      </trkpt>
      <trkpt lat="37.71051999181509" lon="12.981019914150238">
        <ele>328.47</ele>
      </trkpt>
      <trkpt lat="37.710419995710254" lon="12.980750016868114">
        <ele>329.24</ele>
      </trkpt>
      <trkpt lat="37.71037003956735" lon="12.98061003908515">
        <ele>329.98</ele>
      </trkpt>
      <trkpt lat="37.71031999960542" lon="12.980450028553605">
        <ele>330.72</ele>
      </trkpt>
      <trkpt lat="37.71020986139774" lon="12.980109974741936">
        <ele>331.37</ele>
      </trkpt>
      <trkpt lat="37.710140040144324" lon="12.97979992814362">
        <ele>332.12</ele>
      </trkpt>
      <trkpt lat="37.710080025717616" lon="12.979540005326271">
        <ele>332.92</ele>
      </trkpt>
      <trkpt lat="37.71002998575568" lon="12.979289973154664">
        <ele>333.73</ele>
      </trkpt>
      <trkpt lat="37.71002998575568" lon="12.979249991476536">
        <ele>334.45</ele>
      </trkpt>
      <trkpt lat="37.70998489111662" lon="12.979024518281221">
        <ele>335.21</ele>
      </trkpt>
      <trkpt lat="37.70993996411562" lon="12.978799967095256">
        <ele>335.95</ele>
      </trkpt>
      <trkpt lat="37.70987986586988" lon="12.978469301015139">
        <ele>336.7</ele>
      </trkpt>
      <trkpt lat="37.709820019081235" lon="12.978139976039529">
        <ele>337.54</ele>
      </trkpt>
      <trkpt lat="37.70976989530027" lon="12.97788449563086">
        <ele>338.37</ele>
      </trkpt>
      <trkpt lat="37.7097200229764" lon="12.977630021050572">
        <ele>339.2</ele>
      </trkpt>
      <trkpt lat="37.70969999022782" lon="12.977489959448576">
        <ele>339.93</ele>
      </trkpt>
      <trkpt lat="37.709690015763044" lon="12.977479984983802">
        <ele>340.64</ele>
      </trkpt>
      <trkpt lat="37.70968004129827" lon="12.977379988878965">
        <ele>341.35</ele>
      </trkpt>
      <trkpt lat="37.70963997580111" lon="12.976989978924394">
        <ele>341.94</ele>
      </trkpt>
      <trkpt lat="37.70962002687156" lon="12.976780012249947">
        <ele>342.64</ele>
      </trkpt>
      <trkpt lat="37.70962002687156" lon="12.976699881255627">
        <ele>343.33</ele>
      </trkpt>
      <trkpt lat="37.709630001336336" lon="12.976620001718402">
        <ele>343.97</ele>
      </trkpt>
      <trkpt lat="37.70963997580111" lon="12.976520005613565">
        <ele>344.57</ele>
      </trkpt>
      <trkpt lat="37.709669983014464" lon="12.976390002295375">
        <ele>345.13</ele>
      </trkpt>
      <trkpt lat="37.70972999744117" lon="12.976150028407574">
        <ele>345.74</ele>
      </trkpt>
      <trkpt lat="37.7097699791193" lon="12.975979959592223">
        <ele>346.35</ele>
      </trkpt>
      <trkpt lat="37.70979001186788" lon="12.975869989022613">
        <ele>346.99</ele>
      </trkpt>
      <trkpt lat="37.709799986332655" lon="12.975760018453002">
        <ele>347.66</ele>
      </trkpt>
      <trkpt lat="37.70980996079743" lon="12.97564996406436">
        <ele>348.3</ele>
      </trkpt>
      <trkpt lat="37.70980996079743" lon="12.975560026243329">
        <ele>348.91</ele>
      </trkpt>
      <trkpt lat="37.709799986332655" lon="12.975490037351847">
        <ele>349.54</ele>
      </trkpt>
      <trkpt lat="37.70979001186788" lon="12.975419964641333">
        <ele>350.16</ele>
      </trkpt>
      <trkpt lat="37.7097699791193" lon="12.975360034033656">
        <ele>350.8</ele>
      </trkpt>
      <trkpt lat="37.70972999744117" lon="12.975279986858368">
        <ele>351.44</ele>
      </trkpt>
      <trkpt lat="37.70969999022782" lon="12.97524000518024">
        <ele>352.06</ele>
      </trkpt>
      <trkpt lat="37.709669983014464" lon="12.97519993968308">
        <ele>352.68</ele>
      </trkpt>
      <trkpt lat="37.70962002687156" lon="12.975149983540177">
        <ele>353.31</ele>
      </trkpt>
      <trkpt lat="37.70955003798008" lon="12.975100027397275">
        <ele>353.94</ele>
      </trkpt>
      <trkpt lat="37.70949002355337" lon="12.97507002018392">
        <ele>354.54</ele>
      </trkpt>
      <trkpt lat="37.70940997637808" lon="12.975040012970567">
        <ele>355.1</ele>
      </trkpt>
      <trkpt lat="37.709260024130344" lon="12.975010005757213">
        <ele>355.68</ele>
      </trkpt>
      <trkpt lat="37.70906003192067" lon="12.974959965795279">
        <ele>356.21</ele>
      </trkpt>
      <trkpt lat="37.708820393309" lon="12.974890060722828">
        <ele>356.75</ele>
      </trkpt>
      <trkpt lat="37.70858000032604" lon="12.974819988012314">
        <ele>357.29</ele>
      </trkpt>
      <trkpt lat="37.70833541639149" lon="12.974755112081766">
        <ele>357.84</ele>
      </trkpt>
      <trkpt lat="37.70808999426663" lon="12.974689984694123">
        <ele>358.36</ele>
      </trkpt>
      <trkpt lat="37.70785538479686" lon="12.974630054086447">
        <ele>358.86</ele>
      </trkpt>
      <trkpt lat="37.7076200209558" lon="12.974570039659739">
        <ele>359.36</ele>
      </trkpt>
      <trkpt lat="37.707460010424256" lon="12.974529974162579">
        <ele>359.81</ele>
      </trkpt>
      <trkpt lat="37.70730092190206" lon="12.974480269476771">
        <ele>360.23</ele>
      </trkpt>
      <trkpt lat="37.70730033516884" lon="12.974480101838708">
        <ele>360.54</ele>
      </trkpt>
      <trkpt lat="37.70729991607368" lon="12.974480018019676">
        <ele>360.82</ele>
      </trkpt>
      <trkpt lat="37.707220036536455" lon="12.974459985271096">
        <ele>361.08</ele>
      </trkpt>
      <trkpt lat="37.70714996382594" lon="12.97444992698729">
        <ele>361.29</ele>
      </trkpt>
      <trkpt lat="37.70709992386401" lon="12.974440036341548">
        <ele>361.46</ele>
      </trkpt>
      <trkpt lat="37.707049967721105" lon="12.974440036341548">
        <ele>361.59</ele>
      </trkpt>
      <trkpt lat="37.7070000115782" lon="12.974429978057742">
        <ele>361.69</ele>
      </trkpt>
      <trkpt lat="37.706939997151494" lon="12.974440036341548">
        <ele>361.72</ele>
      </trkpt>
      <trkpt lat="37.70667999051511" lon="12.974299974739552">
        <ele>361.67</ele>
      </trkpt>
      <trkpt lat="37.706859949976206" lon="12.974073328077793">
        <ele>361.68</ele>
      </trkpt>
      <trkpt lat="37.70703999325633" lon="12.973846681416035">
        <ele>361.67</ele>
      </trkpt>
      <trkpt lat="37.707220036536455" lon="12.973620034754276">
        <ele>361.55</ele>
      </trkpt>
      <trkpt lat="37.70737996324897" lon="12.973440075293183">
        <ele>361.35</ele>
      </trkpt>
      <trkpt lat="37.70753997378051" lon="12.973260032013059">
        <ele>361.16</ele>
      </trkpt>
      <trkpt lat="37.70769000984728" lon="12.973089879378676">
        <ele>360.95</ele>
      </trkpt>
      <trkpt lat="37.70772999152541" lon="12.973009999841452">
        <ele>360.78</ele>
      </trkpt>
      <trkpt lat="37.70789997652173" lon="12.972810007631779">
        <ele>360.6</ele>
      </trkpt>
      <trkpt lat="37.708059987053275" lon="12.972619906067848">
        <ele>360.34</ele>
      </trkpt>
      <trkpt lat="37.707869969308376" lon="12.972366521134973">
        <ele>360.09</ele>
      </trkpt>
      <trkpt lat="37.70767995156348" lon="12.972113220021129">
        <ele>359.8</ele>
      </trkpt>
      <trkpt lat="37.70749001763761" lon="12.971860002726316">
        <ele>359.52</ele>
      </trkpt>
      <trkpt lat="37.70745003595948" lon="12.971809962764382">
        <ele>359.26</ele>
      </trkpt>
      <trkpt lat="37.70729991607368" lon="12.971594883129">
        <ele>359.0</ele>
      </trkpt>
      <trkpt lat="37.70714996382594" lon="12.971379971131682">
        <ele>358.73</ele>
      </trkpt>
      <trkpt lat="37.70703999325633" lon="12.971239993348718">
        <ele>358.46</ele>
      </trkpt>
      <trkpt lat="37.70690990611911" lon="12.971064895391464">
        <ele>358.21</ele>
      </trkpt>
      <trkpt lat="37.70677998661995" lon="12.970889965072274">
        <ele>357.97</ele>
      </trkpt>
      <trkpt lat="37.70671997219324" lon="12.970810001716018">
        <ele>357.74</ele>
      </trkpt>
      <trkpt lat="37.706596003845334" lon="12.970952913165092">
        <ele>357.55</ele>
      </trkpt>
      <trkpt lat="37.70647203549743" lon="12.97109599225223">
        <ele>357.38</ele>
      </trkpt>
      <trkpt lat="37.70629333332181" lon="12.971149887889624">
        <ele>357.24</ele>
      </trkpt>
      <trkpt lat="37.70611396059394" lon="12.971204034984112">
        <ele>357.06</ele>
      </trkpt>
      <trkpt lat="37.70604497753084" lon="12.971541993319988">
        <ele>356.89</ele>
      </trkpt>
      <trkpt lat="37.70583685487509" lon="12.971834018826485">
        <ele>356.71</ele>
      </trkpt>
      <trkpt lat="37.705628983676434" lon="12.97212596051395">
        <ele>356.64</ele>
      </trkpt>
      <trkpt lat="37.705391021445394" lon="12.972378171980381">
        <ele>356.59</ele>
      </trkpt>
      <trkpt lat="37.705153143033385" lon="12.972630467265844">
        <ele>356.55</ele>
      </trkpt>
      <trkpt lat="37.70491501316428" lon="12.972883014008403">
        <ele>356.46</ele>
      </trkpt>
      <trkpt lat="37.70493001677096" lon="12.972910003736615">
        <ele>356.46</ele>
      </trkpt>
      <trkpt lat="37.704770006239414" lon="12.973100021481514">
        <ele>356.43</ele>
      </trkpt>
      <trkpt lat="37.70470001734793" lon="12.97320001758635">
        <ele>356.46</ele>
      </trkpt>
      <trkpt lat="37.70458996295929" lon="12.973369918763638">
        <ele>356.53</ele>
      </trkpt>
      <trkpt lat="37.704709907993674" lon="12.973514925688505">
        <ele>356.68</ele>
      </trkpt>
      <trkpt lat="37.70483002066612" lon="12.973660016432405">
        <ele>356.83</ele>
      </trkpt>
      <trkpt lat="37.70493001677096" lon="12.973769987002015">
        <ele>357.01</ele>
      </trkpt>
      <trkpt lat="37.705030012875795" lon="12.973920023068786">
        <ele>357.19</ele>
      </trkpt>
      <trkpt lat="37.705184910446405" lon="12.974114902317524">
        <ele>357.42</ele>
      </trkpt>
      <trkpt lat="37.70533997565508" lon="12.974309865385294">
        <ele>357.67</ele>
      </trkpt>
      <trkpt lat="37.70536998286843" lon="12.974340040236712">
        <ele>357.93</ele>
      </trkpt>
      <trkpt lat="37.705480037257075" lon="12.97446995973587">
        <ele>358.22</ele>
      </trkpt>
      <trkpt lat="37.705610040575266" lon="12.974640028551221">
        <ele>358.55</ele>
      </trkpt>
      <trkpt lat="37.70579787902534" lon="12.974878493696451">
        <ele>358.89</ele>
      </trkpt>
      <trkpt lat="37.705985801294446" lon="12.975117042660713">
        <ele>359.28</ele>
      </trkpt>
      <trkpt lat="37.705863090232015" lon="12.975264061242342">
        <ele>359.64</ele>
      </trkpt>
      <trkpt lat="37.705740462988615" lon="12.975411163643003">
        <ele>360.04</ele>
      </trkpt>
      <trkpt lat="37.70554382354021" lon="12.975640743970871">
        <ele>360.5</ele>
      </trkpt>
      <trkpt lat="37.70534726791084" lon="12.975870408117771">
        <ele>361.0</ele>
      </trkpt>
      <trkpt lat="37.705150712281466" lon="12.976100072264671">
        <ele>361.55</ele>
      </trkpt>
      <trkpt lat="37.70495415665209" lon="12.976329736411572">
        <ele>362.09</ele>
      </trkpt>
      <trkpt lat="37.70475743338466" lon="12.976559652015567">
        <ele>362.59</ele>
      </trkpt>
      <trkpt lat="37.704633297398686" lon="12.976707257330418">
        <ele>363.14</ele>
      </trkpt>
      <trkpt lat="37.70450924523175" lon="12.9768549464643">
        <ele>363.71</ele>
      </trkpt>
      <trkpt lat="37.70430791191757" lon="12.976662330329418">
        <ele>364.33</ele>
      </trkpt>
      <trkpt lat="37.70410666242242" lon="12.976469798013568">
        <ele>365.0</ele>
      </trkpt>
      <trkpt lat="37.70390507765114" lon="12.97627693042159">
        <ele>365.67</ele>
      </trkpt>
      <trkpt lat="37.703830478712916" lon="12.976626623421907">
        <ele>366.4</ele>
      </trkpt>
      <trkpt lat="37.70375596359372" lon="12.976976316422224">
        <ele>367.15</ele>
      </trkpt>
      <trkpt lat="37.703681448474526" lon="12.97732600942254">
        <ele>367.85</ele>
      </trkpt>
      <trkpt lat="37.70360752008855" lon="12.977673187851906">
        <ele>368.58</ele>
      </trkpt>
      <trkpt lat="37.70356711931527" lon="12.977982396259904">
        <ele>369.38</ele>
      </trkpt>
      <trkpt lat="37.70352680236101" lon="12.978291688486934">
        <ele>370.19</ele>
      </trkpt>
      <trkpt lat="37.703486485406756" lon="12.978600980713964">
        <ele>371.0</ele>
      </trkpt>
      <trkpt lat="37.70344650372863" lon="12.978907842189074">
        <ele>371.81</ele>
      </trkpt>
      <trkpt lat="37.70336754620075" lon="12.97925409860909">
        <ele>372.65</ele>
      </trkpt>
      <trkpt lat="37.70328867249191" lon="12.979600438848138">
        <ele>373.52</ele>
      </trkpt>
      <trkpt lat="37.70321021787822" lon="12.97994501888752">
        <ele>374.39</ele>
      </trkpt>
      <trkpt lat="37.70345044322312" lon="12.980194129049778">
        <ele>375.29</ele>
      </trkpt>
      <trkpt lat="37.70369075238705" lon="12.980443239212036">
        <ele>376.18</ele>
      </trkpt>
      <trkpt lat="37.7039313968271" lon="12.980692768469453">
        <ele>377.07</ele>
      </trkpt>
      <trkpt lat="37.70406894385815" lon="12.980791758745909">
        <ele>377.96</ele>
      </trkpt>
      <trkpt lat="37.70420682616532" lon="12.980891084298491">
        <ele>378.85</ele>
      </trkpt>
      <trkpt lat="37.70424001850188" lon="12.981254691258073">
        <ele>379.79</ele>
      </trkpt>
      <trkpt lat="37.70427321083844" lon="12.981618298217654">
        <ele>380.73</ele>
      </trkpt>
      <trkpt lat="37.70430623553693" lon="12.981979725882411">
        <ele>381.6</ele>
      </trkpt>
      <trkpt lat="37.704328363761306" lon="12.98230511136353">
        <ele>382.42</ele>
      </trkpt>
      <trkpt lat="37.70435040816665" lon="12.982629239559174">
        <ele>383.2</ele>
      </trkpt>
      <trkpt lat="37.70435501821339" lon="12.982966024428606">
        <ele>383.99</ele>
      </trkpt>
      <trkpt lat="37.70435971207917" lon="12.983301468193531">
        <ele>384.81</ele>
      </trkpt>
      <trkpt lat="37.704287292435765" lon="12.98361268825829">
        <ele>385.59</ele>
      </trkpt>
      <trkpt lat="37.70421529188752" lon="12.983922902494669">
        <ele>386.38</ele>
      </trkpt>
      <trkpt lat="37.70421520806849" lon="12.98421417362988">
        <ele>387.15</ele>
      </trkpt>
      <trkpt lat="37.70421520806849" lon="12.984504355117679">
        <ele>387.88</ele>
      </trkpt>
      <trkpt lat="37.704435903579" lon="12.98453520052135">
        <ele>388.54</ele>
      </trkpt>
      <trkpt lat="37.70437337458134" lon="12.984838206321001">
        <ele>389.14</ele>
      </trkpt>
      <trkpt lat="37.70431092940271" lon="12.985141295939684">
        <ele>389.72</ele>
      </trkpt>
      <trkpt lat="37.70424890331924" lon="12.985442792996764">
        <ele>390.31</ele>
      </trkpt>
      <trkpt lat="37.704394832253456" lon="12.98552418127656">
        <ele>390.85</ele>
      </trkpt>
      <trkpt lat="37.70454118028283" lon="12.985605904832482">
        <ele>391.35</ele>
      </trkpt>
      <trkpt lat="37.70446037873626" lon="12.98592341132462">
        <ele>391.87</ele>
      </trkpt>
      <trkpt lat="37.70437999628484" lon="12.98623999580741">
        <ele>392.42</ele>
      </trkpt>
      <trkpt lat="37.70431981422007" lon="12.986440239474177">
        <ele>392.88</ele>
      </trkpt>
      <trkpt lat="37.704259967431426" lon="12.986639980226755">
        <ele>393.3</ele>
      </trkpt>
      <trkpt lat="37.7042199857533" lon="12.986769983544946">
        <ele>393.69</ele>
      </trkpt>
      <trkpt lat="37.70415997132659" lon="12.986969975754619">
        <ele>394.05</ele>
      </trkpt>
      <trkpt lat="37.70411001518369" lon="12.987110037356615">
        <ele>394.38</ele>
      </trkpt>
      <trkpt lat="37.70398981869221" lon="12.987460484728217">
        <ele>394.71</ele>
      </trkpt>
      <trkpt lat="37.703870041295886" lon="12.98781001009047">
        <ele>394.92</ele>
      </trkpt>
      <trkpt lat="37.703829975798726" lon="12.987970020622015">
        <ele>395.18</ele>
      </trkpt>
      <trkpt lat="37.70379996858537" lon="12.988059958443046">
        <ele>395.41</ele>
      </trkpt>
      <trkpt lat="37.70377499051392" lon="12.988121984526515">
        <ele>395.62</ele>
      </trkpt>
      <trkpt lat="37.703760992735624" lon="12.988158026710153">
        <ele>395.8</ele>
      </trkpt>
      <trkpt lat="37.703694021329284" lon="12.988209994509816">
        <ele>395.96</ele>
      </trkpt>
      <trkpt lat="37.70366401411593" lon="12.988355001434684">
        <ele>396.13</ele>
      </trkpt>
      <trkpt lat="37.70372201688588" lon="12.98849799670279">
        <ele>396.27</ele>
      </trkpt>
      <trkpt lat="37.70362780429423" lon="12.988835787400603">
        <ele>396.41</ele>
      </trkpt>
      <trkpt lat="37.70353367552161" lon="12.989173661917448">
        <ele>396.49</ele>
      </trkpt>
      <trkpt lat="37.703439965844154" lon="12.989509860053658">
        <ele>396.52</ele>
      </trkpt>
      <trkpt lat="37.70332002080977" lon="12.98987003043294">
        <ele>396.55</ele>
      </trkpt>
      <trkpt lat="37.70342999137938" lon="12.989929961040616">
        <ele>396.6</ele>
      </trkpt>
      <trkpt lat="37.70358472131193" lon="12.990019815042615">
        <ele>396.6</ele>
      </trkpt>
      <trkpt lat="37.703740037977695" lon="12.99011000432074">
        <ele>396.58</ele>
      </trkpt>
      <trkpt lat="37.70366485230625" lon="12.99041049554944">
        <ele>396.61</ele>
      </trkpt>
      <trkpt lat="37.703590001910925" lon="12.99070998094976">
        <ele>396.62</ele>
      </trkpt>
      <trkpt lat="37.7035500202328" lon="12.99086001701653">
        <ele>396.6</ele>
      </trkpt>
      <trkpt lat="37.70349998027086" lon="12.991059925407171">
        <ele>396.6</ele>
      </trkpt>
      <trkpt lat="37.703459998592734" lon="12.991109965369105">
        <ele>396.59</ele>
      </trkpt>
      <trkpt lat="37.70345798693597" lon="12.991111977025867">
        <ele>396.6</ele>
      </trkpt>
      <trkpt lat="37.703439965844154" lon="12.99113997258246">
        <ele>396.6</ele>
      </trkpt>
      <trkpt lat="37.703350028023124" lon="12.991169979795814">
        <ele>396.61</ele>
      </trkpt>
      <trkpt lat="37.70332002080977" lon="12.99118003807962">
        <ele>396.62</ele>
      </trkpt>
      <trkpt lat="37.70328003913164" lon="12.99118003807962">
        <ele>396.64</ele>
      </trkpt>
      <trkpt lat="37.70320996642113" lon="12.99118003807962">
        <ele>396.68</ele>
      </trkpt>
      <trkpt lat="37.7031200286001" lon="12.991120023652911">
        <ele>396.72</ele>
      </trkpt>
      <trkpt lat="37.70303998142481" lon="12.991079958155751">
        <ele>396.75</ele>
      </trkpt>
      <trkpt lat="37.70293998531997" lon="12.991030002012849">
        <ele>396.8</ele>
      </trkpt>
      <trkpt lat="37.70266002975404" lon="12.990869907662272">
        <ele>396.84</ele>
      </trkpt>
      <trkpt lat="37.70261996425688" lon="12.990849958732724">
        <ele>396.9</ele>
      </trkpt>
      <trkpt lat="37.70248996093869" lon="12.990779969841242">
        <ele>396.98</ele>
      </trkpt>
      <trkpt lat="37.70244000479579" lon="12.990760020911694">
        <ele>397.06</ele>
      </trkpt>
      <trkpt lat="37.70240002311766" lon="12.99086001701653">
        <ele>397.15</ele>
      </trkpt>
      <trkpt lat="37.70234000869095" lon="12.991030002012849">
        <ele>397.25</ele>
      </trkpt>
      <trkpt lat="37.70221729762852" lon="12.991362931206822">
        <ele>397.41</ele>
      </trkpt>
      <trkpt lat="37.70209467038512" lon="12.991695860400796">
        <ele>397.53</ele>
      </trkpt>
      <trkpt lat="37.70197195932269" lon="12.99202878959477">
        <ele>397.56</ele>
      </trkpt>
      <trkpt lat="37.701850002631545" lon="12.992359958589077">
        <ele>397.61</ele>
      </trkpt>
      <trkpt lat="37.70184002816677" lon="12.992409998551011">
        <ele>397.71</ele>
      </trkpt>
      <trkpt lat="37.70181999541819" lon="12.99247001297772">
        <ele>397.8</ele>
      </trkpt>
      <trkpt lat="37.70181999541819" lon="12.992509994655848">
        <ele>397.9</ele>
      </trkpt>
      <trkpt lat="37.701829969882965" lon="12.992540001869202">
        <ele>397.99</ele>
      </trkpt>
      <trkpt lat="37.70184002816677" lon="12.992619965225458">
        <ele>398.09</ele>
      </trkpt>
      <trkpt lat="37.70194002427161" lon="12.992909979075193">
        <ele>398.19</ele>
      </trkpt>
      <trkpt lat="37.70201001316309" lon="12.993120029568672">
        <ele>398.3</ele>
      </trkpt>
      <trkpt lat="37.702080085873604" lon="12.99332027323544">
        <ele>398.4</ele>
      </trkpt>
      <trkpt lat="37.702149990946054" lon="12.993520013988018">
        <ele>398.5</ele>
      </trkpt>
      <trkpt lat="37.70217999815941" lon="12.993639875203371">
        <ele>398.59</ele>
      </trkpt>
      <trkpt lat="37.70224001258612" lon="12.993820002302527">
        <ele>398.67</ele>
      </trkpt>
      <trkpt lat="37.702259961515665" lon="12.993880016729236">
        <ele>398.74</ele>
      </trkpt>
      <trkpt lat="37.70234000869095" lon="12.994089983403683">
        <ele>398.8</ele>
      </trkpt>
      <trkpt lat="37.702389964833856" lon="12.994240019470453">
        <ele>398.84</ele>
      </trkpt>
      <trkpt lat="37.70236004143953" lon="12.994259968400002">
        <ele>398.9</ele>
      </trkpt>
      <trkpt lat="37.70234000869095" lon="12.994310008361936">
        <ele>398.94</ele>
      </trkpt>
      <trkpt lat="37.7023100014776" lon="12.994359964504838">
        <ele>398.97</ele>
      </trkpt>
      <trkpt lat="37.70228996872902" lon="12.994430037215352">
        <ele>398.98</ele>
      </trkpt>
      <trkpt lat="37.702259961515665" lon="12.994519975036383">
        <ele>398.98</ele>
      </trkpt>
      <trkpt lat="37.70227001979947" lon="12.99461997114122">
        <ele>398.96</ele>
      </trkpt>
      <trkpt lat="37.70228996872902" lon="12.994670011103153">
        <ele>398.93</ele>
      </trkpt>
      <trkpt lat="37.70228996872902" lon="12.994700018316507">
        <ele>398.9</ele>
      </trkpt>
      <trkpt lat="37.7023100014776" lon="12.994730025529861">
        <ele>398.85</ele>
      </trkpt>
      <trkpt lat="37.70231997594237" lon="12.99474997445941">
        <ele>398.79</ele>
      </trkpt>
      <trkpt lat="37.70234000869095" lon="12.994779981672764">
        <ele>398.71</ele>
      </trkpt>
      <trkpt lat="37.70236004143953" lon="12.994819963350892">
        <ele>398.62</ele>
      </trkpt>
      <trkpt lat="37.70237001590431" lon="12.994859861209989">
        <ele>398.52</ele>
      </trkpt>
      <trkpt lat="37.70237999036908" lon="12.994909984990954">
        <ele>398.41</ele>
      </trkpt>
      <trkpt lat="37.702389964833856" lon="12.994939992204309">
        <ele>398.29</ele>
      </trkpt>
      <trkpt lat="37.702389964833856" lon="12.994969999417663">
        <ele>398.15</ele>
      </trkpt>
      <trkpt lat="37.70240002311766" lon="12.994999922811985">
        <ele>397.99</ele>
      </trkpt>
      <trkpt lat="37.70240002311766" lon="12.99500998109579">
        <ele>397.82</ele>
      </trkpt>
      <trkpt lat="37.702409997582436" lon="12.995020039379597">
        <ele>397.63</ele>
      </trkpt>
      <trkpt lat="37.702430030331016" lon="12.995039988309145">
        <ele>397.42</ele>
      </trkpt>
      <trkpt lat="37.702389964833856" lon="12.99513990059495">
        <ele>397.18</ele>
      </trkpt>
      <trkpt lat="37.70237999036908" lon="12.995169991627336">
        <ele>396.94</ele>
      </trkpt>
      <trkpt lat="37.70231980830431" lon="12.995355231687427">
        <ele>396.7</ele>
      </trkpt>
      <trkpt lat="37.702259961515665" lon="12.995539968833327">
        <ele>396.44</ele>
      </trkpt>
      <trkpt lat="37.70221000537276" lon="12.995690004900098">
        <ele>396.15</ele>
      </trkpt>
      <trkpt lat="37.70220003090799" lon="12.995720012113452">
        <ele>395.84</ele>
      </trkpt>
      <trkpt lat="37.70212987437844" lon="12.995950011536479">
        <ele>395.52</ele>
      </trkpt>
      <trkpt lat="37.70205996930599" lon="12.99621001817286">
        <ele>395.15</ele>
      </trkpt>
      <trkpt lat="37.70202996209264" lon="12.996359886601567">
        <ele>394.8</ele>
      </trkpt>
      <trkpt lat="37.70201001316309" lon="12.996479999274015">
        <ele>394.43</ele>
      </trkpt>
      <trkpt lat="37.701980005949736" lon="12.99661997705698">
        <ele>394.04</ele>
      </trkpt>
      <trkpt lat="37.701959973201156" lon="12.996809994801879">
        <ele>393.64</ele>
      </trkpt>
      <trkpt lat="37.7019299659878" lon="12.996990038082004">
        <ele>393.2</ele>
      </trkpt>
      <trkpt lat="37.70191001705825" lon="12.997120041400194">
        <ele>392.77</ele>
      </trkpt>
      <trkpt lat="37.70188998430967" lon="12.997290026396513">
        <ele>392.33</ele>
      </trkpt>
      <trkpt lat="37.70183701068163" lon="12.997656399384141">
        <ele>391.88</ele>
      </trkpt>
      <trkpt lat="37.701784037053585" lon="12.9980228561908">
        <ele>391.46</ele>
      </trkpt>
      <trkpt lat="37.70173106342554" lon="12.99838931299746">
        <ele>391.06</ele>
      </trkpt>
      <trkpt lat="37.7016780897975" lon="12.998755685985088">
        <ele>390.57</ele>
      </trkpt>
      <trkpt lat="37.701625199988484" lon="12.999122142791748">
        <ele>390.08</ele>
      </trkpt>
      <trkpt lat="37.70157222636044" lon="12.999488599598408">
        <ele>389.72</ele>
      </trkpt>
      <trkpt lat="37.70152000710368" lon="12.999850027263165">
        <ele>389.33</ele>
      </trkpt>
      <trkpt lat="37.70147994160652" lon="13.000059993937612">
        <ele>388.89</ele>
      </trkpt>
      <trkpt lat="37.70143995992839" lon="13.000240037217736">
        <ele>388.5</ele>
      </trkpt>
      <trkpt lat="37.70136997103691" lon="13.000450003892183">
        <ele>388.14</ele>
      </trkpt>
      <trkpt lat="37.70128984004259" lon="13.000635076314211">
        <ele>387.81</ele>
      </trkpt>
      <trkpt lat="37.701209960505366" lon="13.000819897279143">
        <ele>387.46</ele>
      </trkpt>
      <trkpt lat="37.70109487697482" lon="13.00102005712688">
        <ele>387.12</ele>
      </trkpt>
      <trkpt lat="37.70097996108234" lon="13.001219965517521">
        <ele>386.8</ele>
      </trkpt>
      <trkpt lat="37.70080997608602" lon="13.001509979367256">
        <ele>386.51</ele>
      </trkpt>
      <trkpt lat="37.70069992169738" lon="13.001700080931187">
        <ele>386.25</ele>
      </trkpt>
      <trkpt lat="37.7005900349468" lon="13.001890014857054">
        <ele>386.01</ele>
      </trkpt>
      <trkpt lat="37.70043656229973" lon="13.002150105312467">
        <ele>385.77</ele>
      </trkpt>
      <trkpt lat="37.70028317347169" lon="13.002410279586911">
        <ele>385.56</ele>
      </trkpt>
      <trkpt lat="37.700130036100745" lon="13.002670034766197">
        <ele>385.4</ele>
      </trkpt>
      <trkpt lat="37.70001000724733" lon="13.002859968692064">
        <ele>385.31</ele>
      </trkpt>
      <trkpt lat="37.699940018355846" lon="13.002989972010255">
        <ele>385.23</ele>
      </trkpt>
      <trkpt lat="37.69981998950243" lon="13.003189964219928">
        <ele>385.23</ele>
      </trkpt>
      <trkpt lat="37.69965486600995" lon="13.003465058282018">
        <ele>385.28</ele>
      </trkpt>
      <trkpt lat="37.69948999397457" lon="13.003739984706044">
        <ele>385.37</ele>
      </trkpt>
      <trkpt lat="37.69938999786973" lon="13.003939976915717">
        <ele>385.49</ele>
      </trkpt>
      <trkpt lat="37.69932998344302" lon="13.004039973020554">
        <ele>385.61</ele>
      </trkpt>
      <trkpt lat="37.699269969016314" lon="13.004169976338744">
        <ele>385.75</ele>
      </trkpt>
      <trkpt lat="37.69916997291148" lon="13.004390001296997">
        <ele>385.9</ele>
      </trkpt>
      <trkpt lat="37.69909000955522" lon="13.004629975184798">
        <ele>386.1</ele>
      </trkpt>
      <trkpt lat="37.699039885774255" lon="13.004759894683957">
        <ele>386.37</ele>
      </trkpt>
      <trkpt lat="37.69893997348845" lon="13.005029959604144">
        <ele>386.71</ele>
      </trkpt>
      <trkpt lat="37.69886487163603" lon="13.005275297909975">
        <ele>387.07</ele>
      </trkpt>
      <trkpt lat="37.69879002124071" lon="13.005519965663552">
        <ele>387.46</ele>
      </trkpt>
      <trkpt lat="37.698679799214005" lon="13.005855409428477">
        <ele>387.9</ele>
      </trkpt>
      <trkpt lat="37.69856991246343" lon="13.006190015003085">
        <ele>388.28</ele>
      </trkpt>
      <trkpt lat="37.69846002571285" lon="13.006539959460497">
        <ele>388.79</ele>
      </trkpt>
      <trkpt lat="37.69840001128614" lon="13.006680021062493">
        <ele>389.26</ele>
      </trkpt>
      <trkpt lat="37.698370004072785" lon="13.00675998441875">
        <ele>389.72</ele>
      </trkpt>
      <trkpt lat="37.69833999685943" lon="13.006840031594038">
        <ele>390.19</ele>
      </trkpt>
      <trkpt lat="37.69830998964608" lon="13.006899962201715">
        <ele>390.67</ele>
      </trkpt>
      <trkpt lat="37.69829004071653" lon="13.006959976628423">
        <ele>391.16</ele>
      </trkpt>
      <trkpt lat="37.698260033503175" lon="13.006999958306551">
        <ele>391.65</ele>
      </trkpt>
      <trkpt lat="37.698240000754595" lon="13.007059888914227">
        <ele>392.15</ele>
      </trkpt>
      <trkpt lat="37.69818987697363" lon="13.007159968838096">
        <ele>392.64</ele>
      </trkpt>
      <trkpt lat="37.69811997190118" lon="13.007289972156286">
        <ele>393.19</ele>
      </trkpt>
      <trkpt lat="37.6980600412935" lon="13.007400026544929">
        <ele>393.73</ele>
      </trkpt>
      <trkpt lat="37.6979598775506" lon="13.007560037076473">
        <ele>394.24</ele>
      </trkpt>
      <trkpt lat="37.6978599652648" lon="13.007719963788986">
        <ele>394.76</ele>
      </trkpt>
      <trkpt lat="37.69774479791522" lon="13.0079351272434">
        <ele>395.29</ele>
      </trkpt>
      <trkpt lat="37.69762988202274" lon="13.008150039240718">
        <ele>395.83</ele>
      </trkpt>
      <trkpt lat="37.697556456550956" lon="13.008400406688452">
        <ele>396.42</ele>
      </trkpt>
      <trkpt lat="37.69748303107917" lon="13.008650774136186">
        <ele>397.04</ele>
      </trkpt>
      <trkpt lat="37.69741002470255" lon="13.008899968117476">
        <ele>397.65</ele>
      </trkpt>
      <trkpt lat="37.697380017489195" lon="13.009050004184246">
        <ele>398.22</ele>
      </trkpt>
      <trkpt lat="37.69735001027584" lon="13.00918998196721">
        <ele>398.77</ele>
      </trkpt>
      <trkpt lat="37.69731002859771" lon="13.0095100030303">
        <ele>399.33</ele>
      </trkpt>
      <trkpt lat="37.69731002859771" lon="13.009600024670362">
        <ele>399.9</ele>
      </trkpt>
      <trkpt lat="37.69729997031391" lon="13.009760035201907">
        <ele>400.46</ele>
      </trkpt>
      <trkpt lat="37.69729997031391" lon="13.01006999798119">
        <ele>401.02</ele>
      </trkpt>
      <trkpt lat="37.697314973920584" lon="13.01040560938418">
        <ele>401.58</ele>
      </trkpt>
      <trkpt lat="37.69732997752726" lon="13.010739963501692">
        <ele>402.19</ele>
      </trkpt>
      <trkpt lat="37.69732997752726" lon="13.010980021208525">
        <ele>402.79</ele>
      </trkpt>
      <trkpt lat="37.69732997752726" lon="13.011299958452582">
        <ele>403.43</ele>
      </trkpt>
      <trkpt lat="37.69732000306249" lon="13.011449994519353">
        <ele>404.06</ele>
      </trkpt>
      <trkpt lat="37.697303239256144" lon="13.01174059510231">
        <ele>404.73</ele>
      </trkpt>
      <trkpt lat="37.69728655926883" lon="13.012031195685267">
        <ele>405.43</ele>
      </trkpt>
      <trkpt lat="37.69726996310055" lon="13.012320036068559">
        <ele>406.1</ele>
      </trkpt>
      <trkpt lat="37.69725998863578" lon="13.012409890070558">
        <ele>406.73</ele>
      </trkpt>
      <trkpt lat="37.69722989760339" lon="13.012665454298258">
        <ele>407.38</ele>
      </trkpt>
      <trkpt lat="37.69719997420907" lon="13.012920012697577">
        <ele>408.01</ele>
      </trkpt>
      <trkpt lat="37.69718002527952" lon="13.013199968263507">
        <ele>408.69</ele>
      </trkpt>
      <trkpt lat="37.69714490510523" lon="13.01348545588553">
        <ele>409.35</ele>
      </trkpt>
      <trkpt lat="37.69711003638804" lon="13.013769937679172">
        <ele>410.01</ele>
      </trkpt>
      <trkpt lat="37.697099978104234" lon="13.01384998485446">
        <ele>410.59</ele>
      </trkpt>
      <trkpt lat="37.697080029174685" lon="13.014009995386004">
        <ele>411.19</ele>
      </trkpt>
      <trkpt lat="37.697059996426105" lon="13.014119965955615">
        <ele>411.74</ele>
      </trkpt>
      <trkpt lat="37.697039963677526" lon="13.014209987595677">
        <ele>412.28</ele>
      </trkpt>
      <trkpt lat="37.6970100402832" lon="13.01430000923574">
        <ele>412.81</ele>
      </trkpt>
      <trkpt lat="37.69698003306985" lon="13.014390030875802">
        <ele>413.31</ele>
      </trkpt>
      <trkpt lat="37.69688489846885" lon="13.014620197936893">
        <ele>413.83</ele>
      </trkpt>
      <trkpt lat="37.69679001532495" lon="13.014849862083793">
        <ele>414.35</ele>
      </trkpt>
      <trkpt lat="37.696699826046824" lon="13.015060080215335">
        <ele>414.88</ele>
      </trkpt>
      <trkpt lat="37.696609972044826" lon="13.015269879251719">
        <ele>415.36</ele>
      </trkpt>
      <trkpt lat="37.69656001590192" lon="13.01539996638894">
        <ele>415.78</ele>
      </trkpt>
      <trkpt lat="37.69646001979709" lon="13.015629965811968">
        <ele>416.19</ele>
      </trkpt>
      <trkpt lat="37.69633999094367" lon="13.015930037945509">
        <ele>416.52</ele>
      </trkpt>
      <trkpt lat="37.69627997651696" lon="13.01617001183331">
        <ele>416.85</ele>
      </trkpt>
      <trkpt lat="37.69624996930361" lon="13.016309989616275">
        <ele>417.18</ele>
      </trkpt>
      <trkpt lat="37.696239994838834" lon="13.016370004042983">
        <ele>417.53</ele>
      </trkpt>
      <trkpt lat="37.696200013160706" lon="13.016549963504076">
        <ele>417.89</ele>
      </trkpt>
      <trkpt lat="37.69619003869593" lon="13.01657997071743">
        <ele>418.23</ele>
      </trkpt>
      <trkpt lat="37.69614997319877" lon="13.016799995675683">
        <ele>418.55</ele>
      </trkpt>
      <trkpt lat="37.69612994045019" lon="13.016939973458648">
        <ele>418.92</ele>
      </trkpt>
      <trkpt lat="37.69610001705587" lon="13.017060002312064">
        <ele>419.27</ele>
      </trkpt>
      <trkpt lat="37.69607998430729" lon="13.017169972881675">
        <ele>419.62</ele>
      </trkpt>
      <trkpt lat="37.69606003537774" lon="13.017259994521737">
        <ele>419.97</ele>
      </trkpt>
      <trkpt lat="37.69603002816439" lon="13.0173500161618">
        <ele>420.31</ele>
      </trkpt>
      <trkpt lat="37.69600002095103" lon="13.01745998673141">
        <ele>420.64</ele>
      </trkpt>
      <trkpt lat="37.6959499809891" lon="13.017599964514375">
        <ele>420.97</ele>
      </trkpt>
      <trkpt lat="37.69593003205955" lon="13.017629971727729">
        <ele>421.28</ele>
      </trkpt>
      <trkpt lat="37.69590999931097" lon="13.017659978941083">
        <ele>421.6</ele>
      </trkpt>
      <trkpt lat="37.69588996656239" lon="13.017680011689663">
        <ele>421.91</ele>
      </trkpt>
      <trkpt lat="37.69584998488426" lon="13.017719993367791">
        <ele>422.23</ele>
      </trkpt>
      <trkpt lat="37.69580002874136" lon="13.01775997504592">
        <ele>422.54</ele>
      </trkpt>
      <trkpt lat="37.69564999267459" lon="13.017880003899336">
        <ele>422.86</ele>
      </trkpt>
      <trkpt lat="37.69538998603821" lon="13.018049988895655">
        <ele>423.21</ele>
      </trkpt>
      <trkpt lat="37.695169961079955" lon="13.018200024962425">
        <ele>423.56</ele>
      </trkpt>
      <trkpt lat="37.69495999440551" lon="13.018330028280616">
        <ele>423.89</ele>
      </trkpt>
      <trkpt lat="37.69480518065393" lon="13.018424827605486">
        <ele>424.23</ele>
      </trkpt>
      <trkpt lat="37.694650031626225" lon="13.018519962206483">
        <ele>424.53</ele>
      </trkpt>
      <trkpt lat="37.69448013044894" lon="13.01864979788661">
        <ele>424.82</ele>
      </trkpt>
      <trkpt lat="37.694309977814555" lon="13.018779968842864">
        <ele>425.13</ele>
      </trkpt>
      <trkpt lat="37.6942300144583" lon="13.01889999769628">
        <ele>425.43</ele>
      </trkpt>
      <trkpt lat="37.694179974496365" lon="13.018999993801117">
        <ele>425.7</ele>
      </trkpt>
      <trkpt lat="37.6940849237144" lon="13.019185066223145">
        <ele>425.95</ele>
      </trkpt>
      <trkpt lat="37.6939900405705" lon="13.019369971007109">
        <ele>426.22</ele>
      </trkpt>
      <trkpt lat="37.693879986181855" lon="13.019580021500587">
        <ele>426.45</ele>
      </trkpt>
      <trkpt lat="37.69383003003895" lon="13.019669959321618">
        <ele>426.69</ele>
      </trkpt>
      <trkpt lat="37.69377990625799" lon="13.01978001371026">
        <ele>426.92</ele>
      </trkpt>
      <trkpt lat="37.69364998675883" lon="13.020029962062836">
        <ele>427.13</ele>
      </trkpt>
      <trkpt lat="37.69354999065399" lon="13.020270019769669">
        <ele>427.34</ele>
      </trkpt>
      <trkpt lat="37.69344002008438" lon="13.02048996090889">
        <ele>427.54</ele>
      </trkpt>
      <trkpt lat="37.693340023979545" lon="13.020679978653789">
        <ele>427.71</ele>
      </trkpt>
      <trkpt lat="37.69327003508806" lon="13.02080998197198">
        <ele>427.85</ele>
      </trkpt>
      <trkpt lat="37.6932299695909" lon="13.020879970863461">
        <ele>427.98</ele>
      </trkpt>
      <trkpt lat="37.69319023936987" lon="13.021023971959949">
        <ele>428.09</ele>
      </trkpt>
      <trkpt lat="37.69338327459991" lon="13.021143497899175">
        <ele>428.26</ele>
      </trkpt>
      <trkpt lat="37.69344002008438" lon="13.02122002467513">
        <ele>428.39</ele>
      </trkpt>
      <trkpt lat="37.69345996901393" lon="13.021260006353259">
        <ele>428.5</ele>
      </trkpt>
      <trkpt lat="37.693470027297735" lon="13.021299988031387">
        <ele>428.59</ele>
      </trkpt>
      <trkpt lat="37.69351000897586" lon="13.021439965814352">
        <ele>428.69</ele>
      </trkpt>
      <trkpt lat="37.69351998344064" lon="13.021469973027706">
        <ele>428.76</ele>
      </trkpt>
      <trkpt lat="37.69353004172444" lon="13.02149998024106">
        <ele>428.82</ele>
      </trkpt>
      <trkpt lat="37.69358511082828" lon="13.021705336868763">
        <ele>428.91</ele>
      </trkpt>
      <trkpt lat="37.693640012294054" lon="13.021910022944212">
        <ele>429.0</ele>
      </trkpt>
      <trkpt lat="37.69370002672076" lon="13.022129964083433">
        <ele>429.08</ele>
      </trkpt>
      <trkpt lat="37.69376507028937" lon="13.02236532792449">
        <ele>429.15</ele>
      </trkpt>
      <trkpt lat="37.69383003003895" lon="13.022600021213293">
        <ele>429.16</ele>
      </trkpt>
      <trkpt lat="37.69393002614379" lon="13.022919874638319">
        <ele>429.2</ele>
      </trkpt>
      <trkpt lat="37.6939900405705" lon="13.02319991402328">
        <ele>429.19</ele>
      </trkpt>
      <trkpt lat="37.694030022248626" lon="13.023399990051985">
        <ele>429.21</ele>
      </trkpt>
      <trkpt lat="37.6939900405705" lon="13.023429997265339">
        <ele>429.19</ele>
      </trkpt>
      <trkpt lat="37.69386003725231" lon="13.023490011692047">
        <ele>429.13</ele>
      </trkpt>
      <trkpt lat="37.693695249035954" lon="13.02356980741024">
        <ele>429.06</ele>
      </trkpt>
      <trkpt lat="37.69353004172444" lon="13.023650022223592">
        <ele>429.03</ele>
      </trkpt>
      <trkpt lat="37.69351000897586" lon="13.023659996688366">
        <ele>429.08</ele>
      </trkpt>
      <trkpt lat="37.693259976804256" lon="13.023759992793202">
        <ele>429.07</ele>
      </trkpt>
      <trkpt lat="37.693180013448" lon="13.023790000006557">
        <ele>429.16</ele>
      </trkpt>
      <trkpt lat="37.693065013736486" lon="13.023911034688354">
        <ele>429.26</ele>
      </trkpt>
      <trkpt lat="37.692952025681734" lon="13.023941963911057">
        <ele>429.39</ele>
      </trkpt>
      <trkpt lat="37.69283602014184" lon="13.024027040228248">
        <ele>429.53</ele>
      </trkpt>
      <trkpt lat="37.69282001070678" lon="13.024040032178164">
        <ele>429.77</ele>
      </trkpt>
      <trkpt lat="37.69282001070678" lon="13.024050006642938">
        <ele>430.07</ele>
      </trkpt>
      <trkpt lat="37.692818669602275" lon="13.024097615852952">
        <ele>430.42</ele>
      </trkpt>
      <trkpt lat="37.69286963157356" lon="13.02420406602323">
        <ele>430.83</ele>
      </trkpt>
      <trkpt lat="37.69263217225671" lon="13.02437949925661">
        <ele>431.28</ele>
      </trkpt>
      <trkpt lat="37.69239437766373" lon="13.024555435404181">
        <ele>431.82</ele>
      </trkpt>
      <trkpt lat="37.69215893000364" lon="13.02452802658081">
        <ele>432.36</ele>
      </trkpt>
      <trkpt lat="37.691879980266094" lon="13.024602960795164">
        <ele>432.97</ele>
      </trkpt>
      <trkpt lat="37.691602036356926" lon="13.024684013798833">
        <ele>433.57</ele>
      </trkpt>
      <trkpt lat="37.69144278019667" lon="13.02470538765192">
        <ele>434.22</ele>
      </trkpt>
      <trkpt lat="37.69128302112222" lon="13.024727012962103">
        <ele>434.91</ele>
      </trkpt>
      <trkpt lat="37.691061990335584" lon="13.024745034053922">
        <ele>435.68</ele>
      </trkpt>
      <trkpt lat="37.690955959260464" lon="13.024798007681966">
        <ele>436.47</ele>
      </trkpt>
      <trkpt lat="37.6908350083977" lon="13.024865984916687">
        <ele>437.29</ele>
      </trkpt>
      <trkpt lat="37.69068690016866" lon="13.024989031255245">
        <ele>438.16</ele>
      </trkpt>
      <trkpt lat="37.69058497622609" lon="13.025101013481617">
        <ele>439.05</ele>
      </trkpt>
      <trkpt lat="37.69040417857468" lon="13.02516714669764">
        <ele>439.85</ele>
      </trkpt>
      <trkpt lat="37.69047198817134" lon="13.025331096723676">
        <ele>440.77</ele>
      </trkpt>
      <trkpt lat="37.690580282360315" lon="13.025583811104298">
        <ele>441.69</ele>
      </trkpt>
      <trkpt lat="37.69068840891123" lon="13.02583602257073">
        <ele>442.59</ele>
      </trkpt>
      <trkpt lat="37.6907848007977" lon="13.026091335341334">
        <ele>443.48</ele>
      </trkpt>
      <trkpt lat="37.690881276503205" lon="13.02634664811194">
        <ele>444.34</ele>
      </trkpt>
      <trkpt lat="37.69097733311355" lon="13.026601038873196">
        <ele>445.12</ele>
      </trkpt>
      <trkpt lat="37.6911251898855" lon="13.026947630569339">
        <ele>445.88</ele>
      </trkpt>
      <trkpt lat="37.69127279520035" lon="13.027293467894197">
        <ele>446.58</ele>
      </trkpt>
      <trkpt lat="37.69136097282171" lon="13.027524556964636">
        <ele>447.16</ele>
      </trkpt>
      <trkpt lat="37.691449066624045" lon="13.027755059301853">
        <ele>447.59</ele>
      </trkpt>
      <trkpt lat="37.69150162115693" lon="13.0278941988945">
        <ele>447.86</ele>
      </trkpt>
      <trkpt lat="37.69156171940267" lon="13.02800358273089">
        <ele>447.97</ele>
      </trkpt>
      <trkpt lat="37.69161997362971" lon="13.0280324164778">
        <ele>448.05</ele>
      </trkpt>
      <trkpt lat="37.69163003191352" lon="13.028131825849414">
        <ele>448.02</ele>
      </trkpt>
      <trkpt lat="37.6916001085192" lon="13.028182620182633">
        <ele>448.01</ele>
      </trkpt>
      <trkpt lat="37.691560965031385" lon="13.028180189430714">
        <ele>447.94</ele>
      </trkpt>
      <trkpt lat="37.6915359031409" lon="13.028049180284142">
        <ele>447.85</ele>
      </trkpt>
      <trkpt lat="37.69144638441503" lon="13.02784139290452">
        <ele>447.76</ele>
      </trkpt>
      <trkpt lat="37.691357117146254" lon="13.027634108439088">
        <ele>447.41</ele>
      </trkpt>
      <trkpt lat="37.6912235096097" lon="13.02730000577867">
        <ele>446.84</ele>
      </trkpt>
      <trkpt lat="37.69109023734927" lon="13.02696674130857">
        <ele>446.17</ele>
      </trkpt>
      <trkpt lat="37.69098018296063" lon="13.026687121018767">
        <ele>445.46</ele>
      </trkpt>
      <trkpt lat="37.690870463848114" lon="13.026408338919282">
        <ele>444.69</ele>
      </trkpt>
      <trkpt lat="37.69075538031757" lon="13.026129053905606">
        <ele>443.83</ele>
      </trkpt>
      <trkpt lat="37.69064071588218" lon="13.025850523263216">
        <ele>442.92</ele>
      </trkpt>
      <trkpt lat="37.690548934042454" lon="13.025628235191107">
        <ele>442.03</ele>
      </trkpt>
      <trkpt lat="37.69045740365982" lon="13.025406617671251">
        <ele>441.13</ele>
      </trkpt>
      <trkpt lat="37.690396551042795" lon="13.025285918265581">
        <ele>440.21</ele>
      </trkpt>
      <trkpt lat="37.690340308472514" lon="13.025209894403815">
        <ele>439.3</ele>
      </trkpt>
      <trkpt lat="37.690123887732625" lon="13.025313075631857">
        <ele>438.47</ele>
      </trkpt>
      <trkpt lat="37.689907466992736" lon="13.025416256859899">
        <ele>437.7</ele>
      </trkpt>
      <trkpt lat="37.689690040424466" lon="13.025520024821162">
        <ele>436.87</ele>
      </trkpt>
      <trkpt lat="37.68954989500344" lon="13.025590013712645">
        <ele>436.02</ele>
      </trkpt>
      <trkpt lat="37.689380161464214" lon="13.025669809430838">
        <ele>435.18</ele>
      </trkpt>
      <trkpt lat="37.68921000882983" lon="13.02575002424419">
        <ele>434.36</ele>
      </trkpt>
      <trkpt lat="37.68910003826022" lon="13.025810038670897">
        <ele>433.54</ele>
      </trkpt>
      <trkpt lat="37.68892996944487" lon="13.025910034775734">
        <ele>432.77</ele>
      </trkpt>
      <trkpt lat="37.68865001387894" lon="13.026069961488247">
        <ele>431.98</ele>
      </trkpt>
      <trkpt lat="37.688380032777786" lon="13.026240030303597">
        <ele>431.24</ele>
      </trkpt>
      <trkpt lat="37.68830996006727" lon="13.0262899864465">
        <ele>430.6</ele>
      </trkpt>
      <trkpt lat="37.68813997507095" lon="13.026429964229465">
        <ele>429.97</ele>
      </trkpt>
      <trkpt lat="37.688099993392825" lon="13.026489978656173">
        <ele>429.45</ele>
      </trkpt>
      <trkpt lat="37.68799999728799" lon="13.02663004025817">
        <ele>428.93</ele>
      </trkpt>
      <trkpt lat="37.68787996843457" lon="13.026889963075519">
        <ele>428.44</ele>
      </trkpt>
      <trkpt lat="37.68783001229167" lon="13.02699993364513">
        <ele>428.06</ele>
      </trkpt>
      <trkpt lat="37.68770000897348" lon="13.027290031313896">
        <ele>427.75</ele>
      </trkpt>
      <trkpt lat="37.68760001286864" lon="13.027530005201697">
        <ele>427.58</ele>
      </trkpt>
      <trkpt lat="37.68750999122858" lon="13.027659924700856">
        <ele>427.49</ele>
      </trkpt>
      <trkpt lat="37.68737998791039" lon="13.02786000072956">
        <ele>427.52</ele>
      </trkpt>
      <trkpt lat="37.68731997348368" lon="13.027939880266786">
        <ele>427.57</ele>
      </trkpt>
      <trkpt lat="37.68727001734078" lon="13.027999978512526">
        <ele>427.71</ele>
      </trkpt>
      <trkpt lat="37.687094919383526" lon="13.028239952400327">
        <ele>428.03</ele>
      </trkpt>
      <trkpt lat="37.686919989064336" lon="13.02848001010716">
        <ele>428.38</ele>
      </trkpt>
      <trkpt lat="37.68690004013479" lon="13.028499959036708">
        <ele>428.72</ele>
      </trkpt>
      <trkpt lat="37.6868199929595" lon="13.028580006211996">
        <ele>429.18</ele>
      </trkpt>
      <trkpt lat="37.68665000796318" lon="13.028710009530187">
        <ele>429.68</ele>
      </trkpt>
      <trkpt lat="37.68659996800125" lon="13.028749991208315">
        <ele>430.18</ele>
      </trkpt>
      <trkpt lat="37.68648002296686" lon="13.02882987074554">
        <ele>430.76</ele>
      </trkpt>
      <trkpt lat="37.686279863119125" lon="13.028960041701794">
        <ele>431.39</ele>
      </trkpt>
      <trkpt lat="37.686120020225644" lon="13.02906003780663">
        <ele>432.01</ele>
      </trkpt>
      <trkpt lat="37.68592002801597" lon="13.02919004112482">
        <ele>432.65</ele>
      </trkpt>
      <trkpt lat="37.68589991144836" lon="13.029200015589595">
        <ele>433.3</ele>
      </trkpt>
      <trkpt lat="37.68573001027107" lon="13.029290037229657">
        <ele>433.97</ele>
      </trkpt>
      <trkpt lat="37.685630014166236" lon="13.02933999337256">
        <ele>434.66</ele>
      </trkpt>
      <trkpt lat="37.6855799742043" lon="13.02936002612114">
        <ele>435.35</ele>
      </trkpt>
      <trkpt lat="37.68543999642134" lon="13.029420040547848">
        <ele>436.07</ele>
      </trkpt>
      <trkpt lat="37.68518996424973" lon="13.029520036652684">
        <ele>436.86</ele>
      </trkpt>
      <trkpt lat="37.6851000264287" lon="13.029560018330812">
        <ele>437.59</ele>
      </trkpt>
      <trkpt lat="37.68493532203138" lon="13.029619865119457">
        <ele>438.32</ele>
      </trkpt>
      <trkpt lat="37.684770030900836" lon="13.029679963365197">
        <ele>439.0</ele>
      </trkpt>
      <trkpt lat="37.684619994834065" lon="13.029730003327131">
        <ele>439.64</ele>
      </trkpt>
      <trkpt lat="37.684599962085485" lon="13.029730003327131">
        <ele>440.24</ele>
      </trkpt>
      <trkpt lat="37.6844800170511" lon="13.029750036075711">
        <ele>440.84</ele>
      </trkpt>
      <trkpt lat="37.68431003205478" lon="13.029809966683388">
        <ele>441.38</ele>
      </trkpt>
      <trkpt lat="37.684190003201365" lon="13.029839973896742">
        <ele>441.85</ele>
      </trkpt>
      <trkpt lat="37.68396000377834" lon="13.029909878969193">
        <ele>442.21</ele>
      </trkpt>
      <trkpt lat="37.68367996439338" lon="13.029990009963512">
        <ele>442.54</ele>
      </trkpt>
      <trkpt lat="37.68344996497035" lon="13.030039966106415">
        <ele>442.87</ele>
      </trkpt>
      <trkpt lat="37.68326003104448" lon="13.030039966106415">
        <ele>443.18</ele>
      </trkpt>
      <trkpt lat="37.68306003883481" lon="13.029969977214932">
        <ele>443.43</ele>
      </trkpt>
      <trkpt lat="37.6828998606652" lon="13.029869981110096">
        <ele>443.58</ele>
      </trkpt>
      <trkpt lat="37.68262996338308" lon="13.029699996113777">
        <ele>443.69</ele>
      </trkpt>
      <trkpt lat="37.6823800150305" lon="13.029509978368878">
        <ele>443.77</ele>
      </trkpt>
      <trkpt lat="37.68228001892567" lon="13.02946999669075">
        <ele>443.8</ele>
      </trkpt>
      <trkpt lat="37.68225998617709" lon="13.029460022225976">
        <ele>443.74</ele>
      </trkpt>
      <trkpt lat="37.68209000118077" lon="13.029430015012622">
        <ele>443.62</ele>
      </trkpt>
      <trkpt lat="37.68199000507593" lon="13.029409982264042">
        <ele>443.41</ele>
      </trkpt>
      <trkpt lat="37.681910041719675" lon="13.029400007799268">
        <ele>443.13</ele>
      </trkpt>
      <trkpt lat="37.68182002007961" lon="13.029400007799268">
        <ele>442.77</ele>
      </trkpt>
      <trkpt lat="37.681699991226196" lon="13.029400007799268">
        <ele>442.32</ele>
      </trkpt>
      <trkpt lat="37.681590020656586" lon="13.029409982264042">
        <ele>441.79</ele>
      </trkpt>
      <trkpt lat="37.68155003897846" lon="13.029420040547848">
        <ele>441.21</ele>
      </trkpt>
      <trkpt lat="37.68136999569833" lon="13.02944996394217">
        <ele>440.48</ele>
      </trkpt>
      <trkpt lat="37.68120026215911" lon="13.029514839872718">
        <ele>439.65</ele>
      </trkpt>
      <trkpt lat="37.681030025705695" lon="13.02957996726036">
        <ele>438.77</ele>
      </trkpt>
      <trkpt lat="37.68084998242557" lon="13.029650039970875">
        <ele>437.83</ele>
      </trkpt>
      <trkpt lat="37.68075996078551" lon="13.029679963365197">
        <ele>436.85</ele>
      </trkpt>
      <trkpt lat="37.68074001185596" lon="13.029690021649003">
        <ele>435.83</ele>
      </trkpt>
      <trkpt lat="37.680540354922414" lon="13.029764788225293">
        <ele>434.67</ele>
      </trkpt>
      <trkpt lat="37.680340027436614" lon="13.029839973896742">
        <ele>433.48</ele>
      </trkpt>
      <trkpt lat="37.680259896442294" lon="13.029860006645322">
        <ele>432.23</ele>
      </trkpt>
      <trkpt lat="37.680020006373525" lon="13.029969977214932">
        <ele>430.86</ele>
      </trkpt>
      <trkpt lat="37.679829988628626" lon="13.030069973319769">
        <ele>429.38</ele>
      </trkpt>
      <trkpt lat="37.67982001416385" lon="13.030080031603575">
        <ele>427.91</ele>
      </trkpt>
      <trkpt lat="37.67976997420192" lon="13.030129987746477">
        <ele>426.34</ele>
      </trkpt>
      <trkpt lat="37.67970995977521" lon="13.030239874497056">
        <ele>424.67</ele>
      </trkpt>
      <trkpt lat="37.67970995977521" lon="13.030310031026602">
        <ele>422.95</ele>
      </trkpt>
      <trkpt lat="37.679720018059015" lon="13.030359987169504">
        <ele>421.16</ele>
      </trkpt>
      <trkpt lat="37.679699901491404" lon="13.030429976060987">
        <ele>419.26</ele>
      </trkpt>
      <trkpt lat="37.67968003638089" lon="13.030529972165823">
        <ele>417.28</ele>
      </trkpt>
      <trkpt lat="37.679614908993244" lon="13.030775310471654">
        <ele>415.19</ele>
      </trkpt>
      <trkpt lat="37.6795500330627" lon="13.031019978225231">
        <ele>413.03</ele>
      </trkpt>
      <trkpt lat="37.67956000752747" lon="13.03110002540052">
        <ele>410.82</ele>
      </trkpt>
      <trkpt lat="37.679590014740825" lon="13.031179988756776">
        <ele>408.53</ele>
      </trkpt>
      <trkpt lat="37.67966503277421" lon="13.031380232423544">
        <ele>406.09</ele>
      </trkpt>
      <trkpt lat="37.67973996698856" lon="13.031579973176122">
        <ele>403.52</ele>
      </trkpt>
      <trkpt lat="37.67975999973714" lon="13.031630013138056">
        <ele>400.94</ele>
      </trkpt>
      <trkpt lat="37.67981003969908" lon="13.0317900236696">
        <ele>398.19</ele>
      </trkpt>
      <trkpt lat="37.67982001416385" lon="13.031830005347729">
        <ele>395.49</ele>
      </trkpt>
      <trkpt lat="37.67985999584198" lon="13.032009964808822">
        <ele>392.62</ele>
      </trkpt>
      <trkpt lat="37.679869970306754" lon="13.032239964231849">
        <ele>389.65</ele>
      </trkpt>
      <trkpt lat="37.679869970306754" lon="13.032310036942363">
        <ele>386.77</ele>
      </trkpt>
      <trkpt lat="37.679890003055334" lon="13.032664088532329">
        <ele>383.64</ele>
      </trkpt>
      <trkpt lat="37.679910035803914" lon="13.033018140122294">
        <ele>380.61</ele>
      </trkpt>
      <trkpt lat="37.67992998473346" lon="13.033370012417436">
        <ele>377.61</ele>
      </trkpt>
      <trkpt lat="37.67993493005633" lon="13.033570339903235">
        <ele>374.58</ele>
      </trkpt>
      <trkpt lat="37.67993995919824" lon="13.033769996836782">
        <ele>371.53</ele>
      </trkpt>
      <trkpt lat="37.67992319539189" lon="13.034080546349287">
        <ele>368.29</ele>
      </trkpt>
      <trkpt lat="37.67990651540458" lon="13.034391179680824">
        <ele>365.12</ele>
      </trkpt>
      <trkpt lat="37.679890003055334" lon="13.034699968993664">
        <ele>362.12</ele>
      </trkpt>
      <trkpt lat="37.67988002859056" lon="13.0347999650985">
        <ele>359.21</ele>
      </trkpt>
      <trkpt lat="37.67985999584198" lon="13.034959975630045">
        <ele>356.3</ele>
      </trkpt>
      <trkpt lat="37.679850021377206" lon="13.035010015591979">
        <ele>353.49</ele>
      </trkpt>
      <trkpt lat="37.679850021377206" lon="13.035110011696815">
        <ele>350.7</ele>
      </trkpt>
      <trkpt lat="37.67985999584198" lon="13.035430032759905">
        <ele>347.78</ele>
      </trkpt>
      <trkpt lat="37.67985999584198" lon="13.03570001386106">
        <ele>345.0</ele>
      </trkpt>
      <trkpt lat="37.679850021377206" lon="13.035849966108799">
        <ele>342.43</ele>
      </trkpt>
      <trkpt lat="37.679829988628626" lon="13.03602003492415">
        <ele>339.9</ele>
      </trkpt>
      <trkpt lat="37.67982001416385" lon="13.03613000549376">
        <ele>337.51</ele>
      </trkpt>
      <trkpt lat="37.679829988628626" lon="13.036350030452013">
        <ele>335.17</ele>
      </trkpt>
      <trkpt lat="37.679829988628626" lon="13.03647986613214">
        <ele>332.95</ele>
      </trkpt>
      <trkpt lat="37.67982001416385" lon="13.036629986017942">
        <ele>330.79</ele>
      </trkpt>
      <trkpt lat="37.67982001416385" lon="13.036699974909425">
        <ele>328.76</ele>
      </trkpt>
      <trkpt lat="37.6798399630934" lon="13.036850010976195">
        <ele>326.81</ele>
      </trkpt>
      <trkpt lat="37.67985999584198" lon="13.037019995972514">
        <ele>324.92</ele>
      </trkpt>
      <trkpt lat="37.679869970306754" lon="13.037249995395541">
        <ele>323.12</ele>
      </trkpt>
      <trkpt lat="37.679829988628626" lon="13.037600023671985">
        <ele>321.35</ele>
      </trkpt>
      <trkpt lat="37.67979989759624" lon="13.037815354764462">
        <ele>319.71</ele>
      </trkpt>
      <trkpt lat="37.67976997420192" lon="13.038029931485653">
        <ele>318.18</ele>
      </trkpt>
      <trkpt lat="37.67976997420192" lon="13.038049964234233">
        <ele>316.79</ele>
      </trkpt>
      <trkpt lat="37.67976997420192" lon="13.038179967552423">
        <ele>315.47</ele>
      </trkpt>
      <trkpt lat="37.67979998141527" lon="13.038330003619194">
        <ele>314.21</ele>
      </trkpt>
      <trkpt lat="37.679850021377206" lon="13.038469981402159">
        <ele>313.03</ele>
      </trkpt>
      <trkpt lat="37.67985999584198" lon="13.038499988615513">
        <ele>311.95</ele>
      </trkpt>
      <trkpt lat="37.67997005023062" lon="13.038735184818506">
        <ele>310.88</ele>
      </trkpt>
      <trkpt lat="37.6800799369812" lon="13.038969961926341">
        <ele>309.91</ele>
      </trkpt>
      <trkpt lat="37.68016987480223" lon="13.039150005206466">
        <ele>309.01</ele>
      </trkpt>
      <trkpt lat="37.68022997304797" lon="13.039259975776076">
        <ele>308.17</ele>
      </trkpt>
      <trkpt lat="37.680299961939454" lon="13.039300041273236">
        <ele>307.42</ele>
      </trkpt>
      <trkpt lat="37.680410016328096" lon="13.039349997416139">
        <ele>306.67</ele>
      </trkpt>
      <trkpt lat="37.68052996136248" lon="13.039370030164719">
        <ele>305.95</ele>
      </trkpt>
      <trkpt lat="37.68067002296448" lon="13.039370030164719">
        <ele>305.25</ele>
      </trkpt>
      <trkpt lat="37.680749986320734" lon="13.039349997416139">
        <ele>304.63</ele>
      </trkpt>
      <trkpt lat="37.68077999353409" lon="13.039440019056201">
        <ele>303.95</ele>
      </trkpt>
      <trkpt lat="37.68080002628267" lon="13.039470026269555">
        <ele>303.35</ele>
      </trkpt>
      <trkpt lat="37.680819975212216" lon="13.039489975199103">
        <ele>302.8</ele>
      </trkpt>
      <trkpt lat="37.680840007960796" lon="13.039519982412457">
        <ele>302.25</ele>
      </trkpt>
      <trkpt lat="37.680900022387505" lon="13.039549989625812">
        <ele>301.71</ele>
      </trkpt>
      <trkpt lat="37.68097998574376" lon="13.03958997130394">
        <ele>301.2</ele>
      </trkpt>
      <trkpt lat="37.6810799818486" lon="13.039619978517294">
        <ele>300.73</ele>
      </trkpt>
      <trkpt lat="37.68136999569833" lon="13.039679992944002">
        <ele>300.3</ele>
      </trkpt>
      <trkpt lat="37.681569987908006" lon="13.039730032905936">
        <ele>299.86</ele>
      </trkpt>
      <trkpt lat="37.681679958477616" lon="13.039779989048839">
        <ele>299.39</ele>
      </trkpt>
      <trkpt lat="37.68182999454439" lon="13.039849977940321">
        <ele>298.89</ele>
      </trkpt>
      <trkpt lat="37.681939965114" lon="13.039939999580383">
        <ele>298.38</ele>
      </trkpt>
      <trkpt lat="37.68206996843219" lon="13.04003999568522">
        <ele>297.87</ele>
      </trkpt>
      <trkpt lat="37.682239869609475" lon="13.040204867720604">
        <ele>297.34</ele>
      </trkpt>
      <trkpt lat="37.68241002224386" lon="13.040369991213083">
        <ele>296.75</ele>
      </trkpt>
      <trkpt lat="37.68241999670863" lon="13.040379965677857">
        <ele>296.24</ele>
      </trkpt>
      <trkpt lat="37.68255000002682" lon="13.040509968996048">
        <ele>295.66</ele>
      </trkpt>
      <trkpt lat="37.682600039988756" lon="13.040590016171336">
        <ele>295.12</ele>
      </trkpt>
      <trkpt lat="37.682640021666884" lon="13.040680037811399">
        <ele>294.56</ele>
      </trkpt>
      <trkpt lat="37.68265997059643" lon="13.040799982845783">
        <ele>293.98</ele>
      </trkpt>
      <trkpt lat="37.68269986845553" lon="13.041020007804036">
        <ele>293.37</ele>
      </trkpt>
      <trkpt lat="37.682770024985075" lon="13.041399959474802">
        <ele>292.75</ele>
      </trkpt>
      <trkpt lat="37.68283003941178" lon="13.0417799949646">
        <ele>292.09</ele>
      </trkpt>
      <trkpt lat="37.682879995554686" lon="13.042000019922853">
        <ele>291.37</ele>
      </trkpt>
      <trkpt lat="37.682919977232814" lon="13.042090041562915">
        <ele>290.71</ele>
      </trkpt>
      <trkpt lat="37.683009998872876" lon="13.042200012132525">
        <ele>290.04</ele>
      </trkpt>
      <trkpt lat="37.683200016617775" lon="13.042369997128844">
        <ele>289.33</ele>
      </trkpt>
      <trkpt lat="37.683309987187386" lon="13.042460018768907">
        <ele>288.69</ele>
      </trkpt>
      <trkpt lat="37.68336991779506" lon="13.04249002598226">
        <ele>288.06</ele>
      </trkpt>
      <trkpt lat="37.683509811758995" lon="13.042594883590937">
        <ele>287.41</ele>
      </trkpt>
      <trkpt lat="37.683650040999055" lon="13.042699992656708">
        <ele>286.77</ele>
      </trkpt>
      <trkpt lat="37.68380996771157" lon="13.042869977653027">
        <ele>286.11</ele>
      </trkpt>
      <trkpt lat="37.68385003320873" lon="13.04292001761496">
        <ele>285.45</ele>
      </trkpt>
      <trkpt lat="37.68388004042208" lon="13.042969973757863">
        <ele>284.79</ele>
      </trkpt>
      <trkpt lat="37.683890014886856" lon="13.043039962649345">
        <ele>284.11</ele>
      </trkpt>
      <trkpt lat="37.683909963816404" lon="13.043150017037988">
        <ele>283.43</ele>
      </trkpt>
      <trkpt lat="37.683909963816404" lon="13.043289994820952">
        <ele>282.73</ele>
      </trkpt>
      <trkpt lat="37.68392002210021" lon="13.04362996481359">
        <ele>282.0</ele>
      </trkpt>
      <trkpt lat="37.68391658551991" lon="13.044000696390867">
        <ele>281.26</ele>
      </trkpt>
      <trkpt lat="37.68391323275864" lon="13.044371427968144">
        <ele>280.47</ele>
      </trkpt>
      <trkpt lat="37.683909963816404" lon="13.044739896431565">
        <ele>279.67</ele>
      </trkpt>
      <trkpt lat="37.683909963816404" lon="13.045035526156425">
        <ele>278.94</ele>
      </trkpt>
      <trkpt lat="37.683909963816404" lon="13.045329982414842">
        <ele>278.22</ele>
      </trkpt>
      <trkpt lat="37.683890014886856" lon="13.045459985733032">
        <ele>277.51</ele>
      </trkpt>
      <trkpt lat="37.68388004042208" lon="13.045550007373095">
        <ele>276.81</ele>
      </trkpt>
      <trkpt lat="37.68385003320873" lon="13.04562988691032">
        <ele>276.1</ele>
      </trkpt>
      <trkpt lat="37.68380996771157" lon="13.045719992369413">
        <ele>275.41</ele>
      </trkpt>
      <trkpt lat="37.68373000435531" lon="13.045829962939024">
        <ele>274.73</ele>
      </trkpt>
      <trkpt lat="37.68366001546383" lon="13.04590992629528">
        <ele>274.05</ele>
      </trkpt>
      <trkpt lat="37.683609975501895" lon="13.045959882438183">
        <ele>273.37</ele>
      </trkpt>
      <trkpt lat="37.68353001214564" lon="13.046019980683923">
        <ele>272.7</ele>
      </trkpt>
      <trkpt lat="37.68344996497035" lon="13.046059962362051">
        <ele>272.03</ele>
      </trkpt>
      <trkpt lat="37.683349968865514" lon="13.046099860221148">
        <ele>271.35</ele>
      </trkpt>
      <trkpt lat="37.683120388537645" lon="13.04617471061647">
        <ele>270.69</ele>
      </trkpt>
      <trkpt lat="37.68288997001946" lon="13.04624998010695">
        <ele>270.01</ele>
      </trkpt>
      <trkpt lat="37.68261043354869" lon="13.04633648134768">
        <ele>269.29</ele>
      </trkpt>
      <trkpt lat="37.68233098089695" lon="13.04642298258841">
        <ele>268.52</ele>
      </trkpt>
      <trkpt lat="37.68204993568361" lon="13.046509986743331">
        <ele>267.7</ele>
      </trkpt>
      <trkpt lat="37.681939965114" lon="13.046539993956685">
        <ele>266.92</ele>
      </trkpt>
      <trkpt lat="37.68175003118813" lon="13.04659003391862">
        <ele>266.11</ele>
      </trkpt>
      <trkpt lat="37.68148994073272" lon="13.046669997274876">
        <ele>265.29</ele>
      </trkpt>
      <trkpt lat="37.68136002123356" lon="13.046709895133972">
        <ele>264.5</ele>
      </trkpt>
      <trkpt lat="37.68127997405827" lon="13.046749960631132">
        <ele>263.71</ele>
      </trkpt>
      <trkpt lat="37.681160029023886" lon="13.046839982271194">
        <ele>262.92</ele>
      </trkpt>
      <trkpt lat="37.68094754777849" lon="13.047064868733287">
        <ele>262.12</ele>
      </trkpt>
      <trkpt lat="37.68073515035212" lon="13.04728975519538">
        <ele>261.24</ele>
      </trkpt>
      <trkpt lat="37.680522752925754" lon="13.04751455783844">
        <ele>260.37</ele>
      </trkpt>
      <trkpt lat="37.68031002022326" lon="13.047739863395691">
        <ele>259.48</ele>
      </trkpt>
      <trkpt lat="37.680129976943135" lon="13.047919990494847">
        <ele>258.61</ele>
      </trkpt>
      <trkpt lat="37.68009996972978" lon="13.047949997708201">
        <ele>257.76</ele>
      </trkpt>
      <trkpt lat="37.67993585206568" lon="13.048220062628388">
        <ele>256.88</ele>
      </trkpt>
      <trkpt lat="37.679771734401584" lon="13.048490211367607">
        <ele>255.97</ele>
      </trkpt>
      <trkpt lat="37.67960770055652" lon="13.048760360106826">
        <ele>255.04</ele>
      </trkpt>
      <trkpt lat="37.67944358289242" lon="13.049030508846045">
        <ele>254.14</ele>
      </trkpt>
      <trkpt lat="37.67927996814251" lon="13.04929998703301">
        <ele>253.22</ele>
      </trkpt>
      <trkpt lat="37.67910000868142" lon="13.04958002641797">
        <ele>252.33</ele>
      </trkpt>
      <trkpt lat="37.67901996150613" lon="13.049689996987581">
        <ele>251.49</ele>
      </trkpt>
      <trkpt lat="37.67883731983602" lon="13.049987638369203">
        <ele>250.63</ele>
      </trkpt>
      <trkpt lat="37.67865467816591" lon="13.050285279750824">
        <ele>249.72</ele>
      </trkpt>
      <trkpt lat="37.67847212031484" lon="13.050582921132445">
        <ele>248.87</ele>
      </trkpt>
      <trkpt lat="37.67828989773989" lon="13.050879975780845">
        <ele>248.06</ele>
      </trkpt>
      <trkpt lat="37.67824999988079" lon="13.050949964672327">
        <ele>247.27</ele>
      </trkpt>
      <trkpt lat="37.67806584946811" lon="13.051244085654616">
        <ele>246.5</ele>
      </trkpt>
      <trkpt lat="37.677881782874465" lon="13.051538206636906">
        <ele>245.74</ele>
      </trkpt>
      <trkpt lat="37.67769771628082" lon="13.051832327619195">
        <ele>245.0</ele>
      </trkpt>
      <trkpt lat="37.67751364968717" lon="13.052126532420516">
        <ele>244.23</ele>
      </trkpt>
      <trkpt lat="37.67733000218868" lon="13.052419982850552">
        <ele>243.53</ele>
      </trkpt>
      <trkpt lat="37.67721986398101" lon="13.052600026130676">
        <ele>242.84</ele>
      </trkpt>
      <trkpt lat="37.67710997723043" lon="13.05277998559177">
        <ele>242.18</ele>
      </trkpt>
      <trkpt lat="37.67700486816466" lon="13.052955083549023">
        <ele>241.52</ele>
      </trkpt>
      <trkpt lat="37.67690001055598" lon="13.053130013868213">
        <ele>240.92</ele>
      </trkpt>
      <trkpt lat="37.67681493423879" lon="13.053300082683563">
        <ele>240.3</ele>
      </trkpt>
      <trkpt lat="37.676730025559664" lon="13.05346998386085">
        <ele>239.75</ele>
      </trkpt>
      <trkpt lat="37.676709992811084" lon="13.053509965538979">
        <ele>239.21</ele>
      </trkpt>
      <trkpt lat="37.67669993452728" lon="13.053550031036139">
        <ele>238.69</ele>
      </trkpt>
      <trkpt lat="37.67666003666818" lon="13.053650027140975">
        <ele>238.18</ele>
      </trkpt>
      <trkpt lat="37.67661997117102" lon="13.053880026564002">
        <ele>237.69</ele>
      </trkpt>
      <trkpt lat="37.676609912887216" lon="13.054095357656479">
        <ele>237.23</ele>
      </trkpt>
      <trkpt lat="37.67660002224147" lon="13.05430993437767">
        <ele>236.8</ele>
      </trkpt>
      <trkpt lat="37.67657998949289" lon="13.054549992084503">
        <ele>236.43</ele>
      </trkpt>
      <trkpt lat="37.67657001502812" lon="13.054689969867468">
        <ele>236.09</ele>
      </trkpt>
      <trkpt lat="37.67657001502812" lon="13.054710002616048">
        <ele>235.78</ele>
      </trkpt>
      <trkpt lat="37.67657001502812" lon="13.05480002425611">
        <ele>235.5</ele>
      </trkpt>
      <trkpt lat="37.676560040563345" lon="13.054870013147593">
        <ele>235.25</ele>
      </trkpt>
      <trkpt lat="37.676560040563345" lon="13.054919885471463">
        <ele>235.02</ele>
      </trkpt>
      <trkpt lat="37.67653003334999" lon="13.055199924856424">
        <ele>234.82</ele>
      </trkpt>
      <trkpt lat="37.67651989124715" lon="13.055239990353584">
        <ele>234.63</ele>
      </trkpt>
      <trkpt lat="37.67651989124715" lon="13.055269997566938">
        <ele>234.48</ele>
      </trkpt>
      <trkpt lat="37.67651000060141" lon="13.055309979245067">
        <ele>234.35</ele>
      </trkpt>
      <trkpt lat="37.67650002613664" lon="13.05533998645842">
        <ele>234.25</ele>
      </trkpt>
      <trkpt lat="37.67647999338806" lon="13.055379968136549">
        <ele>234.17</ele>
      </trkpt>
      <trkpt lat="37.6764499861747" lon="13.055439982563257">
        <ele>234.12</ele>
      </trkpt>
      <trkpt lat="37.67637999728322" lon="13.05563997477293">
        <ele>234.07</ele>
      </trkpt>
      <trkpt lat="37.676300033926964" lon="13.055850025266409">
        <ele>234.06</ele>
      </trkpt>
      <trkpt lat="37.676224848255515" lon="13.056080359965563">
        <ele>234.04</ele>
      </trkpt>
      <trkpt lat="37.67614999786019" lon="13.056310024112463">
        <ele>234.12</ele>
      </trkpt>
      <trkpt lat="37.676110016182065" lon="13.056440027430654">
        <ele>234.22</ele>
      </trkpt>
      <trkpt lat="37.676054863259196" lon="13.056650329381227">
        <ele>234.33</ele>
      </trkpt>
      <trkpt lat="37.67599996179342" lon="13.056859960779548">
        <ele>234.46</ele>
      </trkpt>
      <trkpt lat="37.67595000565052" lon="13.057149974629283">
        <ele>234.59</ele>
      </trkpt>
      <trkpt lat="37.67591002397239" lon="13.057369999587536">
        <ele>234.79</ele>
      </trkpt>
      <trkpt lat="37.67584984190762" lon="13.057690607383847">
        <ele>235.01</ele>
      </trkpt>
      <trkpt lat="37.675789995118976" lon="13.058010041713715">
        <ele>235.22</ele>
      </trkpt>
      <trkpt lat="37.67573651857674" lon="13.058280441910028">
        <ele>235.47</ele>
      </trkpt>
      <trkpt lat="37.67568304203451" lon="13.058550925925374">
        <ele>235.8</ele>
      </trkpt>
      <trkpt lat="37.67562998458743" lon="13.05881998501718">
        <ele>236.2</ele>
      </trkpt>
      <trkpt lat="37.67558488994837" lon="13.059074459597468">
        <ele>236.65</ele>
      </trkpt>
      <trkpt lat="37.67549914307892" lon="13.059445107355714">
        <ele>237.06</ele>
      </trkpt>
      <trkpt lat="37.67542814835906" lon="13.059820281341672">
        <ele>237.48</ele>
      </trkpt>
      <trkpt lat="37.67535723745823" lon="13.06019545532763">
        <ele>237.91</ele>
      </trkpt>
      <trkpt lat="37.675286242738366" lon="13.060570629313588">
        <ele>238.34</ele>
      </trkpt>
      <trkpt lat="37.6752152480185" lon="13.060945803299546">
        <ele>238.81</ele>
      </trkpt>
      <trkpt lat="37.67514433711767" lon="13.061320977285504">
        <ele>239.32</ele>
      </trkpt>
      <trkpt lat="37.67507334239781" lon="13.061696151271462">
        <ele>239.9</ele>
      </trkpt>
      <trkpt lat="37.675002347677946" lon="13.06207132525742">
        <ele>240.49</ele>
      </trkpt>
      <trkpt lat="37.674931436777115" lon="13.062446499243379">
        <ele>241.04</ele>
      </trkpt>
      <trkpt lat="37.67486044205725" lon="13.062821673229337">
        <ele>241.69</ele>
      </trkpt>
      <trkpt lat="37.67478944733739" lon="13.063196847215295">
        <ele>242.32</ele>
      </trkpt>
      <trkpt lat="37.67471853643656" lon="13.063572105020285">
        <ele>242.88</ele>
      </trkpt>
      <trkpt lat="37.674647541716695" lon="13.063947279006243">
        <ele>243.39</ele>
      </trkpt>
      <trkpt lat="37.67457654699683" lon="13.0643224529922">
        <ele>243.84</ele>
      </trkpt>
      <trkpt lat="37.674505636096" lon="13.064697626978159">
        <ele>244.3</ele>
      </trkpt>
      <trkpt lat="37.6744366530329" lon="13.065061569213867">
        <ele>244.75</ele>
      </trkpt>
      <trkpt lat="37.67436549067497" lon="13.065427020192146">
        <ele>245.12</ele>
      </trkpt>
      <trkpt lat="37.67429441213608" lon="13.065792471170425">
        <ele>245.48</ele>
      </trkpt>
      <trkpt lat="37.67422324977815" lon="13.066157922148705">
        <ele>245.85</ele>
      </trkpt>
      <trkpt lat="37.67415217123926" lon="13.066523373126984">
        <ele>246.11</ele>
      </trkpt>
      <trkpt lat="37.67408109270036" lon="13.066888824105263">
        <ele>246.34</ele>
      </trkpt>
      <trkpt lat="37.674009930342436" lon="13.067254275083542">
        <ele>246.53</ele>
      </trkpt>
      <trkpt lat="37.67393885180354" lon="13.067619726061821">
        <ele>246.67</ele>
      </trkpt>
      <trkpt lat="37.67386777326465" lon="13.0679851770401">
        <ele>246.77</ele>
      </trkpt>
      <trkpt lat="37.67379661090672" lon="13.068350711837411">
        <ele>246.74</ele>
      </trkpt>
      <trkpt lat="37.673725532367826" lon="13.06871616281569">
        <ele>246.65</ele>
      </trkpt>
      <trkpt lat="37.67365445382893" lon="13.06908161379397">
        <ele>246.43</ele>
      </trkpt>
      <trkpt lat="37.673583291471004" lon="13.069447064772248">
        <ele>246.04</ele>
      </trkpt>
      <trkpt lat="37.673513889312744" lon="13.069803714752197">
        <ele>245.62</ele>
      </trkpt>
      <trkpt lat="37.67342805862427" lon="13.070104122161865">
        <ele>245.14</ele>
      </trkpt>
      <trkpt lat="37.67334206029773" lon="13.070286680012941">
        <ele>244.65</ele>
      </trkpt>
      <trkpt lat="37.673256397247314" lon="13.07046890258789">
        <ele>244.09</ele>
      </trkpt>
      <trkpt lat="37.67304986715317" lon="13.070720946416259">
        <ele>243.47</ele>
      </trkpt>
      <trkpt lat="37.67284333705902" lon="13.070973074063659">
        <ele>242.79</ele>
      </trkpt>
      <trkpt lat="37.672636806964874" lon="13.071225201711059">
        <ele>242.03</ele>
      </trkpt>
      <trkpt lat="37.67243027687073" lon="13.071477329358459">
        <ele>241.26</ele>
      </trkpt>
      <trkpt lat="37.67222383059561" lon="13.071729457005858">
        <ele>240.47</ele>
      </trkpt>
      <trkpt lat="37.672017300501466" lon="13.071981500834227">
        <ele>239.59</ele>
      </trkpt>
      <trkpt lat="37.67181077040732" lon="13.072233628481627">
        <ele>238.69</ele>
      </trkpt>
      <trkpt lat="37.67160415649414" lon="13.07248592376709">
        <ele>237.82</ele>
      </trkpt>
      <trkpt lat="37.67141103744507" lon="13.07270578108728">
        <ele>236.92</ele>
      </trkpt>
      <trkpt lat="37.67121800221503" lon="13.072925638407469">
        <ele>235.98</ele>
      </trkpt>
      <trkpt lat="37.671024883165956" lon="13.07314557954669">
        <ele>234.97</ele>
      </trkpt>
      <trkpt lat="37.67083168029785" lon="13.073365688323975">
        <ele>233.97</ele>
      </trkpt>
      <trkpt lat="37.670577708631754" lon="13.073570122942328">
        <ele>232.98</ele>
      </trkpt>
      <trkpt lat="37.670323736965656" lon="13.073774641379714">
        <ele>232.0</ele>
      </trkpt>
      <trkpt lat="37.67006976529956" lon="13.0739791598171">
        <ele>231.07</ele>
      </trkpt>
      <trkpt lat="37.66981579363346" lon="13.074183594435453">
        <ele>230.18</ele>
      </trkpt>
      <trkpt lat="37.669561905786395" lon="13.074388112872839">
        <ele>229.25</ele>
      </trkpt>
      <trkpt lat="37.6693079341203" lon="13.074592631310225">
        <ele>228.42</ele>
      </trkpt>
      <trkpt lat="37.6690539624542" lon="13.07479714974761">
        <ele>227.57</ele>
      </trkpt>
      <trkpt lat="37.6687999907881" lon="13.075001584365964">
        <ele>226.74</ele>
      </trkpt>
      <trkpt lat="37.668546019122005" lon="13.07520610280335">
        <ele>225.99</ele>
      </trkpt>
      <trkpt lat="37.66829213127494" lon="13.075410621240735">
        <ele>225.32</ele>
      </trkpt>
      <trkpt lat="37.66803815960884" lon="13.075615055859089">
        <ele>224.71</ele>
      </trkpt>
      <trkpt lat="37.66778418794274" lon="13.075819574296474">
        <ele>224.13</ele>
      </trkpt>
      <trkpt lat="37.667527282610536" lon="13.076026439666748">
        <ele>223.58</ele>
      </trkpt>
      <trkpt lat="37.66725922934711" lon="13.076230036094785">
        <ele>223.08</ele>
      </trkpt>
      <trkpt lat="37.666990756988525" lon="13.076434135437012">
        <ele>222.64</ele>
      </trkpt>
      <trkpt lat="37.666720105335116" lon="13.07661627419293">
        <ele>222.25</ele>
      </trkpt>
      <trkpt lat="37.66644953750074" lon="13.076798412948847">
        <ele>221.93</ele>
      </trkpt>
      <trkpt lat="37.66617896966636" lon="13.076980635523796">
        <ele>221.66</ele>
      </trkpt>
      <trkpt lat="37.665908401831985" lon="13.077162774279714">
        <ele>221.46</ele>
      </trkpt>
      <trkpt lat="37.66563783399761" lon="13.077344996854663">
        <ele>221.25</ele>
      </trkpt>
      <trkpt lat="37.66536726616323" lon="13.07752713561058">
        <ele>221.13</ele>
      </trkpt>
      <trkpt lat="37.66509661450982" lon="13.07770935818553">
        <ele>221.05</ele>
      </trkpt>
      <trkpt lat="37.66482353210449" lon="13.077893257141113">
        <ele>221.07</ele>
      </trkpt>
      <trkpt lat="37.66466268338263" lon="13.078021835535765">
        <ele>221.11</ele>
      </trkpt>
      <trkpt lat="37.664501667022705" lon="13.078150749206543">
        <ele>221.19</ele>
      </trkpt>
      <trkpt lat="37.66429572366178" lon="13.078356608748436">
        <ele>221.3</ele>
      </trkpt>
      <trkpt lat="37.66408986411989" lon="13.078562468290329">
        <ele>221.46</ele>
      </trkpt>
      <trkpt lat="37.663884004577994" lon="13.078768411651254">
        <ele>221.68</ele>
      </trkpt>
      <trkpt lat="37.6636781450361" lon="13.078974271193147">
        <ele>221.92</ele>
      </trkpt>
      <trkpt lat="37.66347178258002" lon="13.079180717468262">
        <ele>222.21</ele>
      </trkpt>
      <trkpt lat="37.66330003738403" lon="13.079416751861572">
        <ele>222.65</ele>
      </trkpt>
      <trkpt lat="37.66312820836902" lon="13.079724451527">
        <ele>223.16</ele>
      </trkpt>
      <trkpt lat="37.66295646317303" lon="13.080032235011458">
        <ele>223.75</ele>
      </trkpt>
      <trkpt lat="37.662785053253174" lon="13.080339431762695">
        <ele>224.48</ele>
      </trkpt>
      <trkpt lat="37.662673238664865" lon="13.080665990710258">
        <ele>225.21</ele>
      </trkpt>
      <trkpt lat="37.66256150789559" lon="13.080992633476853">
        <ele>225.9</ele>
      </trkpt>
      <trkpt lat="37.66244977712631" lon="13.081319276243448">
        <ele>226.72</ele>
      </trkpt>
      <trkpt lat="37.662338046357036" lon="13.081645919010043">
        <ele>227.62</ele>
      </trkpt>
      <trkpt lat="37.662227153778076" lon="13.08197021484375">
        <ele>228.59</ele>
      </trkpt>
      <trkpt lat="37.6620982401073" lon="13.082303227856755">
        <ele>229.57</ele>
      </trkpt>
      <trkpt lat="37.66196932643652" lon="13.08263624086976">
        <ele>230.64</ele>
      </trkpt>
      <trkpt lat="37.66184041276574" lon="13.082969253882766">
        <ele>231.67</ele>
      </trkpt>
      <trkpt lat="37.66171225346625" lon="13.083300590515137">
        <ele>232.69</ele>
      </trkpt>
      <trkpt lat="37.66171216964722" lon="13.083300590515137">
        <ele>233.65</ele>
      </trkpt>
      <trkpt lat="37.66151896677911" lon="13.083590352907777">
        <ele>234.68</ele>
      </trkpt>
      <trkpt lat="37.66132576391101" lon="13.083880115300417">
        <ele>235.68</ele>
      </trkpt>
      <trkpt lat="37.661132561042905" lon="13.084169877693057">
        <ele>236.62</ele>
      </trkpt>
      <trkpt lat="37.66093969345093" lon="13.08445930480957">
        <ele>237.57</ele>
      </trkpt>
      <trkpt lat="37.66076786443591" lon="13.08478133752942">
        <ele>238.48</ele>
      </trkpt>
      <trkpt lat="37.66059637069702" lon="13.085103034973145">
        <ele>239.34</ele>
      </trkpt>
      <trkpt lat="37.660435270518064" lon="13.085442334413528">
        <ele>240.05</ele>
      </trkpt>
      <trkpt lat="37.66027417033911" lon="13.085781717672944">
        <ele>240.77</ele>
      </trkpt>
      <trkpt lat="37.66011307016015" lon="13.08612110093236">
        <ele>241.47</ele>
      </trkpt>
      <trkpt lat="37.65995196998119" lon="13.086460484191775">
        <ele>242.0</ele>
      </trkpt>
      <trkpt lat="37.65979086980224" lon="13.086799867451191">
        <ele>242.43</ele>
      </trkpt>
      <trkpt lat="37.65962976962328" lon="13.087139250710607">
        <ele>242.73</ele>
      </trkpt>
      <trkpt lat="37.659468753263354" lon="13.08747855015099">
        <ele>243.01</ele>
      </trkpt>
      <trkpt lat="37.6593076530844" lon="13.087817933410406">
        <ele>243.12</ele>
      </trkpt>
      <trkpt lat="37.65914655290544" lon="13.088157316669822">
        <ele>243.17</ele>
      </trkpt>
      <trkpt lat="37.658987045288086" lon="13.088493347167969">
        <ele>243.07</ele>
      </trkpt>
      <trkpt lat="37.65886349603534" lon="13.088777912780643">
        <ele>242.87</ele>
      </trkpt>
      <trkpt lat="37.65873994678259" lon="13.089062562212348">
        <ele>242.6</ele>
      </trkpt>
      <trkpt lat="37.65861648134887" lon="13.089347211644053">
        <ele>242.22</ele>
      </trkpt>
      <trkpt lat="37.658493518829346" lon="13.089630603790283">
        <ele>241.64</ele>
      </trkpt>
      <trkpt lat="37.65833459794521" lon="13.089935537427664">
        <ele>240.95</ele>
      </trkpt>
      <trkpt lat="37.65817567706108" lon="13.090240471065044">
        <ele>240.25</ele>
      </trkpt>
      <trkpt lat="37.65801675617695" lon="13.090545404702425">
        <ele>239.54</ele>
      </trkpt>
      <trkpt lat="37.65785791911185" lon="13.090850338339806">
        <ele>238.75</ele>
      </trkpt>
      <trkpt lat="37.65769966877997" lon="13.091154098510742">
        <ele>237.9</ele>
      </trkpt>
      <trkpt lat="37.65752918086946" lon="13.091468084603548">
        <ele>237.06</ele>
      </trkpt>
      <trkpt lat="37.65735869295895" lon="13.091782154515386">
        <ele>236.31</ele>
      </trkpt>
      <trkpt lat="37.657188288867474" lon="13.092096224427223">
        <ele>235.62</ele>
      </trkpt>
      <trkpt lat="37.657017800956964" lon="13.09241029433906">
        <ele>234.82</ele>
      </trkpt>
      <trkpt lat="37.65684739686549" lon="13.092724364250898">
        <ele>234.04</ele>
      </trkpt>
      <trkpt lat="37.65667690895498" lon="13.093038434162736">
        <ele>233.19</ele>
      </trkpt>
      <trkpt lat="37.6565065048635" lon="13.093352504074574">
        <ele>232.34</ele>
      </trkpt>
      <trkpt lat="37.65633601695299" lon="13.093666573986411">
        <ele>231.51</ele>
      </trkpt>
      <trkpt lat="37.656165612861514" lon="13.093980643898249">
        <ele>230.71</ele>
      </trkpt>
      <trkpt lat="37.655995124951005" lon="13.094294713810086">
        <ele>230.01</ele>
      </trkpt>
      <trkpt lat="37.65582472085953" lon="13.094608783721924">
        <ele>229.41</ele>
      </trkpt>
      <trkpt lat="37.65565423294902" lon="13.09492276981473">
        <ele>228.91</ele>
      </trkpt>
      <trkpt lat="37.65548382885754" lon="13.095236839726567">
        <ele>228.46</ele>
      </trkpt>
      <trkpt lat="37.65531334094703" lon="13.095550909638405">
        <ele>228.06</ele>
      </trkpt>
      <trkpt lat="37.655142936855555" lon="13.095864979550242">
        <ele>227.75</ele>
      </trkpt>
      <trkpt lat="37.65497446060181" lon="13.096175193786621">
        <ele>227.48</ele>
      </trkpt>
      <trkpt lat="37.65480699017644" lon="13.0964370444417">
        <ele>227.23</ele>
      </trkpt>
      <trkpt lat="37.65463951975107" lon="13.09669897891581">
        <ele>226.98</ele>
      </trkpt>
      <trkpt lat="37.654472133144736" lon="13.09696082957089">
        <ele>226.89</ele>
      </trkpt>
      <trkpt lat="37.65430466271937" lon="13.097222764045">
        <ele>226.95</ele>
      </trkpt>
      <trkpt lat="37.65413761138916" lon="13.097484111785889">
        <ele>227.05</ele>
      </trkpt>
      <trkpt lat="37.65394080430269" lon="13.097780998796225">
        <ele>227.09</ele>
      </trkpt>
      <trkpt lat="37.653744081035256" lon="13.098077969625592">
        <ele>227.15</ele>
      </trkpt>
      <trkpt lat="37.65354727394879" lon="13.098374856635928">
        <ele>227.36</ele>
      </trkpt>
      <trkpt lat="37.65335055068135" lon="13.098671827465296">
        <ele>227.6</ele>
      </trkpt>
      <trkpt lat="37.653153743594885" lon="13.098968798294663">
        <ele>227.88</ele>
      </trkpt>
      <trkpt lat="37.65295743942261" lon="13.099265098571777">
        <ele>228.24</ele>
      </trkpt>
      <trkpt lat="37.652821484953165" lon="13.099472550675273">
        <ele>228.65</ele>
      </trkpt>
      <trkpt lat="37.65268553048372" lon="13.0996800865978">
        <ele>229.06</ele>
      </trkpt>
      <trkpt lat="37.652549743652344" lon="13.099887371063232">
        <ele>229.55</ele>
      </trkpt>
      <trkpt lat="37.65233516693115" lon="13.100059032440186">
        <ele>230.1</ele>
      </trkpt>
      <trkpt lat="37.65222787857056" lon="13.100059032440186">
        <ele>230.77</ele>
      </trkpt>
      <trkpt lat="37.65214204788208" lon="13.100059032440186">
        <ele>231.53</ele>
      </trkpt>
      <trkpt lat="37.65207767486572" lon="13.100144863128662">
        <ele>232.41</ele>
      </trkpt>
      <trkpt lat="37.652034759521484" lon="13.100252151489258">
        <ele>233.38</ele>
      </trkpt>
      <trkpt lat="37.651938032358885" lon="13.100445438176394">
        <ele>234.44</ele>
      </trkpt>
      <trkpt lat="37.65184164047241" lon="13.100638389587402">
        <ele>235.59</ele>
      </trkpt>
      <trkpt lat="37.65162714757025" lon="13.10084206983447">
        <ele>236.77</ele>
      </trkpt>
      <trkpt lat="37.65141248703003" lon="13.101046085357666">
        <ele>237.94</ele>
      </trkpt>
      <trkpt lat="37.65122640877962" lon="13.101325118914247">
        <ele>239.26</ele>
      </trkpt>
      <trkpt lat="37.651040414348245" lon="13.101604152470827">
        <ele>240.66</ele>
      </trkpt>
      <trkpt lat="37.65085458755493" lon="13.101882934570312">
        <ele>242.03</ele>
      </trkpt>
      <trkpt lat="37.65069709159434" lon="13.102147718891501">
        <ele>243.44</ele>
      </trkpt>
      <trkpt lat="37.65053967945278" lon="13.10241250321269">
        <ele>244.98</ele>
      </trkpt>
      <trkpt lat="37.65038251876831" lon="13.10267686843872">
        <ele>246.57</ele>
      </trkpt>
      <trkpt lat="37.65027145855129" lon="13.10301348567009">
        <ele>248.11</ele>
      </trkpt>
      <trkpt lat="37.650160398334265" lon="13.10335018672049">
        <ele>249.71</ele>
      </trkpt>
      <trkpt lat="37.650049421936274" lon="13.10368680395186">
        <ele>251.31</ele>
      </trkpt>
      <trkpt lat="37.64993836171925" lon="13.10402350500226">
        <ele>253.02</ele>
      </trkpt>
      <trkpt lat="37.64982738532126" lon="13.10436012223363">
        <ele>254.79</ele>
      </trkpt>
      <trkpt lat="37.64971733093262" lon="13.10469388961792">
        <ele>256.51</ele>
      </trkpt>
      <trkpt lat="37.64961004257202" lon="13.105015754699707">
        <ele>258.25</ele>
      </trkpt>
      <trkpt lat="37.64956712722778" lon="13.105337619781494">
        <ele>259.95</ele>
      </trkpt>
      <trkpt lat="37.6495885848999" lon="13.105616569519043">
        <ele>261.59</ele>
      </trkpt>
      <trkpt lat="37.64965304173529" lon="13.105766773223877">
        <ele>263.1</ele>
      </trkpt>
      <trkpt lat="37.64971741475165" lon="13.105970872566104">
        <ele>264.54</ele>
      </trkpt>
      <trkpt lat="37.649781703948975" lon="13.10617446899414">
        <ele>265.9</ele>
      </trkpt>
      <trkpt lat="37.649781703948975" lon="13.106367588043213">
        <ele>267.23</ele>
      </trkpt>
      <trkpt lat="37.64971741475165" lon="13.106496334075928">
        <ele>268.55</ele>
      </trkpt>
      <trkpt lat="37.64961004257202" lon="13.106582164764404">
        <ele>269.82</ele>
      </trkpt>
      <trkpt lat="37.6494384650141" lon="13.106625080108643">
        <ele>271.06</ele>
      </trkpt>
      <trkpt lat="37.649138644337654" lon="13.106689285486937">
        <ele>272.29</ele>
      </trkpt>
      <trkpt lat="37.648837650194764" lon="13.106753826141357">
        <ele>273.59</ele>
      </trkpt>
      <trkpt lat="37.64858057722449" lon="13.106796573847532">
        <ele>274.73</ele>
      </trkpt>
      <trkpt lat="37.64832258224487" lon="13.106839656829834">
        <ele>275.73</ele>
      </trkpt>
      <trkpt lat="37.64821529388428" lon="13.106818199157715">
        <ele>276.69</ele>
      </trkpt>
      <trkpt lat="37.64810800552368" lon="13.106753826141357">
        <ele>277.61</ele>
      </trkpt>
      <trkpt lat="37.64795788563788" lon="13.106646537780762">
        <ele>278.52</ele>
      </trkpt>
      <trkpt lat="37.647786224260926" lon="13.106539249420166">
        <ele>279.42</ele>
      </trkpt>
      <trkpt lat="37.647786140441895" lon="13.106539249420166">
        <ele>280.29</ele>
      </trkpt>
      <trkpt lat="37.6475718151778" lon="13.106399942189455">
        <ele>281.18</ele>
      </trkpt>
      <trkpt lat="37.64735707081854" lon="13.106260299682617">
        <ele>282.07</ele>
      </trkpt>
      <trkpt lat="37.647292613983154" lon="13.106217384338379">
        <ele>282.95</ele>
      </trkpt>
      <trkpt lat="37.64714249409735" lon="13.106217384338379">
        <ele>283.88</ele>
      </trkpt>
      <trkpt lat="37.64692791737616" lon="13.106260299682617">
        <ele>284.85</ele>
      </trkpt>
      <trkpt lat="37.64686346054077" lon="13.106260299682617">
        <ele>285.77</ele>
      </trkpt>
      <trkpt lat="37.646574368700385" lon="13.106313776224852">
        <ele>286.8</ele>
      </trkpt>
      <trkpt lat="37.646284187212586" lon="13.106367588043213">
        <ele>287.75</ele>
      </trkpt>
      <trkpt lat="37.646284103393555" lon="13.106367588043213">
        <ele>288.66</ele>
      </trkpt>
      <trkpt lat="37.64610204845667" lon="13.10639969073236">
        <ele>289.67</ele>
      </trkpt>
      <trkpt lat="37.64591940678656" lon="13.10643196105957">
        <ele>290.69</ele>
      </trkpt>
      <trkpt lat="37.645855033770204" lon="13.10645341873169">
        <ele>291.74</ele>
      </trkpt>
      <trkpt lat="37.64574774540961" lon="13.106474876403809">
        <ele>292.86</ele>
      </trkpt>
      <trkpt lat="37.64549025334418" lon="13.106517791748047">
        <ele>294.03</ele>
      </trkpt>
      <trkpt lat="37.64530819840729" lon="13.106571268290281">
        <ele>295.34</ele>
      </trkpt>
      <trkpt lat="37.64512547291815" lon="13.106625080108643">
        <ele>296.67</ele>
      </trkpt>
      <trkpt lat="37.64495372772217" lon="13.106796741485596">
        <ele>298.1</ele>
      </trkpt>
      <trkpt lat="37.64470704831183" lon="13.107043337076902">
        <ele>299.59</ele>
      </trkpt>
      <trkpt lat="37.64446020126343" lon="13.107290267944336">
        <ele>301.19</ele>
      </trkpt>
      <trkpt lat="37.64464259147644" lon="13.107526302337646">
        <ele>302.76</ele>
      </trkpt>
      <trkpt lat="37.64482498168945" lon="13.107762336730957">
        <ele>304.34</ele>
      </trkpt>
      <trkpt lat="37.645007371902466" lon="13.107998371124268">
        <ele>305.86</ele>
      </trkpt>
      <trkpt lat="37.64518976211548" lon="13.108234405517578">
        <ele>307.36</ele>
      </trkpt>
      <trkpt lat="37.645275592803955" lon="13.108341693878174">
        <ele>308.77</ele>
      </trkpt>
      <trkpt lat="37.64536142349243" lon="13.108470439910889">
        <ele>310.18</ele>
      </trkpt>
      <trkpt lat="37.64546871185303" lon="13.108577728271484">
        <ele>311.53</ele>
      </trkpt>
      <trkpt lat="37.645554542541504" lon="13.1087064743042">
        <ele>312.91</ele>
      </trkpt>
      <trkpt lat="37.64561899937689" lon="13.108792304992676">
        <ele>314.27</ele>
      </trkpt>
      <trkpt lat="37.64564037322998" lon="13.108813762664795">
        <ele>315.61</ele>
      </trkpt>
      <trkpt lat="37.645747661590576" lon="13.10892105102539">
        <ele>317.02</ele>
      </trkpt>
      <trkpt lat="37.645769119262695" lon="13.108985424041748">
        <ele>318.36</ele>
      </trkpt>
      <trkpt lat="37.645812034606934" lon="13.109028339385986">
        <ele>319.68</ele>
      </trkpt>
      <trkpt lat="37.64598369598389" lon="13.109221458435059">
        <ele>321.04</ele>
      </trkpt>
      <trkpt lat="37.646048069000244" lon="13.109328746795654">
        <ele>322.23</ele>
      </trkpt>
      <trkpt lat="37.64615535736084" lon="13.10945749282837">
        <ele>323.34</ele>
      </trkpt>
      <trkpt lat="37.64632701873779" lon="13.10969352722168">
        <ele>324.37</ele>
      </trkpt>
      <trkpt lat="37.6462197303772" lon="13.109800815582275">
        <ele>325.14</ele>
      </trkpt>
      <trkpt lat="37.6461592130363" lon="13.109876504167914">
        <ele>325.86</ele>
      </trkpt>
      <trkpt lat="37.6462197303772" lon="13.109800815582275">
        <ele>325.14</ele>
      </trkpt>
      <trkpt lat="37.6461592130363" lon="13.109876504167914">
        <ele>325.86</ele>
      </trkpt>
    </trkseg>
  </trk>
</gpx>
