<?xml version="1.0" encoding="UTF-8"?>
<gpx creator="Garmin Connect" version="1.1"
  xsi:schemaLocation="http://www.topografix.com/GPX/1/1 http://www.topografix.com/GPX/11.xsd"
  xmlns:ns3="http://www.garmin.com/xmlschemas/TrackPointExtension/v1"
  xmlns="http://www.topografix.com/GPX/1/1"
  xmlns:xsi="http://www.w3.org/2001/XMLSchema-instance" xmlns:ns2="http://www.garmin.com/xmlschemas/GpxExtensions/v3">
  <metadata>
    <name>SD06 / Enna - Regalbuto</name>
    <link href="connect.garmin.com">
      <text>Garmin Connect</text>
    </link>
    <time>2026-09-02T17:29:58.000Z</time>
  </metadata>
  <trk>
    <name>SD06 / Enna - Regalbuto</name>
    <trkseg>
      <trkpt lat="37.56850993260741" lon="14.276779918000102">
        <ele>935.03</ele>
      </trkpt>
      <trkpt lat="37.56848989985883" lon="14.27670992910862">
        <ele>934.84</ele>
      </trkpt>
      <trkpt lat="37.56861990317702" lon="14.276399966329336">
        <ele>934.71</ele>
      </trkpt>
      <trkpt lat="37.56865996867418" lon="14.276250014081597">
        <ele>934.48</ele>
      </trkpt>
      <trkpt lat="37.56871998310089" lon="14.276024624705315">
        <ele>934.13</ele>
      </trkpt>
      <trkpt lat="37.56877991370857" lon="14.275799989700317">
        <ele>933.7</ele>
      </trkpt>
      <trkpt lat="37.568879993632436" lon="14.27576000802219">
        <ele>933.26</ele>
      </trkpt>
      <trkpt lat="37.56893992424011" lon="14.275709968060255">
        <ele>932.72</ele>
      </trkpt>
      <trkpt lat="37.569000106304884" lon="14.275394389405847">
        <ele>932.01</ele>
      </trkpt>
      <trkpt lat="37.56906003691256" lon="14.27507990039885">
        <ele>931.3</ele>
      </trkpt>
      <trkpt lat="37.56907998584211" lon="14.27496992982924">
        <ele>930.59</ele>
      </trkpt>
      <trkpt lat="37.56923999637365" lon="14.27473003976047">
        <ele>929.84</ele>
      </trkpt>
      <trkpt lat="37.5694499630481" lon="14.274589894339442">
        <ele>929.14</ele>
      </trkpt>
      <trkpt lat="37.5695900246501" lon="14.274529963731766">
        <ele>928.41</ele>
      </trkpt>
      <trkpt lat="37.569760009646416" lon="14.274459891021252">
        <ele>927.66</ele>
      </trkpt>
      <trkpt lat="37.569869980216026" lon="14.274369953200221">
        <ele>926.87</ele>
      </trkpt>
      <trkpt lat="37.5699299108237" lon="14.27425998263061">
        <ele>926.04</ele>
      </trkpt>
      <trkpt lat="37.56996000185609" lon="14.27408991381526">
        <ele>925.16</ele>
      </trkpt>
      <trkpt lat="37.56998003460467" lon="14.273729911074042">
        <ele>923.92</ele>
      </trkpt>
      <trkpt lat="37.56993988528848" lon="14.273419361561537">
        <ele>922.85</ele>
      </trkpt>
      <trkpt lat="37.56989990361035" lon="14.273109985515475">
        <ele>921.93</ele>
      </trkpt>
      <trkpt lat="37.569890012964606" lon="14.273039912804961">
        <ele>920.91</ele>
      </trkpt>
      <trkpt lat="37.56996000185609" lon="14.273009989410639">
        <ele>919.61</ele>
      </trkpt>
      <trkpt lat="37.57001004181802" lon="14.27309992723167">
        <ele>918.33</ele>
      </trkpt>
      <trkpt lat="37.570120096206665" lon="14.273380301892757">
        <ele>916.86</ele>
      </trkpt>
      <trkpt lat="37.57023023441434" lon="14.273660676553845">
        <ele>915.34</ele>
      </trkpt>
      <trkpt lat="37.570340037345886" lon="14.27393987774849">
        <ele>913.78</ele>
      </trkpt>
      <trkpt lat="37.5703599024564" lon="14.27410994656384">
        <ele>912.28</ele>
      </trkpt>
      <trkpt lat="37.57034992799163" lon="14.27448570728302">
        <ele>910.81</ele>
      </trkpt>
      <trkpt lat="37.570340037345886" lon="14.27485995925963">
        <ele>908.74</ele>
      </trkpt>
      <trkpt lat="37.57028999738395" lon="14.275059951469302">
        <ele>906.85</ele>
      </trkpt>
      <trkpt lat="37.57022989913821" lon="14.275209903717041">
        <ele>905.04</ele>
      </trkpt>
      <trkpt lat="37.570169968530536" lon="14.27528995089233">
        <ele>903.42</ele>
      </trkpt>
      <trkpt lat="37.56999000906944" lon="14.275434790179133">
        <ele>902.33</ele>
      </trkpt>
      <trkpt lat="37.569809881970286" lon="14.275579880923033">
        <ele>901.24</ele>
      </trkpt>
      <trkpt lat="37.56973000243306" lon="14.275669986382127">
        <ele>900.02</ele>
      </trkpt>
      <trkpt lat="37.56962489336729" lon="14.275855058804154">
        <ele>898.84</ele>
      </trkpt>
      <trkpt lat="37.56951995193958" lon="14.276039963588119">
        <ele>897.72</ele>
      </trkpt>
      <trkpt lat="37.56945985369384" lon="14.276255294680595">
        <ele>896.56</ele>
      </trkpt>
      <trkpt lat="37.5694000069052" lon="14.27647003903985">
        <ele>895.56</ele>
      </trkpt>
      <trkpt lat="37.56930001080036" lon="14.276680005714297">
        <ele>895.03</ele>
      </trkpt>
      <trkpt lat="37.56911996752024" lon="14.276979994028807">
        <ele>894.72</ele>
      </trkpt>
      <trkpt lat="37.569054840132594" lon="14.277185266837478">
        <ele>893.89</ele>
      </trkpt>
      <trkpt lat="37.568989964202046" lon="14.277390036731958">
        <ele>892.97</ele>
      </trkpt>
      <trkpt lat="37.56893984042108" lon="14.277700586244464">
        <ele>891.68</ele>
      </trkpt>
      <trkpt lat="37.56888996809721" lon="14.278009962290525">
        <ele>890.54</ele>
      </trkpt>
      <trkpt lat="37.568859960883856" lon="14.278369881212711">
        <ele>889.49</ele>
      </trkpt>
      <trkpt lat="37.56887496449053" lon="14.278625445440412">
        <ele>888.18</ele>
      </trkpt>
      <trkpt lat="37.56888996809721" lon="14.2788799200207">
        <ele>886.64</ele>
      </trkpt>
      <trkpt lat="37.568879993632436" lon="14.27904998883605">
        <ele>885.27</ele>
      </trkpt>
      <trkpt lat="37.568859960883856" lon="14.279229948297143">
        <ele>883.89</ele>
      </trkpt>
      <trkpt lat="37.56882484070957" lon="14.279435388743877">
        <ele>882.54</ele>
      </trkpt>
      <trkpt lat="37.56878997199237" lon="14.279639907181263">
        <ele>881.18</ele>
      </trkpt>
      <trkpt lat="37.56878997199237" lon="14.279950624331832">
        <ele>879.78</ele>
      </trkpt>
      <trkpt lat="37.56878997199237" lon="14.28026125766337">
        <ele>878.52</ele>
      </trkpt>
      <trkpt lat="37.56878997199237" lon="14.280569963157177">
        <ele>877.23</ele>
      </trkpt>
      <trkpt lat="37.56874001584947" lon="14.280850002542138">
        <ele>875.81</ele>
      </trkpt>
      <trkpt lat="37.56863985210657" lon="14.281110260635614">
        <ele>874.69</ele>
      </trkpt>
      <trkpt lat="37.5685400236398" lon="14.2813700158149">
        <ele>873.68</ele>
      </trkpt>
      <trkpt lat="37.56851999089122" lon="14.28167000412941">
        <ele>872.23</ele>
      </trkpt>
      <trkpt lat="37.568575059995055" lon="14.282060768455267">
        <ele>870.55</ele>
      </trkpt>
      <trkpt lat="37.56862996146083" lon="14.282449940219522">
        <ele>869.06</ele>
      </trkpt>
      <trkpt lat="37.56865745410323" lon="14.282843302935362">
        <ele>867.63</ele>
      </trkpt>
      <trkpt lat="37.568685030564666" lon="14.28323658183217">
        <ele>866.12</ele>
      </trkpt>
      <trkpt lat="37.5687126070261" lon="14.28362994454801">
        <ele>864.58</ele>
      </trkpt>
      <trkpt lat="37.56874001584947" lon="14.284019954502583">
        <ele>863.23</ele>
      </trkpt>
      <trkpt lat="37.568770023062825" lon="14.284220030531287">
        <ele>861.88</ele>
      </trkpt>
      <trkpt lat="37.56880003027618" lon="14.284350033849478">
        <ele>860.57</ele>
      </trkpt>
      <trkpt lat="37.568886782974005" lon="14.284667205065489">
        <ele>859.22</ele>
      </trkpt>
      <trkpt lat="37.56897361949086" lon="14.2849843762815">
        <ele>857.84</ele>
      </trkpt>
      <trkpt lat="37.56906003691256" lon="14.28530003875494">
        <ele>856.54</ele>
      </trkpt>
      <trkpt lat="37.56910001859069" lon="14.285510005429387">
        <ele>855.35</ele>
      </trkpt>
      <trkpt lat="37.56915986537933" lon="14.285609917715192">
        <ele>854.07</ele>
      </trkpt>
      <trkpt lat="37.569249887019396" lon="14.28568996489048">
        <ele>852.71</ele>
      </trkpt>
      <trkpt lat="37.569309985265136" lon="14.285719888284802">
        <ele>851.32</ele>
      </trkpt>
      <trkpt lat="37.56938994862139" lon="14.28570999763906">
        <ele>849.8</ele>
      </trkpt>
      <trkpt lat="37.5694499630481" lon="14.285609917715192">
        <ele>848.09</ele>
      </trkpt>
      <trkpt lat="37.569460021331906" lon="14.28551989607513">
        <ele>846.42</ele>
      </trkpt>
      <trkpt lat="37.56940998136997" lon="14.28536994382739">
        <ele>844.83</ele>
      </trkpt>
      <trkpt lat="37.569339824840426" lon="14.285099543631077">
        <ele>843.19</ele>
      </trkpt>
      <trkpt lat="37.56926975212991" lon="14.284829059615731">
        <ele>841.65</ele>
      </trkpt>
      <trkpt lat="37.569200014695525" lon="14.284559916704893">
        <ele>840.22</ele>
      </trkpt>
      <trkpt lat="37.56914997473359" lon="14.284309968352318">
        <ele>838.72</ele>
      </trkpt>
      <trkpt lat="37.5692099891603" lon="14.284309968352318">
        <ele>836.98</ele>
      </trkpt>
      <trkpt lat="37.56927997805178" lon="14.284650022163987">
        <ele>835.24</ele>
      </trkpt>
      <trkpt lat="37.56936002522707" lon="14.28495998494327">
        <ele>833.44</ele>
      </trkpt>
      <trkpt lat="37.56942003965378" lon="14.285175316035748">
        <ele>831.72</ele>
      </trkpt>
      <trkpt lat="37.56947988644242" lon="14.28538997657597">
        <ele>830.07</ele>
      </trkpt>
      <trkpt lat="37.56969999521971" lon="14.28564989939332">
        <ele>828.48</ele>
      </trkpt>
      <trkpt lat="37.5698299985379" lon="14.285719888284802">
        <ele>826.64</ele>
      </trkpt>
      <trkpt lat="37.5699299108237" lon="14.285749979317188">
        <ele>824.72</ele>
      </trkpt>
      <trkpt lat="37.570099560543895" lon="14.285784848034382">
        <ele>822.62</ele>
      </trkpt>
      <trkpt lat="37.57026996463537" lon="14.28581996820867">
        <ele>820.42</ele>
      </trkpt>
      <trkpt lat="37.57058001123369" lon="14.285809993743896">
        <ele>818.0</ele>
      </trkpt>
      <trkpt lat="37.570836916565895" lon="14.285819884389639">
        <ele>815.56</ele>
      </trkpt>
      <trkpt lat="37.5710938218981" lon="14.285829858854413">
        <ele>812.84</ele>
      </trkpt>
      <trkpt lat="37.57135081104934" lon="14.285839833319187">
        <ele>810.23</ele>
      </trkpt>
      <trkpt lat="37.571609979495406" lon="14.285849891602993">
        <ele>807.67</ele>
      </trkpt>
      <trkpt lat="37.57183947600424" lon="14.285923149436712">
        <ele>805.07</ele>
      </trkpt>
      <trkpt lat="37.57206905633211" lon="14.2859963234514">
        <ele>802.49</ele>
      </trkpt>
      <trkpt lat="37.57229997776449" lon="14.286070000380278">
        <ele>799.93</ele>
      </trkpt>
      <trkpt lat="37.57250449620187" lon="14.286045022308826">
        <ele>797.32</ele>
      </trkpt>
      <trkpt lat="37.57271002046764" lon="14.286019876599312">
        <ele>794.47</ele>
      </trkpt>
      <trkpt lat="37.57288000546396" lon="14.286109982058406">
        <ele>791.7</ele>
      </trkpt>
      <trkpt lat="37.57298997603357" lon="14.28616002202034">
        <ele>788.98</ele>
      </trkpt>
      <trkpt lat="37.573159793391824" lon="14.286279799416661">
        <ele>786.24</ele>
      </trkpt>
      <trkpt lat="37.57333002984524" lon="14.28639991208911">
        <ele>783.49</ele>
      </trkpt>
      <trkpt lat="37.57341996766627" lon="14.286409970372915">
        <ele>780.72</ele>
      </trkpt>
      <trkpt lat="37.57353991270065" lon="14.286390021443367">
        <ele>777.97</ele>
      </trkpt>
      <trkpt lat="37.57360998541117" lon="14.286330007016659">
        <ele>775.27</ele>
      </trkpt>
      <trkpt lat="37.573820035904646" lon="14.286039909347892">
        <ele>772.81</ele>
      </trkpt>
      <trkpt lat="37.57393998093903" lon="14.285960029810667">
        <ele>770.28</ele>
      </trkpt>
      <trkpt lat="37.57417953573167" lon="14.285850143060088">
        <ele>767.9</ele>
      </trkpt>
      <trkpt lat="37.57441992871463" lon="14.285739921033382">
        <ele>765.34</ele>
      </trkpt>
      <trkpt lat="37.57471606135368" lon="14.285836480557919">
        <ele>762.54</ele>
      </trkpt>
      <trkpt lat="37.575012193992734" lon="14.285932956263423">
        <ele>759.53</ele>
      </trkpt>
      <trkpt lat="37.57531000301242" lon="14.28603001870215">
        <ele>756.46</ele>
      </trkpt>
      <trkpt lat="37.575409999117255" lon="14.286049967631698">
        <ele>753.47</ele>
      </trkpt>
      <trkpt lat="37.575560035184026" lon="14.286059942096472">
        <ele>750.36</ele>
      </trkpt>
      <trkpt lat="37.5758099835366" lon="14.286019876599312">
        <ele>747.21</ele>
      </trkpt>
      <trkpt lat="37.57602992467582" lon="14.285939997062087">
        <ele>743.96</ele>
      </trkpt>
      <trkpt lat="37.57613989524543" lon="14.28586003370583">
        <ele>740.77</ele>
      </trkpt>
      <trkpt lat="37.57628498598933" lon="14.285644870251417">
        <ele>737.33</ele>
      </trkpt>
      <trkpt lat="37.5764299929142" lon="14.285429958254099">
        <ele>733.92</ele>
      </trkpt>
      <trkpt lat="37.57653501816094" lon="14.28518964909017">
        <ele>730.46</ele>
      </trkpt>
      <trkpt lat="37.57663995958865" lon="14.284950010478497">
        <ele>726.97</ele>
      </trkpt>
      <trkpt lat="37.57679997012019" lon="14.28476988337934">
        <ele>723.31</ele>
      </trkpt>
      <trkpt lat="37.57691999897361" lon="14.284690003842115">
        <ele>719.87</ele>
      </trkpt>
      <trkpt lat="37.57712988182902" lon="14.284650022163987">
        <ele>716.3</ele>
      </trkpt>
      <trkpt lat="37.577389972284436" lon="14.284650022163987">
        <ele>712.64</ele>
      </trkpt>
      <trkpt lat="37.57760999724269" lon="14.284669971093535">
        <ele>709.0</ele>
      </trkpt>
      <trkpt lat="37.577834548428655" lon="14.284764770418406">
        <ele>705.37</ele>
      </trkpt>
      <trkpt lat="37.57806002162397" lon="14.284859905019403">
        <ele>701.76</ele>
      </trkpt>
      <trkpt lat="37.5783399771899" lon="14.2848099488765">
        <ele>698.24</ele>
      </trkpt>
      <trkpt lat="37.57859998382628" lon="14.28476988337934">
        <ele>694.88</ele>
      </trkpt>
      <trkpt lat="37.57877994328737" lon="14.284710036590695">
        <ele>691.57</ele>
      </trkpt>
      <trkpt lat="37.5789996329695" lon="14.28458514623344">
        <ele>688.27</ele>
      </trkpt>
      <trkpt lat="37.57921999320388" lon="14.284460004419088">
        <ele>685.07</ele>
      </trkpt>
      <trkpt lat="37.57933993823826" lon="14.284369982779026">
        <ele>682.07</ele>
      </trkpt>
      <trkpt lat="37.579559963196516" lon="14.284189939498901">
        <ele>679.15</ele>
      </trkpt>
      <trkpt lat="37.57978996261954" lon="14.28396999835968">
        <ele>676.34</ele>
      </trkpt>
      <trkpt lat="37.57993002422154" lon="14.283879976719618">
        <ele>673.7</ele>
      </trkpt>
      <trkpt lat="37.58009464479983" lon="14.283825075253844">
        <ele>671.17</ele>
      </trkpt>
      <trkpt lat="37.5802600197494" lon="14.283770006150007">
        <ele>668.76</ele>
      </trkpt>
      <trkpt lat="37.58027996867895" lon="14.283830020576715">
        <ele>666.54</ele>
      </trkpt>
      <trkpt lat="37.580309975892305" lon="14.28381996229291">
        <ele>664.44</ele>
      </trkpt>
      <trkpt lat="37.58036001585424" lon="14.283790038898587">
        <ele>662.48</ele>
      </trkpt>
      <trkpt lat="37.58039999753237" lon="14.28377989679575">
        <ele>660.63</ele>
      </trkpt>
      <trkpt lat="37.58043000474572" lon="14.283770006150007">
        <ele>658.91</ele>
      </trkpt>
      <trkpt lat="37.58046998642385" lon="14.283749973401427">
        <ele>657.3</ele>
      </trkpt>
      <trkpt lat="37.58053997531533" lon="14.283679900690913">
        <ele>655.79</ele>
      </trkpt>
      <trkpt lat="37.58055003359914" lon="14.283660035580397">
        <ele>654.4</ele>
      </trkpt>
      <trkpt lat="37.58058004081249" lon="14.28362994454801">
        <ele>653.11</ele>
      </trkpt>
      <trkpt lat="37.58062991313636" lon="14.283569930121303">
        <ele>651.91</ele>
      </trkpt>
      <trkpt lat="37.58083996362984" lon="14.283579988405108">
        <ele>650.74</ele>
      </trkpt>
      <trkpt lat="37.58092001080513" lon="14.283579988405108">
        <ele>649.69</ele>
      </trkpt>
      <trkpt lat="37.58095999248326" lon="14.283579988405108">
        <ele>648.73</ele>
      </trkpt>
      <trkpt lat="37.58114003576338" lon="14.28358987905085">
        <ele>647.82</ele>
      </trkpt>
      <trkpt lat="37.58122997358441" lon="14.28358987905085">
        <ele>646.98</ele>
      </trkpt>
      <trkpt lat="37.58144002407789" lon="14.283600021153688">
        <ele>646.17</ele>
      </trkpt>
      <trkpt lat="37.5817193929106" lon="14.28360496647656">
        <ele>645.38</ele>
      </trkpt>
      <trkpt lat="37.58200001902878" lon="14.28360991179943">
        <ele>644.63</ele>
      </trkpt>
      <trkpt lat="37.58229992352426" lon="14.28362994454801">
        <ele>643.96</ele>
      </trkpt>
      <trkpt lat="37.58237997069955" lon="14.283660035580397">
        <ele>643.32</ele>
      </trkpt>
      <trkpt lat="37.58244995959103" lon="14.283689958974719">
        <ele>642.73</ele>
      </trkpt>
      <trkpt lat="37.582499999552965" lon="14.283719882369041">
        <ele>642.18</ele>
      </trkpt>
      <trkpt lat="37.58257996290922" lon="14.283759947866201">
        <ele>641.64</ele>
      </trkpt>
      <trkpt lat="37.5825999956578" lon="14.283770006150007">
        <ele>641.18</ele>
      </trkpt>
      <trkpt lat="37.58267995901406" lon="14.283830020576715">
        <ele>640.68</ele>
      </trkpt>
      <trkpt lat="37.5828399695456" lon="14.283960023894906">
        <ele>640.15</ele>
      </trkpt>
      <trkpt lat="37.58302001282573" lon="14.284109892323613">
        <ele>639.7</ele>
      </trkpt>
      <trkpt lat="37.58309989236295" lon="14.284189939498901">
        <ele>639.32</ele>
      </trkpt>
      <trkpt lat="37.58312998339534" lon="14.284220030531287">
        <ele>638.99</ele>
      </trkpt>
      <trkpt lat="37.58315999060869" lon="14.28424995392561">
        <ele>638.69</ele>
      </trkpt>
      <trkpt lat="37.583189997822046" lon="14.28429001942277">
        <ele>638.41</ele>
      </trkpt>
      <trkpt lat="37.5832200050354" lon="14.28433989174664">
        <ele>638.15</ele>
      </trkpt>
      <trkpt lat="37.58322989568114" lon="14.2843799572438">
        <ele>637.9</ele>
      </trkpt>
      <trkpt lat="37.58324003778398" lon="14.28439998999238">
        <ele>637.69</ele>
      </trkpt>
      <trkpt lat="37.58324003778398" lon="14.284409880638123">
        <ele>637.49</ele>
      </trkpt>
      <trkpt lat="37.58324992842972" lon="14.284449946135283">
        <ele>637.3</ele>
      </trkpt>
      <trkpt lat="37.58325998671353" lon="14.284499986097217">
        <ele>637.12</ele>
      </trkpt>
      <trkpt lat="37.58324992842972" lon="14.284619931131601">
        <ele>636.94</ele>
      </trkpt>
      <trkpt lat="37.58344002999365" lon="14.28485001437366">
        <ele>636.76</ele>
      </trkpt>
      <trkpt lat="37.5834599789232" lon="14.284869963303208">
        <ele>636.62</ele>
      </trkpt>
      <trkpt lat="37.583489986136556" lon="14.28489988669753">
        <ele>636.47</ele>
      </trkpt>
      <trkpt lat="37.58354991674423" lon="14.28495998494327">
        <ele>636.33</ele>
      </trkpt>
      <trkpt lat="37.58358000777662" lon="14.28498001769185">
        <ele>636.19</ele>
      </trkpt>
      <trkpt lat="37.583619989454746" lon="14.284999966621399">
        <ele>636.05</ele>
      </trkpt>
      <trkpt lat="37.583640022203326" lon="14.285009941086173">
        <ele>635.91</ele>
      </trkpt>
      <trkpt lat="37.58365988731384" lon="14.285019999369979">
        <ele>635.77</ele>
      </trkpt>
      <trkpt lat="37.58377999998629" lon="14.28508990444243">
        <ele>635.65</ele>
      </trkpt>
      <trkpt lat="37.583830039948225" lon="14.28512996993959">
        <ele>635.5</ele>
      </trkpt>
      <trkpt lat="37.58387002162635" lon="14.28517003543675">
        <ele>635.33</ele>
      </trkpt>
      <trkpt lat="37.58390002883971" lon="14.28521990776062">
        <ele>635.14</ele>
      </trkpt>
      <trkpt lat="37.583940010517836" lon="14.285289896652102">
        <ele>634.94</ele>
      </trkpt>
      <trkpt lat="37.58398996666074" lon="14.285439932718873">
        <ele>634.68</ele>
      </trkpt>
      <trkpt lat="37.58399994112551" lon="14.285470023751259">
        <ele>634.45</ele>
      </trkpt>
      <trkpt lat="37.58406984619796" lon="14.285640008747578">
        <ele>634.12</ele>
      </trkpt>
      <trkpt lat="37.5841299444437" lon="14.28577990271151">
        <ele>633.81</ele>
      </trkpt>
      <trkpt lat="37.58418995887041" lon="14.285919964313507">
        <ele>633.47</ele>
      </trkpt>
      <trkpt lat="37.58426992222667" lon="14.286059942096472">
        <ele>633.09</ele>
      </trkpt>
      <trkpt lat="37.58433002047241" lon="14.28613998927176">
        <ele>632.74</ele>
      </trkpt>
      <trkpt lat="37.584390034899116" lon="14.286220036447048">
        <ele>632.38</ele>
      </trkpt>
      <trkpt lat="37.58442993275821" lon="14.286279883235693">
        <ele>632.01</ele>
      </trkpt>
      <trkpt lat="37.584479972720146" lon="14.286330007016659">
        <ele>631.63</ele>
      </trkpt>
      <trkpt lat="37.58453001268208" lon="14.286369988694787">
        <ele>631.24</ele>
      </trkpt>
      <trkpt lat="37.58460997603834" lon="14.28643997758627">
        <ele>630.83</ele>
      </trkpt>
      <trkpt lat="37.58468993939459" lon="14.286489933729172">
        <ele>630.41</ele>
      </trkpt>
      <trkpt lat="37.58476998656988" lon="14.286539973691106">
        <ele>629.98</ele>
      </trkpt>
      <trkpt lat="37.58485003374517" lon="14.286580039188266">
        <ele>629.55</ele>
      </trkpt>
      <trkpt lat="37.58485992439091" lon="14.28659001365304">
        <ele>629.11</ele>
      </trkpt>
      <trkpt lat="37.58496989496052" lon="14.286629995331168">
        <ele>628.66</ele>
      </trkpt>
      <trkpt lat="37.58502001874149" lon="14.286650028079748">
        <ele>628.2</ele>
      </trkpt>
      <trkpt lat="37.5850800331682" lon="14.286669977009296">
        <ele>627.71</ele>
      </trkpt>
      <trkpt lat="37.58519997820258" lon="14.286690009757876">
        <ele>627.24</ele>
      </trkpt>
      <trkpt lat="37.58530994877219" lon="14.286709874868393">
        <ele>626.75</ele>
      </trkpt>
      <trkpt lat="37.58542997762561" lon="14.286739965900779">
        <ele>626.21</ele>
      </trkpt>
      <trkpt lat="37.58548999205232" lon="14.286749940365553">
        <ele>625.68</ele>
      </trkpt>
      <trkpt lat="37.5855599809438" lon="14.286769889295101">
        <ele>625.12</ele>
      </trkpt>
      <trkpt lat="37.58561002090573" lon="14.286799980327487">
        <ele>624.54</ele>
      </trkpt>
      <trkpt lat="37.58568998426199" lon="14.28686996921897">
        <ele>623.91</ele>
      </trkpt>
      <trkpt lat="37.58573994040489" lon="14.286919925361872">
        <ele>623.29</ele>
      </trkpt>
      <trkpt lat="37.585789980366826" lon="14.286989998072386">
        <ele>622.66</ele>
      </trkpt>
      <trkpt lat="37.58585988543928" lon="14.287099968641996">
        <ele>622.0</ele>
      </trkpt>
      <trkpt lat="37.58591998368502" lon="14.287219913676381">
        <ele>621.34</ele>
      </trkpt>
      <trkpt lat="37.58601503446698" lon="14.28744019009173">
        <ele>620.65</ele>
      </trkpt>
      <trkpt lat="37.586110001429915" lon="14.287659963592887">
        <ele>619.96</ele>
      </trkpt>
      <trkpt lat="37.586130034178495" lon="14.28768988698721">
        <ele>619.27</ele>
      </trkpt>
      <trkpt lat="37.58620002306998" lon="14.28785995580256">
        <ele>618.49</ele>
      </trkpt>
      <trkpt lat="37.586260037496686" lon="14.287960035726428">
        <ele>617.73</ele>
      </trkpt>
      <trkpt lat="37.58630999363959" lon="14.28803002461791">
        <ele>616.95</ele>
      </trkpt>
      <trkpt lat="37.58632977493107" lon="14.288049973547459">
        <ele>616.18</ele>
      </trkpt>
      <trkpt lat="37.58637998253107" lon="14.288109987974167">
        <ele>615.38</ele>
      </trkpt>
      <trkpt lat="37.58643999695778" lon="14.288170002400875">
        <ele>614.57</ele>
      </trkpt>
      <trkpt lat="37.58649003691971" lon="14.288219958543777">
        <ele>613.76</ele>
      </trkpt>
      <trkpt lat="37.58663001470268" lon="14.288339903578162">
        <ele>612.94</ele>
      </trkpt>
      <trkpt lat="37.58676001802087" lon="14.28846001625061">
        <ele>612.1</ele>
      </trkpt>
      <trkpt lat="37.58687996305525" lon="14.28856990300119">
        <ele>611.24</ele>
      </trkpt>
      <trkpt lat="37.587044751271605" lon="14.288709880784154">
        <ele>610.37</ele>
      </trkpt>
      <trkpt lat="37.58720995858312" lon="14.28884994238615">
        <ele>609.49</ele>
      </trkpt>
      <trkpt lat="37.58725999854505" lon="14.288880033418536">
        <ele>608.64</ele>
      </trkpt>
      <trkpt lat="37.587359910830855" lon="14.288929989561439">
        <ele>607.76</ele>
      </trkpt>
      <trkpt lat="37.58744993247092" lon="14.288969971239567">
        <ele>606.89</ele>
      </trkpt>
      <trkpt lat="37.58749997243285" lon="14.288979945704341">
        <ele>606.06</ele>
      </trkpt>
      <trkpt lat="37.58758001960814" lon="14.288990003988147">
        <ele>605.21</ele>
      </trkpt>
      <trkpt lat="37.58771002292633" lon="14.288990003988147">
        <ele>604.37</ele>
      </trkpt>
      <trkpt lat="37.58781001903117" lon="14.288979945704341">
        <ele>603.54</ele>
      </trkpt>
      <trkpt lat="37.58805996738374" lon="14.288959912955761">
        <ele>602.67</ele>
      </trkpt>
      <trkpt lat="37.58834268897772" lon="14.28894666954875">
        <ele>601.84</ele>
      </trkpt>
      <trkpt lat="37.588625410571694" lon="14.288933342322707">
        <ele>601.1</ele>
      </trkpt>
      <trkpt lat="37.58890997618437" lon="14.288919931277633">
        <ele>600.33</ele>
      </trkpt>
      <trkpt lat="37.58922002278268" lon="14.28891004063189">
        <ele>599.6</ele>
      </trkpt>
      <trkpt lat="37.58932001888752" lon="14.28891004063189">
        <ele>598.94</ele>
      </trkpt>
      <trkpt lat="37.58947994560003" lon="14.288919931277633">
        <ele>598.3</ele>
      </trkpt>
      <trkpt lat="37.58949997834861" lon="14.288919931277633">
        <ele>597.72</ele>
      </trkpt>
      <trkpt lat="37.589569967240095" lon="14.288939880207181">
        <ele>597.17</ele>
      </trkpt>
      <trkpt lat="37.5896299816668" lon="14.288959912955761">
        <ele>596.66</ele>
      </trkpt>
      <trkpt lat="37.58966996334493" lon="14.288979945704341">
        <ele>596.2</ele>
      </trkpt>
      <trkpt lat="37.58968002162874" lon="14.288990003988147">
        <ele>595.8</ele>
      </trkpt>
      <trkpt lat="37.589699970558286" lon="14.28901992738247">
        <ele>595.43</ele>
      </trkpt>
      <trkpt lat="37.589720003306866" lon="14.28903996013105">
        <ele>595.12</ele>
      </trkpt>
      <trkpt lat="37.58976995944977" lon="14.289109949022532">
        <ele>594.84</ele>
      </trkpt>
      <trkpt lat="37.58978999219835" lon="14.289140040054917">
        <ele>594.63</ele>
      </trkpt>
      <trkpt lat="37.58995000272989" lon="14.289389904588461">
        <ele>594.36</ele>
      </trkpt>
      <trkpt lat="37.59002996608615" lon="14.289489984512329">
        <ele>594.24</ele>
      </trkpt>
      <trkpt lat="37.590089896693826" lon="14.289479926228523">
        <ele>594.23</ele>
      </trkpt>
      <trkpt lat="37.590279998257756" lon="14.289459893479943">
        <ele>594.31</ele>
      </trkpt>
      <trkpt lat="37.590300031006336" lon="14.289459893479943">
        <ele>594.4</ele>
      </trkpt>
      <trkpt lat="37.59031000547111" lon="14.289440028369427">
        <ele>594.54</ele>
      </trkpt>
      <trkpt lat="37.59031989611685" lon="14.28942997008562">
        <ele>594.73</ele>
      </trkpt>
      <trkpt lat="37.59031989611685" lon="14.289419995620847">
        <ele>594.98</ele>
      </trkpt>
      <trkpt lat="37.59034998714924" lon="14.289369955658913">
        <ele>595.29</ele>
      </trkpt>
      <trkpt lat="37.59037001989782" lon="14.28929996676743">
        <ele>595.67</ele>
      </trkpt>
      <trkpt lat="37.5904400087893" lon="14.289089916273952">
        <ele>596.16</ele>
      </trkpt>
      <trkpt lat="37.59046004153788" lon="14.28903996013105">
        <ele>596.62</ele>
      </trkpt>
      <trkpt lat="37.5904899649322" lon="14.28899989463389">
        <ele>597.12</ele>
      </trkpt>
      <trkpt lat="37.59050999768078" lon="14.288979945704341">
        <ele>597.66</ele>
      </trkpt>
      <trkpt lat="37.59053003042936" lon="14.288959912955761">
        <ele>598.23</ele>
      </trkpt>
      <trkpt lat="37.59057001210749" lon="14.288929989561439">
        <ele>598.84</ele>
      </trkpt>
      <trkpt lat="37.59061988443136" lon="14.288899898529053">
        <ele>599.5</ele>
      </trkpt>
      <trkpt lat="37.59063991717994" lon="14.28889000788331">
        <ele>600.18</ele>
      </trkpt>
      <trkpt lat="37.59065994992852" lon="14.28886997513473">
        <ele>600.9</ele>
      </trkpt>
      <trkpt lat="37.5906799826771" lon="14.288820018991828">
        <ele>601.65</ele>
      </trkpt>
      <trkpt lat="37.59070001542568" lon="14.288789927959442">
        <ele>602.41</ele>
      </trkpt>
      <trkpt lat="37.59076002985239" lon="14.288620026782155">
        <ele>603.26</ele>
      </trkpt>
      <trkpt lat="37.59076992049813" lon="14.288579961284995">
        <ele>604.06</ele>
      </trkpt>
      <trkpt lat="37.59080001153052" lon="14.288469906896353">
        <ele>604.91</ele>
      </trkpt>
      <trkpt lat="37.59091987274587" lon="14.288170002400875">
        <ele>605.86</ele>
      </trkpt>
      <trkpt lat="37.59099002927542" lon="14.288000017404556">
        <ele>606.78</ele>
      </trkpt>
      <trkpt lat="37.591009978204966" lon="14.287940002977848">
        <ele>607.65</ele>
      </trkpt>
      <trkpt lat="37.59107996709645" lon="14.287830032408237">
        <ele>608.55</ele>
      </trkpt>
      <trkpt lat="37.59111978113651" lon="14.287779908627272">
        <ele>609.43</ele>
      </trkpt>
      <trkpt lat="37.591139981523156" lon="14.28777001798153">
        <ele>610.28</ele>
      </trkpt>
      <trkpt lat="37.591160014271736" lon="14.287759875878692">
        <ele>611.14</ele>
      </trkpt>
      <trkpt lat="37.59119991213083" lon="14.28774998523295">
        <ele>612.0</ele>
      </trkpt>
      <trkpt lat="37.59127995930612" lon="14.28777001798153">
        <ele>612.87</ele>
      </trkpt>
      <trkpt lat="37.59130988270044" lon="14.28777001798153">
        <ele>613.72</ele>
      </trkpt>
      <trkpt lat="37.59142999537289" lon="14.28783992305398">
        <ele>614.59</ele>
      </trkpt>
      <trkpt lat="37.59162990376353" lon="14.28798995912075">
        <ele>615.46</ele>
      </trkpt>
      <trkpt lat="37.59164993651211" lon="14.28800999186933">
        <ele>616.28</ele>
      </trkpt>
      <trkpt lat="37.59166996926069" lon="14.288019882515073">
        <ele>617.11</ele>
      </trkpt>
      <trkpt lat="37.59175990708172" lon="14.288090039044619">
        <ele>617.92</ele>
      </trkpt>
      <trkpt lat="37.59178999811411" lon="14.288109987974167">
        <ele>618.74</ele>
      </trkpt>
      <trkpt lat="37.5919200014323" lon="14.288209900259972">
        <ele>619.54</ele>
      </trkpt>
      <trkpt lat="37.59205000475049" lon="14.28830998018384">
        <ele>620.36</ele>
      </trkpt>
      <trkpt lat="37.59209996089339" lon="14.288339903578162">
        <ele>621.17</ele>
      </trkpt>
      <trkpt lat="37.59221998974681" lon="14.28843998350203">
        <ele>621.99</ele>
      </trkpt>
      <trkpt lat="37.59224999696016" lon="14.28846001625061">
        <ele>622.81</ele>
      </trkpt>
      <trkpt lat="37.59225997142494" lon="14.288469906896353">
        <ele>623.62</ele>
      </trkpt>
      <trkpt lat="37.59238997474313" lon="14.288579961284995">
        <ele>624.45</ele>
      </trkpt>
      <trkpt lat="37.5923999492079" lon="14.288579961284995">
        <ele>625.28</ele>
      </trkpt>
      <trkpt lat="37.59252986870706" lon="14.28865003399551">
        <ele>626.13</ele>
      </trkpt>
      <trkpt lat="37.59267001412809" lon="14.288709964603186">
        <ele>626.98</ele>
      </trkpt>
      <trkpt lat="37.59274000301957" lon="14.288729997351766">
        <ele>627.84</ele>
      </trkpt>
      <trkpt lat="37.592749977484345" lon="14.28873997181654">
        <ele>628.69</ele>
      </trkpt>
      <trkpt lat="37.5928299408406" lon="14.28876000456512">
        <ele>629.56</ele>
      </trkpt>
      <trkpt lat="37.59303001686931" lon="14.2887800373137">
        <ele>630.49</ele>
      </trkpt>
      <trkpt lat="37.5932099763304" lon="14.288769895210862">
        <ele>631.39</ele>
      </trkpt>
      <trkpt lat="37.59327996522188" lon="14.288769895210862">
        <ele>632.28</ele>
      </trkpt>
      <trkpt lat="37.593350037932396" lon="14.288769895210862">
        <ele>633.17</ele>
      </trkpt>
      <trkpt lat="37.593609960749745" lon="14.28871993906796">
        <ele>634.16</ele>
      </trkpt>
      <trkpt lat="37.59362001903355" lon="14.288679957389832">
        <ele>635.06</ele>
      </trkpt>
      <trkpt lat="37.593629993498325" lon="14.288639891892672">
        <ele>635.97</ele>
      </trkpt>
      <trkpt lat="37.5936399679631" lon="14.28856990300119">
        <ele>636.88</ele>
      </trkpt>
      <trkpt lat="37.5936399679631" lon="14.288509888574481">
        <ele>637.79</ele>
      </trkpt>
      <trkpt lat="37.593629993498325" lon="14.288499997928739">
        <ele>638.7</ele>
      </trkpt>
      <trkpt lat="37.59359998628497" lon="14.288369994610548">
        <ele>639.65</ele>
      </trkpt>
      <trkpt lat="37.59353997185826" lon="14.28817997686565">
        <ele>640.62</ele>
      </trkpt>
      <trkpt lat="37.59350996464491" lon="14.288079896941781">
        <ele>641.54</ele>
      </trkpt>
      <trkpt lat="37.59348004125059" lon="14.287979984655976">
        <ele>642.45</ele>
      </trkpt>
      <trkpt lat="37.59338993579149" lon="14.287799941375852">
        <ele>643.39</ele>
      </trkpt>
      <trkpt lat="37.593330005183816" lon="14.287669938057661">
        <ele>644.3</ele>
      </trkpt>
      <trkpt lat="37.593309972435236" lon="14.287649905309081">
        <ele>645.15</ele>
      </trkpt>
      <trkpt lat="37.5932099763304" lon="14.28747002966702">
        <ele>646.04</ele>
      </trkpt>
      <trkpt lat="37.5932099763304" lon="14.287459887564182">
        <ele>646.84</ele>
      </trkpt>
      <trkpt lat="37.59313998743892" lon="14.287329884245992">
        <ele>647.67</ele>
      </trkpt>
      <trkpt lat="37.59312003850937" lon="14.287270037457347">
        <ele>648.44</ele>
      </trkpt>
      <trkpt lat="37.59310998022556" lon="14.287219913676381">
        <ele>649.17</ele>
      </trkpt>
      <trkpt lat="37.59310000576079" lon="14.28715000860393">
        <ele>649.87</ele>
      </trkpt>
      <trkpt lat="37.59308986365795" lon="14.287059986963868">
        <ele>650.55</ele>
      </trkpt>
      <trkpt lat="37.59308986365795" lon="14.28697993978858">
        <ele>651.18</ele>
      </trkpt>
      <trkpt lat="37.59310000576079" lon="14.286859994754195">
        <ele>651.78</ele>
      </trkpt>
      <trkpt lat="37.59310000576079" lon="14.286820013076067">
        <ele>652.29</ele>
      </trkpt>
      <trkpt lat="37.59310000576079" lon="14.286709874868393">
        <ele>652.77</ele>
      </trkpt>
      <trkpt lat="37.59308986365795" lon="14.286599904298782">
        <ele>653.2</ele>
      </trkpt>
      <trkpt lat="37.59308986365795" lon="14.28659001365304">
        <ele>653.55</ele>
      </trkpt>
      <trkpt lat="37.59306002408266" lon="14.28641994483769">
        <ele>653.87</ele>
      </trkpt>
      <trkpt lat="37.59306002408266" lon="14.286390021443367">
        <ele>654.11</ele>
      </trkpt>
      <trkpt lat="37.59304988197982" lon="14.286369988694787">
        <ele>654.29</ele>
      </trkpt>
      <trkpt lat="37.5930199585855" lon="14.286179970949888">
        <ele>654.39</ele>
      </trkpt>
      <trkpt lat="37.59300998412073" lon="14.286149879917502">
        <ele>654.43</ele>
      </trkpt>
      <trkpt lat="37.59294996969402" lon="14.285929938778281">
        <ele>654.4</ele>
      </trkpt>
      <trkpt lat="37.59289003908634" lon="14.285719888284802">
        <ele>654.31</ele>
      </trkpt>
      <trkpt lat="37.592879980802536" lon="14.285679990425706">
        <ele>654.19</ele>
      </trkpt>
      <trkpt lat="37.59280487895012" lon="14.285494750365615">
        <ele>654.01</ele>
      </trkpt>
      <trkpt lat="37.5927300285548" lon="14.285309929400682">
        <ele>653.79</ele>
      </trkpt>
      <trkpt lat="37.59264989756048" lon="14.285109769552946">
        <ele>653.54</ele>
      </trkpt>
      <trkpt lat="37.59257001802325" lon="14.284910028800368">
        <ele>653.25</ele>
      </trkpt>
      <trkpt lat="37.59267998859286" lon="14.28495998494327">
        <ele>652.81</ele>
      </trkpt>
      <trkpt lat="37.59281996637583" lon="14.285019999369979">
        <ele>652.31</ele>
      </trkpt>
      <trkpt lat="37.59284997358918" lon="14.285029890015721">
        <ele>651.77</ele>
      </trkpt>
      <trkpt lat="37.59301459416747" lon="14.285114798694849">
        <ele>651.14</ele>
      </trkpt>
      <trkpt lat="37.59317980147898" lon="14.28519987501204">
        <ele>650.41</ele>
      </trkpt>
      <trkpt lat="37.59329999797046" lon="14.285249998793006">
        <ele>649.67</ele>
      </trkpt>
      <trkpt lat="37.593350037932396" lon="14.28528000600636">
        <ele>648.94</ele>
      </trkpt>
      <trkpt lat="37.59342002682388" lon="14.28530003875494">
        <ele>648.15</ele>
      </trkpt>
      <trkpt lat="37.59351993910968" lon="14.285319987684488">
        <ele>647.32</ele>
      </trkpt>
      <trkpt lat="37.59352999739349" lon="14.285319987684488">
        <ele>646.51</ele>
      </trkpt>
      <trkpt lat="37.593629993498325" lon="14.285319987684488">
        <ele>645.64</ele>
      </trkpt>
      <trkpt lat="37.59376997128129" lon="14.285319987684488">
        <ele>644.72</ele>
      </trkpt>
      <trkpt lat="37.5940699595958" lon="14.28525997325778">
        <ele>643.7</ele>
      </trkpt>
      <trkpt lat="37.59414003230631" lon="14.285249998793006">
        <ele>642.79</ele>
      </trkpt>
      <trkpt lat="37.59424002841115" lon="14.285229966044426">
        <ele>641.85</ele>
      </trkpt>
      <trkpt lat="37.59424991905689" lon="14.285229966044426">
        <ele>640.95</ele>
      </trkpt>
      <trkpt lat="37.59428998455405" lon="14.28519987501204">
        <ele>640.02</ele>
      </trkpt>
      <trkpt lat="37.59431999176741" lon="14.285179926082492">
        <ele>639.11</ele>
      </trkpt>
      <trkpt lat="37.59434999898076" lon="14.285140028223395">
        <ele>638.2</ele>
      </trkpt>
      <trkpt lat="37.59437003172934" lon="14.285119995474815">
        <ele>637.29</ele>
      </trkpt>
      <trkpt lat="37.59437992237508" lon="14.28508990444243">
        <ele>636.42</ele>
      </trkpt>
      <trkpt lat="37.59439995512366" lon="14.285059981048107">
        <ele>635.54</ele>
      </trkpt>
      <trkpt lat="37.59441998787224" lon="14.285019999369979">
        <ele>634.68</ele>
      </trkpt>
      <trkpt lat="37.5944499950856" lon="14.28467994555831">
        <ele>633.87</ele>
      </trkpt>
      <trkpt lat="37.59445996955037" lon="14.28465991280973">
        <ele>633.02</ele>
      </trkpt>
      <trkpt lat="37.59445996955037" lon="14.284650022163987">
        <ele>632.18</ele>
      </trkpt>
      <trkpt lat="37.59447002783418" lon="14.284429913386703">
        <ele>631.29</ele>
      </trkpt>
      <trkpt lat="37.594489976763725" lon="14.284369982779026">
        <ele>630.46</ele>
      </trkpt>
      <trkpt lat="37.59449986740947" lon="14.284319942817092">
        <ele>629.63</ele>
      </trkpt>
      <trkpt lat="37.59451998397708" lon="14.284279877319932">
        <ele>628.82</ele>
      </trkpt>
      <trkpt lat="37.59454999119043" lon="14.28424995392561">
        <ele>628.02</ele>
      </trkpt>
      <trkpt lat="37.59455996565521" lon="14.284239979460835">
        <ele>627.26</ele>
      </trkpt>
      <trkpt lat="37.59457999840379" lon="14.284220030531287">
        <ele>626.49</ele>
      </trkpt>
      <trkpt lat="37.59461000561714" lon="14.284199997782707">
        <ele>625.74</ele>
      </trkpt>
      <trkpt lat="37.59463003836572" lon="14.284179965034127">
        <ele>625.0</ele>
      </trkpt>
      <trkpt lat="37.59465987794101" lon="14.284169906750321">
        <ele>624.27</ele>
      </trkpt>
      <trkpt lat="37.5946899689734" lon="14.284149957820773">
        <ele>623.56</ele>
      </trkpt>
      <trkpt lat="37.59474000893533" lon="14.284129925072193">
        <ele>622.84</ele>
      </trkpt>
      <trkpt lat="37.59477999061346" lon="14.284129925072193">
        <ele>622.15</ele>
      </trkpt>
      <trkpt lat="37.59480991400778" lon="14.284139983355999">
        <ele>621.48</ele>
      </trkpt>
      <trkpt lat="37.59488996118307" lon="14.284169906750321">
        <ele>620.79</ele>
      </trkpt>
      <trkpt lat="37.59490001946688" lon="14.284169906750321">
        <ele>620.17</ele>
      </trkpt>
      <trkpt lat="37.59494997560978" lon="14.28420988842845">
        <ele>619.53</ele>
      </trkpt>
      <trkpt lat="37.59499004110694" lon="14.28426998667419">
        <ele>618.93</ele>
      </trkpt>
      <trkpt lat="37.59500999003649" lon="14.28433989174664">
        <ele>618.36</ele>
      </trkpt>
      <trkpt lat="37.595049971714616" lon="14.284439971670508">
        <ele>617.77</ele>
      </trkpt>
      <trkpt lat="37.59510001167655" lon="14.28452999331057">
        <ele>617.17</ele>
      </trkpt>
      <trkpt lat="37.59516002610326" lon="14.28465991280973">
        <ele>616.56</ele>
      </trkpt>
      <trkpt lat="37.595200007781386" lon="14.28472001105547">
        <ele>615.99</ele>
      </trkpt>
      <trkpt lat="37.59523001499474" lon="14.284780025482178">
        <ele>615.43</ele>
      </trkpt>
      <trkpt lat="37.59524996392429" lon="14.28482998162508">
        <ele>614.9</ele>
      </trkpt>
      <trkpt lat="37.59526999667287" lon="14.284859905019403">
        <ele>614.37</ele>
      </trkpt>
      <trkpt lat="37.59529002942145" lon="14.284879937767982">
        <ele>613.84</ele>
      </trkpt>
      <trkpt lat="37.595309978351" lon="14.28489988669753">
        <ele>613.32</ele>
      </trkpt>
      <trkpt lat="37.59533998556435" lon="14.284929977729917">
        <ele>612.81</ele>
      </trkpt>
      <trkpt lat="37.59536001831293" lon="14.28493995219469">
        <ele>612.32</ele>
      </trkpt>
      <trkpt lat="37.59537996724248" lon="14.28495998494327">
        <ele>611.82</ele>
      </trkpt>
      <trkpt lat="37.59539999999106" lon="14.284969875589013">
        <ele>611.33</ele>
      </trkpt>
      <trkpt lat="37.59543998166919" lon="14.284969875589013">
        <ele>610.82</ele>
      </trkpt>
      <trkpt lat="37.59546001441777" lon="14.284969875589013">
        <ele>610.33</ele>
      </trkpt>
      <trkpt lat="37.59546998888254" lon="14.28495998494327">
        <ele>609.85</ele>
      </trkpt>
      <trkpt lat="37.595479963347316" lon="14.28495998494327">
        <ele>609.37</ele>
      </trkpt>
      <trkpt lat="37.595499996095896" lon="14.28495998494327">
        <ele>608.87</ele>
      </trkpt>
      <trkpt lat="37.59555003605783" lon="14.28493995219469">
        <ele>608.35</ele>
      </trkpt>
      <trkpt lat="37.59556998498738" lon="14.284910028800368">
        <ele>607.85</ele>
      </trkpt>
      <trkpt lat="37.595629999414086" lon="14.28485001437366">
        <ele>607.31</ele>
      </trkpt>
      <trkpt lat="37.595650032162666" lon="14.28482998162508">
        <ele>606.8</ele>
      </trkpt>
      <trkpt lat="37.59570987895131" lon="14.284729901701212">
        <ele>606.25</ele>
      </trkpt>
      <trkpt lat="37.59579990059137" lon="14.284599898383021">
        <ele>605.68</ele>
      </trkpt>
      <trkpt lat="37.59589000605047" lon="14.28446989506483">
        <ele>605.07</ele>
      </trkpt>
      <trkpt lat="37.595950020477176" lon="14.284429913386703">
        <ele>604.48</ele>
      </trkpt>
      <trkpt lat="37.59598991833627" lon="14.28442002274096">
        <ele>603.9</ele>
      </trkpt>
      <trkpt lat="37.59602000936866" lon="14.28442002274096">
        <ele>603.31</ele>
      </trkpt>
      <trkpt lat="37.596039958298206" lon="14.28442002274096">
        <ele>602.72</ele>
      </trkpt>
      <trkpt lat="37.59606996551156" lon="14.28442002274096">
        <ele>602.1</ele>
      </trkpt>
      <trkpt lat="37.59608991444111" lon="14.284429913386703">
        <ele>601.48</ele>
      </trkpt>
      <trkpt lat="37.59612997993827" lon="14.284439971670508">
        <ele>600.81</ele>
      </trkpt>
      <trkpt lat="37.59615001268685" lon="14.284449946135283">
        <ele>600.15</ele>
      </trkpt>
      <trkpt lat="37.5961699616164" lon="14.284460004419088">
        <ele>599.46</ele>
      </trkpt>
      <trkpt lat="37.59618999436498" lon="14.28446989506483">
        <ele>598.74</ele>
      </trkpt>
      <trkpt lat="37.59622000157833" lon="14.28448992781341">
        <ele>597.99</ele>
      </trkpt>
      <trkpt lat="37.59624003432691" lon="14.28452999331057">
        <ele>597.22</ele>
      </trkpt>
      <trkpt lat="37.59634003043175" lon="14.28469997830689">
        <ele>596.35</ele>
      </trkpt>
      <trkpt lat="37.59639987722039" lon="14.28482998162508">
        <ele>595.46</ele>
      </trkpt>
      <trkpt lat="37.59641001932323" lon="14.284859905019403">
        <ele>594.6</ele>
      </trkpt>
      <trkpt lat="37.596510015428066" lon="14.285019999369979">
        <ele>593.62</ele>
      </trkpt>
      <trkpt lat="37.59654002264142" lon="14.285069955512881">
        <ele>592.66</ele>
      </trkpt>
      <trkpt lat="37.59656994603574" lon="14.28517003543675">
        <ele>591.66</ele>
      </trkpt>
      <trkpt lat="37.59658997878432" lon="14.28519987501204">
        <ele>590.62</ele>
      </trkpt>
      <trkpt lat="37.5966100115329" lon="14.2852399405092">
        <ele>589.53</ele>
      </trkpt>
      <trkpt lat="37.59661998599768" lon="14.28530003875494">
        <ele>588.4</ele>
      </trkpt>
      <trkpt lat="37.59661998599768" lon="14.285340020433068">
        <ele>587.23</ele>
      </trkpt>
      <trkpt lat="37.59661998599768" lon="14.285439932718873">
        <ele>586.0</ele>
      </trkpt>
      <trkpt lat="37.5966100115329" lon="14.285660041496158">
        <ele>584.74</ele>
      </trkpt>
      <trkpt lat="37.5966100115329" lon="14.285749979317188">
        <ele>583.37</ele>
      </trkpt>
      <trkpt lat="37.5966100115329" lon="14.285889957100153">
        <ele>581.88</ele>
      </trkpt>
      <trkpt lat="37.5966100115329" lon="14.286019876599312">
        <ele>580.35</ele>
      </trkpt>
      <trkpt lat="37.5966100115329" lon="14.28611995652318">
        <ele>578.75</ele>
      </trkpt>
      <trkpt lat="37.5966100115329" lon="14.286149879917502">
        <ele>577.12</ele>
      </trkpt>
      <trkpt lat="37.59661998599768" lon="14.286239985376596">
        <ele>575.38</ele>
      </trkpt>
      <trkpt lat="37.59664001874626" lon="14.286339897662401">
        <ele>573.55</ele>
      </trkpt>
      <trkpt lat="37.596680000424385" lon="14.286430003121495">
        <ele>571.63</ele>
      </trkpt>
      <trkpt lat="37.596700033172965" lon="14.286489933729172">
        <ele>569.69</ele>
      </trkpt>
      <trkpt lat="37.59673004038632" lon="14.2865299154073">
        <ele>567.69</ele>
      </trkpt>
      <trkpt lat="37.59677002206445" lon="14.286580039188266">
        <ele>565.61</ele>
      </trkpt>
      <trkpt lat="37.596830036491156" lon="14.286650028079748">
        <ele>563.47</ele>
      </trkpt>
      <trkpt lat="37.59690999984741" lon="14.28672001697123">
        <ele>561.27</ele>
      </trkpt>
      <trkpt lat="37.597029861062765" lon="14.286780031397939">
        <ele>559.03</ele>
      </trkpt>
      <trkpt lat="37.59716003201902" lon="14.286839962005615">
        <ele>556.76</ele>
      </trkpt>
      <trkpt lat="37.59742448106408" lon="14.28694473579526">
        <ele>554.38</ele>
      </trkpt>
      <trkpt lat="37.597690019756556" lon="14.287049928680062">
        <ele>551.91</ele>
      </trkpt>
      <trkpt lat="37.59786964394152" lon="14.287129808217287">
        <ele>549.42</ele>
      </trkpt>
      <trkpt lat="37.59805002249777" lon="14.287210023030639">
        <ele>546.88</ele>
      </trkpt>
      <trkpt lat="37.59830449707806" lon="14.287324771285057">
        <ele>544.25</ele>
      </trkpt>
      <trkpt lat="37.59855997748673" lon="14.287440022453666">
        <ele>541.66</ele>
      </trkpt>
      <trkpt lat="37.59858001023531" lon="14.28744999691844">
        <ele>539.19</ele>
      </trkpt>
      <trkpt lat="37.59882987476885" lon="14.28755996748805">
        <ele>536.65</ele>
      </trkpt>
      <trkpt lat="37.5989000312984" lon="14.28758000023663">
        <ele>534.15</ele>
      </trkpt>
      <trkpt lat="37.59905995801091" lon="14.287629956379533">
        <ele>531.62</ele>
      </trkpt>
      <trkpt lat="37.59924461133778" lon="14.287669938057661">
        <ele>529.06</ele>
      </trkpt>
      <trkpt lat="37.599430019035935" lon="14.28770991973579">
        <ele>526.49</ele>
      </trkpt>
      <trkpt lat="37.59960997849703" lon="14.287740010768175">
        <ele>523.93</ele>
      </trkpt>
      <trkpt lat="37.59987442754209" lon="14.287794828414917">
        <ele>521.33</ele>
      </trkpt>
      <trkpt lat="37.60013988241553" lon="14.287849981337786">
        <ele>518.75</ele>
      </trkpt>
      <trkpt lat="37.60019998066127" lon="14.28785995580256">
        <ele>516.31</ele>
      </trkpt>
      <trkpt lat="37.60032000951469" lon="14.287889879196882">
        <ele>513.86</ele>
      </trkpt>
      <trkpt lat="37.6003800239414" lon="14.287929944694042">
        <ele>511.52</ele>
      </trkpt>
      <trkpt lat="37.6004299800843" lon="14.287979984655976">
        <ele>509.23</ele>
      </trkpt>
      <trkpt lat="37.60045990347862" lon="14.28803002461791">
        <ele>507.01</ele>
      </trkpt>
      <trkpt lat="37.60049988515675" lon="14.28811987861991">
        <ele>504.82</ele>
      </trkpt>
      <trkpt lat="37.60055000893772" lon="14.288229933008552">
        <ele>502.68</ele>
      </trkpt>
      <trkpt lat="37.6006250269711" lon="14.288415173068643">
        <ele>500.57</ele>
      </trkpt>
      <trkpt lat="37.600699961185455" lon="14.288599994033575">
        <ele>498.51</ele>
      </trkpt>
      <trkpt lat="37.60078000836074" lon="14.288839967921376">
        <ele>496.48</ele>
      </trkpt>
      <trkpt lat="37.60078998282552" lon="14.28886997513473">
        <ele>494.61</ele>
      </trkpt>
      <trkpt lat="37.60081999003887" lon="14.288990003988147">
        <ele>492.75</ele>
      </trkpt>
      <trkpt lat="37.600829964503646" lon="14.28905999287963">
        <ele>491.01</ele>
      </trkpt>
      <trkpt lat="37.600849997252226" lon="14.28916996344924">
        <ele>489.31</ele>
      </trkpt>
      <trkpt lat="37.600859971717" lon="14.28927993401885">
        <ele>487.69</ele>
      </trkpt>
      <trkpt lat="37.60088989511132" lon="14.289489984512329">
        <ele>486.13</ele>
      </trkpt>
      <trkpt lat="37.60088989511132" lon="14.289499875158072">
        <ele>484.74</ele>
      </trkpt>
      <trkpt lat="37.60091998614371" lon="14.28972995840013">
        <ele>483.38</ele>
      </trkpt>
      <trkpt lat="37.60092996060848" lon="14.289759881794453">
        <ele>482.16</ele>
      </trkpt>
      <trkpt lat="37.60098000057042" lon="14.290019972249866">
        <ele>480.93</ele>
      </trkpt>
      <trkpt lat="37.60103004053235" lon="14.29013991728425">
        <ele>479.84</ele>
      </trkpt>
      <trkpt lat="37.60103993117809" lon="14.29015995003283">
        <ele>478.9</ele>
      </trkpt>
      <trkpt lat="37.60108997114003" lon="14.29024988785386">
        <ele>478.01</ele>
      </trkpt>
      <trkpt lat="37.6011499017477" lon="14.290319876745343">
        <ele>477.24</ele>
      </trkpt>
      <trkpt lat="37.6011499017477" lon="14.29033001884818">
        <ele>476.58</ele>
      </trkpt>
      <trkpt lat="37.60123003274202" lon="14.290390033274889">
        <ele>475.99</ele>
      </trkpt>
      <trkpt lat="37.60130999609828" lon="14.29043990559876">
        <ele>475.49</ele>
      </trkpt>
      <trkpt lat="37.60137001052499" lon="14.290469996631145">
        <ele>475.09</ele>
      </trkpt>
      <trkpt lat="37.60146992281079" lon="14.290529927238822">
        <ele>474.76</ele>
      </trkpt>
      <trkpt lat="37.60163999162614" lon="14.29060997441411">
        <ele>474.49</ele>
      </trkpt>
      <trkpt lat="37.60180997662246" lon="14.29069991223514">
        <ele>474.31</ele>
      </trkpt>
      <trkpt lat="37.60196998715401" lon="14.290779959410429">
        <ele>474.22</ele>
      </trkpt>
      <trkpt lat="37.602139972150326" lon="14.290860006585717">
        <ele>474.27</ele>
      </trkpt>
      <trkpt lat="37.602299647405744" lon="14.290929827839136">
        <ele>474.4</ele>
      </trkpt>
      <trkpt lat="37.602459993213415" lon="14.29099990054965">
        <ele>474.63</ele>
      </trkpt>
      <trkpt lat="37.60264992713928" lon="14.291089922189713">
        <ele>474.94</ele>
      </trkpt>
      <trkpt lat="37.60275989770889" lon="14.29112990386784">
        <ele>475.3</ele>
      </trkpt>
      <trkpt lat="37.60281999595463" lon="14.291159994900227">
        <ele>475.71</ele>
      </trkpt>
      <trkpt lat="37.60301965288818" lon="14.291249848902225">
        <ele>476.19</ele>
      </trkpt>
      <trkpt lat="37.60321998037398" lon="14.29133995436132">
        <ele>476.74</ele>
      </trkpt>
      <trkpt lat="37.60346003808081" lon="14.291420001536608">
        <ele>477.36</ele>
      </trkpt>
      <trkpt lat="37.60364997200668" lon="14.29146995767951">
        <ele>478.02</ele>
      </trkpt>
      <trkpt lat="37.60367997922003" lon="14.291480015963316">
        <ele>478.67</ele>
      </trkpt>
      <trkpt lat="37.60382004082203" lon="14.29151002317667">
        <ele>479.4</ele>
      </trkpt>
      <trkpt lat="37.603920036926866" lon="14.291529972106218">
        <ele>480.14</ele>
      </trkpt>
      <trkpt lat="37.6040200330317" lon="14.291539946570992">
        <ele>480.88</ele>
      </trkpt>
      <trkpt lat="37.60420996695757" lon="14.291519913822412">
        <ele>481.68</ele>
      </trkpt>
      <trkpt lat="37.60423997417092" lon="14.291519913822412">
        <ele>482.43</ele>
      </trkpt>
      <trkpt lat="37.6043498609215" lon="14.291499881073833">
        <ele>483.22</ele>
      </trkpt>
      <trkpt lat="37.60439998470247" lon="14.291499881073833">
        <ele>483.96</ele>
      </trkpt>
      <trkpt lat="37.60446997359395" lon="14.29148999042809">
        <ele>484.71</ele>
      </trkpt>
      <trkpt lat="37.60452990420163" lon="14.29148999042809">
        <ele>485.43</ele>
      </trkpt>
      <trkpt lat="37.60459000244737" lon="14.291499881073833">
        <ele>486.13</ele>
      </trkpt>
      <trkpt lat="37.60465999133885" lon="14.29151002317667">
        <ele>486.8</ele>
      </trkpt>
      <trkpt lat="37.60474003851414" lon="14.291539946570992">
        <ele>487.43</ele>
      </trkpt>
      <trkpt lat="37.60491999797523" lon="14.291610019281507">
        <ele>488.08</ele>
      </trkpt>
      <trkpt lat="37.60494003072381" lon="14.29161999374628">
        <ele>488.62</ele>
      </trkpt>
      <trkpt lat="37.6051199901849" lon="14.291680008172989">
        <ele>489.18</ele>
      </trkpt>
      <trkpt lat="37.60535988025367" lon="14.291740022599697">
        <ele>489.61</ele>
      </trkpt>
      <trkpt lat="37.60543003678322" lon="14.29174991324544">
        <ele>489.97</ele>
      </trkpt>
      <trkpt lat="37.60573002509773" lon="14.291819902136922">
        <ele>490.24</ele>
      </trkpt>
      <trkpt lat="37.605790039524436" lon="14.291819902136922">
        <ele>490.51</ele>
      </trkpt>
      <trkpt lat="37.60587000288069" lon="14.291829960420728">
        <ele>490.72</ele>
      </trkpt>
      <trkpt lat="37.60599003173411" lon="14.291839934885502">
        <ele>490.84</ele>
      </trkpt>
      <trkpt lat="37.60602003894746" lon="14.291839934885502">
        <ele>490.94</ele>
      </trkpt>
      <trkpt lat="37.60606002062559" lon="14.291829960420728">
        <ele>490.99</ele>
      </trkpt>
      <trkpt lat="37.60612992569804" lon="14.291800037026405">
        <ele>490.98</ele>
      </trkpt>
      <trkpt lat="37.606199998408556" lon="14.29176994599402">
        <ele>490.92</ele>
      </trkpt>
      <trkpt lat="37.60629002004862" lon="14.29172988049686">
        <ele>490.79</ele>
      </trkpt>
      <trkpt lat="37.60642002336681" lon="14.291669949889183">
        <ele>490.57</ele>
      </trkpt>
      <trkpt lat="37.60648003779352" lon="14.29164002649486">
        <ele>490.33</ele>
      </trkpt>
      <trkpt lat="37.606520019471645" lon="14.29161999374628">
        <ele>490.03</ele>
      </trkpt>
      <trkpt lat="37.60656997561455" lon="14.291610019281507">
        <ele>489.68</ele>
      </trkpt>
      <trkpt lat="37.606629990041256" lon="14.2915999609977">
        <ele>489.27</ele>
      </trkpt>
      <trkpt lat="37.606650022789836" lon="14.2915999609977">
        <ele>488.83</ele>
      </trkpt>
      <trkpt lat="37.60668003000319" lon="14.291610019281507">
        <ele>488.34</ele>
      </trkpt>
      <trkpt lat="37.60675001889467" lon="14.29164002649486">
        <ele>487.77</ele>
      </trkpt>
      <trkpt lat="37.60678991675377" lon="14.291689898818731">
        <ele>487.19</ele>
      </trkpt>
      <trkpt lat="37.60681992396712" lon="14.29174991324544">
        <ele>486.57</ele>
      </trkpt>
      <trkpt lat="37.60682998225093" lon="14.291780004277825">
        <ele>485.92</ele>
      </trkpt>
      <trkpt lat="37.60685998946428" lon="14.29189994931221">
        <ele>485.22</ele>
      </trkpt>
      <trkpt lat="37.60686996392906" lon="14.291969938203692">
        <ele>484.52</ele>
      </trkpt>
      <trkpt lat="37.60691002942622" lon="14.292159955948591">
        <ele>483.75</ele>
      </trkpt>
      <trkpt lat="37.606950011104345" lon="14.292360031977296">
        <ele>482.95</ele>
      </trkpt>
      <trkpt lat="37.6069800183177" lon="14.292539991438389">
        <ele>482.12</ele>
      </trkpt>
      <trkpt lat="37.6069800183177" lon="14.292639987543225">
        <ele>481.29</ele>
      </trkpt>
      <trkpt lat="37.60696987621486" lon="14.29275993257761">
        <ele>480.45</ele>
      </trkpt>
      <trkpt lat="37.60695998556912" lon="14.292849954217672">
        <ele>479.61</ele>
      </trkpt>
      <trkpt lat="37.60695998556912" lon="14.292860012501478">
        <ele>478.76</ele>
      </trkpt>
      <trkpt lat="37.606929978355765" lon="14.29295003414154">
        <ele>477.9</ele>
      </trkpt>
      <trkpt lat="37.60688999667764" lon="14.293069979175925">
        <ele>477.03</ele>
      </trkpt>
      <trkpt lat="37.60686996392906" lon="14.293149942532182">
        <ele>476.15</ele>
      </trkpt>
      <trkpt lat="37.6068399567157" lon="14.29325002245605">
        <ele>475.28</ele>
      </trkpt>
      <trkpt lat="37.60681992396712" lon="14.293329985812306">
        <ele>474.39</ele>
      </trkpt>
      <trkpt lat="37.60681992396712" lon="14.29338002577424">
        <ele>473.49</ele>
      </trkpt>
      <trkpt lat="37.60681003332138" lon="14.293480021879077">
        <ele>472.58</ele>
      </trkpt>
      <trkpt lat="37.60681992396712" lon="14.293579934164882">
        <ele>471.68</ele>
      </trkpt>
      <trkpt lat="37.60682998225093" lon="14.293670039623976">
        <ele>470.78</ele>
      </trkpt>
      <trkpt lat="37.60686996392906" lon="14.293819908052683">
        <ele>469.85</ele>
      </trkpt>
      <trkpt lat="37.60687993839383" lon="14.293899955227971">
        <ele>468.97</ele>
      </trkpt>
      <trkpt lat="37.60688999667764" lon="14.294009925797582">
        <ele>468.1</ele>
      </trkpt>
      <trkpt lat="37.60687993839383" lon="14.294100031256676">
        <ele>467.27</ele>
      </trkpt>
      <trkpt lat="37.60686996392906" lon="14.294170020148158">
        <ele>466.43</ele>
      </trkpt>
      <trkpt lat="37.60685998946428" lon="14.2941799107939">
        <ele>465.64</ele>
      </trkpt>
      <trkpt lat="37.60678002610803" lon="14.294419884681702">
        <ele>464.81</ele>
      </trkpt>
      <trkpt lat="37.60673996061087" lon="14.294600011780858">
        <ele>463.95</ele>
      </trkpt>
      <trkpt lat="37.60672998614609" lon="14.294619960710406">
        <ele>463.24</ele>
      </trkpt>
      <trkpt lat="37.60668003000319" lon="14.294790029525757">
        <ele>462.46</ele>
      </trkpt>
      <trkpt lat="37.60666988790035" lon="14.294869909062982">
        <ele>461.78</ele>
      </trkpt>
      <trkpt lat="37.60668003000319" lon="14.29492992348969">
        <ele>461.15</ele>
      </trkpt>
      <trkpt lat="37.60668992064893" lon="14.29499002173543">
        <ele>460.58</ele>
      </trkpt>
      <trkpt lat="37.60670995339751" lon="14.295030003413558">
        <ele>460.06</ele>
      </trkpt>
      <trkpt lat="37.60672998614609" lon="14.29507995955646">
        <ele>459.6</ele>
      </trkpt>
      <trkpt lat="37.60675001889467" lon="14.295109882950783">
        <ele>459.19</ele>
      </trkpt>
      <trkpt lat="37.60678002610803" lon="14.295129915699363">
        <ele>458.83</ele>
      </trkpt>
      <trkpt lat="37.6068399567157" lon="14.295180039480329">
        <ele>458.52</ele>
      </trkpt>
      <trkpt lat="37.60692000389099" lon="14.295239970088005">
        <ele>458.27</ele>
      </trkpt>
      <trkpt lat="37.6069800183177" lon="14.295309958979487">
        <ele>458.09</ele>
      </trkpt>
      <trkpt lat="37.60707003995776" lon="14.29539998061955">
        <ele>457.99</ele>
      </trkpt>
      <trkpt lat="37.60708998888731" lon="14.295429904013872">
        <ele>457.92</ele>
      </trkpt>
      <trkpt lat="37.60711002163589" lon="14.295480027794838">
        <ele>457.89</ele>
      </trkpt>
      <trkpt lat="37.60711991228163" lon="14.295539874583483">
        <ele>457.92</ele>
      </trkpt>
      <trkpt lat="37.60712997056544" lon="14.295559907332063">
        <ele>458.0</ele>
      </trkpt>
      <trkpt lat="37.60713994503021" lon="14.295629980042577">
        <ele>458.13</ele>
      </trkpt>
      <trkpt lat="37.6071700360626" lon="14.29591991007328">
        <ele>458.32</ele>
      </trkpt>
      <trkpt lat="37.6071700360626" lon="14.29595997557044">
        <ele>458.54</ele>
      </trkpt>
      <trkpt lat="37.60718001052737" lon="14.296019989997149">
        <ele>458.8</ele>
      </trkpt>
      <trkpt lat="37.60719995945692" lon="14.296080004423857">
        <ele>459.11</ele>
      </trkpt>
      <trkpt lat="37.60724002495408" lon="14.296170026063919">
        <ele>459.47</ele>
      </trkpt>
      <trkpt lat="37.607359969988465" lon="14.296359959989786">
        <ele>459.87</ele>
      </trkpt>
      <trkpt lat="37.60747999884188" lon="14.29649993777275">
        <ele>460.31</ele>
      </trkpt>
      <trkpt lat="37.60763003490865" lon="14.296660032123327">
        <ele>460.81</ele>
      </trkpt>
      <trkpt lat="37.60777001269162" lon="14.29679992608726">
        <ele>461.35</ele>
      </trkpt>
      <trkpt lat="37.60787998326123" lon="14.296879973262548">
        <ele>461.91</ele>
      </trkpt>
      <trkpt lat="37.60799003764987" lon="14.29694996215403">
        <ele>462.48</ele>
      </trkpt>
      <trkpt lat="37.60803999379277" lon="14.296979885548353">
        <ele>463.08</ele>
      </trkpt>
      <trkpt lat="37.6080799754709" lon="14.296999918296933">
        <ele>463.7</ele>
      </trkpt>
      <trkpt lat="37.60813998989761" lon="14.297030009329319">
        <ele>464.33</ele>
      </trkpt>
      <trkpt lat="37.60820997878909" lon="14.297039899975061">
        <ele>464.99</ele>
      </trkpt>
      <trkpt lat="37.60833000764251" lon="14.297049958258867">
        <ele>465.66</ele>
      </trkpt>
      <trkpt lat="37.60844995267689" lon="14.297030009329319">
        <ele>466.37</ele>
      </trkpt>
      <trkpt lat="37.60860962793231" lon="14.297005031257868">
        <ele>467.09</ele>
      </trkpt>
      <trkpt lat="37.60876997373998" lon="14.296979885548353">
        <ele>467.81</ele>
      </trkpt>
      <trkpt lat="37.609014473855495" lon="14.296935042366385">
        <ele>468.54</ele>
      </trkpt>
      <trkpt lat="37.60925997979939" lon="14.296889947727323">
        <ele>469.28</ele>
      </trkpt>
      <trkpt lat="37.60942460037768" lon="14.296865053474903">
        <ele>470.0</ele>
      </trkpt>
      <trkpt lat="37.60958997532725" lon="14.29683999158442">
        <ele>470.77</ele>
      </trkpt>
      <trkpt lat="37.60964001528919" lon="14.29683999158442">
        <ele>471.5</ele>
      </trkpt>
      <trkpt lat="37.60968997143209" lon="14.29683999158442">
        <ele>472.22</ele>
      </trkpt>
      <trkpt lat="37.60975996032357" lon="14.296879973262548">
        <ele>472.93</ele>
      </trkpt>
      <trkpt lat="37.609810000285506" lon="14.296920038759708">
        <ele>473.62</ele>
      </trkpt>
      <trkpt lat="37.60984000749886" lon="14.29696999490261">
        <ele>474.29</ele>
      </trkpt>
      <trkpt lat="37.60987990535796" lon="14.297030009329319">
        <ele>474.93</ele>
      </trkpt>
      <trkpt lat="37.60996992699802" lon="14.29722991771996">
        <ele>475.57</ele>
      </trkpt>
      <trkpt lat="37.61007000692189" lon="14.297449942678213">
        <ele>476.2</ele>
      </trkpt>
      <trkpt lat="37.61007998138666" lon="14.297499982640147">
        <ele>476.76</ele>
      </trkpt>
      <trkpt lat="37.61009003967047" lon="14.297520015388727">
        <ele>477.28</ele>
      </trkpt>
      <trkpt lat="37.61010001413524" lon="14.297599894925952">
        <ele>477.78</ele>
      </trkpt>
      <trkpt lat="37.610109988600016" lon="14.29774004034698">
        <ele>478.25</ele>
      </trkpt>
      <trkpt lat="37.610109988600016" lon="14.297950007021427">
        <ele>478.68</ele>
      </trkpt>
      <trkpt lat="37.610109988600016" lon="14.29812996648252">
        <ele>479.07</ele>
      </trkpt>
      <trkpt lat="37.610089955851436" lon="14.298460632562637">
        <ele>479.43</ele>
      </trkpt>
      <trkpt lat="37.61007000692189" lon="14.298790041357279">
        <ele>479.76</ele>
      </trkpt>
      <trkpt lat="37.61007000692189" lon="14.29885994642973">
        <ele>479.99</ele>
      </trkpt>
      <trkpt lat="37.61006003245711" lon="14.299090029671788">
        <ele>480.15</ele>
      </trkpt>
      <trkpt lat="37.61004997417331" lon="14.29913998581469">
        <ele>480.24</ele>
      </trkpt>
      <trkpt lat="37.61006003245711" lon="14.299279963597655">
        <ele>480.27</ele>
      </trkpt>
      <trkpt lat="37.61006003245711" lon="14.29930997081101">
        <ele>480.27</ele>
      </trkpt>
      <trkpt lat="37.61007998138666" lon="14.299450032413006">
        <ele>480.18</ele>
      </trkpt>
      <trkpt lat="37.610109988600016" lon="14.29956997744739">
        <ele>480.04</ele>
      </trkpt>
      <trkpt lat="37.61016991920769" lon="14.299710039049387">
        <ele>479.84</ele>
      </trkpt>
      <trkpt lat="37.61018995195627" lon="14.299729987978935">
        <ele>479.63</ele>
      </trkpt>
      <trkpt lat="37.61020001024008" lon="14.299750020727515">
        <ele>479.36</ele>
      </trkpt>
      <trkpt lat="37.610239991918206" lon="14.299799976870418">
        <ele>479.04</ele>
      </trkpt>
      <trkpt lat="37.61029003188014" lon="14.299839958548546">
        <ele>478.67</ele>
      </trkpt>
      <trkpt lat="37.61033001355827" lon="14.299859991297126">
        <ele>478.25</ele>
      </trkpt>
      <trkpt lat="37.610409976914525" lon="14.2998699657619">
        <ele>477.79</ele>
      </trkpt>
      <trkpt lat="37.61061994358897" lon="14.29991003125906">
        <ele>477.33</ele>
      </trkpt>
      <trkpt lat="37.610690016299486" lon="14.299939954653382">
        <ele>476.76</ele>
      </trkpt>
      <trkpt lat="37.61069999076426" lon="14.299939954653382">
        <ele>476.14</ele>
      </trkpt>
      <trkpt lat="37.61080996133387" lon="14.300010027363896">
        <ele>475.45</ele>
      </trkpt>
      <trkpt lat="37.61085002683103" lon="14.30004003457725">
        <ele>474.72</ele>
      </trkpt>
      <trkpt lat="37.61098003014922" lon="14.30016995407641">
        <ele>473.9</ele>
      </trkpt>
      <trkpt lat="37.61115990579128" lon="14.300380004569888">
        <ele>473.0</ele>
      </trkpt>
      <trkpt lat="37.61126987636089" lon="14.300539931282401">
        <ele>472.13</ele>
      </trkpt>
      <trkpt lat="37.61130994185805" lon="14.30059994570911">
        <ele>471.26</ele>
      </trkpt>
      <trkpt lat="37.61135000735521" lon="14.30070991627872">
        <ele>470.34</ele>
      </trkpt>
      <trkpt lat="37.61138998903334" lon="14.300870010629296">
        <ele>469.39</ele>
      </trkpt>
      <trkpt lat="37.61141002178192" lon="14.300969922915101">
        <ele>468.43</ele>
      </trkpt>
      <trkpt lat="37.611440028995275" lon="14.30102993734181">
        <ele>467.48</ele>
      </trkpt>
      <trkpt lat="37.61147003620863" lon="14.301079893484712">
        <ele>466.51</ele>
      </trkpt>
      <trkpt lat="37.61162996292114" lon="14.30122003890574">
        <ele>465.56</ele>
      </trkpt>
      <trkpt lat="37.61178477667272" lon="14.301339900121093">
        <ele>464.57</ele>
      </trkpt>
      <trkpt lat="37.61194000951946" lon="14.30145992897451">
        <ele>463.55</ele>
      </trkpt>
      <trkpt lat="37.612060038372874" lon="14.301690179854631">
        <ele>462.46</ele>
      </trkpt>
      <trkpt lat="37.61217998340726" lon="14.301920011639595">
        <ele>461.39</ele>
      </trkpt>
      <trkpt lat="37.61220999062061" lon="14.301979942247272">
        <ele>460.42</ele>
      </trkpt>
      <trkpt lat="37.6123333722353" lon="14.30221346206963">
        <ele>459.44</ele>
      </trkpt>
      <trkpt lat="37.61245675384998" lon="14.30244698189199">
        <ele>458.51</ele>
      </trkpt>
      <trkpt lat="37.61257988400757" lon="14.302679998800159">
        <ele>457.59</ele>
      </trkpt>
      <trkpt lat="37.61267996393144" lon="14.302870016545057">
        <ele>456.65</ele>
      </trkpt>
      <trkpt lat="37.61269991286099" lon="14.30289993993938">
        <ele>455.8</ele>
      </trkpt>
      <trkpt lat="37.61278993450105" lon="14.303019968792796">
        <ele>454.95</ele>
      </trkpt>
      <trkpt lat="37.61286998167634" lon="14.30309004150331">
        <ele>454.15</ele>
      </trkpt>
      <trkpt lat="37.61300987564027" lon="14.303209902718663">
        <ele>453.37</ele>
      </trkpt>
      <trkpt lat="37.613214729353786" lon="14.30335977114737">
        <ele>452.62</ele>
      </trkpt>
      <trkpt lat="37.61342000216246" lon="14.303509891033173">
        <ele>451.92</ele>
      </trkpt>
      <trkpt lat="37.61361471377313" lon="14.303649784997106">
        <ele>451.28</ele>
      </trkpt>
      <trkpt lat="37.61381001211703" lon="14.303790014237165">
        <ele>450.67</ele>
      </trkpt>
      <trkpt lat="37.61388000100851" lon="14.30382002145052">
        <ele>450.16</ele>
      </trkpt>
      <trkpt lat="37.61394998989999" lon="14.303839970380068">
        <ele>449.7</ele>
      </trkpt>
      <trkpt lat="37.61407001875341" lon="14.303849944844842">
        <ele>449.28</ele>
      </trkpt>
      <trkpt lat="37.61408996768296" lon="14.303860003128648">
        <ele>448.95</ele>
      </trkpt>
      <trkpt lat="37.6142499782145" lon="14.303839970380068">
        <ele>448.68</ele>
      </trkpt>
      <trkpt lat="37.61426003649831" lon="14.303839970380068">
        <ele>448.5</ele>
      </trkpt>
      <trkpt lat="37.61443002149463" lon="14.303809879347682">
        <ele>448.43</ele>
      </trkpt>
      <trkpt lat="37.61443002149463" lon="14.30379998870194">
        <ele>448.37</ele>
      </trkpt>
      <trkpt lat="37.61451995931566" lon="14.303790014237165">
        <ele>448.38</ele>
      </trkpt>
      <trkpt lat="37.6145798061043" lon="14.303790014237165">
        <ele>448.45</ele>
      </trkpt>
      <trkpt lat="37.61460998095572" lon="14.303790014237165">
        <ele>448.58</ele>
      </trkpt>
      <trkpt lat="37.61464996263385" lon="14.30379998870194">
        <ele>448.77</ele>
      </trkpt>
      <trkpt lat="37.61473998427391" lon="14.303849944844842">
        <ele>449.03</ele>
      </trkpt>
      <trkpt lat="37.61479999870062" lon="14.30388992652297">
        <ele>449.33</ele>
      </trkpt>
      <trkpt lat="37.61483000591397" lon="14.30392999202013">
        <ele>449.68</ele>
      </trkpt>
      <trkpt lat="37.61484987102449" lon="14.303959915414453">
        <ele>450.08</ele>
      </trkpt>
      <trkpt lat="37.614899994805455" lon="14.30403996258974">
        <ele>450.53</ele>
      </trkpt>
      <trkpt lat="37.61496000923216" lon="14.304199973121285">
        <ele>451.0</ele>
      </trkpt>
      <trkpt lat="37.61506679467857" lon="14.304470289498568">
        <ele>451.53</ele>
      </trkpt>
      <trkpt lat="37.615173580124974" lon="14.30474060587585">
        <ele>452.16</ele>
      </trkpt>
      <trkpt lat="37.61528003029525" lon="14.305009916424751">
        <ele>452.85</ele>
      </trkpt>
      <trkpt lat="37.6152999792248" lon="14.305100021883845">
        <ele>453.52</ele>
      </trkpt>
      <trkpt lat="37.615329986438155" lon="14.30521996691823">
        <ele>454.22</ele>
      </trkpt>
      <trkpt lat="37.61533996090293" lon="14.305360028520226">
        <ele>454.98</ele>
      </trkpt>
      <trkpt lat="37.615329986438155" lon="14.305439908057451">
        <ele>455.72</ele>
      </trkpt>
      <trkpt lat="37.61531992815435" lon="14.305490031838417">
        <ele>456.45</ele>
      </trkpt>
      <trkpt lat="37.61531003750861" lon="14.30551995523274">
        <ele>457.17</ele>
      </trkpt>
      <trkpt lat="37.61528003029525" lon="14.305579969659448">
        <ele>457.89</ele>
      </trkpt>
      <trkpt lat="37.61525999754667" lon="14.305620035156608">
        <ele>458.61</ele>
      </trkpt>
      <trkpt lat="37.61521993204951" lon="14.30564995855093">
        <ele>459.32</ele>
      </trkpt>
      <trkpt lat="37.61513980105519" lon="14.305709972977638">
        <ele>460.02</ele>
      </trkpt>
      <trkpt lat="37.615009965375066" lon="14.305839976295829">
        <ele>460.72</ele>
      </trkpt>
      <trkpt lat="37.61496000923216" lon="14.305939972400665">
        <ele>461.42</ele>
      </trkpt>
      <trkpt lat="37.61489002034068" lon="14.306139964610338">
        <ele>462.15</ele>
      </trkpt>
      <trkpt lat="37.6148699875921" lon="14.30620995350182">
        <ele>462.82</ele>
      </trkpt>
      <trkpt lat="37.61480997316539" lon="14.306459985673428">
        <ele>463.49</ele>
      </trkpt>
      <trkpt lat="37.61477996595204" lon="14.306520000100136">
        <ele>464.12</ele>
      </trkpt>
      <trkpt lat="37.61474987491965" lon="14.306579930707812">
        <ele>464.72</ele>
      </trkpt>
      <trkpt lat="37.61460998095572" lon="14.30678989738226">
        <ele>465.3</ele>
      </trkpt>
      <trkpt lat="37.61441996321082" lon="14.307040013372898">
        <ele>465.9</ele>
      </trkpt>
      <trkpt lat="37.61437000706792" lon="14.307119892910123">
        <ele>466.43</ele>
      </trkpt>
      <trkpt lat="37.61433991603553" lon="14.307230031117797">
        <ele>466.92</ele>
      </trkpt>
      <trkpt lat="37.61433002538979" lon="14.307319968938828">
        <ele>467.36</ele>
      </trkpt>
      <trkpt lat="37.61433002538979" lon="14.307419881224632">
        <ele>467.78</ele>
      </trkpt>
      <trkpt lat="37.61433991603553" lon="14.307549884542823">
        <ele>468.13</ele>
      </trkpt>
      <trkpt lat="37.61433991603553" lon="14.307579975575209">
        <ele>468.44</ele>
      </trkpt>
      <trkpt lat="37.61437000706792" lon="14.307679971680045">
        <ele>468.73</ele>
      </trkpt>
      <trkpt lat="37.61441996321082" lon="14.30777988396585">
        <ele>468.97</ele>
      </trkpt>
      <trkpt lat="37.6144399959594" lon="14.30781994946301">
        <ele>469.16</ele>
      </trkpt>
      <trkpt lat="37.61450001038611" lon="14.30790988728404">
        <ele>469.3</ele>
      </trkpt>
      <trkpt lat="37.61463990435004" lon="14.3081399705261">
        <ele>469.37</ele>
      </trkpt>
      <trkpt lat="37.61478340253234" lon="14.308383464813232">
        <ele>469.39</ele>
      </trkpt>
      <trkpt lat="37.614926816895604" lon="14.308626959100366">
        <ele>469.41</ele>
      </trkpt>
      <trkpt lat="37.61506989598274" lon="14.30887003429234">
        <ele>469.45</ele>
      </trkpt>
      <trkpt lat="37.61517500504851" lon="14.309050077572465">
        <ele>469.44</ele>
      </trkpt>
      <trkpt lat="37.61528003029525" lon="14.309230037033558">
        <ele>469.36</ele>
      </trkpt>
      <trkpt lat="37.615446746349335" lon="14.30951016023755">
        <ele>469.14</ele>
      </trkpt>
      <trkpt lat="37.61561346240342" lon="14.309790283441544">
        <ele>468.8</ele>
      </trkpt>
      <trkpt lat="37.615780010819435" lon="14.310069987550378">
        <ele>468.4</ele>
      </trkpt>
      <trkpt lat="37.6159199886024" lon="14.310280038043857">
        <ele>467.99</ele>
      </trkpt>
      <trkpt lat="37.6159699447453" lon="14.310339884832501">
        <ele>467.62</ele>
      </trkpt>
      <trkpt lat="37.61608997359872" lon="14.310450023040175">
        <ele>467.21</ele>
      </trkpt>
      <trkpt lat="37.61614998802543" lon="14.310509953647852">
        <ele>466.77</ele>
      </trkpt>
      <trkpt lat="37.616189969703555" lon="14.310539960861206">
        <ele>466.31</ele>
      </trkpt>
      <trkpt lat="37.61644000187516" lon="14.310729894787073">
        <ele>465.81</ele>
      </trkpt>
      <trkpt lat="37.61645986698568" lon="14.31074003688991">
        <ele>465.3</ele>
      </trkpt>
      <trkpt lat="37.61659003794193" lon="14.310820000246167">
        <ele>464.75</ele>
      </trkpt>
      <trkpt lat="37.61660001240671" lon="14.31082989089191">
        <ele>464.19</ele>
      </trkpt>
      <trkpt lat="37.616619961336255" lon="14.310840032994747">
        <ele>463.61</ele>
      </trkpt>
      <trkpt lat="37.616829592734575" lon="14.31093986146152">
        <ele>462.98</ele>
      </trkpt>
      <trkpt lat="37.61703997850418" lon="14.31104002520442">
        <ele>462.32</ele>
      </trkpt>
      <trkpt lat="37.61713000014424" lon="14.31108989752829">
        <ele>461.67</ele>
      </trkpt>
      <trkpt lat="37.617294704541564" lon="14.311174806207418">
        <ele>460.98</ele>
      </trkpt>
      <trkpt lat="37.61745999567211" lon="14.31125988252461">
        <ele>460.31</ele>
      </trkpt>
      <trkpt lat="37.61762470006943" lon="14.31134982034564">
        <ele>459.63</ele>
      </trkpt>
      <trkpt lat="37.61778999119997" lon="14.311440009623766">
        <ele>458.96</ele>
      </trkpt>
      <trkpt lat="37.61803952045739" lon="14.311569761484861">
        <ele>458.25</ele>
      </trkpt>
      <trkpt lat="37.61828997172415" lon="14.311700016260147">
        <ele>457.52</ele>
      </trkpt>
      <trkpt lat="37.61838996782899" lon="14.31174997240305">
        <ele>456.82</ele>
      </trkpt>
      <trkpt lat="37.6184600405395" lon="14.31177000515163">
        <ele>456.13</ele>
      </trkpt>
      <trkpt lat="37.61847998946905" lon="14.311779895797372">
        <ele>455.45</ele>
      </trkpt>
      <trkpt lat="37.61856992729008" lon="14.311799928545952">
        <ele>454.76</ele>
      </trkpt>
      <trkpt lat="37.61860990896821" lon="14.311799928545952">
        <ele>454.09</ele>
      </trkpt>
      <trkpt lat="37.61867000721395" lon="14.31179003790021">
        <ele>453.42</ele>
      </trkpt>
      <trkpt lat="37.61880001053214" lon="14.311760030686855">
        <ele>452.74</ele>
      </trkpt>
      <trkpt lat="37.61896463111043" lon="14.311720049008727">
        <ele>452.02</ele>
      </trkpt>
      <trkpt lat="37.61912992224097" lon="14.311679983511567">
        <ele>451.3</ele>
      </trkpt>
      <trkpt lat="37.61926998384297" lon="14.311640001833439">
        <ele>450.62</ele>
      </trkpt>
      <trkpt lat="37.61929999105632" lon="14.311609910801053">
        <ele>450.0</ele>
      </trkpt>
      <trkpt lat="37.619390012696385" lon="14.31155995465815">
        <ele>449.36</ele>
      </trkpt>
      <trkpt lat="37.61942991055548" lon="14.311530031263828">
        <ele>448.75</ele>
      </trkpt>
      <trkpt lat="37.619459917768836" lon="14.311489965766668">
        <ele>448.16</ele>
      </trkpt>
      <trkpt lat="37.61946997605264" lon="14.311459874734282">
        <ele>447.59</ele>
      </trkpt>
      <trkpt lat="37.61961003765464" lon="14.311119988560677">
        <ele>447.07</ele>
      </trkpt>
      <trkpt lat="37.61965001933277" lon="14.31101999245584">
        <ele>446.52</ele>
      </trkpt>
      <trkpt lat="37.61966988444328" lon="14.31097992695868">
        <ele>445.97</ele>
      </trkpt>
      <trkpt lat="37.61970994994044" lon="14.310919912531972">
        <ele>445.46</ele>
      </trkpt>
      <trkpt lat="37.61976996436715" lon="14.31086995638907">
        <ele>444.93</ele>
      </trkpt>
      <trkpt lat="37.619840037077665" lon="14.310840032994747">
        <ele>444.41</ele>
      </trkpt>
      <trkpt lat="37.6199400331825" lon="14.310799967497587">
        <ele>443.87</ele>
      </trkpt>
      <trkpt lat="37.6201800070703" lon="14.310759985819459">
        <ele>443.3</ele>
      </trkpt>
      <trkpt lat="37.62032995931804" lon="14.310729894787073">
        <ele>442.81</ele>
      </trkpt>
      <trkpt lat="37.62044998817146" lon="14.31069997139275">
        <ele>442.33</ele>
      </trkpt>
      <trkpt lat="37.62051997706294" lon="14.31065990589559">
        <ele>441.91</ele>
      </trkpt>
      <trkpt lat="37.62064998038113" lon="14.310580026358366">
        <ele>441.52</ele>
      </trkpt>
      <trkpt lat="37.62074997648597" lon="14.310469888150692">
        <ele>441.15</ele>
      </trkpt>
      <trkpt lat="37.62077998369932" lon="14.31041993200779">
        <ele>440.83</ele>
      </trkpt>
      <trkpt lat="37.62097335420549" lon="14.31013653986156">
        <ele>440.51</ele>
      </trkpt>
      <trkpt lat="37.62116672471166" lon="14.30985314771533">
        <ele>440.28</ele>
      </trkpt>
      <trkpt lat="37.62136001139879" lon="14.309570007026196">
        <ele>440.14</ele>
      </trkpt>
      <trkpt lat="37.62136001139879" lon="14.309560200199485">
        <ele>439.93</ele>
      </trkpt>
      <trkpt lat="37.62136001139879" lon="14.30955994874239">
        <ele>439.73</ele>
      </trkpt>
      <trkpt lat="37.62142991647124" lon="14.309509992599487">
        <ele>439.56</ele>
      </trkpt>
      <trkpt lat="37.62149998918176" lon="14.309479901567101">
        <ele>439.4</ele>
      </trkpt>
      <trkpt lat="37.62155002914369" lon="14.309470010921359">
        <ele>439.25</ele>
      </trkpt>
      <trkpt lat="37.62159998528659" lon="14.309459952637553">
        <ele>439.13</ele>
      </trkpt>
      <trkpt lat="37.62163996696472" lon="14.309470010921359">
        <ele>439.05</ele>
      </trkpt>
      <trkpt lat="37.62168003246188" lon="14.309479901567101">
        <ele>438.99</ele>
      </trkpt>
      <trkpt lat="37.62172001414001" lon="14.309499934315681">
        <ele>438.98</ele>
      </trkpt>
      <trkpt lat="37.62175999581814" lon="14.30953991599381">
        <ele>439.0</ele>
      </trkpt>
      <trkpt lat="37.6218500174582" lon="14.309629937633872">
        <ele>439.04</ele>
      </trkpt>
      <trkpt lat="37.62194003909826" lon="14.30977988988161">
        <ele>439.12</ele>
      </trkpt>
      <trkpt lat="37.62195001356304" lon="14.309809980913997">
        <ele>439.26</ele>
      </trkpt>
      <trkpt lat="37.621969962492585" lon="14.30983998812735">
        <ele>439.42</ele>
      </trkpt>
      <trkpt lat="37.62198991142213" lon="14.309909893199801">
        <ele>439.62</ele>
      </trkpt>
      <trkpt lat="37.62202000245452" lon="14.31003000587225">
        <ele>439.88</ele>
      </trkpt>
      <trkpt lat="37.62202997691929" lon="14.31007987819612">
        <ele>440.14</ele>
      </trkpt>
      <trkpt lat="37.62202997691929" lon="14.31016000919044">
        <ele>440.42</ele>
      </trkpt>
      <trkpt lat="37.62202997691929" lon="14.31022991426289">
        <ele>440.73</ele>
      </trkpt>
      <trkpt lat="37.62199996970594" lon="14.310379950329661">
        <ele>441.05</ele>
      </trkpt>
      <trkpt lat="37.62190483510494" lon="14.310745568946004">
        <ele>441.4</ele>
      </trkpt>
      <trkpt lat="37.62181003578007" lon="14.31110993027687">
        <ele>441.85</ele>
      </trkpt>
      <trkpt lat="37.6217548828572" lon="14.31132534518838">
        <ele>442.32</ele>
      </trkpt>
      <trkpt lat="37.62169998139143" lon="14.31153992190957">
        <ele>442.82</ele>
      </trkpt>
      <trkpt lat="37.62168003246188" lon="14.31160002015531">
        <ele>443.27</ele>
      </trkpt>
      <trkpt lat="37.62163996696472" lon="14.311760030686855">
        <ele>443.76</ele>
      </trkpt>
      <trkpt lat="37.621580036357045" lon="14.31196991354227">
        <ele>444.24</ele>
      </trkpt>
      <trkpt lat="37.62149001471698" lon="14.312320025637746">
        <ele>444.77</ele>
      </trkpt>
      <trkpt lat="37.6214699819684" lon="14.312409963458776">
        <ele>445.25</ele>
      </trkpt>
      <trkpt lat="37.62142488732934" lon="14.312630323693156">
        <ele>445.72</ele>
      </trkpt>
      <trkpt lat="37.62137996032834" lon="14.31284992955625">
        <ele>446.11</ele>
      </trkpt>
      <trkpt lat="37.62135003693402" lon="14.313010023906827">
        <ele>446.51</ele>
      </trkpt>
      <trkpt lat="37.62133989483118" lon="14.313159976154566">
        <ele>446.97</ele>
      </trkpt>
      <trkpt lat="37.62133989483118" lon="14.313219906762242">
        <ele>447.43</ele>
      </trkpt>
      <trkpt lat="37.62136001139879" lon="14.31327992118895">
        <ele>447.89</ele>
      </trkpt>
      <trkpt lat="37.62137996032834" lon="14.313329877331853">
        <ele>448.34</ele>
      </trkpt>
      <trkpt lat="37.6214200258255" lon="14.313369942829013">
        <ele>448.8</ele>
      </trkpt>
      <trkpt lat="37.62146000750363" lon="14.313409924507141">
        <ele>449.24</ele>
      </trkpt>
      <trkpt lat="37.62149998918176" lon="14.313440015539527">
        <ele>449.66</ele>
      </trkpt>
      <trkpt lat="37.621609875932336" lon="14.31348997168243">
        <ele>450.1</ele>
      </trkpt>
      <trkpt lat="37.621669974178076" lon="14.31351000443101">
        <ele>450.5</ele>
      </trkpt>
      <trkpt lat="37.62185990810394" lon="14.31357990950346">
        <ele>450.91</ele>
      </trkpt>
      <trkpt lat="37.62187994085252" lon="14.31359994225204">
        <ele>451.23</ele>
      </trkpt>
      <trkpt lat="37.62191003188491" lon="14.31361997500062">
        <ele>451.53</ele>
      </trkpt>
      <trkpt lat="37.62195001356304" lon="14.313669931143522">
        <ele>451.8</ele>
      </trkpt>
      <trkpt lat="37.62195998802781" lon="14.31370991282165">
        <ele>452.04</ele>
      </trkpt>
      <trkpt lat="37.62198991142213" lon="14.313779901713133">
        <ele>452.24</ele>
      </trkpt>
      <trkpt lat="37.62199996970594" lon="14.313839916139841">
        <ele>452.42</ele>
      </trkpt>
      <trkpt lat="37.62199996970594" lon="14.31393999606371">
        <ele>452.58</ele>
      </trkpt>
      <trkpt lat="37.62199996970594" lon="14.31396002881229">
        <ele>452.69</ele>
      </trkpt>
      <trkpt lat="37.62198991142213" lon="14.314019959419966">
        <ele>452.77</ele>
      </trkpt>
      <trkpt lat="37.62195998802781" lon="14.314130013808608">
        <ele>452.8</ele>
      </trkpt>
      <trkpt lat="37.62195001356304" lon="14.31415993720293">
        <ele>452.81</ele>
      </trkpt>
      <trkpt lat="37.62184984982014" lon="14.314443748444319">
        <ele>452.82</ele>
      </trkpt>
      <trkpt lat="37.62174968607724" lon="14.314727475866675">
        <ele>452.75</ele>
      </trkpt>
      <trkpt lat="37.62165002524853" lon="14.315010029822588">
        <ele>452.64</ele>
      </trkpt>
      <trkpt lat="37.621580036357045" lon="14.315199963748455">
        <ele>452.47</ele>
      </trkpt>
      <trkpt lat="37.621560003608465" lon="14.315279927104712">
        <ele>452.28</ele>
      </trkpt>
      <trkpt lat="37.62155002914369" lon="14.315329967066646">
        <ele>452.07</ele>
      </trkpt>
      <trkpt lat="37.621560003608465" lon="14.31542987935245">
        <ele>451.84</ele>
      </trkpt>
      <trkpt lat="37.62156997807324" lon="14.315459970384836">
        <ele>451.58</ele>
      </trkpt>
      <trkpt lat="37.62159001082182" lon="14.315549992024899">
        <ele>451.29</ele>
      </trkpt>
      <trkpt lat="37.62162001803517" lon="14.315610006451607">
        <ele>450.97</ele>
      </trkpt>
      <trkpt lat="37.62165002524853" lon="14.31565996259451">
        <ele>450.63</ele>
      </trkpt>
      <trkpt lat="37.62176997028291" lon="14.31583003140986">
        <ele>450.27</ele>
      </trkpt>
      <trkpt lat="37.62179000303149" lon="14.315859954804182">
        <ele>449.89</ele>
      </trkpt>
      <trkpt lat="37.62187994085252" lon="14.315989874303341">
        <ele>449.48</ele>
      </trkpt>
      <trkpt lat="37.62191003188491" lon="14.31604997254908">
        <ele>449.07</ele>
      </trkpt>
      <trkpt lat="37.62192998081446" lon="14.316099928691983">
        <ele>448.64</ele>
      </trkpt>
      <trkpt lat="37.621969962492585" lon="14.31623999029398">
        <ele>448.17</ele>
      </trkpt>
      <trkpt lat="37.62198002077639" lon="14.316279971972108">
        <ele>447.73</ele>
      </trkpt>
      <trkpt lat="37.622045064345" lon="14.316570488736033">
        <ele>447.26</ele>
      </trkpt>
      <trkpt lat="37.62211002409458" lon="14.316859999671578">
        <ele>446.79</ele>
      </trkpt>
      <trkpt lat="37.62212997302413" lon="14.31695002131164">
        <ele>446.39</ele>
      </trkpt>
      <trkpt lat="37.622140031307936" lon="14.316990002989769">
        <ele>446.02</ele>
      </trkpt>
      <trkpt lat="37.62217992916703" lon="14.317069966346025">
        <ele>445.68</ele>
      </trkpt>
      <trkpt lat="37.62224002741277" lon="14.31716987863183">
        <ele>445.37</ele>
      </trkpt>
      <trkpt lat="37.62245988473296" lon="14.317429885268211">
        <ele>445.03</ele>
      </trkpt>
      <trkpt lat="37.6226148661226" lon="14.317614957690239">
        <ele>444.7</ele>
      </trkpt>
      <trkpt lat="37.62277001515031" lon="14.317800030112267">
        <ele>444.4</ele>
      </trkpt>
      <trkpt lat="37.622849978506565" lon="14.317889967933297">
        <ele>444.19</ele>
      </trkpt>
      <trkpt lat="37.6229499746114" lon="14.318029945716262">
        <ele>444.01</ele>
      </trkpt>
      <trkpt lat="37.62323001399636" lon="14.317910000681877">
        <ele>444.07</ele>
      </trkpt>
      <trkpt lat="37.623279970139265" lon="14.317879909649491">
        <ele>444.08</ele>
      </trkpt>
      <trkpt lat="37.623279970139265" lon="14.317870019003749">
        <ele>444.13</ele>
      </trkpt>
      <trkpt lat="37.6233300101012" lon="14.317819895222783">
        <ele>444.26</ele>
      </trkpt>
      <trkpt lat="37.62336001731455" lon="14.317779997363687">
        <ele>444.44</ele>
      </trkpt>
      <trkpt lat="37.6233799662441" lon="14.317729957401752">
        <ele>444.67</ele>
      </trkpt>
      <trkpt lat="37.623409973457456" lon="14.317649994045496">
        <ele>444.94</ele>
      </trkpt>
      <trkpt lat="37.62346001341939" lon="14.31745964102447">
        <ele>445.27</ele>
      </trkpt>
      <trkpt lat="37.62350996956229" lon="14.317269958555698">
        <ele>445.65</ele>
      </trkpt>
      <trkpt lat="37.623560009524226" lon="14.317050017416477">
        <ele>446.13</ele>
      </trkpt>
      <trkpt lat="37.62365011498332" lon="14.316682638600469">
        <ele>446.78</ele>
      </trkpt>
      <trkpt lat="37.623740304261446" lon="14.316315343603492">
        <ele>447.51</ele>
      </trkpt>
      <trkpt lat="37.62382999062538" lon="14.315949892625213">
        <ele>448.13</ele>
      </trkpt>
      <trkpt lat="37.62391992844641" lon="14.315579915419221">
        <ele>448.83</ele>
      </trkpt>
      <trkpt lat="37.6239500194788" lon="14.31542987935245">
        <ele>449.54</ele>
      </trkpt>
      <trkpt lat="37.623990001156926" lon="14.31535997428">
        <ele>450.26</ele>
      </trkpt>
      <trkpt lat="37.6240499317646" lon="14.315279927104712">
        <ele>451.01</ele>
      </trkpt>
      <trkpt lat="37.62411003001034" lon="14.315219996497035">
        <ele>451.78</ele>
      </trkpt>
      <trkpt lat="37.62415990233421" lon="14.31518990546465">
        <ele>452.59</ele>
      </trkpt>
      <trkpt lat="37.62422997504473" lon="14.315169956535101">
        <ele>453.44</ele>
      </trkpt>
      <trkpt lat="37.624310022220016" lon="14.31518990546465">
        <ele>454.32</ele>
      </trkpt>
      <trkpt lat="37.62435997836292" lon="14.315199963748455">
        <ele>455.23</ele>
      </trkpt>
      <trkpt lat="37.624519653618336" lon="14.3152598105371">
        <ele>456.18</ele>
      </trkpt>
      <trkpt lat="37.62467999942601" lon="14.31531990878284">
        <ele>457.18</ele>
      </trkpt>
      <trkpt lat="37.62490287423134" lon="14.315403141081333">
        <ele>458.21</ele>
      </trkpt>
      <trkpt lat="37.6251258328557" lon="14.315486373379827">
        <ele>459.22</ele>
      </trkpt>
      <trkpt lat="37.62534996494651" lon="14.315570024773479">
        <ele>460.22</ele>
      </trkpt>
      <trkpt lat="37.6254799682647" lon="14.315579915419221">
        <ele>461.29</ele>
      </trkpt>
      <trkpt lat="37.62554987333715" lon="14.315579915419221">
        <ele>462.36</ele>
      </trkpt>
      <trkpt lat="37.62578004039824" lon="14.31551001034677">
        <ele>463.49</ele>
      </trkpt>
      <trkpt lat="37.62598003260791" lon="14.31544991210103">
        <ele>464.61</ele>
      </trkpt>
      <trkpt lat="37.62619620189071" lon="14.315376738086343">
        <ele>465.77</ele>
      </trkpt>
      <trkpt lat="37.62641245499253" lon="14.315303564071655">
        <ele>466.9</ele>
      </trkpt>
      <trkpt lat="37.6266298815608" lon="14.31522997096181">
        <ele>467.97</ele>
      </trkpt>
      <trkpt lat="37.62691603973508" lon="14.315143385902047">
        <ele>469.05</ele>
      </trkpt>
      <trkpt lat="37.627202197909355" lon="14.315056884661317">
        <ele>470.23</ele>
      </trkpt>
      <trkpt lat="37.627490032464266" lon="14.314969964325428">
        <ele>471.41</ele>
      </trkpt>
      <trkpt lat="37.62754996307194" lon="14.314969964325428">
        <ele>472.47</ele>
      </trkpt>
      <trkpt lat="37.627579970285296" lon="14.314969964325428">
        <ele>473.52</ele>
      </trkpt>
      <trkpt lat="37.62764995917678" lon="14.314959906041622">
        <ele>474.6</ele>
      </trkpt>
      <trkpt lat="37.62769002467394" lon="14.314969964325428">
        <ele>475.62</ele>
      </trkpt>
      <trkpt lat="37.62770997360349" lon="14.314969964325428">
        <ele>476.63</ele>
      </trkpt>
      <trkpt lat="37.627790020778775" lon="14.31499988771975">
        <ele>477.62</ele>
      </trkpt>
      <trkpt lat="37.62786998413503" lon="14.315029978752136">
        <ele>478.6</ele>
      </trkpt>
      <trkpt lat="37.62789982371032" lon="14.31503995321691">
        <ele>479.56</ele>
      </trkpt>
      <trkpt lat="37.62810995802283" lon="14.315120000392199">
        <ele>480.5</ele>
      </trkpt>
      <trkpt lat="37.62815999798477" lon="14.315109942108393">
        <ele>481.44</ele>
      </trkpt>
      <trkpt lat="37.62823996134102" lon="14.315099967643619">
        <ele>482.36</ele>
      </trkpt>
      <trkpt lat="37.62827985920012" lon="14.315089909359813">
        <ele>483.26</ele>
      </trkpt>
      <trkpt lat="37.628329982981086" lon="14.31505998596549">
        <ele>484.17</ele>
      </trkpt>
      <trkpt lat="37.62836988084018" lon="14.31499988771975">
        <ele>485.08</ele>
      </trkpt>
      <trkpt lat="37.62838991358876" lon="14.314969964325428">
        <ele>485.93</ele>
      </trkpt>
      <trkpt lat="37.62840994633734" lon="14.314920008182526">
        <ele>486.8</ele>
      </trkpt>
      <trkpt lat="37.62845981866121" lon="14.314829902723432">
        <ele>487.66</ele>
      </trkpt>
      <trkpt lat="37.62848999351263" lon="14.31477994658053">
        <ele>488.47</ele>
      </trkpt>
      <trkpt lat="37.62851991690695" lon="14.314750023186207">
        <ele>489.26</ele>
      </trkpt>
      <trkpt lat="37.62861002236605" lon="14.314659917727113">
        <ele>490.06</ele>
      </trkpt>
      <trkpt lat="37.62869996018708" lon="14.31458992883563">
        <ele>490.81</ele>
      </trkpt>
      <trkpt lat="37.62872996740043" lon="14.314549947157502">
        <ele>491.54</ele>
      </trkpt>
      <trkpt lat="37.628759974613786" lon="14.31447995826602">
        <ele>492.27</ele>
      </trkpt>
      <trkpt lat="37.62881001457572" lon="14.314360013231635">
        <ele>493.01</ele>
      </trkpt>
      <trkpt lat="37.62887505814433" lon="14.31416966021061">
        <ele>493.75</ele>
      </trkpt>
      <trkpt lat="37.62894001789391" lon="14.313979977741838">
        <ele>494.42</ele>
      </trkpt>
      <trkpt lat="37.62897999957204" lon="14.31389993056655">
        <ele>495.04</ele>
      </trkpt>
      <trkpt lat="37.62901998125017" lon="14.313859948888421">
        <ele>495.59</ele>
      </trkpt>
      <trkpt lat="37.629059962928295" lon="14.313819883391261">
        <ele>496.13</ele>
      </trkpt>
      <trkpt lat="37.629119977355" lon="14.313789959996939">
        <ele>496.63</ele>
      </trkpt>
      <trkpt lat="37.62915995903313" lon="14.31377001106739">
        <ele>497.11</ele>
      </trkpt>
      <trkpt lat="37.62924989685416" lon="14.31377001106739">
        <ele>497.56</ele>
      </trkpt>
      <trkpt lat="37.629319969564676" lon="14.313779901713133">
        <ele>498.02</ele>
      </trkpt>
      <trkpt lat="37.62937990017235" lon="14.313809992745519">
        <ele>498.44</ele>
      </trkpt>
      <trkpt lat="37.62947998009622" lon="14.31387989781797">
        <ele>498.84</ele>
      </trkpt>
      <trkpt lat="37.629509987309575" lon="14.313909988850355">
        <ele>499.23</ele>
      </trkpt>
      <trkpt lat="37.6295499689877" lon="14.31396002881229">
        <ele>499.61</ele>
      </trkpt>
      <trkpt lat="37.62957997620106" lon="14.314000010490417">
        <ele>499.96</ele>
      </trkpt>
      <trkpt lat="37.62966999784112" lon="14.314190028235316">
        <ele>500.29</ele>
      </trkpt>
      <trkpt lat="37.62970997951925" lon="14.314260017126799">
        <ele>500.59</ele>
      </trkpt>
      <trkpt lat="37.629769993945956" lon="14.314320031553507">
        <ele>500.87</ele>
      </trkpt>
      <trkpt lat="37.62982992455363" lon="14.314360013231635">
        <ele>501.12</ele>
      </trkpt>
      <trkpt lat="37.62987996451557" lon="14.31439002044499">
        <ele>501.34</ele>
      </trkpt>
      <trkpt lat="37.629939978942275" lon="14.31439002044499">
        <ele>501.55</ele>
      </trkpt>
      <trkpt lat="37.6299799606204" lon="14.31439002044499">
        <ele>501.73</ele>
      </trkpt>
      <trkpt lat="37.63005003333092" lon="14.31436998769641">
        <ele>501.9</ele>
      </trkpt>
      <trkpt lat="37.630090015009046" lon="14.31434995494783">
        <ele>502.04</ele>
      </trkpt>
      <trkpt lat="37.63013997115195" lon="14.314320031553507">
        <ele>502.15</ele>
      </trkpt>
      <trkpt lat="37.6303100399673" lon="14.31415993720293">
        <ele>502.28</ele>
      </trkpt>
      <trkpt lat="37.63033987954259" lon="14.31413990445435">
        <ele>502.36</ele>
      </trkpt>
      <trkpt lat="37.63054171577096" lon="14.313950054347515">
        <ele>502.48</ele>
      </trkpt>
      <trkpt lat="37.63074363581836" lon="14.31376020424068">
        <ele>502.59</ele>
      </trkpt>
      <trkpt lat="37.630945555865765" lon="14.313570270314813">
        <ele>502.73</ele>
      </trkpt>
      <trkpt lat="37.631147392094135" lon="14.313380420207977">
        <ele>502.82</ele>
      </trkpt>
      <trkpt lat="37.63134998269379" lon="14.31318998336792">
        <ele>502.79</ele>
      </trkpt>
      <trkpt lat="37.63143002986908" lon="14.313400033861399">
        <ele>502.57</ele>
      </trkpt>
      <trkpt lat="37.631509993225336" lon="14.31359994225204">
        <ele>502.34</ele>
      </trkpt>
      <trkpt lat="37.63156992383301" lon="14.313740003854036">
        <ele>502.13</ele>
      </trkpt>
      <trkpt lat="37.63158995658159" lon="14.313799934461713">
        <ele>501.94</ele>
      </trkpt>
      <trkpt lat="37.63165986165404" lon="14.31400990113616">
        <ele>501.7</ele>
      </trkpt>
      <trkpt lat="37.63177997432649" lon="14.31432992219925">
        <ele>501.45</ele>
      </trkpt>
      <trkpt lat="37.631809981539845" lon="14.314430002123117">
        <ele>501.24</ele>
      </trkpt>
      <trkpt lat="37.63184987939894" lon="14.314580038189888">
        <ele>501.03</ele>
      </trkpt>
      <trkpt lat="37.63186002150178" lon="14.314639884978533">
        <ele>500.81</ele>
      </trkpt>
      <trkpt lat="37.63190997764468" lon="14.314849935472012">
        <ele>500.57</ele>
      </trkpt>
      <trkpt lat="37.63190997764468" lon="14.314859993755817">
        <ele>500.33</ele>
      </trkpt>
      <trkpt lat="37.631939984858036" lon="14.31499988771975">
        <ele>500.08</ele>
      </trkpt>
      <trkpt lat="37.63196999207139" lon="14.31508001871407">
        <ele>499.83</ele>
      </trkpt>
      <trkpt lat="37.63197988271713" lon="14.315109942108393">
        <ele>499.58</ele>
      </trkpt>
      <trkpt lat="37.63200997374952" lon="14.315180014818907">
        <ele>499.33</ele>
      </trkpt>
      <trkpt lat="37.63201994821429" lon="14.315219996497035">
        <ele>499.08</ele>
      </trkpt>
      <trkpt lat="37.63201994821429" lon="14.31529987603426">
        <ele>498.82</ele>
      </trkpt>
      <trkpt lat="37.63201994821429" lon="14.31551001034677">
        <ele>498.55</ele>
      </trkpt>
      <trkpt lat="37.63200997374952" lon="14.315740009769797">
        <ele>498.3</ele>
      </trkpt>
      <trkpt lat="37.63199991546571" lon="14.31609003804624">
        <ele>498.02</ele>
      </trkpt>
      <trkpt lat="37.631984911859035" lon="14.316295394673944">
        <ele>497.78</ele>
      </trkpt>
      <trkpt lat="37.63196999207139" lon="14.31649999693036">
        <ele>497.52</ele>
      </trkpt>
      <trkpt lat="37.631960017606616" lon="14.316579960286617">
        <ele>497.29</ele>
      </trkpt>
      <trkpt lat="37.631960017606616" lon="14.316639974713326">
        <ele>497.08</ele>
      </trkpt>
      <trkpt lat="37.631960017606616" lon="14.3166499491781">
        <ele>496.88</ele>
      </trkpt>
      <trkpt lat="37.631960017606616" lon="14.316699905321002">
        <ele>496.69</ele>
      </trkpt>
      <trkpt lat="37.63199002481997" lon="14.316859999671578">
        <ele>496.55</ele>
      </trkpt>
      <trkpt lat="37.63200997374952" lon="14.316920014098287">
        <ele>496.39</ele>
      </trkpt>
      <trkpt lat="37.63200997374952" lon="14.316969970241189">
        <ele>496.23</ele>
      </trkpt>
      <trkpt lat="37.63200997374952" lon="14.317069966346025">
        <ele>496.09</ele>
      </trkpt>
      <trkpt lat="37.63199991546571" lon="14.31720994412899">
        <ele>495.95</ele>
      </trkpt>
      <trkpt lat="37.63199002481997" lon="14.317259900271893">
        <ele>495.81</ele>
      </trkpt>
      <trkpt lat="37.63199002481997" lon="14.317310024052858">
        <ele>495.69</ele>
      </trkpt>
      <trkpt lat="37.63199002481997" lon="14.3173199146986">
        <ele>495.56</ele>
      </trkpt>
      <trkpt lat="37.63199991546571" lon="14.317389903590083">
        <ele>495.45</ele>
      </trkpt>
      <trkpt lat="37.63206001371145" lon="14.317759964615107">
        <ele>495.36</ele>
      </trkpt>
      <trkpt lat="37.63209002092481" lon="14.318029945716262">
        <ele>495.2</ele>
      </trkpt>
      <trkpt lat="37.63210988603532" lon="14.31810999289155">
        <ele>495.08</ele>
      </trkpt>
      <trkpt lat="37.63216998428106" lon="14.3183699157089">
        <ele>494.94</ele>
      </trkpt>
      <trkpt lat="37.63219999149442" lon="14.31851995177567">
        <ele>494.83</ele>
      </trkpt>
      <trkpt lat="37.63220996595919" lon="14.31853998452425">
        <ele>494.74</ele>
      </trkpt>
      <trkpt lat="37.63222999870777" lon="14.318679878488183">
        <ele>494.66</ele>
      </trkpt>
      <trkpt lat="37.6322699803859" lon="14.31899000890553">
        <ele>494.56</ele>
      </trkpt>
      <trkpt lat="37.6323199365288" lon="14.31935990229249">
        <ele>494.48</ele>
      </trkpt>
      <trkpt lat="37.63232999481261" lon="14.31944003328681">
        <ele>494.41</ele>
      </trkpt>
      <trkpt lat="37.63235002756119" lon="14.31952997110784">
        <ele>494.34</ele>
      </trkpt>
      <trkpt lat="37.632390009239316" lon="14.319639941677451">
        <ele>494.28</ele>
      </trkpt>
      <trkpt lat="37.63242001645267" lon="14.31971998885274">
        <ele>494.22</ele>
      </trkpt>
      <trkpt lat="37.63244993984699" lon="14.31978989392519">
        <ele>494.15</ele>
      </trkpt>
      <trkpt lat="37.63249000534415" lon="14.31987002491951">
        <ele>494.08</ele>
      </trkpt>
      <trkpt lat="37.6325599104166" lon="14.319970021024346">
        <ele>494.02</ele>
      </trkpt>
      <trkpt lat="37.63259989209473" lon="14.320019977167249">
        <ele>493.95</ele>
      </trkpt>
      <trkpt lat="37.63262998312712" lon="14.320040009915829">
        <ele>493.88</ele>
      </trkpt>
      <trkpt lat="37.6326500158757" lon="14.320069933310151">
        <ele>493.81</ele>
      </trkpt>
      <trkpt lat="37.6327499281615" lon="14.32014998048544">
        <ele>493.73</ele>
      </trkpt>
      <trkpt lat="37.63275998644531" lon="14.320160038769245">
        <ele>493.65</ele>
      </trkpt>
      <trkpt lat="37.63289996422827" lon="14.32025995105505">
        <ele>493.58</ele>
      </trkpt>
      <trkpt lat="37.63297003693879" lon="14.320309907197952">
        <ele>493.49</ele>
      </trkpt>
      <trkpt lat="37.63300993479788" lon="14.320360030978918">
        <ele>493.39</ele>
      </trkpt>
      <trkpt lat="37.63304002583027" lon="14.32038995437324">
        <ele>493.29</ele>
      </trkpt>
      <trkpt lat="37.63305000029504" lon="14.320400012657046">
        <ele>493.18</ele>
      </trkpt>
      <trkpt lat="37.63306986540556" lon="14.320439910516143">
        <ele>493.06</ele>
      </trkpt>
      <trkpt lat="37.63310004025698" lon="14.320519957691431">
        <ele>492.92</ele>
      </trkpt>
      <trkpt lat="37.63311001472175" lon="14.320569997653365">
        <ele>492.77</ele>
      </trkpt>
      <trkpt lat="37.6331299636513" lon="14.320660019293427">
        <ele>492.59</ele>
      </trkpt>
      <trkpt lat="37.63314999639988" lon="14.320739898830652">
        <ele>492.42</ele>
      </trkpt>
      <trkpt lat="37.6331799197942" lon="14.320809971541166">
        <ele>492.25</ele>
      </trkpt>
      <trkpt lat="37.63321001082659" lon="14.3208600115031">
        <ele>492.09</ele>
      </trkpt>
      <trkpt lat="37.63324001803994" lon="14.320920025929809">
        <ele>491.91</ele>
      </trkpt>
      <trkpt lat="37.63328989036381" lon="14.320999989286065">
        <ele>491.74</ele>
      </trkpt>
      <trkpt lat="37.63338997028768" lon="14.321170058101416">
        <ele>491.55</ele>
      </trkpt>
      <trkpt lat="37.63348996639252" lon="14.321339875459671">
        <ele>491.36</ele>
      </trkpt>
      <trkpt lat="37.63350002467632" lon="14.321359908208251">
        <ele>491.17</ele>
      </trkpt>
      <trkpt lat="37.63353003188968" lon="14.32141992263496">
        <ele>490.97</ele>
      </trkpt>
      <trkpt lat="37.63356003910303" lon="14.321499969810247">
        <ele>490.75</ele>
      </trkpt>
      <trkpt lat="37.63367000967264" lon="14.321729885414243">
        <ele>490.53</ele>
      </trkpt>
      <trkpt lat="37.633679984137416" lon="14.321759976446629">
        <ele>490.31</ele>
      </trkpt>
      <trkpt lat="37.63373991474509" lon="14.32184991426766">
        <ele>490.08</ele>
      </trkpt>
      <trkpt lat="37.63380001299083" lon="14.321929961442947">
        <ele>489.85</ele>
      </trkpt>
      <trkpt lat="37.63393001630902" lon="14.32208988815546">
        <ele>489.6</ele>
      </trkpt>
      <trkpt lat="37.63394996523857" lon="14.32210992090404">
        <ele>489.35</ele>
      </trkpt>
      <trkpt lat="37.63406999409199" lon="14.322230033576488">
        <ele>489.04</ele>
      </trkpt>
      <trkpt lat="37.63426998630166" lon="14.322440000250936">
        <ele>488.62</ele>
      </trkpt>
      <trkpt lat="37.63435003347695" lon="14.322509989142418">
        <ele>488.31</ele>
      </trkpt>
      <trkpt lat="37.63446997851133" lon="14.322649883106351">
        <ele>487.95</ele>
      </trkpt>
      <trkpt lat="37.63456989079714" lon="14.322769995778799">
        <ele>487.66</ele>
      </trkpt>
      <trkpt lat="37.63463996350765" lon="14.32287996634841">
        <ele>487.36</ele>
      </trkpt>
      <trkpt lat="37.63468002900481" lon="14.322960013523698">
        <ele>487.06</ele>
      </trkpt>
      <trkpt lat="37.63472001068294" lon="14.32303000241518">
        <ele>486.76</ele>
      </trkpt>
      <trkpt lat="37.63476996682584" lon="14.32309990748763">
        <ele>486.45</ele>
      </trkpt>
      <trkpt lat="37.634810032323" lon="14.32316000573337">
        <ele>486.13</ele>
      </trkpt>
      <trkpt lat="37.63491002842784" lon="14.32326989248395">
        <ele>485.81</ele>
      </trkpt>
      <trkpt lat="37.63506995514035" lon="14.323429986834526">
        <ele>485.46</ele>
      </trkpt>
      <trkpt lat="37.63518998399377" lon="14.323509950190783">
        <ele>485.13</ele>
      </trkpt>
      <trkpt lat="37.6352400239557" lon="14.32354993186891">
        <ele>484.76</ele>
      </trkpt>
      <trkpt lat="37.63524999842048" lon="14.32356996461749">
        <ele>484.37</ele>
      </trkpt>
      <trkpt lat="37.63528000563383" lon="14.32361003011465">
        <ele>483.97</ele>
      </trkpt>
      <trkpt lat="37.63532996177673" lon="14.323669960722327">
        <ele>483.55</ele>
      </trkpt>
      <trkpt lat="37.63537002727389" lon="14.323750007897615">
        <ele>483.1</ele>
      </trkpt>
      <trkpt lat="37.63545988127589" lon="14.323939941823483">
        <ele>482.68</ele>
      </trkpt>
      <trkpt lat="37.63553003780544" lon="14.324109926819801">
        <ele>482.22</ele>
      </trkpt>
      <trkpt lat="37.635549986734986" lon="14.324140017852187">
        <ele>481.66</ele>
      </trkpt>
      <trkpt lat="37.63564503751695" lon="14.324330119416118">
        <ele>481.15</ele>
      </trkpt>
      <trkpt lat="37.635740004479885" lon="14.324519885703921">
        <ele>480.52</ele>
      </trkpt>
      <trkpt lat="37.63583002611995" lon="14.324700012803078">
        <ele>479.84</ele>
      </trkpt>
      <trkpt lat="37.6358600333333" lon="14.324760027229786">
        <ele>479.08</ele>
      </trkpt>
      <trkpt lat="37.63594997115433" lon="14.324890030547976">
        <ele>478.24</ele>
      </trkpt>
      <trkpt lat="37.63599003665149" lon="14.324949877336621">
        <ele>477.37</ele>
      </trkpt>
      <trkpt lat="37.63606991618872" lon="14.325060015544295">
        <ele>476.42</ele>
      </trkpt>
      <trkpt lat="37.63620000332594" lon="14.32522002607584">
        <ele>475.39</ele>
      </trkpt>
      <trkpt lat="37.63623998500407" lon="14.325549937784672">
        <ele>474.27</ele>
      </trkpt>
      <trkpt lat="37.63630008324981" lon="14.325750265270472">
        <ele>473.07</ele>
      </trkpt>
      <trkpt lat="37.63635993003845" lon="14.32595000602305">
        <ele>471.75</ele>
      </trkpt>
      <trkpt lat="37.636409970000386" lon="14.326089899986982">
        <ele>470.46</ele>
      </trkpt>
      <trkpt lat="37.636450035497546" lon="14.326200038194656">
        <ele>469.19</ele>
      </trkpt>
      <trkpt lat="37.63647995889187" lon="14.326299950480461">
        <ele>467.9</ele>
      </trkpt>
      <trkpt lat="37.636539889499545" lon="14.32651000097394">
        <ele>466.57</ele>
      </trkpt>
      <trkpt lat="37.63656000606716" lon="14.32659993879497">
        <ele>465.29</ele>
      </trkpt>
      <trkpt lat="37.63656998053193" lon="14.32666003704071">
        <ele>464.0</ele>
      </trkpt>
      <trkpt lat="37.63658003881574" lon="14.326729942113161">
        <ele>462.69</ele>
      </trkpt>
      <trkpt lat="37.636599987745285" lon="14.326949883252382">
        <ele>461.32</ele>
      </trkpt>
      <trkpt lat="37.636620020493865" lon="14.327099919319153">
        <ele>459.97</ele>
      </trkpt>
      <trkpt lat="37.63662991113961" lon="14.32717988267541">
        <ele>458.65</ele>
      </trkpt>
      <trkpt lat="37.63663996942341" lon="14.327269904315472">
        <ele>457.34</ele>
      </trkpt>
      <trkpt lat="37.63666000217199" lon="14.327399907633662">
        <ele>456.03</ele>
      </trkpt>
      <trkpt lat="37.63668003492057" lon="14.32752002030611">
        <ele>454.74</ele>
      </trkpt>
      <trkpt lat="37.63669998385012" lon="14.327620016410947">
        <ele>453.46</ele>
      </trkpt>
      <trkpt lat="37.636709958314896" lon="14.327849932014942">
        <ele>452.18</ele>
      </trkpt>
      <trkpt lat="37.63671993277967" lon="14.32795001193881">
        <ele>450.95</ele>
      </trkpt>
      <trkpt lat="37.63673996552825" lon="14.328019917011261">
        <ele>449.75</ele>
      </trkpt>
      <trkpt lat="37.63675999827683" lon="14.328070040792227">
        <ele>448.58</ele>
      </trkpt>
      <trkpt lat="37.63675999827683" lon="14.32807993143797">
        <ele>447.46</ele>
      </trkpt>
      <trkpt lat="37.63685001991689" lon="14.328259890899062">
        <ele>446.3</ele>
      </trkpt>
      <trkpt lat="37.63685001991689" lon="14.328279923647642">
        <ele>445.25</ele>
      </trkpt>
      <trkpt lat="37.636880027130246" lon="14.328349996358156">
        <ele>444.19</ele>
      </trkpt>
      <trkpt lat="37.63689989224076" lon="14.328419985249639">
        <ele>443.18</ele>
      </trkpt>
      <trkpt lat="37.63691992498934" lon="14.328469941392541">
        <ele>442.22</ele>
      </trkpt>
      <trkpt lat="37.6369599904865" lon="14.32854998856783">
        <ele>441.27</ele>
      </trkpt>
      <trkpt lat="37.637029979377985" lon="14.32865995913744">
        <ele>440.38</ele>
      </trkpt>
      <trkpt lat="37.63714003376663" lon="14.32883002795279">
        <ele>439.54</ele>
      </trkpt>
      <trkpt lat="37.63721991330385" lon="14.328969921916723">
        <ele>438.75</ele>
      </trkpt>
      <trkpt lat="37.63723994605243" lon="14.329019961878657">
        <ele>438.02</ele>
      </trkpt>
      <trkpt lat="37.63725000433624" lon="14.329039994627237">
        <ele>437.32</ele>
      </trkpt>
      <trkpt lat="37.63725997880101" lon="14.329079976305366">
        <ele>436.67</ele>
      </trkpt>
      <trkpt lat="37.63727003708482" lon="14.32910998351872">
        <ele>436.06</ele>
      </trkpt>
      <trkpt lat="37.63727003708482" lon="14.329139906913042">
        <ele>435.49</ele>
      </trkpt>
      <trkpt lat="37.63727003708482" lon="14.329169997945428">
        <ele>434.96</ele>
      </trkpt>
      <trkpt lat="37.63725997880101" lon="14.329209979623556">
        <ele>434.45</ele>
      </trkpt>
      <trkpt lat="37.63725000433624" lon="14.329230012372136">
        <ele>434.0</ele>
      </trkpt>
      <trkpt lat="37.63723994605243" lon="14.32923998683691">
        <ele>433.58</ele>
      </trkpt>
      <trkpt lat="37.63719988055527" lon="14.32930989190936">
        <ele>433.18</ele>
      </trkpt>
      <trkpt lat="37.637180015444756" lon="14.32934995740652">
        <ele>432.82</ele>
      </trkpt>
      <trkpt lat="37.63717004097998" lon="14.329379880800843">
        <ele>432.51</ele>
      </trkpt>
      <trkpt lat="37.63717004097998" lon="14.329419946298003">
        <ele>432.22</ele>
      </trkpt>
      <trkpt lat="37.63717004097998" lon="14.329430004581809">
        <ele>431.96</ele>
      </trkpt>
      <trkpt lat="37.63717004097998" lon="14.329509967938066">
        <ele>431.72</ele>
      </trkpt>
      <trkpt lat="37.637180015444756" lon="14.329660004004836">
        <ele>431.49</ele>
      </trkpt>
      <trkpt lat="37.637180015444756" lon="14.329729992896318">
        <ele>431.3</ele>
      </trkpt>
      <trkpt lat="37.6371899060905" lon="14.329880028963089">
        <ele>431.13</ele>
      </trkpt>
      <trkpt lat="37.63721002265811" lon="14.330110028386116">
        <ele>430.94</ele>
      </trkpt>
      <trkpt lat="37.63721002265811" lon="14.33012000285089">
        <ele>430.83</ele>
      </trkpt>
      <trkpt lat="37.63721002265811" lon="14.330339943990111">
        <ele>430.71</ele>
      </trkpt>
      <trkpt lat="37.63721002265811" lon="14.330370035022497">
        <ele>430.64</ele>
      </trkpt>
      <trkpt lat="37.63721991330385" lon="14.330559885129333">
        <ele>430.56</ele>
      </trkpt>
      <trkpt lat="37.63723994605243" lon="14.33078988455236">
        <ele>430.54</ele>
      </trkpt>
      <trkpt lat="37.63723994605243" lon="14.3308499827981">
        <ele>430.53</ele>
      </trkpt>
      <trkpt lat="37.63723994605243" lon="14.33091988787055">
        <ele>430.54</ele>
      </trkpt>
      <trkpt lat="37.63722997158766" lon="14.33097998611629">
        <ele>430.55</ele>
      </trkpt>
      <trkpt lat="37.63721991330385" lon="14.331009909510612">
        <ele>430.57</ele>
      </trkpt>
      <trkpt lat="37.637180015444756" lon="14.331230018287897">
        <ele>430.58</ele>
      </trkpt>
      <trkpt lat="37.63717004097998" lon="14.331290032714605">
        <ele>430.61</ele>
      </trkpt>
      <trkpt lat="37.63712997548282" lon="14.331449959427118">
        <ele>430.64</ele>
      </trkpt>
      <trkpt lat="37.63711002655327" lon="14.331509973853827">
        <ele>430.69</ele>
      </trkpt>
      <trkpt lat="37.637099884450436" lon="14.331569904461503">
        <ele>430.74</ele>
      </trkpt>
      <trkpt lat="37.63706996105611" lon="14.33166990056634">
        <ele>430.79</ele>
      </trkpt>
      <trkpt lat="37.63704003766179" lon="14.331759922206402">
        <ele>430.84</ele>
      </trkpt>
      <trkpt lat="37.63702000491321" lon="14.33186000213027">
        <ele>430.91</ele>
      </trkpt>
      <trkpt lat="37.63698999769986" lon="14.332110034301877">
        <ele>431.01</ele>
      </trkpt>
      <trkpt lat="37.63698002323508" lon="14.332150015980005">
        <ele>431.06</ele>
      </trkpt>
      <trkpt lat="37.63698002323508" lon="14.33222989551723">
        <ele>431.11</ele>
      </trkpt>
      <trkpt lat="37.63696996495128" lon="14.332280019298196">
        <ele>431.14</ele>
      </trkpt>
      <trkpt lat="37.63695001602173" lon="14.332329975441098">
        <ele>431.16</ele>
      </trkpt>
      <trkpt lat="37.63691992498934" lon="14.33244002982974">
        <ele>431.17</ele>
      </trkpt>
      <trkpt lat="37.6369100343436" lon="14.332489902153611">
        <ele>431.17</ele>
      </trkpt>
      <trkpt lat="37.63689989224076" lon="14.33254991658032">
        <ele>431.15</ele>
      </trkpt>
      <trkpt lat="37.636880027130246" lon="14.33267991989851">
        <ele>431.11</ele>
      </trkpt>
      <trkpt lat="37.636880027130246" lon="14.332729876041412">
        <ele>431.06</ele>
      </trkpt>
      <trkpt lat="37.636880027130246" lon="14.332769941538572">
        <ele>431.0</ele>
      </trkpt>
      <trkpt lat="37.63686996884644" lon="14.332919893786311">
        <ele>430.89</ele>
      </trkpt>
      <trkpt lat="37.636859994381666" lon="14.3329999409616">
        <ele>430.81</ele>
      </trkpt>
      <trkpt lat="37.636839961633086" lon="14.33321988210082">
        <ele>430.7</ele>
      </trkpt>
      <trkpt lat="37.63682998716831" lon="14.333369918167591">
        <ele>430.61</ele>
      </trkpt>
      <trkpt lat="37.63679997995496" lon="14.3336699064821">
        <ele>430.55</ele>
      </trkpt>
      <trkpt lat="37.63678003102541" lon="14.333939971402287">
        <ele>430.41</ele>
      </trkpt>
      <trkpt lat="37.63675999827683" lon="14.334150021895766">
        <ele>430.26</ele>
      </trkpt>
      <trkpt lat="37.636750023812056" lon="14.3342899158597">
        <ele>430.07</ele>
      </trkpt>
      <trkpt lat="37.63675999827683" lon="14.334499966353178">
        <ele>429.88</ele>
      </trkpt>
      <trkpt lat="37.63675999827683" lon="14.334580013528466">
        <ele>429.66</ele>
      </trkpt>
      <trkpt lat="37.63675999827683" lon="14.334689984098077">
        <ele>429.43</ele>
      </trkpt>
      <trkpt lat="37.63676988892257" lon="14.33480003848672">
        <ele>429.16</ele>
      </trkpt>
      <trkpt lat="37.63676988892257" lon="14.334819987416267">
        <ele>428.92</ele>
      </trkpt>
      <trkpt lat="37.63678003102541" lon="14.33488997630775">
        <ele>428.65</ele>
      </trkpt>
      <trkpt lat="37.63678992167115" lon="14.334939932450652">
        <ele>428.38</ele>
      </trkpt>
      <trkpt lat="37.63679997995496" lon="14.33497991412878">
        <ele>428.1</ele>
      </trkpt>
      <trkpt lat="37.63682001270354" lon="14.33501997962594">
        <ele>427.8</ele>
      </trkpt>
      <trkpt lat="37.63682998716831" lon="14.33504001237452">
        <ele>427.51</ele>
      </trkpt>
      <trkpt lat="37.63685001991689" lon="14.335079994052649">
        <ele>427.21</ele>
      </trkpt>
      <trkpt lat="37.6369100343436" lon="14.335219888016582">
        <ele>426.89</ele>
      </trkpt>
      <trkpt lat="37.6369599904865" lon="14.335330026224256">
        <ele>426.58</ele>
      </trkpt>
      <trkpt lat="37.63708999380469" lon="14.335609897971153">
        <ele>426.24</ele>
      </trkpt>
      <trkpt lat="37.63712000101805" lon="14.335679970681667">
        <ele>425.95</ele>
      </trkpt>
      <trkpt lat="37.637180015444756" lon="14.335809973999858">
        <ele>425.66</ele>
      </trkpt>
      <trkpt lat="37.63721991330385" lon="14.33587996289134">
        <ele>425.4</ele>
      </trkpt>
      <trkpt lat="37.63725997880101" lon="14.335949951782823">
        <ele>425.14</ele>
      </trkpt>
      <trkpt lat="37.637310018762946" lon="14.336020024493337">
        <ele>424.89</ele>
      </trkpt>
      <trkpt lat="37.63747002929449" lon="14.3359200283885">
        <ele>424.74</ele>
      </trkpt>
      <trkpt lat="37.63749995268881" lon="14.33589999563992">
        <ele>424.56</ele>
      </trkpt>
      <trkpt lat="37.63754999265075" lon="14.33587996289134">
        <ele>424.4</ele>
      </trkpt>
      <trkpt lat="37.63760003261268" lon="14.33585993014276">
        <ele>424.25</ele>
      </trkpt>
      <trkpt lat="37.63764001429081" lon="14.335850039497018">
        <ele>424.11</ele>
      </trkpt>
      <trkpt lat="37.63766993768513" lon="14.33583989739418">
        <ele>423.99</ele>
      </trkpt>
      <trkpt lat="37.6378199737519" lon="14.335819948464632">
        <ele>423.9</ele>
      </trkpt>
      <trkpt lat="37.6380099914968" lon="14.335779882967472">
        <ele>423.83</ele>
      </trkpt>
      <trkpt lat="37.638060031458735" lon="14.335809973999858">
        <ele>423.75</ele>
      </trkpt>
      <trkpt lat="37.63821987435222" lon="14.33589999563992">
        <ele>423.69</ele>
      </trkpt>
      <trkpt lat="37.63832003809512" lon="14.33596990071237">
        <ele>423.65</ele>
      </trkpt>
      <trkpt lat="37.63842003419995" lon="14.336039889603853">
        <ele>423.63</ele>
      </trkpt>
      <trkpt lat="37.6384399831295" lon="14.336069980636239">
        <ele>423.64</ele>
      </trkpt>
      <trkpt lat="37.63847996480763" lon="14.336090013384819">
        <ele>423.68</ele>
      </trkpt>
      <trkpt lat="37.63856001198292" lon="14.336169976741076">
        <ele>423.72</ele>
      </trkpt>
      <trkpt lat="37.63859001919627" lon="14.336239965632558">
        <ele>423.8</ele>
      </trkpt>
      <trkpt lat="37.6386300008744" lon="14.336339877918363">
        <ele>423.9</ele>
      </trkpt>
      <trkpt lat="37.63863989152014" lon="14.336369968950748">
        <ele>424.06</ele>
      </trkpt>
      <trkpt lat="37.6386799570173" lon="14.336489913985133">
        <ele>424.23</ele>
      </trkpt>
      <trkpt lat="37.63870996423066" lon="14.33656987734139">
        <ele>424.44</ele>
      </trkpt>
      <trkpt lat="37.63876000419259" lon="14.33675997890532">
        <ele>424.7</ele>
      </trkpt>
      <trkpt lat="37.63880996033549" lon="14.336959887295961">
        <ele>425.02</ele>
      </trkpt>
      <trkpt lat="37.638920014724135" lon="14.337200028821826">
        <ele>425.4</ele>
      </trkpt>
      <trkpt lat="37.639050018042326" lon="14.33750999160111">
        <ele>425.84</ele>
      </trkpt>
      <trkpt lat="37.63910994865" lon="14.337630020454526">
        <ele>426.27</ele>
      </trkpt>
      <trkpt lat="37.63912000693381" lon="14.337669918313622">
        <ele>426.69</ele>
      </trkpt>
      <trkpt lat="37.63912998139858" lon="14.337689951062202">
        <ele>427.12</ele>
      </trkpt>
      <trkpt lat="37.63915001414716" lon="14.33770989999175">
        <ele>427.57</ele>
      </trkpt>
      <trkpt lat="37.63918002136052" lon="14.33774996548891">
        <ele>428.05</ele>
      </trkpt>
      <trkpt lat="37.63925998471677" lon="14.337849961593747">
        <ele>428.58</ele>
      </trkpt>
      <trkpt lat="37.639370039105415" lon="14.337969906628132">
        <ele>429.14</ele>
      </trkpt>
      <trkpt lat="37.63949987478554" lon="14.338109968230128">
        <ele>429.69</ele>
      </trkpt>
      <trkpt lat="37.63964991085231" lon="14.338264865800738">
        <ele>430.25</ele>
      </trkpt>
      <trkpt lat="37.639800030738115" lon="14.338419931009412">
        <ele>430.83</ele>
      </trkpt>
      <trkpt lat="37.63983003795147" lon="14.338450022041798">
        <ele>431.38</ele>
      </trkpt>
      <trkpt lat="37.639910001307726" lon="14.338539959862828">
        <ele>431.94</ele>
      </trkpt>
      <trkpt lat="37.64004997909069" lon="14.338689995929599">
        <ele>432.52</ele>
      </trkpt>
      <trkpt lat="37.64007990248501" lon="14.338719919323921">
        <ele>433.05</ele>
      </trkpt>
      <trkpt lat="37.64017998240888" lon="14.338849922642112">
        <ele>433.58</ele>
      </trkpt>
      <trkpt lat="37.64026002958417" lon="14.338940028101206">
        <ele>434.12</ele>
      </trkpt>
      <trkpt lat="37.64030998572707" lon="14.339010016992688">
        <ele>434.66</ele>
      </trkpt>
      <trkpt lat="37.64043998904526" lon="14.339169943705201">
        <ele>435.19</ele>
      </trkpt>
      <trkpt lat="37.64046002179384" lon="14.33918989263475">
        <ele>435.7</ele>
      </trkpt>
      <trkpt lat="37.64056001789868" lon="14.33933992870152">
        <ele>436.23</ele>
      </trkpt>
      <trkpt lat="37.64067996293306" lon="14.33950999751687">
        <ele>436.73</ele>
      </trkpt>
      <trkpt lat="37.64073997735977" lon="14.339609993621707">
        <ele>437.21</ele>
      </trkpt>
      <trkpt lat="37.640790017321706" lon="14.33967998251319">
        <ele>437.68</ele>
      </trkpt>
      <trkpt lat="37.64095991849899" lon="14.339949879795313">
        <ele>438.21</ele>
      </trkpt>
      <trkpt lat="37.641090005636215" lon="14.34017987921834">
        <ele>438.71</ele>
      </trkpt>
      <trkpt lat="37.64113996177912" lon="14.34026001021266">
        <ele>439.16</ele>
      </trkpt>
      <trkpt lat="37.64119000174105" lon="14.34030988253653">
        <ele>439.56</ele>
      </trkpt>
      <trkpt lat="37.64125001616776" lon="14.340360006317496">
        <ele>439.93</ele>
      </trkpt>
      <trkpt lat="37.64131003059447" lon="14.340409962460399">
        <ele>440.28</ele>
      </trkpt>
      <trkpt lat="37.64144003391266" lon="14.34051993303001">
        <ele>440.61</ele>
      </trkpt>
      <trkpt lat="37.64155997894704" lon="14.340620012953877">
        <ele>440.98</ele>
      </trkpt>
      <trkpt lat="37.641629967838526" lon="14.340680027380586">
        <ele>441.33</ele>
      </trkpt>
      <trkpt lat="37.641670033335686" lon="14.34071003459394">
        <ele>441.68</ele>
      </trkpt>
      <trkpt lat="37.6416898984462" lon="14.340750016272068">
        <ele>442.02</ele>
      </trkpt>
      <trkpt lat="37.64170004054904" lon="14.34075990691781">
        <ele>442.34</ele>
      </trkpt>
      <trkpt lat="37.64170004054904" lon="14.340769965201616">
        <ele>442.66</ele>
      </trkpt>
      <trkpt lat="37.64170993119478" lon="14.340789997950196">
        <ele>442.98</ele>
      </trkpt>
      <trkpt lat="37.64170993119478" lon="14.340810030698776">
        <ele>443.28</ele>
      </trkpt>
      <trkpt lat="37.64170993119478" lon="14.340829895809293">
        <ele>443.58</ele>
      </trkpt>
      <trkpt lat="37.64170993119478" lon="14.340849928557873">
        <ele>443.88</ele>
      </trkpt>
      <trkpt lat="37.64170993119478" lon="14.340869877487421">
        <ele>444.16</ele>
      </trkpt>
      <trkpt lat="37.64170993119478" lon="14.340889910236001">
        <ele>444.45</ele>
      </trkpt>
      <trkpt lat="37.64170004054904" lon="14.340899968519807">
        <ele>444.73</ele>
      </trkpt>
      <trkpt lat="37.6416898984462" lon="14.340920001268387">
        <ele>445.01</ele>
      </trkpt>
      <trkpt lat="37.64168000780046" lon="14.340940034016967">
        <ele>445.29</ele>
      </trkpt>
      <trkpt lat="37.641670033335686" lon="14.340959982946515">
        <ele>445.56</ele>
      </trkpt>
      <trkpt lat="37.641650000587106" lon="14.340980015695095">
        <ele>445.84</ele>
      </trkpt>
      <trkpt lat="37.64164002612233" lon="14.34098999015987">
        <ele>446.1</ele>
      </trkpt>
      <trkpt lat="37.641629967838526" lon="14.340999880805612">
        <ele>446.36</ele>
      </trkpt>
      <trkpt lat="37.64161001890898" lon="14.34101002290845">
        <ele>446.63</ele>
      </trkpt>
      <trkpt lat="37.64158001169562" lon="14.341019913554192">
        <ele>446.9</ele>
      </trkpt>
      <trkpt lat="37.64155000448227" lon="14.341019913554192">
        <ele>447.16</ele>
      </trkpt>
      <trkpt lat="37.64152997173369" lon="14.341019913554192">
        <ele>447.4</ele>
      </trkpt>
      <trkpt lat="37.64150993898511" lon="14.34101002290845">
        <ele>447.64</ele>
      </trkpt>
      <trkpt lat="37.64148001559079" lon="14.340999880805612">
        <ele>447.89</ele>
      </trkpt>
      <trkpt lat="37.64142997562885" lon="14.34096995741129">
        <ele>448.13</ele>
      </trkpt>
      <trkpt lat="37.64134003780782" lon="14.340899968519807">
        <ele>448.39</ele>
      </trkpt>
      <trkpt lat="37.64129997231066" lon="14.340869877487421">
        <ele>448.61</ele>
      </trkpt>
      <trkpt lat="37.64119000174105" lon="14.34077993966639">
        <ele>448.86</ele>
      </trkpt>
      <trkpt lat="37.64118002727628" lon="14.340769965201616">
        <ele>449.06</ele>
      </trkpt>
      <trkpt lat="37.641110038384795" lon="14.34071003459394">
        <ele>449.26</ele>
      </trkpt>
      <trkpt lat="37.641069972887635" lon="14.34066996909678">
        <ele>449.44</ele>
      </trkpt>
      <trkpt lat="37.64102001674473" lon="14.340609954670072">
        <ele>449.61</ele>
      </trkpt>
      <trkpt lat="37.64097995124757" lon="14.340550024062395">
        <ele>449.77</ele>
      </trkpt>
      <trkpt lat="37.64090996235609" lon="14.340459918603301">
        <ele>449.92</ele>
      </trkpt>
      <trkpt lat="37.64079999178648" lon="14.34030988253653">
        <ele>450.06</ele>
      </trkpt>
      <trkpt lat="37.640730002895" lon="14.340230002999306">
        <ele>450.2</ele>
      </trkpt>
      <trkpt lat="37.64065993018448" lon="14.340169988572598">
        <ele>450.33</ele>
      </trkpt>
      <trkpt lat="37.64065003953874" lon="14.340159930288792">
        <ele>450.46</ele>
      </trkpt>
      <trkpt lat="37.64044996351004" lon="14.340000003576279">
        <ele>450.56</ele>
      </trkpt>
      <trkpt lat="37.64030998572707" lon="14.33987989090383">
        <ele>450.63</ele>
      </trkpt>
      <trkpt lat="37.64027997851372" lon="14.339870000258088">
        <ele>450.73</ele>
      </trkpt>
      <trkpt lat="37.64026002958417" lon="14.339849967509508">
        <ele>450.81</ele>
      </trkpt>
      <trkpt lat="37.64023999683559" lon="14.339839909225702">
        <ele>450.9</ele>
      </trkpt>
      <trkpt lat="37.640209989622235" lon="14.339839909225702">
        <ele>450.99</ele>
      </trkpt>
      <trkpt lat="37.64017000794411" lon="14.33983001857996">
        <ele>451.07</ele>
      </trkpt>
      <trkpt lat="37.64014997519553" lon="14.33983001857996">
        <ele>451.15</ele>
      </trkpt>
      <trkpt lat="37.64013002626598" lon="14.339839909225702">
        <ele>451.24</ele>
      </trkpt>
      <trkpt lat="37.6401099935174" lon="14.339839909225702">
        <ele>451.31</ele>
      </trkpt>
      <trkpt lat="37.64007990248501" lon="14.339849967509508">
        <ele>451.4</ele>
      </trkpt>
      <trkpt lat="37.64001997187734" lon="14.33987989090383">
        <ele>451.49</ele>
      </trkpt>
      <trkpt lat="37.63996004126966" lon="14.339930014684796">
        <ele>451.6</ele>
      </trkpt>
      <trkpt lat="37.639889968559146" lon="14.339969912543893">
        <ele>451.7</ele>
      </trkpt>
      <trkpt lat="37.6398700196296" lon="14.339979970827699">
        <ele>451.77</ele>
      </trkpt>
      <trkpt lat="37.63985996134579" lon="14.339989945292473">
        <ele>451.83</ele>
      </trkpt>
      <trkpt lat="37.63984998688102" lon="14.339989945292473">
        <ele>451.87</ele>
      </trkpt>
      <trkpt lat="37.63983992859721" lon="14.340000003576279">
        <ele>451.93</ele>
      </trkpt>
      <trkpt lat="37.63983003795147" lon="14.340000003576279">
        <ele>451.96</ele>
      </trkpt>
      <trkpt lat="37.63981000520289" lon="14.340000003576279">
        <ele>451.99</ele>
      </trkpt>
      <trkpt lat="37.63978997245431" lon="14.340000003576279">
        <ele>452.02</ele>
      </trkpt>
      <trkpt lat="37.63977002352476" lon="14.340000003576279">
        <ele>452.05</ele>
      </trkpt>
      <trkpt lat="37.639759965240955" lon="14.340000003576279">
        <ele>452.07</ele>
      </trkpt>
      <trkpt lat="37.63974999077618" lon="14.339989945292473">
        <ele>452.07</ele>
      </trkpt>
      <trkpt lat="37.63973004184663" lon="14.339979970827699">
        <ele>452.08</ele>
      </trkpt>
      <trkpt lat="37.63964002020657" lon="14.339930014684796">
        <ele>452.07</ele>
      </trkpt>
      <trkpt lat="37.63952996581793" lon="14.339849967509508">
        <ele>452.04</ele>
      </trkpt>
      <trkpt lat="37.63931002467871" lon="14.339690040796995">
        <ele>452.04</ele>
      </trkpt>
      <trkpt lat="37.63925998471677" lon="14.33965994976461">
        <ele>452.07</ele>
      </trkpt>
      <trkpt lat="37.63921991921961" lon="14.339649975299835">
        <ele>452.11</ele>
      </trkpt>
      <trkpt lat="37.63914003968239" lon="14.33963991701603">
        <ele>452.13</ele>
      </trkpt>
      <trkpt lat="37.63902001082897" lon="14.339649975299835">
        <ele>452.16</ele>
      </trkpt>
      <trkpt lat="37.6390100363642" lon="14.339649975299835">
        <ele>452.18</ele>
      </trkpt>
      <trkpt lat="37.63899000361562" lon="14.33965994976461">
        <ele>452.22</ele>
      </trkpt>
      <trkpt lat="37.63897986151278" lon="14.33965994976461">
        <ele>452.25</ele>
      </trkpt>
      <trkpt lat="37.63895991258323" lon="14.339670008048415">
        <ele>452.29</ele>
      </trkpt>
      <trkpt lat="37.63895002193749" lon="14.33967998251319">
        <ele>452.34</ele>
      </trkpt>
      <trkpt lat="37.63893987983465" lon="14.33967998251319">
        <ele>452.39</ele>
      </trkpt>
      <trkpt lat="37.63892998918891" lon="14.339690040796995">
        <ele>452.45</ele>
      </trkpt>
      <trkpt lat="37.63869998976588" lon="14.33989992365241">
        <ele>452.51</ele>
      </trkpt>
      <trkpt lat="37.63865992426872" lon="14.33993998914957">
        <ele>452.57</ele>
      </trkpt>
      <trkpt lat="37.6386300008744" lon="14.339969912543893">
        <ele>452.65</ele>
      </trkpt>
      <trkpt lat="37.63860996812582" lon="14.339989945292473">
        <ele>452.74</ele>
      </trkpt>
      <trkpt lat="37.63859982602298" lon="14.340009894222021">
        <ele>452.84</ele>
      </trkpt>
      <trkpt lat="37.63859001919627" lon="14.340029926970601">
        <ele>452.95</ele>
      </trkpt>
      <trkpt lat="37.63859001919627" lon="14.34004987590015">
        <ele>453.08</ele>
      </trkpt>
      <trkpt lat="37.638579960912466" lon="14.340060018002987">
        <ele>453.21</ele>
      </trkpt>
      <trkpt lat="37.638579960912466" lon="14.34006990864873">
        <ele>453.35</ele>
      </trkpt>
      <trkpt lat="37.638579960912466" lon="14.340079966932535">
        <ele>453.51</ele>
      </trkpt>
      <trkpt lat="37.638579960912466" lon="14.340099999681115">
        <ele>453.68</ele>
      </trkpt>
      <trkpt lat="37.638579960912466" lon="14.34010997414589">
        <ele>453.85</ele>
      </trkpt>
      <trkpt lat="37.638579960912466" lon="14.34013000689447">
        <ele>454.05</ele>
      </trkpt>
      <trkpt lat="37.638579960912466" lon="14.34019991196692">
        <ele>454.27</ele>
      </trkpt>
      <trkpt lat="37.638579960912466" lon="14.340250035747886">
        <ele>454.49</ele>
      </trkpt>
      <trkpt lat="37.63859001919627" lon="14.340429995208979">
        <ele>454.74</ele>
      </trkpt>
      <trkpt lat="37.63859001919627" lon="14.340459918603301">
        <ele>454.97</ele>
      </trkpt>
      <trkpt lat="37.638579960912466" lon="14.340479951351881">
        <ele>455.21</ele>
      </trkpt>
      <trkpt lat="37.638579960912466" lon="14.340490009635687">
        <ele>455.46</ele>
      </trkpt>
      <trkpt lat="37.638579960912466" lon="14.34051993303001">
        <ele>455.73</ele>
      </trkpt>
      <trkpt lat="37.63856998644769" lon="14.34053996577859">
        <ele>456.0</ele>
      </trkpt>
      <trkpt lat="37.63856001198292" lon="14.340569889172912">
        <ele>456.28</ele>
      </trkpt>
      <trkpt lat="37.63852003030479" lon="14.340620012953877">
        <ele>456.57</ele>
      </trkpt>
      <trkpt lat="37.638490023091435" lon="14.34066996909678">
        <ele>456.87</ele>
      </trkpt>
      <trkpt lat="37.63842003419995" lon="14.340769965201616">
        <ele>457.2</ele>
      </trkpt>
      <trkpt lat="37.63836999423802" lon="14.34084003791213">
        <ele>457.55</ele>
      </trkpt>
      <trkpt lat="37.63833990320563" lon="14.340869877487421">
        <ele>457.91</ele>
      </trkpt>
      <trkpt lat="37.63832003809512" lon="14.340889910236001">
        <ele>458.27</ele>
      </trkpt>
      <trkpt lat="37.63830997981131" lon="14.340889910236001">
        <ele>458.63</ele>
      </trkpt>
      <trkpt lat="37.63830997981131" lon="14.340899968519807">
        <ele>458.99</ele>
      </trkpt>
      <trkpt lat="37.63830000534654" lon="14.340899968519807">
        <ele>459.37</ele>
      </trkpt>
      <trkpt lat="37.63829003088176" lon="14.340899968519807">
        <ele>459.75</ele>
      </trkpt>
      <trkpt lat="37.63827997259796" lon="14.340899968519807">
        <ele>460.14</ele>
      </trkpt>
      <trkpt lat="37.63822993263602" lon="14.340889910236001">
        <ele>460.54</ele>
      </trkpt>
      <trkpt lat="37.63821987435222" lon="14.340889910236001">
        <ele>460.94</ele>
      </trkpt>
      <trkpt lat="37.6382000092417" lon="14.340880019590259">
        <ele>461.35</ele>
      </trkpt>
      <trkpt lat="37.63813999481499" lon="14.340849928557873">
        <ele>461.76</ele>
      </trkpt>
      <trkpt lat="37.63809003867209" lon="14.34082000516355">
        <ele>462.17</ele>
      </trkpt>
      <trkpt lat="37.638060031458735" lon="14.340889910236001">
        <ele>462.64</ele>
      </trkpt>
      <trkpt lat="37.638060031458735" lon="14.340909942984581">
        <ele>463.08</ele>
      </trkpt>
      <trkpt lat="37.63804997317493" lon="14.34092989191413">
        <ele>463.52</ele>
      </trkpt>
      <trkpt lat="37.63804997317493" lon="14.340959982946515">
        <ele>463.97</ele>
      </trkpt>
      <trkpt lat="37.63804997317493" lon="14.340980015695095">
        <ele>464.41</ele>
      </trkpt>
      <trkpt lat="37.63804997317493" lon="14.34101002290845">
        <ele>464.86</ele>
      </trkpt>
      <trkpt lat="37.63804997317493" lon="14.341029971837997">
        <ele>465.3</ele>
      </trkpt>
      <trkpt lat="37.63804997317493" lon="14.341070037335157">
        <ele>465.75</ele>
      </trkpt>
      <trkpt lat="37.638060031458735" lon="14.34109996072948">
        <ele>466.19</ele>
      </trkpt>
      <trkpt lat="37.63807000592351" lon="14.341169949620962">
        <ele>466.66</ele>
      </trkpt>
      <trkpt lat="37.63809003867209" lon="14.341219989582896">
        <ele>467.11</ele>
      </trkpt>
      <trkpt lat="37.63811996206641" lon="14.341289978474379">
        <ele>467.56</ele>
      </trkpt>
      <trkpt lat="37.638129936531186" lon="14.341339934617281">
        <ele>467.98</ele>
      </trkpt>
      <trkpt lat="37.638149969279766" lon="14.341370025649667">
        <ele>468.37</ele>
      </trkpt>
      <trkpt lat="37.63816002756357" lon="14.34137991629541">
        <ele>468.72</ele>
      </trkpt>
      <trkpt lat="37.638170002028346" lon="14.341389974579215">
        <ele>469.07</ele>
      </trkpt>
      <trkpt lat="37.63817997649312" lon="14.34139994904399">
        <ele>469.4</ele>
      </trkpt>
      <trkpt lat="37.638190034776926" lon="14.34139994904399">
        <ele>469.7</ele>
      </trkpt>
      <trkpt lat="37.638190034776926" lon="14.341410007327795">
        <ele>470.0</ele>
      </trkpt>
      <trkpt lat="37.6382000092417" lon="14.341410007327795">
        <ele>470.27</ele>
      </trkpt>
      <trkpt lat="37.63821987435222" lon="14.34141998179257">
        <ele>470.53</ele>
      </trkpt>
      <trkpt lat="37.63823999091983" lon="14.341430040076375">
        <ele>470.77</ele>
      </trkpt>
      <trkpt lat="37.63826999813318" lon="14.34144001454115">
        <ele>471.0</ele>
      </trkpt>
      <trkpt lat="37.63835993595421" lon="14.341459963470697">
        <ele>471.21</ele>
      </trkpt>
      <trkpt lat="37.63837996870279" lon="14.341469937935472">
        <ele>471.41</ele>
      </trkpt>
      <trkpt lat="37.63843000866473" lon="14.341479996219277">
        <ele>471.57</ele>
      </trkpt>
      <trkpt lat="37.63847996480763" lon="14.34148988686502">
        <ele>471.72</ele>
      </trkpt>
      <trkpt lat="37.63853997923434" lon="14.34148988686502">
        <ele>471.85</ele>
      </trkpt>
      <trkpt lat="37.63856001198292" lon="14.34148988686502">
        <ele>471.97</ele>
      </trkpt>
      <trkpt lat="37.63865003362298" lon="14.34148988686502">
        <ele>472.06</ele>
      </trkpt>
      <trkpt lat="37.63870996423066" lon="14.341479996219277">
        <ele>472.17</ele>
      </trkpt>
      <trkpt lat="37.63876000419259" lon="14.341469937935472">
        <ele>472.28</ele>
      </trkpt>
      <trkpt lat="37.63879998587072" lon="14.341449905186892">
        <ele>472.39</ele>
      </trkpt>
      <trkpt lat="37.63882999308407" lon="14.341430040076375">
        <ele>472.49</ele>
      </trkpt>
      <trkpt lat="37.63885002583265" lon="14.341410007327795">
        <ele>472.58</ele>
      </trkpt>
      <trkpt lat="37.63888003304601" lon="14.341389974579215">
        <ele>472.67</ele>
      </trkpt>
      <trkpt lat="37.63891004025936" lon="14.341370025649667">
        <ele>472.75</ele>
      </trkpt>
      <trkpt lat="37.63893987983465" lon="14.341329960152507">
        <ele>472.82</ele>
      </trkpt>
      <trkpt lat="37.63895991258323" lon="14.341289978474379">
        <ele>472.88</ele>
      </trkpt>
      <trkpt lat="37.6390599925071" lon="14.341070037335157">
        <ele>472.94</ele>
      </trkpt>
      <trkpt lat="37.63908002525568" lon="14.34101002290845">
        <ele>473.0</ele>
      </trkpt>
      <trkpt lat="37.63912998139858" lon="14.340889910236001">
        <ele>473.06</ele>
      </trkpt>
      <trkpt lat="37.63916996307671" lon="14.340810030698776">
        <ele>473.11</ele>
      </trkpt>
      <trkpt lat="37.63916996307671" lon="14.34079997241497">
        <ele>473.14</ele>
      </trkpt>
      <trkpt lat="37.63919988647103" lon="14.340750016272068">
        <ele>473.17</ele>
      </trkpt>
      <trkpt lat="37.63922997750342" lon="14.340719925239682">
        <ele>473.2</ele>
      </trkpt>
      <trkpt lat="37.63924992643297" lon="14.340699892491102">
        <ele>473.22</ele>
      </trkpt>
      <trkpt lat="37.63926995918155" lon="14.34069000184536">
        <ele>473.25</ele>
      </trkpt>
      <trkpt lat="37.63928001746535" lon="14.340680027380586">
        <ele>473.26</ele>
      </trkpt>
      <trkpt lat="37.6392999663949" lon="14.34066996909678">
        <ele>473.29</ele>
      </trkpt>
      <trkpt lat="37.63931002467871" lon="14.340659994632006">
        <ele>473.3</ele>
      </trkpt>
      <trkpt lat="37.639329973608255" lon="14.340659994632006">
        <ele>473.32</ele>
      </trkpt>
      <trkpt lat="37.63934003189206" lon="14.340659994632006">
        <ele>473.34</ele>
      </trkpt>
      <trkpt lat="37.639350006356835" lon="14.340659994632006">
        <ele>473.35</ele>
      </trkpt>
      <trkpt lat="37.639370039105415" lon="14.340659994632006">
        <ele>473.37</ele>
      </trkpt>
      <trkpt lat="37.63938001357019" lon="14.340659994632006">
        <ele>473.38</ele>
      </trkpt>
      <trkpt lat="37.63938990421593" lon="14.34066996909678">
        <ele>473.4</ele>
      </trkpt>
      <trkpt lat="37.63940993696451" lon="14.34066996909678">
        <ele>473.42</ele>
      </trkpt>
      <trkpt lat="37.63942996971309" lon="14.340680027380586">
        <ele>473.44</ele>
      </trkpt>
      <trkpt lat="37.6394400279969" lon="14.340680027380586">
        <ele>473.45</ele>
      </trkpt>
      <trkpt lat="37.63944991864264" lon="14.34069000184536">
        <ele>473.47</ele>
      </trkpt>
      <trkpt lat="37.63947003521025" lon="14.34071003459394">
        <ele>473.5</ele>
      </trkpt>
      <trkpt lat="37.63958998024464" lon="14.34079997241497">
        <ele>473.55</ele>
      </trkpt>
      <trkpt lat="37.63962987810373" lon="14.34082000516355">
        <ele>473.57</ele>
      </trkpt>
      <trkpt lat="37.63965996913612" lon="14.34084003791213">
        <ele>473.59</ele>
      </trkpt>
      <trkpt lat="37.63970003463328" lon="14.340859986841679">
        <ele>473.62</ele>
      </trkpt>
      <trkpt lat="37.639719899743795" lon="14.340880019590259">
        <ele>473.65</ele>
      </trkpt>
      <trkpt lat="37.63974001631141" lon="14.340880019590259">
        <ele>473.68</ele>
      </trkpt>
      <trkpt lat="37.639759965240955" lon="14.340889910236001">
        <ele>473.71</ele>
      </trkpt>
      <trkpt lat="37.639800030738115" lon="14.340899968519807">
        <ele>473.75</ele>
      </trkpt>
      <trkpt lat="37.63981000520289" lon="14.340899968519807">
        <ele>473.79</ele>
      </trkpt>
      <trkpt lat="37.6399699319154" lon="14.340940034016967">
        <ele>473.84</ele>
      </trkpt>
      <trkpt lat="37.64001997187734" lon="14.34094992466271">
        <ele>473.89</ele>
      </trkpt>
      <trkpt lat="37.64004000462592" lon="14.340959982946515">
        <ele>473.96</ele>
      </trkpt>
      <trkpt lat="37.64004997909069" lon="14.340959982946515">
        <ele>474.03</ele>
      </trkpt>
      <trkpt lat="37.6400600373745" lon="14.34096995741129">
        <ele>474.12</ele>
      </trkpt>
      <trkpt lat="37.64007001183927" lon="14.340980015695095">
        <ele>474.21</ele>
      </trkpt>
      <trkpt lat="37.64007990248501" lon="14.34098999015987">
        <ele>474.32</ele>
      </trkpt>
      <trkpt lat="37.64008996076882" lon="14.34098999015987">
        <ele>474.44</ele>
      </trkpt>
      <trkpt lat="37.64009993523359" lon="14.34101002290845">
        <ele>474.58</ele>
      </trkpt>
      <trkpt lat="37.6401099935174" lon="14.341029971837997">
        <ele>474.74</ele>
      </trkpt>
      <trkpt lat="37.64011996798217" lon="14.341039946302772">
        <ele>474.9</ele>
      </trkpt>
      <trkpt lat="37.64011996798217" lon="14.341050004586577">
        <ele>475.09</ele>
      </trkpt>
      <trkpt lat="37.64013002626598" lon="14.34105989523232">
        <ele>475.29</ele>
      </trkpt>
      <trkpt lat="37.64013002626598" lon="14.341070037335157">
        <ele>475.52</ele>
      </trkpt>
      <trkpt lat="37.64014000073075" lon="14.341089986264706">
        <ele>475.75</ele>
      </trkpt>
      <trkpt lat="37.64014000073075" lon="14.34109996072948">
        <ele>476.01</ele>
      </trkpt>
      <trkpt lat="37.64014000073075" lon="14.341110019013286">
        <ele>476.29</ele>
      </trkpt>
      <trkpt lat="37.64014997519553" lon="14.34111999347806">
        <ele>476.58</ele>
      </trkpt>
      <trkpt lat="37.64014997519553" lon="14.34114002622664">
        <ele>476.9</ele>
      </trkpt>
      <trkpt lat="37.64014997519553" lon="14.341149916872382">
        <ele>477.23</ele>
      </trkpt>
      <trkpt lat="37.64014997519553" lon="14.341169949620962">
        <ele>477.59</ele>
      </trkpt>
      <trkpt lat="37.64014997519553" lon="14.341180007904768">
        <ele>477.96</ele>
      </trkpt>
      <trkpt lat="37.64014997519553" lon="14.34118989855051">
        <ele>478.35</ele>
      </trkpt>
      <trkpt lat="37.64014997519553" lon="14.34120993129909">
        <ele>478.76</ele>
      </trkpt>
      <trkpt lat="37.64014000073075" lon="14.34122996404767">
        <ele>479.19</ele>
      </trkpt>
      <trkpt lat="37.64014000073075" lon="14.34127002954483">
        <ele>479.63</ele>
      </trkpt>
      <trkpt lat="37.6401099935174" lon="14.34144001454115">
        <ele>480.14</ele>
      </trkpt>
      <trkpt lat="37.6400600373745" lon="14.34161989018321">
        <ele>480.69</ele>
      </trkpt>
      <trkpt lat="37.63996004126966" lon="14.341870006173849">
        <ele>481.24</ele>
      </trkpt>
      <trkpt lat="37.63983992859721" lon="14.342190027236938">
        <ele>481.82</ele>
      </trkpt>
      <trkpt lat="37.639800030738115" lon="14.342309888452291">
        <ele>482.31</ele>
      </trkpt>
      <trkpt lat="37.63978997245431" lon="14.342339979484677">
        <ele>482.79</ele>
      </trkpt>
      <trkpt lat="37.639779997989535" lon="14.342369902879">
        <ele>483.28</ele>
      </trkpt>
      <trkpt lat="37.63977002352476" lon="14.34238993562758">
        <ele>483.77</ele>
      </trkpt>
      <trkpt lat="37.63977002352476" lon="14.34240996837616">
        <ele>484.26</ele>
      </trkpt>
      <trkpt lat="37.63977002352476" lon="14.342439891770482">
        <ele>484.74</ele>
      </trkpt>
      <trkpt lat="37.639759965240955" lon="14.342479957267642">
        <ele>485.22</ele>
      </trkpt>
      <trkpt lat="37.63978997245431" lon="14.342759912833571">
        <ele>485.65</ele>
      </trkpt>
      <trkpt lat="37.63978997245431" lon="14.3427998945117">
        <ele>486.13</ele>
      </trkpt>
      <trkpt lat="37.63983003795147" lon="14.343159981071949">
        <ele>486.63</ele>
      </trkpt>
      <trkpt lat="37.63984998688102" lon="14.343339940533042">
        <ele>487.17</ele>
      </trkpt>
      <trkpt lat="37.6398700196296" lon="14.343429878354073">
        <ele>487.67</ele>
      </trkpt>
      <trkpt lat="37.6398700196296" lon="14.343459969386458">
        <ele>488.12</ele>
      </trkpt>
      <trkpt lat="37.6398700196296" lon="14.343480002135038">
        <ele>488.56</ele>
      </trkpt>
      <trkpt lat="37.63987999409437" lon="14.343500034883618">
        <ele>488.99</ele>
      </trkpt>
      <trkpt lat="37.63987999409437" lon="14.343519983813167">
        <ele>489.41</ele>
      </trkpt>
      <trkpt lat="37.639889968559146" lon="14.34352995827794">
        <ele>489.8</ele>
      </trkpt>
      <trkpt lat="37.63990002684295" lon="14.343540016561747">
        <ele>490.19</ele>
      </trkpt>
      <trkpt lat="37.639910001307726" lon="14.34354999102652">
        <ele>490.56</ele>
      </trkpt>
      <trkpt lat="37.64009993523359" lon="14.343779990449548">
        <ele>491.01</ele>
      </trkpt>
      <trkpt lat="37.64016003347933" lon="14.34384997934103">
        <ele>491.36</ele>
      </trkpt>
      <trkpt lat="37.64017998240888" lon="14.343879902735353">
        <ele>491.67</ele>
      </trkpt>
      <trkpt lat="37.64020001515746" lon="14.343909993767738">
        <ele>491.97</ele>
      </trkpt>
      <trkpt lat="37.64020001515746" lon="14.34393991716206">
        <ele>492.27</ele>
      </trkpt>
      <trkpt lat="37.640209989622235" lon="14.34395994991064">
        <ele>492.54</ele>
      </trkpt>
      <trkpt lat="37.64021996408701" lon="14.343990040943027">
        <ele>492.8</ele>
      </trkpt>
      <trkpt lat="37.640230022370815" lon="14.344029938802123">
        <ele>493.06</ele>
      </trkpt>
      <trkpt lat="37.64023999683559" lon="14.34414996765554">
        <ele>493.29</ele>
      </trkpt>
      <trkpt lat="37.64023999683559" lon="14.34417000040412">
        <ele>493.51</ele>
      </trkpt>
      <trkpt lat="37.640230022370815" lon="14.344439897686243">
        <ele>493.72</ele>
      </trkpt>
      <trkpt lat="37.64023999683559" lon="14.34453989379108">
        <ele>493.93</ele>
      </trkpt>
      <trkpt lat="37.64023999683559" lon="14.344569984823465">
        <ele>494.13</ele>
      </trkpt>
      <trkpt lat="37.64023999683559" lon="14.34457995928824">
        <ele>494.32</ele>
      </trkpt>
      <trkpt lat="37.64023999683559" lon="14.344590017572045">
        <ele>494.5</ele>
      </trkpt>
      <trkpt lat="37.64023999683559" lon="14.34459999203682">
        <ele>494.67</ele>
      </trkpt>
      <trkpt lat="37.64023999683559" lon="14.344609882682562">
        <ele>494.83</ele>
      </trkpt>
      <trkpt lat="37.64023999683559" lon="14.3446200247854">
        <ele>495.0</ele>
      </trkpt>
      <trkpt lat="37.64024997130036" lon="14.344629915431142">
        <ele>495.14</ele>
      </trkpt>
      <trkpt lat="37.64024997130036" lon="14.344639973714948">
        <ele>495.3</ele>
      </trkpt>
      <trkpt lat="37.64026002958417" lon="14.344660006463528">
        <ele>495.44</ele>
      </trkpt>
      <trkpt lat="37.64027000404894" lon="14.34468992985785">
        <ele>495.58</ele>
      </trkpt>
      <trkpt lat="37.64030998572707" lon="14.344759918749332">
        <ele>495.73</ele>
      </trkpt>
      <trkpt lat="37.640339992940426" lon="14.344809958711267">
        <ele>495.88</ele>
      </trkpt>
      <trkpt lat="37.64044996351004" lon="14.344999976456165">
        <ele>496.06</ele>
      </trkpt>
      <trkpt lat="37.64056990854442" lon="14.345199968665838">
        <ele>496.21</ele>
      </trkpt>
      <trkpt lat="37.64059002511203" lon="14.345240034162998">
        <ele>496.36</ele>
      </trkpt>
      <trkpt lat="37.64060997404158" lon="14.34526995755732">
        <ele>496.5</ele>
      </trkpt>
      <trkpt lat="37.64063000679016" lon="14.3452899903059">
        <ele>496.64</ele>
      </trkpt>
      <trkpt lat="37.64065003953874" lon="14.34531002305448">
        <ele>496.78</ele>
      </trkpt>
      <trkpt lat="37.64066998846829" lon="14.345319913700223">
        <ele>496.92</ele>
      </trkpt>
      <trkpt lat="37.64069002121687" lon="14.345329971984029">
        <ele>497.05</ele>
      </trkpt>
      <trkpt lat="37.64093988575041" lon="14.3454800080508">
        <ele>497.21</ele>
      </trkpt>
      <trkpt lat="37.6409699767828" lon="14.34550004079938">
        <ele>497.34</ele>
      </trkpt>
      <trkpt lat="37.64099000953138" lon="14.345509931445122">
        <ele>497.47</ele>
      </trkpt>
      <trkpt lat="37.64100995846093" lon="14.34552988037467">
        <ele>497.6</ele>
      </trkpt>
      <trkpt lat="37.64102001674473" lon="14.345540022477508">
        <ele>497.74</ele>
      </trkpt>
      <trkpt lat="37.64112990349531" lon="14.345670025795698">
        <ele>497.89</ele>
      </trkpt>
      <trkpt lat="37.6412548776716" lon="14.345819978043437">
        <ele>498.06</ele>
      </trkpt>
      <trkpt lat="37.64138001948595" lon="14.345970014110208">
        <ele>498.23</ele>
      </trkpt>
      <trkpt lat="37.64148001559079" lon="14.346100017428398">
        <ele>498.38</ele>
      </trkpt>
      <trkpt lat="37.641519997268915" lon="14.346160031855106">
        <ele>498.51</ele>
      </trkpt>
      <trkpt lat="37.641540030017495" lon="14.346209987998009">
        <ele>498.64</ele>
      </trkpt>
      <trkpt lat="37.64155997894704" lon="14.346249969676137">
        <ele>498.77</ele>
      </trkpt>
      <trkpt lat="37.64158001169562" lon="14.346290035173297">
        <ele>498.9</ele>
      </trkpt>
      <trkpt lat="37.6415899861604" lon="14.3463399913162">
        <ele>499.03</ele>
      </trkpt>
      <trkpt lat="37.64161001890898" lon="14.346379972994328">
        <ele>499.14</ele>
      </trkpt>
      <trkpt lat="37.64165997505188" lon="14.346629921346903">
        <ele>499.28</ele>
      </trkpt>
      <trkpt lat="37.64165997505188" lon="14.34683988802135">
        <ele>499.36</ele>
      </trkpt>
      <trkpt lat="37.641650000587106" lon="14.347039880231023">
        <ele>499.47</ele>
      </trkpt>
      <trkpt lat="37.64164002612233" lon="14.347079945728183">
        <ele>499.59</ele>
      </trkpt>
      <trkpt lat="37.64164002612233" lon="14.347119927406311">
        <ele>499.69</ele>
      </trkpt>
      <trkpt lat="37.641629967838526" lon="14.347150018438697">
        <ele>499.8</ele>
      </trkpt>
      <trkpt lat="37.64161001890898" lon="14.34722000733018">
        <ele>499.92</ele>
      </trkpt>
      <trkpt lat="37.64155997894704" lon="14.347340036183596">
        <ele>500.08</ele>
      </trkpt>
      <trkpt lat="37.641540030017495" lon="14.347429974004626">
        <ele>500.19</ele>
      </trkpt>
      <trkpt lat="37.64152997173369" lon="14.34745998121798">
        <ele>500.31</ele>
      </trkpt>
      <trkpt lat="37.64152997173369" lon="14.347470039501786">
        <ele>500.42</ele>
      </trkpt>
      <trkpt lat="37.64152997173369" lon="14.347489904612303">
        <ele>500.54</ele>
      </trkpt>
      <trkpt lat="37.641519997268915" lon="14.347509937360883">
        <ele>500.66</ele>
      </trkpt>
      <trkpt lat="37.641519997268915" lon="14.347540028393269">
        <ele>500.78</ele>
      </trkpt>
      <trkpt lat="37.64152997173369" lon="14.347559977322817">
        <ele>500.9</ele>
      </trkpt>
      <trkpt lat="37.64152997173369" lon="14.347599959000945">
        <ele>501.03</ele>
      </trkpt>
      <trkpt lat="37.64157003723085" lon="14.347789892926812">
        <ele>501.14</ele>
      </trkpt>
      <trkpt lat="37.64161999337375" lon="14.347949987277389">
        <ele>501.3</ele>
      </trkpt>
      <trkpt lat="37.641629967838526" lon="14.347979910671711">
        <ele>501.46</ele>
      </trkpt>
      <trkpt lat="37.641650000587106" lon="14.348010001704097">
        <ele>501.62</ele>
      </trkpt>
      <trkpt lat="37.64165997505188" lon="14.348030034452677">
        <ele>501.79</ele>
      </trkpt>
      <trkpt lat="37.64168000780046" lon="14.34806004166603">
        <ele>501.97</ele>
      </trkpt>
      <trkpt lat="37.64170993119478" lon="14.34810002334416">
        <ele>502.16</ele>
      </trkpt>
      <trkpt lat="37.641800036653876" lon="14.34823002666235">
        <ele>502.37</ele>
      </trkpt>
      <trkpt lat="37.64181990176439" lon="14.348249975591898">
        <ele>502.59</ele>
      </trkpt>
      <trkpt lat="37.6418299600482" lon="14.34827989898622">
        <ele>502.82</ele>
      </trkpt>
      <trkpt lat="37.64183993451297" lon="14.3482999317348">
        <ele>503.07</ele>
      </trkpt>
      <trkpt lat="37.64184999279678" lon="14.348330022767186">
        <ele>503.33</ele>
      </trkpt>
      <trkpt lat="37.64184999279678" lon="14.348369920626283">
        <ele>503.61</ele>
      </trkpt>
      <trkpt lat="37.64185996726155" lon="14.348389953374863">
        <ele>503.89</ele>
      </trkpt>
      <trkpt lat="37.64185996726155" lon="14.34844988398254">
        <ele>504.2</ele>
      </trkpt>
      <trkpt lat="37.64187002554536" lon="14.348559938371181">
        <ele>504.54</ele>
      </trkpt>
      <trkpt lat="37.64187002554536" lon="14.34861995279789">
        <ele>504.87</ele>
      </trkpt>
      <trkpt lat="37.64187002554536" lon="14.34863998554647">
        <ele>505.21</ele>
      </trkpt>
      <trkpt lat="37.64187002554536" lon="14.34866001829505">
        <ele>505.56</ele>
      </trkpt>
      <trkpt lat="37.64187002554536" lon="14.348669908940792">
        <ele>505.93</ele>
      </trkpt>
      <trkpt lat="37.64188000001013" lon="14.348689941689372">
        <ele>506.31</ele>
      </trkpt>
      <trkpt lat="37.64188000001013" lon="14.348699999973178">
        <ele>506.7</ele>
      </trkpt>
      <trkpt lat="37.64194001443684" lon="14.348850036039948">
        <ele>507.08</ele>
      </trkpt>
      <trkpt lat="37.64195996336639" lon="14.34889999218285">
        <ele>507.49</ele>
      </trkpt>
      <trkpt lat="37.64200002886355" lon="14.348989930003881">
        <ele>507.9</ele>
      </trkpt>
      <trkpt lat="37.6420199777931" lon="14.349060002714396">
        <ele>508.33</ele>
      </trkpt>
      <trkpt lat="37.6420300360769" lon="14.349099900573492">
        <ele>508.78</ele>
      </trkpt>
      <trkpt lat="37.64204001054168" lon="14.3491599150002">
        <ele>509.24</ele>
      </trkpt>
      <trkpt lat="37.64204001054168" lon="14.34917994774878">
        <ele>509.69</ele>
      </trkpt>
      <trkpt lat="37.64204998500645" lon="14.349259994924068">
        <ele>510.17</ele>
      </trkpt>
      <trkpt lat="37.64204998500645" lon="14.349389998242259">
        <ele>510.68</ele>
      </trkpt>
      <trkpt lat="37.64204495586455" lon="14.349600384011865">
        <ele>511.24</ele>
      </trkpt>
      <trkpt lat="37.64204001054168" lon="14.349809931591153">
        <ele>511.78</ele>
      </trkpt>
      <trkpt lat="37.64204001054168" lon="14.350049989297986">
        <ele>512.33</ele>
      </trkpt>
      <trkpt lat="37.64204998500645" lon="14.35020999982953">
        <ele>512.8</ele>
      </trkpt>
      <trkpt lat="37.64210999943316" lon="14.350460032001138">
        <ele>513.27</ele>
      </trkpt>
      <trkpt lat="37.64214998111129" lon="14.350609984248877">
        <ele>513.66</ele>
      </trkpt>
      <trkpt lat="37.64215987175703" lon="14.350669914856553">
        <ele>514.01</ele>
      </trkpt>
      <trkpt lat="37.64215987175703" lon="14.350720038637519">
        <ele>514.34</ele>
      </trkpt>
      <trkpt lat="37.64215987175703" lon="14.350760020315647">
        <ele>514.64</ele>
      </trkpt>
      <trkpt lat="37.64215987175703" lon="14.35078994370997">
        <ele>514.92</ele>
      </trkpt>
      <trkpt lat="37.64215987175703" lon="14.350820034742355">
        <ele>515.16</ele>
      </trkpt>
      <trkpt lat="37.64214998111129" lon="14.350859932601452">
        <ele>515.37</ele>
      </trkpt>
      <trkpt lat="37.64213992282748" lon="14.35089991427958">
        <ele>515.55</ele>
      </trkpt>
      <trkpt lat="37.6421198900789" lon="14.35093997977674">
        <ele>515.7</ele>
      </trkpt>
      <trkpt lat="37.642100024968386" lon="14.350969903171062">
        <ele>515.82</ele>
      </trkpt>
      <trkpt lat="37.64208996668458" lon="14.350999994203448">
        <ele>515.91</ele>
      </trkpt>
      <trkpt lat="37.6420300360769" lon="14.351099906489253">
        <ele>515.95</ele>
      </trkpt>
      <trkpt lat="37.64191998168826" lon="14.351209960877895">
        <ele>515.95</ele>
      </trkpt>
      <trkpt lat="37.641800036653876" lon="14.35132990591228">
        <ele>515.93</ele>
      </trkpt>
      <trkpt lat="37.64165997505188" lon="14.351469967514277">
        <ele>515.84</ele>
      </trkpt>
      <trkpt lat="37.64159987680614" lon="14.351529898121953">
        <ele>515.75</ele>
      </trkpt>
      <trkpt lat="37.64155997894704" lon="14.351559989154339">
        <ele>515.64</ele>
      </trkpt>
      <trkpt lat="37.64152997173369" lon="14.351580021902919">
        <ele>515.51</ele>
      </trkpt>
      <trkpt lat="37.64150993898511" lon="14.351589912548661">
        <ele>515.35</ele>
      </trkpt>
      <trkpt lat="37.641499964520335" lon="14.351599970832467">
        <ele>515.17</ele>
      </trkpt>
      <trkpt lat="37.64148001559079" lon="14.351599970832467">
        <ele>514.97</ele>
      </trkpt>
      <trkpt lat="37.64145998284221" lon="14.351609945297241">
        <ele>514.73</ele>
      </trkpt>
      <trkpt lat="37.64144003391266" lon="14.351609945297241">
        <ele>514.47</ele>
      </trkpt>
      <trkpt lat="37.64142997562885" lon="14.351620003581047">
        <ele>514.18</ele>
      </trkpt>
      <trkpt lat="37.64140994288027" lon="14.351620003581047">
        <ele>513.87</ele>
      </trkpt>
      <trkpt lat="37.64138991013169" lon="14.351620003581047">
        <ele>513.54</ele>
      </trkpt>
      <trkpt lat="37.64136987738311" lon="14.351620003581047">
        <ele>513.18</ele>
      </trkpt>
      <trkpt lat="37.641350012272596" lon="14.351609945297241">
        <ele>512.8</ele>
      </trkpt>
      <trkpt lat="37.64122998341918" lon="14.351589912548661">
        <ele>512.44</ele>
      </trkpt>
      <trkpt lat="37.64097995124757" lon="14.35152000747621">
        <ele>512.05</ele>
      </trkpt>
      <trkpt lat="37.640825221315026" lon="14.351470051333308">
        <ele>511.57</ele>
      </trkpt>
      <trkpt lat="37.64066998846829" lon="14.351419927552342">
        <ele>511.05</ele>
      </trkpt>
      <trkpt lat="37.64063000679016" lon="14.351419927552342">
        <ele>510.53</ele>
      </trkpt>
      <trkpt lat="37.64059999957681" lon="14.351419927552342">
        <ele>510.0</ele>
      </trkpt>
      <trkpt lat="37.64057996682823" lon="14.351419927552342">
        <ele>509.47</ele>
      </trkpt>
      <trkpt lat="37.64056001789868" lon="14.351429985836148">
        <ele>508.92</ele>
      </trkpt>
      <trkpt lat="37.6405399851501" lon="14.351429985836148">
        <ele>508.37</ele>
      </trkpt>
      <trkpt lat="37.64050000347197" lon="14.35143987648189">
        <ele>507.79</ele>
      </trkpt>
      <trkpt lat="37.6403999235481" lon="14.35149997472763">
        <ele>507.14</ele>
      </trkpt>
      <trkpt lat="37.64037000015378" lon="14.351529898121953">
        <ele>506.54</ele>
      </trkpt>
      <trkpt lat="37.640360025689006" lon="14.351549930870533">
        <ele>505.95</ele>
      </trkpt>
      <trkpt lat="37.64033001847565" lon="14.351589912548661">
        <ele>505.34</ele>
      </trkpt>
      <trkpt lat="37.640319960191846" lon="14.351609945297241">
        <ele>504.74</ele>
      </trkpt>
      <trkpt lat="37.640319960191846" lon="14.351640036329627">
        <ele>504.15</ele>
      </trkpt>
      <trkpt lat="37.64029003679752" lon="14.351719915866852">
        <ele>503.55</ele>
      </trkpt>
      <trkpt lat="37.64020001515746" lon="14.352019904181361">
        <ele>502.9</ele>
      </trkpt>
      <trkpt lat="37.64020001515746" lon="14.352039936929941">
        <ele>502.35</ele>
      </trkpt>
      <trkpt lat="37.64018978923559" lon="14.352049995213747">
        <ele>501.83</ele>
      </trkpt>
      <trkpt lat="37.64017998240888" lon="14.352070027962327">
        <ele>501.31</ele>
      </trkpt>
      <trkpt lat="37.64017000794411" lon="14.35207991860807">
        <ele>500.81</ele>
      </trkpt>
      <trkpt lat="37.64016003347933" lon="14.35209995135665">
        <ele>500.33</ele>
      </trkpt>
      <trkpt lat="37.64014000073075" lon="14.35211998410523">
        <ele>499.86</ele>
      </trkpt>
      <trkpt lat="37.64011996798217" lon="14.35214001685381">
        <ele>499.42</ele>
      </trkpt>
      <trkpt lat="37.64007990248501" lon="14.352179998531938">
        <ele>498.99</ele>
      </trkpt>
      <trkpt lat="37.64003003016114" lon="14.35220992192626">
        <ele>498.6</ele>
      </trkpt>
      <trkpt lat="37.63997999019921" lon="14.352240012958646">
        <ele>498.21</ele>
      </trkpt>
      <trkpt lat="37.63996004126966" lon="14.352259878069162">
        <ele>497.85</ele>
      </trkpt>
      <trkpt lat="37.63990002684295" lon="14.352289969101548">
        <ele>497.51</ele>
      </trkpt>
      <trkpt lat="37.63983992859721" lon="14.352299943566322">
        <ele>497.2</ele>
      </trkpt>
      <trkpt lat="37.639800030738115" lon="14.352310001850128">
        <ele>496.91</ele>
      </trkpt>
      <trkpt lat="37.63977002352476" lon="14.35231989249587">
        <ele>496.65</ele>
      </trkpt>
      <trkpt lat="37.63974999077618" lon="14.35231989249587">
        <ele>496.43</ele>
      </trkpt>
      <trkpt lat="37.63973004184663" lon="14.35231989249587">
        <ele>496.23</ele>
      </trkpt>
      <trkpt lat="37.63971000909805" lon="14.35231989249587">
        <ele>496.06</ele>
      </trkpt>
      <trkpt lat="37.6396800018847" lon="14.35231989249587">
        <ele>495.91</ele>
      </trkpt>
      <trkpt lat="37.63966994360089" lon="14.35231989249587">
        <ele>495.79</ele>
      </trkpt>
      <trkpt lat="37.63964002020657" lon="14.352310001850128">
        <ele>495.7</ele>
      </trkpt>
      <trkpt lat="37.63961998745799" lon="14.352310001850128">
        <ele>495.62</ele>
      </trkpt>
      <trkpt lat="37.63961001299322" lon="14.352310001850128">
        <ele>495.57</ele>
      </trkpt>
      <trkpt lat="37.63958998024464" lon="14.352299943566322">
        <ele>495.55</ele>
      </trkpt>
      <trkpt lat="37.63957003131509" lon="14.352279910817742">
        <ele>495.54</ele>
      </trkpt>
      <trkpt lat="37.63952996581793" lon="14.35224998742342">
        <ele>495.56</ele>
      </trkpt>
      <trkpt lat="37.63941999524832" lon="14.352159965783358">
        <ele>495.62</ele>
      </trkpt>
      <trkpt lat="37.639350006356835" lon="14.352110009640455">
        <ele>495.7</ele>
      </trkpt>
      <trkpt lat="37.63934003189206" lon="14.35209995135665">
        <ele>495.76</ele>
      </trkpt>
      <trkpt lat="37.639329973608255" lon="14.35209995135665">
        <ele>495.82</ele>
      </trkpt>
      <trkpt lat="37.63931002467871" lon="14.35209995135665">
        <ele>495.9</ele>
      </trkpt>
      <trkpt lat="37.6392999663949" lon="14.352089976891875">
        <ele>495.99</ele>
      </trkpt>
      <trkpt lat="37.63928999193013" lon="14.352089976891875">
        <ele>496.09</ele>
      </trkpt>
      <trkpt lat="37.63928001746535" lon="14.35209995135665">
        <ele>496.18</ele>
      </trkpt>
      <trkpt lat="37.63926995918155" lon="14.35209995135665">
        <ele>496.29</ele>
      </trkpt>
      <trkpt lat="37.63924992643297" lon="14.35209995135665">
        <ele>496.4</ele>
      </trkpt>
      <trkpt lat="37.63921991921961" lon="14.35211998410523">
        <ele>496.49</ele>
      </trkpt>
      <trkpt lat="37.63916996307671" lon="14.35214001685381">
        <ele>496.59</ele>
      </trkpt>
      <trkpt lat="37.63906988315284" lon="14.35218988917768">
        <ele>496.71</ele>
      </trkpt>
      <trkpt lat="37.63903995975852" lon="14.352200031280518">
        <ele>496.84</ele>
      </trkpt>
      <trkpt lat="37.63902001082897" lon="14.352219980210066">
        <ele>496.96</ele>
      </trkpt>
      <trkpt lat="37.63899000361562" lon="14.352240012958646">
        <ele>497.08</ele>
      </trkpt>
      <trkpt lat="37.63895991258323" lon="14.352270020172">
        <ele>497.19</ele>
      </trkpt>
      <trkpt lat="37.63883996754885" lon="14.352370016276836">
        <ele>497.38</ele>
      </trkpt>
      <trkpt lat="37.63859001919627" lon="14.35259004123509">
        <ele>497.43</ele>
      </trkpt>
      <trkpt lat="37.63856998644769" lon="14.352609990164638">
        <ele>497.51</ele>
      </trkpt>
      <trkpt lat="37.63846001587808" lon="14.35267997905612">
        <ele>497.58</ele>
      </trkpt>
      <trkpt lat="37.63834996148944" lon="14.35276991687715">
        <ele>497.62</ele>
      </trkpt>
      <trkpt lat="37.63823999091983" lon="14.35293990187347">
        <ele>497.63</ele>
      </trkpt>
      <trkpt lat="37.63811996206641" lon="14.35315003618598">
        <ele>497.77</ele>
      </trkpt>
      <trkpt lat="37.63810998760164" lon="14.353169985115528">
        <ele>497.83</ele>
      </trkpt>
      <trkpt lat="37.63810998760164" lon="14.35317987576127">
        <ele>497.86</ele>
      </trkpt>
      <trkpt lat="37.63809992931783" lon="14.35319990850985">
        <ele>497.89</ele>
      </trkpt>
      <trkpt lat="37.63809003867209" lon="14.35321994125843">
        <ele>497.91</ele>
      </trkpt>
      <trkpt lat="37.63809003867209" lon="14.35323997400701">
        <ele>497.89</ele>
      </trkpt>
      <trkpt lat="37.63809003867209" lon="14.353250032290816">
        <ele>497.86</ele>
      </trkpt>
      <trkpt lat="37.63809003867209" lon="14.353289930149913">
        <ele>497.81</ele>
      </trkpt>
      <trkpt lat="37.63809003867209" lon="14.353320021182299">
        <ele>497.73</ele>
      </trkpt>
      <trkpt lat="37.63809003867209" lon="14.3535599950701">
        <ele>497.64</ele>
      </trkpt>
      <trkpt lat="37.63809003867209" lon="14.353609951213002">
        <ele>497.51</ele>
      </trkpt>
      <trkpt lat="37.63807989656925" lon="14.353659991174936">
        <ele>497.36</ele>
      </trkpt>
      <trkpt lat="37.63807000592351" lon="14.35371003113687">
        <ele>497.19</ele>
      </trkpt>
      <trkpt lat="37.63800001703203" lon="14.35394992120564">
        <ele>496.97</ele>
      </trkpt>
      <trkpt lat="37.63800001703203" lon="14.35396995395422">
        <ele>496.75</ele>
      </trkpt>
      <trkpt lat="37.63798995874822" lon="14.3539899867028">
        <ele>496.53</ele>
      </trkpt>
      <trkpt lat="37.63797998428345" lon="14.353999877348542">
        <ele>496.28</ele>
      </trkpt>
      <trkpt lat="37.63797998428345" lon="14.354019910097122">
        <ele>496.0</ele>
      </trkpt>
      <trkpt lat="37.63797000981867" lon="14.354029968380928">
        <ele>495.7</ele>
      </trkpt>
      <trkpt lat="37.6379600353539" lon="14.354039942845702">
        <ele>495.38</ele>
      </trkpt>
      <trkpt lat="37.63794989325106" lon="14.354050001129508">
        <ele>495.05</ele>
      </trkpt>
      <trkpt lat="37.63794989325106" lon="14.35405989177525">
        <ele>494.69</ele>
      </trkpt>
      <trkpt lat="37.63794000260532" lon="14.354070033878088">
        <ele>494.31</ele>
      </trkpt>
      <trkpt lat="37.63791996985674" lon="14.354089982807636">
        <ele>493.91</ele>
      </trkpt>
      <trkpt lat="37.63790991157293" lon="14.354089982807636">
        <ele>493.51</ele>
      </trkpt>
      <trkpt lat="37.63788987882435" lon="14.35409995727241">
        <ele>493.09</ele>
      </trkpt>
      <trkpt lat="37.63787998817861" lon="14.354110015556216">
        <ele>492.65</ele>
      </trkpt>
      <trkpt lat="37.63784998096526" lon="14.35411999002099">
        <ele>492.19</ele>
      </trkpt>
      <trkpt lat="37.63770002871752" lon="14.35414002276957">
        <ele>491.68</ele>
      </trkpt>
      <trkpt lat="37.63752995990217" lon="14.354169946163893">
        <ele>491.13</ele>
      </trkpt>
      <trkpt lat="37.63747002929449" lon="14.354180004447699">
        <ele>490.65</ele>
      </trkpt>
      <trkpt lat="37.63744999654591" lon="14.354180004447699">
        <ele>490.17</ele>
      </trkpt>
      <trkpt lat="37.63742996379733" lon="14.354189895093441">
        <ele>489.68</ele>
      </trkpt>
      <trkpt lat="37.63741001486778" lon="14.354200037196279">
        <ele>489.18</ele>
      </trkpt>
      <trkpt lat="37.63740004040301" lon="14.354209927842021">
        <ele>488.68</ele>
      </trkpt>
      <trkpt lat="37.63738000765443" lon="14.354219986125827">
        <ele>488.18</ele>
      </trkpt>
      <trkpt lat="37.63736994937062" lon="14.35422987677157">
        <ele>487.68</ele>
      </trkpt>
      <trkpt lat="37.63727992773056" lon="14.354339931160212">
        <ele>487.11</ele>
      </trkpt>
      <trkpt lat="37.63711002655327" lon="14.35454998165369">
        <ele>486.57</ele>
      </trkpt>
      <trkpt lat="37.636880027130246" lon="14.354819962754846">
        <ele>486.04</ele>
      </trkpt>
      <trkpt lat="37.63678003102541" lon="14.35495994053781">
        <ele>485.49</ele>
      </trkpt>
      <trkpt lat="37.63673996552825" lon="14.35500000603497">
        <ele>485.02</ele>
      </trkpt>
      <trkpt lat="37.636729991063476" lon="14.355029929429293">
        <ele>484.54</ele>
      </trkpt>
      <trkpt lat="37.63671993277967" lon="14.355049878358841">
        <ele>484.07</ele>
      </trkpt>
      <trkpt lat="37.636709958314896" lon="14.355089943856001">
        <ele>483.6</ele>
      </trkpt>
      <trkpt lat="37.63669998385012" lon="14.35513000935316">
        <ele>483.15</ele>
      </trkpt>
      <trkpt lat="37.63669998385012" lon="14.355169991031289">
        <ele>482.7</ele>
      </trkpt>
      <trkpt lat="37.63669000938535" lon="14.355199914425611">
        <ele>482.28</ele>
      </trkpt>
      <trkpt lat="37.63669000938535" lon="14.355309884995222">
        <ele>481.85</ele>
      </trkpt>
      <trkpt lat="37.63669998385012" lon="14.35545003041625">
        <ele>481.46</ele>
      </trkpt>
      <trkpt lat="37.636709958314896" lon="14.355509961023927">
        <ele>481.07</ele>
      </trkpt>
      <trkpt lat="37.63673996552825" lon="14.35566988773644">
        <ele>480.75</ele>
      </trkpt>
      <trkpt lat="37.63679997995496" lon="14.355869879946113">
        <ele>480.42</ele>
      </trkpt>
      <trkpt lat="37.636859994381666" lon="14.356079930439591">
        <ele>480.07</ele>
      </trkpt>
      <trkpt lat="37.6369100343436" lon="14.356199959293008">
        <ele>479.73</ele>
      </trkpt>
      <trkpt lat="37.63696996495128" lon="14.356300039216876">
        <ele>479.39</ele>
      </trkpt>
      <trkpt lat="37.63699997216463" lon="14.356319904327393">
        <ele>479.05</ele>
      </trkpt>
      <trkpt lat="37.637029979377985" lon="14.356349995359778">
        <ele>478.73</ele>
      </trkpt>
      <trkpt lat="37.63704003766179" lon="14.35635988600552">
        <ele>478.43</ele>
      </trkpt>
      <trkpt lat="37.63708001933992" lon="14.3563799187541">
        <ele>478.13</ele>
      </trkpt>
      <trkpt lat="37.63712000101805" lon="14.356410009786487">
        <ele>477.84</ele>
      </trkpt>
      <trkpt lat="37.637180015444756" lon="14.35644001699984">
        <ele>477.54</ele>
      </trkpt>
      <trkpt lat="37.63740004040301" lon="14.356540013104677">
        <ele>477.25</ele>
      </trkpt>
      <trkpt lat="37.63764001429081" lon="14.356639925390482">
        <ele>477.01</ele>
      </trkpt>
      <trkpt lat="37.63771000318229" lon="14.35667990706861">
        <ele>476.77</ele>
      </trkpt>
      <trkpt lat="37.63773003593087" lon="14.356689965352416">
        <ele>476.52</ele>
      </trkpt>
      <trkpt lat="37.63774990104139" lon="14.356689965352416">
        <ele>476.26</ele>
      </trkpt>
      <trkpt lat="37.637770017609" lon="14.35669993981719">
        <ele>476.01</ele>
      </trkpt>
      <trkpt lat="37.63777990825474" lon="14.35669993981719">
        <ele>475.76</ele>
      </trkpt>
      <trkpt lat="37.63780999928713" lon="14.35669993981719">
        <ele>475.51</ele>
      </trkpt>
      <trkpt lat="37.63784998096526" lon="14.356689965352416">
        <ele>475.23</ele>
      </trkpt>
      <trkpt lat="37.63787998817861" lon="14.35667990706861">
        <ele>474.96</ele>
      </trkpt>
      <trkpt lat="37.63797000981867" lon="14.35665987432003">
        <ele>474.66</ele>
      </trkpt>
      <trkpt lat="37.63809992931783" lon="14.35663003474474">
        <ele>474.33</ele>
      </trkpt>
      <trkpt lat="37.638149969279766" lon="14.356619892641902">
        <ele>474.03</ele>
      </trkpt>
      <trkpt lat="37.638190034776926" lon="14.356619892641902">
        <ele>473.75</ele>
      </trkpt>
      <trkpt lat="37.63820989988744" lon="14.35663003474474">
        <ele>473.49</ele>
      </trkpt>
      <trkpt lat="37.63822993263602" lon="14.35663003474474">
        <ele>473.24</ele>
      </trkpt>
      <trkpt lat="37.6382499653846" lon="14.356639925390482">
        <ele>472.98</ele>
      </trkpt>
      <trkpt lat="37.63827997259796" lon="14.356649983674288">
        <ele>472.72</ele>
      </trkpt>
      <trkpt lat="37.63830000534654" lon="14.356670016422868">
        <ele>472.48</ele>
      </trkpt>
      <trkpt lat="37.63833990320563" lon="14.356689965352416">
        <ele>472.21</ele>
      </trkpt>
      <trkpt lat="37.63836999423802" lon="14.35671997256577">
        <ele>471.96</ele>
      </trkpt>
      <trkpt lat="37.63840000145137" lon="14.356749895960093">
        <ele>471.7</ele>
      </trkpt>
      <trkpt lat="37.6384399831295" lon="14.356819968670607">
        <ele>471.47</ele>
      </trkpt>
      <trkpt lat="37.63850988820195" lon="14.356919880956411">
        <ele>471.21</ele>
      </trkpt>
      <trkpt lat="37.63859001919627" lon="14.357069917023182">
        <ele>470.93</ele>
      </trkpt>
      <trkpt lat="37.63859001919627" lon="14.357079975306988">
        <ele>470.66</ele>
      </trkpt>
      <trkpt lat="37.63859982602298" lon="14.357100008055568">
        <ele>470.37</ele>
      </trkpt>
      <trkpt lat="37.63859982602298" lon="14.357120040804148">
        <ele>470.08</ele>
      </trkpt>
      <trkpt lat="37.63860996812582" lon="14.35714996419847">
        <ele>469.76</ele>
      </trkpt>
      <trkpt lat="37.63860996812582" lon="14.357199920341372">
        <ele>469.44</ele>
      </trkpt>
      <trkpt lat="37.638620026409626" lon="14.35725993476808">
        <ele>469.09</ele>
      </trkpt>
      <trkpt lat="37.63860996812582" lon="14.357339981943369">
        <ele>468.73</ele>
      </trkpt>
      <trkpt lat="37.63859982602298" lon="14.3574299197644">
        <ele>468.35</ele>
      </trkpt>
      <trkpt lat="37.63856001198292" lon="14.35772999189794">
        <ele>468.01</ele>
      </trkpt>
      <trkpt lat="37.63856001198292" lon="14.357769973576069">
        <ele>467.55</ele>
      </trkpt>
      <trkpt lat="37.63856001198292" lon="14.35787994414568">
        <ele>467.06</ele>
      </trkpt>
      <trkpt lat="37.63854995369911" lon="14.35798991471529">
        <ele>466.55</ele>
      </trkpt>
      <trkpt lat="37.63853997923434" lon="14.358209939673543">
        <ele>465.91</ele>
      </trkpt>
      <trkpt lat="37.63853997923434" lon="14.358240030705929">
        <ele>465.34</ele>
      </trkpt>
      <trkpt lat="37.63853997923434" lon="14.358259979635477">
        <ele>464.75</ele>
      </trkpt>
      <trkpt lat="37.63853997923434" lon="14.3582899030298">
        <ele>464.12</ele>
      </trkpt>
      <trkpt lat="37.63852003030479" lon="14.358429964631796">
        <ele>463.41</ele>
      </trkpt>
      <trkpt lat="37.63849999755621" lon="14.358580000698566">
        <ele>462.73</ele>
      </trkpt>
      <trkpt lat="37.63849999755621" lon="14.358600033447146">
        <ele>462.02</ele>
      </trkpt>
      <trkpt lat="37.63849999755621" lon="14.3586300406605">
        <ele>461.28</ele>
      </trkpt>
      <trkpt lat="37.63850988820195" lon="14.358659880235791">
        <ele>460.49</ele>
      </trkpt>
      <trkpt lat="37.63852003030479" lon="14.358710004016757">
        <ele>459.68</ele>
      </trkpt>
      <trkpt lat="37.63853997923434" lon="14.358840007334948">
        <ele>458.79</ele>
      </trkpt>
      <trkpt lat="37.638620026409626" lon="14.35916991904378">
        <ele>457.73</ele>
      </trkpt>
      <trkpt lat="37.63865003362298" lon="14.35929992236197">
        <ele>456.82</ele>
      </trkpt>
      <trkpt lat="37.6386799570173" lon="14.35946999117732">
        <ele>455.91</ele>
      </trkpt>
      <trkpt lat="37.63869998976588" lon="14.35961994342506">
        <ele>455.02</ele>
      </trkpt>
      <trkpt lat="37.63872002251446" lon="14.35979001224041">
        <ele>454.13</ele>
      </trkpt>
      <trkpt lat="37.63872002251446" lon="14.359799902886152">
        <ele>453.28</ele>
      </trkpt>
      <trkpt lat="37.63870996423066" lon="14.359910041093826">
        <ele>452.41</ele>
      </trkpt>
      <trkpt lat="37.6386799570173" lon="14.360059993341565">
        <ele>451.52</ele>
      </trkpt>
      <trkpt lat="37.63863989152014" lon="14.360169963911176">
        <ele>450.66</ele>
      </trkpt>
      <trkpt lat="37.63859001919627" lon="14.36030994169414">
        <ele>449.77</ele>
      </trkpt>
      <trkpt lat="37.63853997923434" lon="14.360439945012331">
        <ele>448.89</ele>
      </trkpt>
      <trkpt lat="37.63847996480763" lon="14.3605400249362">
        <ele>448.07</ele>
      </trkpt>
      <trkpt lat="37.63836999423802" lon="14.360659886151552">
        <ele>447.29</ele>
      </trkpt>
      <trkpt lat="37.63830000534654" lon="14.360749991610646">
        <ele>446.51</ele>
      </trkpt>
      <trkpt lat="37.63826002366841" lon="14.360829954966903">
        <ele>445.73</ele>
      </trkpt>
      <trkpt lat="37.6382000092417" lon="14.360940009355545">
        <ele>444.96</ele>
      </trkpt>
      <trkpt lat="37.6382000092417" lon="14.36094998382032">
        <ele>444.21</ele>
      </trkpt>
      <trkpt lat="37.63813999481499" lon="14.361049979925156">
        <ele>443.44</ele>
      </trkpt>
      <trkpt lat="37.63809003867209" lon="14.361119968816638">
        <ele>442.71</ele>
      </trkpt>
      <trkpt lat="37.63807989656925" lon="14.361129943281412">
        <ele>442.01</ele>
      </trkpt>
      <trkpt lat="37.63807000592351" lon="14.36114989221096">
        <ele>441.32</ele>
      </trkpt>
      <trkpt lat="37.63803002424538" lon="14.36118995770812">
        <ele>440.64</ele>
      </trkpt>
      <trkpt lat="37.63798995874822" lon="14.361219881102443">
        <ele>439.98</ele>
      </trkpt>
      <trkpt lat="37.63792994432151" lon="14.361259946599603">
        <ele>439.32</ele>
      </trkpt>
      <trkpt lat="37.63784000650048" lon="14.361299928277731">
        <ele>438.69</ele>
      </trkpt>
      <trkpt lat="37.63775987550616" lon="14.36131987720728">
        <ele>438.11</ele>
      </trkpt>
      <trkpt lat="37.637719977647066" lon="14.36133990995586">
        <ele>437.54</ele>
      </trkpt>
      <trkpt lat="37.63766993768513" lon="14.36136002652347">
        <ele>436.99</ele>
      </trkpt>
      <trkpt lat="37.637630039826035" lon="14.361389949917793">
        <ele>436.45</ele>
      </trkpt>
      <trkpt lat="37.6375799998641" lon="14.361439989879727">
        <ele>435.92</ele>
      </trkpt>
      <trkpt lat="37.63741998933256" lon="14.361630007624626">
        <ele>435.35</ele>
      </trkpt>
      <trkpt lat="37.63735997490585" lon="14.361689938232303">
        <ele>434.83</ele>
      </trkpt>
      <trkpt lat="37.63731999322772" lon="14.361729919910431">
        <ele>434.33</ele>
      </trkpt>
      <trkpt lat="37.63725997880101" lon="14.361779876053333">
        <ele>433.82</ele>
      </trkpt>
      <trkpt lat="37.63721991330385" lon="14.361809967085719">
        <ele>433.35</ele>
      </trkpt>
      <trkpt lat="37.63705998659134" lon="14.361879955977201">
        <ele>432.92</ele>
      </trkpt>
      <trkpt lat="37.63698999769986" lon="14.36191993765533">
        <ele>432.5</ele>
      </trkpt>
      <trkpt lat="37.63685001991689" lon="14.361999984830618">
        <ele>432.13</ele>
      </trkpt>
      <trkpt lat="37.63679997995496" lon="14.3620699737221">
        <ele>431.71</ele>
      </trkpt>
      <trkpt lat="37.63678003102541" lon="14.362119929865003">
        <ele>431.29</ele>
      </trkpt>
      <trkpt lat="37.63675999827683" lon="14.362190002575517">
        <ele>430.86</ele>
      </trkpt>
      <trkpt lat="37.63673996552825" lon="14.36234992928803">
        <ele>430.45</ele>
      </trkpt>
      <trkpt lat="37.636709958314896" lon="14.36251999810338">
        <ele>430.03</ele>
      </trkpt>
      <trkpt lat="37.63669000938535" lon="14.362559979781508">
        <ele>429.64</ele>
      </trkpt>
      <trkpt lat="37.63668003492057" lon="14.36258990317583">
        <ele>429.25</ele>
      </trkpt>
      <trkpt lat="37.63666000217199" lon="14.36262996867299">
        <ele>428.86</ele>
      </trkpt>
      <trkpt lat="37.63665002770722" lon="14.36265000142157">
        <ele>428.47</ele>
      </trkpt>
      <trkpt lat="37.63663996942341" lon="14.36267003417015">
        <ele>428.07</ele>
      </trkpt>
      <trkpt lat="37.636620020493865" lon="14.362689983099699">
        <ele>427.67</ele>
      </trkpt>
      <trkpt lat="37.636599987745285" lon="14.362710015848279">
        <ele>427.25</ele>
      </trkpt>
      <trkpt lat="37.63658003881574" lon="14.362729964777827">
        <ele>426.82</ele>
      </trkpt>
      <trkpt lat="37.63655003160238" lon="14.362749997526407">
        <ele>426.38</ele>
      </trkpt>
      <trkpt lat="37.63647995889187" lon="14.36277992092073">
        <ele>425.95</ele>
      </trkpt>
      <trkpt lat="37.63635993003845" lon="14.36284001916647">
        <ele>425.47</ele>
      </trkpt>
      <trkpt lat="37.636290024966" lon="14.362869942560792">
        <ele>424.97</ele>
      </trkpt>
      <trkpt lat="37.63626001775265" lon="14.36288989149034">
        <ele>424.42</ele>
      </trkpt>
      <trkpt lat="37.63623998500407" lon="14.36290992423892">
        <ele>423.85</ele>
      </trkpt>
      <trkpt lat="37.63622003607452" lon="14.3629299569875">
        <ele>423.25</ele>
      </trkpt>
      <trkpt lat="37.63620000332594" lon="14.36294998973608">
        <ele>422.63</ele>
      </trkpt>
      <trkpt lat="37.636190028861165" lon="14.362959880381823">
        <ele>421.99</ele>
      </trkpt>
      <trkpt lat="37.636169996112585" lon="14.362989971414208">
        <ele>421.3</ele>
      </trkpt>
      <trkpt lat="37.63610998168588" lon="14.363119974732399">
        <ele>420.58</ele>
      </trkpt>
      <trkpt lat="37.6361000072211" lon="14.363149898126721">
        <ele>419.86</ele>
      </trkpt>
      <trkpt lat="37.63606991618872" lon="14.363200021907687">
        <ele>419.12</ele>
      </trkpt>
      <trkpt lat="37.63599003665149" lon="14.36350998468697">
        <ele>418.26</ele>
      </trkpt>
      <trkpt lat="37.63590990565717" lon="14.363799998536706">
        <ele>417.41</ele>
      </trkpt>
      <trkpt lat="37.63581996783614" lon="14.364139884710312">
        <ele>416.57</ele>
      </trkpt>
      <trkpt lat="37.63573480769992" lon="14.364385306835175">
        <ele>415.65</ele>
      </trkpt>
      <trkpt lat="37.63564998283982" lon="14.36462989076972">
        <ele>414.7</ele>
      </trkpt>
      <trkpt lat="37.63558485545218" lon="14.364820243790746">
        <ele>413.78</ele>
      </trkpt>
      <trkpt lat="37.63551997952163" lon="14.36501001007855">
        <ele>412.87</ele>
      </trkpt>
      <trkpt lat="37.63548997230828" lon="14.36520991846919">
        <ele>411.94</ele>
      </trkpt>
      <trkpt lat="37.63547002337873" lon="14.365339921787381">
        <ele>411.0</ele>
      </trkpt>
      <trkpt lat="37.63545988127589" lon="14.36552993953228">
        <ele>410.03</ele>
      </trkpt>
      <trkpt lat="37.63544999063015" lon="14.36580989509821">
        <ele>408.99</ele>
      </trkpt>
      <trkpt lat="37.63544999063015" lon="14.365899916738272">
        <ele>407.96</ele>
      </trkpt>
      <trkpt lat="37.63542995788157" lon="14.366110386326909">
        <ele>406.9</ele>
      </trkpt>
      <trkpt lat="37.63541000895202" lon="14.36632001772523">
        <ele>405.84</ele>
      </trkpt>
      <trkpt lat="37.63540003448725" lon="14.366380032151937">
        <ele>404.86</ele>
      </trkpt>
      <trkpt lat="37.63535996899009" lon="14.36658002436161">
        <ele>403.88</ele>
      </trkpt>
      <trkpt lat="37.635289980098605" lon="14.366810023784637">
        <ele>402.9</ele>
      </trkpt>
      <trkpt lat="37.63528000563383" lon="14.36685997992754">
        <ele>401.94</ele>
      </trkpt>
      <trkpt lat="37.63521990738809" lon="14.367039939388633">
        <ele>401.0</ele>
      </trkpt>
      <trkpt lat="37.63521001674235" lon="14.367079921066761">
        <ele>400.07</ele>
      </trkpt>
      <trkpt lat="37.63518998399377" lon="14.367099953815341">
        <ele>399.15</ele>
      </trkpt>
      <trkpt lat="37.63517992570996" lon="14.36713993549347">
        <ele>398.22</ele>
      </trkpt>
      <trkpt lat="37.635140027850866" lon="14.367189891636372">
        <ele>397.32</ele>
      </trkpt>
      <trkpt lat="37.635119995102286" lon="14.367219982668757">
        <ele>396.44</ele>
      </trkpt>
      <trkpt lat="37.63508998788893" lon="14.367259964346886">
        <ele>395.58</ele>
      </trkpt>
      <trkpt lat="37.63506995514035" lon="14.36728997156024">
        <ele>394.74</ele>
      </trkpt>
      <trkpt lat="37.63504992239177" lon="14.36731000430882">
        <ele>393.91</ele>
      </trkpt>
      <trkpt lat="37.63501999899745" lon="14.3673300370574">
        <ele>393.11</ele>
      </trkpt>
      <trkpt lat="37.63499996624887" lon="14.367349985986948">
        <ele>392.33</ele>
      </trkpt>
      <trkpt lat="37.63488999567926" lon="14.36741997487843">
        <ele>391.57</ele>
      </trkpt>
      <trkpt lat="37.6347151491791" lon="14.367519803345203">
        <ele>390.84</ele>
      </trkpt>
      <trkpt lat="37.634539967402816" lon="14.367619883269072">
        <ele>390.07</ele>
      </trkpt>
      <trkpt lat="37.63446997851133" lon="14.367659948766232">
        <ele>389.37</ele>
      </trkpt>
      <trkpt lat="37.63443997129798" lon="14.36767989769578">
        <ele>388.7</ele>
      </trkpt>
      <trkpt lat="37.63439998961985" lon="14.367709988728166">
        <ele>388.04</ele>
      </trkpt>
      <trkpt lat="37.63435003347695" lon="14.367779977619648">
        <ele>387.41</ele>
      </trkpt>
      <trkpt lat="37.63429001905024" lon="14.367860024794936">
        <ele>386.81</ele>
      </trkpt>
      <trkpt lat="37.63425003737211" lon="14.367969995364547">
        <ele>386.24</ele>
      </trkpt>
      <trkpt lat="37.6342299208045" lon="14.368253890424967">
        <ele>385.68</ele>
      </trkpt>
      <trkpt lat="37.63420988805592" lon="14.368537785485387">
        <ele>385.16</ele>
      </trkpt>
      <trkpt lat="37.63418993912637" lon="14.36881992034614">
        <ele>384.68</ele>
      </trkpt>
      <trkpt lat="37.63418993912637" lon="14.368959981948137">
        <ele>384.25</ele>
      </trkpt>
      <trkpt lat="37.6341799646616" lon="14.368999963626266">
        <ele>383.87</ele>
      </trkpt>
      <trkpt lat="37.63418993912637" lon="14.369040029123425">
        <ele>383.52</ele>
      </trkpt>
      <trkpt lat="37.63418993912637" lon="14.36907003633678">
        <ele>383.21</ele>
      </trkpt>
      <trkpt lat="37.63419999741018" lon="14.36909987591207">
        <ele>382.94</ele>
      </trkpt>
      <trkpt lat="37.63419999741018" lon="14.369129966944456">
        <ele>382.71</ele>
      </trkpt>
      <trkpt lat="37.63422003015876" lon="14.36915997415781">
        <ele>382.52</ele>
      </trkpt>
      <trkpt lat="37.63425003737211" lon="14.369219988584518">
        <ele>382.34</ele>
      </trkpt>
      <trkpt lat="37.63439001515508" lon="14.369410006329417">
        <ele>382.14</ele>
      </trkpt>
      <trkpt lat="37.634450029581785" lon="14.36950002796948">
        <ele>382.07</ele>
      </trkpt>
      <trkpt lat="37.63449998572469" lon="14.36956993304193">
        <ele>382.05</ele>
      </trkpt>
      <trkpt lat="37.634539967402816" lon="14.36963003128767">
        <ele>382.08</ele>
      </trkpt>
      <trkpt lat="37.634580032899976" lon="14.369689961895347">
        <ele>382.16</ele>
      </trkpt>
      <trkpt lat="37.63459989801049" lon="14.36974000185728">
        <ele>382.28</ele>
      </trkpt>
      <trkpt lat="37.63462998904288" lon="14.369809906929731">
        <ele>382.45</ele>
      </trkpt>
      <trkpt lat="37.634690003469586" lon="14.369970001280308">
        <ele>382.67</ele>
      </trkpt>
      <trkpt lat="37.63475999236107" lon="14.370179884135723">
        <ele>382.94</ele>
      </trkpt>
      <trkpt lat="37.634835094213486" lon="14.370385240763426">
        <ele>383.28</ele>
      </trkpt>
      <trkpt lat="37.63491002842784" lon="14.370590010657907">
        <ele>383.66</ele>
      </trkpt>
      <trkpt lat="37.63491002842784" lon="14.37062001787126">
        <ele>384.02</ele>
      </trkpt>
      <trkpt lat="37.63494003564119" lon="14.370699981227517">
        <ele>384.43</ele>
      </trkpt>
      <trkpt lat="37.63495001010597" lon="14.37074993737042">
        <ele>384.86</ele>
      </trkpt>
      <trkpt lat="37.63495998457074" lon="14.370799893513322">
        <ele>385.32</ele>
      </trkpt>
      <trkpt lat="37.63495998457074" lon="14.37081003561616">
        <ele>385.8</ele>
      </trkpt>
      <trkpt lat="37.63495998457074" lon="14.370850017294288">
        <ele>386.3</ele>
      </trkpt>
      <trkpt lat="37.63495998457074" lon="14.37087994068861">
        <ele>386.83</ele>
      </trkpt>
      <trkpt lat="37.63495998457074" lon="14.37102997675538">
        <ele>387.38</ele>
      </trkpt>
      <trkpt lat="37.63492997735739" lon="14.371259976178408">
        <ele>387.96</ele>
      </trkpt>
      <trkpt lat="37.634933330118656" lon="14.371540518477559">
        <ele>388.58</ele>
      </trkpt>
      <trkpt lat="37.634936682879925" lon="14.371821144595742">
        <ele>389.22</ele>
      </trkpt>
      <trkpt lat="37.63494003564119" lon="14.37210001051426">
        <ele>389.87</ele>
      </trkpt>
      <trkpt lat="37.634944980964065" lon="14.372320370748639">
        <ele>390.53</ele>
      </trkpt>
      <trkpt lat="37.63495001010597" lon="14.372539892792702">
        <ele>391.2</ele>
      </trkpt>
      <trkpt lat="37.63495001010597" lon="14.37266000546515">
        <ele>391.86</ele>
      </trkpt>
      <trkpt lat="37.63495001010597" lon="14.37268003821373">
        <ele>392.51</ele>
      </trkpt>
      <trkpt lat="37.63495998457074" lon="14.37281004153192">
        <ele>393.21</ele>
      </trkpt>
      <trkpt lat="37.634969959035516" lon="14.372879946604371">
        <ele>393.89</ele>
      </trkpt>
      <trkpt lat="37.63498001731932" lon="14.37293996103108">
        <ele>394.57</ele>
      </trkpt>
      <trkpt lat="37.63498001731932" lon="14.372989917173982">
        <ele>395.23</ele>
      </trkpt>
      <trkpt lat="37.63499996624887" lon="14.37304993160069">
        <ele>395.89</ele>
      </trkpt>
      <trkpt lat="37.63501999899745" lon="14.373139953240752">
        <ele>396.55</ele>
      </trkpt>
      <trkpt lat="37.63508001342416" lon="14.37332988716662">
        <ele>397.23</ele>
      </trkpt>
      <trkpt lat="37.635140027850866" lon="14.373510014265776">
        <ele>397.91</ele>
      </trkpt>
      <trkpt lat="37.63521001674235" lon="14.373739929869771">
        <ele>398.61</ele>
      </trkpt>
      <trkpt lat="37.63534002006054" lon="14.37388988211751">
        <ele>399.26</ele>
      </trkpt>
      <trkpt lat="37.63540003448725" lon="14.37394998036325">
        <ele>399.84</ele>
      </trkpt>
      <trkpt lat="37.63547991402447" lon="14.37403991818428">
        <ele>400.42</ele>
      </trkpt>
      <trkpt lat="37.63551997952163" lon="14.374070009216666">
        <ele>400.96</ele>
      </trkpt>
      <trkpt lat="37.63557999394834" lon="14.374139998108149">
        <ele>401.48</ele>
      </trkpt>
      <trkpt lat="37.63560991734266" lon="14.374200012534857">
        <ele>401.97</ele>
      </trkpt>
      <trkpt lat="37.63561997562647" lon="14.374219961464405">
        <ele>402.43</ele>
      </trkpt>
      <trkpt lat="37.63566004112363" lon="14.374279892072082">
        <ele>402.88</ele>
      </trkpt>
      <trkpt lat="37.63568988069892" lon="14.37435993924737">
        <ele>403.31</ele>
      </trkpt>
      <trkpt lat="37.63573003001511" lon="14.374439986422658">
        <ele>403.71</ele>
      </trkpt>
      <trkpt lat="37.63577001169324" lon="14.3745500408113">
        <ele>404.1</ele>
      </trkpt>
      <trkpt lat="37.63578996062279" lon="14.3746398948133">
        <ele>404.48</ele>
      </trkpt>
      <trkpt lat="37.63583002611995" lon="14.37485002912581">
        <ele>404.86</ele>
      </trkpt>
      <trkpt lat="37.6358600333333" lon="14.37506997026503">
        <ele>405.24</ele>
      </trkpt>
      <trkpt lat="37.635870007798076" lon="14.375139875337481">
        <ele>405.62</ele>
      </trkpt>
      <trkpt lat="37.635890040546656" lon="14.37519988976419">
        <ele>405.99</ele>
      </trkpt>
      <trkpt lat="37.63590001501143" lon="14.37525998800993">
        <ele>406.37</ele>
      </trkpt>
      <trkpt lat="37.63590990565717" lon="14.375289911404252">
        <ele>406.75</ele>
      </trkpt>
      <trkpt lat="37.63592993840575" lon="14.37532989308238">
        <ele>407.14</ele>
      </trkpt>
      <trkpt lat="37.63596002943814" lon="14.375380016863346">
        <ele>407.53</ele>
      </trkpt>
      <trkpt lat="37.63597000390291" lon="14.3754100240767">
        <ele>407.93</ele>
      </trkpt>
      <trkpt lat="37.63615993782878" lon="14.37568997964263">
        <ele>408.33</ele>
      </trkpt>
      <trkpt lat="37.636190028861165" lon="14.375729961320758">
        <ele>408.75</ele>
      </trkpt>
      <trkpt lat="37.636299999430776" lon="14.375900030136108">
        <ele>409.21</ele>
      </trkpt>
      <trkpt lat="37.636409970000386" lon="14.37607990577817">
        <ele>409.7</ele>
      </trkpt>
      <trkpt lat="37.636535027995706" lon="14.376275036484003">
        <ele>410.26</ele>
      </trkpt>
      <trkpt lat="37.63666000217199" lon="14.376469915732741">
        <ele>410.84</ele>
      </trkpt>
      <trkpt lat="37.63669000938535" lon="14.376520039513707">
        <ele>411.4</ele>
      </trkpt>
      <trkpt lat="37.63671993277967" lon="14.37656999565661">
        <ele>411.98</ele>
      </trkpt>
      <trkpt lat="37.636750023812056" lon="14.376630010083318">
        <ele>412.58</ele>
      </trkpt>
      <trkpt lat="37.63678003102541" lon="14.376690024510026">
        <ele>413.19</ele>
      </trkpt>
      <trkpt lat="37.63679997995496" lon="14.376739980652928">
        <ele>413.84</ele>
      </trkpt>
      <trkpt lat="37.6368098706007" lon="14.376779962331057">
        <ele>414.54</ele>
      </trkpt>
      <trkpt lat="37.63682001270354" lon="14.37685003504157">
        <ele>415.28</ele>
      </trkpt>
      <trkpt lat="37.63682001270354" lon="14.376919940114021">
        <ele>416.07</ele>
      </trkpt>
      <trkpt lat="37.6368098706007" lon="14.37697995454073">
        <ele>416.87</ele>
      </trkpt>
      <trkpt lat="37.63678992167115" lon="14.377049943432212">
        <ele>417.73</ele>
      </trkpt>
      <trkpt lat="37.63675999827683" lon="14.377120016142726">
        <ele>418.64</ele>
      </trkpt>
      <trkpt lat="37.63671993277967" lon="14.377210037782788">
        <ele>419.6</ele>
      </trkpt>
      <trkpt lat="37.63668003492057" lon="14.37728002667427">
        <ele>420.57</ele>
      </trkpt>
      <trkpt lat="37.636620020493865" lon="14.377349931746721">
        <ele>421.58</ele>
      </trkpt>
      <trkpt lat="37.636450035497546" lon="14.3775599822402">
        <ele>422.67</ele>
      </trkpt>
      <trkpt lat="37.636430002748966" lon="14.377589905634522">
        <ele>423.74</ele>
      </trkpt>
      <trkpt lat="37.63639002107084" lon="14.377659978345037">
        <ele>424.83</ele>
      </trkpt>
      <trkpt lat="37.63633000664413" lon="14.377789981663227">
        <ele>425.97</ele>
      </trkpt>
      <trkpt lat="37.63624987564981" lon="14.37800019979477">
        <ele>427.22</ele>
      </trkpt>
      <trkpt lat="37.636169996112585" lon="14.378209915012121">
        <ele>428.5</ele>
      </trkpt>
      <trkpt lat="37.63609003275633" lon="14.37839993275702">
        <ele>429.73</ele>
      </trkpt>
      <trkpt lat="37.63601987622678" lon="14.37857000157237">
        <ele>430.95</ele>
      </trkpt>
      <trkpt lat="37.63599003665149" lon="14.378649964928627">
        <ele>432.21</ele>
      </trkpt>
      <trkpt lat="37.63592993840575" lon="14.378800000995398">
        <ele>433.5</ele>
      </trkpt>
      <trkpt lat="37.63591996394098" lon="14.37895992770791">
        <ele>434.81</ele>
      </trkpt>
      <trkpt lat="37.63590990565717" lon="14.37912991270423">
        <ele>436.12</ele>
      </trkpt>
      <trkpt lat="37.63590990565717" lon="14.379199901595712">
        <ele>437.37</ele>
      </trkpt>
      <trkpt lat="37.635906636714935" lon="14.379503913223743">
        <ele>438.71</ele>
      </trkpt>
      <trkpt lat="37.63590328395367" lon="14.379807924851775">
        <ele>440.08</ele>
      </trkpt>
      <trkpt lat="37.63590001501143" lon="14.380110008642077">
        <ele>441.46</ele>
      </trkpt>
      <trkpt lat="37.635890040546656" lon="14.380259960889816">
        <ele>442.72</ele>
      </trkpt>
      <trkpt lat="37.63590001501143" lon="14.380339924246073">
        <ele>443.89</ele>
      </trkpt>
      <trkpt lat="37.63590001501143" lon="14.380560033023357">
        <ele>445.08</ele>
      </trkpt>
      <trkpt lat="37.63590001501143" lon="14.38058995641768">
        <ele>446.17</ele>
      </trkpt>
      <trkpt lat="37.63590982183814" lon="14.380709901452065">
        <ele>447.24</ele>
      </trkpt>
      <trkpt lat="37.63590990565717" lon="14.380709985271096">
        <ele>448.27</ele>
      </trkpt>
      <trkpt lat="37.635849975049496" lon="14.38067989423871">
        <ele>449.23</ele>
      </trkpt>
      <trkpt lat="37.63578996062279" lon="14.380649970844388">
        <ele>450.15</ele>
      </trkpt>
      <trkpt lat="37.63570999726653" lon="14.380579981952906">
        <ele>451.01</ele>
      </trkpt>
      <trkpt lat="37.63562995009124" lon="14.380579981952906">
        <ele>451.86</ele>
      </trkpt>
      <trkpt lat="37.63559985905886" lon="14.38060998916626">
        <ele>452.72</ele>
      </trkpt>
      <trkpt lat="37.63557999394834" lon="14.380639912560582">
        <ele>453.54</ele>
      </trkpt>
      <trkpt lat="37.63557999394834" lon="14.38067989423871">
        <ele>454.36</ele>
      </trkpt>
      <trkpt lat="37.63557999394834" lon="14.380690036341548">
        <ele>455.14</ele>
      </trkpt>
      <trkpt lat="37.63558988459408" lon="14.380749883130193">
        <ele>455.92</ele>
      </trkpt>
      <trkpt lat="37.63561997562647" lon="14.380779974162579">
        <ele>456.67</ele>
      </trkpt>
      <trkpt lat="37.635719971731305" lon="14.380879970267415">
        <ele>457.44</ele>
      </trkpt>
      <trkpt lat="37.63577001169324" lon="14.380969991907477">
        <ele>458.16</ele>
      </trkpt>
      <trkpt lat="37.63580001890659" lon="14.38106001354754">
        <ele>458.86</ele>
      </trkpt>
      <trkpt lat="37.63580999337137" lon="14.381089936941862">
        <ele>459.52</ele>
      </trkpt>
      <trkpt lat="37.635849975049496" lon="14.381179874762893">
        <ele>460.17</ele>
      </trkpt>
      <trkpt lat="37.635890040546656" lon="14.381219940260053">
        <ele>460.81</ele>
      </trkpt>
      <trkpt lat="37.63600998558104" lon="14.381229998543859">
        <ele>461.47</ele>
      </trkpt>
      <trkpt lat="37.63606991618872" lon="14.381229998543859">
        <ele>462.07</ele>
      </trkpt>
      <trkpt lat="37.63613001443446" lon="14.381209965795279">
        <ele>462.66</ele>
      </trkpt>
      <trkpt lat="37.63620997779071" lon="14.381179874762893">
        <ele>463.24</ele>
      </trkpt>
      <trkpt lat="37.63623998500407" lon="14.38116998411715">
        <ele>463.83</ele>
      </trkpt>
      <trkpt lat="37.63630997389555" lon="14.38116998411715">
        <ele>464.41</ele>
      </trkpt>
      <trkpt lat="37.63639002107084" lon="14.381209965795279">
        <ele>465.01</ele>
      </trkpt>
      <trkpt lat="37.636450035497546" lon="14.381269980221987">
        <ele>465.62</ele>
      </trkpt>
      <trkpt lat="37.63649999164045" lon="14.381369892507792">
        <ele>466.24</ele>
      </trkpt>
      <trkpt lat="37.63650996610522" lon="14.381439965218306">
        <ele>466.85</ele>
      </trkpt>
      <trkpt lat="37.63652002438903" lon="14.381499895825982">
        <ele>467.49</ele>
      </trkpt>
      <trkpt lat="37.6365299988538" lon="14.38157994300127">
        <ele>468.14</ele>
      </trkpt>
      <trkpt lat="37.63652002438903" lon="14.381680022925138">
        <ele>468.81</ele>
      </trkpt>
      <trkpt lat="37.63650996610522" lon="14.381769960746169">
        <ele>469.48</ele>
      </trkpt>
      <trkpt lat="37.63646990060806" lon="14.38207003287971">
        <ele>470.23</ele>
      </trkpt>
      <trkpt lat="37.63642002828419" lon="14.3822898901999">
        <ele>470.95</ele>
      </trkpt>
      <trkpt lat="37.63639002107084" lon="14.382389970123768">
        <ele>471.63</ele>
      </trkpt>
      <trkpt lat="37.636329839006066" lon="14.382625333964825">
        <ele>472.35</ele>
      </trkpt>
      <trkpt lat="37.63626999221742" lon="14.382860027253628">
        <ele>473.18</ele>
      </trkpt>
      <trkpt lat="37.63623001053929" lon="14.383009979501367">
        <ele>474.0</ele>
      </trkpt>
      <trkpt lat="37.636190028861165" lon="14.383120033890009">
        <ele>474.86</ele>
      </trkpt>
      <trkpt lat="37.636169996112585" lon="14.383139982819557">
        <ele>475.69</ele>
      </trkpt>
      <trkpt lat="37.636149963364005" lon="14.38316990621388">
        <ele>476.54</ele>
      </trkpt>
      <trkpt lat="37.63612003996968" lon="14.383199997246265">
        <ele>477.41</ele>
      </trkpt>
      <trkpt lat="37.6361000072211" lon="14.38320997171104">
        <ele>478.29</ele>
      </trkpt>
      <trkpt lat="37.63605994172394" lon="14.38323000445962">
        <ele>479.2</ele>
      </trkpt>
      <trkpt lat="37.63600998558104" lon="14.383259927853942">
        <ele>480.14</ele>
      </trkpt>
      <trkpt lat="37.63587998226285" lon="14.383290018886328">
        <ele>481.13</ele>
      </trkpt>
      <trkpt lat="37.63580001890659" lon="14.38329990953207">
        <ele>482.04</ele>
      </trkpt>
      <trkpt lat="37.635740004479885" lon="14.383330000564456">
        <ele>482.99</ele>
      </trkpt>
      <trkpt lat="37.63568988069892" lon="14.38336000777781">
        <ele>483.98</ele>
      </trkpt>
      <trkpt lat="37.6356700155884" lon="14.383399989455938">
        <ele>485.02</ele>
      </trkpt>
      <trkpt lat="37.63566004112363" lon="14.38344994559884">
        <ele>486.09</ele>
      </trkpt>
      <trkpt lat="37.63562995009124" lon="14.383569974452257">
        <ele>487.21</ele>
      </trkpt>
      <trkpt lat="37.63559985905886" lon="14.383689919486642">
        <ele>488.38</ele>
      </trkpt>
      <trkpt lat="37.63551997952163" lon="14.38387993723154">
        <ele>489.6</ele>
      </trkpt>
      <trkpt lat="37.635419983416796" lon="14.38402988947928">
        <ele>490.83</ele>
      </trkpt>
      <trkpt lat="37.63538000173867" lon="14.384099878370762">
        <ele>492.06</ele>
      </trkpt>
      <trkpt lat="37.635274892672896" lon="14.384335242211819">
        <ele>493.37</ele>
      </trkpt>
      <trkpt lat="37.63517003506422" lon="14.384569935500622">
        <ele>494.75</ele>
      </trkpt>
      <trkpt lat="37.635119995102286" lon="14.384699938818812">
        <ele>496.05</ele>
      </trkpt>
      <trkpt lat="37.63502988964319" lon="14.384895153343678">
        <ele>497.39</ele>
      </trkpt>
      <trkpt lat="37.63494003564119" lon="14.385090032592416">
        <ele>498.74</ele>
      </trkpt>
      <trkpt lat="37.63491002842784" lon="14.38514987938106">
        <ele>500.06</ele>
      </trkpt>
      <trkpt lat="37.63482998125255" lon="14.385429918766022">
        <ele>501.47</ele>
      </trkpt>
      <trkpt lat="37.63476996682584" lon="14.38566000200808">
        <ele>502.82</ele>
      </trkpt>
      <trkpt lat="37.63476996682584" lon="14.385720016434789">
        <ele>504.17</ele>
      </trkpt>
      <trkpt lat="37.63474993407726" lon="14.38580995425582">
        <ele>505.51</ele>
      </trkpt>
      <trkpt lat="37.63466485776007" lon="14.386010197922587">
        <ele>506.97</ele>
      </trkpt>
      <trkpt lat="37.634580032899976" lon="14.386210022494197">
        <ele>508.36</ele>
      </trkpt>
      <trkpt lat="37.63449998572469" lon="14.38636994920671">
        <ele>509.7</ele>
      </trkpt>
      <trkpt lat="37.63449001125991" lon="14.38641001470387">
        <ele>511.06</ele>
      </trkpt>
      <trkpt lat="37.634369814768434" lon="14.386683600023389">
        <ele>512.5</ele>
      </trkpt>
      <trkpt lat="37.634249702095985" lon="14.38695726916194">
        <ele>513.9</ele>
      </trkpt>
      <trkpt lat="37.634130008518696" lon="14.38722993247211">
        <ele>515.2</ele>
      </trkpt>
      <trkpt lat="37.63404996134341" lon="14.38740000128746">
        <ele>516.48</ele>
      </trkpt>
      <trkpt lat="37.63403001241386" lon="14.387439982965589">
        <ele>517.75</ele>
      </trkpt>
      <trkpt lat="37.63396002352238" lon="14.38759001903236">
        <ele>519.08</ele>
      </trkpt>
      <trkpt lat="37.6339399907738" lon="14.387630000710487">
        <ele>520.31</ele>
      </trkpt>
      <trkpt lat="37.63377998024225" lon="14.387929989024997">
        <ele>521.69</ele>
      </trkpt>
      <trkpt lat="37.63370999135077" lon="14.388120006769896">
        <ele>522.91</ele>
      </trkpt>
      <trkpt lat="37.633700016885996" lon="14.388169962912798">
        <ele>524.07</ele>
      </trkpt>
      <trkpt lat="37.63364000245929" lon="14.38838998787105">
        <ele>525.28</ele>
      </trkpt>
      <trkpt lat="37.63360999524593" lon="14.38851990737021">
        <ele>526.4</ele>
      </trkpt>
      <trkpt lat="37.63360002078116" lon="14.388570031151175">
        <ele>527.47</ele>
      </trkpt>
      <trkpt lat="37.63357998803258" lon="14.388609929010272">
        <ele>528.5</ele>
      </trkpt>
      <trkpt lat="37.63351997360587" lon="14.38862987793982">
        <ele>529.45</ele>
      </trkpt>
      <trkpt lat="37.63337002135813" lon="14.388619987294078">
        <ele>530.31</ele>
      </trkpt>
      <trkpt lat="37.6333199813962" lon="14.388619987294078">
        <ele>531.16</ele>
      </trkpt>
      <trkpt lat="37.63330003246665" lon="14.388619987294078">
        <ele>531.99</ele>
      </trkpt>
      <trkpt lat="37.63324982486665" lon="14.3886499106884">
        <ele>532.79</ele>
      </trkpt>
      <trkpt lat="37.63318997807801" lon="14.388680001720786">
        <ele>533.55</ele>
      </trkpt>
      <trkpt lat="37.63314999639988" lon="14.388749990612268">
        <ele>534.35</ele>
      </trkpt>
      <trkpt lat="37.6331299636513" lon="14.38881997950375">
        <ele>535.13</ele>
      </trkpt>
      <trkpt lat="37.6331299636513" lon="14.38884001225233">
        <ele>535.82</ele>
      </trkpt>
      <trkpt lat="37.633119989186525" lon="14.388889884576201">
        <ele>536.51</ele>
      </trkpt>
      <trkpt lat="37.63310004025698" lon="14.38894989900291">
        <ele>537.21</ele>
      </trkpt>
      <trkpt lat="37.6330800075084" lon="14.38898996450007">
        <ele>537.84</ele>
      </trkpt>
      <trkpt lat="37.63305997475982" lon="14.38900999724865">
        <ele>538.4</ele>
      </trkpt>
      <trkpt lat="37.63301999308169" lon="14.3890799023211">
        <ele>539.0</ele>
      </trkpt>
      <trkpt lat="37.63295997865498" lon="14.38914000056684">
        <ele>539.57</ele>
      </trkpt>
      <trkpt lat="37.6328899897635" lon="14.389149891212583">
        <ele>540.01</ele>
      </trkpt>
      <trkpt lat="37.63285989873111" lon="14.38914000056684">
        <ele>540.4</ele>
      </trkpt>
      <trkpt lat="37.632820000872016" lon="14.389130026102066">
        <ele>540.76</ele>
      </trkpt>
      <trkpt lat="37.63274003751576" lon="14.38914000056684">
        <ele>541.08</ele>
      </trkpt>
      <trkpt lat="37.6326500158757" lon="14.389179982244968">
        <ele>541.41</ele>
      </trkpt>
      <trkpt lat="37.63259989209473" lon="14.38920990563929">
        <ele>541.73</ele>
      </trkpt>
      <trkpt lat="37.63251003809273" lon="14.389260029420257">
        <ele>542.0</ele>
      </trkpt>
      <trkpt lat="37.63242001645267" lon="14.38929003663361">
        <ele>542.17</ele>
      </trkpt>
      <trkpt lat="37.63229990378022" lon="14.389349967241287">
        <ele>542.33</ele>
      </trkpt>
      <trkpt lat="37.632239973172545" lon="14.389390032738447">
        <ele>542.57</ele>
      </trkpt>
      <trkpt lat="37.63216998428106" lon="14.38943998888135">
        <ele>542.82</ele>
      </trkpt>
      <trkpt lat="37.63206998817623" lon="14.389520036056638">
        <ele>543.12</ele>
      </trkpt>
      <trkpt lat="37.6320300064981" lon="14.389560017734766">
        <ele>543.37</ele>
      </trkpt>
      <trkpt lat="37.6320300064981" lon="14.38956999219954">
        <ele>543.63</ele>
      </trkpt>
      <trkpt lat="37.63201994821429" lon="14.389599915593863">
        <ele>543.9</ele>
      </trkpt>
      <trkpt lat="37.63199991546571" lon="14.38963989727199">
        <ele>544.18</ele>
      </trkpt>
      <trkpt lat="37.63197988271713" lon="14.38967996276915">
        <ele>544.47</ele>
      </trkpt>
      <trkpt lat="37.63194995932281" lon="14.38972002826631">
        <ele>544.79</ele>
      </trkpt>
      <trkpt lat="37.63190997764468" lon="14.389760009944439">
        <ele>545.12</ele>
      </trkpt>
      <trkpt lat="37.63187997043133" lon="14.389769900590181">
        <ele>545.38</ele>
      </trkpt>
      <trkpt lat="37.63184987939894" lon="14.389779958873987">
        <ele>545.65</ele>
      </trkpt>
      <trkpt lat="37.63173999264836" lon="14.38982991501689">
        <ele>545.93</ele>
      </trkpt>
      <trkpt lat="37.63167000375688" lon="14.38986998051405">
        <ele>546.23</ele>
      </trkpt>
      <trkpt lat="37.6316000148654" lon="14.389909962192178">
        <ele>546.53</ele>
      </trkpt>
      <trkpt lat="37.63156003318727" lon="14.389929994940758">
        <ele>546.81</ele>
      </trkpt>
      <trkpt lat="37.6314599532634" lon="14.390009874477983">
        <ele>547.12</ele>
      </trkpt>
      <trkpt lat="37.6314099971205" lon="14.390049939975142">
        <ele>547.41</ele>
      </trkpt>
      <trkpt lat="37.6313600409776" lon="14.390099979937077">
        <ele>547.7</ele>
      </trkpt>
      <trkpt lat="37.63133003376424" lon="14.39012998715043">
        <ele>548.0</ele>
      </trkpt>
      <trkpt lat="37.63131000101566" lon="14.390179943293333">
        <ele>548.38</ele>
      </trkpt>
      <trkpt lat="37.63125996105373" lon="14.390310030430555">
        <ele>548.83</ele>
      </trkpt>
      <trkpt lat="37.63121000491083" lon="14.390420001000166">
        <ele>549.23</ele>
      </trkpt>
      <trkpt lat="37.63115996494889" lon="14.390479931607842">
        <ele>549.6</ele>
      </trkpt>
      <trkpt lat="37.63111000880599" lon="14.390529971569777">
        <ele>549.93</ele>
      </trkpt>
      <trkpt lat="37.631059968844056" lon="14.39058001153171">
        <ele>550.23</ele>
      </trkpt>
      <trkpt lat="37.63101998716593" lon="14.390649916604161">
        <ele>550.56</ele>
      </trkpt>
      <trkpt lat="37.63098989613354" lon="14.390700040385127">
        <ele>550.93</ele>
      </trkpt>
      <trkpt lat="37.630970031023026" lon="14.39077002927661">
        <ele>551.35</ele>
      </trkpt>
      <trkpt lat="37.630949998274446" lon="14.390870025381446">
        <ele>551.82</ele>
      </trkpt>
      <trkpt lat="37.63091001659632" lon="14.39120002090931">
        <ele>552.32</ele>
      </trkpt>
      <trkpt lat="37.63088998384774" lon="14.391349973157048">
        <ele>552.76</ele>
      </trkpt>
      <trkpt lat="37.63089987449348" lon="14.391349973157048">
        <ele>553.22</ele>
      </trkpt>
      <trkpt lat="37.63091001659632" lon="14.39146002754569">
        <ele>553.73</ele>
      </trkpt>
      <trkpt lat="37.630949998274446" lon="14.391669994220138">
        <ele>554.35</ele>
      </trkpt>
      <trkpt lat="37.63095997273922" lon="14.39169991761446">
        <ele>554.82</ele>
      </trkpt>
      <trkpt lat="37.63095997273922" lon="14.39180988818407">
        <ele>555.28</ele>
      </trkpt>
      <trkpt lat="37.630949998274446" lon="14.39189001917839">
        <ele>555.73</ele>
      </trkpt>
      <trkpt lat="37.630949998274446" lon="14.391919942572713">
        <ele>556.19</ele>
      </trkpt>
      <trkpt lat="37.63091999106109" lon="14.392069894820452">
        <ele>556.61</ele>
      </trkpt>
      <trkpt lat="37.630929965525866" lon="14.392120018601418">
        <ele>557.11</ele>
      </trkpt>
      <trkpt lat="37.630929965525866" lon="14.39212990924716">
        <ele>557.58</ele>
      </trkpt>
      <trkpt lat="37.630929965525866" lon="14.392160000279546">
        <ele>558.06</ele>
      </trkpt>
      <trkpt lat="37.63094002380967" lon="14.392180033028126">
        <ele>558.54</ele>
      </trkpt>
      <trkpt lat="37.63095997273922" lon="14.39221004024148">
        <ele>559.04</ele>
      </trkpt>
      <trkpt lat="37.630970031023026" lon="14.392229989171028">
        <ele>559.52</ele>
      </trkpt>
      <trkpt lat="37.63098989613354" lon="14.39223987981677">
        <ele>560.02</ele>
      </trkpt>
      <trkpt lat="37.63100003823638" lon="14.39223987981677">
        <ele>560.5</ele>
      </trkpt>
      <trkpt lat="37.63101998716593" lon="14.392250021919608">
        <ele>561.0</ele>
      </trkpt>
      <trkpt lat="37.63104001991451" lon="14.39223987981677">
        <ele>561.5</ele>
      </trkpt>
      <trkpt lat="37.631059968844056" lon="14.39223987981677">
        <ele>562.0</ele>
      </trkpt>
      <trkpt lat="37.63107002712786" lon="14.39223987981677">
        <ele>562.48</ele>
      </trkpt>
      <trkpt lat="37.631080001592636" lon="14.392229989171028">
        <ele>562.96</ele>
      </trkpt>
      <trkpt lat="37.63108997605741" lon="14.392219930887222">
        <ele>563.44</ele>
      </trkpt>
      <trkpt lat="37.63111000880599" lon="14.392199898138642">
        <ele>563.95</ele>
      </trkpt>
      <trkpt lat="37.63111989945173" lon="14.392180033028126">
        <ele>564.43</ele>
      </trkpt>
      <trkpt lat="37.63111989945173" lon="14.39216997474432">
        <ele>564.91</ele>
      </trkpt>
      <trkpt lat="37.63113004155457" lon="14.39212990924716">
        <ele>565.42</ele>
      </trkpt>
      <trkpt lat="37.63113004155457" lon="14.392099985852838">
        <ele>565.92</ele>
      </trkpt>
      <trkpt lat="37.63113004155457" lon="14.392029996961355">
        <ele>566.44</ele>
      </trkpt>
      <trkpt lat="37.63111000880599" lon="14.391909968107939">
        <ele>566.93</ele>
      </trkpt>
      <trkpt lat="37.63108997605741" lon="14.391690026968718">
        <ele>567.39</ele>
      </trkpt>
      <trkpt lat="37.631080001592636" lon="14.391620038077235">
        <ele>567.89</ele>
      </trkpt>
      <trkpt lat="37.63107002712786" lon="14.391390038654208">
        <ele>568.35</ele>
      </trkpt>
      <trkpt lat="37.63111000880599" lon="14.39115995541215">
        <ele>568.83</ele>
      </trkpt>
      <trkpt lat="37.63111989945173" lon="14.391109999269247">
        <ele>569.37</ele>
      </trkpt>
      <trkpt lat="37.63113004155457" lon="14.391070017591119">
        <ele>569.96</ele>
      </trkpt>
      <trkpt lat="37.63115996494889" lon="14.390979995951056">
        <ele>570.55</ele>
      </trkpt>
      <trkpt lat="37.6312199793756" lon="14.390889890491962">
        <ele>571.22</ele>
      </trkpt>
      <trkpt lat="37.63130002655089" lon="14.39081990160048">
        <ele>571.94</ele>
      </trkpt>
      <trkpt lat="37.6314099971205" lon="14.39077002927661">
        <ele>572.75</ele>
      </trkpt>
      <trkpt lat="37.63147998601198" lon="14.390740022063255">
        <ele>573.49</ele>
      </trkpt>
      <trkpt lat="37.63161996379495" lon="14.390680007636547">
        <ele>574.27</ele>
      </trkpt>
      <trkpt lat="37.6316499710083" lon="14.390669949352741">
        <ele>574.99</ele>
      </trkpt>
      <trkpt lat="37.63167000375688" lon="14.390659974887967">
        <ele>575.72</ele>
      </trkpt>
      <trkpt lat="37.63182003982365" lon="14.390609934926033">
        <ele>576.57</ele>
      </trkpt>
      <trkpt lat="37.631830014288425" lon="14.390609934926033">
        <ele>577.33</ele>
      </trkpt>
      <trkpt lat="37.63190997764468" lon="14.390589902177453">
        <ele>578.18</ele>
      </trkpt>
      <trkpt lat="37.63197988271713" lon="14.39058001153171">
        <ele>579.03</ele>
      </trkpt>
      <trkpt lat="37.63203998096287" lon="14.390599960461259">
        <ele>579.89</ele>
      </trkpt>
      <trkpt lat="37.63209002092481" lon="14.390619993209839">
        <ele>580.74</ele>
      </trkpt>
      <trkpt lat="37.63212002813816" lon="14.390629883855581">
        <ele>581.53</ele>
      </trkpt>
      <trkpt lat="37.63216000981629" lon="14.390640025958419">
        <ele>582.33</ele>
      </trkpt>
      <trkpt lat="37.63219999149442" lon="14.390640025958419">
        <ele>583.09</ele>
      </trkpt>
      <trkpt lat="37.632260005921125" lon="14.390629883855581">
        <ele>583.87</ele>
      </trkpt>
      <trkpt lat="37.63232999481261" lon="14.39058001153171">
        <ele>584.5</ele>
      </trkpt>
      <trkpt lat="37.63233996927738" lon="14.390570037066936">
        <ele>585.14</ele>
      </trkpt>
      <trkpt lat="37.63239989988506" lon="14.390550004318357">
        <ele>585.74</ele>
      </trkpt>
      <trkpt lat="37.63242001645267" lon="14.390550004318357">
        <ele>586.36</ele>
      </trkpt>
      <trkpt lat="37.6324599981308" lon="14.39053994603455">
        <ele>586.94</ele>
      </trkpt>
      <trkpt lat="37.63249000534415" lon="14.39053994603455">
        <ele>587.51</ele>
      </trkpt>
      <trkpt lat="37.63252001255751" lon="14.390550004318357">
        <ele>588.07</ele>
      </trkpt>
      <trkpt lat="37.63242990709841" lon="14.390609934926033">
        <ele>588.68</ele>
      </trkpt>
      <trkpt lat="37.632369976490736" lon="14.390649916604161">
        <ele>589.24</ele>
      </trkpt>
      <trkpt lat="37.63233996927738" lon="14.390669949352741">
        <ele>589.75</ele>
      </trkpt>
      <trkpt lat="37.632309878244996" lon="14.39068989828229">
        <ele>590.23</ele>
      </trkpt>
      <trkpt lat="37.63216000981629" lon="14.390779919922352">
        <ele>590.61</ele>
      </trkpt>
      <trkpt lat="37.63200997374952" lon="14.390849992632866">
        <ele>590.86</ele>
      </trkpt>
      <trkpt lat="37.63199991546571" lon="14.39085996709764">
        <ele>591.27</ele>
      </trkpt>
      <trkpt lat="37.631939984858036" lon="14.390889890491962">
        <ele>591.62</ele>
      </trkpt>
      <trkpt lat="37.63190997764468" lon="14.3909000325948">
        <ele>591.98</ele>
      </trkpt>
      <trkpt lat="37.63184987939894" lon="14.390929955989122">
        <ele>592.31</ele>
      </trkpt>
      <trkpt lat="37.63176002539694" lon="14.39098997041583">
        <ele>592.69</ele>
      </trkpt>
      <trkpt lat="37.63173001818359" lon="14.391019893810153">
        <ele>593.08</ele>
      </trkpt>
      <trkpt lat="37.63169003650546" lon="14.391070017591119">
        <ele>593.47</ele>
      </trkpt>
      <trkpt lat="37.6317900326103" lon="14.391070017591119">
        <ele>593.89</ele>
      </trkpt>
      <trkpt lat="37.63182003982365" lon="14.391059875488281">
        <ele>594.23</ele>
      </trkpt>
      <trkpt lat="37.63192003592849" lon="14.391019893810153">
        <ele>594.57</ele>
      </trkpt>
      <trkpt lat="37.63205003924668" lon="14.39096993766725">
        <ele>595.01</ele>
      </trkpt>
      <trkpt lat="37.63209999538958" lon="14.390940014272928">
        <ele>595.35</ele>
      </trkpt>
      <trkpt lat="37.63219999149442" lon="14.390889890491962">
        <ele>595.79</ele>
      </trkpt>
      <trkpt lat="37.63220996595919" lon="14.390889890491962">
        <ele>596.11</ele>
      </trkpt>
      <trkpt lat="37.6322699803859" lon="14.39085996709764">
        <ele>596.49</ele>
      </trkpt>
      <trkpt lat="37.63235002756119" lon="14.390829959884286">
        <ele>596.79</ele>
      </trkpt>
      <trkpt lat="37.63252001255751" lon="14.390759887173772">
        <ele>597.02</ele>
      </trkpt>
      <trkpt lat="37.63261003419757" lon="14.390719989314675">
        <ele>597.27</ele>
      </trkpt>
      <trkpt lat="37.63265999034047" lon="14.390700040385127">
        <ele>597.52</ele>
      </trkpt>
      <trkpt lat="37.632710030302405" lon="14.390669949352741">
        <ele>597.75</ele>
      </trkpt>
      <trkpt lat="37.6327499281615" lon="14.390659974887967">
        <ele>597.99</ele>
      </trkpt>
      <trkpt lat="37.632799968123436" lon="14.390640025958419">
        <ele>598.22</ele>
      </trkpt>
      <trkpt lat="37.63281002640724" lon="14.390629883855581">
        <ele>598.42</ele>
      </trkpt>
      <trkpt lat="37.63291002251208" lon="14.390599960461259">
        <ele>598.63</ele>
      </trkpt>
      <trkpt lat="37.63295997865498" lon="14.390589902177453">
        <ele>598.83</ele>
      </trkpt>
      <trkpt lat="37.63308998197317" lon="14.390550004318357">
        <ele>598.98</ele>
      </trkpt>
      <trkpt lat="37.633229959756136" lon="14.390489989891648">
        <ele>599.19</ele>
      </trkpt>
      <trkpt lat="37.63337999582291" lon="14.39045000821352">
        <ele>599.4</ele>
      </trkpt>
      <trkpt lat="37.63350002467632" lon="14.390420001000166">
        <ele>599.61</ele>
      </trkpt>
      <trkpt lat="37.63366003520787" lon="14.390380019322038">
        <ele>599.89</ele>
      </trkpt>
      <trkpt lat="37.63383999466896" lon="14.39034003764391">
        <ele>600.02</ele>
      </trkpt>
      <trkpt lat="37.63404996134341" lon="14.39025990664959">
        <ele>600.05</ele>
      </trkpt>
      <trkpt lat="37.63422003015876" lon="14.390190001577139">
        <ele>600.17</ele>
      </trkpt>
      <trkpt lat="37.6342798769474" lon="14.390169968828559">
        <ele>600.36</ele>
      </trkpt>
      <trkpt lat="37.63446997851133" lon="14.39010995440185">
        <ele>600.61</ele>
      </trkpt>
      <trkpt lat="37.634560000151396" lon="14.390080031007528">
        <ele>600.77</ele>
      </trkpt>
      <trkpt lat="37.634669970721006" lon="14.390059998258948">
        <ele>600.92</ele>
      </trkpt>
      <trkpt lat="37.6347999740392" lon="14.390029907226562">
        <ele>601.07</ele>
      </trkpt>
      <trkpt lat="37.63488999567926" lon="14.38999998383224">
        <ele>601.2</ele>
      </trkpt>
      <trkpt lat="37.635039864107966" lon="14.3899398855865">
        <ele>601.32</ele>
      </trkpt>
      <trkpt lat="37.63512988574803" lon="14.389919936656952">
        <ele>601.49</ele>
      </trkpt>
      <trkpt lat="37.63531998731196" lon="14.389860006049275">
        <ele>601.67</ele>
      </trkpt>
      <trkpt lat="37.63551997952163" lon="14.38980988226831">
        <ele>601.83</ele>
      </trkpt>
      <trkpt lat="37.63559985905886" lon="14.38986998051405">
        <ele>602.03</ele>
      </trkpt>
      <trkpt lat="37.635740004479885" lon="14.389969976618886">
        <ele>602.19</ele>
      </trkpt>
      <trkpt lat="37.63583002611995" lon="14.390049939975142">
        <ele>602.39</ele>
      </trkpt>
      <trkpt lat="37.63590990565717" lon="14.390120012685657">
        <ele>602.57</ele>
      </trkpt>
      <trkpt lat="37.63605994172394" lon="14.390239957720041">
        <ele>602.77</ele>
      </trkpt>
      <trkpt lat="37.63615993782878" lon="14.39032000489533">
        <ele>602.94</ele>
      </trkpt>
      <trkpt lat="37.63620997779071" lon="14.390359986573458">
        <ele>603.12</ele>
      </trkpt>
      <trkpt lat="37.63630997389555" lon="14.390440033748746">
        <ele>603.29</ele>
      </trkpt>
      <trkpt lat="37.63652002438903" lon="14.390609934926033">
        <ele>603.46</ele>
      </trkpt>
      <trkpt lat="37.636709958314896" lon="14.390779919922352">
        <ele>603.67</ele>
      </trkpt>
      <trkpt lat="37.63683979399502" lon="14.390894835814834">
        <ele>603.94</ele>
      </trkpt>
      <trkpt lat="37.63696996495128" lon="14.39101000316441">
        <ele>604.22</ele>
      </trkpt>
      <trkpt lat="37.637180015444756" lon="14.39117998816073">
        <ele>604.51</ele>
      </trkpt>
      <trkpt lat="37.63719988055527" lon="14.391209911555052">
        <ele>604.78</ele>
      </trkpt>
      <trkpt lat="37.63727003708482" lon="14.39126992598176">
        <ele>605.05</ele>
      </trkpt>
      <trkpt lat="37.637424850836396" lon="14.391399845480919">
        <ele>605.31</ele>
      </trkpt>
      <trkpt lat="37.6375799998641" lon="14.391529932618141">
        <ele>605.58</ele>
      </trkpt>
      <trkpt lat="37.637610007077456" lon="14.391560023650527">
        <ele>605.9</ele>
      </trkpt>
      <trkpt lat="37.63776984997094" lon="14.391699833795428">
        <ele>606.24</ele>
      </trkpt>
      <trkpt lat="37.63792994432151" lon="14.391839979216456">
        <ele>606.65</ele>
      </trkpt>
      <trkpt lat="37.63797000981867" lon="14.391879877075553">
        <ele>607.03</ele>
      </trkpt>
      <trkpt lat="37.63811996206641" lon="14.39199990592897">
        <ele>607.47</ele>
      </trkpt>
      <trkpt lat="37.63826002366841" lon="14.39212990924716">
        <ele>607.87</ele>
      </trkpt>
      <trkpt lat="37.63836999423802" lon="14.392219930887222">
        <ele>608.28</ele>
      </trkpt>
      <trkpt lat="37.63853997923434" lon="14.392389915883541">
        <ele>608.72</ele>
      </trkpt>
      <trkpt lat="37.638620026409626" lon="14.392569959163666">
        <ele>609.17</ele>
      </trkpt>
      <trkpt lat="37.63865003362298" lon="14.392649922519922">
        <ele>609.61</ele>
      </trkpt>
      <trkpt lat="37.63876000419259" lon="14.392839940264821">
        <ele>610.03</ele>
      </trkpt>
      <trkpt lat="37.63889000751078" lon="14.393079914152622">
        <ele>610.47</ele>
      </trkpt>
      <trkpt lat="37.638920014724135" lon="14.39313992857933">
        <ele>610.97</ele>
      </trkpt>
      <trkpt lat="37.639050018042326" lon="14.39337001182139">
        <ele>611.49</ele>
      </trkpt>
      <trkpt lat="37.63912998139858" lon="14.393509905785322">
        <ele>612.04</ele>
      </trkpt>
      <trkpt lat="37.63916996307671" lon="14.393600011244416">
        <ele>612.59</ele>
      </trkpt>
      <trkpt lat="37.63918999582529" lon="14.393639909103513">
        <ele>613.16</ele>
      </trkpt>
      <trkpt lat="37.6392999663949" lon="14.393839985132217">
        <ele>613.78</ele>
      </trkpt>
      <trkpt lat="37.63934003189206" lon="14.393920032307506">
        <ele>614.38</ele>
      </trkpt>
      <trkpt lat="37.63949987478554" lon="14.394219936802983">
        <ele>615.01</ele>
      </trkpt>
      <trkpt lat="37.63957003131509" lon="14.39435999840498">
        <ele>615.62</ele>
      </trkpt>
      <trkpt lat="37.63962987810373" lon="14.394459994509816">
        <ele>616.22</ele>
      </trkpt>
      <trkpt lat="37.63978997245431" lon="14.3947699572891">
        <ele>616.84</ele>
      </trkpt>
      <trkpt lat="37.63987999409437" lon="14.39494002610445">
        <ele>617.47</ele>
      </trkpt>
      <trkpt lat="37.64001678675413" lon="14.395206905901432">
        <ele>618.12</ele>
      </trkpt>
      <trkpt lat="37.64015357941389" lon="14.395473785698414">
        <ele>618.81</ele>
      </trkpt>
      <trkpt lat="37.64029003679752" lon="14.39573991112411">
        <ele>619.47</ele>
      </trkpt>
      <trkpt lat="37.64037000015378" lon="14.395860023796558">
        <ele>620.1</ele>
      </trkpt>
      <trkpt lat="37.64052003622055" lon="14.396139979362488">
        <ele>620.76</ele>
      </trkpt>
      <trkpt lat="37.64065003953874" lon="14.396405182778835">
        <ele>621.44</ele>
      </trkpt>
      <trkpt lat="37.6407799590379" lon="14.396669883280993">
        <ele>622.1</ele>
      </trkpt>
      <trkpt lat="37.64086000621319" lon="14.396829977631569">
        <ele>622.73</ele>
      </trkpt>
      <trkpt lat="37.64086998067796" lon="14.396869959309697">
        <ele>623.33</ele>
      </trkpt>
      <trkpt lat="37.64095991849899" lon="14.397019995376468">
        <ele>623.93</ele>
      </trkpt>
      <trkpt lat="37.64109998010099" lon="14.397340016439557">
        <ele>624.6</ele>
      </trkpt>
      <trkpt lat="37.64118002727628" lon="14.397530034184456">
        <ele>625.23</ele>
      </trkpt>
      <trkpt lat="37.64126996509731" lon="14.397719884291291">
        <ele>625.82</ele>
      </trkpt>
      <trkpt lat="37.64135998673737" lon="14.397919960319996">
        <ele>626.32</ele>
      </trkpt>
      <trkpt lat="37.64142997562885" lon="14.39807997085154">
        <ele>626.8</ele>
      </trkpt>
      <trkpt lat="37.641519997268915" lon="14.398330003023148">
        <ele>627.26</ele>
      </trkpt>
      <trkpt lat="37.6415899861604" lon="14.398449948057532">
        <ele>627.72</ele>
      </trkpt>
      <trkpt lat="37.64161999337375" lon="14.398599900305271">
        <ele>628.18</ele>
      </trkpt>
      <trkpt lat="37.641629967838526" lon="14.3986398819834">
        <ele>628.65</ele>
      </trkpt>
      <trkpt lat="37.64172996394336" lon="14.398889997974038">
        <ele>629.13</ele>
      </trkpt>
      <trkpt lat="37.64174002222717" lon="14.39893995411694">
        <ele>629.58</ele>
      </trkpt>
      <trkpt lat="37.641759971156716" lon="14.3989800196141">
        <ele>630.02</ele>
      </trkpt>
      <trkpt lat="37.64185996726155" lon="14.39925997518003">
        <ele>630.48</ele>
      </trkpt>
      <trkpt lat="37.64187002554536" lon="14.399289898574352">
        <ele>630.91</ele>
      </trkpt>
      <trkpt lat="37.64188000001013" lon="14.399380004033446">
        <ele>631.35</ele>
      </trkpt>
      <trkpt lat="37.64191503636539" lon="14.399675549939275">
        <ele>631.83</ele>
      </trkpt>
      <trkpt lat="37.641949988901615" lon="14.39996992237866">
        <ele>632.28</ele>
      </trkpt>
      <trkpt lat="37.641949988901615" lon="14.400039911270142">
        <ele>632.69</ele>
      </trkpt>
      <trkpt lat="37.641970021650195" lon="14.400239987298846">
        <ele>633.08</ele>
      </trkpt>
      <trkpt lat="37.64198997057974" lon="14.400319950655103">
        <ele>633.47</ele>
      </trkpt>
      <trkpt lat="37.64201000332832" lon="14.400430005043745">
        <ele>633.85</ele>
      </trkpt>
      <trkpt lat="37.64204001054168" lon="14.40054995007813">
        <ele>634.24</ele>
      </trkpt>
      <trkpt lat="37.64213992282748" lon="14.400760000571609">
        <ele>634.65</ele>
      </trkpt>
      <trkpt lat="37.642209995537996" lon="14.400879945605993">
        <ele>635.05</ele>
      </trkpt>
      <trkpt lat="37.642230028286576" lon="14.400929985567927">
        <ele>635.46</ele>
      </trkpt>
      <trkpt lat="37.64226992614567" lon="14.40104003995657">
        <ele>635.87</ele>
      </trkpt>
      <trkpt lat="37.64230001717806" lon="14.401219915598631">
        <ele>636.32</ele>
      </trkpt>
      <trkpt lat="37.64227998442948" lon="14.401309937238693">
        <ele>636.74</ele>
      </trkpt>
      <trkpt lat="37.64227998442948" lon="14.401349918916821">
        <ele>637.17</ele>
      </trkpt>
      <trkpt lat="37.64226992614567" lon="14.40142996609211">
        <ele>637.6</ele>
      </trkpt>
      <trkpt lat="37.64226992614567" lon="14.401529962196946">
        <ele>638.04</ele>
      </trkpt>
      <trkpt lat="37.64226992614567" lon="14.401679998263717">
        <ele>638.51</ele>
      </trkpt>
      <trkpt lat="37.64231996610761" lon="14.40196992829442">
        <ele>639.02</ele>
      </trkpt>
      <trkpt lat="37.642379980534315" lon="14.402320040389895">
        <ele>639.56</ele>
      </trkpt>
      <trkpt lat="37.64245508238673" lon="14.402515171095729">
        <ele>640.04</ele>
      </trkpt>
      <trkpt lat="37.642530016601086" lon="14.402709966525435">
        <ele>640.52</ele>
      </trkpt>
      <trkpt lat="37.64269002713263" lon="14.403029903769493">
        <ele>641.01</ele>
      </trkpt>
      <trkpt lat="37.64282003045082" lon="14.40325990319252">
        <ele>641.46</ele>
      </trkpt>
      <trkpt lat="37.642960008233786" lon="14.403499877080321">
        <ele>641.91</ele>
      </trkpt>
      <trkpt lat="37.6430800370872" lon="14.403629880398512">
        <ele>642.36</ele>
      </trkpt>
      <trkpt lat="37.64329000376165" lon="14.403870021924376">
        <ele>642.83</ele>
      </trkpt>
      <trkpt lat="37.64338983222842" lon="14.403940010815859">
        <ele>643.29</ele>
      </trkpt>
      <trkpt lat="37.64345998875797" lon="14.403969934210181">
        <ele>643.75</ele>
      </trkpt>
      <trkpt lat="37.64352997764945" lon="14.404000025242567">
        <ele>644.21</ele>
      </trkpt>
      <trkpt lat="37.64359996654093" lon="14.40400991588831">
        <ele>644.67</ele>
      </trkpt>
      <trkpt lat="37.64367003925145" lon="14.40407001413405">
        <ele>645.12</ele>
      </trkpt>
      <trkpt lat="37.64371999539435" lon="14.4041399192065">
        <ele>645.56</ele>
      </trkpt>
      <trkpt lat="37.64388998039067" lon="14.404339911416173">
        <ele>646.04</ele>
      </trkpt>
      <trkpt lat="37.64398989267647" lon="14.40447997301817">
        <ele>646.48</ele>
      </trkpt>
      <trkpt lat="37.64388998039067" lon="14.404529929161072">
        <ele>646.86</ele>
      </trkpt>
      <trkpt lat="37.64374002814293" lon="14.404620034620166">
        <ele>647.2</ele>
      </trkpt>
      <trkpt lat="37.64348999597132" lon="14.40471994690597">
        <ele>647.5</ele>
      </trkpt>
      <trkpt lat="37.64342000707984" lon="14.40476001240313">
        <ele>647.87</ele>
      </trkpt>
      <trkpt lat="37.64339997433126" lon="14.404769903048873">
        <ele>648.24</ele>
      </trkpt>
      <trkpt lat="37.64314994215965" lon="14.404939888045192">
        <ele>648.66</ele>
      </trkpt>
      <trkpt lat="37.64312001876533" lon="14.404959920793772">
        <ele>649.02</ele>
      </trkpt>
      <trkpt lat="37.64290996827185" lon="14.405050026252866">
        <ele>649.45</ele>
      </trkpt>
      <trkpt lat="37.64275004155934" lon="14.405120015144348">
        <ele>649.8</ele>
      </trkpt>
      <trkpt lat="37.64270997606218" lon="14.40512990579009">
        <ele>650.14</ele>
      </trkpt>
      <trkpt lat="37.64247997663915" lon="14.405139964073896">
        <ele>650.47</ele>
      </trkpt>
      <trkpt lat="37.64243999496102" lon="14.40512990579009">
        <ele>650.78</ele>
      </trkpt>
      <trkpt lat="37.64226003549993" lon="14.405089924111962">
        <ele>651.09</ele>
      </trkpt>
      <trkpt lat="37.642189962789416" lon="14.405089924111962">
        <ele>651.41</ele>
      </trkpt>
      <trkpt lat="37.64197991229594" lon="14.405069891363382">
        <ele>651.72</ele>
      </trkpt>
      <trkpt lat="37.64183993451297" lon="14.40506000071764">
        <ele>652.0</ele>
      </trkpt>
      <trkpt lat="37.64164002612233" lon="14.40503996796906">
        <ele>652.3</ele>
      </trkpt>
      <trkpt lat="37.641540030017495" lon="14.405029993504286">
        <ele>652.59</ele>
      </trkpt>
      <trkpt lat="37.64138001948595" lon="14.405009960755706">
        <ele>652.88</ele>
      </trkpt>
      <trkpt lat="37.64117038808763" lon="14.404980037361383">
        <ele>653.12</ele>
      </trkpt>
      <trkpt lat="37.64095991849899" lon="14.40495003014803">
        <ele>653.4</ele>
      </trkpt>
      <trkpt lat="37.64080988243222" lon="14.40492999739945">
        <ele>653.67</ele>
      </trkpt>
      <trkpt lat="37.64067996293306" lon="14.404920022934675">
        <ele>653.94</ele>
      </trkpt>
      <trkpt lat="37.64062003232539" lon="14.40490996465087">
        <ele>654.17</ele>
      </trkpt>
      <trkpt lat="37.64040377922356" lon="14.404896637424827">
        <ele>654.38</ele>
      </trkpt>
      <trkpt lat="37.640187526121736" lon="14.404883310198784">
        <ele>654.55</ele>
      </trkpt>
      <trkpt lat="37.6399699319154" lon="14.40486989915371">
        <ele>654.72</ele>
      </trkpt>
      <trkpt lat="37.639800030738115" lon="14.40486989915371">
        <ele>654.88</ele>
      </trkpt>
      <trkpt lat="37.63968997634947" lon="14.404860008507967">
        <ele>655.02</ele>
      </trkpt>
      <trkpt lat="37.63942996971309" lon="14.404849950224161">
        <ele>655.15</ele>
      </trkpt>
      <trkpt lat="37.63938001357019" lon="14.404849950224161">
        <ele>655.26</ele>
      </trkpt>
      <trkpt lat="37.63919988647103" lon="14.404839975759387">
        <ele>655.36</ele>
      </trkpt>
      <trkpt lat="37.638977095484734" lon="14.404836622998118">
        <ele>655.46</ele>
      </trkpt>
      <trkpt lat="37.6387542206794" lon="14.40483327023685">
        <ele>655.53</ele>
      </trkpt>
      <trkpt lat="37.63852992095053" lon="14.404829917475581">
        <ele>655.58</ele>
      </trkpt>
      <trkpt lat="37.63840997591615" lon="14.404839975759387">
        <ele>655.61</ele>
      </trkpt>
      <trkpt lat="37.63822993263602" lon="14.404880041256547">
        <ele>655.64</ele>
      </trkpt>
      <trkpt lat="37.63794989325106" lon="14.404959920793772">
        <ele>655.63</ele>
      </trkpt>
      <trkpt lat="37.63791996985674" lon="14.404969979077578">
        <ele>655.61</ele>
      </trkpt>
      <trkpt lat="37.6378199737519" lon="14.4049999024719">
        <ele>655.59</ele>
      </trkpt>
      <trkpt lat="37.637589974328876" lon="14.40508003346622">
        <ele>655.54</ele>
      </trkpt>
      <trkpt lat="37.63741529546678" lon="14.405139880254865">
        <ele>655.47</ele>
      </trkpt>
      <trkpt lat="37.63723994605243" lon="14.405199894681573">
        <ele>655.39</ele>
      </trkpt>
      <trkpt lat="37.636990416795015" lon="14.4052848033607">
        <ele>655.33</ele>
      </trkpt>
      <trkpt lat="37.63673996552825" lon="14.405369879677892">
        <ele>655.19</ele>
      </trkpt>
      <trkpt lat="37.63654022477567" lon="14.405434839427471">
        <ele>655.03</ele>
      </trkpt>
      <trkpt lat="37.63633989728987" lon="14.405499882996082">
        <ele>654.86</ele>
      </trkpt>
      <trkpt lat="37.63610537163913" lon="14.405579762533307">
        <ele>654.66</ele>
      </trkpt>
      <trkpt lat="37.635870007798076" lon="14.405659977346659">
        <ele>654.47</ele>
      </trkpt>
      <trkpt lat="37.63573003001511" lon="14.405699959024787">
        <ele>654.25</ele>
      </trkpt>
      <trkpt lat="37.63543046079576" lon="14.405794758349657">
        <ele>653.98</ele>
      </trkpt>
      <trkpt lat="37.63512988574803" lon="14.405889976769686">
        <ele>653.72</ele>
      </trkpt>
      <trkpt lat="37.63506995514035" lon="14.405910009518266">
        <ele>653.46</ele>
      </trkpt>
      <trkpt lat="37.635010024532676" lon="14.405929874628782">
        <ele>653.18</ele>
      </trkpt>
      <trkpt lat="37.634810032323" lon="14.405949907377362">
        <ele>652.84</ele>
      </trkpt>
      <trkpt lat="37.63469997793436" lon="14.40600992180407">
        <ele>652.5</ele>
      </trkpt>
      <trkpt lat="37.63465002179146" lon="14.406040012836456">
        <ele>652.15</ele>
      </trkpt>
      <trkpt lat="37.63450015336275" lon="14.406134895980358">
        <ele>651.76</ele>
      </trkpt>
      <trkpt lat="37.63435003347695" lon="14.406230030581355">
        <ele>651.38</ele>
      </trkpt>
      <trkpt lat="37.63433000072837" lon="14.40632994286716">
        <ele>651.03</ele>
      </trkpt>
      <trkpt lat="37.63430996797979" lon="14.40637000836432">
        <ele>650.64</ele>
      </trkpt>
      <trkpt lat="37.63429001905024" lon="14.406409990042448">
        <ele>650.24</ele>
      </trkpt>
      <trkpt lat="37.63426998630166" lon="14.406430022791028">
        <ele>649.8</ele>
      </trkpt>
      <trkpt lat="37.63422003015876" lon="14.406509902328253">
        <ele>649.37</ele>
      </trkpt>
      <trkpt lat="37.634150041267276" lon="14.406600007787347">
        <ele>648.91</ele>
      </trkpt>
      <trkpt lat="37.63396999798715" lon="14.406839981675148">
        <ele>648.47</ele>
      </trkpt>
      <trkpt lat="37.63380001299083" lon="14.407029915601015">
        <ele>647.91</ele>
      </trkpt>
      <trkpt lat="37.63363002799451" lon="14.407219849526882">
        <ele>647.28</ele>
      </trkpt>
      <trkpt lat="37.63345995917916" lon="14.407409951090813">
        <ele>646.67</ele>
      </trkpt>
      <trkpt lat="37.63337002135813" lon="14.40751003101468">
        <ele>646.02</ele>
      </trkpt>
      <trkpt lat="37.633229959756136" lon="14.407680016011">
        <ele>645.44</ele>
      </trkpt>
      <trkpt lat="37.63305662199855" lon="14.407879924401641">
        <ele>644.78</ele>
      </trkpt>
      <trkpt lat="37.63288336805999" lon="14.408079916611314">
        <ele>644.24</ele>
      </trkpt>
      <trkpt lat="37.632710030302405" lon="14.408279992640018">
        <ele>643.62</ele>
      </trkpt>
      <trkpt lat="37.63253669254482" lon="14.408496581017971">
        <ele>642.81</ele>
      </trkpt>
      <trkpt lat="37.63236335478723" lon="14.408713253214955">
        <ele>642.14</ele>
      </trkpt>
      <trkpt lat="37.63219001702964" lon="14.40892992541194">
        <ele>641.52</ele>
      </trkpt>
      <trkpt lat="37.63206001371145" lon="14.409090019762516">
        <ele>640.87</ele>
      </trkpt>
      <trkpt lat="37.63197988271713" lon="14.40918993204832">
        <ele>640.2</ele>
      </trkpt>
      <trkpt lat="37.6318899448961" lon="14.409299902617931">
        <ele>639.55</ele>
      </trkpt>
      <trkpt lat="37.6317900326103" lon="14.4093999825418">
        <ele>638.92</ele>
      </trkpt>
      <trkpt lat="37.6316499710083" lon="14.40952998585999">
        <ele>638.24</ele>
      </trkpt>
      <trkpt lat="37.63150001876056" lon="14.409650014713407">
        <ele>637.44</ele>
      </trkpt>
      <trkpt lat="37.63131000101566" lon="14.40980994142592">
        <ele>636.7</ele>
      </trkpt>
      <trkpt lat="37.63107002712786" lon="14.409989900887012">
        <ele>635.92</ele>
      </trkpt>
      <trkpt lat="37.63095997273922" lon="14.410119904205203">
        <ele>635.25</ele>
      </trkpt>
      <trkpt lat="37.63091001659632" lon="14.410199951380491">
        <ele>634.6</ele>
      </trkpt>
      <trkpt lat="37.63080985285342" lon="14.41042517311871">
        <ele>634.13</ele>
      </trkpt>
      <trkpt lat="37.63070994056761" lon="14.41064989194274">
        <ele>633.77</ele>
      </trkpt>
      <trkpt lat="37.630599969998" lon="14.410939989611506">
        <ele>633.2</ele>
      </trkpt>
      <trkpt lat="37.63056996278465" lon="14.411009978502989">
        <ele>632.71</ele>
      </trkpt>
      <trkpt lat="37.63051003217697" lon="14.411309966817498">
        <ele>632.3</ele>
      </trkpt>
      <trkpt lat="37.630499973893166" lon="14.411350032314658">
        <ele>631.88</ele>
      </trkpt>
      <trkpt lat="37.630499973893166" lon="14.41152990795672">
        <ele>631.52</ele>
      </trkpt>
      <trkpt lat="37.63048002496362" lon="14.411799972876906">
        <ele>631.22</ele>
      </trkpt>
      <trkpt lat="37.63046996667981" lon="14.411879936233163">
        <ele>630.92</ele>
      </trkpt>
      <trkpt lat="37.63045999221504" lon="14.41201999783516">
        <ele>630.69</ele>
      </trkpt>
      <trkpt lat="37.63045001775026" lon="14.412059979513288">
        <ele>630.47</ele>
      </trkpt>
      <trkpt lat="37.63042990118265" lon="14.4122199062258">
        <ele>630.23</ele>
      </trkpt>
      <trkpt lat="37.630399810150266" lon="14.41243540495634">
        <ele>630.09</ele>
      </trkpt>
      <trkpt lat="37.630369970574975" lon="14.4126498978585">
        <ele>629.94</ele>
      </trkpt>
      <trkpt lat="37.63032998889685" lon="14.412979977205396">
        <ele>629.76</ele>
      </trkpt>
      <trkpt lat="37.63032998889685" lon="14.413299998268485">
        <ele>629.79</ele>
      </trkpt>
      <trkpt lat="37.63035002164543" lon="14.413560004904866">
        <ele>629.85</ele>
      </trkpt>
      <trkpt lat="37.63035002164543" lon="14.413599902763963">
        <ele>629.94</ele>
      </trkpt>
      <trkpt lat="37.63038991950452" lon="14.413880025967956">
        <ele>630.1</ele>
      </trkpt>
      <trkpt lat="37.63042001053691" lon="14.4140400364995">
        <ele>630.28</ele>
      </trkpt>
      <trkpt lat="37.63042001053691" lon="14.414049927145243">
        <ele>630.54</ele>
      </trkpt>
      <trkpt lat="37.63048002496362" lon="14.414289984852076">
        <ele>630.79</ele>
      </trkpt>
      <trkpt lat="37.630499973893166" lon="14.414349915459752">
        <ele>631.14</ele>
      </trkpt>
      <trkpt lat="37.6305500138551" lon="14.414459886029363">
        <ele>631.55</ele>
      </trkpt>
      <trkpt lat="37.63057993724942" lon="14.414529958739877">
        <ele>631.99</ele>
      </trkpt>
      <trkpt lat="37.6307400316" lon="14.414849979802966">
        <ele>632.47</ele>
      </trkpt>
      <trkpt lat="37.63079987838864" lon="14.414960034191608">
        <ele>633.07</ele>
      </trkpt>
      <trkpt lat="37.63087003491819" lon="14.415149968117476">
        <ele>633.72</ele>
      </trkpt>
      <trkpt lat="37.63089987449348" lon="14.415260022506118">
        <ele>634.41</ele>
      </trkpt>
      <trkpt lat="37.63091001659632" lon="14.41530997864902">
        <ele>635.16</ele>
      </trkpt>
      <trkpt lat="37.63091001659632" lon="14.415549952536821">
        <ele>635.99</ele>
      </trkpt>
      <trkpt lat="37.63085000216961" lon="14.415929988026619">
        <ele>636.93</ele>
      </trkpt>
      <trkpt lat="37.6308399438858" lon="14.416010035201907">
        <ele>637.78</ele>
      </trkpt>
      <trkpt lat="37.63080993667245" lon="14.416205333545804">
        <ele>638.71</ele>
      </trkpt>
      <trkpt lat="37.63078001327813" lon="14.416399961337447">
        <ele>639.65</ele>
      </trkpt>
      <trkpt lat="37.63075000606477" lon="14.41659995354712">
        <ele>640.58</ele>
      </trkpt>
      <trkpt lat="37.63072997331619" lon="14.416849985718727">
        <ele>641.55</ele>
      </trkpt>
      <trkpt lat="37.63070491142571" lon="14.417070429772139">
        <ele>642.5</ele>
      </trkpt>
      <trkpt lat="37.63068001717329" lon="14.417289951816201">
        <ele>643.42</ele>
      </trkpt>
      <trkpt lat="37.630650009959936" lon="14.417560016736388">
        <ele>644.31</ele>
      </trkpt>
      <trkpt lat="37.63064003549516" lon="14.41758994013071">
        <ele>645.2</ele>
      </trkpt>
      <trkpt lat="37.63062980957329" lon="14.417719943448901">
        <ele>646.12</ele>
      </trkpt>
      <trkpt lat="37.63062980957329" lon="14.417790016159415">
        <ele>647.01</ele>
      </trkpt>
      <trkpt lat="37.63062980957329" lon="14.418129902333021">
        <ele>647.93</ele>
      </trkpt>
      <trkpt lat="37.630650009959936" lon="14.4183399528265">
        <ele>648.77</ele>
      </trkpt>
      <trkpt lat="37.630650009959936" lon="14.418389908969402">
        <ele>649.53</ele>
      </trkpt>
      <trkpt lat="37.63065998442471" lon="14.418550003319979">
        <ele>650.26</ele>
      </trkpt>
      <trkpt lat="37.63065998442471" lon="14.41868000663817">
        <ele>650.93</ele>
      </trkpt>
      <trkpt lat="37.63064003549516" lon="14.418759969994426">
        <ele>651.56</ele>
      </trkpt>
      <trkpt lat="37.63062000274658" lon="14.418829958885908">
        <ele>652.13</ele>
      </trkpt>
      <trkpt lat="37.630599969998" lon="14.418889973312616">
        <ele>652.65</ele>
      </trkpt>
      <trkpt lat="37.630540039390326" lon="14.418969936668873">
        <ele>653.12</ele>
      </trkpt>
      <trkpt lat="37.63045999221504" lon="14.41906993277371">
        <ele>653.53</ele>
      </trkpt>
      <trkpt lat="37.630280032753944" lon="14.419269924983382">
        <ele>653.89</ele>
      </trkpt>
      <trkpt lat="37.63009998947382" lon="14.419470001012087">
        <ele>654.27</ele>
      </trkpt>
      <trkpt lat="37.630023043602705" lon="14.419569494202733">
        <ele>654.57</ele>
      </trkpt>
      <trkpt lat="37.63012262061238" lon="14.419683739542961">
        <ele>654.73</ele>
      </trkpt>
      <trkpt lat="37.63023636303842" lon="14.419850874692202">
        <ele>654.81</ele>
      </trkpt>
      <trkpt lat="37.630338203161955" lon="14.420010466128588">
        <ele>654.82</ele>
      </trkpt>
      <trkpt lat="37.63043995946646" lon="14.42016988992691">
        <ele>654.75</ele>
      </trkpt>
      <trkpt lat="37.63048999942839" lon="14.420310035347939">
        <ele>654.63</ele>
      </trkpt>
      <trkpt lat="37.63056510128081" lon="14.4205002207309">
        <ele>654.45</ele>
      </trkpt>
      <trkpt lat="37.63064003549516" lon="14.420689903199673">
        <ele>654.17</ele>
      </trkpt>
      <trkpt lat="37.63075000606477" lon="14.420949993655086">
        <ele>653.81</ele>
      </trkpt>
      <trkpt lat="37.63077003881335" lon="14.42100003361702">
        <ele>653.38</ele>
      </trkpt>
      <trkpt lat="37.6307899877429" lon="14.421029957011342">
        <ele>652.87</ele>
      </trkpt>
      <trkpt lat="37.63079987838864" lon="14.42104990594089">
        <ele>652.29</ele>
      </trkpt>
      <trkpt lat="37.63085000216961" lon="14.421139927580953">
        <ele>651.63</ele>
      </trkpt>
      <trkpt lat="37.63091999106109" lon="14.421249898150563">
        <ele>650.87</ele>
      </trkpt>
      <trkpt lat="37.63098989613354" lon="14.421340003609657">
        <ele>650.05</ele>
      </trkpt>
      <trkpt lat="37.631100034341216" lon="14.421459948644042">
        <ele>649.15</ele>
      </trkpt>
      <trkpt lat="37.6313098333776" lon="14.421669831499457">
        <ele>648.18</ele>
      </trkpt>
      <trkpt lat="37.63151996769011" lon="14.421879965811968">
        <ele>647.17</ele>
      </trkpt>
      <trkpt lat="37.63161996379495" lon="14.42199002020061">
        <ele>646.13</ele>
      </trkpt>
      <trkpt lat="37.63165986165404" lon="14.422030001878738">
        <ele>645.01</ele>
      </trkpt>
      <trkpt lat="37.63184979557991" lon="14.42223485559225">
        <ele>643.81</ele>
      </trkpt>
      <trkpt lat="37.63203998096287" lon="14.422439960762858">
        <ele>642.54</ele>
      </trkpt>
      <trkpt lat="37.63219663873315" lon="14.422623189166188">
        <ele>641.24</ele>
      </trkpt>
      <trkpt lat="37.632353296503425" lon="14.42280650138855">
        <ele>639.86</ele>
      </trkpt>
      <trkpt lat="37.63251003809273" lon="14.422989897429943">
        <ele>638.45</ele>
      </trkpt>
      <trkpt lat="37.6326050888747" lon="14.423210173845291">
        <ele>637.09</ele>
      </trkpt>
      <trkpt lat="37.6326999720186" lon="14.42343003116548">
        <ele>635.67</ele>
      </trkpt>
      <trkpt lat="37.63278999365866" lon="14.423660030588508">
        <ele>634.2</ele>
      </trkpt>
      <trkpt lat="37.63285000808537" lon="14.423809982836246">
        <ele>632.75</ele>
      </trkpt>
      <trkpt lat="37.6328899897635" lon="14.423920037224889">
        <ele>631.31</ele>
      </trkpt>
      <trkpt lat="37.63295997865498" lon="14.42411994561553">
        <ele>629.83</ele>
      </trkpt>
      <trkpt lat="37.63306986540556" lon="14.42441993393004">
        <ele>628.3</ele>
      </trkpt>
      <trkpt lat="37.63311001472175" lon="14.424539962783456">
        <ele>626.9</ele>
      </trkpt>
      <trkpt lat="37.633119989186525" lon="14.424619926139712">
        <ele>625.51</ele>
      </trkpt>
      <trkpt lat="37.6331299636513" lon="14.42467994056642">
        <ele>624.16</ele>
      </trkpt>
      <trkpt lat="37.6331299636513" lon="14.424759987741709">
        <ele>622.83</ele>
      </trkpt>
      <trkpt lat="37.63310004025698" lon="14.42499996162951">
        <ele>621.53</ele>
      </trkpt>
      <trkpt lat="37.633063243702054" lon="14.425340602174401">
        <ele>620.24</ele>
      </trkpt>
      <trkpt lat="37.63302644714713" lon="14.425681326538324">
        <ele>618.94</ele>
      </trkpt>
      <trkpt lat="37.6329899020493" lon="14.426020039245486">
        <ele>617.71</ele>
      </trkpt>
      <trkpt lat="37.63295997865498" lon="14.42622003145516">
        <ele>616.61</ele>
      </trkpt>
      <trkpt lat="37.63295997865498" lon="14.426239980384707">
        <ele>615.59</ele>
      </trkpt>
      <trkpt lat="37.6329399459064" lon="14.42646536976099">
        <ele>614.56</ele>
      </trkpt>
      <trkpt lat="37.63291999697685" lon="14.426690004765987">
        <ele>613.61</ele>
      </trkpt>
      <trkpt lat="37.63287993147969" lon="14.42704003304243">
        <ele>612.76</ele>
      </trkpt>
      <trkpt lat="37.63285486958921" lon="14.427305487915874">
        <ele>612.01</ele>
      </trkpt>
      <trkpt lat="37.63282997533679" lon="14.427570020779967">
        <ele>611.33</ele>
      </trkpt>
      <trkpt lat="37.632799884304404" lon="14.427920719608665">
        <ele>610.78</ele>
      </trkpt>
      <trkpt lat="37.63276996091008" lon="14.42826990969479">
        <ele>610.3</ele>
      </trkpt>
      <trkpt lat="37.63272000476718" lon="14.428659919649363">
        <ele>609.87</ele>
      </trkpt>
      <trkpt lat="37.632694859057665" lon="14.428950604051352">
        <ele>609.52</ele>
      </trkpt>
      <trkpt lat="37.632669964805245" lon="14.429239947348833">
        <ele>609.29</ele>
      </trkpt>
      <trkpt lat="37.63264004141092" lon="14.429610008373857">
        <ele>609.17</ele>
      </trkpt>
      <trkpt lat="37.63262000866234" lon="14.429859956726432">
        <ele>609.18</ele>
      </trkpt>
      <trkpt lat="37.63259486295283" lon="14.43009045906365">
        <ele>609.26</ele>
      </trkpt>
      <trkpt lat="37.63256996870041" lon="14.430320039391518">
        <ele>609.37</ele>
      </trkpt>
      <trkpt lat="37.63256996870041" lon="14.43036999553442">
        <ele>609.53</ele>
      </trkpt>
      <trkpt lat="37.6325599104166" lon="14.430419951677322">
        <ele>609.75</ele>
      </trkpt>
      <trkpt lat="37.63253987766802" lon="14.430490024387836">
        <ele>610.03</ele>
      </trkpt>
      <trkpt lat="37.63251003809273" lon="14.430569903925061">
        <ele>610.37</ele>
      </trkpt>
      <trkpt lat="37.63244993984699" lon="14.43069001659751">
        <ele>610.77</ele>
      </trkpt>
      <trkpt lat="37.632280038669705" lon="14.430939881131053">
        <ele>611.16</ele>
      </trkpt>
      <trkpt lat="37.632089937105775" lon="14.431230062618852">
        <ele>611.67</ele>
      </trkpt>
      <trkpt lat="37.631899835541844" lon="14.431520160287619">
        <ele>612.26</ele>
      </trkpt>
      <trkpt lat="37.63170998543501" lon="14.43181000649929">
        <ele>613.11</ele>
      </trkpt>
      <trkpt lat="37.6316000148654" lon="14.43195995874703">
        <ele>613.86</ele>
      </trkpt>
      <trkpt lat="37.63158995658159" lon="14.43197999149561">
        <ele>614.59</ele>
      </trkpt>
      <trkpt lat="37.63154989108443" lon="14.432040005922318">
        <ele>615.38</ele>
      </trkpt>
      <trkpt lat="37.6314599532634" lon="14.43213002756238">
        <ele>616.18</ele>
      </trkpt>
      <trkpt lat="37.63125509954989" lon="14.432334881275892">
        <ele>617.11</ele>
      </trkpt>
      <trkpt lat="37.63104999437928" lon="14.4325399864465">
        <ele>617.97</ele>
      </trkpt>
      <trkpt lat="37.63101998716593" lon="14.432569909840822">
        <ele>618.81</ele>
      </trkpt>
      <trkpt lat="37.630880093201995" lon="14.432684825733304">
        <ele>619.7</ele>
      </trkpt>
      <trkpt lat="37.6307400316" lon="14.43279990926385">
        <ele>620.6</ele>
      </trkpt>
      <trkpt lat="37.63062000274658" lon="14.4329699780792">
        <ele>621.58</ele>
      </trkpt>
      <trkpt lat="37.630540039390326" lon="14.433069974184036">
        <ele>622.47</ele>
      </trkpt>
      <trkpt lat="37.63048999942839" lon="14.43312001414597">
        <ele>623.31</ele>
      </trkpt>
      <trkpt lat="37.63045999221504" lon="14.433149937540293">
        <ele>624.14</ele>
      </trkpt>
      <trkpt lat="37.63038002885878" lon="14.433189919218421">
        <ele>624.95</ele>
      </trkpt>
      <trkpt lat="37.6303100399673" lon="14.43322990089655">
        <ele>625.75</ele>
      </trkpt>
      <trkpt lat="37.63027994893491" lon="14.43322990089655">
        <ele>626.51</ele>
      </trkpt>
      <trkpt lat="37.63023988343775" lon="14.433239959180355">
        <ele>627.26</ele>
      </trkpt>
      <trkpt lat="37.630050368607044" lon="14.433284802362323">
        <ele>627.9</ele>
      </trkpt>
      <trkpt lat="37.62986001558602" lon="14.433329980820417">
        <ele>628.59</ele>
      </trkpt>
      <trkpt lat="37.629769993945956" lon="14.433389995247126">
        <ele>629.25</ele>
      </trkpt>
      <trkpt lat="37.62970997951925" lon="14.433449925854802">
        <ele>629.85</ele>
      </trkpt>
      <trkpt lat="37.629689862951636" lon="14.43346987478435">
        <ele>630.43</ele>
      </trkpt>
      <trkpt lat="37.629639990627766" lon="14.43352997303009">
        <ele>630.99</ele>
      </trkpt>
      <trkpt lat="37.629509987309575" lon="14.433729881420732">
        <ele>631.54</ele>
      </trkpt>
      <trkpt lat="37.62939993292093" lon="14.433930041268468">
        <ele>631.96</ele>
      </trkpt>
      <trkpt lat="37.629340002313256" lon="14.434049902483821">
        <ele>632.4</ele>
      </trkpt>
      <trkpt lat="37.62927998788655" lon="14.434189964085817">
        <ele>632.85</ele>
      </trkpt>
      <trkpt lat="37.62921988964081" lon="14.43440998904407">
        <ele>633.19</ele>
      </trkpt>
      <trkpt lat="37.629209998995066" lon="14.43443002179265">
        <ele>633.51</ele>
      </trkpt>
      <trkpt lat="37.629189966246486" lon="14.43453999236226">
        <ele>633.76</ele>
      </trkpt>
      <trkpt lat="37.62917999178171" lon="14.434720035642385">
        <ele>633.98</ele>
      </trkpt>
      <trkpt lat="37.62917001731694" lon="14.434999907389283">
        <ele>634.27</ele>
      </trkpt>
      <trkpt lat="37.62917001731694" lon="14.4351199362427">
        <ele>634.5</ele>
      </trkpt>
      <trkpt lat="37.62917001731694" lon="14.435329986736178">
        <ele>634.73</ele>
      </trkpt>
      <trkpt lat="37.62915995903313" lon="14.435619916766882">
        <ele>634.88</ele>
      </trkpt>
      <trkpt lat="37.62917001731694" lon="14.435769952833652">
        <ele>634.91</ele>
      </trkpt>
      <trkpt lat="37.62917999178171" lon="14.43599995225668">
        <ele>634.85</ele>
      </trkpt>
      <trkpt lat="37.62917999178171" lon="14.436179911717772">
        <ele>634.7</ele>
      </trkpt>
      <trkpt lat="37.62917999178171" lon="14.436400020495057">
        <ele>634.46</ele>
      </trkpt>
      <trkpt lat="37.62919994071126" lon="14.436765722930431">
        <ele>634.27</ele>
      </trkpt>
      <trkpt lat="37.62921988964081" lon="14.437130000442266">
        <ele>634.11</ele>
      </trkpt>
      <trkpt lat="37.629189966246486" lon="14.437209879979491">
        <ele>633.78</ele>
      </trkpt>
      <trkpt lat="37.62917001731694" lon="14.437229912728071">
        <ele>633.41</ele>
      </trkpt>
      <trkpt lat="37.62915995903313" lon="14.437249945476651">
        <ele>632.99</ele>
      </trkpt>
      <trkpt lat="37.629119977355" lon="14.43728992715478">
        <ele>632.5</ele>
      </trkpt>
      <trkpt lat="37.629079995676875" lon="14.437320018187165">
        <ele>631.96</ele>
      </trkpt>
      <trkpt lat="37.62904001399875" lon="14.43732999265194">
        <ele>631.37</ele>
      </trkpt>
      <trkpt lat="37.62896994128823" lon="14.43732999265194">
        <ele>630.74</ele>
      </trkpt>
      <trkpt lat="37.6286899857223" lon="14.437280036509037">
        <ele>629.78</ele>
      </trkpt>
      <trkpt lat="37.6286400295794" lon="14.437280036509037">
        <ele>629.08</ele>
      </trkpt>
      <trkpt lat="37.62858998961747" lon="14.437299985438585">
        <ele>628.35</ele>
      </trkpt>
      <trkpt lat="37.62855998240411" lon="14.43730995990336">
        <ele>627.6</ele>
      </trkpt>
      <trkpt lat="37.62853994965553" lon="14.43732999265194">
        <ele>626.85</ele>
      </trkpt>
      <trkpt lat="37.62851991690695" lon="14.43735002540052">
        <ele>626.08</ele>
      </trkpt>
      <trkpt lat="37.628480019047856" lon="14.437390007078648">
        <ele>625.26</ele>
      </trkpt>
      <trkpt lat="37.62845981866121" lon="14.43741993047297">
        <ele>624.45</ele>
      </trkpt>
      <trkpt lat="37.62838002294302" lon="14.43754993379116">
        <ele>623.64</ele>
      </trkpt>
      <trkpt lat="37.628329982981086" lon="14.437689995393157">
        <ele>622.91</ele>
      </trkpt>
      <trkpt lat="37.62825001962483" lon="14.43786995485425">
        <ele>622.11</ele>
      </trkpt>
      <trkpt lat="37.62815999798477" lon="14.438089895993471">
        <ele>621.2</ele>
      </trkpt>
      <trkpt lat="37.62808992527425" lon="14.438239932060242">
        <ele>620.34</ele>
      </trkpt>
      <trkpt lat="37.62795992195606" lon="14.43842994980514">
        <ele>619.4</ele>
      </trkpt>
      <trkpt lat="37.62786000967026" lon="14.438549978658557">
        <ele>618.44</ele>
      </trkpt>
      <trkpt lat="37.62779999524355" lon="14.43864000029862">
        <ele>617.49</ele>
      </trkpt>
      <trkpt lat="37.627790020778775" lon="14.438669923692942">
        <ele>616.59</ele>
      </trkpt>
      <trkpt lat="37.62775003910065" lon="14.43874997086823">
        <ele>615.65</ele>
      </trkpt>
      <trkpt lat="37.62770997360349" lon="14.438849966973066">
        <ele>614.68</ele>
      </trkpt>
      <trkpt lat="37.62766999192536" lon="14.438979970291257">
        <ele>613.73</ele>
      </trkpt>
      <trkpt lat="37.627584831789136" lon="14.43930552341044">
        <ele>612.72</ele>
      </trkpt>
      <trkpt lat="37.62750000692904" lon="14.43962998688221">
        <ele>611.84</ele>
      </trkpt>
      <trkpt lat="37.627469999715686" lon="14.43978002294898">
        <ele>611.01</ele>
      </trkpt>
      <trkpt lat="37.62746002525091" lon="14.43988990969956">
        <ele>610.19</ele>
      </trkpt>
      <trkpt lat="37.627469999715686" lon="14.440180007368326">
        <ele>609.41</ele>
      </trkpt>
      <trkpt lat="37.627469999715686" lon="14.440270029008389">
        <ele>608.6</ele>
      </trkpt>
      <trkpt lat="37.627469999715686" lon="14.440329959616065">
        <ele>607.78</ele>
      </trkpt>
      <trkpt lat="37.627469999715686" lon="14.44034001789987">
        <ele>606.97</ele>
      </trkpt>
      <trkpt lat="37.62746002525091" lon="14.440389890223742">
        <ele>606.17</ele>
      </trkpt>
      <trkpt lat="37.62740998528898" lon="14.440549984574318">
        <ele>605.35</ele>
      </trkpt>
      <trkpt lat="37.62733982875943" lon="14.440750228241086">
        <ele>604.5</ele>
      </trkpt>
      <trkpt lat="37.62727000750601" lon="14.440949885174632">
        <ele>603.66</ele>
      </trkpt>
      <trkpt lat="37.62721996754408" lon="14.441099921241403">
        <ele>602.86</ele>
      </trkpt>
      <trkpt lat="37.62720990926027" lon="14.44113990291953">
        <ele>602.15</ele>
      </trkpt>
      <trkpt lat="37.62714000418782" lon="14.441260015591979">
        <ele>601.43</ele>
      </trkpt>
      <trkpt lat="37.62704989872873" lon="14.44139001891017">
        <ele>600.66</ele>
      </trkpt>
      <trkpt lat="37.626889972016215" lon="14.44158992730081">
        <ele>599.94</ele>
      </trkpt>
      <trkpt lat="37.62685996480286" lon="14.44165002554655">
        <ele>599.28</ele>
      </trkpt>
      <trkpt lat="37.62684001587331" lon="14.441690007224679">
        <ele>598.64</ele>
      </trkpt>
      <trkpt lat="37.62683004140854" lon="14.44173987954855">
        <ele>598.04</ele>
      </trkpt>
      <trkpt lat="37.62681000865996" lon="14.44182001054287">
        <ele>597.44</ele>
      </trkpt>
      <trkpt lat="37.62677991762757" lon="14.44195001386106">
        <ele>596.87</ele>
      </trkpt>
      <trkpt lat="37.62677002698183" lon="14.442050009965897">
        <ele>596.32</ele>
      </trkpt>
      <trkpt lat="37.62675988487899" lon="14.442109940573573">
        <ele>595.77</ele>
      </trkpt>
      <trkpt lat="37.62674001976848" lon="14.442159980535507">
        <ele>595.24</ele>
      </trkpt>
      <trkpt lat="37.62672996148467" lon="14.44218990392983">
        <ele>594.73</ele>
      </trkpt>
      <trkpt lat="37.6267199870199" lon="14.44222996942699">
        <ele>594.24</ele>
      </trkpt>
      <trkpt lat="37.62668997980654" lon="14.44227003492415">
        <ele>593.74</ele>
      </trkpt>
      <trkpt lat="37.62664002366364" lon="14.44229987449944">
        <ele>593.23</ele>
      </trkpt>
      <trkpt lat="37.62653994373977" lon="14.44229987449944">
        <ele>592.7</ele>
      </trkpt>
      <trkpt lat="37.62649987824261" lon="14.442289983853698">
        <ele>592.24</ele>
      </trkpt>
      <trkpt lat="37.62645000591874" lon="14.442259892821312">
        <ele>591.78</ele>
      </trkpt>
      <trkpt lat="37.62642997317016" lon="14.44225000217557">
        <ele>591.35</ele>
      </trkpt>
      <trkpt lat="37.626399882137775" lon="14.44222996942699">
        <ele>590.94</ele>
      </trkpt>
      <trkpt lat="37.62635998427868" lon="14.442169955000281">
        <ele>590.55</ele>
      </trkpt>
      <trkpt lat="37.62632989324629" lon="14.442119998857379">
        <ele>590.16</ele>
      </trkpt>
      <trkpt lat="37.62630986049771" lon="14.442069875076413">
        <ele>589.78</ele>
      </trkpt>
      <trkpt lat="37.6262448169291" lon="14.441879689693451">
        <ele>589.41</ele>
      </trkpt>
      <trkpt lat="37.626180024817586" lon="14.441690007224679">
        <ele>589.08</ele>
      </trkpt>
      <trkpt lat="37.62616996653378" lon="14.441659916192293">
        <ele>588.71</ele>
      </trkpt>
      <trkpt lat="37.626139959320426" lon="14.441620018333197">
        <ele>588.33</ele>
      </trkpt>
      <trkpt lat="37.62606988660991" lon="14.441539971157908">
        <ele>587.92</ele>
      </trkpt>
      <trkpt lat="37.62601993046701" lon="14.441529912874103">
        <ele>587.5</ele>
      </trkpt>
      <trkpt lat="37.62599000707269" lon="14.441529912874103">
        <ele>587.09</ele>
      </trkpt>
      <trkpt lat="37.62596997432411" lon="14.441539971157908">
        <ele>586.66</ele>
      </trkpt>
      <trkpt lat="37.62593996711075" lon="14.441549945622683">
        <ele>586.21</ele>
      </trkpt>
      <trkpt lat="37.62591993436217" lon="14.44156989455223">
        <ele>585.76</ele>
      </trkpt>
      <trkpt lat="37.62589990161359" lon="14.44158992730081">
        <ele>585.28</ele>
      </trkpt>
      <trkpt lat="37.62586997821927" lon="14.44162999279797">
        <ele>584.79</ele>
      </trkpt>
      <trkpt lat="37.62585002928972" lon="14.441690007224679">
        <ele>584.27</ele>
      </trkpt>
      <trkpt lat="37.62583980336785" lon="14.44173987954855">
        <ele>583.73</ele>
      </trkpt>
      <trkpt lat="37.62583980336785" lon="14.44177994504571">
        <ele>583.17</ele>
      </trkpt>
      <trkpt lat="37.62583980336785" lon="14.44182001054287">
        <ele>582.59</ele>
      </trkpt>
      <trkpt lat="37.62591993436217" lon="14.442169955000281">
        <ele>581.93</ele>
      </trkpt>
      <trkpt lat="37.62593996711075" lon="14.44225000217557">
        <ele>581.29</ele>
      </trkpt>
      <trkpt lat="37.62599000707269" lon="14.442459968850017">
        <ele>580.6</ele>
      </trkpt>
      <trkpt lat="37.626050021499395" lon="14.442649986594915">
        <ele>579.89</ele>
      </trkpt>
      <trkpt lat="37.62615001760423" lon="14.44289993494749">
        <ele>579.17</ele>
      </trkpt>
      <trkpt lat="37.62618999928236" lon="14.443000014871359">
        <ele>578.46</ele>
      </trkpt>
      <trkpt lat="37.62621003203094" lon="14.443119876086712">
        <ele>577.7</ele>
      </trkpt>
      <trkpt lat="37.62622998096049" lon="14.44317989051342">
        <ele>576.94</ele>
      </trkpt>
      <trkpt lat="37.62622998096049" lon="14.443249879404902">
        <ele>576.15</ele>
      </trkpt>
      <trkpt lat="37.62621992267668" lon="14.443320035934448">
        <ele>575.34</ele>
      </trkpt>
      <trkpt lat="37.62621992267668" lon="14.443360017612576">
        <ele>574.52</ele>
      </trkpt>
      <trkpt lat="37.62621003203094" lon="14.443399915471673">
        <ele>573.68</ele>
      </trkpt>
      <trkpt lat="37.62618999928236" lon="14.44347987882793">
        <ele>572.8</ele>
      </trkpt>
      <trkpt lat="37.62616996653378" lon="14.443530002608895">
        <ele>571.92</ele>
      </trkpt>
      <trkpt lat="37.626050021499395" lon="14.443849939852953">
        <ele>570.85</ele>
      </trkpt>
      <trkpt lat="37.62598003260791" lon="14.44399000145495">
        <ele>569.96</ele>
      </trkpt>
      <trkpt lat="37.62591993436217" lon="14.4440599065274">
        <ele>569.09</ele>
      </trkpt>
      <trkpt lat="37.6258600037545" lon="14.444110030308366">
        <ele>568.22</ele>
      </trkpt>
      <trkpt lat="37.62576000764966" lon="14.444149928167462">
        <ele>567.35</ele>
      </trkpt>
      <trkpt lat="37.62550997547805" lon="14.44422997534275">
        <ele>566.42</ele>
      </trkpt>
      <trkpt lat="37.6254300121218" lon="14.44425000809133">
        <ele>565.5</ele>
      </trkpt>
      <trkpt lat="37.62536991387606" lon="14.444259898737073">
        <ele>564.63</ele>
      </trkpt>
      <trkpt lat="37.62529003433883" lon="14.444289989769459">
        <ele>563.76</ele>
      </trkpt>
      <trkpt lat="37.62522993609309" lon="14.444319913163781">
        <ele>562.88</ele>
      </trkpt>
      <trkpt lat="37.625170005485415" lon="14.444370036944747">
        <ele>562.04</ele>
      </trkpt>
      <trkpt lat="37.62513002380729" lon="14.444410018622875">
        <ele>561.24</ele>
      </trkpt>
      <trkpt lat="37.62510001659393" lon="14.444449916481972">
        <ele>560.45</ele>
      </trkpt>
      <trkpt lat="37.62503991834819" lon="14.44457002915442">
        <ele>559.71</ele>
      </trkpt>
      <trkpt lat="37.62497001327574" lon="14.44470003247261">
        <ele>558.97</ele>
      </trkpt>
      <trkpt lat="37.62484000995755" lon="14.445060035213828">
        <ele>558.2</ele>
      </trkpt>
      <trkpt lat="37.62478996999562" lon="14.44521987810731">
        <ele>557.5</ele>
      </trkpt>
      <trkpt lat="37.62477991171181" lon="14.44523991085589">
        <ele>556.86</ele>
      </trkpt>
      <trkpt lat="37.62477991171181" lon="14.445270001888275">
        <ele>556.26</ele>
      </trkpt>
      <trkpt lat="37.62477002106607" lon="14.445339990779757">
        <ele>555.65</ele>
      </trkpt>
      <trkpt lat="37.62477002106607" lon="14.445400005206466">
        <ele>555.08</ele>
      </trkpt>
      <trkpt lat="37.62477991171181" lon="14.445439903065562">
        <ele>554.56</ele>
      </trkpt>
      <trkpt lat="37.62478996999562" lon="14.44547988474369">
        <ele>554.07</ele>
      </trkpt>
      <trkpt lat="37.62490991503" lon="14.445720026269555">
        <ele>553.58</ele>
      </trkpt>
      <trkpt lat="37.62497998774052" lon="14.44583997130394">
        <ele>553.15</ele>
      </trkpt>
      <trkpt lat="37.6250000204891" lon="14.4458800368011">
        <ele>552.74</ele>
      </trkpt>
      <trkpt lat="37.62503002770245" lon="14.445920018479228">
        <ele>552.38</ele>
      </trkpt>
      <trkpt lat="37.62505995109677" lon="14.445939967408776">
        <ele>552.04</ele>
      </trkpt>
      <trkpt lat="37.62510001659393" lon="14.44596997462213">
        <ele>551.72</ele>
      </trkpt>
      <trkpt lat="37.62517997995019" lon="14.445999898016453">
        <ele>551.44</ele>
      </trkpt>
      <trkpt lat="37.62521996162832" lon="14.44601004011929">
        <ele>551.19</ele>
      </trkpt>
      <trkpt lat="37.62524996884167" lon="14.44601004011929">
        <ele>550.96</ele>
      </trkpt>
      <trkpt lat="37.62527980841696" lon="14.445999898016453">
        <ele>550.77</ele>
      </trkpt>
      <trkpt lat="37.625300008803606" lon="14.445999898016453">
        <ele>550.58</ele>
      </trkpt>
      <trkpt lat="37.625320041552186" lon="14.445980032905936">
        <ele>550.41</ele>
      </trkpt>
      <trkpt lat="37.62545499019325" lon="14.445794960483909">
        <ele>550.33</ele>
      </trkpt>
      <trkpt lat="37.62559002265334" lon="14.445609888061881">
        <ele>550.2</ele>
      </trkpt>
      <trkpt lat="37.62565992772579" lon="14.445569906383753">
        <ele>550.03</ele>
      </trkpt>
      <trkpt lat="37.62569001875818" lon="14.44556001573801">
        <ele>549.86</ele>
      </trkpt>
      <trkpt lat="37.625709967687726" lon="14.445550041273236">
        <ele>549.69</ele>
      </trkpt>
      <trkpt lat="37.62576000764966" lon="14.445550041273236">
        <ele>549.5</ele>
      </trkpt>
      <trkpt lat="37.62582999654114" lon="14.44556001573801">
        <ele>549.29</ele>
      </trkpt>
      <trkpt lat="37.62588003650308" lon="14.445589939132333">
        <ele>549.08</ele>
      </trkpt>
      <trkpt lat="37.62589990161359" lon="14.445609888061881">
        <ele>548.9</ele>
      </trkpt>
      <trkpt lat="37.62591993436217" lon="14.445620030164719">
        <ele>548.71</ele>
      </trkpt>
      <trkpt lat="37.62601993046701" lon="14.44570996798575">
        <ele>548.47</ele>
      </trkpt>
      <trkpt lat="37.62610995210707" lon="14.44581993855536">
        <ele>548.22</ele>
      </trkpt>
      <trkpt lat="37.62612998485565" lon="14.44586000405252">
        <ele>547.99</ele>
      </trkpt>
      <trkpt lat="37.626139959320426" lon="14.445889927446842">
        <ele>547.76</ele>
      </trkpt>
      <trkpt lat="37.62615001760423" lon="14.44592990912497">
        <ele>547.51</ele>
      </trkpt>
      <trkpt lat="37.626159992069006" lon="14.445960000157356">
        <ele>547.27</ele>
      </trkpt>
      <trkpt lat="37.626159992069006" lon="14.445999898016453">
        <ele>547.0</ele>
      </trkpt>
      <trkpt lat="37.626159992069006" lon="14.446019930765033">
        <ele>546.73</ele>
      </trkpt>
      <trkpt lat="37.626159992069006" lon="14.446050021797419">
        <ele>546.44</ele>
      </trkpt>
      <trkpt lat="37.62615001760423" lon="14.44609989412129">
        <ele>546.11</ele>
      </trkpt>
      <trkpt lat="37.626139959320426" lon="14.44613995961845">
        <ele>545.81</ele>
      </trkpt>
      <trkpt lat="37.626029988750815" lon="14.446350010111928">
        <ele>545.45</ele>
      </trkpt>
      <trkpt lat="37.62599998153746" lon="14.446429889649153">
        <ele>545.09</ele>
      </trkpt>
      <trkpt lat="37.62595999985933" lon="14.446519995108247">
        <ele>544.71</ele>
      </trkpt>
      <trkpt lat="37.62595002539456" lon="14.446580009534955">
        <ele>544.33</ele>
      </trkpt>
      <trkpt lat="37.62593996711075" lon="14.446639940142632">
        <ele>543.93</ele>
      </trkpt>
      <trkpt lat="37.62593996711075" lon="14.44671998731792">
        <ele>543.53</ele>
      </trkpt>
      <trkpt lat="37.62593996711075" lon="14.44687002338469">
        <ele>543.07</ele>
      </trkpt>
      <trkpt lat="37.62595002539456" lon="14.447009917348623">
        <ele>542.63</ele>
      </trkpt>
      <trkpt lat="37.62595999985933" lon="14.4471700116992">
        <ele>542.19</ele>
      </trkpt>
      <trkpt lat="37.62596997432411" lon="14.447309905663133">
        <ele>541.69</ele>
      </trkpt>
      <trkpt lat="37.62601993046701" lon="14.447360029444098">
        <ele>541.24</ele>
      </trkpt>
      <trkpt lat="37.62603996321559" lon="14.44738995283842">
        <ele>540.76</ele>
      </trkpt>
      <trkpt lat="37.62606988660991" lon="14.447409985587">
        <ele>540.27</ele>
      </trkpt>
      <trkpt lat="37.626139959320426" lon="14.447470000013709">
        <ele>539.77</ele>
      </trkpt>
      <trkpt lat="37.62616996653378" lon="14.447490032762289">
        <ele>539.23</ele>
      </trkpt>
      <trkpt lat="37.6261998899281" lon="14.447499923408031">
        <ele>538.66</ele>
      </trkpt>
      <trkpt lat="37.62623995542526" lon="14.447509981691837">
        <ele>538.07</ele>
      </trkpt>
      <trkpt lat="37.62632989324629" lon="14.447509981691837">
        <ele>537.49</ele>
      </trkpt>
      <trkpt lat="37.62635998427868" lon="14.447509981691837">
        <ele>536.86</ele>
      </trkpt>
      <trkpt lat="37.626589480787516" lon="14.447509981691837">
        <ele>536.19</ele>
      </trkpt>
      <trkpt lat="37.62681998312473" lon="14.447509981691837">
        <ele>535.45</ele>
      </trkpt>
      <trkpt lat="37.626959877088666" lon="14.44753990508616">
        <ele>534.65</ele>
      </trkpt>
      <trkpt lat="37.62698996812105" lon="14.447549963369966">
        <ele>533.9</ele>
      </trkpt>
      <trkpt lat="37.62701000086963" lon="14.44755993783474">
        <ele>533.14</ele>
      </trkpt>
      <trkpt lat="37.627040008082986" lon="14.44757997058332">
        <ele>532.34</ele>
      </trkpt>
      <trkpt lat="37.627060040831566" lon="14.4476000033319">
        <ele>531.51</ele>
      </trkpt>
      <trkpt lat="37.62707990594208" lon="14.447629926726222">
        <ele>530.65</ele>
      </trkpt>
      <trkpt lat="37.62709993869066" lon="14.447660017758608">
        <ele>529.76</ele>
      </trkpt>
      <trkpt lat="37.62710999697447" lon="14.447699999436736">
        <ele>528.83</ele>
      </trkpt>
      <trkpt lat="37.62714000418782" lon="14.447769988328218">
        <ele>527.87</ele>
      </trkpt>
      <trkpt lat="37.6271499786526" lon="14.447809970006347">
        <ele>526.93</ele>
      </trkpt>
      <trkpt lat="37.6271600369364" lon="14.44786000996828">
        <ele>525.96</ele>
      </trkpt>
      <trkpt lat="37.6271600369364" lon="14.447899991646409">
        <ele>524.97</ele>
      </trkpt>
      <trkpt lat="37.62717001140118" lon="14.447939973324537">
        <ele>523.97</ele>
      </trkpt>
      <trkpt lat="37.62717001140118" lon="14.448039885610342">
        <ele>522.9</ele>
      </trkpt>
      <trkpt lat="37.6271499786526" lon="14.448299892246723">
        <ele>521.81</ele>
      </trkpt>
      <trkpt lat="37.627104884013534" lon="14.44861052557826">
        <ele>520.66</ele>
      </trkpt>
      <trkpt lat="37.627060040831566" lon="14.448919901624322">
        <ele>519.48</ele>
      </trkpt>
      <trkpt lat="37.62704989872873" lon="14.44899994879961">
        <ele>518.4</ele>
      </trkpt>
      <trkpt lat="37.62704989872873" lon="14.449059963226318">
        <ele>517.33</ele>
      </trkpt>
      <trkpt lat="37.62711997143924" lon="14.449369926005602">
        <ele>516.19</ele>
      </trkpt>
      <trkpt lat="37.62720010243356" lon="14.449640410020947">
        <ele>515.1</ele>
      </trkpt>
      <trkpt lat="37.62728023342788" lon="14.449910810217261">
        <ele>514.01</ele>
      </trkpt>
      <trkpt lat="37.627360029146075" lon="14.4501799531281">
        <ele>512.95</ele>
      </trkpt>
      <trkpt lat="37.62739003635943" lon="14.45026989094913">
        <ele>511.92</ele>
      </trkpt>
      <trkpt lat="37.627429934218526" lon="14.45035002194345">
        <ele>510.86</ele>
      </trkpt>
      <trkpt lat="37.627469999715686" lon="14.450410036370158">
        <ele>509.84</ele>
      </trkpt>
      <trkpt lat="37.62751987203956" lon="14.45043995976448">
        <ele>508.85</ele>
      </trkpt>
      <trkpt lat="37.62754996307194" lon="14.450469883158803">
        <ele>507.88</ele>
      </trkpt>
      <trkpt lat="37.627600003033876" lon="14.450499974191189">
        <ele>506.89</ele>
      </trkpt>
      <trkpt lat="37.62767996639013" lon="14.450529897585511">
        <ele>505.91</ele>
      </trkpt>
      <trkpt lat="37.627790020778775" lon="14.450580021366477">
        <ele>504.94</ele>
      </trkpt>
      <trkpt lat="37.62783997692168" lon="14.450620003044605">
        <ele>504.06</ele>
      </trkpt>
      <trkpt lat="37.62786998413503" lon="14.450640035793185">
        <ele>503.24</ele>
      </trkpt>
      <trkpt lat="37.62789001688361" lon="14.450669959187508">
        <ele>502.43</ele>
      </trkpt>
      <trkpt lat="37.62790996581316" lon="14.450689991936088">
        <ele>501.66</ele>
      </trkpt>
      <trkpt lat="37.62790996581316" lon="14.45069988258183">
        <ele>500.9</ele>
      </trkpt>
      <trkpt lat="37.62793988920748" lon="14.450750006362796">
        <ele>500.18</ele>
      </trkpt>
      <trkpt lat="37.62795003131032" lon="14.450799962505698">
        <ele>499.47</ele>
      </trkpt>
      <trkpt lat="37.62795992195606" lon="14.45088998414576">
        <ele>498.8</ele>
      </trkpt>
      <trkpt lat="37.62795992195606" lon="14.451129958033562">
        <ele>498.13</ele>
      </trkpt>
      <trkpt lat="37.62796998023987" lon="14.45125987753272">
        <ele>497.55</ele>
      </trkpt>
      <trkpt lat="37.62795992195606" lon="14.451310001313686">
        <ele>496.94</ele>
      </trkpt>
      <trkpt lat="37.62795992195606" lon="14.451369931921363">
        <ele>496.36</ele>
      </trkpt>
      <trkpt lat="37.62795003131032" lon="14.451419971883297">
        <ele>495.8</ele>
      </trkpt>
      <trkpt lat="37.62792999856174" lon="14.4514699280262">
        <ele>495.26</ele>
      </trkpt>
      <trkpt lat="37.62786998413503" lon="14.451539916917682">
        <ele>494.71</ele>
      </trkpt>
      <trkpt lat="37.62773998081684" lon="14.451689952984452">
        <ele>494.16</ele>
      </trkpt>
      <trkpt lat="37.62771986424923" lon="14.451709901914">
        <ele>493.71</ele>
      </trkpt>
      <trkpt lat="37.62769999913871" lon="14.451739992946386">
        <ele>493.28</ele>
      </trkpt>
      <trkpt lat="37.62767996639013" lon="14.451779890805483">
        <ele>492.87</ele>
      </trkpt>
      <trkpt lat="37.62767996639013" lon="14.451809981837869">
        <ele>492.5</ele>
      </trkpt>
      <trkpt lat="37.62766999192536" lon="14.451869996264577">
        <ele>492.13</ele>
      </trkpt>
      <trkpt lat="37.62766999192536" lon="14.45193998515606">
        <ele>491.79</ele>
      </trkpt>
      <trkpt lat="37.62766999192536" lon="14.45202992297709">
        <ele>491.46</ele>
      </trkpt>
      <trkpt lat="37.62767996639013" lon="14.452169984579086">
        <ele>491.15</ele>
      </trkpt>
      <trkpt lat="37.62769002467394" lon="14.452269896864891">
        <ele>490.86</ele>
      </trkpt>
      <trkpt lat="37.62769999913871" lon="14.452339969575405">
        <ele>490.6</ele>
      </trkpt>
      <trkpt lat="37.62773998081684" lon="14.45247994735837">
        <ele>490.35</ele>
      </trkpt>
      <trkpt lat="37.627790020778775" lon="14.452659906819463">
        <ele>490.14</ele>
      </trkpt>
      <trkpt lat="37.62789001688361" lon="14.452989986166358">
        <ele>489.94</ele>
      </trkpt>
      <trkpt lat="37.62795003131032" lon="14.453190229833126">
        <ele>489.75</ele>
      </trkpt>
      <trkpt lat="37.628009961917996" lon="14.453389886766672">
        <ele>489.53</ele>
      </trkpt>
      <trkpt lat="37.628029994666576" lon="14.453429952263832">
        <ele>489.37</ele>
      </trkpt>
      <trkpt lat="37.628050027415156" lon="14.453459959477186">
        <ele>489.23</ele>
      </trkpt>
      <trkpt lat="37.62808003462851" lon="14.45348996669054">
        <ele>489.11</ele>
      </trkpt>
      <trkpt lat="37.62812001630664" lon="14.4535300321877">
        <ele>488.99</ele>
      </trkpt>
      <trkpt lat="37.62819964438677" lon="14.453569846227765">
        <ele>488.91</ele>
      </trkpt>
      <trkpt lat="37.628199979662895" lon="14.453570013865829">
        <ele>488.91</ele>
      </trkpt>
      <trkpt lat="37.62834968045354" lon="14.453649893403053">
        <ele>488.77</ele>
      </trkpt>
      <trkpt lat="37.62849988415837" lon="14.453729940578341">
        <ele>488.7</ele>
      </trkpt>
      <trkpt lat="37.62855998240411" lon="14.453779980540276">
        <ele>488.62</ele>
      </trkpt>
      <trkpt lat="37.62858998961747" lon="14.453819878399372">
        <ele>488.53</ele>
      </trkpt>
      <trkpt lat="37.62861999683082" lon="14.453870002180338">
        <ele>488.43</ele>
      </trkpt>
      <trkpt lat="37.62865997850895" lon="14.4539600238204">
        <ele>488.36</ele>
      </trkpt>
      <trkpt lat="37.62868001125753" lon="14.454009896144271">
        <ele>488.29</ele>
      </trkpt>
      <trkpt lat="37.62871999293566" lon="14.454119950532913">
        <ele>488.22</ele>
      </trkpt>
      <trkpt lat="37.62872996740043" lon="14.454169990494847">
        <ele>488.14</ele>
      </trkpt>
      <trkpt lat="37.62874002568424" lon="14.454209972172976">
        <ele>488.06</ele>
      </trkpt>
      <trkpt lat="37.62874991632998" lon="14.454289935529232">
        <ele>487.97</ele>
      </trkpt>
      <trkpt lat="37.62874991632998" lon="14.45432991720736">
        <ele>487.86</ele>
      </trkpt>
      <trkpt lat="37.62874002568424" lon="14.454360008239746">
        <ele>487.73</ele>
      </trkpt>
      <trkpt lat="37.62872996740043" lon="14.4543900154531">
        <ele>487.59</ele>
      </trkpt>
      <trkpt lat="37.6286400295794" lon="14.454589923843741">
        <ele>487.42</ele>
      </trkpt>
      <trkpt lat="37.62855000793934" lon="14.45477994158864">
        <ele>487.18</ele>
      </trkpt>
      <trkpt lat="37.62851991690695" lon="14.454829897731543">
        <ele>486.97</ele>
      </trkpt>
      <trkpt lat="37.62851002626121" lon="14.45488991215825">
        <ele>486.76</ele>
      </trkpt>
      <trkpt lat="37.62849988415837" lon="14.454940035939217">
        <ele>486.55</ele>
      </trkpt>
      <trkpt lat="37.62849988415837" lon="14.454989992082119">
        <ele>486.34</ele>
      </trkpt>
      <trkpt lat="37.62848999351263" lon="14.455050006508827">
        <ele>486.11</ele>
      </trkpt>
      <trkpt lat="37.62849988415837" lon="14.455129886046052">
        <ele>485.87</ele>
      </trkpt>
      <trkpt lat="37.62851991690695" lon="14.455180009827018">
        <ele>485.64</ele>
      </trkpt>
      <trkpt lat="37.62858998961747" lon="14.455429874360561">
        <ele>485.36</ele>
      </trkpt>
      <trkpt lat="37.62865997850895" lon="14.4556799903512">
        <ele>485.12</ele>
      </trkpt>
      <trkpt lat="37.62868001125753" lon="14.45576992817223">
        <ele>484.84</ele>
      </trkpt>
      <trkpt lat="37.62868001125753" lon="14.45583002641797">
        <ele>484.53</ele>
      </trkpt>
      <trkpt lat="37.62868001125753" lon="14.455899931490421">
        <ele>484.2</ele>
      </trkpt>
      <trkpt lat="37.628670036792755" lon="14.455970004200935">
        <ele>483.84</ele>
      </trkpt>
      <trkpt lat="37.628629971295595" lon="14.4561099819839">
        <ele>483.46</ele>
      </trkpt>
      <trkpt lat="37.6285348366946" lon="14.456300167366862">
        <ele>483.05</ele>
      </trkpt>
      <trkpt lat="37.62844003736973" lon="14.456490017473698">
        <ele>482.61</ele>
      </trkpt>
      <trkpt lat="37.62842000462115" lon="14.456529999151826">
        <ele>482.19</ele>
      </trkpt>
      <trkpt lat="37.62838002294302" lon="14.45662991143763">
        <ele>481.72</ele>
      </trkpt>
      <trkpt lat="37.62834004126489" lon="14.456750024110079">
        <ele>481.28</ele>
      </trkpt>
      <trkpt lat="37.62829000130296" lon="14.4569699652493">
        <ele>480.82</ele>
      </trkpt>
      <trkpt lat="37.62827985920012" lon="14.457050012424588">
        <ele>480.35</ele>
      </trkpt>
      <trkpt lat="37.62825001962483" lon="14.457339942455292">
        <ele>479.85</ele>
      </trkpt>
      <trkpt lat="37.62825001962483" lon="14.45737992413342">
        <ele>479.36</ele>
      </trkpt>
      <trkpt lat="37.62825001962483" lon="14.45741998963058">
        <ele>478.87</ele>
      </trkpt>
      <trkpt lat="37.6282599940896" lon="14.45752996020019">
        <ele>478.37</ele>
      </trkpt>
      <trkpt lat="37.62830005958676" lon="14.457920724526048">
        <ele>477.9</ele>
      </trkpt>
      <trkpt lat="37.62834004126489" lon="14.458309896290302">
        <ele>477.38</ele>
      </trkpt>
      <trkpt lat="37.62838002294302" lon="14.458633940666914">
        <ele>476.82</ele>
      </trkpt>
      <trkpt lat="37.62842008844018" lon="14.458957901224494">
        <ele>476.26</ele>
      </trkpt>
      <trkpt lat="37.62845981866121" lon="14.459280017763376">
        <ele>475.72</ele>
      </trkpt>
      <trkpt lat="37.62845981866121" lon="14.459410021081567">
        <ele>475.18</ele>
      </trkpt>
      <trkpt lat="37.628480019047856" lon="14.459639936685562">
        <ele>474.62</ele>
      </trkpt>
      <trkpt lat="37.62848999351263" lon="14.459859961643815">
        <ele>474.07</ele>
      </trkpt>
      <trkpt lat="37.62850499711931" lon="14.460210660472512">
        <ele>473.58</ele>
      </trkpt>
      <trkpt lat="37.62851991690695" lon="14.46055993437767">
        <ele>473.08</ele>
      </trkpt>
      <trkpt lat="37.62851991690695" lon="14.46062003262341">
        <ele>472.57</ele>
      </trkpt>
      <trkpt lat="37.62852997519076" lon="14.460769984871149">
        <ele>472.06</ele>
      </trkpt>
      <trkpt lat="37.62852997519076" lon="14.460790017619729">
        <ele>471.59</ele>
      </trkpt>
      <trkpt lat="37.62855000793934" lon="14.46092002093792">
        <ele>471.11</ele>
      </trkpt>
      <trkpt lat="37.62858001515269" lon="14.461110038682818">
        <ele>470.63</ele>
      </trkpt>
      <trkpt lat="37.6286400295794" lon="14.461410026997328">
        <ele>470.18</ele>
      </trkpt>
      <trkpt lat="37.628780007362366" lon="14.461639942601323">
        <ele>469.79</ele>
      </trkpt>
      <trkpt lat="37.62892006896436" lon="14.461860051378608">
        <ele>469.42</ele>
      </trkpt>
      <trkpt lat="37.62906013056636" lon="14.462080160155892">
        <ele>469.06</ele>
      </trkpt>
      <trkpt lat="37.62920002453029" lon="14.46229993365705">
        <ele>468.7</ele>
      </trkpt>
      <trkpt lat="37.629319969564676" lon="14.462479893118143">
        <ele>468.32</ele>
      </trkpt>
      <trkpt lat="37.62943999841809" lon="14.462649878114462">
        <ele>467.99</ele>
      </trkpt>
      <trkpt lat="37.629554998129606" lon="14.462824976071715">
        <ele>467.71</ele>
      </trkpt>
      <trkpt lat="37.62966999784112" lon="14.462999990209937">
        <ele>467.48</ele>
      </trkpt>
      <trkpt lat="37.62980000115931" lon="14.463210040703416">
        <ele>467.4</ele>
      </trkpt>
      <trkpt lat="37.62982992455363" lon="14.463249938562512">
        <ele>467.35</ele>
      </trkpt>
      <trkpt lat="37.62984995730221" lon="14.46328992024064">
        <ele>467.35</ele>
      </trkpt>
      <trkpt lat="37.62989002279937" lon="14.46335001848638">
        <ele>467.4</ele>
      </trkpt>
      <trkpt lat="37.62989002279937" lon="14.463359909132123">
        <ele>467.47</ele>
      </trkpt>
      <trkpt lat="37.62992003001273" lon="14.463450014591217">
        <ele>467.62</ele>
      </trkpt>
      <trkpt lat="37.62995003722608" lon="14.463529894128442">
        <ele>467.81</ele>
      </trkpt>
      <trkpt lat="37.62995992787182" lon="14.463619999587536">
        <ele>468.04</ele>
      </trkpt>
      <trkpt lat="37.6299699023366" lon="14.463907247409225">
        <ele>468.35</ele>
      </trkpt>
      <trkpt lat="37.6299799606204" lon="14.464194495230913">
        <ele>468.75</ele>
      </trkpt>
      <trkpt lat="37.62999001890421" lon="14.464479982852936">
        <ele>469.17</ele>
      </trkpt>
      <trkpt lat="37.62999999336898" lon="14.464700007811189">
        <ele>469.52</ele>
      </trkpt>
      <trkpt lat="37.63000996783376" lon="14.464839901775122">
        <ele>469.93</ele>
      </trkpt>
      <trkpt lat="37.63001994229853" lon="14.46511055342853">
        <ele>470.38</ele>
      </trkpt>
      <trkpt lat="37.63003000058234" lon="14.465380031615496">
        <ele>470.86</ele>
      </trkpt>
      <trkpt lat="37.63003997504711" lon="14.465559991076589">
        <ele>471.37</ele>
      </trkpt>
      <trkpt lat="37.63005003333092" lon="14.465940026566386">
        <ele>471.86</ele>
      </trkpt>
      <trkpt lat="37.630069982260466" lon="14.46611998602748">
        <ele>472.46</ele>
      </trkpt>
      <trkpt lat="37.630130080506206" lon="14.46648065932095">
        <ele>473.08</ele>
      </trkpt>
      <trkpt lat="37.63019001111388" lon="14.466839907690883">
        <ele>473.72</ele>
      </trkpt>
      <trkpt lat="37.63022999279201" lon="14.46704987436533">
        <ele>474.36</ele>
      </trkpt>
      <trkpt lat="37.63027994893491" lon="14.46726000867784">
        <ele>475.06</ele>
      </trkpt>
      <trkpt lat="37.630325043573976" lon="14.467465281486511">
        <ele>475.81</ele>
      </trkpt>
      <trkpt lat="37.630369970574975" lon="14.46766996756196">
        <ele>476.55</ele>
      </trkpt>
      <trkpt lat="37.6304099522531" lon="14.467889908701181">
        <ele>477.29</ele>
      </trkpt>
      <trkpt lat="37.63042990118265" lon="14.468019912019372">
        <ele>478.03</ele>
      </trkpt>
      <trkpt lat="37.63045001775026" lon="14.468110017478466">
        <ele>478.77</ele>
      </trkpt>
      <trkpt lat="37.63048999942839" lon="14.468370024114847">
        <ele>479.56</ele>
      </trkpt>
      <trkpt lat="37.63051003217697" lon="14.46857001632452">
        <ele>480.32</ele>
      </trkpt>
      <trkpt lat="37.63057993724942" lon="14.46889003738761">
        <ele>481.11</ele>
      </trkpt>
      <trkpt lat="37.63061002828181" lon="14.468990033492446">
        <ele>481.84</ele>
      </trkpt>
      <trkpt lat="37.63064003549516" lon="14.469100004062057">
        <ele>482.56</ele>
      </trkpt>
      <trkpt lat="37.63068001717329" lon="14.469199916347861">
        <ele>483.29</ele>
      </trkpt>
      <trkpt lat="37.630786802619696" lon="14.46943687275052">
        <ele>484.07</ele>
      </trkpt>
      <trkpt lat="37.6308935880661" lon="14.46967382915318">
        <ele>484.83</ele>
      </trkpt>
      <trkpt lat="37.63100003823638" lon="14.469909947365522">
        <ele>485.53</ele>
      </trkpt>
      <trkpt lat="37.631075056269765" lon="14.470090242102742">
        <ele>486.21</ele>
      </trkpt>
      <trkpt lat="37.63114999048412" lon="14.47026995010674">
        <ele>486.88</ele>
      </trkpt>
      <trkpt lat="37.63120003044605" lon="14.470389978960156">
        <ele>487.54</ele>
      </trkpt>
      <trkpt lat="37.6312199793756" lon="14.470429876819253">
        <ele>488.18</ele>
      </trkpt>
      <trkpt lat="37.63128996826708" lon="14.47058997116983">
        <ele>488.82</ele>
      </trkpt>
      <trkpt lat="37.63133003376424" lon="14.47076003998518">
        <ele>489.45</ele>
      </trkpt>
      <trkpt lat="37.63136993162334" lon="14.470930024981499">
        <ele>490.06</ele>
      </trkpt>
      <trkpt lat="37.631403962150216" lon="14.471312742680311">
        <ele>490.65</ele>
      </trkpt>
      <trkpt lat="37.631438076496124" lon="14.471695544198155">
        <ele>491.21</ele>
      </trkpt>
      <trkpt lat="37.631472107023" lon="14.472078345716">
        <ele>491.81</ele>
      </trkpt>
      <trkpt lat="37.63150622136891" lon="14.472461063414812">
        <ele>492.43</ele>
      </trkpt>
      <trkpt lat="37.63154000043869" lon="14.472840009257197">
        <ele>492.96</ele>
      </trkpt>
      <trkpt lat="37.63156003318727" lon="14.473069924861193">
        <ele>493.48</ele>
      </trkpt>
      <trkpt lat="37.63157998211682" lon="14.473290033638477">
        <ele>494.02</ele>
      </trkpt>
      <trkpt lat="37.63158995658159" lon="14.473379971459508">
        <ele>494.54</ele>
      </trkpt>
      <trkpt lat="37.63161996379495" lon="14.473720025271177">
        <ele>495.09</ele>
      </trkpt>
      <trkpt lat="37.63163002207875" lon="14.473929908126593">
        <ele>495.57</ele>
      </trkpt>
      <trkpt lat="37.63163002207875" lon="14.473999980837107">
        <ele>496.03</ele>
      </trkpt>
      <trkpt lat="37.63161996379495" lon="14.474150016903877">
        <ele>496.47</ele>
      </trkpt>
      <trkpt lat="37.63176999986172" lon="14.474280020222068">
        <ele>496.93</ele>
      </trkpt>
      <trkpt lat="37.63192003592849" lon="14.474410023540258">
        <ele>497.4</ele>
      </trkpt>
      <trkpt lat="37.63197988271713" lon="14.47445997968316">
        <ele>497.9</ele>
      </trkpt>
      <trkpt lat="37.63206998817623" lon="14.474529884755611">
        <ele>498.43</ele>
      </trkpt>
      <trkpt lat="37.63222983106971" lon="14.474664833396673">
        <ele>498.98</ele>
      </trkpt>
      <trkpt lat="37.632390009239316" lon="14.47480003349483">
        <ele>499.56</ele>
      </trkpt>
      <trkpt lat="37.63249997980893" lon="14.47486993856728">
        <ele>500.16</ele>
      </trkpt>
      <trkpt lat="37.63257994316518" lon="14.47491000406444">
        <ele>500.76</ele>
      </trkpt>
      <trkpt lat="37.6326500158757" lon="14.474919894710183">
        <ele>501.39</ele>
      </trkpt>
      <trkpt lat="37.632710030302405" lon="14.474919894710183">
        <ele>502.03</ele>
      </trkpt>
      <trkpt lat="37.63275998644531" lon="14.474859964102507">
        <ele>502.7</ele>
      </trkpt>
      <trkpt lat="37.632779935374856" lon="14.474829956889153">
        <ele>503.37</ele>
      </trkpt>
      <trkpt lat="37.632799968123436" lon="14.47478000074625">
        <ele>504.06</ele>
      </trkpt>
      <trkpt lat="37.63281002640724" lon="14.474749993532896">
        <ele>504.76</ele>
      </trkpt>
      <trkpt lat="37.63281002640724" lon="14.474710011854768">
        <ele>505.48</ele>
      </trkpt>
      <trkpt lat="37.632820000872016" lon="14.474659888073802">
        <ele>506.21</ele>
      </trkpt>
      <trkpt lat="37.63281002640724" lon="14.474389990791678">
        <ele>507.0</ele>
      </trkpt>
      <trkpt lat="37.632820000872016" lon="14.47435000911355">
        <ele>507.78</ele>
      </trkpt>
      <trkpt lat="37.632840033620596" lon="14.47428991086781">
        <ele>508.58</ele>
      </trkpt>
      <trkpt lat="37.63285000808537" lon="14.474249929189682">
        <ele>509.4</ele>
      </trkpt>
      <trkpt lat="37.6328899897635" lon="14.47415990754962">
        <ele>510.25</ele>
      </trkpt>
      <trkpt lat="37.63305511325598" lon="14.47382714599371">
        <ele>511.19</ele>
      </trkpt>
      <trkpt lat="37.63322023674846" lon="14.4734943844378">
        <ele>512.08</ele>
      </trkpt>
      <trkpt lat="37.633385360240936" lon="14.47316162288189">
        <ele>512.92</ele>
      </trkpt>
      <trkpt lat="37.633549980819225" lon="14.472829950973392">
        <ele>513.87</ele>
      </trkpt>
      <trkpt lat="37.63362986035645" lon="14.472679914906621">
        <ele>514.84</ele>
      </trkpt>
      <trkpt lat="37.633700016885996" lon="14.47256994433701">
        <ele>515.79</ele>
      </trkpt>
      <trkpt lat="37.63370999135077" lon="14.472559969872236">
        <ele>516.68</ele>
      </trkpt>
      <trkpt lat="37.63380001299083" lon="14.472449999302626">
        <ele>517.64</ele>
      </trkpt>
      <trkpt lat="37.63386991806328" lon="14.472379926592112">
        <ele>518.56</ele>
      </trkpt>
      <trkpt lat="37.63396999798715" lon="14.47230993770063">
        <ele>519.43</ele>
      </trkpt>
      <trkpt lat="37.63419999741018" lon="14.47213995270431">
        <ele>520.34</ele>
      </trkpt>
      <trkpt lat="37.63430996797979" lon="14.472069963812828">
        <ele>521.26</ele>
      </trkpt>
      <trkpt lat="37.63446997851133" lon="14.47196988388896">
        <ele>522.28</ele>
      </trkpt>
      <trkpt lat="37.63452999293804" lon="14.471929902210832">
        <ele>523.22</ele>
      </trkpt>
      <trkpt lat="37.63459000736475" lon="14.471869971603155">
        <ele>524.15</ele>
      </trkpt>
      <trkpt lat="37.63459989801049" lon="14.471850022673607">
        <ele>525.02</ele>
      </trkpt>
      <trkpt lat="37.63461993075907" lon="14.471810040995479">
        <ele>525.9</ele>
      </trkpt>
      <trkpt lat="37.63462998904288" lon="14.471769975498319">
        <ele>526.73</ele>
      </trkpt>
      <trkpt lat="37.63462998904288" lon="14.471720019355416">
        <ele>527.55</ele>
      </trkpt>
      <trkpt lat="37.63461004011333" lon="14.47166989557445">
        <ele>528.36</ele>
      </trkpt>
      <trkpt lat="37.634580032899976" lon="14.471639972180128">
        <ele>529.14</ele>
      </trkpt>
      <trkpt lat="37.634560000151396" lon="14.471629913896322">
        <ele>529.9</ele>
      </trkpt>
      <trkpt lat="37.634539967402816" lon="14.47162002325058">
        <ele>530.64</ele>
      </trkpt>
      <trkpt lat="37.63452001847327" lon="14.471609881147742">
        <ele>531.35</ele>
      </trkpt>
      <trkpt lat="37.63449001125991" lon="14.471599990502">
        <ele>532.06</ele>
      </trkpt>
      <trkpt lat="37.63443997129798" lon="14.471590016037226">
        <ele>532.74</ele>
      </trkpt>
      <trkpt lat="37.63418993912637" lon="14.47153989225626">
        <ele>533.38</ele>
      </trkpt>
      <trkpt lat="37.633979972451925" lon="14.47149001993239">
        <ele>534.02</ele>
      </trkpt>
      <trkpt lat="37.63390998356044" lon="14.47146998718381">
        <ele>534.66</ele>
      </trkpt>
      <trkpt lat="37.63390000909567" lon="14.471460012719035">
        <ele>535.29</ele>
      </trkpt>
      <trkpt lat="37.63386002741754" lon="14.471439979970455">
        <ele>535.92</ele>
      </trkpt>
      <trkpt lat="37.63380981981754" lon="14.47140988893807">
        <ele>536.54</ele>
      </trkpt>
      <trkpt lat="37.63377000577748" lon="14.471369907259941">
        <ele>537.16</ele>
      </trkpt>
      <trkpt lat="37.6337499730289" lon="14.471349874511361">
        <ele>537.76</ele>
      </trkpt>
      <trkpt lat="37.63373002409935" lon="14.47132003493607">
        <ele>538.36</ele>
      </trkpt>
      <trkpt lat="37.633700016885996" lon="14.471269994974136">
        <ele>538.96</ele>
      </trkpt>
      <trkpt lat="37.63368995860219" lon="14.471230013296008">
        <ele>539.56</ele>
      </trkpt>
      <trkpt lat="37.633679984137416" lon="14.47119003161788">
        <ele>540.17</ele>
      </trkpt>
      <trkpt lat="37.633679984137416" lon="14.471160024404526">
        <ele>540.78</ele>
      </trkpt>
      <trkpt lat="37.63368995860219" lon="14.47101996280253">
        <ele>541.47</ele>
      </trkpt>
      <trkpt lat="37.63370999135077" lon="14.47071997448802">
        <ele>542.28</ele>
      </trkpt>
      <trkpt lat="37.63371988199651" lon="14.470670018345118">
        <ele>542.96</ele>
      </trkpt>
      <trkpt lat="37.63373002409935" lon="14.470639927312732">
        <ele>543.63</ele>
      </trkpt>
      <trkpt lat="37.63373991474509" lon="14.47063003666699">
        <ele>544.28</ele>
      </trkpt>
      <trkpt lat="37.6337499730289" lon="14.470619894564152">
        <ele>544.95</ele>
      </trkpt>
      <trkpt lat="37.63375994749367" lon="14.47061000391841">
        <ele>545.61</ele>
      </trkpt>
      <trkpt lat="37.63377000577748" lon="14.470600029453635">
        <ele>546.29</ele>
      </trkpt>
      <trkpt lat="37.63379003852606" lon="14.470600029453635">
        <ele>546.98</ele>
      </trkpt>
      <trkpt lat="37.63380001299083" lon="14.470600029453635">
        <ele>547.67</ele>
      </trkpt>
      <trkpt lat="37.63380981981754" lon="14.47061000391841">
        <ele>548.37</ele>
      </trkpt>
      <trkpt lat="37.633830020204186" lon="14.470619894564152">
        <ele>549.09</ele>
      </trkpt>
      <trkpt lat="37.63408960774541" lon="14.470779737457633">
        <ele>550.0</ele>
      </trkpt>
      <trkpt lat="37.63435003347695" lon="14.470939915627241">
        <ele>550.72</ele>
      </trkpt>
      <trkpt lat="37.63439998961985" lon="14.470970006659627">
        <ele>551.43</ele>
      </trkpt>
      <trkpt lat="37.634429996833205" lon="14.47097989730537">
        <ele>552.16</ele>
      </trkpt>
      <trkpt lat="37.63446997851133" lon="14.470990039408207">
        <ele>552.9</ele>
      </trkpt>
      <trkpt lat="37.63449998572469" lon="14.470990039408207">
        <ele>553.66</ele>
      </trkpt>
      <trkpt lat="37.63455002568662" lon="14.470990039408207">
        <ele>554.42</ele>
      </trkpt>
      <trkpt lat="37.63468002900481" lon="14.470970006659627">
        <ele>555.2</ele>
      </trkpt>
      <trkpt lat="37.63475999236107" lon="14.470930024981499">
        <ele>556.05</ele>
      </trkpt>
      <trkpt lat="37.63482998125255" lon="14.470889959484339">
        <ele>556.91</ele>
      </trkpt>
      <trkpt lat="37.634880021214485" lon="14.47084997780621">
        <ele>557.78</ele>
      </trkpt>
      <trkpt lat="37.63494003564119" lon="14.47080991230905">
        <ele>558.67</ele>
      </trkpt>
      <trkpt lat="37.63501999899745" lon="14.4707400072366">
        <ele>559.6</ele>
      </trkpt>
      <trkpt lat="37.635140027850866" lon="14.470639927312732">
        <ele>560.51</ele>
      </trkpt>
      <trkpt lat="37.63537002727389" lon="14.470449909567833">
        <ele>561.36</ele>
      </trkpt>
      <trkpt lat="37.63549994677305" lon="14.470300041139126">
        <ele>562.27</ele>
      </trkpt>
      <trkpt lat="37.63555996119976" lon="14.47022988460958">
        <ele>563.17</ele>
      </trkpt>
      <trkpt lat="37.635570019483566" lon="14.470219993963838">
        <ele>564.09</ele>
      </trkpt>
      <trkpt lat="37.63561997562647" lon="14.470170037820935">
        <ele>565.05</ele>
      </trkpt>
      <trkpt lat="37.63566004112363" lon="14.470129972323775">
        <ele>566.02</ele>
      </trkpt>
      <trkpt lat="37.63577001169324" lon="14.470050008967519">
        <ele>567.0</ele>
      </trkpt>
      <trkpt lat="37.6358600333333" lon="14.46996996179223">
        <ele>567.99</ele>
      </trkpt>
      <trkpt lat="37.63587998226285" lon="14.469940038397908">
        <ele>568.99</ele>
      </trkpt>
      <trkpt lat="37.63590001501143" lon="14.469909947365522">
        <ele>570.01</ele>
      </trkpt>
      <trkpt lat="37.63591996394098" lon="14.46985999122262">
        <ele>571.06</ele>
      </trkpt>
      <trkpt lat="37.63596002943814" lon="14.469769969582558">
        <ele>572.14</ele>
      </trkpt>
      <trkpt lat="37.63603001832962" lon="14.469569893553853">
        <ele>573.3</ele>
      </trkpt>
      <trkpt lat="37.63604996725917" lon="14.469529995694757">
        <ele>574.35</ele>
      </trkpt>
      <trkpt lat="37.63606991618872" lon="14.46949990466237">
        <ele>575.4</ele>
      </trkpt>
      <trkpt lat="37.63610998168588" lon="14.469459922984242">
        <ele>576.45</ele>
      </trkpt>
      <trkpt lat="37.636169996112585" lon="14.469420025125146">
        <ele>577.5</ele>
      </trkpt>
      <trkpt lat="37.63617997057736" lon="14.46940996684134">
        <ele>578.55</ele>
      </trkpt>
      <trkpt lat="37.63633989728987" lon="14.469339977949858">
        <ele>579.69</ele>
      </trkpt>
      <trkpt lat="37.63635993003845" lon="14.469329919666052">
        <ele>580.73</ele>
      </trkpt>
      <trkpt lat="37.636409970000386" lon="14.469309886917472">
        <ele>581.79</ele>
      </trkpt>
      <trkpt lat="37.636450035497546" lon="14.469309886917472">
        <ele>582.82</ele>
      </trkpt>
      <trkpt lat="37.63646990060806" lon="14.46932002902031">
        <ele>583.83</ele>
      </trkpt>
      <trkpt lat="37.63649999164045" lon="14.46932002902031">
        <ele>584.85</ele>
      </trkpt>
      <trkpt lat="37.6365299988538" lon="14.469339977949858">
        <ele>585.84</ele>
      </trkpt>
      <trkpt lat="37.63656998053193" lon="14.46936990134418">
        <ele>586.82</ele>
      </trkpt>
      <trkpt lat="37.636620020493865" lon="14.4694500323385">
        <ele>587.74</ele>
      </trkpt>
      <trkpt lat="37.63671993277967" lon="14.469589926302433">
        <ele>588.63</ele>
      </trkpt>
      <trkpt lat="37.63673996552825" lon="14.469609875231981">
        <ele>589.6</ele>
      </trkpt>
      <trkpt lat="37.63675999827683" lon="14.469629907980561">
        <ele>590.55</ele>
      </trkpt>
      <trkpt lat="37.63676988892257" lon="14.469629907980561">
        <ele>591.49</ele>
      </trkpt>
      <trkpt lat="37.63679997995496" lon="14.469639966264367">
        <ele>592.43</ele>
      </trkpt>
      <trkpt lat="37.63685001991689" lon="14.469659999012947">
        <ele>593.34</ele>
      </trkpt>
      <trkpt lat="37.63695001602173" lon="14.469639966264367">
        <ele>594.29</ele>
      </trkpt>
      <trkpt lat="37.63704003766179" lon="14.469589926302433">
        <ele>595.22</ele>
      </trkpt>
      <trkpt lat="37.63722997158766" lon="14.469490014016628">
        <ele>596.24</ele>
      </trkpt>
      <trkpt lat="37.63727992773056" lon="14.469469981268048">
        <ele>597.08</ele>
      </trkpt>
      <trkpt lat="37.63731999322772" lon="14.469459922984242">
        <ele>597.87</ele>
      </trkpt>
      <trkpt lat="37.63735997490585" lon="14.4694500323385">
        <ele>598.61</ele>
      </trkpt>
      <trkpt lat="37.63741001486778" lon="14.4694500323385">
        <ele>599.3</ele>
      </trkpt>
      <trkpt lat="37.63758963905275" lon="14.46947492659092">
        <ele>599.99</ele>
      </trkpt>
      <trkpt lat="37.637770017609" lon="14.46949990466237">
        <ele>600.61</ele>
      </trkpt>
      <trkpt lat="37.63787998817861" lon="14.469509962946177">
        <ele>601.15</ele>
      </trkpt>
      <trkpt lat="37.63791996985674" lon="14.46951993741095">
        <ele>601.6</ele>
      </trkpt>
      <trkpt lat="37.6379600353539" lon="14.46951993741095">
        <ele>601.97</ele>
      </trkpt>
      <trkpt lat="37.63800001703203" lon="14.469509962946177">
        <ele>602.28</ele>
      </trkpt>
      <trkpt lat="37.638129936531186" lon="14.4694500323385">
        <ele>602.58</ele>
      </trkpt>
      <trkpt lat="37.6382499653846" lon="14.46938993409276">
        <ele>602.8</ele>
      </trkpt>
      <trkpt lat="37.63841466978192" lon="14.469305109232664">
        <ele>602.94</ele>
      </trkpt>
      <trkpt lat="37.638579960912466" lon="14.469219949096441">
        <ele>602.98</ele>
      </trkpt>
      <trkpt lat="37.63876000419259" lon="14.469120036810637">
        <ele>602.89</ele>
      </trkpt>
      <trkpt lat="37.63882999308407" lon="14.46906991302967">
        <ele>602.68</ele>
      </trkpt>
      <trkpt lat="37.63892998918891" lon="14.468970000743866">
        <ele>602.36</ele>
      </trkpt>
      <trkpt lat="37.63896997086704" lon="14.46904988028109">
        <ele>601.91</ele>
      </trkpt>
      <trkpt lat="37.63899000361562" lon="14.46908994577825">
        <ele>601.39</ele>
      </trkpt>
      <trkpt lat="37.6390100363642" lon="14.469120036810637">
        <ele>600.77</ele>
      </trkpt>
      <trkpt lat="37.63903995975852" lon="14.469149960204959">
        <ele>600.07</ele>
      </trkpt>
      <trkpt lat="37.6390599925071" lon="14.469169992953539">
        <ele>599.28</ele>
      </trkpt>
      <trkpt lat="37.63909997418523" lon="14.469169992953539">
        <ele>598.4</ele>
      </trkpt>
      <trkpt lat="37.63918002136052" lon="14.469149960204959">
        <ele>597.42</ele>
      </trkpt>
      <trkpt lat="37.63935998082161" lon="14.469100004062057">
        <ele>596.31</ele>
      </trkpt>
      <trkpt lat="37.639514626935124" lon="14.469060022383928">
        <ele>595.17</ele>
      </trkpt>
      <trkpt lat="37.63966994360089" lon="14.4690200407058">
        <ele>593.96</ele>
      </trkpt>
      <trkpt lat="37.639779997989535" lon="14.46900000795722">
        <ele>592.72</ele>
      </trkpt>
      <trkpt lat="37.63984998688102" lon="14.468990033492446">
        <ele>591.43</ele>
      </trkpt>
      <trkpt lat="37.64010940678418" lon="14.468965055420995">
        <ele>590.03</ele>
      </trkpt>
      <trkpt lat="37.64037000015378" lon="14.46893990971148">
        <ele>588.56</ele>
      </trkpt>
      <trkpt lat="37.64044996351004" lon="14.46895994246006">
        <ele>587.08</ele>
      </trkpt>
      <trkpt lat="37.64046999625862" lon="14.468909986317158">
        <ele>585.69</ele>
      </trkpt>
      <trkpt lat="37.64065003953874" lon="14.46893990971148">
        <ele>584.06</ele>
      </trkpt>
      <trkpt lat="37.64075003564358" lon="14.46895994246006">
        <ele>582.51</ele>
      </trkpt>
      <trkpt lat="37.64083997346461" lon="14.46895994246006">
        <ele>580.98</ele>
      </trkpt>
      <trkpt lat="37.64108003117144" lon="14.46893990971148">
        <ele>579.45</ele>
      </trkpt>
      <trkpt lat="37.641110038384795" lon="14.468930019065738">
        <ele>578.02</ele>
      </trkpt>
      <trkpt lat="37.6412599068135" lon="14.468949967995286">
        <ele>576.53</ele>
      </trkpt>
      <trkpt lat="37.64131003059447" lon="14.468949967995286">
        <ele>575.13</ele>
      </trkpt>
      <trkpt lat="37.64135998673737" lon="14.468970000743866">
        <ele>573.75</ele>
      </trkpt>
      <trkpt lat="37.64150993898511" lon="14.4690200407058">
        <ele>572.35</ele>
      </trkpt>
      <trkpt lat="37.64165997505188" lon="14.469149960204959">
        <ele>570.95</ele>
      </trkpt>
      <trkpt lat="37.641780003905296" lon="14.469230007380247">
        <ele>569.65</ele>
      </trkpt>
      <trkpt lat="37.64184999279678" lon="14.469269989058375">
        <ele>568.44</ele>
      </trkpt>
      <trkpt lat="37.64195996336639" lon="14.469309886917472">
        <ele>567.29</ele>
      </trkpt>
      <trkpt lat="37.64204001054168" lon="14.469309886917472">
        <ele>566.25</ele>
      </trkpt>
      <trkpt lat="37.64226003549993" lon="14.46927996352315">
        <ele>565.34</ele>
      </trkpt>
      <trkpt lat="37.64230001717806" lon="14.46927996352315">
        <ele>564.41</ele>
      </trkpt>
      <trkpt lat="37.6423598639667" lon="14.46927996352315">
        <ele>563.55</ele>
      </trkpt>
      <trkpt lat="37.642400013282895" lon="14.46929999627173">
        <ele>562.74</ele>
      </trkpt>
      <trkpt lat="37.6424600277096" lon="14.469349952414632">
        <ele>561.98</ele>
      </trkpt>
      <trkpt lat="37.64249003492296" lon="14.469379959627986">
        <ele>561.29</ele>
      </trkpt>
      <trkpt lat="37.64262003824115" lon="14.46953997015953">
        <ele>560.66</ele>
      </trkpt>
      <trkpt lat="37.64264996163547" lon="14.46958003565669">
        <ele>560.12</ele>
      </trkpt>
      <trkpt lat="37.64267988502979" lon="14.469629907980561">
        <ele>559.64</ele>
      </trkpt>
      <trkpt lat="37.64269991777837" lon="14.46966988965869">
        <ele>559.22</ele>
      </trkpt>
      <trkpt lat="37.64270997606218" lon="14.469720013439655">
        <ele>558.86</ele>
      </trkpt>
      <trkpt lat="37.64270997606218" lon="14.469759911298752">
        <ele>558.59</ele>
      </trkpt>
      <trkpt lat="37.64271995052695" lon="14.469810035079718">
        <ele>558.37</ele>
      </trkpt>
      <trkpt lat="37.64270997606218" lon="14.469869881868362">
        <ele>558.22</ele>
      </trkpt>
      <trkpt lat="37.64267988502979" lon="14.469959987327456">
        <ele>558.1</ele>
      </trkpt>
      <trkpt lat="37.642639987170696" lon="14.470029976218939">
        <ele>558.04</ele>
      </trkpt>
      <trkpt lat="37.64260000549257" lon="14.470079932361841">
        <ele>558.04</ele>
      </trkpt>
      <trkpt lat="37.6424600277096" lon="14.470300041139126">
        <ele>558.11</ele>
      </trkpt>
      <trkpt lat="37.64234494417906" lon="14.470470026135445">
        <ele>558.24</ele>
      </trkpt>
      <trkpt lat="37.642230028286576" lon="14.470639927312732">
        <ele>558.39</ele>
      </trkpt>
      <trkpt lat="37.64224989339709" lon="14.47078987956047">
        <ele>558.65</ele>
      </trkpt>
      <trkpt lat="37.64226003549993" lon="14.470879901200533">
        <ele>558.9</ele>
      </trkpt>
      <trkpt lat="37.64226003549993" lon="14.470919882878661">
        <ele>559.15</ele>
      </trkpt>
      <trkpt lat="37.64226992614567" lon="14.47106002829969">
        <ele>559.48</ele>
      </trkpt>
      <trkpt lat="37.64226003549993" lon="14.471160024404526">
        <ele>559.78</ele>
      </trkpt>
      <trkpt lat="37.64226003549993" lon="14.471369907259941">
        <ele>560.06</ele>
      </trkpt>
      <trkpt lat="37.642230028286576" lon="14.47146998718381">
        <ele>560.39</ele>
      </trkpt>
      <trkpt lat="37.642189962789416" lon="14.471660004928708">
        <ele>560.71</ele>
      </trkpt>
      <trkpt lat="37.64217998832464" lon="14.47168992832303">
        <ele>561.12</ele>
      </trkpt>
      <trkpt lat="37.64213003218174" lon="14.471910037100315">
        <ele>561.54</ele>
      </trkpt>
      <trkpt lat="37.6421198900789" lon="14.47192001156509">
        <ele>561.97</ele>
      </trkpt>
      <trkpt lat="37.64208996668458" lon="14.471999974921346">
        <ele>562.44</ele>
      </trkpt>
      <trkpt lat="37.64204998500645" lon="14.472110029309988">
        <ele>562.92</ele>
      </trkpt>
      <trkpt lat="37.64200002886355" lon="14.472209941595793">
        <ele>563.4</ele>
      </trkpt>
      <trkpt lat="37.641970021650195" lon="14.47228990495205">
        <ele>563.91</ele>
      </trkpt>
      <trkpt lat="37.64195996336639" lon="14.47235000319779">
        <ele>564.42</ele>
      </trkpt>
      <trkpt lat="37.64195996336639" lon="14.472410017624497">
        <ele>564.95</ele>
      </trkpt>
      <trkpt lat="37.64198997057974" lon="14.472540020942688">
        <ele>565.53</ele>
      </trkpt>
      <trkpt lat="37.64198997057974" lon="14.472559969872236">
        <ele>566.04</ele>
      </trkpt>
      <trkpt lat="37.6420199777931" lon="14.472689973190427">
        <ele>566.6</ele>
      </trkpt>
      <trkpt lat="37.64204001054168" lon="14.472749987617135">
        <ele>567.13</ele>
      </trkpt>
      <trkpt lat="37.642059959471226" lon="14.472789885476232">
        <ele>567.64</ele>
      </trkpt>
      <trkpt lat="37.642100024968386" lon="14.4728899654001">
        <ele>568.14</ele>
      </trkpt>
      <trkpt lat="37.6421198900789" lon="14.472949979826808">
        <ele>568.62</ele>
      </trkpt>
      <trkpt lat="37.6421198900789" lon="14.472959954291582">
        <ele>569.08</ele>
      </trkpt>
      <trkpt lat="37.64213992282748" lon="14.473009994253516">
        <ele>569.54</ele>
      </trkpt>
      <trkpt lat="37.64214998111129" lon="14.473049892112613">
        <ele>569.98</ele>
      </trkpt>
      <trkpt lat="37.64215987175703" lon="14.473100015893579">
        <ele>570.41</ele>
      </trkpt>
      <trkpt lat="37.64217001385987" lon="14.47319003753364">
        <ele>570.81</ele>
      </trkpt>
      <trkpt lat="37.64217001385987" lon="14.47333998978138">
        <ele>571.18</ele>
      </trkpt>
      <trkpt lat="37.64217001385987" lon="14.473400004208088">
        <ele>571.55</ele>
      </trkpt>
      <trkpt lat="37.64217001385987" lon="14.473420036956668">
        <ele>571.9</ele>
      </trkpt>
      <trkpt lat="37.64217998832464" lon="14.47349002584815">
        <ele>572.23</ele>
      </trkpt>
      <trkpt lat="37.64220002107322" lon="14.47362002916634">
        <ele>572.53</ele>
      </trkpt>
      <trkpt lat="37.642209995537996" lon="14.473669901490211">
        <ele>572.83</ele>
      </trkpt>
      <trkpt lat="37.64224000275135" lon="14.47383988648653">
        <ele>573.1</ele>
      </trkpt>
      <trkpt lat="37.64228995889425" lon="14.474079944193363">
        <ele>573.41</ele>
      </trkpt>
      <trkpt lat="37.64228995889425" lon="14.474090002477169">
        <ele>573.64</ele>
      </trkpt>
      <trkpt lat="37.64230999164283" lon="14.47415990754962">
        <ele>573.87</ele>
      </trkpt>
      <trkpt lat="37.64233002439141" lon="14.47422000579536">
        <ele>574.05</ele>
      </trkpt>
      <trkpt lat="37.642379980534315" lon="14.474299969151616">
        <ele>574.23</ele>
      </trkpt>
      <trkpt lat="37.642400013282895" lon="14.47435000911355">
        <ele>574.37</ele>
      </trkpt>
      <trkpt lat="37.642400013282895" lon="14.47437004186213">
        <ele>574.47</ele>
      </trkpt>
      <trkpt lat="37.64240998774767" lon="14.47439988143742">
        <ele>574.55</ele>
      </trkpt>
      <trkpt lat="37.642400013282895" lon="14.474429972469807">
        <ele>574.59</ele>
      </trkpt>
      <trkpt lat="37.642400013282895" lon="14.47448001243174">
        <ele>574.63</ele>
      </trkpt>
      <trkpt lat="37.64231996610761" lon="14.474679920822382">
        <ele>574.6</ele>
      </trkpt>
      <trkpt lat="37.64226992614567" lon="14.474809924140573">
        <ele>574.58</ele>
      </trkpt>
      <trkpt lat="37.64224000275135" lon="14.47488997131586">
        <ele>574.54</ele>
      </trkpt>
      <trkpt lat="37.64215987175703" lon="14.47510002180934">
        <ele>574.49</ele>
      </trkpt>
      <trkpt lat="37.64214998111129" lon="14.475129945203662">
        <ele>574.39</ele>
      </trkpt>
      <trkpt lat="37.64208996668458" lon="14.47531996294856">
        <ele>574.27</ele>
      </trkpt>
      <trkpt lat="37.642059959471226" lon="14.475389951840043">
        <ele>574.11</ele>
      </trkpt>
      <trkpt lat="37.64204998500645" lon="14.47548994794488">
        <ele>573.94</ele>
      </trkpt>
      <trkpt lat="37.64204998500645" lon="14.475520038977265">
        <ele>573.74</ele>
      </trkpt>
      <trkpt lat="37.64204998500645" lon="14.475559936836362">
        <ele>573.51</ele>
      </trkpt>
      <trkpt lat="37.64204998500645" lon="14.47563998401165">
        <ele>573.24</ele>
      </trkpt>
      <trkpt lat="37.64204998500645" lon="14.475649874657393">
        <ele>572.96</ele>
      </trkpt>
      <trkpt lat="37.642059959471226" lon="14.475699998438358">
        <ele>572.66</ele>
      </trkpt>
      <trkpt lat="37.642079992219806" lon="14.475760012865067">
        <ele>572.34</ele>
      </trkpt>
      <trkpt lat="37.642100024968386" lon="14.475819943472743">
        <ele>571.99</ele>
      </trkpt>
      <trkpt lat="37.6421198900789" lon="14.475859925150871">
        <ele>571.63</ele>
      </trkpt>
      <trkpt lat="37.64213003218174" lon="14.475890016183257">
        <ele>571.25</ele>
      </trkpt>
      <trkpt lat="37.64217998832464" lon="14.47593997232616">
        <ele>570.85</ele>
      </trkpt>
      <trkpt lat="37.64221997000277" lon="14.47598003782332">
        <ele>570.44</ele>
      </trkpt>
      <trkpt lat="37.64226992614567" lon="14.47602991014719">
        <ele>570.02</ele>
      </trkpt>
      <trkpt lat="37.6423598639667" lon="14.476119931787252">
        <ele>569.55</ele>
      </trkpt>
      <trkpt lat="37.64247000217438" lon="14.47622001171112">
        <ele>569.02</ele>
      </trkpt>
      <trkpt lat="37.64270997606218" lon="14.476450011134148">
        <ele>568.48</ele>
      </trkpt>
      <trkpt lat="37.64279002323747" lon="14.476529890671372">
        <ele>568.02</ele>
      </trkpt>
      <trkpt lat="37.64286998659372" lon="14.476619996130466">
        <ele>567.55</ele>
      </trkpt>
      <trkpt lat="37.642939975485206" lon="14.476659893989563">
        <ele>567.12</ele>
      </trkpt>
      <trkpt lat="37.643009880557656" lon="14.476699875667691">
        <ele>566.7</ele>
      </trkpt>
      <trkpt lat="37.64310987666249" lon="14.476729966700077">
        <ele>566.3</ele>
      </trkpt>
      <trkpt lat="37.64312001876533" lon="14.476739941164851">
        <ele>565.91</ele>
      </trkpt>
      <trkpt lat="37.64314994215965" lon="14.476739941164851">
        <ele>565.56</ele>
      </trkpt>
      <trkpt lat="37.643280029296875" lon="14.4767598900944">
        <ele>565.19</ele>
      </trkpt>
      <trkpt lat="37.64329000376165" lon="14.4767598900944">
        <ele>564.84</ele>
      </trkpt>
      <trkpt lat="37.64338983222842" lon="14.476749999448657">
        <ele>564.52</ele>
      </trkpt>
      <trkpt lat="37.64342989772558" lon="14.476729966700077">
        <ele>564.24</ele>
      </trkpt>
      <trkpt lat="37.64345998875797" lon="14.476719908416271">
        <ele>563.94</ele>
      </trkpt>
      <trkpt lat="37.643499970436096" lon="14.476699875667691">
        <ele>563.65</ele>
      </trkpt>
      <trkpt lat="37.643520003184676" lon="14.476689985021949">
        <ele>563.36</ele>
      </trkpt>
      <trkpt lat="37.64355001039803" lon="14.476679926738143">
        <ele>563.08</ele>
      </trkpt>
      <trkpt lat="37.64356987550855" lon="14.476679926738143">
        <ele>562.8</ele>
      </trkpt>
      <trkpt lat="37.64358999207616" lon="14.476679926738143">
        <ele>562.53</ele>
      </trkpt>
      <trkpt lat="37.64359996654093" lon="14.476679926738143">
        <ele>562.26</ele>
      </trkpt>
      <trkpt lat="37.64361002482474" lon="14.476689985021949">
        <ele>562.0</ele>
      </trkpt>
      <trkpt lat="37.64361999928951" lon="14.476689985021949">
        <ele>561.74</ele>
      </trkpt>
      <trkpt lat="37.64362997375429" lon="14.476699875667691">
        <ele>561.49</ele>
      </trkpt>
      <trkpt lat="37.64362997375429" lon="14.476710017770529">
        <ele>561.24</ele>
      </trkpt>
      <trkpt lat="37.64362997375429" lon="14.476719908416271">
        <ele>560.99</ele>
      </trkpt>
      <trkpt lat="37.64364003203809" lon="14.476739941164851">
        <ele>560.75</ele>
      </trkpt>
      <trkpt lat="37.64364003203809" lon="14.476770032197237">
        <ele>560.51</ele>
      </trkpt>
      <trkpt lat="37.64362997375429" lon="14.47677992284298">
        <ele>560.27</ele>
      </trkpt>
      <trkpt lat="37.64362997375429" lon="14.47679995559156">
        <ele>560.04</ele>
      </trkpt>
      <trkpt lat="37.64358999207616" lon="14.476919984444976">
        <ele>559.76</ele>
      </trkpt>
      <trkpt lat="37.64355001039803" lon="14.47701989673078">
        <ele>559.54</ele>
      </trkpt>
      <trkpt lat="37.643499970436096" lon="14.477119976654649">
        <ele>559.32</ele>
      </trkpt>
      <trkpt lat="37.643479937687516" lon="14.477140009403229">
        <ele>559.09</ele>
      </trkpt>
      <trkpt lat="37.64338983222842" lon="14.477289961650968">
        <ele>558.87</ele>
      </trkpt>
      <trkpt lat="37.64332998543978" lon="14.47737998329103">
        <ele>558.71</ele>
      </trkpt>
      <trkpt lat="37.643259996548295" lon="14.47744988836348">
        <ele>558.51</ele>
      </trkpt>
      <trkpt lat="37.64316997490823" lon="14.477539910003543">
        <ele>558.26</ele>
      </trkpt>
      <trkpt lat="37.64312001876533" lon="14.477599924430251">
        <ele>558.08</ele>
      </trkpt>
      <trkpt lat="37.643090011551976" lon="14.477630015462637">
        <ele>557.93</ele>
      </trkpt>
      <trkpt lat="37.64303997159004" lon="14.477760018780828">
        <ele>557.83</ele>
      </trkpt>
      <trkpt lat="37.64303997159004" lon="14.47778994217515">
        <ele>557.75</ele>
      </trkpt>
      <trkpt lat="37.64302999712527" lon="14.477820033207536">
        <ele>557.67</ele>
      </trkpt>
      <trkpt lat="37.64303997159004" lon="14.477859931066632">
        <ele>557.65</ele>
      </trkpt>
      <trkpt lat="37.64303997159004" lon="14.47789991274476">
        <ele>557.62</ele>
      </trkpt>
      <trkpt lat="37.64303997159004" lon="14.47791994549334">
        <ele>557.61</ele>
      </trkpt>
      <trkpt lat="37.64305002987385" lon="14.4779600109905">
        <ele>557.64</ele>
      </trkpt>
      <trkpt lat="37.64306000433862" lon="14.478009883314371">
        <ele>557.68</ele>
      </trkpt>
      <trkpt lat="37.64306000433862" lon="14.478020025417209">
        <ele>557.72</ele>
      </trkpt>
      <trkpt lat="37.6430800370872" lon="14.478049948811531">
        <ele>557.81</ele>
      </trkpt>
      <trkpt lat="37.64319000765681" lon="14.478169977664948">
        <ele>557.96</ele>
      </trkpt>
      <trkpt lat="37.643280029296875" lon="14.478269889950752">
        <ele>558.1</ele>
      </trkpt>
      <trkpt lat="37.64338983222842" lon="14.4783900026232">
        <ele>558.2</ele>
      </trkpt>
      <trkpt lat="37.64345998875797" lon="14.478429984301329">
        <ele>558.3</ele>
      </trkpt>
      <trkpt lat="37.64346996322274" lon="14.478450017049909">
        <ele>558.39</ele>
      </trkpt>
      <trkpt lat="37.6435100287199" lon="14.478479940444231">
        <ele>558.5</ele>
      </trkpt>
      <trkpt lat="37.64358999207616" lon="14.47851992212236">
        <ele>558.64</ele>
      </trkpt>
      <trkpt lat="37.64364003203809" lon="14.478550013154745">
        <ele>558.78</ele>
      </trkpt>
      <trkpt lat="37.64369996264577" lon="14.478569878265262">
        <ele>558.94</ele>
      </trkpt>
      <trkpt lat="37.64371999539435" lon="14.4785800203681">
        <ele>559.1</ele>
      </trkpt>
      <trkpt lat="37.64374002814293" lon="14.478599969297647">
        <ele>559.27</ele>
      </trkpt>
      <trkpt lat="37.64375997707248" lon="14.478620002046227">
        <ele>559.44</ele>
      </trkpt>
      <trkpt lat="37.64378998428583" lon="14.478640034794807">
        <ele>559.63</ele>
      </trkpt>
      <trkpt lat="37.64378998428583" lon="14.47864992544055">
        <ele>559.84</ele>
      </trkpt>
      <trkpt lat="37.643799958750606" lon="14.478680016472936">
        <ele>560.04</ele>
      </trkpt>
      <trkpt lat="37.64387003146112" lon="14.47877992875874">
        <ele>560.2</ele>
      </trkpt>
      <trkpt lat="37.64389995485544" lon="14.4788199942559">
        <ele>560.43</ele>
      </trkpt>
      <trkpt lat="37.64391001313925" lon="14.478829884901643">
        <ele>560.7</ele>
      </trkpt>
      <trkpt lat="37.64391998760402" lon="14.478849917650223">
        <ele>560.98</ele>
      </trkpt>
      <trkpt lat="37.6439400203526" lon="14.478859975934029">
        <ele>561.29</ele>
      </trkpt>
      <trkpt lat="37.64395996928215" lon="14.478869950398803">
        <ele>561.62</ele>
      </trkpt>
      <trkpt lat="37.64398989267647" lon="14.478889899328351">
        <ele>561.96</ele>
      </trkpt>
      <trkpt lat="37.64400992542505" lon="14.478889899328351">
        <ele>562.34</ele>
      </trkpt>
      <trkpt lat="37.64407002367079" lon="14.478900041431189">
        <ele>562.73</ele>
      </trkpt>
      <trkpt lat="37.64408997260034" lon="14.478900041431189">
        <ele>563.14</ele>
      </trkpt>
      <trkpt lat="37.64411989599466" lon="14.478889899328351">
        <ele>563.58</ele>
      </trkpt>
      <trkpt lat="37.6441799942404" lon="14.478889899328351">
        <ele>564.03</ele>
      </trkpt>
      <trkpt lat="37.644249983131886" lon="14.478880008682609">
        <ele>564.49</ele>
      </trkpt>
      <trkpt lat="37.64434997923672" lon="14.478859975934029">
        <ele>564.95</ele>
      </trkpt>
      <trkpt lat="37.64441988430917" lon="14.478849917650223">
        <ele>565.4</ele>
      </trkpt>
      <trkpt lat="37.64443002641201" lon="14.478849917650223">
        <ele>565.83</ele>
      </trkpt>
      <trkpt lat="37.64458995312452" lon="14.47884002700448">
        <ele>566.31</ele>
      </trkpt>
      <trkpt lat="37.6446099858731" lon="14.478849917650223">
        <ele>566.73</ele>
      </trkpt>
      <trkpt lat="37.64479002915323" lon="14.478880008682609">
        <ele>567.19</ele>
      </trkpt>
      <trkpt lat="37.64479991979897" lon="14.478889899328351">
        <ele>567.59</ele>
      </trkpt>
      <trkpt lat="37.64489999972284" lon="14.478900041431189">
        <ele>568.08</ele>
      </trkpt>
      <trkpt lat="37.64493998140097" lon="14.478900041431189">
        <ele>568.5</ele>
      </trkpt>
      <trkpt lat="37.64499991200864" lon="14.47892988100648">
        <ele>568.89</ele>
      </trkpt>
      <trkpt lat="37.6450399775058" lon="14.47894991375506">
        <ele>569.26</ele>
      </trkpt>
      <trkpt lat="37.64516000635922" lon="14.479029960930347">
        <ele>569.68</ele>
      </trkpt>
      <trkpt lat="37.64529000967741" lon="14.47909994982183">
        <ele>570.09</ele>
      </trkpt>
      <trkpt lat="37.64539998024702" lon="14.479149905964732">
        <ele>570.41</ele>
      </trkpt>
      <trkpt lat="37.64541003853083" lon="14.479159964248538">
        <ele>570.65</ele>
      </trkpt>
      <trkpt lat="37.6454200129956" lon="14.479169938713312">
        <ele>570.88</ele>
      </trkpt>
      <trkpt lat="37.6454200129956" lon="14.47918988764286">
        <ele>571.08</ele>
      </trkpt>
      <trkpt lat="37.64542990364134" lon="14.47918988764286">
        <ele>571.24</ele>
      </trkpt>
      <trkpt lat="37.64542990364134" lon="14.479200029745698">
        <ele>571.37</ele>
      </trkpt>
      <trkpt lat="37.64542990364134" lon="14.479219978675246">
        <ele>571.47</ele>
      </trkpt>
      <trkpt lat="37.64542990364134" lon="14.47922995314002">
        <ele>571.53</ele>
      </trkpt>
      <trkpt lat="37.64542990364134" lon="14.479240011423826">
        <ele>571.55</ele>
      </trkpt>
      <trkpt lat="37.64542990364134" lon="14.479259876534343">
        <ele>571.55</ele>
      </trkpt>
      <trkpt lat="37.6454200129956" lon="14.479279909282923">
        <ele>571.5</ele>
      </trkpt>
      <trkpt lat="37.64541003853083" lon="14.479289967566729">
        <ele>571.42</ele>
      </trkpt>
      <trkpt lat="37.64539998024702" lon="14.479310000315309">
        <ele>571.31</ele>
      </trkpt>
      <trkpt lat="37.64539000578225" lon="14.479319890961051">
        <ele>571.17</ele>
      </trkpt>
      <trkpt lat="37.64536997303367" lon="14.479330033063889">
        <ele>571.0</ele>
      </trkpt>
      <trkpt lat="37.64530995860696" lon="14.479359956458211">
        <ele>570.76</ele>
      </trkpt>
      <trkpt lat="37.645239969715476" lon="14.47939993813634">
        <ele>570.47</ele>
      </trkpt>
      <trkpt lat="37.6450399775058" lon="14.47952994145453">
        <ele>570.03</ele>
      </trkpt>
      <trkpt lat="37.64482003636658" lon="14.479670003056526">
        <ele>569.69</ele>
      </trkpt>
      <trkpt lat="37.64466002583504" lon="14.479760024696589">
        <ele>569.38</ele>
      </trkpt>
      <trkpt lat="37.6445098221302" lon="14.47984996251762">
        <ele>569.06</ele>
      </trkpt>
      <trkpt lat="37.64450001530349" lon="14.479859936982393">
        <ele>568.84</ele>
      </trkpt>
      <trkpt lat="37.64443002641201" lon="14.479909976944327">
        <ele>568.59</ele>
      </trkpt>
      <trkpt lat="37.64432986266911" lon="14.48002003133297">
        <ele>568.39</ele>
      </trkpt>
      <trkpt lat="37.64426004141569" lon="14.48008993640542">
        <ele>568.2</ele>
      </trkpt>
      <trkpt lat="37.64421997591853" lon="14.480139892548323">
        <ele>568.04</ele>
      </trkpt>
      <trkpt lat="37.64420002698898" lon="14.480169983580709">
        <ele>567.88</ele>
      </trkpt>
      <trkpt lat="37.64407002367079" lon="14.48028003796935">
        <ele>567.73</ele>
      </trkpt>
      <trkpt lat="37.64405996538699" lon="14.480289928615093">
        <ele>567.56</ele>
      </trkpt>
      <trkpt lat="37.64398000203073" lon="14.480380034074187">
        <ele>567.41</ele>
      </trkpt>
      <trkpt lat="37.64394982717931" lon="14.480420015752316">
        <ele>567.27</ele>
      </trkpt>
      <trkpt lat="37.64391001313925" lon="14.480490004643798">
        <ele>567.14</ele>
      </trkpt>
      <trkpt lat="37.64388998039067" lon="14.48055999353528">
        <ele>567.04</ele>
      </trkpt>
      <trkpt lat="37.64387003146112" lon="14.480640040710568">
        <ele>566.92</ele>
      </trkpt>
      <trkpt lat="37.643840024247766" lon="14.48085998184979">
        <ele>566.85</ele>
      </trkpt>
      <trkpt lat="37.64382996596396" lon="14.480980010703206">
        <ele>566.71</ele>
      </trkpt>
      <trkpt lat="37.643840024247766" lon="14.481049999594688">
        <ele>566.63</ele>
      </trkpt>
      <trkpt lat="37.643840024247766" lon="14.481089981272817">
        <ele>566.53</ele>
      </trkpt>
      <trkpt lat="37.64384999871254" lon="14.481110014021397">
        <ele>566.43</ele>
      </trkpt>
      <trkpt lat="37.64385988935828" lon="14.481209926307201">
        <ele>566.33</ele>
      </trkpt>
      <trkpt lat="37.64388998039067" lon="14.48131000623107">
        <ele>566.22</ele>
      </trkpt>
      <trkpt lat="37.643970027565956" lon="14.48150991462171">
        <ele>566.15</ele>
      </trkpt>
      <trkpt lat="37.64403993263841" lon="14.481639917939901">
        <ele>566.06</ele>
      </trkpt>
      <trkpt lat="37.64407999813557" lon="14.48169993236661">
        <ele>565.92</ele>
      </trkpt>
      <trkpt lat="37.64421997591853" lon="14.481879891827703">
        <ele>565.75</ele>
      </trkpt>
      <trkpt lat="37.64423003420234" lon="14.48189003393054">
        <ele>565.58</ele>
      </trkpt>
      <trkpt lat="37.64430002309382" lon="14.48197997175157">
        <ele>565.41</ele>
      </trkpt>
      <trkpt lat="37.64434000477195" lon="14.482049876824021">
        <ele>565.22</ele>
      </trkpt>
      <trkpt lat="37.64436003752053" lon="14.482100000604987">
        <ele>565.0</ele>
      </trkpt>
      <trkpt lat="37.6443700119853" lon="14.482139982283115">
        <ele>564.76</ele>
      </trkpt>
      <trkpt lat="37.6443700119853" lon="14.482160015031695">
        <ele>564.51</ele>
      </trkpt>
      <trkpt lat="37.6443700119853" lon="14.48223989456892">
        <ele>564.22</ele>
      </trkpt>
      <trkpt lat="37.6443700119853" lon="14.482269985601306">
        <ele>563.95</ele>
      </trkpt>
      <trkpt lat="37.64434997923672" lon="14.482329916208982">
        <ele>563.64</ele>
      </trkpt>
      <trkpt lat="37.64434997923672" lon="14.482380039989948">
        <ele>563.34</ele>
      </trkpt>
      <trkpt lat="37.64434000477195" lon="14.482469977810979">
        <ele>562.98</ele>
      </trkpt>
      <trkpt lat="37.64434000477195" lon="14.482490010559559">
        <ele>562.67</ele>
      </trkpt>
      <trkpt lat="37.64434000477195" lon="14.48279988951981">
        <ele>562.26</ele>
      </trkpt>
      <trkpt lat="37.64434997923672" lon="14.482949925586581">
        <ele>561.91</ele>
      </trkpt>
      <trkpt lat="37.64434997923672" lon="14.48300994001329">
        <ele>561.59</ele>
      </trkpt>
      <trkpt lat="37.6443700119853" lon="14.483170034363866">
        <ele>561.27</ele>
      </trkpt>
      <trkpt lat="37.6443700119853" lon="14.483240023255348">
        <ele>560.96</ele>
      </trkpt>
      <trkpt lat="37.64438996091485" lon="14.48331001214683">
        <ele>560.68</ele>
      </trkpt>
      <trkpt lat="37.64438996091485" lon="14.483399949967861">
        <ele>560.38</ele>
      </trkpt>
      <trkpt lat="37.644379986450076" lon="14.483449989929795">
        <ele>560.07</ele>
      </trkpt>
      <trkpt lat="37.6443700119853" lon="14.48350002989173">
        <ele>559.78</ele>
      </trkpt>
      <trkpt lat="37.6443700119853" lon="14.483540011569858">
        <ele>559.52</ele>
      </trkpt>
      <trkpt lat="37.64436003752053" lon="14.48369993828237">
        <ele>559.23</ele>
      </trkpt>
      <trkpt lat="37.64436003752053" lon="14.483769927173853">
        <ele>558.99</ele>
      </trkpt>
      <trkpt lat="37.64436003752053" lon="14.483829941600561">
        <ele>558.78</ele>
      </trkpt>
      <trkpt lat="37.64436003752053" lon="14.483860032632947">
        <ele>558.59</ele>
      </trkpt>
      <trkpt lat="37.64436003752053" lon="14.48388995602727">
        <ele>558.41</ele>
      </trkpt>
      <trkpt lat="37.6443700119853" lon="14.483919879421592">
        <ele>558.25</ele>
      </trkpt>
      <trkpt lat="37.64438996091485" lon="14.483949970453978">
        <ele>558.11</ele>
      </trkpt>
      <trkpt lat="37.64440999366343" lon="14.483970003202558">
        <ele>558.0</ele>
      </trkpt>
      <trkpt lat="37.64445994980633" lon="14.484030017629266">
        <ele>557.92</ele>
      </trkpt>
      <trkpt lat="37.64451996423304" lon="14.484030017629266">
        <ele>557.88</ele>
      </trkpt>
      <trkpt lat="37.64466002583504" lon="14.484049882739782">
        <ele>557.92</ele>
      </trkpt>
      <trkpt lat="37.64484987594187" lon="14.484120039269328">
        <ele>557.95</ele>
      </trkpt>
      <trkpt lat="37.64489999972284" lon="14.484139988198876">
        <ele>557.94</ele>
      </trkpt>
      <trkpt lat="37.64493998140097" lon="14.484160020947456">
        <ele>557.93</ele>
      </trkpt>
      <trkpt lat="37.64496998861432" lon="14.484179886057973">
        <ele>557.95</ele>
      </trkpt>
      <trkpt lat="37.64497987926006" lon="14.48419002816081">
        <ele>557.97</ele>
      </trkpt>
      <trkpt lat="37.6449900213629" lon="14.484209977090359">
        <ele>558.01</ele>
      </trkpt>
      <trkpt lat="37.6449900213629" lon="14.484230009838939">
        <ele>558.06</ele>
      </trkpt>
      <trkpt lat="37.6449900213629" lon="14.484239900484681">
        <ele>558.13</ele>
      </trkpt>
      <trkpt lat="37.6449900213629" lon="14.484249958768487">
        <ele>558.22</ele>
      </trkpt>
      <trkpt lat="37.6449900213629" lon="14.484259933233261">
        <ele>558.33</ele>
      </trkpt>
      <trkpt lat="37.64497987926006" lon="14.48427988216281">
        <ele>558.45</ele>
      </trkpt>
      <trkpt lat="37.64497987926006" lon="14.484290024265647">
        <ele>558.6</ele>
      </trkpt>
      <trkpt lat="37.64496998861432" lon="14.484309973195195">
        <ele>558.76</ele>
      </trkpt>
      <trkpt lat="37.64496001414955" lon="14.484330005943775">
        <ele>558.95</ele>
      </trkpt>
      <trkpt lat="37.64493998140097" lon="14.48433998040855">
        <ele>559.17</ele>
      </trkpt>
      <trkpt lat="37.64493000693619" lon="14.484350038692355">
        <ele>559.4</ele>
      </trkpt>
      <trkpt lat="37.64490997418761" lon="14.484369903802872">
        <ele>559.66</ele>
      </trkpt>
      <trkpt lat="37.64487996697426" lon="14.484379962086678">
        <ele>559.94</ele>
      </trkpt>
      <trkpt lat="37.64483998529613" lon="14.484409885481">
        <ele>560.24</ele>
      </trkpt>
      <trkpt lat="37.64479002915323" lon="14.484460009261966">
        <ele>560.57</ele>
      </trkpt>
      <trkpt lat="37.64477997086942" lon="14.48446998372674">
        <ele>560.97</ele>
      </trkpt>
      <trkpt lat="37.64475993812084" lon="14.48449001647532">
        <ele>561.4</ele>
      </trkpt>
      <trkpt lat="37.64475993812084" lon="14.484499907121062">
        <ele>561.88</ele>
      </trkpt>
      <trkpt lat="37.64474996365607" lon="14.484519939869642">
        <ele>562.39</ele>
      </trkpt>
      <trkpt lat="37.64473001472652" lon="14.484550030902028">
        <ele>562.94</ele>
      </trkpt>
      <trkpt lat="37.644720040261745" lon="14.48462001979351">
        <ele>563.53</ele>
      </trkpt>
      <trkpt lat="37.644700007513165" lon="14.484709957614541">
        <ele>564.15</ele>
      </trkpt>
      <trkpt lat="37.644700007513165" lon="14.484720015898347">
        <ele>564.82</ele>
      </trkpt>
      <trkpt lat="37.644700007513165" lon="14.484799895435572">
        <ele>565.55</ele>
      </trkpt>
      <trkpt lat="37.644700007513165" lon="14.48492000810802">
        <ele>566.32</ele>
      </trkpt>
      <trkpt lat="37.644700007513165" lon="14.484929898753762">
        <ele>567.1</ele>
      </trkpt>
      <trkpt lat="37.644700007513165" lon="14.484959989786148">
        <ele>567.92</ele>
      </trkpt>
      <trkpt lat="37.64470998197794" lon="14.48505001142621">
        <ele>568.81</ele>
      </trkpt>
      <trkpt lat="37.644720040261745" lon="14.485129974782467">
        <ele>569.74</ele>
      </trkpt>
      <trkpt lat="37.644720040261745" lon="14.48515989817679">
        <ele>570.65</ele>
      </trkpt>
      <trkpt lat="37.644720040261745" lon="14.485170040279627">
        <ele>571.57</ele>
      </trkpt>
      <trkpt lat="37.64470998197794" lon="14.485229887068272">
        <ele>572.53</ele>
      </trkpt>
      <trkpt lat="37.644700007513165" lon="14.48528990149498">
        <ele>573.48</ele>
      </trkpt>
      <trkpt lat="37.644700007513165" lon="14.485340025275946">
        <ele>574.46</ele>
      </trkpt>
      <trkpt lat="37.64470998197794" lon="14.485379923135042">
        <ele>575.45</ele>
      </trkpt>
      <trkpt lat="37.64470998197794" lon="14.48543993756175">
        <ele>576.44</ele>
      </trkpt>
      <trkpt lat="37.64470998197794" lon="14.48545997031033">
        <ele>577.4</ele>
      </trkpt>
      <trkpt lat="37.64476999640465" lon="14.485679911449552">
        <ele>578.51</ele>
      </trkpt>
      <trkpt lat="37.64479002915323" lon="14.48575995862484">
        <ele>579.48</ele>
      </trkpt>
      <trkpt lat="37.64479991979897" lon="14.485819973051548">
        <ele>580.41</ele>
      </trkpt>
      <trkpt lat="37.64486001804471" lon="14.486049972474575">
        <ele>581.33</ele>
      </trkpt>
      <trkpt lat="37.64487996697426" lon="14.486119961366057">
        <ele>582.19</ele>
      </trkpt>
      <trkpt lat="37.64493998140097" lon="14.486239906400442">
        <ele>583.06</ele>
      </trkpt>
      <trkpt lat="37.64496998861432" lon="14.486309979110956">
        <ele>583.85</ele>
      </trkpt>
      <trkpt lat="37.64500997029245" lon="14.486429924145341">
        <ele>584.61</ele>
      </trkpt>
      <trkpt lat="37.64503000304103" lon="14.486530004069209">
        <ele>585.3</ele>
      </trkpt>
      <trkpt lat="37.64505003578961" lon="14.48659990914166">
        <ele>585.91</ele>
      </trkpt>
      <trkpt lat="37.645069900900126" lon="14.48668004013598">
        <ele>586.45</ele>
      </trkpt>
      <trkpt lat="37.64509001746774" lon="14.486720021814108">
        <ele>586.9</ele>
      </trkpt>
      <trkpt lat="37.64509001746774" lon="14.486739970743656">
        <ele>587.25</ele>
      </trkpt>
      <trkpt lat="37.64512002468109" lon="14.486809959635139">
        <ele>587.56</ele>
      </trkpt>
      <trkpt lat="37.64519998803735" lon="14.48692001402378">
        <ele>587.84</ele>
      </trkpt>
      <trkpt lat="37.64529000967741" lon="14.48704993352294">
        <ele>588.01</ele>
      </trkpt>
      <trkpt lat="37.64539998024702" lon="14.487340031191707">
        <ele>588.03</ele>
      </trkpt>
      <trkpt lat="37.64541003853083" lon="14.487389987334609">
        <ele>587.94</ele>
      </trkpt>
      <trkpt lat="37.64549997635186" lon="14.4875199906528">
        <ele>587.79</ele>
      </trkpt>
      <trkpt lat="37.64561992138624" lon="14.487689975649118">
        <ele>587.51</ele>
      </trkpt>
      <trkpt lat="37.64574992470443" lon="14.487849902361631">
        <ele>587.06</ele>
      </trkpt>
      <trkpt lat="37.64585989527404" lon="14.487979905679822">
        <ele>586.51</ele>
      </trkpt>
      <trkpt lat="37.64587992802262" lon="14.488009996712208">
        <ele>585.94</ele>
      </trkpt>
      <trkpt lat="37.64598000794649" lon="14.48814989067614">
        <ele>585.22</ele>
      </trkpt>
      <trkpt lat="37.64608000405133" lon="14.488279893994331">
        <ele>584.43</ele>
      </trkpt>
      <trkpt lat="37.64612996019423" lon="14.488330017775297">
        <ele>583.61</ele>
      </trkpt>
      <trkpt lat="37.64624001458287" lon="14.488439988344908">
        <ele>582.61</ele>
      </trkpt>
      <trkpt lat="37.64638988301158" lon="14.488559933379292">
        <ele>581.49</ele>
      </trkpt>
      <trkpt lat="37.64654000289738" lon="14.488669903948903">
        <ele>580.4</ele>
      </trkpt>
      <trkpt lat="37.646549977362156" lon="14.488669903948903">
        <ele>579.34</ele>
      </trkpt>
      <trkpt lat="37.64669003896415" lon="14.488739976659417">
        <ele>578.19</ele>
      </trkpt>
      <trkpt lat="37.64671987853944" lon="14.488749951124191">
        <ele>577.02</ele>
      </trkpt>
      <trkpt lat="37.64681995846331" lon="14.48878993280232">
        <ele>575.78</ele>
      </trkpt>
      <trkpt lat="37.646890031173825" lon="14.4888099655509">
        <ele>574.51</ele>
      </trkpt>
      <trkpt lat="37.646979968994856" lon="14.488839888945222">
        <ele>573.19</ele>
      </trkpt>
      <trkpt lat="37.647020034492016" lon="14.488859921693802">
        <ele>571.84</ele>
      </trkpt>
      <trkpt lat="37.64705004170537" lon="14.488879954442382">
        <ele>570.45</ele>
      </trkpt>
      <trkpt lat="37.64706999063492" lon="14.488890012726188">
        <ele>569.05</ele>
      </trkpt>
      <trkpt lat="37.6470900233835" lon="14.48891993612051">
        <ele>567.62</ele>
      </trkpt>
      <trkpt lat="37.6471899356693" lon="14.489039964973927">
        <ele>566.11</ele>
      </trkpt>
      <trkpt lat="37.64719999395311" lon="14.489059997722507">
        <ele>564.64</ele>
      </trkpt>
      <trkpt lat="37.647320022806525" lon="14.48919989168644">
        <ele>563.11</ele>
      </trkpt>
      <trkpt lat="37.64743996784091" lon="14.48928002268076">
        <ele>561.6</ele>
      </trkpt>
      <trkpt lat="37.647559996694326" lon="14.489340037107468">
        <ele>560.11</ele>
      </trkpt>
      <trkpt lat="37.64765001833439" lon="14.489359986037016">
        <ele>558.64</ele>
      </trkpt>
      <trkpt lat="37.64791002497077" lon="14.489439949393272">
        <ele>557.1</ele>
      </trkpt>
      <trkpt lat="37.64793994836509" lon="14.489450007677078">
        <ele>555.63</ele>
      </trkpt>
      <trkpt lat="37.64814999885857" lon="14.489510022103786">
        <ele>554.06</ele>
      </trkpt>
      <trkpt lat="37.64824999496341" lon="14.48951999656856">
        <ele>552.58</ele>
      </trkpt>
      <trkpt lat="37.648289976641536" lon="14.489529887214303">
        <ele>551.15</ele>
      </trkpt>
      <trkpt lat="37.6483799982816" lon="14.489529887214303">
        <ele>549.71</ele>
      </trkpt>
      <trkpt lat="37.64847001992166" lon="14.489559978246689">
        <ele>548.32</ele>
      </trkpt>
      <trkpt lat="37.64849994331598" lon="14.489580010995269">
        <ele>546.98</ele>
      </trkpt>
      <trkpt lat="37.64864000491798" lon="14.48964991606772">
        <ele>545.63</ele>
      </trkpt>
      <trkpt lat="37.64873983338475" lon="14.48971001431346">
        <ele>544.32</ele>
      </trkpt>
      <trkpt lat="37.64879993163049" lon="14.489739937707782">
        <ele>543.08</ele>
      </trkpt>
      <trkpt lat="37.64897000044584" lon="14.48981998488307">
        <ele>541.81</ele>
      </trkpt>
      <trkpt lat="37.649060022085905" lon="14.48981998488307">
        <ele>540.68</ele>
      </trkpt>
      <trkpt lat="37.64913001097739" lon="14.48984001763165">
        <ele>539.59</ele>
      </trkpt>
      <trkpt lat="37.649149959906936" lon="14.48984001763165">
        <ele>538.57</ele>
      </trkpt>
      <trkpt lat="37.649190025404096" lon="14.489849908277392">
        <ele>537.59</ele>
      </trkpt>
      <trkpt lat="37.649239981547" lon="14.489879999309778">
        <ele>536.66</ele>
      </trkpt>
      <trkpt lat="37.64930997043848" lon="14.489919980987906">
        <ele>535.77</ele>
      </trkpt>
      <trkpt lat="37.6493398938328" lon="14.489940013736486">
        <ele>534.95</ele>
      </trkpt>
      <trkpt lat="37.6494299992919" lon="14.489999944344163">
        <ele>534.16</ele>
      </trkpt>
      <trkpt lat="37.649469980970025" lon="14.490019893273711">
        <ele>533.43</ele>
      </trkpt>
      <trkpt lat="37.64947987161577" lon="14.490019893273711">
        <ele>532.77</ele>
      </trkpt>
      <trkpt lat="37.64947987161577" lon="14.490030035376549">
        <ele>532.15</ele>
      </trkpt>
      <trkpt lat="37.64950996264815" lon="14.490030035376549">
        <ele>531.59</ele>
      </trkpt>
      <trkpt lat="37.64953996986151" lon="14.490019893273711">
        <ele>531.07</ele>
      </trkpt>
      <trkpt lat="37.64956997707486" lon="14.490010002627969">
        <ele>530.59</ele>
      </trkpt>
      <trkpt lat="37.649599984288216" lon="14.489989969879389">
        <ele>530.16</ele>
      </trkpt>
      <trkpt lat="37.649620017036796" lon="14.489989969879389">
        <ele>529.78</ele>
      </trkpt>
      <trkpt lat="37.64963988214731" lon="14.489979911595583">
        <ele>529.44</ele>
      </trkpt>
      <trkpt lat="37.64965002425015" lon="14.489979911595583">
        <ele>529.14</ele>
      </trkpt>
      <trkpt lat="37.64965991489589" lon="14.489979911595583">
        <ele>528.88</ele>
      </trkpt>
      <trkpt lat="37.6496699731797" lon="14.489979911595583">
        <ele>528.66</ele>
      </trkpt>
      <trkpt lat="37.6496699731797" lon="14.489989969879389">
        <ele>528.48</ele>
      </trkpt>
      <trkpt lat="37.64967986382544" lon="14.489989969879389">
        <ele>528.32</ele>
      </trkpt>
      <trkpt lat="37.64967986382544" lon="14.489999944344163">
        <ele>528.21</ele>
      </trkpt>
      <trkpt lat="37.64969000592828" lon="14.490019893273711">
        <ele>528.12</ele>
      </trkpt>
      <trkpt lat="37.64969000592828" lon="14.490030035376549">
        <ele>528.06</ele>
      </trkpt>
      <trkpt lat="37.64969000592828" lon="14.490049984306097">
        <ele>528.02</ele>
      </trkpt>
      <trkpt lat="37.64969000592828" lon="14.49005987495184">
        <ele>528.02</ele>
      </trkpt>
      <trkpt lat="37.64967986382544" lon="14.49007990770042">
        <ele>528.04</ele>
      </trkpt>
      <trkpt lat="37.64967986382544" lon="14.49011997319758">
        <ele>528.07</ele>
      </trkpt>
      <trkpt lat="37.64967986382544" lon="14.490149896591902">
        <ele>528.13</ele>
      </trkpt>
      <trkpt lat="37.64967986382544" lon="14.490169929340482">
        <ele>528.21</ele>
      </trkpt>
      <trkpt lat="37.64967986382544" lon="14.490200020372868">
        <ele>528.3</ele>
      </trkpt>
      <trkpt lat="37.64967986382544" lon="14.490240002050996">
        <ele>528.41</ele>
      </trkpt>
      <trkpt lat="37.64971003867686" lon="14.490299932658672">
        <ele>528.52</ele>
      </trkpt>
      <trkpt lat="37.649729987606406" lon="14.490330023691058">
        <ele>528.66</ele>
      </trkpt>
      <trkpt lat="37.649750020354986" lon="14.490349972620606">
        <ele>528.82</ele>
      </trkpt>
      <trkpt lat="37.64975999481976" lon="14.49035994708538">
        <ele>528.98</ele>
      </trkpt>
      <trkpt lat="37.64978002756834" lon="14.490370005369186">
        <ele>529.17</ele>
      </trkpt>
      <trkpt lat="37.64985001645982" lon="14.49040001258254">
        <ele>529.39</ele>
      </trkpt>
      <trkpt lat="37.64988002367318" lon="14.490419961512089">
        <ele>529.61</ele>
      </trkpt>
      <trkpt lat="37.649920005351305" lon="14.490460027009249">
        <ele>529.83</ele>
      </trkpt>
      <trkpt lat="37.64993995428085" lon="14.490500008687377">
        <ele>530.05</ele>
      </trkpt>
      <trkpt lat="37.64995998702943" lon="14.4905299320817">
        <ele>530.27</ele>
      </trkpt>
      <trkpt lat="37.64996996149421" lon="14.490579888224602">
        <ele>530.49</ele>
      </trkpt>
      <trkpt lat="37.65001002699137" lon="14.490649960935116">
        <ele>530.73</ele>
      </trkpt>
      <trkpt lat="37.65001002699137" lon="14.49065993539989">
        <ele>530.96</ele>
      </trkpt>
      <trkpt lat="37.650029975920916" lon="14.490690026432276">
        <ele>531.2</ele>
      </trkpt>
      <trkpt lat="37.65008990652859" lon="14.490749957039952">
        <ele>531.47</ele>
      </trkpt>
      <trkpt lat="37.65014003030956" lon="14.490820029750466">
        <ele>531.73</ele>
      </trkpt>
      <trkpt lat="37.65018998645246" lon="14.490909967571497">
        <ele>531.99</ele>
      </trkpt>
      <trkpt lat="37.65025000087917" lon="14.49097995646298">
        <ele>532.26</ele>
      </trkpt>
      <trkpt lat="37.65028000809252" lon="14.49102002196014">
        <ele>532.52</ele>
      </trkpt>
      <trkpt lat="37.65031001530588" lon="14.491049945354462">
        <ele>532.79</ele>
      </trkpt>
      <trkpt lat="37.65031998977065" lon="14.491080036386847">
        <ele>533.04</ele>
      </trkpt>
      <trkpt lat="37.65034991316497" lon="14.491120018064976">
        <ele>533.29</ele>
      </trkpt>
      <trkpt lat="37.65036994591355" lon="14.491159915924072">
        <ele>533.55</ele>
      </trkpt>
      <trkpt lat="37.65041001141071" lon="14.49128002859652">
        <ele>533.78</ele>
      </trkpt>
      <trkpt lat="37.65042996034026" lon="14.491349933668971">
        <ele>534.03</ele>
      </trkpt>
      <trkpt lat="37.650459967553616" lon="14.49149988591671">
        <ele>534.26</ele>
      </trkpt>
      <trkpt lat="37.650500033050776" lon="14.491589907556772">
        <ele>534.53</ele>
      </trkpt>
      <trkpt lat="37.65051000751555" lon="14.491640031337738">
        <ele>534.81</ele>
      </trkpt>
      <trkpt lat="37.65053993090987" lon="14.49168998748064">
        <ele>535.11</ele>
      </trkpt>
      <trkpt lat="37.65057999640703" lon="14.491729969158769">
        <ele>535.43</ele>
      </trkpt>
      <trkpt lat="37.650610003620386" lon="14.491759892553091">
        <ele>535.76</ele>
      </trkpt>
      <trkpt lat="37.65064990147948" lon="14.491789983585477">
        <ele>536.11</ele>
      </trkpt>
      <trkpt lat="37.65077001415193" lon="14.491849998012185">
        <ele>536.49</ele>
      </trkpt>
      <trkpt lat="37.65081997029483" lon="14.49188000522554">
        <ele>536.88</ele>
      </trkpt>
      <trkpt lat="37.65090001747012" lon="14.49192987754941">
        <ele>537.28</ele>
      </trkpt>
      <trkpt lat="37.65091996639967" lon="14.491959968581796">
        <ele>537.68</ele>
      </trkpt>
      <trkpt lat="37.650930024683475" lon="14.491980001330376">
        <ele>538.1</ele>
      </trkpt>
      <trkpt lat="37.650979897007346" lon="14.49203004129231">
        <ele>538.55</ele>
      </trkpt>
      <trkpt lat="37.65103002078831" lon="14.492070022970438">
        <ele>539.02</ele>
      </trkpt>
      <trkpt lat="37.65107000246644" lon="14.492089971899986">
        <ele>539.5</ele>
      </trkpt>
      <trkpt lat="37.65113001689315" lon="14.49211997911334">
        <ele>540.0</ele>
      </trkpt>
      <trkpt lat="37.65107989311218" lon="14.49228996410966">
        <ele>540.53</ele>
      </trkpt>
      <trkpt lat="37.651060028001666" lon="14.492389960214496">
        <ele>541.08</ele>
      </trkpt>
      <trkpt lat="37.65104996971786" lon="14.49246003292501">
        <ele>541.64</ele>
      </trkpt>
      <trkpt lat="37.651039995253086" lon="14.49252993799746">
        <ele>542.22</ele>
      </trkpt>
      <trkpt lat="37.651039995253086" lon="14.492579894140363">
        <ele>542.83</ele>
      </trkpt>
      <trkpt lat="37.651019962504506" lon="14.49276002123952">
        <ele>543.48</ele>
      </trkpt>
      <trkpt lat="37.65100001357496" lon="14.49297996237874">
        <ele>544.17</ele>
      </trkpt>
      <trkpt lat="37.65096489340067" lon="14.493230413645506">
        <ele>544.83</ele>
      </trkpt>
      <trkpt lat="37.650930024683475" lon="14.493479942902923">
        <ele>545.5</ele>
      </trkpt>
      <trkpt lat="37.65100001357496" lon="14.49377004057169">
        <ele>546.23</ele>
      </trkpt>
      <trkpt lat="37.651039995253086" lon="14.493959974497557">
        <ele>546.95</ele>
      </trkpt>
      <trkpt lat="37.65113999135792" lon="14.49426993727684">
        <ele>547.69</ele>
      </trkpt>
      <trkpt lat="37.65120989643037" lon="14.49439994059503">
        <ele>548.44</ele>
      </trkpt>
      <trkpt lat="37.65122003853321" lon="14.494430031627417">
        <ele>549.19</ele>
      </trkpt>
      <trkpt lat="37.65129002742469" lon="14.494560034945607">
        <ele>549.97</ele>
      </trkpt>
      <trkpt lat="37.65140997245908" lon="14.494820041581988">
        <ele>550.78</ele>
      </trkpt>
      <trkpt lat="37.65144978649914" lon="14.494899921119213">
        <ele>551.59</ele>
      </trkpt>
      <trkpt lat="37.65147996135056" lon="14.494990026578307">
        <ele>552.42</ele>
      </trkpt>
      <trkpt lat="37.651490019634366" lon="14.49506001546979">
        <ele>553.25</ele>
      </trkpt>
      <trkpt lat="37.651490019634366" lon="14.49512992054224">
        <ele>554.09</ele>
      </trkpt>
      <trkpt lat="37.651490019634366" lon="14.495219942182302">
        <ele>554.96</ele>
      </trkpt>
      <trkpt lat="37.651490019634366" lon="14.49523989111185">
        <ele>555.84</ele>
      </trkpt>
      <trkpt lat="37.651490019634366" lon="14.495309880003333">
        <ele>556.75</ele>
      </trkpt>
      <trkpt lat="37.65147996135056" lon="14.49544994160533">
        <ele>557.7</ele>
      </trkpt>
      <trkpt lat="37.65152002684772" lon="14.495699973776937">
        <ele>558.72</ele>
      </trkpt>
      <trkpt lat="37.65156000852585" lon="14.495889991521835">
        <ele>559.73</ele>
      </trkpt>
      <trkpt lat="37.65159999020398" lon="14.496110016480088">
        <ele>560.73</ele>
      </trkpt>
      <trkpt lat="37.65162999741733" lon="14.496249910444021">
        <ele>561.71</ele>
      </trkpt>
      <trkpt lat="37.65165992081165" lon="14.496319983154535">
        <ele>562.73</ele>
      </trkpt>
      <trkpt lat="37.65167995356023" lon="14.496389972046018">
        <ele>563.75</ele>
      </trkpt>
      <trkpt lat="37.65173988416791" lon="14.496560040861368">
        <ele>564.82</ele>
      </trkpt>
      <trkpt lat="37.65184993855655" lon="14.49673991650343">
        <ele>566.01</ele>
      </trkpt>
      <trkpt lat="37.65188002958894" lon="14.496790040284395">
        <ele>567.12</ele>
      </trkpt>
      <trkpt lat="37.65197499655187" lon="14.496960109099746">
        <ele>568.33</ele>
      </trkpt>
      <trkpt lat="37.65206987969577" lon="14.497129926458001">
        <ele>569.52</ele>
      </trkpt>
      <trkpt lat="37.652240032330155" lon="14.497379958629608">
        <ele>570.76</ele>
      </trkpt>
      <trkpt lat="37.652370035648346" lon="14.497559918090701">
        <ele>571.92</ele>
      </trkpt>
      <trkpt lat="37.6524499990046" lon="14.49763996526599">
        <ele>573.08</ele>
      </trkpt>
      <trkpt lat="37.65248998068273" lon="14.49768003076315">
        <ele>574.23</ele>
      </trkpt>
      <trkpt lat="37.65260003507137" lon="14.49776996858418">
        <ele>575.41</ele>
      </trkpt>
      <trkpt lat="37.65274001285434" lon="14.497889997437596">
        <ele>576.6</ele>
      </trkpt>
      <trkpt lat="37.65284998342395" lon="14.497959986329079">
        <ele>577.82</ele>
      </trkpt>
      <trkpt lat="37.65290002338588" lon="14.498020000755787">
        <ele>579.01</ele>
      </trkpt>
      <trkpt lat="37.65291997231543" lon="14.498040033504367">
        <ele>580.17</ele>
      </trkpt>
      <trkpt lat="37.65294000506401" lon="14.49808998964727">
        <ele>581.33</ele>
      </trkpt>
      <trkpt lat="37.65297998674214" lon="14.498189985752106">
        <ele>582.54</ele>
      </trkpt>
      <trkpt lat="37.65298996120691" lon="14.498259974643588">
        <ele>583.68</ele>
      </trkpt>
      <trkpt lat="37.65298996120691" lon="14.498439934104681">
        <ele>584.82</ele>
      </trkpt>
      <trkpt lat="37.65300001949072" lon="14.498569937422872">
        <ele>585.97</ele>
      </trkpt>
      <trkpt lat="37.65300999395549" lon="14.498749980702996">
        <ele>587.14</ele>
      </trkpt>
      <trkpt lat="37.65301996842027" lon="14.498900016769767">
        <ele>588.3</ele>
      </trkpt>
      <trkpt lat="37.65303002670407" lon="14.49905994348228">
        <ele>589.46</ele>
      </trkpt>
      <trkpt lat="37.65306003391743" lon="14.499330008402467">
        <ele>590.66</ele>
      </trkpt>
      <trkpt lat="37.653079982846975" lon="14.49953000061214">
        <ele>591.81</ele>
      </trkpt>
      <trkpt lat="37.65310999006033" lon="14.499689927324653">
        <ele>592.94</ele>
      </trkpt>
      <trkpt lat="37.65313002280891" lon="14.499829988926649">
        <ele>594.05</ele>
      </trkpt>
      <trkpt lat="37.65317997895181" lon="14.499969882890582">
        <ele>595.19</ele>
      </trkpt>
      <trkpt lat="37.65317997895181" lon="14.49998002499342">
        <ele>596.25</ele>
      </trkpt>
      <trkpt lat="37.653230018913746" lon="14.500080021098256">
        <ele>597.36</ele>
      </trkpt>
      <trkpt lat="37.65326991677284" lon="14.50015990063548">
        <ele>598.46</ele>
      </trkpt>
      <trkpt lat="37.65327997505665" lon="14.50017993338406">
        <ele>599.51</ele>
      </trkpt>
      <trkpt lat="37.65330998227" lon="14.500269955024123">
        <ele>600.58</ele>
      </trkpt>
      <trkpt lat="37.65332004055381" lon="14.500359976664186">
        <ele>601.61</ele>
      </trkpt>
      <trkpt lat="37.65332004055381" lon="14.500380009412766">
        <ele>602.63</ele>
      </trkpt>
      <trkpt lat="37.65334996394813" lon="14.500559968873858">
        <ele>603.66</ele>
      </trkpt>
      <trkpt lat="37.65336999669671" lon="14.500689972192049">
        <ele>604.7</ele>
      </trkpt>
      <trkpt lat="37.65337988734245" lon="14.50090991333127">
        <ele>605.73</ele>
      </trkpt>
      <trkpt lat="37.65339002944529" lon="14.50103991664946">
        <ele>606.77</ele>
      </trkpt>
      <trkpt lat="37.65339002944529" lon="14.501119963824749">
        <ele>607.78</ele>
      </trkpt>
      <trkpt lat="37.65339002944529" lon="14.501169919967651">
        <ele>608.81</ele>
      </trkpt>
      <trkpt lat="37.65337988734245" lon="14.501239992678165">
        <ele>609.83</ele>
      </trkpt>
      <trkpt lat="37.65336999669671" lon="14.501260025426745">
        <ele>610.84</ele>
      </trkpt>
      <trkpt lat="37.65333998948336" lon="14.50135993771255">
        <ele>611.87</ele>
      </trkpt>
      <trkpt lat="37.65332004055381" lon="14.501429926604033">
        <ele>612.9</ele>
      </trkpt>
      <trkpt lat="37.65330000780523" lon="14.50146990828216">
        <ele>613.92</ele>
      </trkpt>
      <trkpt lat="37.65328994952142" lon="14.50150997377932">
        <ele>614.94</ele>
      </trkpt>
      <trkpt lat="37.65328994952142" lon="14.50155003927648">
        <ele>615.98</ele>
      </trkpt>
      <trkpt lat="37.65327997505665" lon="14.50165992602706">
        <ele>617.03</ele>
      </trkpt>
      <trkpt lat="37.65327997505665" lon="14.501690017059445">
        <ele>618.07</ele>
      </trkpt>
      <trkpt lat="37.65326991677284" lon="14.501989921554923">
        <ele>619.18</ele>
      </trkpt>
      <trkpt lat="37.653230018913746" lon="14.50221992097795">
        <ele>620.28</ele>
      </trkpt>
      <trkpt lat="37.653209986165166" lon="14.502399880439043">
        <ele>621.35</ele>
      </trkpt>
      <trkpt lat="37.653209986165166" lon="14.502589898183942">
        <ele>622.39</ele>
      </trkpt>
      <trkpt lat="37.653209986165166" lon="14.50260004028678">
        <ele>623.4</ele>
      </trkpt>
      <trkpt lat="37.65319003723562" lon="14.502810006961226">
        <ele>624.42</ele>
      </trkpt>
      <trkpt lat="37.65319003723562" lon="14.502819981426">
        <ele>625.42</ele>
      </trkpt>
      <trkpt lat="37.653149887919426" lon="14.503130028024316">
        <ele>626.49</ele>
      </trkpt>
      <trkpt lat="37.65311988070607" lon="14.503299929201603">
        <ele>627.57</ele>
      </trkpt>
      <trkpt lat="37.653079982846975" lon="14.503520037978888">
        <ele>628.67</ele>
      </trkpt>
      <trkpt lat="37.6530700083822" lon="14.503579884767532">
        <ele>629.64</ele>
      </trkpt>
      <trkpt lat="37.6530700083822" lon="14.503749953582883">
        <ele>630.64</ele>
      </trkpt>
      <trkpt lat="37.65306003391743" lon="14.503899905830622">
        <ele>631.59</ele>
      </trkpt>
      <trkpt lat="37.65306003391743" lon="14.504199894145131">
        <ele>632.4</ele>
      </trkpt>
      <trkpt lat="37.65306003391743" lon="14.504210036247969">
        <ele>633.19</ele>
      </trkpt>
      <trkpt lat="37.653079982846975" lon="14.504599962383509">
        <ele>633.84</ele>
      </trkpt>
      <trkpt lat="37.65309004113078" lon="14.504649918526411">
        <ele>634.54</ele>
      </trkpt>
      <trkpt lat="37.65311988070607" lon="14.505019895732403">
        <ele>635.12</ele>
      </trkpt>
      <trkpt lat="37.65313999727368" lon="14.505170015618205">
        <ele>635.75</ele>
      </trkpt>
      <trkpt lat="37.65317000448704" lon="14.505370007827878">
        <ele>636.34</ele>
      </trkpt>
      <trkpt lat="37.653230018913746" lon="14.505500011146069">
        <ele>636.91</ele>
      </trkpt>
      <trkpt lat="37.65330998227" lon="14.505659937858582">
        <ele>637.45</ele>
      </trkpt>
      <trkpt lat="37.65344996005297" lon="14.505969984456897">
        <ele>637.97</ele>
      </trkpt>
      <trkpt lat="37.653509974479675" lon="14.50610987842083">
        <ele>638.4</ele>
      </trkpt>
      <trkpt lat="37.653550039976835" lon="14.506199900060892">
        <ele>638.78</ele>
      </trkpt>
      <trkpt lat="37.65369990840554" lon="14.506489997729659">
        <ele>639.18</ele>
      </trkpt>
      <trkpt lat="37.65369990840554" lon="14.506499888375401">
        <ele>639.42</ele>
      </trkpt>
      <trkpt lat="37.65378003939986" lon="14.506629891693592">
        <ele>639.64</ele>
      </trkpt>
      <trkpt lat="37.65380987897515" lon="14.506699964404106">
        <ele>639.78</ele>
      </trkpt>
      <trkpt lat="37.65380987897515" lon="14.506740029901266">
        <ele>639.84</ele>
      </trkpt>
      <trkpt lat="37.65379990451038" lon="14.50704999268055">
        <ele>639.88</ele>
      </trkpt>
      <trkpt lat="37.65378003939986" lon="14.50713993050158">
        <ele>639.81</ele>
      </trkpt>
      <trkpt lat="37.653769981116056" lon="14.507229952141643">
        <ele>639.67</ele>
      </trkpt>
      <trkpt lat="37.653769981116056" lon="14.507279992103577">
        <ele>639.46</ele>
      </trkpt>
      <trkpt lat="37.65382002107799" lon="14.50741988606751">
        <ele>639.2</ele>
      </trkpt>
      <trkpt lat="37.65383997000754" lon="14.50745995156467">
        <ele>638.86</ele>
      </trkpt>
      <trkpt lat="37.65395002439618" lon="14.507649969309568">
        <ele>638.5</ele>
      </trkpt>
      <trkpt lat="37.65405002050102" lon="14.507820038124919">
        <ele>638.04</ele>
      </trkpt>
      <trkpt lat="37.65413995832205" lon="14.507969990372658">
        <ele>637.5</ele>
      </trkpt>
      <trkpt lat="37.65422997996211" lon="14.508139975368977">
        <ele>636.9</ele>
      </trkpt>
      <trkpt lat="37.65427993610501" lon="14.508239887654781">
        <ele>636.23</ele>
      </trkpt>
      <trkpt lat="37.65432000160217" lon="14.508290011435747">
        <ele>635.5</ele>
      </trkpt>
      <trkpt lat="37.65437004156411" lon="14.50833996757865">
        <ele>634.71</ele>
      </trkpt>
      <trkpt lat="37.65455989167094" lon="14.508499894291162">
        <ele>633.78</ele>
      </trkpt>
      <trkpt lat="37.65458998270333" lon="14.508519927039742">
        <ele>632.87</ele>
      </trkpt>
      <trkpt lat="37.65472996048629" lon="14.508649930357933">
        <ele>631.81</ele>
      </trkpt>
      <trkpt lat="37.65494001097977" lon="14.508780017495155">
        <ele>630.66</ele>
      </trkpt>
      <trkpt lat="37.65502986498177" lon="14.508829973638058">
        <ele>629.58</ele>
      </trkpt>
      <trkpt lat="37.6552096568048" lon="14.50892980210483">
        <ele>628.48</ele>
      </trkpt>
      <trkpt lat="37.65539003536105" lon="14.50902996584773">
        <ele>627.36</ele>
      </trkpt>
      <trkpt lat="37.65553998760879" lon="14.50915988534689">
        <ele>626.25</ele>
      </trkpt>
      <trkpt lat="37.65560997650027" lon="14.509249906986952">
        <ele>625.15</ele>
      </trkpt>
      <trkpt lat="37.655720030888915" lon="14.509389968588948">
        <ele>624.02</ele>
      </trkpt>
      <trkpt lat="37.65573000535369" lon="14.50941989198327">
        <ele>622.93</ele>
      </trkpt>
      <trkpt lat="37.655869983136654" lon="14.509650059044361">
        <ele>621.77</ele>
      </trkpt>
      <trkpt lat="37.65600996091962" lon="14.509879974648356">
        <ele>620.59</ele>
      </trkpt>
      <trkpt lat="37.65603996813297" lon="14.50993001461029">
        <ele>619.49</ele>
      </trkpt>
      <trkpt lat="37.65605991706252" lon="14.509959938004613">
        <ele>618.42</ele>
      </trkpt>
      <trkpt lat="37.65613996423781" lon="14.510109890252352">
        <ele>617.27</ele>
      </trkpt>
      <trkpt lat="37.656269967556" lon="14.510369896888733">
        <ele>616.14</ele>
      </trkpt>
      <trkpt lat="37.65630332753062" lon="14.510667202994227">
        <ele>615.1</ele>
      </trkpt>
      <trkpt lat="37.656336687505245" lon="14.51096442528069">
        <ele>614.13</ele>
      </trkpt>
      <trkpt lat="37.656369963660836" lon="14.511259971186519">
        <ele>613.17</ele>
      </trkpt>
      <trkpt lat="37.656369963660836" lon="14.511319985613227">
        <ele>612.26</ele>
      </trkpt>
      <trkpt lat="37.656369963660836" lon="14.51138997450471">
        <ele>611.41</ele>
      </trkpt>
      <trkpt lat="37.65635998919606" lon="14.511449988931417">
        <ele>610.59</ele>
      </trkpt>
      <trkpt lat="37.65635998919606" lon="14.511510003358126">
        <ele>609.81</ele>
      </trkpt>
      <trkpt lat="37.65635998919606" lon="14.511579992249608">
        <ele>609.06</ele>
      </trkpt>
      <trkpt lat="37.656369963660836" lon="14.51160991564393">
        <ele>608.33</ele>
      </trkpt>
      <trkpt lat="37.65638002194464" lon="14.51164998114109">
        <ele>607.64</ele>
      </trkpt>
      <trkpt lat="37.656369963660836" lon="14.511679904535413">
        <ele>607.0</ele>
      </trkpt>
      <trkpt lat="37.656369963660836" lon="14.511689962819219">
        <ele>606.39</ele>
      </trkpt>
      <trkpt lat="37.65635998919606" lon="14.511689962819219">
        <ele>605.82</ele>
      </trkpt>
      <trkpt lat="37.65635998919606" lon="14.511719886213541">
        <ele>605.28</ele>
      </trkpt>
      <trkpt lat="37.65635998919606" lon="14.511749977245927">
        <ele>604.78</ele>
      </trkpt>
      <trkpt lat="37.65635998919606" lon="14.511759951710701">
        <ele>604.31</ele>
      </trkpt>
      <trkpt lat="37.65635998919606" lon="14.511770009994507">
        <ele>603.87</ele>
      </trkpt>
      <trkpt lat="37.65635998919606" lon="14.511789958924055">
        <ele>603.46</ele>
      </trkpt>
      <trkpt lat="37.65635998919606" lon="14.51181996613741">
        <ele>603.08</ele>
      </trkpt>
      <trkpt lat="37.65635998919606" lon="14.51183999888599">
        <ele>602.73</ele>
      </trkpt>
      <trkpt lat="37.65638002194464" lon="14.511869922280312">
        <ele>602.39</ele>
      </trkpt>
      <trkpt lat="37.656389996409416" lon="14.511879980564117">
        <ele>602.09</ele>
      </trkpt>
      <trkpt lat="37.656389996409416" lon="14.511889955028892">
        <ele>601.81</ele>
      </trkpt>
      <trkpt lat="37.65639997087419" lon="14.511900013312697">
        <ele>601.55</ele>
      </trkpt>
      <trkpt lat="37.65642000362277" lon="14.511919962242246">
        <ele>601.31</ele>
      </trkpt>
      <trkpt lat="37.656410029157996" lon="14.512009983882308">
        <ele>601.1</ele>
      </trkpt>
      <trkpt lat="37.65642000362277" lon="14.512090031057596">
        <ele>600.9</ele>
      </trkpt>
      <trkpt lat="37.65644992701709" lon="14.512179968878627">
        <ele>600.71</ele>
      </trkpt>
      <trkpt lat="37.65648001804948" lon="14.512390354648232">
        <ele>600.54</ele>
      </trkpt>
      <trkpt lat="37.65651002526283" lon="14.512599902227521">
        <ele>600.39</ele>
      </trkpt>
      <trkpt lat="37.656559981405735" lon="14.512929981574416">
        <ele>600.29</ele>
      </trkpt>
      <trkpt lat="37.65657993033528" lon="14.513059984892607">
        <ele>600.21</ele>
      </trkpt>
      <trkpt lat="37.65661002136767" lon="14.51328000985086">
        <ele>600.19</ele>
      </trkpt>
      <trkpt lat="37.65662997029722" lon="14.51336994767189">
        <ele>600.15</ele>
      </trkpt>
      <trkpt lat="37.65665997751057" lon="14.513529874384403">
        <ele>600.15</ele>
      </trkpt>
      <trkpt lat="37.656689984723926" lon="14.513749983161688">
        <ele>600.16</ele>
      </trkpt>
      <trkpt lat="37.65671999193728" lon="14.51388987712562">
        <ele>600.17</ele>
      </trkpt>
      <trkpt lat="37.6567499153316" lon="14.514109985902905">
        <ele>600.18</ele>
      </trkpt>
      <trkpt lat="37.656819988042116" lon="14.514469904825091">
        <ele>600.16</ele>
      </trkpt>
      <trkpt lat="37.656840020790696" lon="14.514629999175668">
        <ele>600.2</ele>
      </trkpt>
      <trkpt lat="37.656859969720244" lon="14.51487542130053">
        <ele>600.23</ele>
      </trkpt>
      <trkpt lat="37.65687991864979" lon="14.515120005235076">
        <ele>600.26</ele>
      </trkpt>
      <trkpt lat="37.656904980540276" lon="14.515430638566613">
        <ele>600.3</ele>
      </trkpt>
      <trkpt lat="37.65692995861173" lon="14.515739930793643">
        <ele>600.35</ele>
      </trkpt>
      <trkpt lat="37.656944962218404" lon="14.515945371240377">
        <ele>600.45</ele>
      </trkpt>
      <trkpt lat="37.65695996582508" lon="14.516149889677763">
        <ele>600.58</ele>
      </trkpt>
      <trkpt lat="37.65697999857366" lon="14.516409980133176">
        <ele>600.73</ele>
      </trkpt>
      <trkpt lat="37.65699994750321" lon="14.516630424186587">
        <ele>600.97</ele>
      </trkpt>
      <trkpt lat="37.65701998025179" lon="14.51684994623065">
        <ele>601.25</ele>
      </trkpt>
      <trkpt lat="37.65702995471656" lon="14.516929993405938">
        <ele>601.55</ele>
      </trkpt>
      <trkpt lat="37.65707002021372" lon="14.51714993454516">
        <ele>601.91</ele>
      </trkpt>
      <trkpt lat="37.657119976356626" lon="14.517519911751151">
        <ele>602.32</ele>
      </trkpt>
      <trkpt lat="37.657140009105206" lon="14.5178799983114">
        <ele>602.8</ele>
      </trkpt>
      <trkpt lat="37.657119976356626" lon="14.518019976094365">
        <ele>603.28</ele>
      </trkpt>
      <trkpt lat="37.657039845362306" lon="14.518250226974487">
        <ele>603.86</ele>
      </trkpt>
      <trkpt lat="37.65695996582508" lon="14.51847997494042">
        <ele>604.41</ele>
      </trkpt>
      <trkpt lat="37.65691998414695" lon="14.518579971045256">
        <ele>604.93</ele>
      </trkpt>
      <trkpt lat="37.65687002800405" lon="14.51869991607964">
        <ele>605.48</ele>
      </trkpt>
      <trkpt lat="37.65682996250689" lon="14.518769904971123">
        <ele>606.05</ele>
      </trkpt>
      <trkpt lat="37.65681001357734" lon="14.518820028752089">
        <ele>606.63</ele>
      </trkpt>
      <trkpt lat="37.65676994808018" lon="14.51888993382454">
        <ele>607.24</ele>
      </trkpt>
      <trkpt lat="37.6567499153316" lon="14.518920024856925">
        <ele>607.86</ele>
      </trkpt>
      <trkpt lat="37.65672988258302" lon="14.51895003207028">
        <ele>608.49</ele>
      </trkpt>
      <trkpt lat="37.65671999193728" lon="14.518959922716022">
        <ele>609.13</ele>
      </trkpt>
      <trkpt lat="37.65670984983444" lon="14.518969980999827">
        <ele>609.78</ele>
      </trkpt>
      <trkpt lat="37.65668001025915" lon="14.518969980999827">
        <ele>610.46</ele>
      </trkpt>
      <trkpt lat="37.6566500030458" lon="14.518969980999827">
        <ele>611.15</ele>
      </trkpt>
      <trkpt lat="37.65661002136767" lon="14.518959922716022">
        <ele>611.87</ele>
      </trkpt>
      <trkpt lat="37.656559981405735" lon="14.51895003207028">
        <ele>612.6</ele>
      </trkpt>
      <trkpt lat="37.65635001473129" lon="14.51869991607964">
        <ele>613.23</ele>
      </trkpt>
      <trkpt lat="37.656280025839806" lon="14.518649959936738">
        <ele>613.96</ele>
      </trkpt>
      <trkpt lat="37.65622998587787" lon="14.518620036542416">
        <ele>614.72</ele>
      </trkpt>
      <trkpt lat="37.65613996423781" lon="14.51856991276145">
        <ele>615.48</ele>
      </trkpt>
      <trkpt lat="37.65611004084349" lon="14.518560022115707">
        <ele>616.26</ele>
      </trkpt>
      <trkpt lat="37.655939972028136" lon="14.51860997825861">
        <ele>617.05</ele>
      </trkpt>
      <trkpt lat="37.65619000419974" lon="14.518829919397831">
        <ele>618.15</ele>
      </trkpt>
      <trkpt lat="37.65622998587787" lon="14.518860010430217">
        <ele>619.02</ele>
      </trkpt>
      <trkpt lat="37.656269967556" lon="14.518899992108345">
        <ele>619.9</ele>
      </trkpt>
      <trkpt lat="37.6563199236989" lon="14.518979955464602">
        <ele>620.81</ele>
      </trkpt>
      <trkpt lat="37.65633995644748" lon="14.519009962677956">
        <ele>621.71</ele>
      </trkpt>
      <trkpt lat="37.65635001473129" lon="14.519029995426536">
        <ele>622.62</ele>
      </trkpt>
      <trkpt lat="37.656369963660836" lon="14.519099984318018">
        <ele>623.57</ele>
      </trkpt>
      <trkpt lat="37.656369963660836" lon="14.519139965996146">
        <ele>624.52</ele>
      </trkpt>
      <trkpt lat="37.65638002194464" lon="14.51919000595808">
        <ele>625.47</ele>
      </trkpt>
      <trkpt lat="37.656389996409416" lon="14.519369881600142">
        <ele>626.48</ele>
      </trkpt>
      <trkpt lat="37.65642000362277" lon="14.519519917666912">
        <ele>627.46</ele>
      </trkpt>
      <trkpt lat="37.65646995976567" lon="14.51977003365755">
        <ele>628.51</ele>
      </trkpt>
      <trkpt lat="37.65648001804948" lon="14.519849997013807">
        <ele>629.47</ele>
      </trkpt>
      <trkpt lat="37.65648999251425" lon="14.519889978691936">
        <ele>630.43</ele>
      </trkpt>
      <trkpt lat="37.65648999251425" lon="14.519929876551032">
        <ele>631.38</ele>
      </trkpt>
      <trkpt lat="37.65651002526283" lon="14.519969942048192">
        <ele>632.33</ele>
      </trkpt>
      <trkpt lat="37.65652989037335" lon="14.51998989097774">
        <ele>633.28</ele>
      </trkpt>
      <trkpt lat="37.65655000694096" lon="14.520059879869223">
        <ele>634.23</ele>
      </trkpt>
      <trkpt lat="37.656600046902895" lon="14.520340422168374">
        <ele>635.24</ele>
      </trkpt>
      <trkpt lat="37.6566500030458" lon="14.520619874820113">
        <ele>636.29</ele>
      </trkpt>
      <trkpt lat="37.65665997751057" lon="14.520669998601079">
        <ele>637.2</ele>
      </trkpt>
      <trkpt lat="37.6566999591887" lon="14.52097987756133">
        <ele>638.23</ele>
      </trkpt>
      <trkpt lat="37.65673943795264" lon="14.52111465856433">
        <ele>639.17</ele>
      </trkpt>
      <trkpt lat="37.65680464915931" lon="14.521296042948961">
        <ele>640.03</ele>
      </trkpt>
      <trkpt lat="37.656821329146624" lon="14.52144448645413">
        <ele>640.84</ele>
      </trkpt>
      <trkpt lat="37.65679266303778" lon="14.521683789789677">
        <ele>641.58</ele>
      </trkpt>
      <trkpt lat="37.6567829400301" lon="14.521882608532906">
        <ele>642.29</ele>
      </trkpt>
      <trkpt lat="37.656782772392035" lon="14.521901216357946">
        <ele>643.02</ele>
      </trkpt>
      <trkpt lat="37.65679425559938" lon="14.522102382034063">
        <ele>643.71</ele>
      </trkpt>
      <trkpt lat="37.65680322423577" lon="14.522153679281473">
        <ele>644.4</ele>
      </trkpt>
      <trkpt lat="37.656809175387025" lon="14.522187793627381">
        <ele>645.07</ele>
      </trkpt>
      <trkpt lat="37.65681152231991" lon="14.522201456129551">
        <ele>645.71</ele>
      </trkpt>
      <trkpt lat="37.656870782375336" lon="14.522358952090144">
        <ele>646.39</ele>
      </trkpt>
      <trkpt lat="37.65695745125413" lon="14.522664891555905">
        <ele>647.05</ele>
      </trkpt>
      <trkpt lat="37.65710371546447" lon="14.522933950647712">
        <ele>647.68</ele>
      </trkpt>
      <trkpt lat="37.65718082897365" lon="14.52317082323134">
        <ele>648.19</ele>
      </trkpt>
      <trkpt lat="37.65720044262707" lon="14.523461004719138">
        <ele>648.67</ele>
      </trkpt>
      <trkpt lat="37.65721997246146" lon="14.523749928921461">
        <ele>649.22</ele>
      </trkpt>
      <trkpt lat="37.65723003074527" lon="14.523780019953847">
        <ele>649.72</ele>
      </trkpt>
      <trkpt lat="37.65726003795862" lon="14.5238998811692">
        <ele>650.22</ele>
      </trkpt>
      <trkpt lat="37.65732508152723" lon="14.524165419861674">
        <ele>650.73</ele>
      </trkpt>
      <trkpt lat="37.65739004127681" lon="14.5244300365448">
        <ele>651.25</ele>
      </trkpt>
      <trkpt lat="37.65745994634926" lon="14.52473002485931">
        <ele>651.7</ele>
      </trkpt>
      <trkpt lat="37.657549967989326" lon="14.525109976530075">
        <ele>652.03</ele>
      </trkpt>
      <trkpt lat="37.657570000737906" lon="14.525169907137752">
        <ele>652.38</ele>
      </trkpt>
      <trkpt lat="37.65764510259032" lon="14.525480456650257">
        <ele>652.78</ele>
      </trkpt>
      <trkpt lat="37.657720036804676" lon="14.52578991651535">
        <ele>653.21</ele>
      </trkpt>
      <trkpt lat="37.65775993466377" lon="14.525929978117347">
        <ele>653.53</ele>
      </trkpt>
      <trkpt lat="37.65783998183906" lon="14.526249999180436">
        <ele>653.82</ele>
      </trkpt>
      <trkpt lat="37.65786990523338" lon="14.526359969750047">
        <ele>654.08</ele>
      </trkpt>
      <trkpt lat="37.65789999626577" lon="14.526499947533011">
        <ele>654.33</ele>
      </trkpt>
      <trkpt lat="37.65793000347912" lon="14.526640009135008">
        <ele>654.57</ele>
      </trkpt>
      <trkpt lat="37.65796001069248" lon="14.526889957487583">
        <ele>654.8</ele>
      </trkpt>
      <trkpt lat="37.65796998515725" lon="14.526909906417131">
        <ele>654.99</ele>
      </trkpt>
      <trkpt lat="37.658020025119185" lon="14.527179971337318">
        <ele>655.16</ele>
      </trkpt>
      <trkpt lat="37.65802991576493" lon="14.527260018512607">
        <ele>655.33</ele>
      </trkpt>
      <trkpt lat="37.6580398902297" lon="14.527319949120283">
        <ele>655.5</ele>
      </trkpt>
      <trkpt lat="37.6580398902297" lon="14.527369989082217">
        <ele>655.67</ele>
      </trkpt>
      <trkpt lat="37.658150028437376" lon="14.527709875255823">
        <ele>655.76</ele>
      </trkpt>
      <trkpt lat="37.65825999900699" lon="14.528080020099878">
        <ele>656.03</ele>
      </trkpt>
      <trkpt lat="37.65833996236324" lon="14.52842996455729">
        <ele>656.21</ele>
      </trkpt>
      <trkpt lat="37.65835999511182" lon="14.5285399351269">
        <ele>656.32</ele>
      </trkpt>
      <trkpt lat="37.6583699695766" lon="14.52860003337264">
        <ele>656.44</ele>
      </trkpt>
      <trkpt lat="37.65839000232518" lon="14.528649905696511">
        <ele>656.56</ele>
      </trkpt>
      <trkpt lat="37.65839000232518" lon="14.528700029477477">
        <ele>656.71</ele>
      </trkpt>
      <trkpt lat="37.65839997678995" lon="14.52874998562038">
        <ele>656.84</ele>
      </trkpt>
      <trkpt lat="37.65841003507376" lon="14.528810000047088">
        <ele>656.99</ele>
      </trkpt>
      <trkpt lat="37.65842000953853" lon="14.52883992344141">
        <ele>657.14</ele>
      </trkpt>
      <trkpt lat="37.65842000953853" lon="14.52885995618999">
        <ele>657.32</ele>
      </trkpt>
      <trkpt lat="37.65842000953853" lon="14.528870014473796">
        <ele>657.5</ele>
      </trkpt>
      <trkpt lat="37.65842000953853" lon="14.528889879584312">
        <ele>657.7</ele>
      </trkpt>
      <trkpt lat="37.65842000953853" lon="14.528919970616698">
        <ele>657.9</ele>
      </trkpt>
      <trkpt lat="37.65842000953853" lon="14.52894989401102">
        <ele>658.12</ele>
      </trkpt>
      <trkpt lat="37.65842000953853" lon="14.52898995950818">
        <ele>658.36</ele>
      </trkpt>
      <trkpt lat="37.65842000953853" lon="14.529049973934889">
        <ele>658.62</ele>
      </trkpt>
      <trkpt lat="37.65839997678995" lon="14.529170002788305">
        <ele>658.92</ele>
      </trkpt>
      <trkpt lat="37.6583800278604" lon="14.52933001331985">
        <ele>659.23</ele>
      </trkpt>
      <trkpt lat="37.65835999511182" lon="14.529409976676106">
        <ele>659.54</ele>
      </trkpt>
      <trkpt lat="37.65833996236324" lon="14.529489940032363">
        <ele>659.86</ele>
      </trkpt>
      <trkpt lat="37.65832998789847" lon="14.529529921710491">
        <ele>660.16</ele>
      </trkpt>
      <trkpt lat="37.65831003896892" lon="14.5295899361372">
        <ele>660.48</ele>
      </trkpt>
      <trkpt lat="37.65831003896892" lon="14.529599994421005">
        <ele>660.76</ele>
      </trkpt>
      <trkpt lat="37.65829989686608" lon="14.529620027169585">
        <ele>661.07</ele>
      </trkpt>
      <trkpt lat="37.65829000622034" lon="14.529659925028682">
        <ele>661.36</ele>
      </trkpt>
      <trkpt lat="37.65826997347176" lon="14.529690016061068">
        <ele>661.66</ele>
      </trkpt>
      <trkpt lat="37.65825002454221" lon="14.52973997220397">
        <ele>661.96</ele>
      </trkpt>
      <trkpt lat="37.65822999179363" lon="14.529789928346872">
        <ele>662.24</ele>
      </trkpt>
      <trkpt lat="37.65822999179363" lon="14.529799986630678">
        <ele>662.51</ele>
      </trkpt>
      <trkpt lat="37.65820987522602" lon="14.52984994277358">
        <ele>662.77</ele>
      </trkpt>
      <trkpt lat="37.65816989354789" lon="14.529929989948869">
        <ele>662.98</ele>
      </trkpt>
      <trkpt lat="37.65813997015357" lon="14.529990004375577">
        <ele>663.2</ele>
      </trkpt>
      <trkpt lat="37.65813988633454" lon="14.529990004375577">
        <ele>663.2</ele>
      </trkpt>
      <trkpt lat="37.65813980251551" lon="14.52999017201364">
        <ele>663.44</ele>
      </trkpt>
      <trkpt lat="37.65809001401067" lon="14.53005999326706">
        <ele>663.68</ele>
      </trkpt>
      <trkpt lat="37.65805003233254" lon="14.53012989833951">
        <ele>663.93</ele>
      </trkpt>
      <trkpt lat="37.658020025119185" lon="14.53016996383667">
        <ele>664.17</ele>
      </trkpt>
      <trkpt lat="37.657999992370605" lon="14.530199887230992">
        <ele>664.39</ele>
      </trkpt>
      <trkpt lat="37.6579500362277" lon="14.530269959941506">
        <ele>664.57</ele>
      </trkpt>
      <trkpt lat="37.65789999626577" lon="14.530329890549183">
        <ele>664.77</ele>
      </trkpt>
      <trkpt lat="37.65783000737429" lon="14.530419996008277">
        <ele>664.94</ele>
      </trkpt>
      <trkpt lat="37.65777996741235" lon="14.530480010434985">
        <ele>665.12</ele>
      </trkpt>
      <trkpt lat="37.65775993466377" lon="14.53051001764834">
        <ele>665.25</ele>
      </trkpt>
      <trkpt lat="37.65773990191519" lon="14.530549999326468">
        <ele>665.37</ele>
      </trkpt>
      <trkpt lat="37.65773001126945" lon="14.530570032075047">
        <ele>665.46</ele>
      </trkpt>
      <trkpt lat="37.65770997852087" lon="14.530589981004596">
        <ele>665.54</ele>
      </trkpt>
      <trkpt lat="37.65769002959132" lon="14.530629878863692">
        <ele>665.6</ele>
      </trkpt>
      <trkpt lat="37.657679971307516" lon="14.530659969896078">
        <ele>665.6</ele>
      </trkpt>
      <trkpt lat="37.65766999684274" lon="14.530680002644658">
        <ele>665.61</ele>
      </trkpt>
      <trkpt lat="37.65766999684274" lon="14.5306898932904">
        <ele>665.57</ele>
      </trkpt>
      <trkpt lat="37.65757997520268" lon="14.530889969319105">
        <ele>665.41</ele>
      </trkpt>
      <trkpt lat="37.65749003738165" lon="14.531109994277358">
        <ele>665.16</ele>
      </trkpt>
      <trkpt lat="37.65736003406346" lon="14.53143990598619">
        <ele>664.9</ele>
      </trkpt>
      <trkpt lat="37.65726003795862" lon="14.531669989228249">
        <ele>664.84</ele>
      </trkpt>
      <trkpt lat="37.65726003795862" lon="14.531690021976829">
        <ele>664.7</ele>
      </trkpt>
      <trkpt lat="37.65719993971288" lon="14.531849948689342">
        <ele>664.74</ele>
      </trkpt>
      <trkpt lat="37.6571799069643" lon="14.53188993036747">
        <ele>664.6</ele>
      </trkpt>
      <trkpt lat="37.65714998356998" lon="14.531969977542758">
        <ele>664.39</ele>
      </trkpt>
      <trkpt lat="37.6570799946785" lon="14.532129904255271">
        <ele>664.24</ele>
      </trkpt>
      <trkpt lat="37.6570799946785" lon="14.532139962539077">
        <ele>663.97</ele>
      </trkpt>
      <trkpt lat="37.65707002021372" lon="14.532159995287657">
        <ele>663.69</ele>
      </trkpt>
      <trkpt lat="37.65707002021372" lon="14.5321698859334">
        <ele>663.36</ele>
      </trkpt>
      <trkpt lat="37.65707002021372" lon="14.532180028036237">
        <ele>663.0</ele>
      </trkpt>
      <trkpt lat="37.65705996192992" lon="14.53218991868198">
        <ele>662.63</ele>
      </trkpt>
      <trkpt lat="37.65705996192992" lon="14.532199976965785">
        <ele>662.2</ele>
      </trkpt>
      <trkpt lat="37.65704998746514" lon="14.53222998417914">
        <ele>661.76</ele>
      </trkpt>
      <trkpt lat="37.65704001300037" lon="14.53225001692772">
        <ele>661.29</ele>
      </trkpt>
      <trkpt lat="37.65702995471656" lon="14.532310031354427">
        <ele>660.79</ele>
      </trkpt>
      <trkpt lat="37.65700992196798" lon="14.532369878143072">
        <ele>660.27</ele>
      </trkpt>
      <trkpt lat="37.65699986368418" lon="14.532399969175458">
        <ele>659.72</ele>
      </trkpt>
      <trkpt lat="37.65699986368418" lon="14.53242989256978">
        <ele>659.12</ele>
      </trkpt>
      <trkpt lat="37.6569898892194" lon="14.532459983602166">
        <ele>658.51</ele>
      </trkpt>
      <trkpt lat="37.6569898892194" lon="14.53248999081552">
        <ele>657.87</ele>
      </trkpt>
      <trkpt lat="37.6569898892194" lon="14.532529972493649">
        <ele>657.18</ele>
      </trkpt>
      <trkpt lat="37.65697999857366" lon="14.532610019668937">
        <ele>656.43</ele>
      </trkpt>
      <trkpt lat="37.65697999857366" lon="14.532719990238547">
        <ele>655.61</ele>
      </trkpt>
      <trkpt lat="37.6569898892194" lon="14.532829960808158">
        <ele>654.77</ele>
      </trkpt>
      <trkpt lat="37.6569898892194" lon="14.53287991695106">
        <ele>654.01</ele>
      </trkpt>
      <trkpt lat="37.65699986368418" lon="14.532930040732026">
        <ele>653.23</ele>
      </trkpt>
      <trkpt lat="37.65700992196798" lon="14.532979996874928">
        <ele>652.47</ele>
      </trkpt>
      <trkpt lat="37.65700992196798" lon="14.53302995301783">
        <ele>651.72</ele>
      </trkpt>
      <trkpt lat="37.65701998025179" lon="14.533110000193119">
        <ele>650.95</ele>
      </trkpt>
      <trkpt lat="37.65702995471656" lon="14.533139923587441">
        <ele>650.25</ele>
      </trkpt>
      <trkpt lat="37.65702995471656" lon="14.533170014619827">
        <ele>649.58</ele>
      </trkpt>
      <trkpt lat="37.65702995471656" lon="14.53319993801415">
        <ele>648.93</ele>
      </trkpt>
      <trkpt lat="37.65704001300037" lon="14.53321997076273">
        <ele>648.3</ele>
      </trkpt>
      <trkpt lat="37.65704001300037" lon="14.53326003625989">
        <ele>647.7</ele>
      </trkpt>
      <trkpt lat="37.65704001300037" lon="14.53328987583518">
        <ele>647.13</ele>
      </trkpt>
      <trkpt lat="37.65704001300037" lon="14.533339999616146">
        <ele>646.58</ele>
      </trkpt>
      <trkpt lat="37.65702995471656" lon="14.53339003957808">
        <ele>646.12</ele>
      </trkpt>
      <trkpt lat="37.65702995471656" lon="14.533430021256208">
        <ele>645.66</ele>
      </trkpt>
      <trkpt lat="37.65701998025179" lon="14.53345994465053">
        <ele>645.25</ele>
      </trkpt>
      <trkpt lat="37.65700992196798" lon="14.53350001014769">
        <ele>644.88</ele>
      </trkpt>
      <trkpt lat="37.65699986368418" lon="14.533519959077239">
        <ele>644.54</ele>
      </trkpt>
      <trkpt lat="37.6569898892194" lon="14.533539991825819">
        <ele>644.24</ele>
      </trkpt>
      <trkpt lat="37.65697999857366" lon="14.533560024574399">
        <ele>643.97</ele>
      </trkpt>
      <trkpt lat="37.65695996582508" lon="14.533589947968721">
        <ele>643.74</ele>
      </trkpt>
      <trkpt lat="37.65694999136031" lon="14.533620039001107">
        <ele>643.51</ele>
      </trkpt>
      <trkpt lat="37.65692995861173" lon="14.53364996239543">
        <ele>643.33</ele>
      </trkpt>
      <trkpt lat="37.6568899769336" lon="14.533679885789752">
        <ele>643.18</ele>
      </trkpt>
      <trkpt lat="37.65687002800405" lon="14.533709976822138">
        <ele>643.05</ele>
      </trkpt>
      <trkpt lat="37.656840020790696" lon="14.533730009570718">
        <ele>642.96</ele>
      </trkpt>
      <trkpt lat="37.65674002468586" lon="14.533809889107943">
        <ele>642.89</ele>
      </trkpt>
      <trkpt lat="37.65665997751057" lon="14.53386990353465">
        <ele>642.86</ele>
      </trkpt>
      <trkpt lat="37.65658998861909" lon="14.533920027315617">
        <ele>642.78</ele>
      </trkpt>
      <trkpt lat="37.65655000694096" lon="14.53393000178039">
        <ele>642.75</ele>
      </trkpt>
      <trkpt lat="37.65651002526283" lon="14.53395003452897">
        <ele>642.72</ele>
      </trkpt>
      <trkpt lat="37.65649996697903" lon="14.533959925174713">
        <ele>642.7</ele>
      </trkpt>
      <trkpt lat="37.656369963660836" lon="14.533990016207099">
        <ele>642.72</ele>
      </trkpt>
      <trkpt lat="37.65629989095032" lon="14.534009965136647">
        <ele>642.73</ele>
      </trkpt>
      <trkpt lat="37.656269967556" lon="14.534009965136647">
        <ele>642.75</ele>
      </trkpt>
      <trkpt lat="37.65625001862645" lon="14.534019939601421">
        <ele>642.75</ele>
      </trkpt>
      <trkpt lat="37.65623979270458" lon="14.534019939601421">
        <ele>642.75</ele>
      </trkpt>
      <trkpt lat="37.65622998587787" lon="14.534029997885227">
        <ele>642.75</ele>
      </trkpt>
      <trkpt lat="37.6562200114131" lon="14.534029997885227">
        <ele>642.74</ele>
      </trkpt>
      <trkpt lat="37.65621003694832" lon="14.53403988853097">
        <ele>642.72</ele>
      </trkpt>
      <trkpt lat="37.65621003694832" lon="14.534050030633807">
        <ele>642.69</ele>
      </trkpt>
      <trkpt lat="37.65619997866452" lon="14.534050030633807">
        <ele>642.66</ele>
      </trkpt>
      <trkpt lat="37.65619997866452" lon="14.53405992127955">
        <ele>642.6</ele>
      </trkpt>
      <trkpt lat="37.65619000419974" lon="14.534069979563355">
        <ele>642.53</ele>
      </trkpt>
      <trkpt lat="37.65619000419974" lon="14.53407995402813">
        <ele>642.44</ele>
      </trkpt>
      <trkpt lat="37.65618002973497" lon="14.534109877422452">
        <ele>642.32</ele>
      </trkpt>
      <trkpt lat="37.65618002973497" lon="14.534139968454838">
        <ele>642.18</ele>
      </trkpt>
      <trkpt lat="37.65619000419974" lon="14.534149942919612">
        <ele>642.04</ele>
      </trkpt>
      <trkpt lat="37.65619000419974" lon="14.534160001203418">
        <ele>641.88</ele>
      </trkpt>
      <trkpt lat="37.65619000419974" lon="14.53416989184916">
        <ele>641.7</ele>
      </trkpt>
      <trkpt lat="37.65619997866452" lon="14.53416989184916">
        <ele>641.5</ele>
      </trkpt>
      <trkpt lat="37.65619997866452" lon="14.534180033951998">
        <ele>641.28</ele>
      </trkpt>
      <trkpt lat="37.65621003694832" lon="14.534180033951998">
        <ele>641.04</ele>
      </trkpt>
      <trkpt lat="37.65621003694832" lon="14.53418992459774">
        <ele>640.76</ele>
      </trkpt>
      <trkpt lat="37.6562200114131" lon="14.53418992459774">
        <ele>640.48</ele>
      </trkpt>
      <trkpt lat="37.65622998587787" lon="14.534199982881546">
        <ele>640.15</ele>
      </trkpt>
      <trkpt lat="37.65623979270458" lon="14.534199982881546">
        <ele>639.82</ele>
      </trkpt>
      <trkpt lat="37.65625001862645" lon="14.534199982881546">
        <ele>639.46</ele>
      </trkpt>
      <trkpt lat="37.656259993091226" lon="14.53420995734632">
        <ele>639.06</ele>
      </trkpt>
      <trkpt lat="37.6563199236989" lon="14.534199982881546">
        <ele>638.65</ele>
      </trkpt>
      <trkpt lat="37.65644992701709" lon="14.53416989184916">
        <ele>638.23</ele>
      </trkpt>
      <trkpt lat="37.65654003247619" lon="14.534139968454838">
        <ele>637.77</ele>
      </trkpt>
      <trkpt lat="37.65675997361541" lon="14.53409998677671">
        <ele>637.23</ele>
      </trkpt>
      <trkpt lat="37.65682996250689" lon="14.53407995402813">
        <ele>636.72</ele>
      </trkpt>
      <trkpt lat="37.65692995861173" lon="14.53405992127955">
        <ele>636.16</ele>
      </trkpt>
      <trkpt lat="37.65695996582508" lon="14.534050030633807">
        <ele>635.61</ele>
      </trkpt>
      <trkpt lat="37.65697999857366" lon="14.534050030633807">
        <ele>635.04</ele>
      </trkpt>
      <trkpt lat="37.6569898892194" lon="14.534050030633807">
        <ele>634.46</ele>
      </trkpt>
      <trkpt lat="37.65701998025179" lon="14.534050030633807">
        <ele>633.83</ele>
      </trkpt>
      <trkpt lat="37.65704001300037" lon="14.53405992127955">
        <ele>633.19</ele>
      </trkpt>
      <trkpt lat="37.65705996192992" lon="14.53405992127955">
        <ele>632.55</ele>
      </trkpt>
      <trkpt lat="37.6570799946785" lon="14.534069979563355">
        <ele>631.88</ele>
      </trkpt>
      <trkpt lat="37.65708988532424" lon="14.53407995402813">
        <ele>631.21</ele>
      </trkpt>
      <trkpt lat="37.65711000189185" lon="14.534090012311935">
        <ele>630.52</ele>
      </trkpt>
      <trkpt lat="37.657119976356626" lon="14.53409998677671">
        <ele>629.83</ele>
      </trkpt>
      <trkpt lat="37.65713003464043" lon="14.534109877422452">
        <ele>629.13</ele>
      </trkpt>
      <trkpt lat="37.65714998356998" lon="14.534129910171032">
        <ele>628.41</ele>
      </trkpt>
      <trkpt lat="37.657160041853786" lon="14.534139968454838">
        <ele>627.71</ele>
      </trkpt>
      <trkpt lat="37.65717001631856" lon="14.534160001203418">
        <ele>627.0</ele>
      </trkpt>
      <trkpt lat="37.6571799069643" lon="14.534180033951998">
        <ele>626.29</ele>
      </trkpt>
      <trkpt lat="37.65719993971288" lon="14.53420995734632">
        <ele>625.58</ele>
      </trkpt>
      <trkpt lat="37.65720999799669" lon="14.534239880740643">
        <ele>624.88</ele>
      </trkpt>
      <trkpt lat="37.65721997246146" lon="14.534269971773028">
        <ele>624.19</ele>
      </trkpt>
      <trkpt lat="37.65723003074527" lon="14.53431992791593">
        <ele>623.5</ele>
      </trkpt>
      <trkpt lat="37.657285099849105" lon="14.534525284543633">
        <ele>622.71</ele>
      </trkpt>
      <trkpt lat="37.65734000131488" lon="14.53472988680005">
        <ele>621.95</ele>
      </trkpt>
      <trkpt lat="37.65734000131488" lon="14.534740028902888">
        <ele>621.33</ele>
      </trkpt>
      <trkpt lat="37.65734000131488" lon="14.53474991954863">
        <ele>620.74</ele>
      </trkpt>
      <trkpt lat="37.65732994303107" lon="14.53474991954863">
        <ele>620.17</ele>
      </trkpt>
      <trkpt lat="37.65732994303107" lon="14.534759977832437">
        <ele>619.61</ele>
      </trkpt>
      <trkpt lat="37.65732994303107" lon="14.53476995229721">
        <ele>619.08</ele>
      </trkpt>
      <trkpt lat="37.65732994303107" lon="14.534780010581017">
        <ele>618.56</ele>
      </trkpt>
      <trkpt lat="37.65730991028249" lon="14.53481001779437">
        <ele>618.07</ele>
      </trkpt>
      <trkpt lat="37.65730001963675" lon="14.534819908440113">
        <ele>617.6</ele>
      </trkpt>
      <trkpt lat="37.65728987753391" lon="14.534829966723919">
        <ele>617.14</ele>
      </trkpt>
      <trkpt lat="37.65727998688817" lon="14.534839941188693">
        <ele>616.71</ele>
      </trkpt>
      <trkpt lat="37.65726003795862" lon="14.534849999472499">
        <ele>616.3</ele>
      </trkpt>
      <trkpt lat="37.657249979674816" lon="14.534849999472499">
        <ele>615.91</ele>
      </trkpt>
      <trkpt lat="37.65724000521004" lon="14.534859890118241">
        <ele>615.54</ele>
      </trkpt>
      <trkpt lat="37.65723003074527" lon="14.534859890118241">
        <ele>615.18</ele>
      </trkpt>
      <trkpt lat="37.65721997246146" lon="14.534859890118241">
        <ele>614.85</ele>
      </trkpt>
      <trkpt lat="37.65717001631856" lon="14.534870032221079">
        <ele>614.53</ele>
      </trkpt>
      <trkpt lat="37.65713003464043" lon="14.534859890118241">
        <ele>614.24</ele>
      </trkpt>
      <trkpt lat="37.65705996192992" lon="14.534839941188693">
        <ele>613.97</ele>
      </trkpt>
      <trkpt lat="37.65704998746514" lon="14.534839941188693">
        <ele>613.7</ele>
      </trkpt>
      <trkpt lat="37.65704001300037" lon="14.534839941188693">
        <ele>613.44</ele>
      </trkpt>
      <trkpt lat="37.65701998025179" lon="14.534839941188693">
        <ele>613.2</ele>
      </trkpt>
      <trkpt lat="37.65699986368418" lon="14.534859890118241">
        <ele>612.95</ele>
      </trkpt>
      <trkpt lat="37.6569898892194" lon="14.534870032221079">
        <ele>612.73</ele>
      </trkpt>
      <trkpt lat="37.65697999857366" lon="14.534879922866821">
        <ele>612.52</ele>
      </trkpt>
      <trkpt lat="37.65697002410889" lon="14.534910013899207">
        <ele>612.31</ele>
      </trkpt>
      <trkpt lat="37.65695996582508" lon="14.534929962828755">
        <ele>612.12</ele>
      </trkpt>
      <trkpt lat="37.65695996582508" lon="14.53493993729353">
        <ele>611.94</ele>
      </trkpt>
      <trkpt lat="37.65695996582508" lon="14.534949995577335">
        <ele>611.78</ele>
      </trkpt>
      <trkpt lat="37.65695996582508" lon="14.53495997004211">
        <ele>611.63</ele>
      </trkpt>
      <trkpt lat="37.65697002410889" lon="14.53498000279069">
        <ele>611.49</ele>
      </trkpt>
      <trkpt lat="37.65697002410889" lon="14.534989893436432">
        <ele>611.36</ele>
      </trkpt>
      <trkpt lat="37.65697002410889" lon="14.53500003553927">
        <ele>611.24</ele>
      </trkpt>
      <trkpt lat="37.65697002410889" lon="14.535009926185012">
        <ele>611.13</ele>
      </trkpt>
      <trkpt lat="37.65697999857366" lon="14.535019984468818">
        <ele>611.04</ele>
      </trkpt>
      <trkpt lat="37.65697999857366" lon="14.53502987511456">
        <ele>610.95</ele>
      </trkpt>
      <trkpt lat="37.6569898892194" lon="14.535040017217398">
        <ele>610.88</ele>
      </trkpt>
      <trkpt lat="37.65699986368418" lon="14.535059966146946">
        <ele>610.82</ele>
      </trkpt>
      <trkpt lat="37.65700992196798" lon="14.53506994061172">
        <ele>610.77</ele>
      </trkpt>
      <trkpt lat="37.65702995471656" lon="14.5350899733603">
        <ele>610.73</ele>
      </trkpt>
      <trkpt lat="37.65704001300037" lon="14.535100031644106">
        <ele>610.7</ele>
      </trkpt>
      <trkpt lat="37.65707002021372" lon="14.535119896754622">
        <ele>610.69</ele>
      </trkpt>
      <trkpt lat="37.65710002742708" lon="14.535139929503202">
        <ele>610.69</ele>
      </trkpt>
      <trkpt lat="37.657140009105206" lon="14.535170020535588">
        <ele>610.7</ele>
      </trkpt>
      <trkpt lat="37.657160041853786" lon="14.53517991118133">
        <ele>610.72</ele>
      </trkpt>
      <trkpt lat="37.65719993971288" lon="14.53519994392991">
        <ele>610.76</ele>
      </trkpt>
      <trkpt lat="37.65720999799669" lon="14.53519994392991">
        <ele>610.81</ele>
      </trkpt>
      <trkpt lat="37.65723003074527" lon="14.535210002213717">
        <ele>610.87</ele>
      </trkpt>
      <trkpt lat="37.657249979674816" lon="14.53521997667849">
        <ele>610.95</ele>
      </trkpt>
      <trkpt lat="37.65726984478533" lon="14.53521997667849">
        <ele>611.04</ele>
      </trkpt>
      <trkpt lat="37.65728987753391" lon="14.53521997667849">
        <ele>611.13</ele>
      </trkpt>
      <trkpt lat="37.65730001963675" lon="14.53521997667849">
        <ele>611.24</ele>
      </trkpt>
      <trkpt lat="37.6573199685663" lon="14.53521997667849">
        <ele>611.36</ele>
      </trkpt>
      <trkpt lat="37.65732994303107" lon="14.53521997667849">
        <ele>611.49</ele>
      </trkpt>
      <trkpt lat="37.65734997577965" lon="14.53521997667849">
        <ele>611.63</ele>
      </trkpt>
      <trkpt lat="37.65736003406346" lon="14.535210002213717">
        <ele>611.79</ele>
      </trkpt>
      <trkpt lat="37.65737000852823" lon="14.535210002213717">
        <ele>611.96</ele>
      </trkpt>
      <trkpt lat="37.65737000852823" lon="14.53519994392991">
        <ele>612.15</ele>
      </trkpt>
      <trkpt lat="37.65737998299301" lon="14.53519994392991">
        <ele>612.35</ele>
      </trkpt>
      <trkpt lat="37.65739004127681" lon="14.535189969465137">
        <ele>612.55</ele>
      </trkpt>
      <trkpt lat="37.65740001574159" lon="14.535170020535588">
        <ele>612.77</ele>
      </trkpt>
      <trkpt lat="37.65740999020636" lon="14.535149987787008">
        <ele>613.0</ele>
      </trkpt>
      <trkpt lat="37.6574198808521" lon="14.53511000610888">
        <ele>613.25</ele>
      </trkpt>
      <trkpt lat="37.65743991360068" lon="14.53506994061172">
        <ele>613.51</ele>
      </trkpt>
      <trkpt lat="37.65744997188449" lon="14.53502987511456">
        <ele>613.77</ele>
      </trkpt>
      <trkpt lat="37.65745994634926" lon="14.535009926185012">
        <ele>614.02</ele>
      </trkpt>
      <trkpt lat="37.65747000463307" lon="14.534970028325915">
        <ele>614.28</ele>
      </trkpt>
      <trkpt lat="37.65747000463307" lon="14.53495997004211">
        <ele>614.53</ele>
      </trkpt>
      <trkpt lat="37.65750001184642" lon="14.534709937870502">
        <ele>614.74</ele>
      </trkpt>
      <trkpt lat="37.65751996077597" lon="14.534459989517927">
        <ele>614.97</ele>
      </trkpt>
      <trkpt lat="37.65755985863507" lon="14.534199982881546">
        <ele>615.3</ele>
      </trkpt>
      <trkpt lat="37.657570000737906" lon="14.534019939601421">
        <ele>615.63</ele>
      </trkpt>
      <trkpt lat="37.65757997520268" lon="14.533959925174713">
        <ele>615.89</ele>
      </trkpt>
      <trkpt lat="37.657590033486485" lon="14.533899994567037">
        <ele>616.14</ele>
      </trkpt>
      <trkpt lat="37.65760000795126" lon="14.533860012888908">
        <ele>616.35</ele>
      </trkpt>
      <trkpt lat="37.65762004069984" lon="14.533809889107943">
        <ele>616.55</ele>
      </trkpt>
      <trkpt lat="37.65763998962939" lon="14.53375993296504">
        <ele>616.73</ele>
      </trkpt>
      <trkpt lat="37.65766002237797" lon="14.533709976822138">
        <ele>616.89</ele>
      </trkpt>
      <trkpt lat="37.65769002959132" lon="14.53364996239543">
        <ele>617.05</ele>
      </trkpt>
      <trkpt lat="37.657749960199" lon="14.533529933542013">
        <ele>617.18</ele>
      </trkpt>
      <trkpt lat="37.65777996741235" lon="14.533449970185757">
        <ele>617.26</ele>
      </trkpt>
      <trkpt lat="37.65779002569616" lon="14.53343991190195">
        <ele>617.36</ele>
      </trkpt>
      <trkpt lat="37.65782003290951" lon="14.533379897475243">
        <ele>617.41</ele>
      </trkpt>
      <trkpt lat="37.65786001458764" lon="14.533300017938018">
        <ele>617.43</ele>
      </trkpt>
      <trkpt lat="37.65786990523338" lon="14.53328987583518">
        <ele>617.48</ele>
      </trkpt>
      <trkpt lat="37.65787996351719" lon="14.533279985189438">
        <ele>617.51</ele>
      </trkpt>
      <trkpt lat="37.65788993798196" lon="14.533279985189438">
        <ele>617.52</ele>
      </trkpt>
      <trkpt lat="37.65789999626577" lon="14.533279985189438">
        <ele>617.51</ele>
      </trkpt>
      <trkpt lat="37.65790997073054" lon="14.533279985189438">
        <ele>617.49</ele>
      </trkpt>
      <trkpt lat="37.65792002901435" lon="14.533279985189438">
        <ele>617.46</ele>
      </trkpt>
      <trkpt lat="37.65793000347912" lon="14.533279985189438">
        <ele>617.41</ele>
      </trkpt>
      <trkpt lat="37.6579399779439" lon="14.533279985189438">
        <ele>617.34</ele>
      </trkpt>
      <trkpt lat="37.6579399779439" lon="14.53328987583518">
        <ele>617.27</ele>
      </trkpt>
      <trkpt lat="37.6579500362277" lon="14.53328987583518">
        <ele>617.17</ele>
      </trkpt>
      <trkpt lat="37.65796001069248" lon="14.533300017938018">
        <ele>617.06</ele>
      </trkpt>
      <trkpt lat="37.65796998515725" lon="14.53330990858376">
        <ele>616.93</ele>
      </trkpt>
      <trkpt lat="37.65796998515725" lon="14.533319966867566">
        <ele>616.8</ele>
      </trkpt>
      <trkpt lat="37.657979959622025" lon="14.53332994133234">
        <ele>616.64</ele>
      </trkpt>
      <trkpt lat="37.657979959622025" lon="14.533339999616146">
        <ele>616.47</ele>
      </trkpt>
      <trkpt lat="37.65799001790583" lon="14.53334997408092">
        <ele>616.27</ele>
      </trkpt>
      <trkpt lat="37.65799001790583" lon="14.5333700068295">
        <ele>616.07</ele>
      </trkpt>
      <trkpt lat="37.65799001790583" lon="14.533379897475243">
        <ele>615.85</ele>
      </trkpt>
      <trkpt lat="37.65799001790583" lon="14.533399930223823">
        <ele>615.6</ele>
      </trkpt>
      <trkpt lat="37.65799001790583" lon="14.533409988507628">
        <ele>615.34</ele>
      </trkpt>
      <trkpt lat="37.65796998515725" lon="14.53350001014769">
        <ele>615.08</ele>
      </trkpt>
      <trkpt lat="37.65796001069248" lon="14.533569915220141">
        <ele>614.8</ele>
      </trkpt>
      <trkpt lat="37.65793000347912" lon="14.533679885789752">
        <ele>614.52</ele>
      </trkpt>
      <trkpt lat="37.65790997073054" lon="14.53375993296504">
        <ele>614.17</ele>
      </trkpt>
      <trkpt lat="37.65788993798196" lon="14.533849954605103">
        <ele>613.77</ele>
      </trkpt>
      <trkpt lat="37.65786990523338" lon="14.533920027315617">
        <ele>613.35</ele>
      </trkpt>
      <trkpt lat="37.65786001458764" lon="14.533990016207099">
        <ele>612.87</ele>
      </trkpt>
      <trkpt lat="37.65785004012287" lon="14.534019939601421">
        <ele>612.39</ele>
      </trkpt>
      <trkpt lat="37.65785004012287" lon="14.534050030633807">
        <ele>611.87</ele>
      </trkpt>
      <trkpt lat="37.65785004012287" lon="14.534090012311935">
        <ele>611.31</ele>
      </trkpt>
      <trkpt lat="37.65785004012287" lon="14.534160001203418">
        <ele>610.71</ele>
      </trkpt>
      <trkpt lat="37.65785004012287" lon="14.53425002284348">
        <ele>610.09</ele>
      </trkpt>
      <trkpt lat="37.65785004012287" lon="14.534310037270188">
        <ele>609.46</ele>
      </trkpt>
      <trkpt lat="37.65785004012287" lon="14.53431992791593">
        <ele>608.82</ele>
      </trkpt>
      <trkpt lat="37.65786001458764" lon="14.53446988016367">
        <ele>608.1</ele>
      </trkpt>
      <trkpt lat="37.65786990523338" lon="14.534540036693215">
        <ele>607.4</ele>
      </trkpt>
      <trkpt lat="37.65786990523338" lon="14.534579934552312">
        <ele>606.69</ele>
      </trkpt>
      <trkpt lat="37.65786990523338" lon="14.534629974514246">
        <ele>605.97</ele>
      </trkpt>
      <trkpt lat="37.65786990523338" lon="14.534670040011406">
        <ele>605.21</ele>
      </trkpt>
      <trkpt lat="37.65786990523338" lon="14.534709937870502">
        <ele>604.43</ele>
      </trkpt>
      <trkpt lat="37.65786990523338" lon="14.53474991954863">
        <ele>603.63</ele>
      </trkpt>
      <trkpt lat="37.65786990523338" lon="14.534759977832437">
        <ele>602.79</ele>
      </trkpt>
      <trkpt lat="37.65786001458764" lon="14.53481001779437">
        <ele>601.95</ele>
      </trkpt>
      <trkpt lat="37.65785004012287" lon="14.534910013899207">
        <ele>601.06</ele>
      </trkpt>
      <trkpt lat="37.65783998183906" lon="14.53498000279069">
        <ele>600.16</ele>
      </trkpt>
      <trkpt lat="37.6577999163419" lon="14.535190388560295">
        <ele>599.19</ele>
      </trkpt>
      <trkpt lat="37.65775993466377" lon="14.535400019958615">
        <ele>598.16</ele>
      </trkpt>
      <trkpt lat="37.657700004056096" lon="14.535730015486479">
        <ele>597.04</ele>
      </trkpt>
      <trkpt lat="37.65766999684274" lon="14.53590989112854">
        <ele>596.01</ele>
      </trkpt>
      <trkpt lat="37.65764988027513" lon="14.535999912768602">
        <ele>595.03</ele>
      </trkpt>
      <trkpt lat="37.65763998962939" lon="14.536069985479116">
        <ele>594.03</ele>
      </trkpt>
      <trkpt lat="37.65762004069984" lon="14.536149948835373">
        <ele>593.03</ele>
      </trkpt>
      <trkpt lat="37.65760000795126" lon="14.53620987944305">
        <ele>592.05</ele>
      </trkpt>
      <trkpt lat="37.65757997520268" lon="14.536260003224015">
        <ele>591.07</ele>
      </trkpt>
      <trkpt lat="37.657549967989326" lon="14.536309959366918">
        <ele>590.1</ele>
      </trkpt>
      <trkpt lat="37.65751996077597" lon="14.5363799482584">
        <ele>589.13</ele>
      </trkpt>
      <trkpt lat="37.65749003738165" lon="14.536410039290786">
        <ele>588.18</ele>
      </trkpt>
      <trkpt lat="37.65745994634926" lon="14.536459995433688">
        <ele>587.22</ele>
      </trkpt>
      <trkpt lat="37.65743002295494" lon="14.536480028182268">
        <ele>586.29</ele>
      </trkpt>
      <trkpt lat="37.65740001574159" lon="14.53650995157659">
        <ele>585.37</ele>
      </trkpt>
      <trkpt lat="37.65730001963675" lon="14.536559907719493">
        <ele>584.46</ele>
      </trkpt>
      <trkpt lat="37.65711000189185" lon="14.536650013178587">
        <ele>583.52</ele>
      </trkpt>
      <trkpt lat="37.65691000968218" lon="14.536729892715812">
        <ele>582.6</ele>
      </trkpt>
      <trkpt lat="37.65684999525547" lon="14.536749925464392">
        <ele>581.72</ele>
      </trkpt>
      <trkpt lat="37.65681001357734" lon="14.536759983748198">
        <ele>580.87</ele>
      </trkpt>
      <trkpt lat="37.65678998082876" lon="14.53676987439394">
        <ele>580.03</ele>
      </trkpt>
      <trkpt lat="37.656689984723926" lon="14.53678990714252">
        <ele>579.19</ele>
      </trkpt>
      <trkpt lat="37.65661991201341" lon="14.53678990714252">
        <ele>578.37</ele>
      </trkpt>
      <trkpt lat="37.65651002526283" lon="14.536799965426326">
        <ele>577.56</ele>
      </trkpt>
      <trkpt lat="37.656369963660836" lon="14.536799965426326">
        <ele>576.75</ele>
      </trkpt>
      <trkpt lat="37.65625001862645" lon="14.5368099398911">
        <ele>575.94</ele>
      </trkpt>
      <trkpt lat="37.65619997866452" lon="14.5368099398911">
        <ele>575.2</ele>
      </trkpt>
      <trkpt lat="37.656129989773035" lon="14.536819998174906">
        <ele>574.45</ele>
      </trkpt>
      <trkpt lat="37.65609000809491" lon="14.536819998174906">
        <ele>573.72</ele>
      </trkpt>
      <trkpt lat="37.65605991706252" lon="14.53682997263968">
        <ele>573.02</ele>
      </trkpt>
      <trkpt lat="37.65603996813297" lon="14.536840030923486">
        <ele>572.35</ele>
      </trkpt>
      <trkpt lat="37.65601993538439" lon="14.53685000538826">
        <ele>571.71</ele>
      </trkpt>
      <trkpt lat="37.65600996091962" lon="14.536859896034002">
        <ele>571.1</ele>
      </trkpt>
      <trkpt lat="37.65599001199007" lon="14.53687003813684">
        <ele>570.5</ele>
      </trkpt>
      <trkpt lat="37.655980037525296" lon="14.536879928782582">
        <ele>569.93</ele>
      </trkpt>
      <trkpt lat="37.65596997924149" lon="14.53689987771213">
        <ele>569.38</ele>
      </trkpt>
      <trkpt lat="37.655960004776716" lon="14.536929968744516">
        <ele>568.85</ele>
      </trkpt>
      <trkpt lat="37.655960004776716" lon="14.53695997595787">
        <ele>568.34</ele>
      </trkpt>
      <trkpt lat="37.65595003031194" lon="14.53698000870645">
        <ele>567.84</ele>
      </trkpt>
      <trkpt lat="37.65595003031194" lon="14.537029881030321">
        <ele>567.34</ele>
      </trkpt>
      <trkpt lat="37.65596997924149" lon="14.537100037559867">
        <ele>566.89</ele>
      </trkpt>
      <trkpt lat="37.65599990263581" lon="14.537140019237995">
        <ele>566.47</ele>
      </trkpt>
      <trkpt lat="37.65601993538439" lon="14.537159884348512">
        <ele>566.05</ele>
      </trkpt>
      <trkpt lat="37.65603996813297" lon="14.537179917097092">
        <ele>565.65</ele>
      </trkpt>
      <trkpt lat="37.65606997534633" lon="14.537210008129478">
        <ele>565.27</ele>
      </trkpt>
      <trkpt lat="37.65608003363013" lon="14.537210008129478">
        <ele>564.89</ele>
      </trkpt>
      <trkpt lat="37.65611004084349" lon="14.5372399315238">
        <ele>564.53</ele>
      </trkpt>
      <trkpt lat="37.656329814344645" lon="14.537419807165861">
        <ele>564.08</ele>
      </trkpt>
      <trkpt lat="37.6565495878458" lon="14.53759959898889">
        <ele>563.65</ele>
      </trkpt>
      <trkpt lat="37.65676994808018" lon="14.53777989372611">
        <ele>563.25</ele>
      </trkpt>
      <trkpt lat="37.65682996250689" lon="14.537830017507076">
        <ele>562.91</ele>
      </trkpt>
      <trkpt lat="37.6569898892194" lon="14.537979969754815">
        <ele>562.54</ele>
      </trkpt>
      <trkpt lat="37.65726003795862" lon="14.538179961964488">
        <ele>562.18</ele>
      </trkpt>
      <trkpt lat="37.65734000131488" lon="14.538239976391196">
        <ele>561.88</ele>
      </trkpt>
      <trkpt lat="37.65744460746646" lon="14.538313653320074">
        <ele>561.58</ele>
      </trkpt>
      <trkpt lat="37.657502023503184" lon="14.538379786536098">
        <ele>561.29</ele>
      </trkpt>
      <trkpt lat="37.65755801461637" lon="14.53842731192708">
        <ele>561.01</ele>
      </trkpt>
      <trkpt lat="37.65766303986311" lon="14.538354305550456">
        <ele>560.8</ele>
      </trkpt>
      <trkpt lat="37.65776379033923" lon="14.538256907835603">
        <ele>560.6</ele>
      </trkpt>
      <trkpt lat="37.65780276618898" lon="14.538199743255973">
        <ele>560.35</ele>
      </trkpt>
      <trkpt lat="37.65780997462571" lon="14.538150038570166">
        <ele>560.1</ele>
      </trkpt>
      <trkpt lat="37.65783998183906" lon="14.538109973073006">
        <ele>559.84</ele>
      </trkpt>
      <trkpt lat="37.657979875802994" lon="14.537939988076687">
        <ele>559.64</ele>
      </trkpt>
      <trkpt lat="37.65811993740499" lon="14.537770003080368">
        <ele>559.37</ele>
      </trkpt>
      <trkpt lat="37.65825002454221" lon="14.537609908729792">
        <ele>559.1</ele>
      </trkpt>
      <trkpt lat="37.65835002064705" lon="14.537449982017279">
        <ele>558.78</ele>
      </trkpt>
      <trkpt lat="37.65843995846808" lon="14.537329953163862">
        <ele>558.44</ele>
      </trkpt>
      <trkpt lat="37.65856996178627" lon="14.537159884348512">
        <ele>558.05</ele>
      </trkpt>
      <trkpt lat="37.658580020070076" lon="14.537140019237995">
        <ele>557.73</ele>
      </trkpt>
      <trkpt lat="37.65878001227975" lon="14.53691991046071">
        <ele>557.37</ele>
      </trkpt>
      <trkpt lat="37.658880008384585" lon="14.53682997263968">
        <ele>557.02</ele>
      </trkpt>
      <trkpt lat="37.65900489874184" lon="14.536695023998618">
        <ele>556.63</ele>
      </trkpt>
      <trkpt lat="37.65913004055619" lon="14.536559907719493">
        <ele>556.19</ele>
      </trkpt>
      <trkpt lat="37.65936993062496" lon="14.536319933831692">
        <ele>555.71</ele>
      </trkpt>
      <trkpt lat="37.65947001054883" lon="14.53620987944305">
        <ele>555.34</ele>
      </trkpt>
      <trkpt lat="37.65954997390509" lon="14.536139974370599">
        <ele>554.98</ele>
      </trkpt>
      <trkpt lat="37.65957998111844" lon="14.53612002544105">
        <ele>554.61</ele>
      </trkpt>
      <trkpt lat="37.65966002829373" lon="14.536069985479116">
        <ele>554.25</ele>
      </trkpt>
      <trkpt lat="37.65974996611476" lon="14.536009971052408">
        <ele>553.87</ele>
      </trkpt>
      <trkpt lat="37.6598600205034" lon="14.53592992387712">
        <ele>553.48</ele>
      </trkpt>
      <trkpt lat="37.65992992557585" lon="14.53586001880467">
        <ele>553.07</ele>
      </trkpt>
      <trkpt lat="37.65999002382159" lon="14.535769997164607">
        <ele>552.67</ele>
      </trkpt>
      <trkpt lat="37.6600500382483" lon="14.53564996831119">
        <ele>552.29</ele>
      </trkpt>
      <trkpt lat="37.66017987392843" lon="14.53538996167481">
        <ele>551.89</ele>
      </trkpt>
      <trkpt lat="37.66032999381423" lon="14.53517991118133">
        <ele>551.47</ele>
      </trkpt>
      <trkpt lat="37.66035002656281" lon="14.535149987787008">
        <ele>551.09</ele>
      </trkpt>
      <trkpt lat="37.66043996438384" lon="14.535079998895526">
        <ele>550.68</ele>
      </trkpt>
      <trkpt lat="37.66048992052674" lon="14.535079998895526">
        <ele>550.3</ele>
      </trkpt>
      <trkpt lat="37.6605299860239" lon="14.5350899733603">
        <ele>549.91</ele>
      </trkpt>
      <trkpt lat="37.660559909418225" lon="14.535119896754622">
        <ele>549.53</ele>
      </trkpt>
      <trkpt lat="37.66056996770203" lon="14.535139929503202">
        <ele>549.16</ele>
      </trkpt>
      <trkpt lat="37.66059000045061" lon="14.53515987843275">
        <ele>548.78</ele>
      </trkpt>
      <trkpt lat="37.66059000045061" lon="14.53517991118133">
        <ele>548.42</ele>
      </trkpt>
      <trkpt lat="37.660599974915385" lon="14.53519994392991">
        <ele>548.06</ele>
      </trkpt>
      <trkpt lat="37.66061003319919" lon="14.535259958356619">
        <ele>547.68</ele>
      </trkpt>
      <trkpt lat="37.66061003319919" lon="14.535309914499521">
        <ele>547.32</ele>
      </trkpt>
      <trkpt lat="37.660599974915385" lon="14.535360038280487">
        <ele>546.97</ele>
      </trkpt>
      <trkpt lat="37.66058002598584" lon="14.53543002717197">
        <ele>546.62</ele>
      </trkpt>
      <trkpt lat="37.66050995327532" lon="14.535579979419708">
        <ele>546.3</ele>
      </trkpt>
      <trkpt lat="37.66039998270571" lon="14.53579992055893">
        <ele>545.98</ele>
      </trkpt>
      <trkpt lat="37.66035002656281" lon="14.535889942198992">
        <ele>545.61</ele>
      </trkpt>
      <trkpt lat="37.66028003767133" lon="14.53605992719531">
        <ele>545.23</ele>
      </trkpt>
      <trkpt lat="37.66020996496081" lon="14.536239970475435">
        <ele>544.88</ele>
      </trkpt>
      <trkpt lat="37.660169983282685" lon="14.536329992115498">
        <ele>544.49</ele>
      </trkpt>
      <trkpt lat="37.66010996885598" lon="14.53648991882801">
        <ele>544.07</ele>
      </trkpt>
      <trkpt lat="37.6600500382483" lon="14.536669962108135">
        <ele>543.65</ele>
      </trkpt>
      <trkpt lat="37.66000997275114" lon="14.536759983748198">
        <ele>543.23</ele>
      </trkpt>
      <trkpt lat="37.65999002382159" lon="14.53682997263968">
        <ele>542.79</ele>
      </trkpt>
      <trkpt lat="37.65999002382159" lon="14.536879928782582">
        <ele>542.35</ele>
      </trkpt>
      <trkpt lat="37.65997996553779" lon="14.53693994320929">
        <ele>541.88</ele>
      </trkpt>
      <trkpt lat="37.65997996553779" lon="14.53698000870645">
        <ele>541.42</ele>
      </trkpt>
      <trkpt lat="37.6599998306483" lon="14.53708989545703">
        <ele>540.93</ele>
      </trkpt>
      <trkpt lat="37.660020031034946" lon="14.537179917097092">
        <ele>540.43</ele>
      </trkpt>
      <trkpt lat="37.66013997606933" lon="14.537400025874376">
        <ele>539.86</ele>
      </trkpt>
      <trkpt lat="37.66017987392843" lon="14.53738996759057">
        <ele>539.32</ele>
      </trkpt>
      <trkpt lat="37.66020996496081" lon="14.537379993125796">
        <ele>538.77</ele>
      </trkpt>
      <trkpt lat="37.66026000492275" lon="14.53736993484199">
        <ele>538.21</ele>
      </trkpt>
      <trkpt lat="37.66033988445997" lon="14.53734990209341">
        <ele>537.61</ele>
      </trkpt>
      <trkpt lat="37.66035991720855" lon="14.537340011447668">
        <ele>537.02</ele>
      </trkpt>
      <trkpt lat="37.66039998270571" lon="14.537329953163862">
        <ele>536.4</ele>
      </trkpt>
      <trkpt lat="37.66041004098952" lon="14.537329953163862">
        <ele>535.8</ele>
      </trkpt>
      <trkpt lat="37.660429989919066" lon="14.537329953163862">
        <ele>535.17</ele>
      </trkpt>
      <trkpt lat="37.66046988777816" lon="14.537319978699088">
        <ele>534.52</ele>
      </trkpt>
      <trkpt lat="37.66048992052674" lon="14.537309920415282">
        <ele>533.87</ele>
      </trkpt>
      <trkpt lat="37.66052001155913" lon="14.537309920415282">
        <ele>533.2</ele>
      </trkpt>
      <trkpt lat="37.660559909418225" lon="14.53730002976954">
        <ele>532.51</ele>
      </trkpt>
      <trkpt lat="37.66059000045061" lon="14.537289887666702">
        <ele>531.82</ele>
      </trkpt>
      <trkpt lat="37.660640040412545" lon="14.53727999702096">
        <ele>531.1</ele>
      </trkpt>
      <trkpt lat="37.66066996380687" lon="14.537289887666702">
        <ele>530.39</ele>
      </trkpt>
      <trkpt lat="37.66068002209067" lon="14.537289887666702">
        <ele>529.67</ele>
      </trkpt>
      <trkpt lat="37.66073986887932" lon="14.53730002976954">
        <ele>528.91</ele>
      </trkpt>
      <trkpt lat="37.66078990884125" lon="14.53730002976954">
        <ele>528.15</ele>
      </trkpt>
      <trkpt lat="37.66085000708699" lon="14.53730002976954">
        <ele>527.37</ele>
      </trkpt>
      <trkpt lat="37.66087003983557" lon="14.53730002976954">
        <ele>526.61</ele>
      </trkpt>
      <trkpt lat="37.66093986108899" lon="14.537309920415282">
        <ele>525.82</ele>
      </trkpt>
      <trkpt lat="37.66098001040518" lon="14.537309920415282">
        <ele>525.03</ele>
      </trkpt>
      <trkpt lat="37.66101999208331" lon="14.537309920415282">
        <ele>524.23</ele>
      </trkpt>
      <trkpt lat="37.66105997376144" lon="14.537309920415282">
        <ele>523.43</ele>
      </trkpt>
      <trkpt lat="37.6611000392586" lon="14.53730002976954">
        <ele>522.62</ele>
      </trkpt>
      <trkpt lat="37.66114002093673" lon="14.537289887666702">
        <ele>521.8</ele>
      </trkpt>
      <trkpt lat="37.661180002614856" lon="14.537289887666702">
        <ele>520.98</ele>
      </trkpt>
      <trkpt lat="37.66122995875776" lon="14.53727999702096">
        <ele>520.14</ele>
      </trkpt>
      <trkpt lat="37.66127002425492" lon="14.537270022556186">
        <ele>519.3</ele>
      </trkpt>
      <trkpt lat="37.66131998039782" lon="14.53725996427238">
        <ele>518.46</ele>
      </trkpt>
      <trkpt lat="37.66136993654072" lon="14.537249989807606">
        <ele>517.61</ele>
      </trkpt>
      <trkpt lat="37.66140002757311" lon="14.5372399315238">
        <ele>516.77</ele>
      </trkpt>
      <trkpt lat="37.66141997650266" lon="14.537230040878057">
        <ele>515.94</ele>
      </trkpt>
      <trkpt lat="37.66144998371601" lon="14.537230040878057">
        <ele>515.1</ele>
      </trkpt>
      <trkpt lat="37.66154000535607" lon="14.53721989877522">
        <ele>514.21</ele>
      </trkpt>
      <trkpt lat="37.66156003810465" lon="14.53721989877522">
        <ele>513.38</ele>
      </trkpt>
      <trkpt lat="37.661630026996136" lon="14.537210008129478">
        <ele>512.52</ele>
      </trkpt>
      <trkpt lat="37.661679899320006" lon="14.537210008129478">
        <ele>511.67</ele>
      </trkpt>
      <trkpt lat="37.661719964817166" lon="14.537199949845672">
        <ele>510.84</ele>
      </trkpt>
      <trkpt lat="37.661739997565746" lon="14.537199949845672">
        <ele>510.03</ele>
      </trkpt>
      <trkpt lat="37.6617700047791" lon="14.537199949845672">
        <ele>509.22</ele>
      </trkpt>
      <trkpt lat="37.66184996813536" lon="14.537210008129478">
        <ele>508.4</ele>
      </trkpt>
      <trkpt lat="37.66189003363252" lon="14.537210008129478">
        <ele>507.6</ele>
      </trkpt>
      <trkpt lat="37.66192004084587" lon="14.53721989877522">
        <ele>506.83</ele>
      </trkpt>
      <trkpt lat="37.66194996424019" lon="14.53721989877522">
        <ele>506.06</ele>
      </trkpt>
      <trkpt lat="37.66199002973735" lon="14.5372399315238">
        <ele>505.3</ele>
      </trkpt>
      <trkpt lat="37.66203001141548" lon="14.537249989807606">
        <ele>504.56</ele>
      </trkpt>
      <trkpt lat="37.66206999309361" lon="14.537270022556186">
        <ele>503.82</ele>
      </trkpt>
      <trkpt lat="37.66210997477174" lon="14.537289887666702">
        <ele>503.11</ele>
      </trkpt>
      <trkpt lat="37.66213998198509" lon="14.53730002976954">
        <ele>502.41</ele>
      </trkpt>
      <trkpt lat="37.662169989198446" lon="14.537309920415282">
        <ele>501.73</ele>
      </trkpt>
      <trkpt lat="37.66222002916038" lon="14.537340011447668">
        <ele>501.05</ele>
      </trkpt>
      <trkpt lat="37.66226001083851" lon="14.537359960377216">
        <ele>500.39</ele>
      </trkpt>
      <trkpt lat="37.66232002526522" lon="14.537379993125796">
        <ele>499.74</ele>
      </trkpt>
      <trkpt lat="37.662360006943345" lon="14.537400025874376">
        <ele>499.11</ele>
      </trkpt>
      <trkpt lat="37.66240996308625" lon="14.53743003308773">
        <ele>498.49</ele>
      </trkpt>
      <trkpt lat="37.66242999583483" lon="14.537439923733473">
        <ele>497.9</ele>
      </trkpt>
      <trkpt lat="37.66242999583483" lon="14.537449982017279">
        <ele>497.35</ele>
      </trkpt>
      <trkpt lat="37.662469977512956" lon="14.537470014765859">
        <ele>496.79</ele>
      </trkpt>
      <trkpt lat="37.66253996640444" lon="14.537459956482053">
        <ele>496.24</ele>
      </trkpt>
      <trkpt lat="37.662599980831146" lon="14.537419890984893">
        <ele>495.72</ele>
      </trkpt>
      <trkpt lat="37.6626299880445" lon="14.53734990209341">
        <ele>495.24</ele>
      </trkpt>
      <trkpt lat="37.66265991143882" lon="14.5372399315238">
        <ele>494.78</ele>
      </trkpt>
      <trkpt lat="37.6626799441874" lon="14.537179917097092">
        <ele>494.32</ele>
      </trkpt>
      <trkpt lat="37.66269000247121" lon="14.537100037559867">
        <ele>493.91</ele>
      </trkpt>
      <trkpt lat="37.66271003521979" lon="14.536989899352193">
        <ele>493.5</ele>
      </trkpt>
      <trkpt lat="37.66272998414934" lon="14.536879928782582">
        <ele>493.08</ele>
      </trkpt>
      <trkpt lat="37.66275001689792" lon="14.53678990714252">
        <ele>492.69</ele>
      </trkpt>
      <trkpt lat="37.66275001689792" lon="14.536780016496778">
        <ele>492.34</ele>
      </trkpt>
      <trkpt lat="37.662769965827465" lon="14.53672000207007">
        <ele>491.98</ele>
      </trkpt>
      <trkpt lat="37.66279997304082" lon="14.536669962108135">
        <ele>491.64</ele>
      </trkpt>
      <trkpt lat="37.66285001300275" lon="14.536579940468073">
        <ele>491.31</ele>
      </trkpt>
      <trkpt lat="37.66285001300275" lon="14.536569966003299">
        <ele>491.03</ele>
      </trkpt>
      <trkpt lat="37.662920001894236" lon="14.53646988607943">
        <ele>490.73</ele>
      </trkpt>
      <trkpt lat="37.66297004185617" lon="14.536390006542206">
        <ele>490.46</ele>
      </trkpt>
      <trkpt lat="37.66299988143146" lon="14.536350024864078">
        <ele>490.22</ele>
      </trkpt>
      <trkpt lat="37.66304003074765" lon="14.53626997768879">
        <ele>489.99</ele>
      </trkpt>
      <trkpt lat="37.663050005212426" lon="14.536220021545887">
        <ele>489.78</ele>
      </trkpt>
      <trkpt lat="37.663070037961006" lon="14.536149948835373">
        <ele>489.59</ele>
      </trkpt>
      <trkpt lat="37.66308001242578" lon="14.53612002544105">
        <ele>489.42</ele>
      </trkpt>
      <trkpt lat="37.66308001242578" lon="14.536090018227696">
        <ele>489.26</ele>
      </trkpt>
      <trkpt lat="37.663070037961006" lon="14.536009971052408">
        <ele>489.11</ele>
      </trkpt>
      <trkpt lat="37.663070037961006" lon="14.53599002212286">
        <ele>488.98</ele>
      </trkpt>
      <trkpt lat="37.663050005212426" lon="14.53592992387712">
        <ele>488.86</ele>
      </trkpt>
      <trkpt lat="37.66304003074765" lon="14.53583998605609">
        <ele>488.75</ele>
      </trkpt>
      <trkpt lat="37.66301999799907" lon="14.535769997164607">
        <ele>488.64</ele>
      </trkpt>
      <trkpt lat="37.66298999078572" lon="14.535699924454093">
        <ele>488.54</ele>
      </trkpt>
      <trkpt lat="37.662940034642816" lon="14.535589953884482">
        <ele>488.45</ele>
      </trkpt>
      <trkpt lat="37.66288999468088" lon="14.535470008850098">
        <ele>488.36</ele>
      </trkpt>
      <trkpt lat="37.6628699619323" lon="14.53540999442339">
        <ele>488.28</ele>
      </trkpt>
      <trkpt lat="37.66285001300275" lon="14.535340005531907">
        <ele>488.19</ele>
      </trkpt>
      <trkpt lat="37.66282998025417" lon="14.535259958356619">
        <ele>488.1</ele>
      </trkpt>
      <trkpt lat="37.6628200057894" lon="14.53517991118133">
        <ele>488.01</ele>
      </trkpt>
      <trkpt lat="37.6628200057894" lon="14.535149987787008">
        <ele>487.93</ele>
      </trkpt>
      <trkpt lat="37.6628200057894" lon="14.53504990786314">
        <ele>487.83</ele>
      </trkpt>
      <trkpt lat="37.6628200057894" lon="14.53495997004211">
        <ele>487.74</ele>
      </trkpt>
      <trkpt lat="37.6628200057894" lon="14.534879922866821">
        <ele>487.67</ele>
      </trkpt>
      <trkpt lat="37.66282998025417" lon="14.534829966723919">
        <ele>487.58</ele>
      </trkpt>
      <trkpt lat="37.66284003853798" lon="14.534799875691533">
        <ele>487.48</ele>
      </trkpt>
      <trkpt lat="37.6628699619323" lon="14.534740028902888">
        <ele>487.37</ele>
      </trkpt>
      <trkpt lat="37.6629098597914" lon="14.534699963405728">
        <ele>487.26</ele>
      </trkpt>
      <trkpt lat="37.662940034642816" lon="14.53468001447618">
        <ele>487.13</ele>
      </trkpt>
      <trkpt lat="37.66297993250191" lon="14.534670040011406">
        <ele>486.98</ele>
      </trkpt>
      <trkpt lat="37.66299988143146" lon="14.5346599817276">
        <ele>486.83</ele>
      </trkpt>
      <trkpt lat="37.663050005212426" lon="14.534650007262826">
        <ele>486.64</ele>
      </trkpt>
      <trkpt lat="37.66308001242578" lon="14.534650007262826">
        <ele>486.45</ele>
      </trkpt>
      <trkpt lat="37.66312996856868" lon="14.5346599817276">
        <ele>486.22</ele>
      </trkpt>
      <trkpt lat="37.66315997578204" lon="14.534670040011406">
        <ele>485.99</ele>
      </trkpt>
      <trkpt lat="37.6632000412792" lon="14.534670040011406">
        <ele>485.74</ele>
      </trkpt>
      <trkpt lat="37.6632499974221" lon="14.53468001447618">
        <ele>485.46</ele>
      </trkpt>
      <trkpt lat="37.66328000463545" lon="14.534689905121922">
        <ele>485.17</ele>
      </trkpt>
      <trkpt lat="37.66331998631358" lon="14.534689905121922">
        <ele>484.86</ele>
      </trkpt>
      <trkpt lat="37.66335996799171" lon="14.534699963405728">
        <ele>484.52</ele>
      </trkpt>
      <trkpt lat="37.66340003348887" lon="14.534699963405728">
        <ele>484.17</ele>
      </trkpt>
      <trkpt lat="37.66342995688319" lon="14.534699963405728">
        <ele>483.8</ele>
      </trkpt>
      <trkpt lat="37.66346993856132" lon="14.534709937870502">
        <ele>483.4</ele>
      </trkpt>
      <trkpt lat="37.66351000405848" lon="14.534709937870502">
        <ele>482.98</ele>
      </trkpt>
      <trkpt lat="37.66357001848519" lon="14.534709937870502">
        <ele>482.53</ele>
      </trkpt>
      <trkpt lat="37.66361997462809" lon="14.534709937870502">
        <ele>482.06</ele>
      </trkpt>
      <trkpt lat="37.66366004012525" lon="14.534709937870502">
        <ele>481.57</ele>
      </trkpt>
      <trkpt lat="37.66370002180338" lon="14.534709937870502">
        <ele>481.05</ele>
      </trkpt>
      <trkpt lat="37.66376003623009" lon="14.534709937870502">
        <ele>480.49</ele>
      </trkpt>
      <trkpt lat="37.66377001069486" lon="14.534709937870502">
        <ele>479.93</ele>
      </trkpt>
      <trkpt lat="37.66383991576731" lon="14.534699963405728">
        <ele>479.33</ele>
      </trkpt>
      <trkpt lat="37.66400001011789" lon="14.534689905121922">
        <ele>478.69</ele>
      </trkpt>
      <trkpt lat="37.66406999900937" lon="14.53468001447618">
        <ele>478.06</ele>
      </trkpt>
      <trkpt lat="37.664209976792336" lon="14.534689905121922">
        <ele>477.38</ele>
      </trkpt>
      <trkpt lat="37.66424987465143" lon="14.534709937870502">
        <ele>476.69</ele>
      </trkpt>
      <trkpt lat="37.6642999984324" lon="14.534740028902888">
        <ele>475.98</ele>
      </trkpt>
      <trkpt lat="37.66445003449917" lon="14.534829966723919">
        <ele>475.2</ele>
      </trkpt>
      <trkpt lat="37.66462999396026" lon="14.534899955615401">
        <ele>474.35</ele>
      </trkpt>
      <trkpt lat="37.66482001170516" lon="14.534929962828755">
        <ele>473.5</ele>
      </trkpt>
      <trkpt lat="37.66487977467477" lon="14.53493993729353">
        <ele>472.72</ele>
      </trkpt>
      <trkpt lat="37.66504003666341" lon="14.53498000279069">
        <ele>471.89</ele>
      </trkpt>
      <trkpt lat="37.66512000001967" lon="14.535019984468818">
        <ele>471.08</ele>
      </trkpt>
      <trkpt lat="37.6651599816978" lon="14.53504990786314">
        <ele>470.27</ele>
      </trkpt>
      <trkpt lat="37.66516995616257" lon="14.53504990786314">
        <ele>469.47</ele>
      </trkpt>
      <trkpt lat="37.6652598939836" lon="14.53517991118133">
        <ele>468.61</ele>
      </trkpt>
      <trkpt lat="37.665414875373244" lon="14.535339921712875">
        <ele>467.74</ele>
      </trkpt>
      <trkpt lat="37.66557002440095" lon="14.53549993224442">
        <ele>466.86</ele>
      </trkpt>
      <trkpt lat="37.665670020505786" lon="14.535600012168288">
        <ele>466.01</ele>
      </trkpt>
      <trkpt lat="37.66570991836488" lon="14.53562993556261">
        <ele>465.19</ele>
      </trkpt>
      <trkpt lat="37.66586481593549" lon="14.535749880596995">
        <ele>464.35</ele>
      </trkpt>
      <trkpt lat="37.6660199649632" lon="14.535869909450412">
        <ele>463.52</ele>
      </trkpt>
      <trkpt lat="37.666100012138486" lon="14.53592992387712">
        <ele>462.69</ele>
      </trkpt>
      <trkpt lat="37.66613990999758" lon="14.535960014909506">
        <ele>461.87</ele>
      </trkpt>
      <trkpt lat="37.6662099827081" lon="14.53596998937428">
        <ele>461.06</ele>
      </trkpt>
      <trkpt lat="37.66636001877487" lon="14.53596998937428">
        <ele>460.24</ele>
      </trkpt>
      <trkpt lat="37.66657995991409" lon="14.53592992387712">
        <ele>459.37</ele>
      </trkpt>
      <trkpt lat="37.66679998487234" lon="14.535879967734218">
        <ele>458.53</ele>
      </trkpt>
      <trkpt lat="37.66689998097718" lon="14.53586001880467">
        <ele>457.75</ele>
      </trkpt>
      <trkpt lat="37.66699989326298" lon="14.535869909450412">
        <ele>456.94</ele>
      </trkpt>
      <trkpt lat="37.66712000593543" lon="14.535920033231378">
        <ele>456.09</ele>
      </trkpt>
      <trkpt lat="37.66721002757549" lon="14.5359499566257">
        <ele>455.27</ele>
      </trkpt>
      <trkpt lat="37.66722997650504" lon="14.535960014909506">
        <ele>454.49</ele>
      </trkpt>
      <trkpt lat="37.66732997260988" lon="14.535960014909506">
        <ele>453.71</ele>
      </trkpt>
      <trkpt lat="37.66744991764426" lon="14.535960014909506">
        <ele>452.92</ele>
      </trkpt>
      <trkpt lat="37.66751001589" lon="14.535939982160926">
        <ele>452.19</ele>
      </trkpt>
      <trkpt lat="37.667710008099675" lon="14.53586001880467">
        <ele>451.47</ele>
      </trkpt>
      <trkpt lat="37.66787965781987" lon="14.535785084590316">
        <ele>450.74</ele>
      </trkpt>
      <trkpt lat="37.66804997809231" lon="14.535709982737899">
        <ele>450.07</ele>
      </trkpt>
      <trkpt lat="37.66807998530567" lon="14.535699924454093">
        <ele>449.36</ele>
      </trkpt>
      <trkpt lat="37.668119966983795" lon="14.535699924454093">
        <ele>448.62</ele>
      </trkpt>
      <trkpt lat="37.6681799814105" lon="14.535709982737899">
        <ele>447.87</ele>
      </trkpt>
      <trkpt lat="37.66823999583721" lon="14.535739906132221">
        <ele>447.08</ele>
      </trkpt>
      <trkpt lat="37.66834988258779" lon="14.535830011591315">
        <ele>446.19</ele>
      </trkpt>
      <trkpt lat="37.66843001358211" lon="14.535889942198992">
        <ele>445.39</ele>
      </trkpt>
      <trkpt lat="37.668529925867915" lon="14.53592992387712">
        <ele>444.6</ele>
      </trkpt>
      <trkpt lat="37.668549958616495" lon="14.535939982160926">
        <ele>443.89</ele>
      </trkpt>
      <trkpt lat="37.66866001300514" lon="14.535960014909506">
        <ele>443.14</ele>
      </trkpt>
      <trkpt lat="37.668850030750036" lon="14.53592992387712">
        <ele>442.44</ele>
      </trkpt>
      <trkpt lat="37.66888992860913" lon="14.53592992387712">
        <ele>441.77</ele>
      </trkpt>
      <trkpt lat="37.66915454529226" lon="14.535810146480799">
        <ele>441.23</ele>
      </trkpt>
      <trkpt lat="37.6694200001657" lon="14.53569003380835">
        <ele>440.55</ele>
      </trkpt>
      <trkpt lat="37.66967003233731" lon="14.535509990528226">
        <ele>439.74</ele>
      </trkpt>
      <trkpt lat="37.669689981266856" lon="14.53549993224442">
        <ele>439.09</ele>
      </trkpt>
      <trkpt lat="37.669710014015436" lon="14.53547989949584">
        <ele>438.44</ele>
      </trkpt>
      <trkpt lat="37.66972987912595" lon="14.535439917817712">
        <ele>437.8</ele>
      </trkpt>
      <trkpt lat="37.66974002122879" lon="14.53540999442339">
        <ele>437.19</ele>
      </trkpt>
      <trkpt lat="37.66976994462311" lon="14.535319972783327">
        <ele>436.56</ele>
      </trkpt>
      <trkpt lat="37.66976994462311" lon="14.535149987787008">
        <ele>435.96</ele>
      </trkpt>
      <trkpt lat="37.6698000356555" lon="14.534899955615401">
        <ele>435.31</ele>
      </trkpt>
      <trkpt lat="37.66982995904982" lon="14.534670040011406">
        <ele>434.7</ele>
      </trkpt>
      <trkpt lat="37.66994998790324" lon="14.534369884058833">
        <ele>434.09</ele>
      </trkpt>
      <trkpt lat="37.67006004229188" lon="14.534174837172031">
        <ele>433.45</ele>
      </trkpt>
      <trkpt lat="37.67017001286149" lon="14.533979957923293">
        <ele>432.83</ele>
      </trkpt>
      <trkpt lat="37.670229859650135" lon="14.53388993628323">
        <ele>432.26</ele>
      </trkpt>
      <trkpt lat="37.670229859650135" lon="14.533879961818457">
        <ele>431.74</ele>
      </trkpt>
      <trkpt lat="37.67024997621775" lon="14.533839980140328">
        <ele>431.21</ele>
      </trkpt>
      <trkpt lat="37.67026003450155" lon="14.53377996571362">
        <ele>430.73</ele>
      </trkpt>
      <trkpt lat="37.67027000896633" lon="14.53373990021646">
        <ele>430.26</ele>
      </trkpt>
      <trkpt lat="37.67026003450155" lon="14.533699918538332">
        <ele>429.79</ele>
      </trkpt>
      <trkpt lat="37.67024997621775" lon="14.533660020679235">
        <ele>429.33</ele>
      </trkpt>
      <trkpt lat="37.670229859650135" lon="14.533620039001107">
        <ele>428.87</ele>
      </trkpt>
      <trkpt lat="37.67014998011291" lon="14.53347997739911">
        <ele>428.4</ele>
      </trkpt>
      <trkpt lat="37.6700899656862" lon="14.533379897475243">
        <ele>427.91</ele>
      </trkpt>
      <trkpt lat="37.67007999122143" lon="14.53334997408092">
        <ele>427.4</ele>
      </trkpt>
      <trkpt lat="37.67006993293762" lon="14.53330990858376">
        <ele>426.87</ele>
      </trkpt>
      <trkpt lat="37.67006993293762" lon="14.53328987583518">
        <ele>426.34</ele>
      </trkpt>
      <trkpt lat="37.67005995847285" lon="14.533279985189438">
        <ele>425.8</ele>
      </trkpt>
      <trkpt lat="37.67006993293762" lon="14.533209996297956">
        <ele>425.23</ele>
      </trkpt>
      <trkpt lat="37.6700899656862" lon="14.533119890838861">
        <ele>424.64</ele>
      </trkpt>
      <trkpt lat="37.670119972899556" lon="14.533059876412153">
        <ele>424.03</ele>
      </trkpt>
      <trkpt lat="37.67021996900439" lon="14.532869774848223">
        <ele>423.38</ele>
      </trkpt>
      <trkpt lat="37.6703198812902" lon="14.532680008560419">
        <ele>422.76</ele>
      </trkpt>
      <trkpt lat="37.670419961214066" lon="14.5325100235641">
        <ele>422.09</ele>
      </trkpt>
      <trkpt lat="37.670585084706545" lon="14.53221975825727">
        <ele>421.36</ele>
      </trkpt>
      <trkpt lat="37.670750208199024" lon="14.531929576769471">
        <ele>420.53</ele>
      </trkpt>
      <trkpt lat="37.6709153316915" lon="14.531639395281672">
        <ele>419.74</ele>
      </trkpt>
      <trkpt lat="37.67107995226979" lon="14.53134996816516">
        <ele>419.0</ele>
      </trkpt>
      <trkpt lat="37.6711399666965" lon="14.531209906563163">
        <ele>418.38</ele>
      </trkpt>
      <trkpt lat="37.67120995558798" lon="14.531000023707747">
        <ele>417.74</ele>
      </trkpt>
      <trkpt lat="37.67122001387179" lon="14.530969932675362">
        <ele>417.07</ele>
      </trkpt>
      <trkpt lat="37.67123996280134" lon="14.530870020389557">
        <ele>416.39</ele>
      </trkpt>
      <trkpt lat="37.67123996280134" lon="14.53077002428472">
        <ele>415.69</ele>
      </trkpt>
      <trkpt lat="37.67120995558798" lon="14.53061998821795">
        <ele>414.99</ele>
      </trkpt>
      <trkpt lat="37.6711899228394" lon="14.53055988997221">
        <ele>414.3</ele>
      </trkpt>
      <trkpt lat="37.67109998501837" lon="14.530369956046343">
        <ele>413.58</ele>
      </trkpt>
      <trkpt lat="37.67102999612689" lon="14.530199887230992">
        <ele>412.88</ele>
      </trkpt>
      <trkpt lat="37.670999988913536" lon="14.530069883912802">
        <ele>412.14</ele>
      </trkpt>
      <trkpt lat="37.67099001444876" lon="14.52999989502132">
        <ele>411.4</ele>
      </trkpt>
      <trkpt lat="37.670999988913536" lon="14.529799986630678">
        <ele>410.65</ele>
      </trkpt>
      <trkpt lat="37.67105002887547" lon="14.529459262266755">
        <ele>409.94</ele>
      </trkpt>
      <trkpt lat="37.67109998501837" lon="14.52911987900734">
        <ele>409.2</ele>
      </trkpt>
      <trkpt lat="37.67116989009082" lon="14.528919970616698">
        <ele>408.44</ele>
      </trkpt>
      <trkpt lat="37.67125002108514" lon="14.528700029477477">
        <ele>407.67</ele>
      </trkpt>
      <trkpt lat="37.6712800282985" lon="14.528549993410707">
        <ele>406.88</ele>
      </trkpt>
      <trkpt lat="37.6712800282985" lon="14.52825989574194">
        <ele>406.02</ele>
      </trkpt>
      <trkpt lat="37.67126997001469" lon="14.528179932385683">
        <ele>405.23</ele>
      </trkpt>
      <trkpt lat="37.671259911730886" lon="14.527904419228435">
        <ele>404.33</ele>
      </trkpt>
      <trkpt lat="37.67125002108514" lon="14.527629995718598">
        <ele>403.61</ele>
      </trkpt>
      <trkpt lat="37.67125002108514" lon="14.52759001404047">
        <ele>402.87</ele>
      </trkpt>
      <trkpt lat="37.671259911730886" lon="14.52754994854331">
        <ele>402.12</ele>
      </trkpt>
      <trkpt lat="37.67126997001469" lon="14.527520025148988">
        <ele>401.36</ele>
      </trkpt>
      <trkpt lat="37.67131003551185" lon="14.527469901368022">
        <ele>400.57</ele>
      </trkpt>
      <trkpt lat="37.671320009976625" lon="14.52746001072228">
        <ele>399.8</ele>
      </trkpt>
      <trkpt lat="37.6713299844414" lon="14.527450036257505">
        <ele>399.02</ele>
      </trkpt>
      <trkpt lat="37.67133987508714" lon="14.527450036257505">
        <ele>398.24</ele>
      </trkpt>
      <trkpt lat="37.6713799405843" lon="14.5274399779737">
        <ele>397.44</ele>
      </trkpt>
      <trkpt lat="37.67143987119198" lon="14.527450036257505">
        <ele>396.63</ele>
      </trkpt>
      <trkpt lat="37.67146987840533" lon="14.527489934116602">
        <ele>395.8</ele>
      </trkpt>
      <trkpt lat="37.67148002050817" lon="14.527520025148988">
        <ele>395.0</ele>
      </trkpt>
      <trkpt lat="37.67149996943772" lon="14.52759001404047">
        <ele>394.18</ele>
      </trkpt>
      <trkpt lat="37.67150994390249" lon="14.527629995718598">
        <ele>393.38</ele>
      </trkpt>
      <trkpt lat="37.67150994390249" lon="14.52769998461008">
        <ele>392.56</ele>
      </trkpt>
      <trkpt lat="37.67150994390249" lon="14.527880027890205">
        <ele>391.78</ele>
      </trkpt>
      <trkpt lat="37.67154003493488" lon="14.5281099434942">
        <ele>391.03</ele>
      </trkpt>
      <trkpt lat="37.67163986340165" lon="14.528479920700192">
        <ele>390.37</ele>
      </trkpt>
      <trkpt lat="37.67165000550449" lon="14.528529960662127">
        <ele>389.59</ele>
      </trkpt>
      <trkpt lat="37.6717134565115" lon="14.528892310336232">
        <ele>388.81</ele>
      </trkpt>
      <trkpt lat="37.671776907518506" lon="14.529254660010338">
        <ele>387.82</ele>
      </trkpt>
      <trkpt lat="37.671840358525515" lon="14.529617009684443">
        <ele>386.88</ele>
      </trkpt>
      <trkpt lat="37.67190380953252" lon="14.52997935935855">
        <ele>386.03</ele>
      </trkpt>
      <trkpt lat="37.67196726053953" lon="14.530341709032655">
        <ele>385.24</ele>
      </trkpt>
      <trkpt lat="37.67203004099429" lon="14.530700035393238">
        <ele>384.45</ele>
      </trkpt>
      <trkpt lat="37.67208343371749" lon="14.531013937667012">
        <ele>383.66</ele>
      </trkpt>
      <trkpt lat="37.67213682644069" lon="14.531327839940786">
        <ele>382.84</ele>
      </trkpt>
      <trkpt lat="37.6721899677068" lon="14.531639898195863">
        <ele>381.97</ele>
      </trkpt>
      <trkpt lat="37.672253334894776" lon="14.532017335295677">
        <ele>381.11</ele>
      </trkpt>
      <trkpt lat="37.672316785901785" lon="14.532394772395492">
        <ele>380.28</ele>
      </trkpt>
      <trkpt lat="37.67237990163267" lon="14.53276994638145">
        <ele>379.54</ele>
      </trkpt>
      <trkpt lat="37.67240001820028" lon="14.53281001187861">
        <ele>378.87</ele>
      </trkpt>
      <trkpt lat="37.67241996712983" lon="14.53285988420248">
        <ele>378.23</ele>
      </trkpt>
      <trkpt lat="37.67249003984034" lon="14.532969938591123">
        <ele>377.6</ele>
      </trkpt>
      <trkpt lat="37.67251996323466" lon="14.533000029623508">
        <ele>377.02</ele>
      </trkpt>
      <trkpt lat="37.672609984874725" lon="14.533059876412153">
        <ele>376.47</ele>
      </trkpt>
      <trkpt lat="37.67270998097956" lon="14.533079909160733">
        <ele>375.97</ele>
      </trkpt>
      <trkpt lat="37.67279002815485" lon="14.53307001851499">
        <ele>375.5</ele>
      </trkpt>
      <trkpt lat="37.67287996597588" lon="14.533059876412153">
        <ele>375.07</ele>
      </trkpt>
      <trkpt lat="37.67296998761594" lon="14.53300992026925">
        <ele>374.68</ele>
      </trkpt>
      <trkpt lat="37.67318640835583" lon="14.532860135659575">
        <ele>374.33</ele>
      </trkpt>
      <trkpt lat="37.67340282909572" lon="14.532710267230868">
        <ele>374.06</ele>
      </trkpt>
      <trkpt lat="37.673620004206896" lon="14.532559895887971">
        <ele>373.77</ele>
      </trkpt>
      <trkpt lat="37.67389300279319" lon="14.532373482361436">
        <ele>373.45</ele>
      </trkpt>
      <trkpt lat="37.67416600137949" lon="14.5321870688349">
        <ele>373.26</ele>
      </trkpt>
      <trkpt lat="37.67444000579417" lon="14.53199990093708">
        <ele>373.24</ele>
      </trkpt>
      <trkpt lat="37.67453002743423" lon="14.53192999586463">
        <ele>373.15</ele>
      </trkpt>
      <trkpt lat="37.67459004186094" lon="14.531880039721727">
        <ele>373.05</ele>
      </trkpt>
      <trkpt lat="37.67466003075242" lon="14.531829915940762">
        <ele>372.98</ele>
      </trkpt>
      <trkpt lat="37.6749200373888" lon="14.5316500402987">
        <ele>372.9</ele>
      </trkpt>
      <trkpt lat="37.67519001848996" lon="14.53147997148335">
        <ele>372.86</ele>
      </trkpt>
      <trkpt lat="37.67535480670631" lon="14.531370084732771">
        <ele>372.9</ele>
      </trkpt>
      <trkpt lat="37.67552001401782" lon="14.531260030344129">
        <ele>372.94</ele>
      </trkpt>
      <trkpt lat="37.67567474395037" lon="14.531155088916421">
        <ele>373.0</ele>
      </trkpt>
      <trkpt lat="37.67582989297807" lon="14.53104997985065">
        <ele>373.11</ele>
      </trkpt>
      <trkpt lat="37.675899965688586" lon="14.531000023707747">
        <ele>373.21</ele>
      </trkpt>
      <trkpt lat="37.67608000896871" lon="14.53091997653246">
        <ele>373.36</ele>
      </trkpt>
      <trkpt lat="37.67617003060877" lon="14.530889969319105">
        <ele>373.49</ele>
      </trkpt>
      <trkpt lat="37.67607003450394" lon="14.530779914930463">
        <ele>373.6</ele>
      </trkpt>
      <trkpt lat="37.67602996900678" lon="14.530759882181883">
        <ele>373.7</ele>
      </trkpt>
      <trkpt lat="37.675899965688586" lon="14.530669944360852">
        <ele>373.8</ele>
      </trkpt>
      <trkpt lat="37.675810027867556" lon="14.53059995546937">
        <ele>373.88</ele>
      </trkpt>
      <trkpt lat="37.67575990408659" lon="14.53051001764834">
        <ele>373.97</ele>
      </trkpt>
      <trkpt lat="37.67575001344085" lon="14.530480010434985">
        <ele>374.08</ele>
      </trkpt>
      <trkpt lat="37.67574003897607" lon="14.530419996008277">
        <ele>374.19</ele>
      </trkpt>
      <trkpt lat="37.67572000622749" lon="14.5302599016577">
        <ele>374.3</ele>
      </trkpt>
      <trkpt lat="37.67571003176272" lon="14.530029986053705">
        <ele>374.38</ele>
      </trkpt>
      <trkpt lat="37.67568999901414" lon="14.529799986630678">
        <ele>374.42</ele>
      </trkpt>
      <trkpt lat="37.67568999901414" lon="14.52976000495255">
        <ele>374.5</ele>
      </trkpt>
      <trkpt lat="37.67566988244653" lon="14.529579961672425">
        <ele>374.6</ele>
      </trkpt>
      <trkpt lat="37.67565001733601" lon="14.529409976676106">
        <ele>374.67</ele>
      </trkpt>
      <trkpt lat="37.67562998458743" lon="14.529359936714172">
        <ele>374.74</ele>
      </trkpt>
      <trkpt lat="37.67556997016072" lon="14.529099930077791">
        <ele>374.8</ele>
      </trkpt>
      <trkpt lat="37.67552001401782" lon="14.528929945081472">
        <ele>374.85</ele>
      </trkpt>
      <trkpt lat="37.675469974055886" lon="14.528740011155605">
        <ele>374.92</ele>
      </trkpt>
      <trkpt lat="37.67541482113302" lon="14.52850959263742">
        <ele>374.97</ele>
      </trkpt>
      <trkpt lat="37.675360003486276" lon="14.52827992849052">
        <ele>375.03</ele>
      </trkpt>
      <trkpt lat="37.675339970737696" lon="14.528189990669489">
        <ele>375.08</ele>
      </trkpt>
      <trkpt lat="37.67530996352434" lon="14.528010031208396">
        <ele>375.13</ele>
      </trkpt>
      <trkpt lat="37.67529998905957" lon="14.52791003510356">
        <ele>375.15</ele>
      </trkpt>
      <trkpt lat="37.67528490163386" lon="14.52763443812728">
        <ele>375.18</ele>
      </trkpt>
      <trkpt lat="37.67526998184621" lon="14.527359930798411">
        <ele>375.22</ele>
      </trkpt>
      <trkpt lat="37.67513000406325" lon="14.527430003508925">
        <ele>375.19</ele>
      </trkpt>
      <trkpt lat="37.67496001906693" lon="14.52756998129189">
        <ele>375.16</ele>
      </trkpt>
      <trkpt lat="37.67478500492871" lon="14.527774918824434">
        <ele>375.13</ele>
      </trkpt>
      <trkpt lat="37.674609990790486" lon="14.52797994017601">
        <ele>375.06</ele>
      </trkpt>
      <trkpt lat="37.67443003132939" lon="14.52817004173994">
        <ele>375.02</ele>
      </trkpt>
      <trkpt lat="37.67437999136746" lon="14.528219914063811">
        <ele>374.98</ele>
      </trkpt>
      <trkpt lat="37.6742899697274" lon="14.528329884633422">
        <ele>374.92</ele>
      </trkpt>
      <trkpt lat="37.67421989701688" lon="14.528440022841096">
        <ele>374.86</ele>
      </trkpt>
      <trkpt lat="37.67416994087398" lon="14.528549993410707">
        <ele>374.82</ele>
      </trkpt>
      <trkpt lat="37.67414001747966" lon="14.528679996728897">
        <ele>374.79</ele>
      </trkpt>
      <trkpt lat="37.67414001747966" lon="14.528719978407025">
        <ele>374.75</ele>
      </trkpt>
      <trkpt lat="37.67410003580153" lon="14.52894989401102">
        <ele>374.71</ele>
      </trkpt>
      <trkpt lat="37.67407991923392" lon="14.529070006683469">
        <ele>374.66</ele>
      </trkpt>
      <trkpt lat="37.67406491562724" lon="14.529275363311172">
        <ele>374.63</ele>
      </trkpt>
      <trkpt lat="37.674049995839596" lon="14.529479965567589">
        <ele>374.62</ele>
      </trkpt>
      <trkpt lat="37.674029963091016" lon="14.529620027169585">
        <ele>374.56</ele>
      </trkpt>
      <trkpt lat="37.67400003969669" lon="14.52984994277358">
        <ele>374.51</ele>
      </trkpt>
      <trkpt lat="37.67397489398718" lon="14.530075415968895">
        <ele>374.44</ele>
      </trkpt>
      <trkpt lat="37.67394999973476" lon="14.53029996715486">
        <ele>374.42</ele>
      </trkpt>
      <trkpt lat="37.673940025269985" lon="14.530380014330149">
        <ele>374.33</ele>
      </trkpt>
      <trkpt lat="37.67392996698618" lon="14.530519908294082">
        <ele>374.24</ele>
      </trkpt>
      <trkpt lat="37.673919992521405" lon="14.53055988997221">
        <ele>374.14</ele>
      </trkpt>
      <trkpt lat="37.67392996698618" lon="14.53070992603898">
        <ele>374.02</ele>
      </trkpt>
      <trkpt lat="37.67398000694811" lon="14.53085987828672">
        <ele>373.91</ele>
      </trkpt>
      <trkpt lat="37.67407991923392" lon="14.53100991435349">
        <ele>373.8</ele>
      </trkpt>
      <trkpt lat="37.67423003911972" lon="14.531249888241291">
        <ele>373.68</ele>
      </trkpt>
      <trkpt lat="37.67434000968933" lon="14.531449964269996">
        <ele>373.51</ele>
      </trkpt>
      <trkpt lat="37.67444000579417" lon="14.531690021976829">
        <ele>373.32</ele>
      </trkpt>
      <trkpt lat="37.67450999468565" lon="14.531860006973147">
        <ele>373.16</ele>
      </trkpt>
      <trkpt lat="37.67451988533139" lon="14.53188993036747">
        <ele>373.0</ele>
      </trkpt>
      <trkpt lat="37.67451988533139" lon="14.531899988651276">
        <ele>372.84</ele>
      </trkpt>
      <trkpt lat="37.67453991807997" lon="14.531939886510372">
        <ele>372.67</ele>
      </trkpt>
      <trkpt lat="37.674645110964775" lon="14.532215315848589">
        <ele>372.42</ele>
      </trkpt>
      <trkpt lat="37.67474996857345" lon="14.53248999081552">
        <ele>372.19</ele>
      </trkpt>
      <trkpt lat="37.67487343400717" lon="14.532756870612502">
        <ele>372.03</ele>
      </trkpt>
      <trkpt lat="37.674996899440885" lon="14.533023834228516">
        <ele>371.87</ele>
      </trkpt>
      <trkpt lat="37.67511994577944" lon="14.53328987583518">
        <ele>371.76</ele>
      </trkpt>
      <trkpt lat="37.67517996020615" lon="14.53350001014769">
        <ele>371.57</ele>
      </trkpt>
      <trkpt lat="37.67523997463286" lon="14.533660020679235">
        <ele>371.39</ele>
      </trkpt>
      <trkpt lat="37.67532002180815" lon="14.533905358985066">
        <ele>371.18</ele>
      </trkpt>
      <trkpt lat="37.67539990134537" lon="14.534149942919612">
        <ele>371.02</ele>
      </trkpt>
      <trkpt lat="37.675525126978755" lon="14.534425204619765">
        <ele>370.87</ele>
      </trkpt>
      <trkpt lat="37.67565001733601" lon="14.534699963405728">
        <ele>370.76</ele>
      </trkpt>
      <trkpt lat="37.67572000622749" lon="14.53493993729353">
        <ele>370.64</ele>
      </trkpt>
      <trkpt lat="37.675789995118976" lon="14.535170020535588">
        <ele>370.52</ele>
      </trkpt>
      <trkpt lat="37.675890075042844" lon="14.535470427945256">
        <ele>370.42</ele>
      </trkpt>
      <trkpt lat="37.67598998732865" lon="14.535769997164607">
        <ele>370.29</ele>
      </trkpt>
      <trkpt lat="37.676049917936325" lon="14.53599002212286">
        <ele>370.17</ele>
      </trkpt>
      <trkpt lat="37.67611999064684" lon="14.53622991219163">
        <ele>370.07</ele>
      </trkpt>
      <trkpt lat="37.67617003060877" lon="14.536420265212655">
        <ele>370.01</ele>
      </trkpt>
      <trkpt lat="37.676219986751676" lon="14.536610031500459">
        <ele>369.96</ele>
      </trkpt>
      <trkpt lat="37.676240019500256" lon="14.536780016496778">
        <ele>369.93</ele>
      </trkpt>
      <trkpt lat="37.67627991735935" lon="14.537119986489415">
        <ele>369.9</ele>
      </trkpt>
      <trkpt lat="37.67628997564316" lon="14.537459956482053">
        <ele>369.87</ele>
      </trkpt>
      <trkpt lat="37.67629995010793" lon="14.537770003080368">
        <ele>369.89</ele>
      </trkpt>
      <trkpt lat="37.67629995010793" lon="14.537909897044301">
        <ele>369.93</ele>
      </trkpt>
      <trkpt lat="37.67627991735935" lon="14.538130005821586">
        <ele>370.05</ele>
      </trkpt>
      <trkpt lat="37.67628997564316" lon="14.538220027461648">
        <ele>370.14</ele>
      </trkpt>
      <trkpt lat="37.67631000839174" lon="14.538339888677001">
        <ele>370.23</ele>
      </trkpt>
      <trkpt lat="37.676349990069866" lon="14.538450026884675">
        <ele>370.35</ele>
      </trkpt>
      <trkpt lat="37.67647999338806" lon="14.538729898631573">
        <ele>370.51</ele>
      </trkpt>
      <trkpt lat="37.67654998227954" lon="14.538950007408857">
        <ele>370.66</ele>
      </trkpt>
      <trkpt lat="37.67655995674431" lon="14.539059977978468">
        <ele>370.8</ele>
      </trkpt>
      <trkpt lat="37.67657001502812" lon="14.53908990137279">
        <ele>370.94</ele>
      </trkpt>
      <trkpt lat="37.67658996395767" lon="14.539229962974787">
        <ele>371.09</ele>
      </trkpt>
      <trkpt lat="37.676604967564344" lon="14.539480498060584">
        <ele>371.22</ele>
      </trkpt>
      <trkpt lat="37.67661997117102" lon="14.539730027318">
        <ele>371.38</ele>
      </trkpt>
      <trkpt lat="37.67661997117102" lon="14.539739917963743">
        <ele>371.57</ele>
      </trkpt>
      <trkpt lat="37.67661997117102" lon="14.539960026741028">
        <ele>371.79</ele>
      </trkpt>
      <trkpt lat="37.67661997117102" lon="14.54000998288393">
        <ele>371.99</ele>
      </trkpt>
      <trkpt lat="37.676609912887216" lon="14.540189942345023">
        <ele>372.22</ele>
      </trkpt>
      <trkpt lat="37.67660002224147" lon="14.540260015055537">
        <ele>372.43</ele>
      </trkpt>
      <trkpt lat="37.67655995674431" lon="14.540450032800436">
        <ele>372.62</ele>
      </trkpt>
      <trkpt lat="37.6764499861747" lon="14.5407800283283">
        <ele>372.79</ele>
      </trkpt>
      <trkpt lat="37.67644001170993" lon="14.54082990065217">
        <ele>373.02</ele>
      </trkpt>
      <trkpt lat="37.67640992067754" lon="14.540939955040812">
        <ele>373.28</ele>
      </trkpt>
      <trkpt lat="37.6764000300318" lon="14.541049925610423">
        <ele>373.54</ele>
      </trkpt>
      <trkpt lat="37.67638988792896" lon="14.54112988896668">
        <ele>373.8</ele>
      </trkpt>
      <trkpt lat="37.67636490985751" lon="14.54142551869154">
        <ele>374.15</ele>
      </trkpt>
      <trkpt lat="37.67634001560509" lon="14.541719974949956">
        <ele>374.42</ele>
      </trkpt>
      <trkpt lat="37.67633004114032" lon="14.5418799854815">
        <ele>374.68</ele>
      </trkpt>
      <trkpt lat="37.67633004114032" lon="14.541960032656789">
        <ele>374.93</ele>
      </trkpt>
      <trkpt lat="37.67633004114032" lon="14.54204997047782">
        <ele>375.17</ele>
      </trkpt>
      <trkpt lat="37.67634001560509" lon="14.54217997379601">
        <ele>375.42</ele>
      </trkpt>
      <trkpt lat="37.676370022818446" lon="14.542359933257103">
        <ele>375.66</ele>
      </trkpt>
      <trkpt lat="37.6764499861747" lon="14.5427399687469">
        <ele>375.86</ele>
      </trkpt>
      <trkpt lat="37.6764499861747" lon="14.542969968169928">
        <ele>376.03</ele>
      </trkpt>
      <trkpt lat="37.67645996063948" lon="14.54318999312818">
        <ele>376.21</ele>
      </trkpt>
      <trkpt lat="37.67647001892328" lon="14.543419992551208">
        <ele>376.39</ele>
      </trkpt>
      <trkpt lat="37.67647001892328" lon="14.543649908155203">
        <ele>376.57</ele>
      </trkpt>
      <trkpt lat="37.67647001892328" lon="14.543719980865717">
        <ele>376.76</ele>
      </trkpt>
      <trkpt lat="37.67647999338806" lon="14.54398987814784">
        <ele>376.95</ele>
      </trkpt>
      <trkpt lat="37.67647999338806" lon="14.544170005246997">
        <ele>377.18</ele>
      </trkpt>
      <trkpt lat="37.67647999338806" lon="14.544279975816607">
        <ele>377.38</ele>
      </trkpt>
      <trkpt lat="37.67647999338806" lon="14.54432993195951">
        <ele>377.57</ele>
      </trkpt>
      <trkpt lat="37.67645996063948" lon="14.54447996802628">
        <ele>377.77</ele>
      </trkpt>
      <trkpt lat="37.6764499861747" lon="14.544539982452989">
        <ele>377.92</ele>
      </trkpt>
      <trkpt lat="37.67644001170993" lon="14.544560015201569">
        <ele>378.06</ele>
      </trkpt>
      <trkpt lat="37.67640992067754" lon="14.544620029628277">
        <ele>378.19</ele>
      </trkpt>
      <trkpt lat="37.67631000839174" lon="14.54479998908937">
        <ele>378.32</ele>
      </trkpt>
      <trkpt lat="37.676219986751676" lon="14.544899985194206">
        <ele>378.43</ele>
      </trkpt>
      <trkpt lat="37.67610004171729" lon="14.544979948550463">
        <ele>378.52</ele>
      </trkpt>
      <trkpt lat="37.675940031185746" lon="14.54505991190672">
        <ele>378.59</ele>
      </trkpt>
      <trkpt lat="37.67571003176272" lon="14.545159991830587">
        <ele>378.64</ele>
      </trkpt>
      <trkpt lat="37.675639959052205" lon="14.54518991522491">
        <ele>378.7</ele>
      </trkpt>
      <trkpt lat="37.675480199977756" lon="14.545244816690683">
        <ele>378.79</ele>
      </trkpt>
      <trkpt lat="37.67532002180815" lon="14.54529988579452">
        <ele>378.87</ele>
      </trkpt>
      <trkpt lat="37.67509991303086" lon="14.545389907434583">
        <ele>378.87</ele>
      </trkpt>
      <trkpt lat="37.67484996467829" lon="14.54548990353942">
        <ele>378.81</ele>
      </trkpt>
      <trkpt lat="37.67469020560384" lon="14.545544888824224">
        <ele>378.73</ele>
      </trkpt>
      <trkpt lat="37.67453002743423" lon="14.545599957928061">
        <ele>378.65</ele>
      </trkpt>
      <trkpt lat="37.674500020220876" lon="14.54561990685761">
        <ele>378.55</ele>
      </trkpt>
      <trkpt lat="37.67444000579417" lon="14.54563993960619">
        <ele>378.43</ele>
      </trkpt>
      <trkpt lat="37.67427002079785" lon="14.5457499101758">
        <ele>378.29</ele>
      </trkpt>
      <trkpt lat="37.67414001747966" lon="14.545859880745411">
        <ele>378.1</ele>
      </trkpt>
      <trkpt lat="37.674029963091016" lon="14.545989884063601">
        <ele>377.91</ele>
      </trkpt>
      <trkpt lat="37.673899959772825" lon="14.546169927343726">
        <ele>377.69</ele>
      </trkpt>
      <trkpt lat="37.673770040273666" lon="14.54634997062385">
        <ele>377.45</ele>
      </trkpt>
      <trkpt lat="37.67365990206599" lon="14.546530013903975">
        <ele>377.21</ele>
      </trkpt>
      <trkpt lat="37.67355001531541" lon="14.546709973365068">
        <ele>376.98</ele>
      </trkpt>
      <trkpt lat="37.67339997924864" lon="14.54694994725287">
        <ele>376.74</ele>
      </trkpt>
      <trkpt lat="37.6733398810029" lon="14.54707995057106">
        <ele>376.44</ele>
      </trkpt>
      <trkpt lat="37.67329000867903" lon="14.54716988839209">
        <ele>376.14</ele>
      </trkpt>
      <trkpt lat="37.67316000536084" lon="14.54752997495234">
        <ele>375.82</ele>
      </trkpt>
      <trkpt lat="37.67309999093413" lon="14.547689901664853">
        <ele>375.53</ele>
      </trkpt>
      <trkpt lat="37.67302002757788" lon="14.547889977693558">
        <ele>375.23</ele>
      </trkpt>
      <trkpt lat="37.6729048602283" lon="14.548195330426097">
        <ele>374.85</ele>
      </trkpt>
      <trkpt lat="37.67279002815485" lon="14.54849992878735">
        <ele>374.47</ele>
      </trkpt>
      <trkpt lat="37.67272003926337" lon="14.548720037564635">
        <ele>374.16</ele>
      </trkpt>
      <trkpt lat="37.672609984874725" lon="14.549059923738241">
        <ele>373.86</ele>
      </trkpt>
      <trkpt lat="37.672569919377565" lon="14.549300400540233">
        <ele>373.56</ele>
      </trkpt>
      <trkpt lat="37.67253002151847" lon="14.549540039151907">
        <ele>373.27</ele>
      </trkpt>
      <trkpt lat="37.67251996323466" lon="14.549719998613">
        <ele>373.0</ele>
      </trkpt>
      <trkpt lat="37.67251996323466" lon="14.54987003467977">
        <ele>372.75</ele>
      </trkpt>
      <trkpt lat="37.67251996323466" lon="14.55009039491415">
        <ele>372.53</ele>
      </trkpt>
      <trkpt lat="37.67251996323466" lon="14.550309916958213">
        <ele>372.33</ele>
      </trkpt>
      <trkpt lat="37.67251996323466" lon="14.550499934703112">
        <ele>372.18</ele>
      </trkpt>
      <trkpt lat="37.67250998876989" lon="14.550719875842333">
        <ele>372.08</ele>
      </trkpt>
      <trkpt lat="37.67250998876989" lon="14.550819955766201">
        <ele>372.01</ele>
      </trkpt>
      <trkpt lat="37.67249003984034" lon="14.551179958507419">
        <ele>372.0</ele>
      </trkpt>
      <trkpt lat="37.67249003984034" lon="14.55126989632845">
        <ele>371.99</ele>
      </trkpt>
      <trkpt lat="37.67249003984034" lon="14.55154993571341">
        <ele>372.03</ele>
      </trkpt>
      <trkpt lat="37.67250998876989" lon="14.551629982888699">
        <ele>372.07</ele>
      </trkpt>
      <trkpt lat="37.67253999598324" lon="14.55173995345831">
        <ele>372.15</ele>
      </trkpt>
      <trkpt lat="37.67257997766137" lon="14.551840033382177">
        <ele>372.26</ele>
      </trkpt>
      <trkpt lat="37.67259003594518" lon="14.551880015060306">
        <ele>372.4</ele>
      </trkpt>
      <trkpt lat="37.67264988273382" lon="14.55197992734611">
        <ele>372.57</ele>
      </trkpt>
      <trkpt lat="37.67267997376621" lon="14.55201999284327">
        <ele>372.79</ele>
      </trkpt>
      <trkpt lat="37.67272003926337" lon="14.552069948986173">
        <ele>373.03</ele>
      </trkpt>
      <trkpt lat="37.67277988605201" lon="14.552109930664301">
        <ele>373.31</ele>
      </trkpt>
      <trkpt lat="37.67283000983298" lon="14.552140021696687">
        <ele>373.63</ele>
      </trkpt>
      <trkpt lat="37.67293989658356" lon="14.55218997783959">
        <ele>374.0</ele>
      </trkpt>
      <trkpt lat="37.67300996929407" lon="14.552199952304363">
        <ele>374.41</ele>
      </trkpt>
      <trkpt lat="37.67313988879323" lon="14.552210010588169">
        <ele>374.86</ele>
      </trkpt>
      <trkpt lat="37.67331004142761" lon="14.552210010588169">
        <ele>375.38</ele>
      </trkpt>
      <trkpt lat="37.67336997203529" lon="14.552199952304363">
        <ele>375.89</ele>
      </trkpt>
      <trkpt lat="37.67355001531541" lon="14.552199952304363">
        <ele>376.49</ele>
      </trkpt>
      <trkpt lat="37.67358999699354" lon="14.552199952304363">
        <ele>377.04</ele>
      </trkpt>
      <trkpt lat="37.67372000031173" lon="14.55218997783959">
        <ele>377.66</ele>
      </trkpt>
      <trkpt lat="37.6738599780947" lon="14.55218997783959">
        <ele>378.28</ele>
      </trkpt>
      <trkpt lat="37.67407991923392" lon="14.55217002891004">
        <ele>378.95</ele>
      </trkpt>
      <trkpt lat="37.67424998804927" lon="14.55214999616146">
        <ele>379.6</ele>
      </trkpt>
      <trkpt lat="37.67425987869501" lon="14.55214999616146">
        <ele>380.21</ele>
      </trkpt>
      <trkpt lat="37.67434990033507" lon="14.552140021696687">
        <ele>380.84</ele>
      </trkpt>
      <trkpt lat="37.67444000579417" lon="14.55212987959385">
        <ele>381.47</ele>
      </trkpt>
      <trkpt lat="37.674479987472296" lon="14.55212987959385">
        <ele>382.1</ele>
      </trkpt>
      <trkpt lat="37.67450999468565" lon="14.55212987959385">
        <ele>382.73</ele>
      </trkpt>
      <trkpt lat="37.67453991807997" lon="14.552140021696687">
        <ele>383.38</ele>
      </trkpt>
      <trkpt lat="37.67457998357713" lon="14.552159970626235">
        <ele>384.02</ele>
      </trkpt>
      <trkpt lat="37.67460001632571" lon="14.552179919555783">
        <ele>384.66</ele>
      </trkpt>
      <trkpt lat="37.674630023539066" lon="14.552229959517717">
        <ele>385.31</ele>
      </trkpt>
      <trkpt lat="37.67466003075242" lon="14.55234001390636">
        <ele>385.94</ele>
      </trkpt>
      <trkpt lat="37.6747199613601" lon="14.552619969472289">
        <ele>386.55</ele>
      </trkpt>
      <trkpt lat="37.67477000132203" lon="14.55283991061151">
        <ele>387.14</ele>
      </trkpt>
      <trkpt lat="37.67485507763922" lon="14.553160518407822">
        <ele>387.73</ele>
      </trkpt>
      <trkpt lat="37.67493998631835" lon="14.55348003655672">
        <ele>388.3</ele>
      </trkpt>
      <trkpt lat="37.67493998631835" lon="14.553489927202463">
        <ele>388.87</ele>
      </trkpt>
      <trkpt lat="37.67500997520983" lon="14.553679944947362">
        <ele>389.43</ele>
      </trkpt>
      <trkpt lat="37.67500997520983" lon="14.55369989387691">
        <ele>389.96</ele>
      </trkpt>
      <trkpt lat="37.67505004070699" lon="14.55375999212265">
        <ele>390.49</ele>
      </trkpt>
      <trkpt lat="37.67509991303086" lon="14.55384992994368">
        <ele>391.02</ele>
      </trkpt>
      <trkpt lat="37.675209967419505" lon="14.55399988219142">
        <ele>391.57</ele>
      </trkpt>
      <trkpt lat="37.67523997463286" lon="14.554050005972385">
        <ele>392.05</ele>
      </trkpt>
      <trkpt lat="37.67523997463286" lon="14.55405998043716">
        <ele>392.49</ele>
      </trkpt>
      <trkpt lat="37.67526000738144" lon="14.554099962115288">
        <ele>392.91</ele>
      </trkpt>
      <trkpt lat="37.67526998184621" lon="14.554159976541996">
        <ele>393.32</ele>
      </trkpt>
      <trkpt lat="37.67526000738144" lon="14.554249998182058">
        <ele>393.68</ele>
      </trkpt>
      <trkpt lat="37.675250032916665" lon="14.554310012608767">
        <ele>394.02</ele>
      </trkpt>
      <trkpt lat="37.675209967419505" lon="14.55448997206986">
        <ele>394.34</ele>
      </trkpt>
      <trkpt lat="37.6751600112766" lon="14.554700022563338">
        <ele>394.64</ele>
      </trkpt>
      <trkpt lat="37.67513997852802" lon="14.554760036990047">
        <ele>394.91</ele>
      </trkpt>
      <trkpt lat="37.67513000406325" lon="14.554930021986365">
        <ele>395.18</ele>
      </trkpt>
      <trkpt lat="37.67513000406325" lon="14.554979978129268">
        <ele>395.39</ele>
      </trkpt>
      <trkpt lat="37.67511994577944" lon="14.555039992555976">
        <ele>395.59</ele>
      </trkpt>
      <trkpt lat="37.67509002238512" lon="14.555079890415072">
        <ele>395.75</ele>
      </trkpt>
      <trkpt lat="37.67505004070699" lon="14.555119955912232">
        <ele>395.88</ele>
      </trkpt>
      <trkpt lat="37.67503000795841" lon="14.555149963125587">
        <ele>395.99</ele>
      </trkpt>
      <trkpt lat="37.67493998631835" lon="14.5552200358361">
        <ele>396.07</ele>
      </trkpt>
      <trkpt lat="37.67473999410868" lon="14.55539002083242">
        <ele>396.09</ele>
      </trkpt>
      <trkpt lat="37.67460001632571" lon="14.555509882047772">
        <ele>396.06</ele>
      </trkpt>
      <trkpt lat="37.67453991807997" lon="14.55562999472022">
        <ele>396.05</ele>
      </trkpt>
      <trkpt lat="37.67451988533139" lon="14.555699899792671">
        <ele>396.01</ele>
      </trkpt>
      <trkpt lat="37.674500020220876" lon="14.555829903110862">
        <ele>395.95</ele>
      </trkpt>
      <trkpt lat="37.67447001300752" lon="14.555920008569956">
        <ele>395.83</ele>
      </trkpt>
      <trkpt lat="37.67444998025894" lon="14.556029979139566">
        <ele>395.68</ele>
      </trkpt>
      <trkpt lat="37.67440999858081" lon="14.556129891425371">
        <ele>395.48</ele>
      </trkpt>
      <trkpt lat="37.67438996583223" lon="14.55618990585208">
        <ele>395.29</ele>
      </trkpt>
      <trkpt lat="37.67434000968933" lon="14.55629987642169">
        <ele>395.04</ele>
      </trkpt>
      <trkpt lat="37.67434000968933" lon="14.55633994191885">
        <ele>394.82</ele>
      </trkpt>
      <trkpt lat="37.67433003522456" lon="14.55638000741601">
        <ele>394.58</ele>
      </trkpt>
      <trkpt lat="37.67434000968933" lon="14.556459970772266">
        <ele>394.32</ele>
      </trkpt>
      <trkpt lat="37.67437999136746" lon="14.556549992412329">
        <ele>394.06</ele>
      </trkpt>
      <trkpt lat="37.67447001300752" lon="14.556715032085776">
        <ele>393.83</ele>
      </trkpt>
      <trkpt lat="37.67455995082855" lon="14.55687990412116">
        <ele>393.61</ele>
      </trkpt>
      <trkpt lat="37.67459004186094" lon="14.556930027902126">
        <ele>393.29</ele>
      </trkpt>
      <trkpt lat="37.67461996525526" lon="14.557000016793609">
        <ele>392.95</ele>
      </trkpt>
      <trkpt lat="37.674630023539066" lon="14.55708995461464">
        <ele>392.56</ele>
      </trkpt>
      <trkpt lat="37.674630023539066" lon="14.557100012898445">
        <ele>392.14</ele>
      </trkpt>
      <trkpt lat="37.674630023539066" lon="14.557170001789927">
        <ele>391.69</ele>
      </trkpt>
      <trkpt lat="37.67461996525526" lon="14.557230016216636">
        <ele>391.22</ele>
      </trkpt>
      <trkpt lat="37.67459004186094" lon="14.557279972359538">
        <ele>390.7</ele>
      </trkpt>
      <trkpt lat="37.67457998357713" lon="14.557300005108118">
        <ele>390.18</ele>
      </trkpt>
      <trkpt lat="37.67455995082855" lon="14.557320037856698">
        <ele>389.62</ele>
      </trkpt>
      <trkpt lat="37.67450999468565" lon="14.557360019534826">
        <ele>389.04</ele>
      </trkpt>
      <trkpt lat="37.6742899697274" lon="14.557430008426309">
        <ele>388.36</ele>
      </trkpt>
      <trkpt lat="37.67424998804927" lon="14.557450041174889">
        <ele>387.74</ele>
      </trkpt>
      <trkpt lat="37.67410020343959" lon="14.557514833286405">
        <ele>387.05</ele>
      </trkpt>
      <trkpt lat="37.67394999973476" lon="14.557579960674047">
        <ele>386.34</ele>
      </trkpt>
      <trkpt lat="37.67380993813276" lon="14.557709963992238">
        <ele>385.62</ele>
      </trkpt>
      <trkpt lat="37.67365990206599" lon="14.557889923453331">
        <ele>384.93</ele>
      </trkpt>
      <trkpt lat="37.673640036955476" lon="14.557909956201911">
        <ele>384.3</ele>
      </trkpt>
      <trkpt lat="37.67352998256683" lon="14.558089999482036">
        <ele>383.65</ele>
      </trkpt>
      <trkpt lat="37.6733398810029" lon="14.55837992951274">
        <ele>383.01</ele>
      </trkpt>
      <trkpt lat="37.67324994318187" lon="14.55852996557951">
        <ele>382.41</ele>
      </trkpt>
      <trkpt lat="37.67312999814749" lon="14.55868000164628">
        <ele>381.73</ele>
      </trkpt>
      <trkpt lat="37.67297996208072" lon="14.558870019391179">
        <ele>381.09</ele>
      </trkpt>
      <trkpt lat="37.67292992211878" lon="14.558930033817887">
        <ele>380.48</ele>
      </trkpt>
      <trkpt lat="37.67283000983298" lon="14.55906992778182">
        <ele>379.89</ele>
      </trkpt>
      <trkpt lat="37.67266002483666" lon="14.55923999659717">
        <ele>379.35</ele>
      </trkpt>
      <trkpt lat="37.672630017623305" lon="14.55926002934575">
        <ele>378.79</ele>
      </trkpt>
      <trkpt lat="37.67253999598324" lon="14.559279978275299">
        <ele>378.23</ele>
      </trkpt>
      <trkpt lat="37.67243002541363" lon="14.559300011023879">
        <ele>377.67</ele>
      </trkpt>
      <trkpt lat="37.67237990163267" lon="14.559329934418201">
        <ele>377.15</ele>
      </trkpt>
      <trkpt lat="37.672330029308796" lon="14.559379974380136">
        <ele>376.64</ele>
      </trkpt>
      <trkpt lat="37.67231997102499" lon="14.55938994884491">
        <ele>376.16</ele>
      </trkpt>
      <trkpt lat="37.67227001488209" lon="14.559459937736392">
        <ele>375.69</ele>
      </trkpt>
      <trkpt lat="37.67221989110112" lon="14.559549875557423">
        <ele>375.29</ele>
      </trkpt>
      <trkpt lat="37.67221000045538" lon="14.55956001766026">
        <ele>374.88</ele>
      </trkpt>
      <trkpt lat="37.6721400115639" lon="14.55964995548129">
        <ele>374.51</ele>
      </trkpt>
      <trkpt lat="37.67210002988577" lon="14.559679878875613">
        <ele>374.14</ele>
      </trkpt>
      <trkpt lat="37.67204001545906" lon="14.559709969907999">
        <ele>373.78</ele>
      </trkpt>
      <trkpt lat="37.67195996828377" lon="14.559709969907999">
        <ele>373.42</ele>
      </trkpt>
      <trkpt lat="37.67182996496558" lon="14.559679878875613">
        <ele>373.06</ele>
      </trkpt>
      <trkpt lat="37.67172980122268" lon="14.55966998822987">
        <ele>372.74</ele>
      </trkpt>
      <trkpt lat="37.67158999107778" lon="14.559699911624193">
        <ele>372.45</ele>
      </trkpt>
      <trkpt lat="37.67138999886811" lon="14.55979990772903">
        <ele>372.22</ele>
      </trkpt>
      <trkpt lat="37.6713799405843" lon="14.559809966012836">
        <ele>372.02</ele>
      </trkpt>
      <trkpt lat="37.67112999223173" lon="14.55999000929296">
        <ele>371.89</ele>
      </trkpt>
      <trkpt lat="37.6708999928087" lon="14.560149936005473">
        <ele>371.74</ele>
      </trkpt>
      <trkpt lat="37.67079999670386" lon="14.560259990394115">
        <ele>371.56</ele>
      </trkpt>
      <trkpt lat="37.67077996395528" lon="14.56028999760747">
        <ele>371.44</ele>
      </trkpt>
      <trkpt lat="37.67075004056096" lon="14.560339953750372">
        <ele>371.33</ele>
      </trkpt>
      <trkpt lat="37.67069002613425" lon="14.560480015352368">
        <ele>371.22</ele>
      </trkpt>
      <trkpt lat="37.6706600189209" lon="14.56055000424385">
        <ele>371.16</ele>
      </trkpt>
      <trkpt lat="37.67062003724277" lon="14.560689982026815">
        <ele>371.12</ele>
      </trkpt>
      <trkpt lat="37.670549964532256" lon="14.560899948701262">
        <ele>371.1</ele>
      </trkpt>
      <trkpt lat="37.6705199573189" lon="14.56112994812429">
        <ele>371.14</ele>
      </trkpt>
      <trkpt lat="37.67049992457032" lon="14.561289874836802">
        <ele>371.2</ele>
      </trkpt>
      <trkpt lat="37.67049003392458" lon="14.56138995476067">
        <ele>371.27</ele>
      </trkpt>
      <trkpt lat="37.67047989182174" lon="14.56153990700841">
        <ele>371.35</ele>
      </trkpt>
      <trkpt lat="37.67049003392458" lon="14.56157997250557">
        <ele>371.45</ele>
      </trkpt>
      <trkpt lat="37.67049003392458" lon="14.56162003800273">
        <ele>371.57</ele>
      </trkpt>
      <trkpt lat="37.6705199573189" lon="14.56168994307518">
        <ele>371.7</ele>
      </trkpt>
      <trkpt lat="37.67057997174561" lon="14.561769990250468">
        <ele>371.87</ele>
      </trkpt>
      <trkpt lat="37.67062003724277" lon="14.56181994639337">
        <ele>372.03</ele>
      </trkpt>
      <trkpt lat="37.67076998949051" lon="14.561999989673495">
        <ele>372.24</ele>
      </trkpt>
      <trkpt lat="37.67080997116864" lon="14.562109960243106">
        <ele>372.42</ele>
      </trkpt>
      <trkpt lat="37.67082002945244" lon="14.56213996745646">
        <ele>372.59</ele>
      </trkpt>
      <trkpt lat="37.67082002945244" lon="14.562220014631748">
        <ele>372.77</ele>
      </trkpt>
      <trkpt lat="37.67080997116864" lon="14.56229000352323">
        <ele>372.94</ele>
      </trkpt>
      <trkpt lat="37.67079999670386" lon="14.562329985201359">
        <ele>373.1</ele>
      </trkpt>
      <trkpt lat="37.67077996395528" lon="14.562369966879487">
        <ele>373.27</ele>
      </trkpt>
      <trkpt lat="37.67073000781238" lon="14.56243995577097">
        <ele>373.43</ele>
      </trkpt>
      <trkpt lat="37.67069002613425" lon="14.56248002126813">
        <ele>373.58</ele>
      </trkpt>
      <trkpt lat="37.67066999338567" lon="14.562489911913872">
        <ele>373.73</ele>
      </trkpt>
      <trkpt lat="37.6705199573189" lon="14.562559984624386">
        <ele>373.87</ele>
      </trkpt>
      <trkpt lat="37.67050998285413" lon="14.56256995908916">
        <ele>374.0</ele>
      </trkpt>
      <trkpt lat="37.670439993962646" lon="14.562639947980642">
        <ele>374.12</ele>
      </trkpt>
      <trkpt lat="37.67037000507116" lon="14.56271999515593">
        <ele>374.25</ele>
      </trkpt>
      <trkpt lat="37.67034997232258" lon="14.56274002790451">
        <ele>374.36</ele>
      </trkpt>
      <trkpt lat="37.67030001617968" lon="14.56282988190651">
        <ele>374.47</ele>
      </trkpt>
      <trkpt lat="37.67026003450155" lon="14.562880005687475">
        <ele>374.56</ele>
      </trkpt>
      <trkpt lat="37.67024997621775" lon="14.562880005687475">
        <ele>374.62</ele>
      </trkpt>
      <trkpt lat="37.67021996900439" lon="14.56291001290083">
        <ele>374.67</ele>
      </trkpt>
      <trkpt lat="37.67017001286149" lon="14.562919903546572">
        <ele>374.69</ele>
      </trkpt>
      <trkpt lat="37.67010999843478" lon="14.562900038436055">
        <ele>374.69</ele>
      </trkpt>
      <trkpt lat="37.67007999122143" lon="14.562880005687475">
        <ele>374.66</ele>
      </trkpt>
      <trkpt lat="37.67004990018904" lon="14.56284991465509">
        <ele>374.62</ele>
      </trkpt>
      <trkpt lat="37.669989969581366" lon="14.562759976834059">
        <ele>374.55</ele>
      </trkpt>
      <trkpt lat="37.66994998790324" lon="14.562689987942576">
        <ele>374.47</ele>
      </trkpt>
      <trkpt lat="37.669859966263175" lon="14.56254992634058">
        <ele>374.37</ele>
      </trkpt>
      <trkpt lat="37.66984990797937" lon="14.562540035694838">
        <ele>374.25</ele>
      </trkpt>
      <trkpt lat="37.66978000290692" lon="14.56245998851955">
        <ele>374.11</ele>
      </trkpt>
      <trkpt lat="37.66967003233731" lon="14.562389999628067">
        <ele>373.93</ele>
      </trkpt>
      <trkpt lat="37.66955000348389" lon="14.562350017949939">
        <ele>373.76</ele>
      </trkpt>
      <trkpt lat="37.66952997073531" lon="14.562350017949939">
        <ele>373.58</ele>
      </trkpt>
      <trkpt lat="37.66948998905718" lon="14.562350017949939">
        <ele>373.39</ele>
      </trkpt>
      <trkpt lat="37.66944003291428" lon="14.562359908595681">
        <ele>373.17</ele>
      </trkpt>
      <trkpt lat="37.66922000795603" lon="14.56243995577097">
        <ele>372.87</ele>
      </trkpt>
      <trkpt lat="37.6691800262779" lon="14.56245998851955">
        <ele>372.63</ele>
      </trkpt>
      <trkpt lat="37.66908003017306" lon="14.562520002946258">
        <ele>372.37</ele>
      </trkpt>
      <trkpt lat="37.66902999021113" lon="14.562559984624386">
        <ele>372.12</ele>
      </trkpt>
      <trkpt lat="37.668829998001456" lon="14.562780009582639">
        <ele>371.9</ele>
      </trkpt>
      <trkpt lat="37.66875992529094" lon="14.56286994740367">
        <ele>371.65</ele>
      </trkpt>
      <trkpt lat="37.668634951114655" lon="14.563034987077117">
        <ele>371.42</ele>
      </trkpt>
      <trkpt lat="37.66850997693837" lon="14.563199942931533">
        <ele>371.11</ele>
      </trkpt>
      <trkpt lat="37.66837494447827" lon="14.563374957069755">
        <ele>370.89</ele>
      </trkpt>
      <trkpt lat="37.66823999583721" lon="14.563549971207976">
        <ele>370.69</ele>
      </trkpt>
      <trkpt lat="37.6681300252676" lon="14.563739988952875">
        <ele>370.42</ele>
      </trkpt>
      <trkpt lat="37.66804000362754" lon="14.563979962840676">
        <ele>370.17</ele>
      </trkpt>
      <trkpt lat="37.66800002194941" lon="14.564119940623641">
        <ele>369.93</ele>
      </trkpt>
      <trkpt lat="37.6679400075227" lon="14.5643500238657">
        <ele>369.74</ele>
      </trkpt>
      <trkpt lat="37.667869850993156" lon="14.564623776823282">
        <ele>369.54</ele>
      </trkpt>
      <trkpt lat="37.66779977828264" lon="14.564897613599896">
        <ele>369.35</ele>
      </trkpt>
      <trkpt lat="37.667730040848255" lon="14.56516994163394">
        <ele>369.15</ele>
      </trkpt>
      <trkpt lat="37.667730040848255" lon="14.565200032666326">
        <ele>368.98</ele>
      </trkpt>
      <trkpt lat="37.66771998256445" lon="14.56531997770071">
        <ele>368.84</ele>
      </trkpt>
      <trkpt lat="37.667710008099675" lon="14.56548996269703">
        <ele>368.72</ele>
      </trkpt>
      <trkpt lat="37.667689975351095" lon="14.565570009872317">
        <ele>368.58</ele>
      </trkpt>
      <trkpt lat="37.66765996813774" lon="14.565669922158122">
        <ele>368.46</ele>
      </trkpt>
      <trkpt lat="37.66758989542723" lon="14.56583990715444">
        <ele>368.33</ele>
      </trkpt>
      <trkpt lat="37.66752996481955" lon="14.565979968756437">
        <ele>368.18</ele>
      </trkpt>
      <trkpt lat="37.667519990354776" lon="14.56604995764792">
        <ele>368.08</ele>
      </trkpt>
      <trkpt lat="37.66748000867665" lon="14.56617996096611">
        <ele>367.97</ele>
      </trkpt>
      <trkpt lat="37.66746995039284" lon="14.566260008141398">
        <ele>367.9</ele>
      </trkpt>
      <trkpt lat="37.66746995039284" lon="14.56626989878714">
        <ele>367.86</ele>
      </trkpt>
      <trkpt lat="37.66746995039284" lon="14.56632999703288">
        <ele>367.82</ele>
      </trkpt>
      <trkpt lat="37.66748998314142" lon="14.566419934853911">
        <ele>367.82</ele>
      </trkpt>
      <trkpt lat="37.66749978996813" lon="14.566490007564425">
        <ele>367.83</ele>
      </trkpt>
      <trkpt lat="37.66757003031671" lon="14.566820589825511">
        <ele>367.89</ele>
      </trkpt>
      <trkpt lat="37.66764001920819" lon="14.56714991480112">
        <ele>367.93</ele>
      </trkpt>
      <trkpt lat="37.66765996813774" lon="14.567239936441183">
        <ele>367.97</ele>
      </trkpt>
      <trkpt lat="37.66777002252638" lon="14.567609997466207">
        <ele>368.17</ele>
      </trkpt>
      <trkpt lat="37.66777002252638" lon="14.567610248923302">
        <ele>368.2</ele>
      </trkpt>
      <trkpt lat="37.667770106345415" lon="14.567610500380397">
        <ele>368.24</ele>
      </trkpt>
      <trkpt lat="37.667763233184814" lon="14.567720890045166">
        <ele>368.34</ele>
      </trkpt>
      <trkpt lat="37.667763233184814" lon="14.567914009094238">
        <ele>368.47</ele>
      </trkpt>
      <trkpt lat="37.66759157180786" lon="14.568235874176025">
        <ele>368.48</ele>
      </trkpt>
      <trkpt lat="37.667484283447266" lon="14.56838607788086">
        <ele>368.49</ele>
      </trkpt>
      <trkpt lat="37.66744136810303" lon="14.568493366241455">
        <ele>368.54</ele>
      </trkpt>
      <trkpt lat="37.66744136810303" lon="14.56862211227417">
        <ele>368.67</ele>
      </trkpt>
      <trkpt lat="37.66759157180786" lon="14.568901062011719">
        <ele>368.9</ele>
      </trkpt>
      <trkpt lat="37.66761302947998" lon="14.569072723388672">
        <ele>369.06</ele>
      </trkpt>
      <trkpt lat="37.66758075915277" lon="14.5693199057132">
        <ele>369.21</ele>
      </trkpt>
      <trkpt lat="37.66754865646362" lon="14.569566249847412">
        <ele>369.34</ele>
      </trkpt>
      <trkpt lat="37.66759157180786" lon="14.569845199584961">
        <ele>369.47</ele>
      </trkpt>
      <trkpt lat="37.66765602864325" lon="14.570110235363245">
        <ele>369.6</ele>
      </trkpt>
      <trkpt lat="37.66772048547864" lon="14.57037535496056">
        <ele>369.72</ele>
      </trkpt>
      <trkpt lat="37.667784690856934" lon="14.57063913345337">
        <ele>369.88</ele>
      </trkpt>
      <trkpt lat="37.66784906387329" lon="14.570960998535156">
        <ele>370.03</ele>
      </trkpt>
      <trkpt lat="37.66791343688965" lon="14.571154117584229">
        <ele>370.19</ele>
      </trkpt>
      <trkpt lat="37.6680850982666" lon="14.571261405944824">
        <ele>370.39</ele>
      </trkpt>
      <trkpt lat="37.668277798220515" lon="14.571304153650999">
        <ele>370.59</ele>
      </trkpt>
      <trkpt lat="37.668471336364746" lon="14.5713472366333">
        <ele>370.75</ele>
      </trkpt>
      <trkpt lat="37.66857862472534" lon="14.571325778961182">
        <ele>370.9</ele>
      </trkpt>
      <trkpt lat="37.66866445541382" lon="14.571304321289062">
        <ele>371.05</ele>
      </trkpt>
      <trkpt lat="37.66887903213501" lon="14.571046829223633">
        <ele>371.32</ele>
      </trkpt>
      <trkpt lat="37.66894340515137" lon="14.571046829223633">
        <ele>371.44</ele>
      </trkpt>
      <trkpt lat="37.668986320495605" lon="14.57113265991211">
        <ele>371.53</ele>
      </trkpt>
      <trkpt lat="37.669007778167725" lon="14.571261405944824">
        <ele>371.58</ele>
      </trkpt>
      <trkpt lat="37.668975507840514" lon="14.571551587432623">
        <ele>371.53</ele>
      </trkpt>
      <trkpt lat="37.66894340515137" lon="14.571840763092041">
        <ele>371.54</ele>
      </trkpt>
      <trkpt lat="37.66890048980713" lon="14.572012424468994">
        <ele>371.59</ele>
      </trkpt>
      <trkpt lat="37.66881465911865" lon="14.57211971282959">
        <ele>371.64</ele>
      </trkpt>
      <trkpt lat="37.668536212295294" lon="14.572198167443275">
        <ele>371.59</ele>
      </trkpt>
      <trkpt lat="37.668257765471935" lon="14.572276705875993">
        <ele>371.55</ele>
      </trkpt>
      <trkpt lat="37.667977809906006" lon="14.5723557472229">
        <ele>371.57</ele>
      </trkpt>
      <trkpt lat="37.66780614852905" lon="14.572398662567139">
        <ele>371.55</ele>
      </trkpt>
      <trkpt lat="37.667763233184814" lon="14.572463035583496">
        <ele>371.57</ele>
      </trkpt>
      <trkpt lat="37.667741775512695" lon="14.572548866271973">
        <ele>371.6</ele>
      </trkpt>
      <trkpt lat="37.667784774675965" lon="14.572860589250922">
        <ele>371.64</ele>
      </trkpt>
      <trkpt lat="37.66782760620117" lon="14.573171138763428">
        <ele>371.63</ele>
      </trkpt>
      <trkpt lat="37.66793489456177" lon="14.5733642578125">
        <ele>371.67</ele>
      </trkpt>
      <trkpt lat="37.66813832335174" lon="14.573449920862913">
        <ele>371.77</ele>
      </trkpt>
      <trkpt lat="37.66834259033203" lon="14.573535919189453">
        <ele>371.89</ele>
      </trkpt>
      <trkpt lat="37.66840696334839" lon="14.573643207550049">
        <ele>371.88</ele>
      </trkpt>
      <trkpt lat="37.66844987869263" lon="14.57385778427124">
        <ele>371.87</ele>
      </trkpt>
      <trkpt lat="37.66840696334839" lon="14.573965072631836">
        <ele>371.81</ele>
      </trkpt>
      <trkpt lat="37.66824619844556" lon="14.574050735682249">
        <ele>371.68</ele>
      </trkpt>
      <trkpt lat="37.6680850982666" lon="14.574136734008789">
        <ele>371.45</ele>
      </trkpt>
      <trkpt lat="37.667977809906006" lon="14.574244022369385">
        <ele>371.32</ele>
      </trkpt>
      <trkpt lat="37.66791343688965" lon="14.574415683746338">
        <ele>371.19</ele>
      </trkpt>
      <trkpt lat="37.66791343688965" lon="14.57463026046753">
        <ele>371.07</ele>
      </trkpt>
      <trkpt lat="37.66797789372504" lon="14.574866630136967">
        <ele>371.01</ele>
      </trkpt>
      <trkpt lat="37.66804218292236" lon="14.57510232925415">
        <ele>370.96</ele>
      </trkpt>
      <trkpt lat="37.66806364059448" lon="14.575273990631104">
        <ele>370.9</ele>
      </trkpt>
      <trkpt lat="37.66803137026727" lon="14.575488902628422">
        <ele>370.86</ele>
      </trkpt>
      <trkpt lat="37.667999267578125" lon="14.575703144073486">
        <ele>370.87</ele>
      </trkpt>
      <trkpt lat="37.66785970889032" lon="14.575982261449099">
        <ele>370.8</ele>
      </trkpt>
      <trkpt lat="37.66772040165961" lon="14.576261043548584">
        <ele>370.68</ele>
      </trkpt>
      <trkpt lat="37.66765594482422" lon="14.576582908630371">
        <ele>370.68</ele>
      </trkpt>
      <trkpt lat="37.667505741119385" lon="14.576754570007324">
        <ele>370.64</ele>
      </trkpt>
      <trkpt lat="37.66731262207031" lon="14.576883316040039">
        <ele>370.58</ele>
      </trkpt>
      <trkpt lat="37.66716241836548" lon="14.577054977416992">
        <ele>370.52</ele>
      </trkpt>
      <trkpt lat="37.667076587677" lon="14.577248096466064">
        <ele>370.48</ele>
      </trkpt>
      <trkpt lat="37.667033672332764" lon="14.577484130859375">
        <ele>370.47</ele>
      </trkpt>
      <trkpt lat="37.66705513000488" lon="14.577655792236328">
        <ele>370.5</ele>
      </trkpt>
      <trkpt lat="37.66709804534912" lon="14.577805995941162">
        <ele>370.55</ele>
      </trkpt>
      <trkpt lat="37.66722687520087" lon="14.578085197135806">
        <ele>370.64</ele>
      </trkpt>
      <trkpt lat="37.66735553741455" lon="14.57836389541626">
        <ele>370.69</ele>
      </trkpt>
      <trkpt lat="37.66737699508667" lon="14.578449726104736">
        <ele>370.74</ele>
      </trkpt>
      <trkpt lat="37.66722662374377" lon="14.57879338413477">
        <ele>370.75</ele>
      </trkpt>
      <trkpt lat="37.667076587677" lon="14.579136371612549">
        <ele>370.81</ele>
      </trkpt>
      <trkpt lat="37.66699595376849" lon="14.579442646354437">
        <ele>370.89</ele>
      </trkpt>
      <trkpt lat="37.66691531985998" lon="14.579748921096325">
        <ele>370.98</ele>
      </trkpt>
      <trkpt lat="37.6668347697705" lon="14.580055195838213">
        <ele>371.07</ele>
      </trkpt>
      <trkpt lat="37.666754722595215" lon="14.58035945892334">
        <ele>371.1</ele>
      </trkpt>
      <trkpt lat="37.66669034957886" lon="14.580724239349365">
        <ele>371.24</ele>
      </trkpt>
      <trkpt lat="37.666733264923096" lon="14.58108901977539">
        <ele>371.42</ele>
      </trkpt>
      <trkpt lat="37.66684055328369" lon="14.581282138824463">
        <ele>371.6</ele>
      </trkpt>
      <trkpt lat="37.667033672332764" lon="14.581496715545654">
        <ele>371.8</ele>
      </trkpt>
      <trkpt lat="37.66729082912207" lon="14.581675250083208">
        <ele>371.95</ele>
      </trkpt>
      <trkpt lat="37.66754798591137" lon="14.581853868439794">
        <ele>372.05</ele>
      </trkpt>
      <trkpt lat="37.66780614852905" lon="14.582033157348633">
        <ele>372.22</ele>
      </trkpt>
      <trkpt lat="37.66793489456177" lon="14.582183361053467">
        <ele>372.45</ele>
      </trkpt>
      <trkpt lat="37.66806364059448" lon="14.582483768463135">
        <ele>372.66</ele>
      </trkpt>
      <trkpt lat="37.66806364059448" lon="14.582633972167969">
        <ele>372.89</ele>
      </trkpt>
      <trkpt lat="37.66791343688965" lon="14.58284854888916">
        <ele>373.11</ele>
      </trkpt>
      <trkpt lat="37.6676706969738" lon="14.582891296595335">
        <ele>373.42</ele>
      </trkpt>
      <trkpt lat="37.667428040876985" lon="14.582934128120542">
        <ele>373.73</ele>
      </trkpt>
      <trkpt lat="37.6671838760376" lon="14.582977294921875">
        <ele>374.03</ele>
      </trkpt>
      <trkpt lat="37.667076587677" lon="14.583063125610352">
        <ele>374.31</ele>
      </trkpt>
      <trkpt lat="37.667012214660645" lon="14.583234786987305">
        <ele>374.56</ele>
      </trkpt>
      <trkpt lat="37.666990756988525" lon="14.583513736724854">
        <ele>374.77</ele>
      </trkpt>
      <trkpt lat="37.667012214660645" lon="14.583750190213323">
        <ele>374.97</ele>
      </trkpt>
      <trkpt lat="37.667033672332764" lon="14.583985805511475">
        <ele>375.2</ele>
      </trkpt>
      <trkpt lat="37.667112462222576" lon="14.584336839616299">
        <ele>375.51</ele>
      </trkpt>
      <trkpt lat="37.66719125211239" lon="14.584687957540154">
        <ele>375.82</ele>
      </trkpt>
      <trkpt lat="37.667269706726074" lon="14.585037231445312">
        <ele>376.04</ele>
      </trkpt>
      <trkpt lat="37.6673770789057" lon="14.585364880040288">
        <ele>376.29</ele>
      </trkpt>
      <trkpt lat="37.66748453490436" lon="14.585692612454295">
        <ele>376.55</ele>
      </trkpt>
      <trkpt lat="37.66759199090302" lon="14.586020344868302">
        <ele>376.84</ele>
      </trkpt>
      <trkpt lat="37.66769886016846" lon="14.58634614944458">
        <ele>377.1</ele>
      </trkpt>
      <trkpt lat="37.667763317003846" lon="14.586625518277287">
        <ele>377.33</ele>
      </trkpt>
      <trkpt lat="37.66782760620117" lon="14.586904048919678">
        <ele>377.59</ele>
      </trkpt>
      <trkpt lat="37.66789197921753" lon="14.587268829345703">
        <ele>377.82</ele>
      </trkpt>
      <trkpt lat="37.66789197921753" lon="14.587483825162053">
        <ele>378.04</ele>
      </trkpt>
      <trkpt lat="37.66789197921753" lon="14.587697982788086">
        <ele>378.28</ele>
      </trkpt>
      <trkpt lat="37.66787052154541" lon="14.587976932525635">
        <ele>378.49</ele>
      </trkpt>
      <trkpt lat="37.66782760620117" lon="14.588170051574707">
        <ele>378.64</ele>
      </trkpt>
      <trkpt lat="37.66773087903857" lon="14.588384795933962">
        <ele>378.79</ele>
      </trkpt>
      <trkpt lat="37.6676344871521" lon="14.58859920501709">
        <ele>378.9</ele>
      </trkpt>
      <trkpt lat="37.66761302947998" lon="14.588921070098877">
        <ele>379.0</ele>
      </trkpt>
      <trkpt lat="37.66759157180786" lon="14.589157104492188">
        <ele>379.08</ele>
      </trkpt>
      <trkpt lat="37.66762375831604" lon="14.589447285979986">
        <ele>379.15</ele>
      </trkpt>
      <trkpt lat="37.66765594482422" lon="14.589736461639404">
        <ele>379.17</ele>
      </trkpt>
      <trkpt lat="37.667720317840576" lon="14.589908123016357">
        <ele>379.16</ele>
      </trkpt>
      <trkpt lat="37.667763233184814" lon="14.589951038360596">
        <ele>379.11</ele>
      </trkpt>
      <trkpt lat="37.66806364059448" lon="14.589908123016357">
        <ele>379.05</ele>
      </trkpt>
      <trkpt lat="37.66837050206959" lon="14.58990091457963">
        <ele>378.95</ele>
      </trkpt>
      <trkpt lat="37.668677447363734" lon="14.589893789961934">
        <ele>378.82</ele>
      </trkpt>
      <trkpt lat="37.668986320495605" lon="14.589886665344238">
        <ele>378.64</ele>
      </trkpt>
      <trkpt lat="37.66915806569159" lon="14.589972496032715">
        <ele>378.41</ele>
      </trkpt>
      <trkpt lat="37.66913652420044" lon="14.590122699737549">
        <ele>378.15</ele>
      </trkpt>
      <trkpt lat="37.66898648813367" lon="14.59024054929614">
        <ele>377.87</ele>
      </trkpt>
      <trkpt lat="37.6688362006098" lon="14.59035873413086">
        <ele>377.58</ele>
      </trkpt>
      <trkpt lat="37.668621791526675" lon="14.590494437143207">
        <ele>377.3</ele>
      </trkpt>
      <trkpt lat="37.66840746626258" lon="14.590630140155554">
        <ele>376.99</ele>
      </trkpt>
      <trkpt lat="37.6681923866272" lon="14.590766429901123">
        <ele>376.69</ele>
      </trkpt>
      <trkpt lat="37.667977809906006" lon="14.591045379638672">
        <ele>376.31</ele>
      </trkpt>
      <trkpt lat="37.667727610096335" lon="14.591274037957191">
        <ele>375.88</ele>
      </trkpt>
      <trkpt lat="37.667477410286665" lon="14.591502780094743">
        <ele>375.5</ele>
      </trkpt>
      <trkpt lat="37.667226791381836" lon="14.591732025146484">
        <ele>375.25</ele>
      </trkpt>
      <trkpt lat="37.6671838760376" lon="14.59183931350708">
        <ele>374.97</ele>
      </trkpt>
      <trkpt lat="37.6671838760376" lon="14.591989517211914">
        <ele>374.74</ele>
      </trkpt>
      <trkpt lat="37.66733416356146" lon="14.592333175241947">
        <ele>374.48</ele>
      </trkpt>
      <trkpt lat="37.667484283447266" lon="14.592676162719727">
        <ele>374.3</ele>
      </trkpt>
      <trkpt lat="37.667484283447266" lon="14.592761993408203">
        <ele>374.12</ele>
      </trkpt>
      <trkpt lat="37.66741991043091" lon="14.59284782409668">
        <ele>373.94</ele>
      </trkpt>
      <trkpt lat="37.66714096069336" lon="14.593019485473633">
        <ele>373.7</ele>
      </trkpt>
      <trkpt lat="37.666947757825255" lon="14.593298435211182">
        <ele>373.57</ele>
      </trkpt>
      <trkpt lat="37.666754722595215" lon="14.59357738494873">
        <ele>373.49</ele>
      </trkpt>
      <trkpt lat="37.66669034957886" lon="14.593727588653564">
        <ele>373.47</ele>
      </trkpt>
      <trkpt lat="37.666636537760496" lon="14.593920959159732">
        <ele>373.5</ele>
      </trkpt>
      <trkpt lat="37.66658306121826" lon="14.594113826751709">
        <ele>373.56</ele>
      </trkpt>
      <trkpt lat="37.66660451889038" lon="14.594264030456543">
        <ele>373.7</ele>
      </trkpt>
      <trkpt lat="37.66664743423462" lon="14.594306945800781">
        <ele>373.92</ele>
      </trkpt>
      <trkpt lat="37.66684734262526" lon="14.594392608851194">
        <ele>374.28</ele>
      </trkpt>
      <trkpt lat="37.6670472510159" lon="14.594478271901608">
        <ele>374.69</ele>
      </trkpt>
      <trkpt lat="37.667248249053955" lon="14.594564437866211">
        <ele>375.14</ele>
      </trkpt>
      <trkpt lat="37.66746282577515" lon="14.594757556915283">
        <ele>375.61</ele>
      </trkpt>
      <trkpt lat="37.66761302947998" lon="14.594950675964355">
        <ele>376.1</ele>
      </trkpt>
      <trkpt lat="37.66772040165961" lon="14.59528368897736">
        <ele>376.53</ele>
      </trkpt>
      <trkpt lat="37.66782760620117" lon="14.595615863800049">
        <ele>377.01</ele>
      </trkpt>
      <trkpt lat="37.66799901612103" lon="14.59573371335864">
        <ele>377.54</ele>
      </trkpt>
      <trkpt lat="37.66817092895508" lon="14.59585189819336">
        <ele>378.11</ele>
      </trkpt>
      <trkpt lat="37.668213844299316" lon="14.595916271209717">
        <ele>378.72</ele>
      </trkpt>
      <trkpt lat="37.6681923866272" lon="14.596023559570312">
        <ele>379.33</ele>
      </trkpt>
      <trkpt lat="37.66804209910333" lon="14.596216678619385">
        <ele>379.93</ele>
      </trkpt>
      <trkpt lat="37.66789197921753" lon="14.596409797668457">
        <ele>380.56</ele>
      </trkpt>
      <trkpt lat="37.66782743856311" lon="14.596613897010684">
        <ele>381.26</ele>
      </trkpt>
      <trkpt lat="37.667763233184814" lon="14.59681749343872">
        <ele>382.0</ele>
      </trkpt>
      <trkpt lat="37.667763233184814" lon="14.596946239471436">
        <ele>382.79</ele>
      </trkpt>
      <trkpt lat="37.66782760620117" lon="14.59707498550415">
        <ele>383.62</ele>
      </trkpt>
      <trkpt lat="37.6680420152843" lon="14.597260728478432">
        <ele>384.46</ele>
      </trkpt>
      <trkpt lat="37.66825642436743" lon="14.597446555271745">
        <ele>385.34</ele>
      </trkpt>
      <trkpt lat="37.668471336364746" lon="14.597632884979248">
        <ele>386.22</ele>
      </trkpt>
      <trkpt lat="37.668514251708984" lon="14.597740173339844">
        <ele>387.04</ele>
      </trkpt>
      <trkpt lat="37.66855716705322" lon="14.597933292388916">
        <ele>387.84</ele>
      </trkpt>
      <trkpt lat="37.668749867007136" lon="14.59797604009509">
        <ele>388.76</ele>
      </trkpt>
      <trkpt lat="37.66894340515137" lon="14.598019123077393">
        <ele>389.67</ele>
      </trkpt>
      <trkpt lat="37.6691575627774" lon="14.597940584644675">
        <ele>390.57</ele>
      </trkpt>
      <trkpt lat="37.66937172040343" lon="14.597862046211958">
        <ele>391.39</ele>
      </trkpt>
      <trkpt lat="37.66958713531494" lon="14.597783088684082">
        <ele>392.15</ele>
      </trkpt>
      <trkpt lat="37.669790564104915" lon="14.597750902175903">
        <ele>392.85</ele>
      </trkpt>
      <trkpt lat="37.66999491490424" lon="14.597718715667725">
        <ele>393.49</ele>
      </trkpt>
      <trkpt lat="37.670273780822754" lon="14.597890377044678">
        <ele>394.06</ele>
      </trkpt>
      <trkpt lat="37.67033815383911" lon="14.598019123077393">
        <ele>394.47</ele>
      </trkpt>
      <trkpt lat="37.67039188183844" lon="14.598330846056342">
        <ele>394.78</ele>
      </trkpt>
      <trkpt lat="37.67044544219971" lon="14.598641395568848">
        <ele>395.09</ele>
      </trkpt>
      <trkpt lat="37.67043102532625" lon="14.598963847383857">
        <ele>395.27</ele>
      </trkpt>
      <trkpt lat="37.67041669227183" lon="14.599286383017898">
        <ele>395.35</ele>
      </trkpt>
      <trkpt lat="37.67040252685547" lon="14.599606990814209">
        <ele>395.32</ele>
      </trkpt>
      <trkpt lat="37.67033815383911" lon="14.599950313568115">
        <ele>395.26</ele>
      </trkpt>
      <trkpt lat="37.67031351104379" lon="14.600328085944057">
        <ele>395.12</ele>
      </trkpt>
      <trkpt lat="37.670288952067494" lon="14.60070594213903">
        <ele>394.9</ele>
      </trkpt>
      <trkpt lat="37.6702643930912" lon="14.60108371451497">
        <ele>394.67</ele>
      </trkpt>
      <trkpt lat="37.67023983411491" lon="14.601461570709944">
        <ele>394.28</ele>
      </trkpt>
      <trkpt lat="37.67021527513862" lon="14.601839343085885">
        <ele>393.77</ele>
      </trkpt>
      <trkpt lat="37.670190716162324" lon="14.602217199280858">
        <ele>393.16</ele>
      </trkpt>
      <trkpt lat="37.67016649246216" lon="14.60258960723877">
        <ele>392.51</ele>
      </trkpt>
      <trkpt lat="37.67023094929755" lon="14.602975845336914">
        <ele>391.8</ele>
      </trkpt>
      <trkpt lat="37.67035961151123" lon="14.603211879730225">
        <ele>391.02</ele>
      </trkpt>
      <trkpt lat="37.670531272888184" lon="14.603458642959595">
        <ele>390.14</ele>
      </trkpt>
      <trkpt lat="37.67070293426514" lon="14.603705406188965">
        <ele>389.31</ele>
      </trkpt>
      <trkpt lat="37.67078876495361" lon="14.603877067565918">
        <ele>388.41</ele>
      </trkpt>
      <trkpt lat="37.67083168029785" lon="14.604027271270752">
        <ele>387.39</ele>
      </trkpt>
      <trkpt lat="37.67083168029785" lon="14.604198932647705">
        <ele>386.24</ele>
      </trkpt>
      <trkpt lat="37.670824471861124" lon="14.604557259008288">
        <ele>384.97</ele>
      </trkpt>
      <trkpt lat="37.67081734724343" lon="14.604915669187903">
        <ele>383.7</ele>
      </trkpt>
      <trkpt lat="37.67081022262573" lon="14.605271816253662">
        <ele>382.42</ele>
      </trkpt>
      <trkpt lat="37.67087459564209" lon="14.605443477630615">
        <ele>381.16</ele>
      </trkpt>
      <trkpt lat="37.670981884002686" lon="14.60559368133545">
        <ele>379.85</ele>
      </trkpt>
      <trkpt lat="37.671239376068115" lon="14.60580825805664">
        <ele>378.48</ele>
      </trkpt>
      <trkpt lat="37.6714750751853" lon="14.605968939140439">
        <ele>377.13</ele>
      </trkpt>
      <trkpt lat="37.671711444854736" lon="14.606130123138428">
        <ele>375.78</ele>
      </trkpt>
      <trkpt lat="37.67193297855556" lon="14.606323074549437">
        <ele>374.46</ele>
      </trkpt>
      <trkpt lat="37.672154512256384" lon="14.606516025960445">
        <ele>373.17</ele>
      </trkpt>
      <trkpt lat="37.67237663269043" lon="14.606709480285645">
        <ele>371.92</ele>
      </trkpt>
      <trkpt lat="37.672526836395264" lon="14.606945514678955">
        <ele>370.68</ele>
      </trkpt>
      <trkpt lat="37.67269145697355" lon="14.60723896510899">
        <ele>369.48</ele>
      </trkpt>
      <trkpt lat="37.67285607755184" lon="14.607532415539026">
        <ele>368.24</ele>
      </trkpt>
      <trkpt lat="37.673020362854004" lon="14.60782527923584">
        <ele>367.07</ele>
      </trkpt>
      <trkpt lat="37.6731276512146" lon="14.607975482940674">
        <ele>365.96</ele>
      </trkpt>
      <trkpt lat="37.673234939575195" lon="14.608125686645508">
        <ele>364.85</ele>
      </trkpt>
      <trkpt lat="37.673470973968506" lon="14.608275890350342">
        <ele>363.74</ele>
      </trkpt>
      <trkpt lat="37.673728466033936" lon="14.608490467071533">
        <ele>362.56</ele>
      </trkpt>
      <trkpt lat="37.67366409301758" lon="14.608662128448486">
        <ele>361.35</ele>
      </trkpt>
      <trkpt lat="37.67353534698486" lon="14.608898162841797">
        <ele>360.4</ele>
      </trkpt>
      <trkpt lat="37.67353534698486" lon="14.608983993530273">
        <ele>359.63</ele>
      </trkpt>
      <trkpt lat="37.67358907498419" lon="14.609295716509223">
        <ele>358.9</ele>
      </trkpt>
      <trkpt lat="37.67364263534546" lon="14.609606266021729">
        <ele>358.25</ele>
      </trkpt>
      <trkpt lat="37.67364263534546" lon="14.609906673431396">
        <ele>357.75</ele>
      </trkpt>
      <trkpt lat="37.67359972000122" lon="14.610035419464111">
        <ele>357.37</ele>
      </trkpt>
      <trkpt lat="37.6734815351665" lon="14.610314620658755">
        <ele>357.13</ele>
      </trkpt>
      <trkpt lat="37.67336335033178" lon="14.610593905672431">
        <ele>356.94</ele>
      </trkpt>
      <trkpt lat="37.673245249316096" lon="14.610873190686107">
        <ele>356.83</ele>
      </trkpt>
      <trkpt lat="37.6731276512146" lon="14.611151218414307">
        <ele>356.81</ele>
      </trkpt>
      <trkpt lat="37.6731276512146" lon="14.611237049102783">
        <ele>356.82</ele>
      </trkpt>
      <trkpt lat="37.67320283688605" lon="14.61151641793549">
        <ele>356.92</ele>
      </trkpt>
      <trkpt lat="37.673277854919434" lon="14.61179494857788">
        <ele>357.1</ele>
      </trkpt>
      <trkpt lat="37.67334231175482" lon="14.611988319084048">
        <ele>357.35</ele>
      </trkpt>
      <trkpt lat="37.67340660095215" lon="14.612181186676025">
        <ele>357.73</ele>
      </trkpt>
      <trkpt lat="37.67340660095215" lon="14.612374305725098">
        <ele>358.2</ele>
      </trkpt>
      <trkpt lat="37.67340660095215" lon="14.612481594085693">
        <ele>358.71</ele>
      </trkpt>
      <trkpt lat="37.67336368560791" lon="14.61256742477417">
        <ele>359.26</ele>
      </trkpt>
      <trkpt lat="37.67329931259155" lon="14.612631797790527">
        <ele>359.86</ele>
      </trkpt>
      <trkpt lat="37.67314910888672" lon="14.612653255462646">
        <ele>360.52</ele>
      </trkpt>
      <trkpt lat="37.67297778278589" lon="14.612621068954468">
        <ele>361.24</ele>
      </trkpt>
      <trkpt lat="37.67280578613281" lon="14.612588882446289">
        <ele>362.01</ele>
      </trkpt>
      <trkpt lat="37.67262347973883" lon="14.612771105021238">
        <ele>362.93</ele>
      </trkpt>
      <trkpt lat="37.67244100570679" lon="14.612953662872314">
        <ele>363.78</ele>
      </trkpt>
      <trkpt lat="37.67239809036255" lon="14.612975120544434">
        <ele>364.6</ele>
      </trkpt>
      <trkpt lat="37.67233371734619" lon="14.612975120544434">
        <ele>365.45</ele>
      </trkpt>
      <trkpt lat="37.67220497131348" lon="14.612910747528076">
        <ele>366.35</ele>
      </trkpt>
      <trkpt lat="37.672044206410646" lon="14.612803542986512">
        <ele>367.29</ele>
      </trkpt>
      <trkpt lat="37.67188310623169" lon="14.612696170806885">
        <ele>368.25</ele>
      </trkpt>
      <trkpt lat="37.6716685295105" lon="14.612460136413574">
        <ele>369.19</ele>
      </trkpt>
      <trkpt lat="37.67138999886811" lon="14.612345891073346">
        <ele>370.11</ele>
      </trkpt>
      <trkpt lat="37.67111155204475" lon="14.612231645733118">
        <ele>370.99</ele>
      </trkpt>
      <trkpt lat="37.67083168029785" lon="14.612116813659668">
        <ele>371.95</ele>
      </trkpt>
      <trkpt lat="37.670617271214724" lon="14.611945236101747">
        <ele>372.93</ele>
      </trkpt>
      <trkpt lat="37.67040252685547" lon="14.611773490905762">
        <ele>373.8</ele>
      </trkpt>
      <trkpt lat="37.670316779986024" lon="14.611752033233643">
        <ele>374.76</ele>
      </trkpt>
      <trkpt lat="37.670230865478516" lon="14.611752033233643">
        <ele>375.69</ele>
      </trkpt>
      <trkpt lat="37.67018795013428" lon="14.61183786392212">
        <ele>376.7</ele>
      </trkpt>
      <trkpt lat="37.67010195180774" lon="14.612063420936465">
        <ele>377.69</ele>
      </trkpt>
      <trkpt lat="37.670016288757324" lon="14.612288475036621">
        <ele>378.74</ele>
      </trkpt>
      <trkpt lat="37.669973289594054" lon="14.612553594633937">
        <ele>379.95</ele>
      </trkpt>
      <trkpt lat="37.669930290430784" lon="14.612818714231253">
        <ele>381.16</ele>
      </trkpt>
      <trkpt lat="37.66988754272461" lon="14.61308240890503">
        <ele>382.31</ele>
      </trkpt>
      <trkpt lat="37.66988754272461" lon="14.61329740472138">
        <ele>383.47</ele>
      </trkpt>
      <trkpt lat="37.66988754272461" lon="14.613511562347412">
        <ele>384.57</ele>
      </trkpt>
      <trkpt lat="37.66988754272461" lon="14.613801827654243">
        <ele>385.65</ele>
      </trkpt>
      <trkpt lat="37.66988754272461" lon="14.614090919494629">
        <ele>386.7</ele>
      </trkpt>
      <trkpt lat="37.66975862905383" lon="14.614423932507634">
        <ele>387.68</ele>
      </trkpt>
      <trkpt lat="37.66963005065918" lon="14.614756107330322">
        <ele>388.85</ele>
      </trkpt>
      <trkpt lat="37.669565761461854" lon="14.614841938018799">
        <ele>389.99</ele>
      </trkpt>
      <trkpt lat="37.669501304626465" lon="14.614884853363037">
        <ele>391.13</ele>
      </trkpt>
      <trkpt lat="37.66935118474066" lon="14.614906311035156">
        <ele>392.27</ele>
      </trkpt>
      <trkpt lat="37.66911506652832" lon="14.614906311035156">
        <ele>393.48</ele>
      </trkpt>
      <trkpt lat="37.66886520199478" lon="14.614899102598429">
        <ele>394.74</ele>
      </trkpt>
      <trkpt lat="37.668615421280265" lon="14.614891977980733">
        <ele>396.03</ele>
      </trkpt>
      <trkpt lat="37.66836404800415" lon="14.614884853363037">
        <ele>397.41</ele>
      </trkpt>
      <trkpt lat="37.66817092895508" lon="14.614927768707275">
        <ele>398.78</ele>
      </trkpt>
      <trkpt lat="37.66804218292236" lon="14.614970684051514">
        <ele>400.16</ele>
      </trkpt>
      <trkpt lat="37.66789197921753" lon="14.615099430084229">
        <ele>401.58</ele>
      </trkpt>
      <trkpt lat="37.66772735863924" lon="14.615378463640809">
        <ele>403.12</ele>
      </trkpt>
      <trkpt lat="37.66756273806095" lon="14.615657581016421">
        <ele>404.67</ele>
      </trkpt>
      <trkpt lat="37.66739845275879" lon="14.615936279296875">
        <ele>406.25</ele>
      </trkpt>
      <trkpt lat="37.66731262207031" lon="14.616172313690186">
        <ele>407.85</ele>
      </trkpt>
      <trkpt lat="37.667269706726074" lon="14.616365432739258">
        <ele>409.47</ele>
      </trkpt>
      <trkpt lat="37.66729116439819" lon="14.616751670837402">
        <ele>411.19</ele>
      </trkpt>
      <trkpt lat="37.66735562123358" lon="14.617079487070441">
        <ele>413.06</ele>
      </trkpt>
      <trkpt lat="37.66742007806897" lon="14.61740730330348">
        <ele>414.94</ele>
      </trkpt>
      <trkpt lat="37.66748461872339" lon="14.617735119536519">
        <ele>416.84</ele>
      </trkpt>
      <trkpt lat="37.66754865646362" lon="14.61806058883667">
        <ele>418.82</ele>
      </trkpt>
      <trkpt lat="37.66757011413574" lon="14.618275165557861">
        <ele>420.78</ele>
      </trkpt>
      <trkpt lat="37.667505741119385" lon="14.618446826934814">
        <ele>422.67</ele>
      </trkpt>
      <trkpt lat="37.66733701340854" lon="14.61876274086535">
        <ele>424.57</ele>
      </trkpt>
      <trkpt lat="37.6671682856977" lon="14.619078738614917">
        <ele>426.43</ele>
      </trkpt>
      <trkpt lat="37.666999557986856" lon="14.619394736364484">
        <ele>428.31</ele>
      </trkpt>
      <trkpt lat="37.66683083027601" lon="14.61971073411405">
        <ele>430.26</ele>
      </trkpt>
      <trkpt lat="37.66666210256517" lon="14.620026731863618">
        <ele>432.27</ele>
      </trkpt>
      <trkpt lat="37.666493374854326" lon="14.620342645794153">
        <ele>434.31</ele>
      </trkpt>
      <trkpt lat="37.66632556915283" lon="14.620656967163086">
        <ele>436.34</ele>
      </trkpt>
      <trkpt lat="37.66629329882562" lon="14.620871879160404">
        <ele>438.34</ele>
      </trkpt>
      <trkpt lat="37.666261196136475" lon="14.621086120605469">
        <ele>440.29</ele>
      </trkpt>
      <trkpt lat="37.666282737627625" lon="14.621236324310303">
        <ele>442.2</ele>
      </trkpt>
      <trkpt lat="37.66637938097119" lon="14.62160169146955">
        <ele>444.12</ele>
      </trkpt>
      <trkpt lat="37.66647610813379" lon="14.621967058628798">
        <ele>446.0</ele>
      </trkpt>
      <trkpt lat="37.66657283529639" lon="14.622332425788045">
        <ele>447.88</ele>
      </trkpt>
      <trkpt lat="37.66666889190674" lon="14.622695446014404">
        <ele>449.79</ele>
      </trkpt>
      <trkpt lat="37.66666889190674" lon="14.622845649719238">
        <ele>451.55</ele>
      </trkpt>
      <trkpt lat="37.66660451889038" lon="14.622995853424072">
        <ele>453.21</ele>
      </trkpt>
      <trkpt lat="37.66643989831209" lon="14.623231887817383">
        <ele>454.77</ele>
      </trkpt>
      <trkpt lat="37.666275361552835" lon="14.623468006029725">
        <ele>456.39</ele>
      </trkpt>
      <trkpt lat="37.66611099243164" lon="14.623703956604004">
        <ele>457.91</ele>
      </trkpt>
      <trkpt lat="37.66604661941528" lon="14.623875617980957">
        <ele>459.4</ele>
      </trkpt>
      <trkpt lat="37.665985682979226" lon="14.624237464740872">
        <ele>460.91</ele>
      </trkpt>
      <trkpt lat="37.66592474654317" lon="14.62459939531982">
        <ele>462.34</ele>
      </trkpt>
      <trkpt lat="37.66586381010711" lon="14.624961242079735">
        <ele>463.64</ele>
      </trkpt>
      <trkpt lat="37.66580295749009" lon="14.625323172658682">
        <ele>464.83</ele>
      </trkpt>
      <trkpt lat="37.66574202105403" lon="14.625685019418597">
        <ele>465.93</ele>
      </trkpt>
      <trkpt lat="37.66568183898926" lon="14.62604284286499">
        <ele>466.97</ele>
      </trkpt>
      <trkpt lat="37.66568183898926" lon="14.626193046569824">
        <ele>467.89</ele>
      </trkpt>
      <trkpt lat="37.66570329666138" lon="14.626321792602539">
        <ele>468.73</ele>
      </trkpt>
      <trkpt lat="37.66583204269409" lon="14.62655782699585">
        <ele>469.53</ele>
      </trkpt>
      <trkpt lat="37.66603228636086" lon="14.626843985170126">
        <ele>470.24</ele>
      </trkpt>
      <trkpt lat="37.66623261384666" lon="14.627130143344402">
        <ele>470.73</ele>
      </trkpt>
      <trkpt lat="37.66643285751343" lon="14.627416133880615">
        <ele>471.03</ele>
      </trkpt>
      <trkpt lat="37.666518688201904" lon="14.627673625946045">
        <ele>471.26</ele>
      </trkpt>
      <trkpt lat="37.666561687365174" lon="14.627967411652207">
        <ele>471.4</ele>
      </trkpt>
      <trkpt lat="37.666604686528444" lon="14.62826119735837">
        <ele>471.45</ele>
      </trkpt>
      <trkpt lat="37.66664743423462" lon="14.62855339050293">
        <ele>471.43</ele>
      </trkpt>
      <trkpt lat="37.66660451889038" lon="14.62878942489624">
        <ele>471.24</ele>
      </trkpt>
      <trkpt lat="37.666454231366515" lon="14.629039876163006">
        <ele>470.88</ele>
      </trkpt>
      <trkpt lat="37.66630394384265" lon="14.629290327429771">
        <ele>470.5</ele>
      </trkpt>
      <trkpt lat="37.66615390777588" lon="14.62954044342041">
        <ele>470.03</ele>
      </trkpt>
      <trkpt lat="37.66597512178123" lon="14.629762144759297">
        <ele>469.47</ele>
      </trkpt>
      <trkpt lat="37.66579633578658" lon="14.629983846098185">
        <ele>468.8</ele>
      </trkpt>
      <trkpt lat="37.66561754979193" lon="14.630205631256104">
        <ele>468.09</ele>
      </trkpt>
      <trkpt lat="37.665370870381594" lon="14.63044149801135">
        <ele>467.26</ele>
      </trkpt>
      <trkpt lat="37.66512393951416" lon="14.630677700042725">
        <ele>466.36</ele>
      </trkpt>
      <trkpt lat="37.664941465482116" lon="14.630963858217001">
        <ele>465.58</ele>
      </trkpt>
      <trkpt lat="37.66475899145007" lon="14.631250100210309">
        <ele>464.73</ele>
      </trkpt>
      <trkpt lat="37.66457651741803" lon="14.631536342203617">
        <ele>463.9</ele>
      </trkpt>
      <trkpt lat="37.66439404338598" lon="14.631822584196925">
        <ele>463.1</ele>
      </trkpt>
      <trkpt lat="37.66421156935394" lon="14.632108826190233">
        <ele>462.26</ele>
      </trkpt>
      <trkpt lat="37.664029598236084" lon="14.632394313812256">
        <ele>461.42</ele>
      </trkpt>
      <trkpt lat="37.663820469751954" lon="14.632603358477354">
        <ele>460.63</ele>
      </trkpt>
      <trkpt lat="37.663611341267824" lon="14.632812486961484">
        <ele>459.84</ele>
      </trkpt>
      <trkpt lat="37.663402212783694" lon="14.633021615445614">
        <ele>459.01</ele>
      </trkpt>
      <trkpt lat="37.66319274902344" lon="14.633231163024902">
        <ele>458.19</ele>
      </trkpt>
      <trkpt lat="37.662978172302246" lon="14.633467197418213">
        <ele>457.35</ele>
      </trkpt>
      <trkpt lat="37.66291379928589" lon="14.633617401123047">
        <ele>456.56</ele>
      </trkpt>
      <trkpt lat="37.66282796859741" lon="14.63381052017212">
        <ele>455.77</ele>
      </trkpt>
      <trkpt lat="37.66280651092529" lon="14.634110927581787">
        <ele>455.02</ele>
      </trkpt>
      <trkpt lat="37.662785053253174" lon="14.634475708007812">
        <ele>454.28</ele>
      </trkpt>
      <trkpt lat="37.66279217787087" lon="14.634740827605128">
        <ele>453.62</ele>
      </trkpt>
      <trkpt lat="37.6627993863076" lon="14.635006031021476">
        <ele>453.01</ele>
      </trkpt>
      <trkpt lat="37.66280651092529" lon="14.63526964187622">
        <ele>452.51</ele>
      </trkpt>
      <trkpt lat="37.66277424059808" lon="14.63565663434565">
        <ele>452.12</ele>
      </trkpt>
      <trkpt lat="37.662742137908936" lon="14.63604211807251">
        <ele>451.68</ele>
      </trkpt>
      <trkpt lat="37.662699138745666" lon="14.636350236833096">
        <ele>451.26</ele>
      </trkpt>
      <trkpt lat="37.662656139582396" lon="14.636658439412713">
        <ele>450.95</ele>
      </trkpt>
      <trkpt lat="37.66261347569525" lon="14.636964797973633">
        <ele>450.64</ele>
      </trkpt>
      <trkpt lat="37.662549102678895" lon="14.637115001678467">
        <ele>450.38</ele>
      </trkpt>
      <trkpt lat="37.66235589981079" lon="14.637308120727539">
        <ele>450.22</ele>
      </trkpt>
      <trkpt lat="37.66219513490796" lon="14.637393783777952">
        <ele>450.14</ele>
      </trkpt>
      <trkpt lat="37.662034034729004" lon="14.637479782104492">
        <ele>450.12</ele>
      </trkpt>
      <trkpt lat="37.66179841943085" lon="14.63750115595758">
        <ele>450.16</ele>
      </trkpt>
      <trkpt lat="37.66156288795173" lon="14.637522529810667">
        <ele>450.31</ele>
      </trkpt>
      <trkpt lat="37.66132593154907" lon="14.63754415512085">
        <ele>450.57</ele>
      </trkpt>
      <trkpt lat="37.66124018467963" lon="14.637436866760254">
        <ele>450.86</ele>
      </trkpt>
      <trkpt lat="37.661057878285646" lon="14.637276018038392">
        <ele>451.25</ele>
      </trkpt>
      <trkpt lat="37.66087532043457" lon="14.637115001678467">
        <ele>451.6</ele>
      </trkpt>
      <trkpt lat="37.66072520054877" lon="14.637007797136903">
        <ele>452.0</ele>
      </trkpt>
      <trkpt lat="37.6605749130249" lon="14.636900424957275">
        <ele>452.47</ele>
      </trkpt>
      <trkpt lat="37.66032848507166" lon="14.636761117726564">
        <ele>453.03</ele>
      </trkpt>
      <trkpt lat="37.66008138656616" lon="14.636621475219727">
        <ele>453.7</ele>
      </trkpt>
      <trkpt lat="37.659802939742804" lon="14.636528603732586">
        <ele>454.42</ele>
      </trkpt>
      <trkpt lat="37.659524492919445" lon="14.636435816064477">
        <ele>455.11</ele>
      </trkpt>
      <trkpt lat="37.659244537353516" lon="14.636342525482178">
        <ele>455.92</ele>
      </trkpt>
      <trkpt lat="37.65924462117255" lon="14.636342525482178">
        <ele>456.61</ele>
      </trkpt>
      <trkpt lat="37.65906248241663" lon="14.636278236284852">
        <ele>457.41</ele>
      </trkpt>
      <trkpt lat="37.65887984074652" lon="14.636213779449463">
        <ele>458.19</ele>
      </trkpt>
      <trkpt lat="37.65875109471381" lon="14.636170864105225">
        <ele>458.95</ele>
      </trkpt>
      <trkpt lat="37.65851539559662" lon="14.63609048165381">
        <ele>459.72</ele>
      </trkpt>
      <trkpt lat="37.65827978029847" lon="14.636010183021426">
        <ele>460.53</ele>
      </trkpt>
      <trkpt lat="37.65804416500032" lon="14.635929884389043">
        <ele>461.39</ele>
      </trkpt>
      <trkpt lat="37.65780687332153" lon="14.635848999023438">
        <ele>462.31</ele>
      </trkpt>
      <trkpt lat="37.65759263187647" lon="14.635752523317933">
        <ele>463.22</ele>
      </trkpt>
      <trkpt lat="37.65737771987915" lon="14.635655879974365">
        <ele>464.1</ele>
      </trkpt>
      <trkpt lat="37.65712760388851" lon="14.635491510853171">
        <ele>465.01</ele>
      </trkpt>
      <trkpt lat="37.656877571716905" lon="14.63532722555101">
        <ele>465.93</ele>
      </trkpt>
      <trkpt lat="37.65662670135498" lon="14.635162353515625">
        <ele>466.8</ele>
      </trkpt>
      <trkpt lat="37.65645512379706" lon="14.634990775957704">
        <ele>467.59</ele>
      </trkpt>
      <trkpt lat="37.656283462420106" lon="14.634819030761719">
        <ele>468.39</ele>
      </trkpt>
      <trkpt lat="37.65621908940375" lon="14.634754657745361">
        <ele>469.22</ele>
      </trkpt>
      <trkpt lat="37.65617617405951" lon="14.634711742401123">
        <ele>470.05</ele>
      </trkpt>
      <trkpt lat="37.656047428026795" lon="14.634572267532349">
        <ele>470.92</ele>
      </trkpt>
      <trkpt lat="37.65591868199408" lon="14.634432792663574">
        <ele>471.79</ele>
      </trkpt>
      <trkpt lat="37.65570402145386" lon="14.634153759106994">
        <ele>472.72</ele>
      </trkpt>
      <trkpt lat="37.655489444732666" lon="14.633874893188477">
        <ele>473.59</ele>
      </trkpt>
      <trkpt lat="37.65540353022516" lon="14.63370306417346">
        <ele>474.32</ele>
      </trkpt>
      <trkpt lat="37.65531778335571" lon="14.63353157043457">
        <ele>475.08</ele>
      </trkpt>
      <trkpt lat="37.655199598520994" lon="14.633295284584165">
        <ele>475.88</ele>
      </trkpt>
      <trkpt lat="37.6550817489624" lon="14.63305950164795">
        <ele>476.67</ele>
      </trkpt>
      <trkpt lat="37.654995918273926" lon="14.632844924926758">
        <ele>477.45</ele>
      </trkpt>
      <trkpt lat="37.65493154525757" lon="14.632737636566162">
        <ele>478.32</ele>
      </trkpt>
      <trkpt lat="37.65482425689697" lon="14.632673263549805">
        <ele>479.23</ele>
      </trkpt>
      <trkpt lat="37.65475996769965" lon="14.632759094238281">
        <ele>480.09</ele>
      </trkpt>
      <trkpt lat="37.65462049283087" lon="14.632887672632933">
        <ele>480.91</ele>
      </trkpt>
      <trkpt lat="37.654480934143066" lon="14.633016586303711">
        <ele>481.75</ele>
      </trkpt>
      <trkpt lat="37.65443801879883" lon="14.63305950164795">
        <ele>482.48</ele>
      </trkpt>
      <trkpt lat="37.65435227192938" lon="14.633166790008545">
        <ele>483.21</ele>
      </trkpt>
      <trkpt lat="37.654191171750426" lon="14.633402824401855">
        <ele>483.98</ele>
      </trkpt>
      <trkpt lat="37.654030323028564" lon="14.633638858795166">
        <ele>484.7</ele>
      </trkpt>
      <trkpt lat="37.65388011932373" lon="14.633939266204834">
        <ele>485.44</ele>
      </trkpt>
      <trkpt lat="37.65378339216113" lon="14.63421855121851">
        <ele>486.15</ele>
      </trkpt>
      <trkpt lat="37.65368700027466" lon="14.634497165679932">
        <ele>486.82</ele>
      </trkpt>
      <trkpt lat="37.65364416874945" lon="14.634668827056885">
        <ele>487.46</ele>
      </trkpt>
      <trkpt lat="37.65361181460321" lon="14.634894551709294">
        <ele>488.08</ele>
      </trkpt>
      <trkpt lat="37.65357971191406" lon="14.635119438171387">
        <ele>488.6</ele>
      </trkpt>
      <trkpt lat="37.65357971191406" lon="14.635183811187744">
        <ele>489.07</ele>
      </trkpt>
      <trkpt lat="37.653515338897705" lon="14.635462760925293">
        <ele>489.48</ele>
      </trkpt>
      <trkpt lat="37.653515338897705" lon="14.635634422302246">
        <ele>489.94</ele>
      </trkpt>
      <trkpt lat="37.653536796569824" lon="14.635849418118596">
        <ele>490.47</ele>
      </trkpt>
      <trkpt lat="37.65355825424194" lon="14.636063575744629">
        <ele>491.04</ele>
      </trkpt>
      <trkpt lat="37.65355825424194" lon="14.636106491088867">
        <ele>491.61</ele>
      </trkpt>
      <trkpt lat="37.653536796569824" lon="14.63627815246582">
        <ele>492.19</ele>
      </trkpt>
      <trkpt lat="37.653536880388856" lon="14.636342525482178">
        <ele>492.81</ele>
      </trkpt>
      <trkpt lat="37.65349396504462" lon="14.63651418685913">
        <ele>493.48</ele>
      </trkpt>
      <trkpt lat="37.6534725073725" lon="14.63655710220337">
        <ele>494.15</ele>
      </trkpt>
      <trkpt lat="37.6534725073725" lon="14.636621475219727">
        <ele>494.88</ele>
      </trkpt>
      <trkpt lat="37.65345096588135" lon="14.636642932891846">
        <ele>495.6</ele>
      </trkpt>
      <trkpt lat="37.65345104970038" lon="14.636642932891846">
        <ele>496.37</ele>
      </trkpt>
      <trkpt lat="37.65340813435614" lon="14.636814594268799">
        <ele>497.23</ele>
      </trkpt>
      <trkpt lat="37.65340805053711" lon="14.636836051940918">
        <ele>498.06</ele>
      </trkpt>
      <trkpt lat="37.653300845995545" lon="14.637072086334229">
        <ele>499.03</ele>
      </trkpt>
      <trkpt lat="37.65323647297919" lon="14.637415409088135">
        <ele>500.03</ele>
      </trkpt>
      <trkpt lat="37.6531720161438" lon="14.63780164718628">
        <ele>500.75</ele>
      </trkpt>
      <trkpt lat="37.65317209996283" lon="14.63780164718628">
        <ele>501.51</ele>
      </trkpt>
      <trkpt lat="37.65315055847168" lon="14.637930393218994">
        <ele>502.29</ele>
      </trkpt>
      <trkpt lat="37.65315055847168" lon="14.637973308563232">
        <ele>503.15</ele>
      </trkpt>
      <trkpt lat="37.65311828814447" lon="14.638209762051702">
        <ele>504.08</ele>
      </trkpt>
      <trkpt lat="37.65308618545532" lon="14.638445377349854">
        <ele>505.09</ele>
      </trkpt>
      <trkpt lat="37.653000354766846" lon="14.638659954071045">
        <ele>506.06</ele>
      </trkpt>
      <trkpt lat="37.65297889709473" lon="14.638681411743164">
        <ele>506.94</ele>
      </trkpt>
      <trkpt lat="37.65287144109607" lon="14.638906884938478">
        <ele>507.91</ele>
      </trkpt>
      <trkpt lat="37.652764320373535" lon="14.639132022857666">
        <ele>508.87</ele>
      </trkpt>
      <trkpt lat="37.65269994735718" lon="14.63926076889038">
        <ele>509.87</ele>
      </trkpt>
      <trkpt lat="37.652528285980225" lon="14.63953971862793">
        <ele>510.94</ele>
      </trkpt>
      <trkpt lat="37.65239962376654" lon="14.639647006988525">
        <ele>511.94</ele>
      </trkpt>
      <trkpt lat="37.652292335405946" lon="14.63977575302124">
        <ele>513.08</ele>
      </trkpt>
      <trkpt lat="37.65216358937323" lon="14.639947414398193">
        <ele>514.22</ele>
      </trkpt>
      <trkpt lat="37.652034843340516" lon="14.640076160430908">
        <ele>515.39</ele>
      </trkpt>
      <trkpt lat="37.65192755497992" lon="14.640119075775146">
        <ele>516.56</ele>
      </trkpt>
      <trkpt lat="37.651755809783936" lon="14.640140533447266">
        <ele>517.78</ele>
      </trkpt>
      <trkpt lat="37.65164852142334" lon="14.640355110168457">
        <ele>519.11</ele>
      </trkpt>
      <trkpt lat="37.65164852142334" lon="14.640398025512695">
        <ele>520.08</ele>
      </trkpt>
      <trkpt lat="37.6516056060791" lon="14.640505313873291">
        <ele>521.09</ele>
      </trkpt>
      <trkpt lat="37.65169143676758" lon="14.640569686889648">
        <ele>521.94</ele>
      </trkpt>
      <trkpt lat="37.65166997909546" lon="14.640676975250244">
        <ele>522.82</ele>
      </trkpt>
      <trkpt lat="37.651820266619325" lon="14.640719890594482">
        <ele>523.56</ele>
      </trkpt>
      <trkpt lat="37.65182018280029" lon="14.640719890594482">
        <ele>524.36</ele>
      </trkpt>
      <trkpt lat="37.6520562171936" lon="14.640913009643555">
        <ele>525.14</ele>
      </trkpt>
      <trkpt lat="37.652013301849365" lon="14.640998840332031">
        <ele>525.98</ele>
      </trkpt>
      <trkpt lat="37.652034759521484" lon="14.641106128692627">
        <ele>526.75</ele>
      </trkpt>
      <trkpt lat="37.651991844177246" lon="14.641106128692627">
        <ele>527.49</ele>
      </trkpt>
      <trkpt lat="37.65184164047241" lon="14.641449451446533">
        <ele>528.18</ele>
      </trkpt>
      <trkpt lat="37.65169152058661" lon="14.641664028167725">
        <ele>528.87</ele>
      </trkpt>
      <trkpt lat="37.65169143676758" lon="14.641664028167725">
        <ele>529.42</ele>
      </trkpt>
      <trkpt lat="37.651498317718506" lon="14.641900062561035">
        <ele>529.99</ele>
      </trkpt>
      <trkpt lat="37.65147686004639" lon="14.641835689544678">
        <ele>530.45</ele>
      </trkpt>
      <trkpt lat="37.651519775390625" lon="14.641556153073907">
        <ele>530.83</ele>
      </trkpt>
      <trkpt lat="37.65156269073486" lon="14.64127779006958">
        <ele>531.12</ele>
      </trkpt>
      <trkpt lat="37.651541233062744" lon="14.641127586364746">
        <ele>531.45</ele>
      </trkpt>
      <trkpt lat="37.65156160108745" lon="14.641270330175757">
        <ele>531.13</ele>
      </trkpt>
    </trkseg>
  </trk>
</gpx>
