<?xml version="1.0" encoding="UTF-8"?>
<gpx creator="Garmin Connect" version="1.1"
  xsi:schemaLocation="http://www.topografix.com/GPX/1/1 http://www.topografix.com/GPX/11.xsd"
  xmlns:ns3="http://www.garmin.com/xmlschemas/TrackPointExtension/v1"
  xmlns="http://www.topografix.com/GPX/1/1"
  xmlns:xsi="http://www.w3.org/2001/XMLSchema-instance" xmlns:ns2="http://www.garmin.com/xmlschemas/GpxExtensions/v3">
  <metadata>
    <name>SD08 / Catania - Modica</name>
    <link href="connect.garmin.com">
      <text>Garmin Connect</text>
    </link>
    <time>2026-09-02T17:34:45.000Z</time>
  </metadata>
  <trk>
    <name>SD08 / Catania - Modica</name>
    <trkseg>
      <trkpt lat="37.5329181086272" lon="15.120369521901011">
        <ele>14.16</ele>
      </trkpt>
      <trkpt lat="37.5328803062439" lon="15.120320320129395">
        <ele>14.18</ele>
      </trkpt>
      <trkpt lat="37.53285884857178" lon="15.120213031768799">
        <ele>14.19</ele>
      </trkpt>
      <trkpt lat="37.53308365121484" lon="15.120159471407533">
        <ele>14.19</ele>
      </trkpt>
      <trkpt lat="37.53330945968628" lon="15.120105743408203">
        <ele>14.19</ele>
      </trkpt>
      <trkpt lat="37.53335237503052" lon="15.119976997375488">
        <ele>14.17</ele>
      </trkpt>
      <trkpt lat="37.53349184989929" lon="15.119762336835265">
        <ele>14.23</ele>
      </trkpt>
      <trkpt lat="37.533631324768066" lon="15.119547843933105">
        <ele>14.26</ele>
      </trkpt>
      <trkpt lat="37.53374925814569" lon="15.119408369064331">
        <ele>14.3</ele>
      </trkpt>
      <trkpt lat="37.53386735916138" lon="15.119268894195557">
        <ele>14.27</ele>
      </trkpt>
      <trkpt lat="37.53399610519409" lon="15.119268894195557">
        <ele>14.2</ele>
      </trkpt>
      <trkpt lat="37.533931732177734" lon="15.118882656097412">
        <ele>14.18</ele>
      </trkpt>
      <trkpt lat="37.533931815996766" lon="15.118882656097412">
        <ele>14.1</ele>
      </trkpt>
      <trkpt lat="37.53391035832465" lon="15.118839740753174">
        <ele>14.0</ele>
      </trkpt>
      <trkpt lat="37.53384221345186" lon="15.118452748283744">
        <ele>13.87</ele>
      </trkpt>
      <trkpt lat="37.53377415239811" lon="15.118065755814314">
        <ele>13.71</ele>
      </trkpt>
      <trkpt lat="37.53370609134436" lon="15.117678763344884">
        <ele>13.56</ele>
      </trkpt>
      <trkpt lat="37.53363794647157" lon="15.117291854694486">
        <ele>13.21</ele>
      </trkpt>
      <trkpt lat="37.53356988541782" lon="15.116904862225056">
        <ele>12.76</ele>
      </trkpt>
      <trkpt lat="37.53350257873535" lon="15.116522312164307">
        <ele>12.39</ele>
      </trkpt>
      <trkpt lat="37.53343803808093" lon="15.116275129839778">
        <ele>12.09</ele>
      </trkpt>
      <trkpt lat="37.53337383270264" lon="15.116028785705566">
        <ele>11.82</ele>
      </trkpt>
      <trkpt lat="37.53330945968628" lon="15.115814208984375">
        <ele>11.52</ele>
      </trkpt>
      <trkpt lat="37.53321633674204" lon="15.115477424114943">
        <ele>11.1</ele>
      </trkpt>
      <trkpt lat="37.53312321379781" lon="15.115140723064542">
        <ele>10.71</ele>
      </trkpt>
      <trkpt lat="37.53303009085357" lon="15.114804022014141">
        <ele>10.39</ele>
      </trkpt>
      <trkpt lat="37.532936967909336" lon="15.11446732096374">
        <ele>10.0</ele>
      </trkpt>
      <trkpt lat="37.5328438449651" lon="15.114130536094308">
        <ele>9.66</ele>
      </trkpt>
      <trkpt lat="37.53275164403021" lon="15.113797187805176">
        <ele>9.4</ele>
      </trkpt>
      <trkpt lat="37.532644188031554" lon="15.11353936046362">
        <ele>9.17</ele>
      </trkpt>
      <trkpt lat="37.53253706730902" lon="15.113282203674316">
        <ele>8.97</ele>
      </trkpt>
      <trkpt lat="37.532451152801514" lon="15.113089084625244">
        <ele>8.72</ele>
      </trkpt>
      <trkpt lat="37.532365154474974" lon="15.112895714119077">
        <ele>8.42</ele>
      </trkpt>
      <trkpt lat="37.53227949142456" lon="15.1127028465271">
        <ele>8.08</ele>
      </trkpt>
      <trkpt lat="37.53227957524359" lon="15.1127028465271">
        <ele>7.82</ele>
      </trkpt>
      <trkpt lat="37.53217211924493" lon="15.112477289512753">
        <ele>7.53</ele>
      </trkpt>
      <trkpt lat="37.53206491470337" lon="15.112252235412598">
        <ele>7.3</ele>
      </trkpt>
      <trkpt lat="37.5318717956543" lon="15.111994743347168">
        <ele>7.13</ele>
      </trkpt>
      <trkpt lat="37.53172159194946" lon="15.111908912658691">
        <ele>6.92</ele>
      </trkpt>
      <trkpt lat="37.53157138824463" lon="15.111887454986572">
        <ele>6.71</ele>
      </trkpt>
      <trkpt lat="37.5314000621438" lon="15.11190882883966">
        <ele>6.47</ele>
      </trkpt>
      <trkpt lat="37.53122806549072" lon="15.11193037033081">
        <ele>6.31</ele>
      </trkpt>
      <trkpt lat="37.53107802942395" lon="15.112037491053343">
        <ele>6.12</ele>
      </trkpt>
      <trkpt lat="37.530927658081055" lon="15.112144947052002">
        <ele>5.99</ele>
      </trkpt>
      <trkpt lat="37.53073487430811" lon="15.112177049741149">
        <ele>5.91</ele>
      </trkpt>
      <trkpt lat="37.53054141998291" lon="15.11220932006836">
        <ele>5.88</ele>
      </trkpt>
      <trkpt lat="37.53054150380194" lon="15.11220932006836">
        <ele>5.87</ele>
      </trkpt>
      <trkpt lat="37.53034830093384" lon="15.112230777740479">
        <ele>5.95</ele>
      </trkpt>
      <trkpt lat="37.53034838475287" lon="15.112230777740479">
        <ele>6.0</ele>
      </trkpt>
      <trkpt lat="37.53017697483301" lon="15.112273525446653">
        <ele>6.11</ele>
      </trkpt>
      <trkpt lat="37.53000497817993" lon="15.112316608428955">
        <ele>6.26</ele>
      </trkpt>
      <trkpt lat="37.52976902760565" lon="15.112563204020262">
        <ele>6.38</ele>
      </trkpt>
      <trkpt lat="37.52953290939331" lon="15.112810134887695">
        <ele>6.55</ele>
      </trkpt>
      <trkpt lat="37.52938270568848" lon="15.113046169281006">
        <ele>6.75</ele>
      </trkpt>
      <trkpt lat="37.52938278950751" lon="15.113046169281006">
        <ele>6.93</ele>
      </trkpt>
      <trkpt lat="37.52930752001703" lon="15.113271726295352">
        <ele>7.1</ele>
      </trkpt>
      <trkpt lat="37.52923250198364" lon="15.113496780395508">
        <ele>7.29</ele>
      </trkpt>
      <trkpt lat="37.52915723249316" lon="15.113711608573794">
        <ele>7.45</ele>
      </trkpt>
      <trkpt lat="37.52908229827881" lon="15.11392593383789">
        <ele>7.57</ele>
      </trkpt>
      <trkpt lat="37.52896411344409" lon="15.114248218014836">
        <ele>7.69</ele>
      </trkpt>
      <trkpt lat="37.52884592860937" lon="15.114570502191782">
        <ele>7.86</ele>
      </trkpt>
      <trkpt lat="37.52872774377465" lon="15.114892786368728">
        <ele>8.13</ele>
      </trkpt>
      <trkpt lat="37.52861022949219" lon="15.115213394165039">
        <ele>8.33</ele>
      </trkpt>
      <trkpt lat="37.52850294113159" lon="15.11544942855835">
        <ele>8.46</ele>
      </trkpt>
      <trkpt lat="37.52836346626282" lon="15.115599548444152">
        <ele>8.53</ele>
      </trkpt>
      <trkpt lat="37.52822399139404" lon="15.115749835968018">
        <ele>8.56</ele>
      </trkpt>
      <trkpt lat="37.52800941467285" lon="15.115878582000732">
        <ele>8.56</ele>
      </trkpt>
      <trkpt lat="37.52770246937871" lon="15.115942787379026">
        <ele>8.84</ele>
      </trkpt>
      <trkpt lat="37.52739552408457" lon="15.11600699275732">
        <ele>9.13</ele>
      </trkpt>
      <trkpt lat="37.52708673477173" lon="15.116071701049805">
        <ele>9.38</ele>
      </trkpt>
      <trkpt lat="37.526802169159055" lon="15.116142025217414">
        <ele>9.55</ele>
      </trkpt>
      <trkpt lat="37.52651768736541" lon="15.116212349385023">
        <ele>9.56</ele>
      </trkpt>
      <trkpt lat="37.52623312175274" lon="15.116282757371664">
        <ele>9.5</ele>
      </trkpt>
      <trkpt lat="37.5259486399591" lon="15.116353081539273">
        <ele>9.51</ele>
      </trkpt>
      <trkpt lat="37.525664158165455" lon="15.116423489525914">
        <ele>9.73</ele>
      </trkpt>
      <trkpt lat="37.52537959255278" lon="15.116493813693523">
        <ele>9.91</ele>
      </trkpt>
      <trkpt lat="37.52509117126465" lon="15.116565227508545">
        <ele>9.99</ele>
      </trkpt>
      <trkpt lat="37.52479076385498" lon="15.116586685180664">
        <ele>10.05</ele>
      </trkpt>
      <trkpt lat="37.524608708918095" lon="15.116575956344604">
        <ele>10.15</ele>
      </trkpt>
      <trkpt lat="37.524425983428955" lon="15.116565227508545">
        <ele>10.24</ele>
      </trkpt>
      <trkpt lat="37.52442606724799" lon="15.116565227508545">
        <ele>10.3</ele>
      </trkpt>
      <trkpt lat="37.524201180785894" lon="15.116533041000366">
        <ele>10.35</ele>
      </trkpt>
      <trkpt lat="37.523975456133485" lon="15.116500854492188">
        <ele>10.34</ele>
      </trkpt>
      <trkpt lat="37.523739421740174" lon="15.11645793914795">
        <ele>10.3</ele>
      </trkpt>
      <trkpt lat="37.52351453527808" lon="15.11642575263977">
        <ele>10.26</ele>
      </trkpt>
      <trkpt lat="37.52328881062567" lon="15.116393566131592">
        <ele>10.19</ele>
      </trkpt>
      <trkpt lat="37.52305269241333" lon="15.116307735443115">
        <ele>10.12</ele>
      </trkpt>
      <trkpt lat="37.52281665802002" lon="15.116157531738281">
        <ele>10.13</ele>
      </trkpt>
      <trkpt lat="37.522666454315186" lon="15.115985870361328">
        <ele>10.1</ele>
      </trkpt>
      <trkpt lat="37.52251625061035" lon="15.115814208984375">
        <ele>10.04</ele>
      </trkpt>
      <trkpt lat="37.5223358720541" lon="15.115513550117612">
        <ele>9.98</ele>
      </trkpt>
      <trkpt lat="37.52215549349785" lon="15.115213058888912">
        <ele>9.95</ele>
      </trkpt>
      <trkpt lat="37.52197519876063" lon="15.11491248384118">
        <ele>9.96</ele>
      </trkpt>
      <trkpt lat="37.52179482020438" lon="15.11461190879345">
        <ele>9.9</ele>
      </trkpt>
      <trkpt lat="37.52161502838135" lon="15.114312171936035">
        <ele>9.88</ele>
      </trkpt>
      <trkpt lat="37.52150757238269" lon="15.114097343757749">
        <ele>9.86</ele>
      </trkpt>
      <trkpt lat="37.521400451660156" lon="15.113883018493652">
        <ele>9.9</ele>
      </trkpt>
      <trkpt lat="37.52130372449756" lon="15.113592837005854">
        <ele>9.99</ele>
      </trkpt>
      <trkpt lat="37.521207332611084" lon="15.113303661346436">
        <ele>10.02</ele>
      </trkpt>
      <trkpt lat="37.521207416430116" lon="15.113303661346436">
        <ele>10.03</ele>
      </trkpt>
      <trkpt lat="37.521135751158" lon="15.11299554258585">
        <ele>10.01</ele>
      </trkpt>
      <trkpt lat="37.52106408588588" lon="15.112687423825264">
        <ele>9.97</ele>
      </trkpt>
      <trkpt lat="37.520992839708924" lon="15.112380981445312">
        <ele>9.94</ele>
      </trkpt>
      <trkpt lat="37.520922934636474" lon="15.112085351720452">
        <ele>9.93</ele>
      </trkpt>
      <trkpt lat="37.520853113383055" lon="15.111789805814624">
        <ele>10.01</ele>
      </trkpt>
      <trkpt lat="37.520783208310604" lon="15.111494259908795">
        <ele>9.99</ele>
      </trkpt>
      <trkpt lat="37.520713889971375" lon="15.11120080947876">
        <ele>9.97</ele>
      </trkpt>
      <trkpt lat="37.52064222469926" lon="15.11087835766375">
        <ele>9.88</ele>
      </trkpt>
      <trkpt lat="37.52057055942714" lon="15.110555905848742">
        <ele>9.74</ele>
      </trkpt>
      <trkpt lat="37.520498894155025" lon="15.110233454033732">
        <ele>9.75</ele>
      </trkpt>
      <trkpt lat="37.52042722888291" lon="15.109911002218723">
        <ele>9.76</ele>
      </trkpt>
      <trkpt lat="37.52035556361079" lon="15.109588550403714">
        <ele>9.8</ele>
      </trkpt>
      <trkpt lat="37.52028473652899" lon="15.109269618988037">
        <ele>9.78</ele>
      </trkpt>
      <trkpt lat="37.52026319503784" lon="15.109140872955322">
        <ele>9.8</ele>
      </trkpt>
      <trkpt lat="37.52026327885687" lon="15.109140872955322">
        <ele>9.81</ele>
      </trkpt>
      <trkpt lat="37.52015573903918" lon="15.108850775286555">
        <ele>9.81</ele>
      </trkpt>
      <trkpt lat="37.52004861831665" lon="15.108561515808105">
        <ele>9.78</ele>
      </trkpt>
      <trkpt lat="37.51994124613702" lon="15.10835750028491">
        <ele>9.8</ele>
      </trkpt>
      <trkpt lat="37.51983412541449" lon="15.108153820037842">
        <ele>9.88</ele>
      </trkpt>
      <trkpt lat="37.51968392170966" lon="15.10793924331665">
        <ele>10.0</ele>
      </trkpt>
      <trkpt lat="37.51959800720215" lon="15.107789039611816">
        <ele>10.11</ele>
      </trkpt>
      <trkpt lat="37.51959809102118" lon="15.107789039611816">
        <ele>10.22</ele>
      </trkpt>
      <trkpt lat="37.519404888153076" lon="15.107563734054565">
        <ele>10.37</ele>
      </trkpt>
      <trkpt lat="37.519211769104004" lon="15.107338428497314">
        <ele>10.57</ele>
      </trkpt>
      <trkpt lat="37.518975818529725" lon="15.107166767120361">
        <ele>10.76</ele>
      </trkpt>
      <trkpt lat="37.518815053626895" lon="15.107091749086976">
        <ele>10.93</ele>
      </trkpt>
      <trkpt lat="37.518653869628906" lon="15.107016563415527">
        <ele>11.11</ele>
      </trkpt>
      <trkpt lat="37.51848254352808" lon="15.106995105743408">
        <ele>11.29</ele>
      </trkpt>
      <trkpt lat="37.518310546875" lon="15.106973648071289">
        <ele>11.52</ele>
      </trkpt>
      <trkpt lat="37.51806780695915" lon="15.107030728831887">
        <ele>11.75</ele>
      </trkpt>
      <trkpt lat="37.517825067043304" lon="15.107087809592485">
        <ele>12.04</ele>
      </trkpt>
      <trkpt lat="37.51758098602295" lon="15.107145309448242">
        <ele>12.36</ele>
      </trkpt>
      <trkpt lat="37.51751661300659" lon="15.107080936431885">
        <ele>12.72</ele>
      </trkpt>
      <trkpt lat="37.51723766326904" lon="15.107166767120361">
        <ele>13.1</ele>
      </trkpt>
      <trkpt lat="37.51710891723633" lon="15.10718822479248">
        <ele>13.5</ele>
      </trkpt>
      <trkpt lat="37.517001712694764" lon="15.107166767120361">
        <ele>13.92</ele>
      </trkpt>
      <trkpt lat="37.516915798187256" lon="15.107080936431885">
        <ele>14.35</ele>
      </trkpt>
      <trkpt lat="37.51685150898993" lon="15.106909275054932">
        <ele>14.82</ele>
      </trkpt>
      <trkpt lat="37.51680850982666" lon="15.106544494628906">
        <ele>15.25</ele>
      </trkpt>
      <trkpt lat="37.5167977809906" lon="15.106329414993525">
        <ele>15.63</ele>
      </trkpt>
      <trkpt lat="37.51678713597357" lon="15.106115341186523">
        <ele>16.08</ele>
      </trkpt>
      <trkpt lat="37.51687288284302" lon="15.106050968170166">
        <ele>16.61</ele>
      </trkpt>
      <trkpt lat="37.51702308654785" lon="15.10596513748169">
        <ele>17.22</ele>
      </trkpt>
      <trkpt lat="37.51713037490845" lon="15.105879306793213">
        <ele>17.87</ele>
      </trkpt>
      <trkpt lat="37.517216289415956" lon="15.10568618774414">
        <ele>18.55</ele>
      </trkpt>
      <trkpt lat="37.517216205596924" lon="15.10568618774414">
        <ele>19.05</ele>
      </trkpt>
      <trkpt lat="37.51717337407172" lon="15.105407238006592">
        <ele>19.65</ele>
      </trkpt>
      <trkpt lat="37.51710891723633" lon="15.10521411895752">
        <ele>20.11</ele>
      </trkpt>
      <trkpt lat="37.516958713531494" lon="15.105171203613281">
        <ele>20.57</ele>
      </trkpt>
      <trkpt lat="37.516915798187256" lon="15.105171203613281">
        <ele>21.0</ele>
      </trkpt>
      <trkpt lat="37.51680859364569" lon="15.1051926612854">
        <ele>21.38</ele>
      </trkpt>
      <trkpt lat="37.5165940169245" lon="15.105235576629639">
        <ele>21.72</ele>
      </trkpt>
      <trkpt lat="37.516465270891786" lon="15.105278491973877">
        <ele>22.08</ele>
      </trkpt>
      <trkpt lat="37.5164008140564" lon="15.105299949645996">
        <ele>22.4</ele>
      </trkpt>
      <trkpt lat="37.51622915267944" lon="15.105299949645996">
        <ele>22.7</ele>
      </trkpt>
      <trkpt lat="37.516207695007324" lon="15.105278491973877">
        <ele>23.02</ele>
      </trkpt>
      <trkpt lat="37.51593771390617" lon="15.105128455907106">
        <ele>23.29</ele>
      </trkpt>
      <trkpt lat="37.515667732805014" lon="15.104978503659368">
        <ele>23.48</ele>
      </trkpt>
      <trkpt lat="37.51539775170386" lon="15.104828467592597">
        <ele>23.68</ele>
      </trkpt>
      <trkpt lat="37.5151277706027" lon="15.104678515344858">
        <ele>23.94</ele>
      </trkpt>
      <trkpt lat="37.51485586166382" lon="15.104527473449707">
        <ele>24.19</ele>
      </trkpt>
      <trkpt lat="37.51464128494263" lon="15.104420185089111">
        <ele>24.37</ele>
      </trkpt>
      <trkpt lat="37.51455545425415" lon="15.104355812072754">
        <ele>24.56</ele>
      </trkpt>
      <trkpt lat="37.51427683979273" lon="15.104195047169924">
        <ele>24.76</ele>
      </trkpt>
      <trkpt lat="37.51399755477905" lon="15.104033946990967">
        <ele>24.97</ele>
      </trkpt>
      <trkpt lat="37.51389026641846" lon="15.103991031646729">
        <ele>25.11</ele>
      </trkpt>
      <trkpt lat="37.5138258934021" lon="15.103862285614014">
        <ele>25.29</ele>
      </trkpt>
      <trkpt lat="37.51384735107422" lon="15.103733539581299">
        <ele>25.46</ele>
      </trkpt>
      <trkpt lat="37.513976097106934" lon="15.10345458984375">
        <ele>25.68</ele>
      </trkpt>
      <trkpt lat="37.513976180925965" lon="15.103368759155273">
        <ele>25.76</ele>
      </trkpt>
      <trkpt lat="37.513954639434814" lon="15.103282928466797">
        <ele>25.8</ele>
      </trkpt>
      <trkpt lat="37.513911724090576" lon="15.10321855545044">
        <ele>25.82</ele>
      </trkpt>
      <trkpt lat="37.5138258934021" lon="15.10319709777832">
        <ele>25.78</ele>
      </trkpt>
      <trkpt lat="37.513718688860536" lon="15.103261470794678">
        <ele>25.67</ele>
      </trkpt>
      <trkpt lat="37.51363285817206" lon="15.103604793548584">
        <ele>25.48</ele>
      </trkpt>
      <trkpt lat="37.51354694366455" lon="15.103754997253418">
        <ele>25.3</ele>
      </trkpt>
      <trkpt lat="37.5133752822876" lon="15.10371208190918">
        <ele>25.16</ele>
      </trkpt>
      <trkpt lat="37.51309633255005" lon="15.103540420532227">
        <ele>25.01</ele>
      </trkpt>
      <trkpt lat="37.5128070730716" lon="15.103390384465456">
        <ele>24.84</ele>
      </trkpt>
      <trkpt lat="37.51251697540283" lon="15.103240013122559">
        <ele>24.69</ele>
      </trkpt>
      <trkpt lat="37.512302650138736" lon="15.103118559345603">
        <ele>24.51</ele>
      </trkpt>
      <trkpt lat="37.51208840869367" lon="15.102997105568647">
        <ele>24.27</ele>
      </trkpt>
      <trkpt lat="37.51187324523926" lon="15.102875232696533">
        <ele>23.96</ele>
      </trkpt>
      <trkpt lat="37.5116481911391" lon="15.102746654301882">
        <ele>23.64</ele>
      </trkpt>
      <trkpt lat="37.511422634124756" lon="15.102617740631104">
        <ele>23.34</ele>
      </trkpt>
      <trkpt lat="37.51119405962527" lon="15.102481953799725">
        <ele>23.09</ele>
      </trkpt>
      <trkpt lat="37.51096548512578" lon="15.102346250787377">
        <ele>22.83</ele>
      </trkpt>
      <trkpt lat="37.51073598861694" lon="15.10221004486084">
        <ele>22.55</ele>
      </trkpt>
      <trkpt lat="37.51050028949976" lon="15.102081466466188">
        <ele>22.27</ele>
      </trkpt>
      <trkpt lat="37.51026391983032" lon="15.10195255279541">
        <ele>21.97</ele>
      </trkpt>
      <trkpt lat="37.51002796925604" lon="15.1017165184021">
        <ele>21.65</ele>
      </trkpt>
      <trkpt lat="37.51002788543701" lon="15.1017165184021">
        <ele>21.34</ele>
      </trkpt>
      <trkpt lat="37.5097918510437" lon="15.101523399353027">
        <ele>20.95</ele>
      </trkpt>
      <trkpt lat="37.5096417311579" lon="15.101351737976074">
        <ele>20.58</ele>
      </trkpt>
      <trkpt lat="37.50948088243604" lon="15.101212346926332">
        <ele>20.24</ele>
      </trkpt>
      <trkpt lat="37.50931986607611" lon="15.101072788238525">
        <ele>19.94</ele>
      </trkpt>
      <trkpt lat="37.509255493059754" lon="15.101008415222168">
        <ele>19.64</ele>
      </trkpt>
      <trkpt lat="37.50904091633856" lon="15.100815296173096">
        <ele>19.36</ele>
      </trkpt>
      <trkpt lat="37.508976543322206" lon="15.10072946548462">
        <ele>19.07</ele>
      </trkpt>
      <trkpt lat="37.50883706845343" lon="15.100600803270936">
        <ele>18.75</ele>
      </trkpt>
      <trkpt lat="37.508697509765625" lon="15.10047197341919">
        <ele>18.39</ele>
      </trkpt>
      <trkpt lat="37.50861176289618" lon="15.100386142730713">
        <ele>18.07</ele>
      </trkpt>
      <trkpt lat="37.5084831006825" lon="15.100268125534058">
        <ele>17.74</ele>
      </trkpt>
      <trkpt lat="37.50835427083075" lon="15.100150108337402">
        <ele>17.43</ele>
      </trkpt>
      <trkpt lat="37.50831127166748" lon="15.100107192993164">
        <ele>17.2</ele>
      </trkpt>
      <trkpt lat="37.50809669494629" lon="15.099892616271973">
        <ele>16.99</ele>
      </trkpt>
      <trkpt lat="37.50786066055298" lon="15.099656581878662">
        <ele>16.81</ele>
      </trkpt>
      <trkpt lat="37.507753456011415" lon="15.099527835845947">
        <ele>16.65</ele>
      </trkpt>
      <trkpt lat="37.507731914520264" lon="15.09944200515747">
        <ele>16.51</ele>
      </trkpt>
      <trkpt lat="37.507688999176025" lon="15.099291801452637">
        <ele>16.41</ele>
      </trkpt>
      <trkpt lat="37.507667541503906" lon="15.09896993637085">
        <ele>16.32</ele>
      </trkpt>
      <trkpt lat="37.50758171081543" lon="15.098776817321777">
        <ele>16.26</ele>
      </trkpt>
      <trkpt lat="37.50745304860175" lon="15.098648071289062">
        <ele>16.24</ele>
      </trkpt>
      <trkpt lat="37.507452964782715" lon="15.098648071289062">
        <ele>16.19</ele>
      </trkpt>
      <trkpt lat="37.50738859176636" lon="15.098583698272705">
        <ele>16.18</ele>
      </trkpt>
      <trkpt lat="37.507238471880555" lon="15.098605155944824">
        <ele>16.14</ele>
      </trkpt>
      <trkpt lat="37.50715255737305" lon="15.098626613616943">
        <ele>16.06</ele>
      </trkpt>
      <trkpt lat="37.50706672668457" lon="15.098626613616943">
        <ele>16.0</ele>
      </trkpt>
      <trkpt lat="37.50683069229126" lon="15.098669528961182">
        <ele>15.89</ele>
      </trkpt>
      <trkpt lat="37.50674486160278" lon="15.098605155944824">
        <ele>15.91</ele>
      </trkpt>
      <trkpt lat="37.50659465789795" lon="15.09847640991211">
        <ele>15.97</ele>
      </trkpt>
      <trkpt lat="37.506455183029175" lon="15.098336935043335">
        <ele>16.03</ele>
      </trkpt>
      <trkpt lat="37.5063157081604" lon="15.09819746017456">
        <ele>16.05</ele>
      </trkpt>
      <trkpt lat="37.506272876635194" lon="15.098154544830322">
        <ele>16.07</ele>
      </trkpt>
      <trkpt lat="37.506058299914" lon="15.09798288345337">
        <ele>16.05</ele>
      </trkpt>
      <trkpt lat="37.50592955388129" lon="15.097832679748535">
        <ele>16.06</ele>
      </trkpt>
      <trkpt lat="37.505736351013184" lon="15.097661018371582">
        <ele>16.06</ele>
      </trkpt>
      <trkpt lat="37.5055540446192" lon="15.09748944081366">
        <ele>16.05</ele>
      </trkpt>
      <trkpt lat="37.50537157058716" lon="15.097317695617676">
        <ele>16.07</ele>
      </trkpt>
      <trkpt lat="37.50524282455444" lon="15.097188949584961">
        <ele>16.07</ele>
      </trkpt>
      <trkpt lat="37.50508197583258" lon="15.097038829699159">
        <ele>16.05</ele>
      </trkpt>
      <trkpt lat="37.504920959472656" lon="15.096888542175293">
        <ele>16.03</ele>
      </trkpt>
      <trkpt lat="37.504770839586854" lon="15.096738338470459">
        <ele>16.02</ele>
      </trkpt>
      <trkpt lat="37.50462063588202" lon="15.096598947420716">
        <ele>15.98</ele>
      </trkpt>
      <trkpt lat="37.504470348358154" lon="15.09645938873291">
        <ele>15.93</ele>
      </trkpt>
      <trkpt lat="37.50440605916083" lon="15.096395015716553">
        <ele>15.82</ele>
      </trkpt>
      <trkpt lat="37.50432014465332" lon="15.096309185028076">
        <ele>15.69</ele>
      </trkpt>
      <trkpt lat="37.50425577163696" lon="15.096137523651123">
        <ele>15.57</ele>
      </trkpt>
      <trkpt lat="37.50425577163696" lon="15.096073150634766">
        <ele>15.4</ele>
      </trkpt>
      <trkpt lat="37.504212940111756" lon="15.095901489257812">
        <ele>15.16</ele>
      </trkpt>
      <trkpt lat="37.50414848327637" lon="15.095794200897217">
        <ele>14.84</ele>
      </trkpt>
      <trkpt lat="37.50395544804633" lon="15.095579624176025">
        <ele>14.39</ele>
      </trkpt>
      <trkpt lat="37.503697872161865" lon="15.09545087814331">
        <ele>13.92</ele>
      </trkpt>
      <trkpt lat="37.503461921587586" lon="15.095429420471191">
        <ele>13.56</ele>
      </trkpt>
      <trkpt lat="37.50335463322699" lon="15.095429420471191">
        <ele>13.23</ele>
      </trkpt>
      <trkpt lat="37.50324726104736" lon="15.095493793487549">
        <ele>12.88</ele>
      </trkpt>
      <trkpt lat="37.502968311309814" lon="15.095665454864502">
        <ele>12.51</ele>
      </trkpt>
      <trkpt lat="37.50277519226074" lon="15.095686912536621">
        <ele>12.14</ele>
      </trkpt>
      <trkpt lat="37.50264653004706" lon="15.095568895339966">
        <ele>11.82</ele>
      </trkpt>
      <trkpt lat="37.502517784014344" lon="15.09545087814331">
        <ele>11.5</ele>
      </trkpt>
      <trkpt lat="37.50236758030951" lon="15.095289945602417">
        <ele>11.12</ele>
      </trkpt>
      <trkpt lat="37.502217376604676" lon="15.095129013061523">
        <ele>10.72</ele>
      </trkpt>
      <trkpt lat="37.50205636024475" lon="15.0949143525213">
        <ele>10.25</ele>
      </trkpt>
      <trkpt lat="37.50189551152289" lon="15.09469985961914">
        <ele>9.79</ele>
      </trkpt>
      <trkpt lat="37.50189542770386" lon="15.09469985961914">
        <ele>9.43</ele>
      </trkpt>
      <trkpt lat="37.50185259617865" lon="15.094635486602783">
        <ele>9.04</ele>
      </trkpt>
      <trkpt lat="37.50176668167114" lon="15.094463657587767">
        <ele>8.64</ele>
      </trkpt>
      <trkpt lat="37.5016809348017" lon="15.094292163848877">
        <ele>8.25</ele>
      </trkpt>
      <trkpt lat="37.50163801945746" lon="15.0942063331604">
        <ele>7.95</ele>
      </trkpt>
      <trkpt lat="37.5015305634588" lon="15.093970047309995">
        <ele>7.7</ele>
      </trkpt>
      <trkpt lat="37.50142344273627" lon="15.09373426437378">
        <ele>7.49</ele>
      </trkpt>
      <trkpt lat="37.501380443573" lon="15.093626976013184">
        <ele>7.27</ele>
      </trkpt>
      <trkpt lat="37.50129461288452" lon="15.093305110931396">
        <ele>7.05</ele>
      </trkpt>
      <trkpt lat="37.50129469670355" lon="15.093305110931396">
        <ele>6.83</ele>
      </trkpt>
      <trkpt lat="37.501230239868164" lon="15.092918872833252">
        <ele>6.56</ele>
      </trkpt>
      <trkpt lat="37.50120869837701" lon="15.092639336362481">
        <ele>6.31</ele>
      </trkpt>
      <trkpt lat="37.501187324523926" lon="15.092360973358154">
        <ele>6.11</ele>
      </trkpt>
      <trkpt lat="37.501208782196045" lon="15.09208856150508">
        <ele>5.95</ele>
      </trkpt>
      <trkpt lat="37.501230323687196" lon="15.091816233471036">
        <ele>5.84</ele>
      </trkpt>
      <trkpt lat="37.501251781359315" lon="15.091545581817627">
        <ele>5.75</ele>
      </trkpt>
      <trkpt lat="37.5012731552124" lon="15.091373920440674">
        <ele>5.63</ele>
      </trkpt>
      <trkpt lat="37.50131607055664" lon="15.091159343719482">
        <ele>5.53</ele>
      </trkpt>
      <trkpt lat="37.50138052739203" lon="15.090944766998291">
        <ele>5.42</ele>
      </trkpt>
      <trkpt lat="37.501477086916566" lon="15.090708397328854">
        <ele>5.32</ele>
      </trkpt>
      <trkpt lat="37.50157356262207" lon="15.09047269821167">
        <ele>5.26</ele>
      </trkpt>
      <trkpt lat="37.501680850982666" lon="15.09021520614624">
        <ele>5.17</ele>
      </trkpt>
      <trkpt lat="37.501734578981996" lon="15.09000021032989">
        <ele>5.03</ele>
      </trkpt>
      <trkpt lat="37.50178813934326" lon="15.089786052703857">
        <ele>4.87</ele>
      </trkpt>
      <trkpt lat="37.50178813934326" lon="15.08974313735962">
        <ele>4.77</ele>
      </trkpt>
      <trkpt lat="37.50180959701538" lon="15.089614391326904">
        <ele>4.66</ele>
      </trkpt>
      <trkpt lat="37.50180959701538" lon="15.089592933654785">
        <ele>4.59</ele>
      </trkpt>
      <trkpt lat="37.5018310546875" lon="15.089550018310547">
        <ele>4.53</ele>
      </trkpt>
      <trkpt lat="37.50180959701538" lon="15.08946418762207">
        <ele>4.46</ele>
      </trkpt>
      <trkpt lat="37.50176668167114" lon="15.089335441589355">
        <ele>4.4</ele>
      </trkpt>
      <trkpt lat="37.50163801945746" lon="15.08920669555664">
        <ele>4.3</ele>
      </trkpt>
      <trkpt lat="37.50161656178534" lon="15.08920669555664">
        <ele>4.27</ele>
      </trkpt>
      <trkpt lat="37.501423358917236" lon="15.08922815322876">
        <ele>4.23</ele>
      </trkpt>
      <trkpt lat="37.50135898590088" lon="15.089292526245117">
        <ele>4.23</ele>
      </trkpt>
      <trkpt lat="37.50114440917969" lon="15.089356899261475">
        <ele>4.26</ele>
      </trkpt>
      <trkpt lat="37.500951290130615" lon="15.089313983917236">
        <ele>4.27</ele>
      </trkpt>
      <trkpt lat="37.50080108642578" lon="15.08920669555664">
        <ele>4.29</ele>
      </trkpt>
      <trkpt lat="37.50062942504883" lon="15.08899211883545">
        <ele>4.34</ele>
      </trkpt>
      <trkpt lat="37.50060805119574" lon="15.08897066116333">
        <ele>4.4</ele>
      </trkpt>
      <trkpt lat="37.50060805119574" lon="15.088949203491211">
        <ele>4.46</ele>
      </trkpt>
      <trkpt lat="37.50058650970459" lon="15.088927745819092">
        <ele>4.54</ele>
      </trkpt>
      <trkpt lat="37.50050067901611" lon="15.088906288146973">
        <ele>4.65</ele>
      </trkpt>
      <trkpt lat="37.50041484832764" lon="15.08897066116333">
        <ele>4.77</ele>
      </trkpt>
      <trkpt lat="37.50039339065552" lon="15.089056491851807">
        <ele>4.86</ele>
      </trkpt>
      <trkpt lat="37.50035055913031" lon="15.089099407196045">
        <ele>4.97</ele>
      </trkpt>
      <trkpt lat="37.50015735626221" lon="15.089335441589355">
        <ele>5.19</ele>
      </trkpt>
      <trkpt lat="37.49995375983417" lon="15.089464019984007">
        <ele>5.34</ele>
      </trkpt>
      <trkpt lat="37.49974966049194" lon="15.089592933654785">
        <ele>5.43</ele>
      </trkpt>
      <trkpt lat="37.4995566252619" lon="15.089678764343262">
        <ele>5.49</ele>
      </trkpt>
      <trkpt lat="37.49955654144287" lon="15.089678764343262">
        <ele>5.59</ele>
      </trkpt>
      <trkpt lat="37.49933165498078" lon="15.089710867032409">
        <ele>5.66</ele>
      </trkpt>
      <trkpt lat="37.49910593032837" lon="15.08974313735962">
        <ele>5.7</ele>
      </trkpt>
      <trkpt lat="37.4988055229187" lon="15.0897216796875">
        <ele>5.77</ele>
      </trkpt>
      <trkpt lat="37.498719692230225" lon="15.089657306671143">
        <ele>5.88</ele>
      </trkpt>
      <trkpt lat="37.498676776885986" lon="15.089550018310547">
        <ele>5.99</ele>
      </trkpt>
      <trkpt lat="37.49859103001654" lon="15.089528560638428">
        <ele>6.07</ele>
      </trkpt>
      <trkpt lat="37.498483657836914" lon="15.089528560638428">
        <ele>6.09</ele>
      </trkpt>
      <trkpt lat="37.49823714606464" lon="15.089689241722226">
        <ele>6.03</ele>
      </trkpt>
      <trkpt lat="37.497990718111396" lon="15.089850006625056">
        <ele>6.09</ele>
      </trkpt>
      <trkpt lat="37.49774429015815" lon="15.090010687708855">
        <ele>6.25</ele>
      </trkpt>
      <trkpt lat="37.497496604919434" lon="15.090172290802002">
        <ele>6.39</ele>
      </trkpt>
      <trkpt lat="37.49728227965534" lon="15.09030799381435">
        <ele>6.38</ele>
      </trkpt>
      <trkpt lat="37.49706795439124" lon="15.090443696826696">
        <ele>6.31</ele>
      </trkpt>
      <trkpt lat="37.49685287475586" lon="15.090579986572266">
        <ele>6.23</ele>
      </trkpt>
      <trkpt lat="37.49669227749109" lon="15.090558528900146">
        <ele>6.16</ele>
      </trkpt>
      <trkpt lat="37.49653100967407" lon="15.090537071228027">
        <ele>6.12</ele>
      </trkpt>
      <trkpt lat="37.49632749706507" lon="15.09049423970282">
        <ele>6.08</ele>
      </trkpt>
      <trkpt lat="37.49612331390381" lon="15.09045124053955">
        <ele>6.07</ele>
      </trkpt>
      <trkpt lat="37.49582776799798" lon="15.090386951342225">
        <ele>6.09</ele>
      </trkpt>
      <trkpt lat="37.49553222209215" lon="15.090322745963931">
        <ele>6.11</ele>
      </trkpt>
      <trkpt lat="37.495236760005355" lon="15.090258456766605">
        <ele>6.12</ele>
      </trkpt>
      <trkpt lat="37.494941214099526" lon="15.090194251388311">
        <ele>6.07</ele>
      </trkpt>
      <trkpt lat="37.49464273452759" lon="15.090129375457764">
        <ele>5.97</ele>
      </trkpt>
      <trkpt lat="37.49457836151123" lon="15.090107917785645">
        <ele>5.93</ele>
      </trkpt>
      <trkpt lat="37.494396390393376" lon="15.090075731277466">
        <ele>5.87</ele>
      </trkpt>
      <trkpt lat="37.49421366490424" lon="15.090043544769287">
        <ele>5.84</ele>
      </trkpt>
      <trkpt lat="37.493972685188055" lon="15.089989984408021">
        <ele>5.84</ele>
      </trkpt>
      <trkpt lat="37.493731789290905" lon="15.089936424046755">
        <ele>5.79</ele>
      </trkpt>
      <trkpt lat="37.49349080957472" lon="15.089882863685489">
        <ele>5.76</ele>
      </trkpt>
      <trkpt lat="37.493247985839844" lon="15.089828968048096">
        <ele>5.75</ele>
      </trkpt>
      <trkpt lat="37.49301237054169" lon="15.089778928086162">
        <ele>5.71</ele>
      </trkpt>
      <trkpt lat="37.49277683906257" lon="15.08972897194326">
        <ele>5.65</ele>
      </trkpt>
      <trkpt lat="37.49253988265991" lon="15.089678764343262">
        <ele>5.65</ele>
      </trkpt>
      <trkpt lat="37.49227752909064" lon="15.089619839563966">
        <ele>5.64</ele>
      </trkpt>
      <trkpt lat="37.492015175521374" lon="15.08956091478467">
        <ele>5.62</ele>
      </trkpt>
      <trkpt lat="37.491752905771136" lon="15.089502073824406">
        <ele>5.6</ele>
      </trkpt>
      <trkpt lat="37.491488456726074" lon="15.089442729949951">
        <ele>5.59</ele>
      </trkpt>
      <trkpt lat="37.491327691823244" lon="15.089356983080506">
        <ele>5.58</ele>
      </trkpt>
      <trkpt lat="37.49116659164429" lon="15.089271068572998">
        <ele>5.61</ele>
      </trkpt>
      <trkpt lat="37.49097355641425" lon="15.089088762179017">
        <ele>5.62</ele>
      </trkpt>
      <trkpt lat="37.49078035354614" lon="15.088906288146973">
        <ele>5.56</ele>
      </trkpt>
      <trkpt lat="37.490662252530456" lon="15.088713001459837">
        <ele>5.5</ele>
      </trkpt>
      <trkpt lat="37.49054431915283" lon="15.088520050048828">
        <ele>5.43</ele>
      </trkpt>
      <trkpt lat="37.490437030792236" lon="15.088262557983398">
        <ele>5.35</ele>
      </trkpt>
      <trkpt lat="37.49032597057521" lon="15.087954523041844">
        <ele>5.2</ele>
      </trkpt>
      <trkpt lat="37.49021499417722" lon="15.087646571919322">
        <ele>5.13</ele>
      </trkpt>
      <trkpt lat="37.4901039339602" lon="15.087338536977768">
        <ele>5.11</ele>
      </trkpt>
      <trkpt lat="37.48999295756221" lon="15.087030585855246">
        <ele>5.06</ele>
      </trkpt>
      <trkpt lat="37.489881897345185" lon="15.086722634732723">
        <ele>4.93</ele>
      </trkpt>
      <trkpt lat="37.48977184295654" lon="15.086417198181152">
        <ele>4.77</ele>
      </trkpt>
      <trkpt lat="37.489675199612975" lon="15.086234640330076">
        <ele>4.61</ele>
      </trkpt>
      <trkpt lat="37.48957872390747" lon="15.086052417755127">
        <ele>4.45</ele>
      </trkpt>
      <trkpt lat="37.48938568867743" lon="15.085816383361816">
        <ele>4.29</ele>
      </trkpt>
      <trkpt lat="37.4893856048584" lon="15.085816383361816">
        <ele>4.14</ele>
      </trkpt>
      <trkpt lat="37.489278400316834" lon="15.085687637329102">
        <ele>4.0</ele>
      </trkpt>
      <trkpt lat="37.4892783164978" lon="15.085687637329102">
        <ele>3.85</ele>
      </trkpt>
      <trkpt lat="37.48908528126776" lon="15.085558891296387">
        <ele>3.68</ele>
      </trkpt>
      <trkpt lat="37.48894580639899" lon="15.085430229082704">
        <ele>3.5</ele>
      </trkpt>
      <trkpt lat="37.48880624771118" lon="15.085301399230957">
        <ele>3.33</ele>
      </trkpt>
      <trkpt lat="37.488741874694824" lon="15.085129737854004">
        <ele>3.18</ele>
      </trkpt>
      <trkpt lat="37.488720417022705" lon="15.08497953414917">
        <ele>3.05</ele>
      </trkpt>
      <trkpt lat="37.488752687349916" lon="15.084753725677729">
        <ele>2.91</ele>
      </trkpt>
      <trkpt lat="37.488784873858094" lon="15.084528923034668">
        <ele>2.8</ele>
      </trkpt>
      <trkpt lat="37.48878479003906" lon="15.084528923034668">
        <ele>2.66</ele>
      </trkpt>
      <trkpt lat="37.48880624771118" lon="15.084271430969238">
        <ele>2.58</ele>
      </trkpt>
      <trkpt lat="37.4885702971369" lon="15.084228515625">
        <ele>2.26</ele>
      </trkpt>
      <trkpt lat="37.48844155110419" lon="15.084185600280762">
        <ele>2.07</ele>
      </trkpt>
      <trkpt lat="37.488248432055116" lon="15.084164142608643">
        <ele>1.92</ele>
      </trkpt>
      <trkpt lat="37.48814114369452" lon="15.084164142608643">
        <ele>1.87</ele>
      </trkpt>
      <trkpt lat="37.487990856170654" lon="15.084185600280762">
        <ele>1.87</ele>
      </trkpt>
      <trkpt lat="37.487969398498535" lon="15.084121227264404">
        <ele>1.82</ele>
      </trkpt>
      <trkpt lat="37.48788356781006" lon="15.084164142608643">
        <ele>1.82</ele>
      </trkpt>
      <trkpt lat="37.48764803633094" lon="15.084142684936523">
        <ele>1.88</ele>
      </trkpt>
      <trkpt lat="37.48741250485182" lon="15.084121311083436">
        <ele>1.84</ele>
      </trkpt>
      <trkpt lat="37.4871769733727" lon="15.084099853411317">
        <ele>1.77</ele>
      </trkpt>
      <trkpt lat="37.486939430236816" lon="15.084078311920166">
        <ele>1.76</ele>
      </trkpt>
      <trkpt lat="37.48662888072431" lon="15.084046125411987">
        <ele>1.73</ele>
      </trkpt>
      <trkpt lat="37.48631715774536" lon="15.084013938903809">
        <ele>1.75</ele>
      </trkpt>
      <trkpt lat="37.486156560480595" lon="15.084003210067749">
        <ele>1.77</ele>
      </trkpt>
      <trkpt lat="37.485995292663574" lon="15.08399248123169">
        <ele>1.82</ele>
      </trkpt>
      <trkpt lat="37.48588800430298" lon="15.08397102355957">
        <ele>1.88</ele>
      </trkpt>
      <trkpt lat="37.48559354804456" lon="15.083933472633362">
        <ele>1.96</ele>
      </trkpt>
      <trkpt lat="37.485299091786146" lon="15.083896005526185">
        <ele>2.0</ele>
      </trkpt>
      <trkpt lat="37.48500471934676" lon="15.083858538419008">
        <ele>2.08</ele>
      </trkpt>
      <trkpt lat="37.484707832336426" lon="15.083820819854736">
        <ele>2.19</ele>
      </trkpt>
      <trkpt lat="37.48442938551307" lon="15.08377798832953">
        <ele>2.2</ele>
      </trkpt>
      <trkpt lat="37.48414993286133" lon="15.08373498916626">
        <ele>2.27</ele>
      </trkpt>
      <trkpt lat="37.483956813812256" lon="15.083563327789307">
        <ele>2.34</ele>
      </trkpt>
      <trkpt lat="37.48387106694281" lon="15.08347749710083">
        <ele>2.41</ele>
      </trkpt>
      <trkpt lat="37.483763694763184" lon="15.08349895477295">
        <ele>2.48</ele>
      </trkpt>
      <trkpt lat="37.483720779418945" lon="15.083606243133545">
        <ele>2.56</ele>
      </trkpt>
      <trkpt lat="37.48357057571411" lon="15.083649158477783">
        <ele>2.64</ele>
      </trkpt>
      <trkpt lat="37.48330285772681" lon="15.083649074658751">
        <ele>2.65</ele>
      </trkpt>
      <trkpt lat="37.48303413391113" lon="15.083649158477783">
        <ele>2.71</ele>
      </trkpt>
      <trkpt lat="37.48272626660764" lon="15.08361965417862">
        <ele>2.82</ele>
      </trkpt>
      <trkpt lat="37.48241848312318" lon="15.083590233698487">
        <ele>2.92</ele>
      </trkpt>
      <trkpt lat="37.482110699638724" lon="15.083560813218355">
        <ele>3.02</ele>
      </trkpt>
      <trkpt lat="37.481802916154265" lon="15.083531308919191">
        <ele>3.08</ele>
      </trkpt>
      <trkpt lat="37.48149513266981" lon="15.08350188843906">
        <ele>3.17</ele>
      </trkpt>
      <trkpt lat="37.48118734918535" lon="15.083472467958927">
        <ele>3.24</ele>
      </trkpt>
      <trkpt lat="37.48087948188186" lon="15.083443047478795">
        <ele>3.25</ele>
      </trkpt>
      <trkpt lat="37.48056650161743" lon="15.083413124084473">
        <ele>3.24</ele>
      </trkpt>
      <trkpt lat="37.48039492405951" lon="15.083391666412354">
        <ele>3.26</ele>
      </trkpt>
      <trkpt lat="37.48015930876136" lon="15.083370208740234">
        <ele>3.28</ele>
      </trkpt>
      <trkpt lat="37.47992277145386" lon="15.083348751068115">
        <ele>3.29</ele>
      </trkpt>
      <trkpt lat="37.47977256774902" lon="15.083262920379639">
        <ele>3.33</ele>
      </trkpt>
      <trkpt lat="37.47968673706055" lon="15.08324146270752">
        <ele>3.36</ele>
      </trkpt>
      <trkpt lat="37.47960090637207" lon="15.083284378051758">
        <ele>3.36</ele>
      </trkpt>
      <trkpt lat="37.479450702667236" lon="15.083348751068115">
        <ele>3.36</ele>
      </trkpt>
      <trkpt lat="37.479257583618164" lon="15.083348751068115">
        <ele>3.35</ele>
      </trkpt>
      <trkpt lat="37.47908592224121" lon="15.083348751068115">
        <ele>3.37</ele>
      </trkpt>
      <trkpt lat="37.478786101564765" lon="15.083359396085143">
        <ele>3.38</ele>
      </trkpt>
      <trkpt lat="37.478485107421875" lon="15.083370208740234">
        <ele>3.39</ele>
      </trkpt>
      <trkpt lat="37.47821747325361" lon="15.083391582593322">
        <ele>3.41</ele>
      </trkpt>
      <trkpt lat="37.47794983908534" lon="15.08341295644641">
        <ele>3.44</ele>
      </trkpt>
      <trkpt lat="37.47768220491707" lon="15.083434414118528">
        <ele>3.47</ele>
      </trkpt>
      <trkpt lat="37.477414570748806" lon="15.083455787971616">
        <ele>3.5</ele>
      </trkpt>
      <trkpt lat="37.47714693658054" lon="15.083477245643735">
        <ele>3.43</ele>
      </trkpt>
      <trkpt lat="37.47687586583197" lon="15.08349895477295">
        <ele>3.4</ele>
      </trkpt>
      <trkpt lat="37.47687578201294" lon="15.08349895477295">
        <ele>3.42</ele>
      </trkpt>
      <trkpt lat="37.47657596133649" lon="15.083520328626037">
        <ele>3.54</ele>
      </trkpt>
      <trkpt lat="37.47627622447908" lon="15.083541702479124">
        <ele>3.7</ele>
      </trkpt>
      <trkpt lat="37.475976487621665" lon="15.083563160151243">
        <ele>3.71</ele>
      </trkpt>
      <trkpt lat="37.47567666694522" lon="15.08358453400433">
        <ele>3.7</ele>
      </trkpt>
      <trkpt lat="37.4753737449646" lon="15.083606243133545">
        <ele>3.74</ele>
      </trkpt>
      <trkpt lat="37.47505967505276" lon="15.083606243133545">
        <ele>3.73</ele>
      </trkpt>
      <trkpt lat="37.474745688959956" lon="15.083606243133545">
        <ele>3.72</ele>
      </trkpt>
      <trkpt lat="37.47442969121039" lon="15.083606243133545">
        <ele>3.73</ele>
      </trkpt>
      <trkpt lat="37.47442960739136" lon="15.083606243133545">
        <ele>3.76</ele>
      </trkpt>
      <trkpt lat="37.47426901012659" lon="15.083606243133545">
        <ele>3.81</ele>
      </trkpt>
      <trkpt lat="37.4741078261286" lon="15.083606243133545">
        <ele>3.85</ele>
      </trkpt>
      <trkpt lat="37.4737972766161" lon="15.083584785461426">
        <ele>3.89</ele>
      </trkpt>
      <trkpt lat="37.473485469818115" lon="15.083563327789307">
        <ele>3.92</ele>
      </trkpt>
      <trkpt lat="37.47319637797773" lon="15.083541870117188">
        <ele>3.93</ele>
      </trkpt>
      <trkpt lat="37.47290619648993" lon="15.083520412445068">
        <ele>3.93</ele>
      </trkpt>
      <trkpt lat="37.47267058119178" lon="15.083509683609009">
        <ele>3.96</ele>
      </trkpt>
      <trkpt lat="37.47243404388428" lon="15.08349895477295">
        <ele>4.02</ele>
      </trkpt>
      <trkpt lat="37.47219851240516" lon="15.08347749710083">
        <ele>4.09</ele>
      </trkpt>
      <trkpt lat="37.47196298092604" lon="15.083456123247743">
        <ele>4.09</ele>
      </trkpt>
      <trkpt lat="37.47172744944692" lon="15.083434665575624">
        <ele>4.06</ele>
      </trkpt>
      <trkpt lat="37.47148999013007" lon="15.083413124084473">
        <ele>4.05</ele>
      </trkpt>
      <trkpt lat="37.471275413408875" lon="15.083391666412354">
        <ele>4.04</ele>
      </trkpt>
      <trkpt lat="37.47105052694678" lon="15.083380937576294">
        <ele>4.04</ele>
      </trkpt>
      <trkpt lat="37.47082471847534" lon="15.083370208740234">
        <ele>3.98</ele>
      </trkpt>
      <trkpt lat="37.47054576873779" lon="15.083348751068115">
        <ele>3.95</ele>
      </trkpt>
      <trkpt lat="37.47023530304432" lon="15.083341542631388">
        <ele>3.94</ele>
      </trkpt>
      <trkpt lat="37.469924837350845" lon="15.083334418013692">
        <ele>3.9</ele>
      </trkpt>
      <trkpt lat="37.46961437165737" lon="15.083327293395996">
        <ele>3.88</ele>
      </trkpt>
      <trkpt lat="37.4693039059639" lon="15.0833201687783">
        <ele>3.86</ele>
      </trkpt>
      <trkpt lat="37.468993440270424" lon="15.083313044160604">
        <ele>3.79</ele>
      </trkpt>
      <trkpt lat="37.46867895126343" lon="15.083305835723877">
        <ele>3.62</ele>
      </trkpt>
      <trkpt lat="37.46837301179767" lon="15.083331819623709">
        <ele>3.46</ele>
      </trkpt>
      <trkpt lat="37.46806715615094" lon="15.08335780352354">
        <ele>3.46</ele>
      </trkpt>
      <trkpt lat="37.46776130050421" lon="15.083383787423372">
        <ele>3.46</ele>
      </trkpt>
      <trkpt lat="37.467455361038446" lon="15.083409771323204">
        <ele>3.46</ele>
      </trkpt>
      <trkpt lat="37.46714950539172" lon="15.083435839042068">
        <ele>3.46</ele>
      </trkpt>
      <trkpt lat="37.46684364974499" lon="15.0834618229419">
        <ele>3.39</ele>
      </trkpt>
      <trkpt lat="37.46653779409826" lon="15.083487806841731">
        <ele>3.36</ele>
      </trkpt>
      <trkpt lat="37.4662318546325" lon="15.083513790741563">
        <ele>3.33</ele>
      </trkpt>
      <trkpt lat="37.46592599898577" lon="15.083539774641395">
        <ele>3.33</ele>
      </trkpt>
      <trkpt lat="37.46562014333904" lon="15.083565842360258">
        <ele>3.35</ele>
      </trkpt>
      <trkpt lat="37.46531428769231" lon="15.08359182626009">
        <ele>3.3</ele>
      </trkpt>
      <trkpt lat="37.46500834822655" lon="15.083617810159922">
        <ele>3.22</ele>
      </trkpt>
      <trkpt lat="37.46470249257982" lon="15.083643794059753">
        <ele>3.15</ele>
      </trkpt>
      <trkpt lat="37.46438750065863" lon="15.083670616149902">
        <ele>3.15</ele>
      </trkpt>
      <trkpt lat="37.464087679982185" lon="15.083694336935878">
        <ele>3.13</ele>
      </trkpt>
      <trkpt lat="37.46378794312477" lon="15.083718141540885">
        <ele>3.1</ele>
      </trkpt>
      <trkpt lat="37.46348820626736" lon="15.083741946145892">
        <ele>3.11</ele>
      </trkpt>
      <trkpt lat="37.46318838559091" lon="15.0837657507509">
        <ele>3.1</ele>
      </trkpt>
      <trkpt lat="37.4628886487335" lon="15.083789555355906">
        <ele>3.09</ele>
      </trkpt>
      <trkpt lat="37.46258891187608" lon="15.083813359960914">
        <ele>3.07</ele>
      </trkpt>
      <trkpt lat="37.46228909119964" lon="15.08383708074689">
        <ele>3.03</ele>
      </trkpt>
      <trkpt lat="37.46198935434222" lon="15.083860885351896">
        <ele>3.0</ele>
      </trkpt>
      <trkpt lat="37.46168383397162" lon="15.083885192871094">
        <ele>2.95</ele>
      </trkpt>
      <trkpt lat="37.46168375015259" lon="15.083885192871094">
        <ele>2.96</ele>
      </trkpt>
      <trkpt lat="37.461398262530565" lon="15.083910170942545">
        <ele>2.92</ele>
      </trkpt>
      <trkpt lat="37.46111277490854" lon="15.083935149013996">
        <ele>2.95</ele>
      </trkpt>
      <trkpt lat="37.46082728728652" lon="15.083960127085447">
        <ele>3.05</ele>
      </trkpt>
      <trkpt lat="37.4605417996645" lon="15.083985105156898">
        <ele>3.08</ele>
      </trkpt>
      <trkpt lat="37.460256312042475" lon="15.08401008322835">
        <ele>3.15</ele>
      </trkpt>
      <trkpt lat="37.45996722020209" lon="15.084035396575928">
        <ele>3.19</ele>
      </trkpt>
      <trkpt lat="37.4596593528986" lon="15.084062134847045">
        <ele>3.17</ele>
      </trkpt>
      <trkpt lat="37.45935156941414" lon="15.084088873118162">
        <ele>3.16</ele>
      </trkpt>
      <trkpt lat="37.45904378592968" lon="15.084115695208311">
        <ele>3.21</ele>
      </trkpt>
      <trkpt lat="37.45873600244522" lon="15.084142433479428">
        <ele>3.28</ele>
      </trkpt>
      <trkpt lat="37.45842821896076" lon="15.084169171750546">
        <ele>3.38</ele>
      </trkpt>
      <trkpt lat="37.4581204354763" lon="15.084195910021663">
        <ele>3.41</ele>
      </trkpt>
      <trkpt lat="37.457812651991844" lon="15.084222732111812">
        <ele>3.41</ele>
      </trkpt>
      <trkpt lat="37.45750478468835" lon="15.084249470382929">
        <ele>3.4</ele>
      </trkpt>
      <trkpt lat="37.457197001203895" lon="15.084276208654046">
        <ele>3.45</ele>
      </trkpt>
      <trkpt lat="37.456889217719436" lon="15.084303030744195">
        <ele>3.51</ele>
      </trkpt>
      <trkpt lat="37.45658143423498" lon="15.084329769015312">
        <ele>3.56</ele>
      </trkpt>
      <trkpt lat="37.45627365075052" lon="15.08435650728643">
        <ele>3.51</ele>
      </trkpt>
      <trkpt lat="37.45596586726606" lon="15.084383329376578">
        <ele>3.45</ele>
      </trkpt>
      <trkpt lat="37.4556580837816" lon="15.084410067647696">
        <ele>3.4</ele>
      </trkpt>
      <trkpt lat="37.45535030029714" lon="15.084436805918813">
        <ele>3.33</ele>
      </trkpt>
      <trkpt lat="37.455031955614686" lon="15.08446455001831">
        <ele>3.32</ele>
      </trkpt>
      <trkpt lat="37.455031871795654" lon="15.08446455001831">
        <ele>3.31</ele>
      </trkpt>
      <trkpt lat="37.454739175736904" lon="15.084488270804286">
        <ele>3.3</ele>
      </trkpt>
      <trkpt lat="37.454446563497186" lon="15.084512075409293">
        <ele>3.28</ele>
      </trkpt>
      <trkpt lat="37.45415395125747" lon="15.0845358800143">
        <ele>3.32</ele>
      </trkpt>
      <trkpt lat="37.45386133901775" lon="15.084559684619308">
        <ele>3.38</ele>
      </trkpt>
      <trkpt lat="37.45356872677803" lon="15.084583489224315">
        <ele>3.39</ele>
      </trkpt>
      <trkpt lat="37.45327611453831" lon="15.084607293829322">
        <ele>3.36</ele>
      </trkpt>
      <trkpt lat="37.45298350229859" lon="15.084631014615297">
        <ele>3.3</ele>
      </trkpt>
      <trkpt lat="37.452690890058875" lon="15.084654819220304">
        <ele>3.24</ele>
      </trkpt>
      <trkpt lat="37.45239266194403" lon="15.084679126739502">
        <ele>3.2</ele>
      </trkpt>
      <trkpt lat="37.45216777548194" lon="15.08468977175653">
        <ele>3.16</ele>
      </trkpt>
      <trkpt lat="37.45194205082953" lon="15.084700584411621">
        <ele>3.14</ele>
      </trkpt>
      <trkpt lat="37.451636865735054" lon="15.084732687100768">
        <ele>3.07</ele>
      </trkpt>
      <trkpt lat="37.45133176445961" lon="15.084764789789915">
        <ele>3.02</ele>
      </trkpt>
      <trkpt lat="37.451026663184166" lon="15.084796892479062">
        <ele>2.99</ele>
      </trkpt>
      <trkpt lat="37.45071896351874" lon="15.084829330444336">
        <ele>2.94</ele>
      </trkpt>
      <trkpt lat="37.45040665380657" lon="15.084854308515787">
        <ele>2.89</ele>
      </trkpt>
      <trkpt lat="37.45009442791343" lon="15.084879286587238">
        <ele>2.85</ele>
      </trkpt>
      <trkpt lat="37.449782118201256" lon="15.08490426465869">
        <ele>2.78</ele>
      </trkpt>
      <trkpt lat="37.449469892308116" lon="15.08492924273014">
        <ele>2.68</ele>
      </trkpt>
      <trkpt lat="37.449157582595944" lon="15.084954220801592">
        <ele>2.53</ele>
      </trkpt>
      <trkpt lat="37.448845356702805" lon="15.084979198873043">
        <ele>2.37</ele>
      </trkpt>
      <trkpt lat="37.448533130809665" lon="15.085004176944494">
        <ele>2.31</ele>
      </trkpt>
      <trkpt lat="37.44822082109749" lon="15.085029155015945">
        <ele>2.33</ele>
      </trkpt>
      <trkpt lat="37.44790859520435" lon="15.085054133087397">
        <ele>2.31</ele>
      </trkpt>
      <trkpt lat="37.44759628549218" lon="15.085079111158848">
        <ele>2.27</ele>
      </trkpt>
      <trkpt lat="37.44728405959904" lon="15.085104089230299">
        <ele>2.29</ele>
      </trkpt>
      <trkpt lat="37.44696378707886" lon="15.085129737854004">
        <ele>2.23</ele>
      </trkpt>
      <trkpt lat="37.44676027446985" lon="15.085076177492738">
        <ele>2.16</ele>
      </trkpt>
      <trkpt lat="37.446556091308594" lon="15.085022449493408">
        <ele>2.11</ele>
      </trkpt>
      <trkpt lat="37.44634184986353" lon="15.084925973787904">
        <ele>2.05</ele>
      </trkpt>
      <trkpt lat="37.44612693786621" lon="15.084829330444336">
        <ele>2.01</ele>
      </trkpt>
      <trkpt lat="37.44595536030829" lon="15.084679210558534">
        <ele>2.0</ele>
      </trkpt>
      <trkpt lat="37.445783615112305" lon="15.084528923034668">
        <ele>2.01</ele>
      </trkpt>
      <trkpt lat="37.44565478526056" lon="15.084357177838683">
        <ele>2.07</ele>
      </trkpt>
      <trkpt lat="37.445526123046875" lon="15.084185600280762">
        <ele>2.1</ele>
      </trkpt>
      <trkpt lat="37.44539729319513" lon="15.083960127085447">
        <ele>2.14</ele>
      </trkpt>
      <trkpt lat="37.445268630981445" lon="15.08373498916626">
        <ele>2.2</ele>
      </trkpt>
      <trkpt lat="37.445193361490965" lon="15.083477078005672">
        <ele>2.26</ele>
      </trkpt>
      <trkpt lat="37.44511842727661" lon="15.0832200050354">
        <ele>2.3</ele>
      </trkpt>
      <trkpt lat="37.445054054260254" lon="15.082898139953613">
        <ele>2.29</ele>
      </trkpt>
      <trkpt lat="37.4450414814055" lon="15.08253252133727">
        <ele>2.28</ele>
      </trkpt>
      <trkpt lat="37.44502890855074" lon="15.08216698653996">
        <ele>2.3</ele>
      </trkpt>
      <trkpt lat="37.445016419515014" lon="15.081801451742649">
        <ele>2.36</ele>
      </trkpt>
      <trkpt lat="37.445003846660256" lon="15.081435916945338">
        <ele>2.48</ele>
      </trkpt>
      <trkpt lat="37.44499135762453" lon="15.081070382148027">
        <ele>2.59</ele>
      </trkpt>
      <trkpt lat="37.44497878476977" lon="15.080704847350717">
        <ele>2.67</ele>
      </trkpt>
      <trkpt lat="37.44496629573405" lon="15.080339312553406">
        <ele>2.78</ele>
      </trkpt>
      <trkpt lat="37.44495372287929" lon="15.079973777756095">
        <ele>2.85</ele>
      </trkpt>
      <trkpt lat="37.44494115002453" lon="15.079608242958784">
        <ele>2.87</ele>
      </trkpt>
      <trkpt lat="37.44492866098881" lon="15.079242708161473">
        <ele>2.88</ele>
      </trkpt>
      <trkpt lat="37.44491608813405" lon="15.078877173364162">
        <ele>2.95</ele>
      </trkpt>
      <trkpt lat="37.44490385055542" lon="15.078520774841309">
        <ele>3.04</ele>
      </trkpt>
      <trkpt lat="37.44489949196577" lon="15.07816806435585">
        <ele>3.12</ele>
      </trkpt>
      <trkpt lat="37.44489521719515" lon="15.077815437689424">
        <ele>3.12</ele>
      </trkpt>
      <trkpt lat="37.444890942424536" lon="15.077462811022997">
        <ele>3.12</ele>
      </trkpt>
      <trkpt lat="37.44488658383489" lon="15.07711018435657">
        <ele>3.21</ele>
      </trkpt>
      <trkpt lat="37.4448823928833" lon="15.076761245727539">
        <ele>3.37</ele>
      </trkpt>
      <trkpt lat="37.4448823928833" lon="15.07673978805542">
        <ele>3.43</ele>
      </trkpt>
      <trkpt lat="37.44486101903021" lon="15.076632499694824">
        <ele>3.52</ele>
      </trkpt>
      <trkpt lat="37.44486093521118" lon="15.076611042022705">
        <ele>3.59</ele>
      </trkpt>
      <trkpt lat="37.444796562194824" lon="15.076375007629395">
        <ele>3.68</ele>
      </trkpt>
      <trkpt lat="37.444764291867614" lon="15.075991535559297">
        <ele>3.69</ele>
      </trkpt>
      <trkpt lat="37.4447320215404" lon="15.075608063489199">
        <ele>3.79</ele>
      </trkpt>
      <trkpt lat="37.444699835032225" lon="15.075224675238132">
        <ele>3.89</ele>
      </trkpt>
      <trkpt lat="37.444667564705014" lon="15.074841203168035">
        <ele>3.91</ele>
      </trkpt>
      <trkpt lat="37.444635378196836" lon="15.074457731097937">
        <ele>3.92</ele>
      </trkpt>
      <trkpt lat="37.444603526964784" lon="15.074079036712646">
        <ele>4.06</ele>
      </trkpt>
      <trkpt lat="37.44457117281854" lon="15.073788771405816">
        <ele>4.17</ele>
      </trkpt>
      <trkpt lat="37.444539070129395" lon="15.07349967956543">
        <ele>4.23</ele>
      </trkpt>
      <trkpt lat="37.444506799802184" lon="15.07325241342187">
        <ele>4.28</ele>
      </trkpt>
      <trkpt lat="37.44447469711304" lon="15.07300615310669">
        <ele>4.31</ele>
      </trkpt>
      <trkpt lat="37.444463884457946" lon="15.072791073471308">
        <ele>4.32</ele>
      </trkpt>
      <trkpt lat="37.44445323944092" lon="15.072576999664307">
        <ele>4.34</ele>
      </trkpt>
      <trkpt lat="37.44441828690469" lon="15.072206100448966">
        <ele>4.36</ele>
      </trkpt>
      <trkpt lat="37.44438333436847" lon="15.071835201233625">
        <ele>4.49</ele>
      </trkpt>
      <trkpt lat="37.44434838183224" lon="15.071464302018285">
        <ele>4.68</ele>
      </trkpt>
      <trkpt lat="37.44431351311505" lon="15.071093402802944">
        <ele>4.8</ele>
      </trkpt>
      <trkpt lat="37.44427856057882" lon="15.070722503587604">
        <ele>4.82</ele>
      </trkpt>
      <trkpt lat="37.4442436080426" lon="15.070351604372263">
        <ele>4.87</ele>
      </trkpt>
      <trkpt lat="37.444208739325404" lon="15.069980705156922">
        <ele>4.98</ele>
      </trkpt>
      <trkpt lat="37.4441743735224" lon="15.069615840911865">
        <ele>5.01</ele>
      </trkpt>
      <trkpt lat="37.44413849897683" lon="15.069293305277824">
        <ele>5.07</ele>
      </trkpt>
      <trkpt lat="37.44410262443125" lon="15.068970769643784">
        <ele>5.14</ele>
      </trkpt>
      <trkpt lat="37.44406700134277" lon="15.068650245666504">
        <ele>5.23</ele>
      </trkpt>
      <trkpt lat="37.44401318952441" lon="15.068413792178035">
        <ele>5.28</ele>
      </trkpt>
      <trkpt lat="37.44395971298218" lon="15.068178176879883">
        <ele>5.31</ele>
      </trkpt>
      <trkpt lat="37.44389517232776" lon="15.067963264882565">
        <ele>5.32</ele>
      </trkpt>
      <trkpt lat="37.44383096694946" lon="15.0677490234375">
        <ele>5.36</ele>
      </trkpt>
      <trkpt lat="37.443702053278685" lon="15.067505612969398">
        <ele>5.42</ele>
      </trkpt>
      <trkpt lat="37.44357322342694" lon="15.067262202501297">
        <ele>5.45</ele>
      </trkpt>
      <trkpt lat="37.44344472885132" lon="15.06701946258545">
        <ele>5.45</ele>
      </trkpt>
      <trkpt lat="37.44323015213013" lon="15.06675124168396">
        <ele>5.46</ele>
      </trkpt>
      <trkpt lat="37.443015575408936" lon="15.06648302078247">
        <ele>5.52</ele>
      </trkpt>
      <trkpt lat="37.442779541015625" lon="15.066225528717041">
        <ele>5.54</ele>
      </trkpt>
      <trkpt lat="37.442543506622314" lon="15.066053867340088">
        <ele>5.52</ele>
      </trkpt>
      <trkpt lat="37.44239321909845" lon="15.065849935635924">
        <ele>5.54</ele>
      </trkpt>
      <trkpt lat="37.44224309921265" lon="15.065646171569824">
        <ele>5.56</ele>
      </trkpt>
      <trkpt lat="37.44215726852417" lon="15.065646171569824">
        <ele>5.55</ele>
      </trkpt>
      <trkpt lat="37.44187354110181" lon="15.065640807151794">
        <ele>5.51</ele>
      </trkpt>
      <trkpt lat="37.44158981367946" lon="15.065635442733765">
        <ele>5.52</ele>
      </trkpt>
      <trkpt lat="37.4413060862571" lon="15.065630078315735">
        <ele>5.57</ele>
      </trkpt>
      <trkpt lat="37.441020011901855" lon="15.065624713897705">
        <ele>5.69</ele>
      </trkpt>
      <trkpt lat="37.44072019122541" lon="15.065619349479675">
        <ele>5.73</ele>
      </trkpt>
      <trkpt lat="37.440420454367995" lon="15.065613985061646">
        <ele>5.67</ele>
      </trkpt>
      <trkpt lat="37.44012071751058" lon="15.065608620643616">
        <ele>5.57</ele>
      </trkpt>
      <trkpt lat="37.439818466082215" lon="15.065603256225586">
        <ele>5.56</ele>
      </trkpt>
      <trkpt lat="37.43952836841345" lon="15.065601244568825">
        <ele>5.62</ele>
      </trkpt>
      <trkpt lat="37.43923835456371" lon="15.065599316731095">
        <ele>5.66</ele>
      </trkpt>
      <trkpt lat="37.43894834071398" lon="15.065597388893366">
        <ele>5.64</ele>
      </trkpt>
      <trkpt lat="37.43865832686424" lon="15.065595461055636">
        <ele>5.57</ele>
      </trkpt>
      <trkpt lat="37.438368229195476" lon="15.065593449398875">
        <ele>5.46</ele>
      </trkpt>
      <trkpt lat="37.43807821534574" lon="15.065591521561146">
        <ele>5.36</ele>
      </trkpt>
      <trkpt lat="37.437788201496005" lon="15.065589593723416">
        <ele>5.24</ele>
      </trkpt>
      <trkpt lat="37.43749818764627" lon="15.065587665885687">
        <ele>5.14</ele>
      </trkpt>
      <trkpt lat="37.4372080899775" lon="15.065585654228926">
        <ele>5.08</ele>
      </trkpt>
      <trkpt lat="37.43691807612777" lon="15.065583726391196">
        <ele>4.99</ele>
      </trkpt>
      <trkpt lat="37.43662118911743" lon="15.065581798553467">
        <ele>4.84</ele>
      </trkpt>
      <trkpt lat="37.436513900756836" lon="15.065581798553467">
        <ele>4.7</ele>
      </trkpt>
      <trkpt lat="37.43623553775251" lon="15.065571069717407">
        <ele>4.57</ele>
      </trkpt>
      <trkpt lat="37.43595717474818" lon="15.065560340881348">
        <ele>4.51</ele>
      </trkpt>
      <trkpt lat="37.43567889556289" lon="15.065549612045288">
        <ele>4.49</ele>
      </trkpt>
      <trkpt lat="37.43539818562567" lon="15.065538883209229">
        <ele>4.43</ele>
      </trkpt>
      <trkpt lat="37.435312354937196" lon="15.065538883209229">
        <ele>4.37</ele>
      </trkpt>
      <trkpt lat="37.43514094501734" lon="15.065538883209229">
        <ele>4.29</ele>
      </trkpt>
      <trkpt lat="37.43496894836426" lon="15.065538883209229">
        <ele>4.19</ele>
      </trkpt>
      <trkpt lat="37.43469594977796" lon="15.065538883209229">
        <ele>4.13</ele>
      </trkpt>
      <trkpt lat="37.434422951191664" lon="15.065538883209229">
        <ele>4.09</ele>
      </trkpt>
      <trkpt lat="37.43414995260537" lon="15.065538883209229">
        <ele>4.01</ele>
      </trkpt>
      <trkpt lat="37.43387460708618" lon="15.065538883209229">
        <ele>3.98</ele>
      </trkpt>
      <trkpt lat="37.433628346771" lon="15.065538883209229">
        <ele>3.95</ele>
      </trkpt>
      <trkpt lat="37.43338116444647" lon="15.065538883209229">
        <ele>3.9</ele>
      </trkpt>
      <trkpt lat="37.43312845006585" lon="15.06553452461958">
        <ele>3.83</ele>
      </trkpt>
      <trkpt lat="37.43287581950426" lon="15.065530249848962">
        <ele>3.79</ele>
      </trkpt>
      <trkpt lat="37.43262318894267" lon="15.065525975078344">
        <ele>3.76</ele>
      </trkpt>
      <trkpt lat="37.43237047456205" lon="15.065521700307727">
        <ele>3.71</ele>
      </trkpt>
      <trkpt lat="37.432115161791444" lon="15.06551742553711">
        <ele>3.65</ele>
      </trkpt>
      <trkpt lat="37.431819615885615" lon="15.06551306694746">
        <ele>3.63</ele>
      </trkpt>
      <trkpt lat="37.43152415379882" lon="15.065508792176843">
        <ele>3.68</ele>
      </trkpt>
      <trkpt lat="37.43122869171202" lon="15.065504517406225">
        <ele>3.69</ele>
      </trkpt>
      <trkpt lat="37.430933229625225" lon="15.065500242635608">
        <ele>3.61</ele>
      </trkpt>
      <trkpt lat="37.43063458241522" lon="15.06549596786499">
        <ele>3.53</ele>
      </trkpt>
      <trkpt lat="37.43063449859619" lon="15.06549596786499">
        <ele>3.52</ele>
      </trkpt>
      <trkpt lat="37.430350771173835" lon="15.06549060344696">
        <ele>3.51</ele>
      </trkpt>
      <trkpt lat="37.43006704375148" lon="15.06548523902893">
        <ele>3.53</ele>
      </trkpt>
      <trkpt lat="37.42978340014815" lon="15.0654798746109">
        <ele>3.57</ele>
      </trkpt>
      <trkpt lat="37.4294996727258" lon="15.065474510192871">
        <ele>3.61</ele>
      </trkpt>
      <trkpt lat="37.42921602912247" lon="15.065469145774841">
        <ele>3.62</ele>
      </trkpt>
      <trkpt lat="37.428932301700115" lon="15.065463781356812">
        <ele>3.6</ele>
      </trkpt>
      <trkpt lat="37.42864865809679" lon="15.065458416938782">
        <ele>3.59</ele>
      </trkpt>
      <trkpt lat="37.428360069170594" lon="15.065453052520752">
        <ele>3.59</ele>
      </trkpt>
      <trkpt lat="37.42814591154456" lon="15.06545296870172">
        <ele>3.63</ele>
      </trkpt>
      <trkpt lat="37.42793175391853" lon="15.06545296870172">
        <ele>3.65</ele>
      </trkpt>
      <trkpt lat="37.42771625518799" lon="15.065453052520752">
        <ele>3.66</ele>
      </trkpt>
      <trkpt lat="37.42748072370887" lon="15.065445844084024">
        <ele>3.66</ele>
      </trkpt>
      <trkpt lat="37.42724519222975" lon="15.065438719466329">
        <ele>3.63</ele>
      </trkpt>
      <trkpt lat="37.42700815200806" lon="15.065431594848633">
        <ele>3.63</ele>
      </trkpt>
      <trkpt lat="37.426716880872846" lon="15.065427236258984">
        <ele>3.63</ele>
      </trkpt>
      <trkpt lat="37.426425693556666" lon="15.065422961488366">
        <ele>3.64</ele>
      </trkpt>
      <trkpt lat="37.42613450624049" lon="15.065418686717749">
        <ele>3.68</ele>
      </trkpt>
      <trkpt lat="37.42584331892431" lon="15.065414411947131">
        <ele>3.69</ele>
      </trkpt>
      <trkpt lat="37.425549030303955" lon="15.065410137176514">
        <ele>3.62</ele>
      </trkpt>
      <trkpt lat="37.425302769988775" lon="15.065367305651307">
        <ele>3.62</ele>
      </trkpt>
      <trkpt lat="37.425055503845215" lon="15.065324306488037">
        <ele>3.63</ele>
      </trkpt>
      <trkpt lat="37.424905551597476" lon="15.065260017290711">
        <ele>3.66</ele>
      </trkpt>
      <trkpt lat="37.42475509643555" lon="15.065195560455322">
        <ele>3.69</ele>
      </trkpt>
      <trkpt lat="37.42461562156677" lon="15.065056085586548">
        <ele>3.7</ele>
      </trkpt>
      <trkpt lat="37.424476146698" lon="15.064916610717773">
        <ele>3.7</ele>
      </trkpt>
      <trkpt lat="37.424304485321045" lon="15.064659118652344">
        <ele>3.7</ele>
      </trkpt>
      <trkpt lat="37.42417582310736" lon="15.064573287963867">
        <ele>3.74</ele>
      </trkpt>
      <trkpt lat="37.42400407791138" lon="15.064530372619629">
        <ele>3.8</ele>
      </trkpt>
      <trkpt lat="37.42387533187866" lon="15.064551830291748">
        <ele>3.85</ele>
      </trkpt>
      <trkpt lat="37.42372512817383" lon="15.064637660980225">
        <ele>3.87</ele>
      </trkpt>
      <trkpt lat="37.423617923632264" lon="15.06474494934082">
        <ele>3.88</ele>
      </trkpt>
      <trkpt lat="37.423531925305724" lon="15.064927507191896">
        <ele>3.9</ele>
      </trkpt>
      <trkpt lat="37.42344617843628" lon="15.065109729766846">
        <ele>3.94</ele>
      </trkpt>
      <trkpt lat="37.423338890075684" lon="15.065217018127441">
        <ele>3.98</ele>
      </trkpt>
      <trkpt lat="37.42310285568237" lon="15.065345764160156">
        <ele>4.04</ele>
      </trkpt>
      <trkpt lat="37.422823905944824" lon="15.065367221832275">
        <ele>4.15</ele>
      </trkpt>
      <trkpt lat="37.42251344025135" lon="15.065367221832275">
        <ele>4.21</ele>
      </trkpt>
      <trkpt lat="37.42220297455788" lon="15.065367221832275">
        <ele>4.25</ele>
      </trkpt>
      <trkpt lat="37.4218925088644" lon="15.065367221832275">
        <ele>4.32</ele>
      </trkpt>
      <trkpt lat="37.421579360961914" lon="15.065367221832275">
        <ele>4.35</ele>
      </trkpt>
      <trkpt lat="37.421311642974615" lon="15.065356492996216">
        <ele>4.38</ele>
      </trkpt>
      <trkpt lat="37.421042919158936" lon="15.065345764160156">
        <ele>4.34</ele>
      </trkpt>
      <trkpt lat="37.42079305462539" lon="15.065345764160156">
        <ele>4.32</ele>
      </trkpt>
      <trkpt lat="37.42054327391088" lon="15.065345764160156">
        <ele>4.36</ele>
      </trkpt>
      <trkpt lat="37.420291900634766" lon="15.065345764160156">
        <ele>4.43</ele>
      </trkpt>
      <trkpt lat="37.420120323076844" lon="15.065324306488037">
        <ele>4.5</ele>
      </trkpt>
      <trkpt lat="37.419874062761664" lon="15.065324306488037">
        <ele>4.58</ele>
      </trkpt>
      <trkpt lat="37.419627802446485" lon="15.065324306488037">
        <ele>4.63</ele>
      </trkpt>
      <trkpt lat="37.41938162595034" lon="15.065324306488037">
        <ele>4.65</ele>
      </trkpt>
      <trkpt lat="37.419133270159364" lon="15.065324306488037">
        <ele>4.65</ele>
      </trkpt>
      <trkpt lat="37.41913318634033" lon="15.065324306488037">
        <ele>4.68</ele>
      </trkpt>
      <trkpt lat="37.4188429210335" lon="15.06531952880323">
        <ele>4.7</ele>
      </trkpt>
      <trkpt lat="37.41855265572667" lon="15.065314751118422">
        <ele>4.75</ele>
      </trkpt>
      <trkpt lat="37.41826247423887" lon="15.065309973433614">
        <ele>4.8</ele>
      </trkpt>
      <trkpt lat="37.41797220893204" lon="15.065305195748806">
        <ele>4.86</ele>
      </trkpt>
      <trkpt lat="37.41768202744424" lon="15.06530050188303">
        <ele>4.93</ele>
      </trkpt>
      <trkpt lat="37.41739176213741" lon="15.065295724198222">
        <ele>4.96</ele>
      </trkpt>
      <trkpt lat="37.41710149683058" lon="15.065290946513414">
        <ele>4.95</ele>
      </trkpt>
      <trkpt lat="37.416811315342784" lon="15.065286168828607">
        <ele>4.88</ele>
      </trkpt>
      <trkpt lat="37.41651543416083" lon="15.065281391143799">
        <ele>4.82</ele>
      </trkpt>
      <trkpt lat="37.41640814580023" lon="15.065281391143799">
        <ele>4.79</ele>
      </trkpt>
      <trkpt lat="37.416129782795906" lon="15.06527703255415">
        <ele>4.73</ele>
      </trkpt>
      <trkpt lat="37.41585141979158" lon="15.065272757783532">
        <ele>4.68</ele>
      </trkpt>
      <trkpt lat="37.41557305678725" lon="15.065268483012915">
        <ele>4.67</ele>
      </trkpt>
      <trkpt lat="37.415294693782926" lon="15.065264208242297">
        <ele>4.68</ele>
      </trkpt>
      <trkpt lat="37.41501331329346" lon="15.06525993347168">
        <ele>4.62</ele>
      </trkpt>
      <trkpt lat="37.414742074906826" lon="15.065256329253316">
        <ele>4.54</ele>
      </trkpt>
      <trkpt lat="37.41447092033923" lon="15.065252725034952">
        <ele>4.5</ele>
      </trkpt>
      <trkpt lat="37.414199681952596" lon="15.06524920463562">
        <ele>4.51</ele>
      </trkpt>
      <trkpt lat="37.413928527384996" lon="15.065245600417256">
        <ele>4.5</ele>
      </trkpt>
      <trkpt lat="37.413657288998365" lon="15.065242080017924">
        <ele>4.4</ele>
      </trkpt>
      <trkpt lat="37.413382614031434" lon="15.06523847579956">
        <ele>4.31</ele>
      </trkpt>
      <trkpt lat="37.413079272955656" lon="15.065234871581197">
        <ele>4.27</ele>
      </trkpt>
      <trkpt lat="37.41277593187988" lon="15.065231267362833">
        <ele>4.24</ele>
      </trkpt>
      <trkpt lat="37.4124725908041" lon="15.065227746963501">
        <ele>4.11</ele>
      </trkpt>
      <trkpt lat="37.41216924972832" lon="15.065224142745137">
        <ele>4.06</ele>
      </trkpt>
      <trkpt lat="37.411865908652544" lon="15.065220622345805">
        <ele>4.05</ele>
      </trkpt>
      <trkpt lat="37.411558628082275" lon="15.065217018127441">
        <ele>4.04</ele>
      </trkpt>
      <trkpt lat="37.4114727973938" lon="15.065217018127441">
        <ele>3.99</ele>
      </trkpt>
      <trkpt lat="37.41116761229932" lon="15.065211653709412">
        <ele>3.91</ele>
      </trkpt>
      <trkpt lat="37.41086251102388" lon="15.065206289291382">
        <ele>3.82</ele>
      </trkpt>
      <trkpt lat="37.410557409748435" lon="15.065200924873352">
        <ele>3.85</ele>
      </trkpt>
      <trkpt lat="37.41024971008301" lon="15.065195560455322">
        <ele>3.85</ele>
      </trkpt>
      <trkpt lat="37.41000881418586" lon="15.065190196037292">
        <ele>3.81</ele>
      </trkpt>
      <trkpt lat="37.40976791828871" lon="15.065184831619263">
        <ele>3.73</ele>
      </trkpt>
      <trkpt lat="37.40952702239156" lon="15.065179467201233">
        <ele>3.65</ele>
      </trkpt>
      <trkpt lat="37.40928411483765" lon="15.065174102783203">
        <ele>3.58</ele>
      </trkpt>
      <trkpt lat="37.40911278873682" lon="15.065174102783203">
        <ele>3.54</ele>
      </trkpt>
      <trkpt lat="37.40894079208374" lon="15.065174102783203">
        <ele>3.54</ele>
      </trkpt>
      <trkpt lat="37.40864809602499" lon="15.065168738365173">
        <ele>3.57</ele>
      </trkpt>
      <trkpt lat="37.40835548378527" lon="15.065163373947144">
        <ele>3.53</ele>
      </trkpt>
      <trkpt lat="37.40806287154555" lon="15.065158009529114">
        <ele>3.4</ele>
      </trkpt>
      <trkpt lat="37.407770259305835" lon="15.065152645111084">
        <ele>3.29</ele>
      </trkpt>
      <trkpt lat="37.407477647066116" lon="15.065147280693054">
        <ele>3.15</ele>
      </trkpt>
      <trkpt lat="37.4071850348264" lon="15.065141916275024">
        <ele>3.05</ele>
      </trkpt>
      <trkpt lat="37.40689242258668" lon="15.065136551856995">
        <ele>3.03</ele>
      </trkpt>
      <trkpt lat="37.40659981034696" lon="15.065131271257997">
        <ele>3.01</ele>
      </trkpt>
      <trkpt lat="37.40630719810724" lon="15.065125906839967">
        <ele>2.95</ele>
      </trkpt>
      <trkpt lat="37.406014585867524" lon="15.065120542421937">
        <ele>2.88</ele>
      </trkpt>
      <trkpt lat="37.405721973627806" lon="15.065115178003907">
        <ele>2.82</ele>
      </trkpt>
      <trkpt lat="37.4054217338562" lon="15.065109729766846">
        <ele>2.74</ele>
      </trkpt>
      <trkpt lat="37.40516474470496" lon="15.065109645947814">
        <ele>2.68</ele>
      </trkpt>
      <trkpt lat="37.404907839372754" lon="15.065109645947814">
        <ele>2.62</ele>
      </trkpt>
      <trkpt lat="37.404650850221515" lon="15.065109645947814">
        <ele>2.58</ele>
      </trkpt>
      <trkpt lat="37.40439176559448" lon="15.065109729766846">
        <ele>2.6</ele>
      </trkpt>
      <trkpt lat="37.40417718887329" lon="15.065088272094727">
        <ele>2.59</ele>
      </trkpt>
      <trkpt lat="37.40386730991304" lon="15.065083159133792">
        <ele>2.55</ele>
      </trkpt>
      <trkpt lat="37.40355751477182" lon="15.065078129991889">
        <ele>2.5</ele>
      </trkpt>
      <trkpt lat="37.40324763581157" lon="15.065073100849986">
        <ele>2.4</ele>
      </trkpt>
      <trkpt lat="37.40293784067035" lon="15.065068071708083">
        <ele>2.29</ele>
      </trkpt>
      <trkpt lat="37.402627961710095" lon="15.06506304256618">
        <ele>2.25</ele>
      </trkpt>
      <trkpt lat="37.402318166568875" lon="15.065058013424277">
        <ele>2.29</ele>
      </trkpt>
      <trkpt lat="37.40200828760862" lon="15.065052984282374">
        <ele>2.3</ele>
      </trkpt>
      <trkpt lat="37.4016984924674" lon="15.065047955140471">
        <ele>2.32</ele>
      </trkpt>
      <trkpt lat="37.40138869732618" lon="15.065042925998569">
        <ele>2.3</ele>
      </trkpt>
      <trkpt lat="37.40107881836593" lon="15.065037813037634">
        <ele>2.17</ele>
      </trkpt>
      <trkpt lat="37.40076902322471" lon="15.065032783895731">
        <ele>2.06</ele>
      </trkpt>
      <trkpt lat="37.40045914426446" lon="15.065027754753828">
        <ele>2.01</ele>
      </trkpt>
      <trkpt lat="37.40014934912324" lon="15.065022725611925">
        <ele>2.03</ele>
      </trkpt>
      <trkpt lat="37.39983947016299" lon="15.065017696470022">
        <ele>2.06</ele>
      </trkpt>
      <trkpt lat="37.39952967502177" lon="15.06501266732812">
        <ele>2.08</ele>
      </trkpt>
      <trkpt lat="37.399219796061516" lon="15.065007638186216">
        <ele>2.16</ele>
      </trkpt>
      <trkpt lat="37.39889860153198" lon="15.06500244140625">
        <ele>2.28</ele>
      </trkpt>
      <trkpt lat="37.39862736314535" lon="15.06498098373413">
        <ele>2.42</ele>
      </trkpt>
      <trkpt lat="37.39835612475872" lon="15.064959609881043">
        <ele>2.57</ele>
      </trkpt>
      <trkpt lat="37.398083209991455" lon="15.064938068389893">
        <ele>2.69</ele>
      </trkpt>
      <trkpt lat="37.39785832352936" lon="15.064863050356507">
        <ele>2.8</ele>
      </trkpt>
      <trkpt lat="37.39763259887695" lon="15.064787864685059">
        <ele>2.89</ele>
      </trkpt>
      <trkpt lat="37.397425482049584" lon="15.064673535525799">
        <ele>2.96</ele>
      </trkpt>
      <trkpt lat="37.397218365222216" lon="15.06455929018557">
        <ele>3.0</ele>
      </trkpt>
      <trkpt lat="37.3970103263855" lon="15.064444541931152">
        <ele>3.02</ele>
      </trkpt>
      <trkpt lat="37.39679574966431" lon="15.0642728805542">
        <ele>3.06</ele>
      </trkpt>
      <trkpt lat="37.39673137664795" lon="15.064058303833008">
        <ele>3.15</ele>
      </trkpt>
      <trkpt lat="37.39668846130371" lon="15.063843727111816">
        <ele>3.24</ele>
      </trkpt>
      <trkpt lat="37.39653834141791" lon="15.063650608062744">
        <ele>3.3</ele>
      </trkpt>
      <trkpt lat="37.39638805389404" lon="15.063586235046387">
        <ele>3.33</ele>
      </trkpt>
      <trkpt lat="37.39621639251709" lon="15.063629150390625">
        <ele>3.39</ele>
      </trkpt>
      <trkpt lat="37.396109104156494" lon="15.063714981079102">
        <ele>3.44</ele>
      </trkpt>
      <trkpt lat="37.39602327346802" lon="15.063843727111816">
        <ele>3.49</ele>
      </trkpt>
      <trkpt lat="37.39598035812378" lon="15.064122676849365">
        <ele>3.58</ele>
      </trkpt>
      <trkpt lat="37.39591598510742" lon="15.064337253570557">
        <ele>3.64</ele>
      </trkpt>
      <trkpt lat="37.39576578140259" lon="15.064530372619629">
        <ele>3.71</ele>
      </trkpt>
      <trkpt lat="37.39555858075619" lon="15.064673200249672">
        <ele>3.7</ele>
      </trkpt>
      <trkpt lat="37.39535146392882" lon="15.064816111698747">
        <ele>3.68</ele>
      </trkpt>
      <trkpt lat="37.395143592730165" lon="15.064959526062012">
        <ele>3.68</ele>
      </trkpt>
      <trkpt lat="37.39514350891113" lon="15.064959526062012">
        <ele>3.68</ele>
      </trkpt>
      <trkpt lat="37.39488635212183" lon="15.065098749473691">
        <ele>3.71</ele>
      </trkpt>
      <trkpt lat="37.39462927915156" lon="15.065238056704402">
        <ele>3.72</ele>
      </trkpt>
      <trkpt lat="37.394372122362256" lon="15.065377280116081">
        <ele>3.66</ele>
      </trkpt>
      <trkpt lat="37.394115049391985" lon="15.065516587346792">
        <ele>3.64</ele>
      </trkpt>
      <trkpt lat="37.393857976421714" lon="15.065655810758471">
        <ele>3.63</ele>
      </trkpt>
      <trkpt lat="37.393598556518555" lon="15.065796375274658">
        <ele>3.57</ele>
      </trkpt>
      <trkpt lat="37.393405605107546" lon="15.06593568250537">
        <ele>3.57</ele>
      </trkpt>
      <trkpt lat="37.39321231842041" lon="15.066075325012207">
        <ele>3.53</ele>
      </trkpt>
      <trkpt lat="37.39301928319037" lon="15.06626115180552">
        <ele>3.49</ele>
      </trkpt>
      <trkpt lat="37.39282624796033" lon="15.066446978598833">
        <ele>3.44</ele>
      </trkpt>
      <trkpt lat="37.39263296127319" lon="15.066633224487305">
        <ele>3.37</ele>
      </trkpt>
      <trkpt lat="37.39245593547821" lon="15.066858446225524">
        <ele>3.29</ele>
      </trkpt>
      <trkpt lat="37.39227890968323" lon="15.067083751782775">
        <ele>3.3</ele>
      </trkpt>
      <trkpt lat="37.392101883888245" lon="15.067309057340026">
        <ele>3.31</ele>
      </trkpt>
      <trkpt lat="37.39192485809326" lon="15.067534446716309">
        <ele>3.3</ele>
      </trkpt>
      <trkpt lat="37.39173416979611" lon="15.067836195230484">
        <ele>3.28</ele>
      </trkpt>
      <trkpt lat="37.39154348149896" lon="15.068138027563691">
        <ele>3.31</ele>
      </trkpt>
      <trkpt lat="37.391352793201804" lon="15.068439859896898">
        <ele>3.37</ele>
      </trkpt>
      <trkpt lat="37.39116210490465" lon="15.068741692230105">
        <ele>3.31</ele>
      </trkpt>
      <trkpt lat="37.3909714166075" lon="15.06904344074428">
        <ele>3.3</ele>
      </trkpt>
      <trkpt lat="37.39078081212938" lon="15.069345273077488">
        <ele>3.3</ele>
      </trkpt>
      <trkpt lat="37.390590123832226" lon="15.069647105410695">
        <ele>3.32</ele>
      </trkpt>
      <trkpt lat="37.39039943553507" lon="15.069948937743902">
        <ele>3.35</ele>
      </trkpt>
      <trkpt lat="37.39020874723792" lon="15.070250686258078">
        <ele>3.34</ele>
      </trkpt>
      <trkpt lat="37.39001805894077" lon="15.070552518591285">
        <ele>3.34</ele>
      </trkpt>
      <trkpt lat="37.389827370643616" lon="15.070854350924492">
        <ele>3.28</ele>
      </trkpt>
      <trkpt lat="37.389636766165495" lon="15.071156183257699">
        <ele>3.22</ele>
      </trkpt>
      <trkpt lat="37.38944607786834" lon="15.071457931771874">
        <ele>3.14</ele>
      </trkpt>
      <trkpt lat="37.38925538957119" lon="15.071759764105082">
        <ele>3.1</ele>
      </trkpt>
      <trkpt lat="37.38906470127404" lon="15.072061596438289">
        <ele>3.12</ele>
      </trkpt>
      <trkpt lat="37.388874012976885" lon="15.072363344952464">
        <ele>3.12</ele>
      </trkpt>
      <trkpt lat="37.38868474960327" lon="15.072662830352783">
        <ele>3.09</ele>
      </trkpt>
      <trkpt lat="37.38892078399658" lon="15.07274866104126">
        <ele>3.05</ele>
      </trkpt>
      <trkpt lat="37.389070987701416" lon="15.072705745697021">
        <ele>2.99</ele>
      </trkpt>
      <trkpt lat="37.38879203796387" lon="15.072598457336426">
        <ele>2.98</ele>
      </trkpt>
      <trkpt lat="37.38870620727539" lon="15.07249116897583">
        <ele>2.94</ele>
      </trkpt>
      <trkpt lat="37.38847017288208" lon="15.072298049926758">
        <ele>2.9</ele>
      </trkpt>
      <trkpt lat="37.38831175491214" lon="15.07260407321155">
        <ele>2.83</ele>
      </trkpt>
      <trkpt lat="37.38815342076123" lon="15.072910096496344">
        <ele>2.78</ele>
      </trkpt>
      <trkpt lat="37.387995002791286" lon="15.073216119781137">
        <ele>2.71</ele>
      </trkpt>
      <trkpt lat="37.387836668640375" lon="15.07352214306593">
        <ele>2.62</ele>
      </trkpt>
      <trkpt lat="37.387678334489465" lon="15.073828166350722">
        <ele>2.55</ele>
      </trkpt>
      <trkpt lat="37.38751991651952" lon="15.074134189635515">
        <ele>2.53</ele>
      </trkpt>
      <trkpt lat="37.38736158236861" lon="15.074440212920308">
        <ele>2.49</ele>
      </trkpt>
      <trkpt lat="37.38720425404608" lon="15.07474422454834">
        <ele>2.39</ele>
      </trkpt>
      <trkpt lat="37.38720417022705" lon="15.07474422454834">
        <ele>2.29</ele>
      </trkpt>
      <trkpt lat="37.387064611539245" lon="15.074980342760682">
        <ele>2.18</ele>
      </trkpt>
      <trkpt lat="37.3869252204895" lon="15.075216293334961">
        <ele>2.03</ele>
      </trkpt>
      <trkpt lat="37.386817932128906" lon="15.075366497039795">
        <ele>1.92</ele>
      </trkpt>
      <trkpt lat="37.38662506453693" lon="15.075484346598387">
        <ele>1.78</ele>
      </trkpt>
      <trkpt lat="37.38643169403076" lon="15.075602531433105">
        <ele>1.64</ele>
      </trkpt>
      <trkpt lat="37.386238910257816" lon="15.075677465647459">
        <ele>1.55</ele>
      </trkpt>
      <trkpt lat="37.38604545593262" lon="15.07575273513794">
        <ele>1.46</ele>
      </trkpt>
      <trkpt lat="37.385746808722615" lon="15.07580503821373">
        <ele>1.35</ele>
      </trkpt>
      <trkpt lat="37.385448245331645" lon="15.075857425108552">
        <ele>1.21</ele>
      </trkpt>
      <trkpt lat="37.385149681940675" lon="15.075909728184342">
        <ele>1.11</ele>
      </trkpt>
      <trkpt lat="37.38485103473067" lon="15.075962115079165">
        <ele>0.99</ele>
      </trkpt>
      <trkpt lat="37.3845524713397" lon="15.076014418154955">
        <ele>0.88</ele>
      </trkpt>
      <trkpt lat="37.38425390794873" lon="15.076066805049777">
        <ele>0.77</ele>
      </trkpt>
      <trkpt lat="37.38395534455776" lon="15.076119108125567">
        <ele>0.7</ele>
      </trkpt>
      <trkpt lat="37.38365669734776" lon="15.07617149502039">
        <ele>0.64</ele>
      </trkpt>
      <trkpt lat="37.38335813395679" lon="15.07622379809618">
        <ele>0.58</ele>
      </trkpt>
      <trkpt lat="37.38305957056582" lon="15.076276184991002">
        <ele>0.55</ele>
      </trkpt>
      <trkpt lat="37.38276100717485" lon="15.076328488066792">
        <ele>0.51</ele>
      </trkpt>
      <trkpt lat="37.38246235996485" lon="15.076380791142583">
        <ele>0.47</ele>
      </trkpt>
      <trkpt lat="37.38216379657388" lon="15.076433178037405">
        <ele>0.48</ele>
      </trkpt>
      <trkpt lat="37.38186523318291" lon="15.076485481113195">
        <ele>0.49</ele>
      </trkpt>
      <trkpt lat="37.38156666979194" lon="15.076537868008018">
        <ele>0.45</ele>
      </trkpt>
      <trkpt lat="37.381268022581935" lon="15.076590171083808">
        <ele>0.36</ele>
      </trkpt>
      <trkpt lat="37.380969459190965" lon="15.07664255797863">
        <ele>0.32</ele>
      </trkpt>
      <trkpt lat="37.380659664049745" lon="15.076696872711182">
        <ele>0.32</ele>
      </trkpt>
      <trkpt lat="37.380477441474795" lon="15.076568210497499">
        <ele>0.33</ele>
      </trkpt>
      <trkpt lat="37.38029479980469" lon="15.076439380645752">
        <ele>0.36</ele>
      </trkpt>
      <trkpt lat="37.380101680755615" lon="15.07624626159668">
        <ele>0.4</ele>
      </trkpt>
      <trkpt lat="37.37997276708484" lon="15.075956247746944">
        <ele>0.43</ele>
      </trkpt>
      <trkpt lat="37.37984385341406" lon="15.07566623389721">
        <ele>0.45</ele>
      </trkpt>
      <trkpt lat="37.37971502356231" lon="15.075376220047474">
        <ele>0.48</ele>
      </trkpt>
      <trkpt lat="37.379586696624756" lon="15.075087547302246">
        <ele>0.53</ele>
      </trkpt>
      <trkpt lat="37.379393577575684" lon="15.074894428253174">
        <ele>0.58</ele>
      </trkpt>
      <trkpt lat="37.37910524010658" lon="15.074792252853513">
        <ele>0.59</ele>
      </trkpt>
      <trkpt lat="37.37881690263748" lon="15.074690077453852">
        <ele>0.57</ele>
      </trkpt>
      <trkpt lat="37.37852856516838" lon="15.07458790205419">
        <ele>0.51</ele>
      </trkpt>
      <trkpt lat="37.37824031151831" lon="15.074485810473561">
        <ele>0.51</ele>
      </trkpt>
      <trkpt lat="37.37795197404921" lon="15.0743836350739">
        <ele>0.54</ele>
      </trkpt>
      <trkpt lat="37.37766363658011" lon="15.07428145967424">
        <ele>0.56</ele>
      </trkpt>
      <trkpt lat="37.37737529911101" lon="15.07417936809361">
        <ele>0.58</ele>
      </trkpt>
      <trkpt lat="37.37708704546094" lon="15.074077192693949">
        <ele>0.6</ele>
      </trkpt>
      <trkpt lat="37.37679870799184" lon="15.073975017294288">
        <ele>0.67</ele>
      </trkpt>
      <trkpt lat="37.37651037052274" lon="15.073872925713658">
        <ele>0.71</ele>
      </trkpt>
      <trkpt lat="37.37622203305364" lon="15.073770750313997">
        <ele>0.69</ele>
      </trkpt>
      <trkpt lat="37.37593377940357" lon="15.073668574914336">
        <ele>0.64</ele>
      </trkpt>
      <trkpt lat="37.375638484954834" lon="15.073564052581787">
        <ele>0.61</ele>
      </trkpt>
      <trkpt lat="37.37544561736286" lon="15.073478305712342">
        <ele>0.59</ele>
      </trkpt>
      <trkpt lat="37.37525224685669" lon="15.073392391204834">
        <ele>0.58</ele>
      </trkpt>
      <trkpt lat="37.37503792159259" lon="15.073263812810183">
        <ele>0.6</ele>
      </trkpt>
      <trkpt lat="37.37482309341431" lon="15.073134899139404">
        <ele>0.61</ele>
      </trkpt>
      <trkpt lat="37.37460868433118" lon="15.072947228327394">
        <ele>0.61</ele>
      </trkpt>
      <trkpt lat="37.37439427524805" lon="15.072759641334414">
        <ele>0.58</ele>
      </trkpt>
      <trkpt lat="37.37417986616492" lon="15.072572054341435">
        <ele>0.52</ele>
      </trkpt>
      <trkpt lat="37.37396487034857" lon="15.072383880615234">
        <ele>0.5</ele>
      </trkpt>
      <trkpt lat="37.37396478652954" lon="15.072383880615234">
        <ele>0.47</ele>
      </trkpt>
      <trkpt lat="37.37375574186444" lon="15.072212303057313">
        <ele>0.45</ele>
      </trkpt>
      <trkpt lat="37.373546697199345" lon="15.072040809318423">
        <ele>0.39</ele>
      </trkpt>
      <trkpt lat="37.373337652534246" lon="15.071869315579534">
        <ele>0.32</ele>
      </trkpt>
      <trkpt lat="37.373127937316895" lon="15.071697235107422">
        <ele>0.28</ele>
      </trkpt>
      <trkpt lat="37.37297781743109" lon="15.07155784405768">
        <ele>0.23</ele>
      </trkpt>
      <trkpt lat="37.37282752990723" lon="15.071418285369873">
        <ele>0.19</ele>
      </trkpt>
      <trkpt lat="37.372612953186035" lon="15.071139335632324">
        <ele>0.15</ele>
      </trkpt>
      <trkpt lat="37.37251630984247" lon="15.070978235453367">
        <ele>0.11</ele>
      </trkpt>
      <trkpt lat="37.37241983413696" lon="15.070817470550537">
        <ele>0.08</ele>
      </trkpt>
      <trkpt lat="37.372269462794065" lon="15.070473728701472">
        <ele>0.05</ele>
      </trkpt>
      <trkpt lat="37.37211909145117" lon="15.070129986852407">
        <ele>0.05</ele>
      </trkpt>
      <trkpt lat="37.37196872010827" lon="15.069786328822374">
        <ele>0.05</ele>
      </trkpt>
      <trkpt lat="37.37181834876537" lon="15.069442670792341">
        <ele>0.0</ele>
      </trkpt>
      <trkpt lat="37.37166881561279" lon="15.069100856781006">
        <ele>-0.11</ele>
      </trkpt>
      <trkpt lat="37.371539985761046" lon="15.068886112421751">
        <ele>-0.18</ele>
      </trkpt>
      <trkpt lat="37.37141132354736" lon="15.068671703338623">
        <ele>-0.22</ele>
      </trkpt>
      <trkpt lat="37.371189622208476" lon="15.068412199616432">
        <ele>-0.21</ele>
      </trkpt>
      <trkpt lat="37.37096792086959" lon="15.068152695894241">
        <ele>-0.24</ele>
      </trkpt>
      <trkpt lat="37.3707462195307" lon="15.06789319217205">
        <ele>-0.25</ele>
      </trkpt>
      <trkpt lat="37.370524518191814" lon="15.06763368844986">
        <ele>-0.28</ele>
      </trkpt>
      <trkpt lat="37.37030290067196" lon="15.067374184727669">
        <ele>-0.27</ele>
      </trkpt>
      <trkpt lat="37.37008119933307" lon="15.067114681005478">
        <ele>-0.24</ele>
      </trkpt>
      <trkpt lat="37.369859497994184" lon="15.066855177283287">
        <ele>-0.23</ele>
      </trkpt>
      <trkpt lat="37.3696377966553" lon="15.066595673561096">
        <ele>-0.2</ele>
      </trkpt>
      <trkpt lat="37.36941617913544" lon="15.066336169838905">
        <ele>-0.16</ele>
      </trkpt>
      <trkpt lat="37.369194477796555" lon="15.066076666116714">
        <ele>-0.1</ele>
      </trkpt>
      <trkpt lat="37.36897277645767" lon="15.065817162394524">
        <ele>0.0</ele>
      </trkpt>
      <trkpt lat="37.36875107511878" lon="15.065557658672333">
        <ele>0.09</ele>
      </trkpt>
      <trkpt lat="37.36852937377989" lon="15.065298154950142">
        <ele>0.14</ele>
      </trkpt>
      <trkpt lat="37.36830775626004" lon="15.065038735046983">
        <ele>0.21</ele>
      </trkpt>
      <trkpt lat="37.36808605492115" lon="15.064779231324792">
        <ele>0.3</ele>
      </trkpt>
      <trkpt lat="37.36786435358226" lon="15.064519727602601">
        <ele>0.41</ele>
      </trkpt>
      <trkpt lat="37.367642652243376" lon="15.06426022388041">
        <ele>0.55</ele>
      </trkpt>
      <trkpt lat="37.36742103472352" lon="15.06400072015822">
        <ele>0.66</ele>
      </trkpt>
      <trkpt lat="37.36719933338463" lon="15.063741216436028">
        <ele>0.72</ele>
      </trkpt>
      <trkpt lat="37.366977632045746" lon="15.06348179653287">
        <ele>0.83</ele>
      </trkpt>
      <trkpt lat="37.36675500869751" lon="15.063221454620361">
        <ele>1.01</ele>
      </trkpt>
      <trkpt lat="37.366615450009704" lon="15.063028251752257">
        <ele>1.2</ele>
      </trkpt>
      <trkpt lat="37.36647605895996" lon="15.062835216522217">
        <ele>1.38</ele>
      </trkpt>
      <trkpt lat="37.36636868678033" lon="15.06265265867114">
        <ele>1.57</ele>
      </trkpt>
      <trkpt lat="37.36626148223877" lon="15.062470436096191">
        <ele>1.76</ele>
      </trkpt>
      <trkpt lat="37.366154193878174" lon="15.062191486358643">
        <ele>1.98</ele>
      </trkpt>
      <trkpt lat="37.366041373461485" lon="15.061858389526606">
        <ele>2.2</ele>
      </trkpt>
      <trkpt lat="37.365928553044796" lon="15.061525292694569">
        <ele>2.41</ele>
      </trkpt>
      <trkpt lat="37.36581573262811" lon="15.061192279681563">
        <ele>2.59</ele>
      </trkpt>
      <trkpt lat="37.36570358276367" lon="15.060861110687256">
        <ele>2.8</ele>
      </trkpt>
      <trkpt lat="37.365574669092894" lon="15.06056573241949">
        <ele>3.02</ele>
      </trkpt>
      <trkpt lat="37.36544583924115" lon="15.060270354151726">
        <ele>3.26</ele>
      </trkpt>
      <trkpt lat="37.36531692557037" lon="15.05997497588396">
        <ele>3.5</ele>
      </trkpt>
      <trkpt lat="37.365188682451844" lon="15.059680938720703">
        <ele>3.73</ele>
      </trkpt>
      <trkpt lat="37.36503831110895" lon="15.059372149407864">
        <ele>3.97</ele>
      </trkpt>
      <trkpt lat="37.36488793976605" lon="15.059063443914056">
        <ele>4.23</ele>
      </trkpt>
      <trkpt lat="37.364737652242184" lon="15.058754654601216">
        <ele>4.47</ele>
      </trkpt>
      <trkpt lat="37.364587280899286" lon="15.058445949107409">
        <ele>4.7</ele>
      </trkpt>
      <trkpt lat="37.36443690955639" lon="15.058137159794569">
        <ele>4.94</ele>
      </trkpt>
      <trkpt lat="37.36428662203252" lon="15.057828454300761">
        <ele>5.17</ele>
      </trkpt>
      <trkpt lat="37.364136250689626" lon="15.057519748806953">
        <ele>5.38</ele>
      </trkpt>
      <trkpt lat="37.36398705281317" lon="15.057213306427002">
        <ele>5.59</ele>
      </trkpt>
      <trkpt lat="37.36384380608797" lon="15.056912563741207">
        <ele>5.78</ele>
      </trkpt>
      <trkpt lat="37.36370055936277" lon="15.056611904874444">
        <ele>5.91</ele>
      </trkpt>
      <trkpt lat="37.36355781555176" lon="15.056312084197998">
        <ele>6.05</ele>
      </trkpt>
      <trkpt lat="37.363407611846924" lon="15.05601167678833">
        <ele>6.18</ele>
      </trkpt>
      <trkpt lat="37.36330032348633" lon="15.055904388427734">
        <ele>6.26</ele>
      </trkpt>
      <trkpt lat="37.36310728825629" lon="15.055797100067139">
        <ele>6.28</ele>
      </trkpt>
      <trkpt lat="37.36291425302625" lon="15.055646980181336">
        <ele>6.3</ele>
      </trkpt>
      <trkpt lat="37.36272096633911" lon="15.05549669265747">
        <ele>6.27</ele>
      </trkpt>
      <trkpt lat="37.3625922203064" lon="15.05526065826416">
        <ele>6.21</ele>
      </trkpt>
      <trkpt lat="37.36245257779956" lon="15.054970644414425">
        <ele>6.15</ele>
      </trkpt>
      <trkpt lat="37.36231327056885" lon="15.054681301116943">
        <ele>6.07</ele>
      </trkpt>
      <trkpt lat="37.362141609191895" lon="15.054466724395752">
        <ele>5.93</ele>
      </trkpt>
      <trkpt lat="37.36196994781494" lon="15.05425214767456">
        <ele>5.78</ele>
      </trkpt>
      <trkpt lat="37.36179828643799" lon="15.05403757095337">
        <ele>5.64</ele>
      </trkpt>
      <trkpt lat="37.361605083569884" lon="15.053753172978759">
        <ele>5.47</ele>
      </trkpt>
      <trkpt lat="37.36141188070178" lon="15.053468775004148">
        <ele>5.24</ele>
      </trkpt>
      <trkpt lat="37.36121876165271" lon="15.053184377029538">
        <ele>5.06</ele>
      </trkpt>
      <trkpt lat="37.3610258102417" lon="15.052900314331055">
        <ele>4.9</ele>
      </trkpt>
      <trkpt lat="37.36102589406073" lon="15.052900314331055">
        <ele>4.73</ele>
      </trkpt>
      <trkpt lat="37.36084073781967" lon="15.052618514746428">
        <ele>4.59</ele>
      </trkpt>
      <trkpt lat="37.36065558157861" lon="15.052336798980832">
        <ele>4.43</ele>
      </trkpt>
      <trkpt lat="37.36047042533755" lon="15.052055083215237">
        <ele>4.24</ele>
      </trkpt>
      <trkpt lat="37.360285269096494" lon="15.051773367449641">
        <ele>4.08</ele>
      </trkpt>
      <trkpt lat="37.360100112855434" lon="15.051491567865014">
        <ele>3.95</ele>
      </trkpt>
      <trkpt lat="37.359914956614375" lon="15.051209852099419">
        <ele>3.79</ele>
      </trkpt>
      <trkpt lat="37.359729800373316" lon="15.050928136333823">
        <ele>3.66</ele>
      </trkpt>
      <trkpt lat="37.35954523086548" lon="15.050647258758545">
        <ele>3.53</ele>
      </trkpt>
      <trkpt lat="37.3593211825937" lon="15.050406530499458">
        <ele>3.37</ele>
      </trkpt>
      <trkpt lat="37.35909713432193" lon="15.050165802240372">
        <ele>3.25</ele>
      </trkpt>
      <trkpt lat="37.35887308605015" lon="15.049925073981285">
        <ele>3.17</ele>
      </trkpt>
      <trkpt lat="37.35864912159741" lon="15.049684345722198">
        <ele>3.07</ele>
      </trkpt>
      <trkpt lat="37.358425073325634" lon="15.049443617463112">
        <ele>2.98</ele>
      </trkpt>
      <trkpt lat="37.35820102505386" lon="15.049202889204025">
        <ele>2.87</ele>
      </trkpt>
      <trkpt lat="37.35797697678208" lon="15.04896224476397">
        <ele>2.75</ele>
      </trkpt>
      <trkpt lat="37.35775301232934" lon="15.048721516504884">
        <ele>2.62</ele>
      </trkpt>
      <trkpt lat="37.35752820968628" lon="15.048480033874512">
        <ele>2.55</ele>
      </trkpt>
      <trkpt lat="37.357345735654235" lon="15.04822245799005">
        <ele>2.51</ele>
      </trkpt>
      <trkpt lat="37.357163429260254" lon="15.047965049743652">
        <ele>2.47</ele>
      </trkpt>
      <trkpt lat="37.357163513079286" lon="15.047965049743652">
        <ele>2.42</ele>
      </trkpt>
      <trkpt lat="37.35703468322754" lon="15.047664642333984">
        <ele>2.42</ele>
      </trkpt>
      <trkpt lat="37.356920102611184" lon="15.047428356483579">
        <ele>2.41</ele>
      </trkpt>
      <trkpt lat="37.35680552199483" lon="15.047192070633173">
        <ele>2.41</ele>
      </trkpt>
      <trkpt lat="37.35669136047363" lon="15.046956539154053">
        <ele>2.44</ele>
      </trkpt>
      <trkpt lat="37.35656261444092" lon="15.04676342010498">
        <ele>2.46</ele>
      </trkpt>
      <trkpt lat="37.35641257837415" lon="15.046656215563416">
        <ele>2.43</ele>
      </trkpt>
      <trkpt lat="37.35626220703125" lon="15.046548843383789">
        <ele>2.4</ele>
      </trkpt>
      <trkpt lat="37.35610152594745" lon="15.046506011858582">
        <ele>2.36</ele>
      </trkpt>
      <trkpt lat="37.35594034194946" lon="15.046463012695312">
        <ele>2.34</ele>
      </trkpt>
      <trkpt lat="37.35565485432744" lon="15.046420181170106">
        <ele>2.32</ele>
      </trkpt>
      <trkpt lat="37.35536936670542" lon="15.0463773496449">
        <ele>2.27</ele>
      </trkpt>
      <trkpt lat="37.35508211888373" lon="15.046334266662598">
        <ele>2.24</ele>
      </trkpt>
      <trkpt lat="37.35484113916755" lon="15.046302080154419">
        <ele>2.18</ele>
      </trkpt>
      <trkpt lat="37.3546002432704" lon="15.046269977465272">
        <ele>2.11</ele>
      </trkpt>
      <trkpt lat="37.35435934737325" lon="15.046237874776125">
        <ele>2.03</ele>
      </trkpt>
      <trkpt lat="37.354116439819336" lon="15.046205520629883">
        <ele>1.95</ele>
      </trkpt>
      <trkpt lat="37.35386657528579" lon="15.046155480667949">
        <ele>1.86</ele>
      </trkpt>
      <trkpt lat="37.35361679457128" lon="15.046105524525046">
        <ele>1.82</ele>
      </trkpt>
      <trkpt lat="37.353365421295166" lon="15.046055316925049">
        <ele>1.8</ele>
      </trkpt>
      <trkpt lat="37.35309770330787" lon="15.045980298891664">
        <ele>1.77</ele>
      </trkpt>
      <trkpt lat="37.35282906331122" lon="15.045905113220215">
        <ele>1.71</ele>
      </trkpt>
      <trkpt lat="37.35252915881574" lon="15.045797992497683">
        <ele>1.63</ele>
      </trkpt>
      <trkpt lat="37.35222816467285" lon="15.045690536499023">
        <ele>1.57</ele>
      </trkpt>
      <trkpt lat="37.35198182053864" lon="15.045588780194521">
        <ele>1.56</ele>
      </trkpt>
      <trkpt lat="37.35173547640443" lon="15.045487023890018">
        <ele>1.52</ele>
      </trkpt>
      <trkpt lat="37.35148921608925" lon="15.045385267585516">
        <ele>1.45</ele>
      </trkpt>
      <trkpt lat="37.3512411955744" lon="15.04528284072876">
        <ele>1.36</ele>
      </trkpt>
      <trkpt lat="37.35096266493201" lon="15.045162308961153">
        <ele>1.25</ele>
      </trkpt>
      <trkpt lat="37.350684218108654" lon="15.045041777193546">
        <ele>1.22</ele>
      </trkpt>
      <trkpt lat="37.350405687466264" lon="15.044921329244971">
        <ele>1.22</ele>
      </trkpt>
      <trkpt lat="37.350127240642905" lon="15.044800797477365">
        <ele>1.23</ele>
      </trkpt>
      <trkpt lat="37.34984879381955" lon="15.04468034952879">
        <ele>1.27</ele>
      </trkpt>
      <trkpt lat="37.34957026317716" lon="15.044559817761183">
        <ele>1.31</ele>
      </trkpt>
      <trkpt lat="37.3492918163538" lon="15.044439369812608">
        <ele>1.31</ele>
      </trkpt>
      <trkpt lat="37.34900951385498" lon="15.044317245483398">
        <ele>1.27</ele>
      </trkpt>
      <trkpt lat="37.34871346503496" lon="15.044186739251018">
        <ele>1.27</ele>
      </trkpt>
      <trkpt lat="37.348417500033975" lon="15.044056233018637">
        <ele>1.33</ele>
      </trkpt>
      <trkpt lat="37.348121451213956" lon="15.043925810605288">
        <ele>1.39</ele>
      </trkpt>
      <trkpt lat="37.34782548621297" lon="15.043795304372907">
        <ele>1.45</ele>
      </trkpt>
      <trkpt lat="37.34752952121198" lon="15.043664798140526">
        <ele>1.52</ele>
      </trkpt>
      <trkpt lat="37.34723347239196" lon="15.043534375727177">
        <ele>1.6</ele>
      </trkpt>
      <trkpt lat="37.346937507390976" lon="15.043403869494796">
        <ele>1.71</ele>
      </trkpt>
      <trkpt lat="37.34664145857096" lon="15.043273363262415">
        <ele>1.78</ele>
      </trkpt>
      <trkpt lat="37.34634549356997" lon="15.043142940849066">
        <ele>1.88</ele>
      </trkpt>
      <trkpt lat="37.34604952856898" lon="15.043012434616685">
        <ele>1.99</ele>
      </trkpt>
      <trkpt lat="37.34574794769287" lon="15.042879581451416">
        <ele>2.14</ele>
      </trkpt>
      <trkpt lat="37.34552071429789" lon="15.042733820155263">
        <ele>2.27</ele>
      </trkpt>
      <trkpt lat="37.34529356472194" lon="15.04258805885911">
        <ele>2.41</ele>
      </trkpt>
      <trkpt lat="37.34506641514599" lon="15.042442381381989">
        <ele>2.54</ele>
      </trkpt>
      <trkpt lat="37.344839265570045" lon="15.042296620085835">
        <ele>2.69</ele>
      </trkpt>
      <trkpt lat="37.34461069107056" lon="15.042150020599365">
        <ele>2.86</ele>
      </trkpt>
      <trkpt lat="37.344374656677246" lon="15.04204273223877">
        <ele>2.98</ele>
      </trkpt>
      <trkpt lat="37.34421405941248" lon="15.041989171877503">
        <ele>3.07</ele>
      </trkpt>
      <trkpt lat="37.34405287541449" lon="15.041935443878174">
        <ele>3.14</ele>
      </trkpt>
      <trkpt lat="37.34377442859113" lon="15.041860425844789">
        <ele>3.18</ele>
      </trkpt>
      <trkpt lat="37.343495981767774" lon="15.041785491630435">
        <ele>3.2</ele>
      </trkpt>
      <trkpt lat="37.34321761876345" lon="15.041710557416081">
        <ele>3.28</ele>
      </trkpt>
      <trkpt lat="37.342936992645264" lon="15.041635036468506">
        <ele>3.31</ele>
      </trkpt>
      <trkpt lat="37.3427227512002" lon="15.041549289599061">
        <ele>3.32</ele>
      </trkpt>
      <trkpt lat="37.34250783920288" lon="15.041463375091553">
        <ele>3.3</ele>
      </trkpt>
      <trkpt lat="37.3422462400049" lon="15.041248966008425">
        <ele>3.31</ele>
      </trkpt>
      <trkpt lat="37.341984724625945" lon="15.041034556925297">
        <ele>3.27</ele>
      </trkpt>
      <trkpt lat="37.34172312542796" lon="15.040820147842169">
        <ele>3.25</ele>
      </trkpt>
      <trkpt lat="37.34146161004901" lon="15.040605822578073">
        <ele>3.26</ele>
      </trkpt>
      <trkpt lat="37.34119892120361" lon="15.040390491485596">
        <ele>3.25</ele>
      </trkpt>
      <trkpt lat="37.34098434448242" lon="15.04026174545288">
        <ele>3.23</ele>
      </trkpt>
      <trkpt lat="37.34079122543335" lon="15.040218830108643">
        <ele>3.2</ele>
      </trkpt>
      <trkpt lat="37.34054496511817" lon="15.040202736854553">
        <ele>3.17</ele>
      </trkpt>
      <trkpt lat="37.34029870480299" lon="15.040186643600464">
        <ele>3.17</ele>
      </trkpt>
      <trkpt lat="37.34005252830684" lon="15.040170634165406">
        <ele>3.13</ele>
      </trkpt>
      <trkpt lat="37.33980417251587" lon="15.040154457092285">
        <ele>3.05</ele>
      </trkpt>
      <trkpt lat="37.3396435752511" lon="15.040175830945373">
        <ele>2.97</ele>
      </trkpt>
      <trkpt lat="37.33948230743408" lon="15.040197372436523">
        <ele>2.92</ele>
      </trkpt>
      <trkpt lat="37.33931064605713" lon="15.04026174545288">
        <ele>2.87</ele>
      </trkpt>
      <trkpt lat="37.339069498702884" lon="15.04042242653668">
        <ele>2.77</ele>
      </trkpt>
      <trkpt lat="37.33882843516767" lon="15.04058319143951">
        <ele>2.66</ele>
      </trkpt>
      <trkpt lat="37.33858737163246" lon="15.040743872523308">
        <ele>2.52</ele>
      </trkpt>
      <trkpt lat="37.3383451346308" lon="15.040905475616455">
        <ele>2.45</ele>
      </trkpt>
      <trkpt lat="37.338109435513616" lon="15.041023241356015">
        <ele>2.41</ele>
      </trkpt>
      <trkpt lat="37.33787298202515" lon="15.041141510009766">
        <ele>2.24</ele>
      </trkpt>
      <trkpt lat="37.33757307752967" lon="15.041237818077207">
        <ele>2.04</ele>
      </trkpt>
      <trkpt lat="37.33727216720581" lon="15.041334629058838">
        <ele>1.92</ele>
      </trkpt>
      <trkpt lat="37.337008053436875" lon="15.04134887829423">
        <ele>1.82</ele>
      </trkpt>
      <trkpt lat="37.33674402348697" lon="15.041363127529621">
        <ele>1.72</ele>
      </trkpt>
      <trkpt lat="37.3364782333374" lon="15.041377544403076">
        <ele>1.52</ele>
      </trkpt>
      <trkpt lat="37.336189141497016" lon="15.041363211348653">
        <ele>1.28</ele>
      </trkpt>
      <trkpt lat="37.33590013347566" lon="15.041348962113261">
        <ele>1.11</ele>
      </trkpt>
      <trkpt lat="37.335611041635275" lon="15.04133471287787">
        <ele>0.94</ele>
      </trkpt>
      <trkpt lat="37.33532203361392" lon="15.041320379823446">
        <ele>0.75</ele>
      </trkpt>
      <trkpt lat="37.335032941773534" lon="15.041306130588055">
        <ele>0.59</ele>
      </trkpt>
      <trkpt lat="37.33474016189575" lon="15.0412917137146">
        <ele>0.48</ele>
      </trkpt>
      <trkpt lat="37.334439754486084" lon="15.041377544403076">
        <ele>0.34</ele>
      </trkpt>
      <trkpt lat="37.334225261583924" lon="15.041570663452148">
        <ele>0.18</ele>
      </trkpt>
      <trkpt lat="37.33407497406006" lon="15.041871070861816">
        <ele>0.09</ele>
      </trkpt>
      <trkpt lat="37.33396768569946" lon="15.042192935943604">
        <ele>0.0</ele>
      </trkpt>
      <trkpt lat="37.333892500028014" lon="15.0424400344491">
        <ele>-0.13</ele>
      </trkpt>
      <trkpt lat="37.33381756581366" lon="15.042686462402344">
        <ele>-0.27</ele>
      </trkpt>
      <trkpt lat="37.33372435905039" lon="15.0429442897439">
        <ele>-0.34</ele>
      </trkpt>
      <trkpt lat="37.33363123610616" lon="15.043202117085457">
        <ele>-0.39</ele>
      </trkpt>
      <trkpt lat="37.33353853225708" lon="15.043458938598633">
        <ele>-0.43</ele>
      </trkpt>
      <trkpt lat="37.333345329388976" lon="15.043727159500122">
        <ele>-0.44</ele>
      </trkpt>
      <trkpt lat="37.333152294158936" lon="15.043995380401611">
        <ele>-0.47</ele>
      </trkpt>
      <trkpt lat="37.33306646347046" lon="15.044059753417969">
        <ele>-0.48</ele>
      </trkpt>
      <trkpt lat="37.33298063278198" lon="15.044124126434326">
        <ele>-0.49</ele>
      </trkpt>
      <trkpt lat="37.33283042907715" lon="15.044145584106445">
        <ele>-0.48</ele>
      </trkpt>
      <trkpt lat="37.3325377330184" lon="15.044152708724141">
        <ele>-0.47</ele>
      </trkpt>
      <trkpt lat="37.33224512077868" lon="15.044159833341837">
        <ele>-0.42</ele>
      </trkpt>
      <trkpt lat="37.331950664520264" lon="15.044167041778564">
        <ele>-0.34</ele>
      </trkpt>
      <trkpt lat="37.33180046081543" lon="15.044188499450684">
        <ele>-0.26</ele>
      </trkpt>
      <trkpt lat="37.33166106976569" lon="15.044284891337156">
        <ele>-0.13</ele>
      </trkpt>
      <trkpt lat="37.33152151107788" lon="15.044381618499756">
        <ele>0.0</ele>
      </trkpt>
      <trkpt lat="37.33137130737305" lon="15.044553279876709">
        <ele>0.16</ele>
      </trkpt>
      <trkpt lat="37.33128530904651" lon="15.044746566563845">
        <ele>0.33</ele>
      </trkpt>
      <trkpt lat="37.331199645996094" lon="15.044939517974854">
        <ele>0.54</ele>
      </trkpt>
      <trkpt lat="37.331178188323975" lon="15.045197010040283">
        <ele>0.74</ele>
      </trkpt>
      <trkpt lat="37.331188917160034" lon="15.045508733019233">
        <ele>0.97</ele>
      </trkpt>
      <trkpt lat="37.331199645996094" lon="15.045820539817214">
        <ele>1.22</ele>
      </trkpt>
      <trkpt lat="37.33121037483215" lon="15.046132262796164">
        <ele>1.49</ele>
      </trkpt>
      <trkpt lat="37.33122110366821" lon="15.046441555023193">
        <ele>1.77</ele>
      </trkpt>
      <trkpt lat="37.331199645996094" lon="15.04676342010498">
        <ele>2.1</ele>
      </trkpt>
      <trkpt lat="37.331156730651855" lon="15.046935081481934">
        <ele>2.38</ele>
      </trkpt>
      <trkpt lat="37.3309850692749" lon="15.047192573547363">
        <ele>2.68</ele>
      </trkpt>
      <trkpt lat="37.33075632713735" lon="15.047378316521645">
        <ele>2.97</ele>
      </trkpt>
      <trkpt lat="37.33052766881883" lon="15.047564143314958">
        <ele>3.3</ele>
      </trkpt>
      <trkpt lat="37.33029842376709" lon="15.047750473022461">
        <ele>3.57</ele>
      </trkpt>
      <trkpt lat="37.33006238937378" lon="15.047857761383057">
        <ele>3.84</ele>
      </trkpt>
      <trkpt lat="37.329955101013184" lon="15.047686100006104">
        <ele>4.15</ele>
      </trkpt>
      <trkpt lat="37.32980489730835" lon="15.047621726989746">
        <ele>4.48</ele>
      </trkpt>
      <trkpt lat="37.329697608947754" lon="15.047557353973389">
        <ele>4.84</ele>
      </trkpt>
      <trkpt lat="37.3294276278466" lon="15.047411592677236">
        <ele>5.23</ele>
      </trkpt>
      <trkpt lat="37.32915764674544" lon="15.047265915200114">
        <ele>5.65</ele>
      </trkpt>
      <trkpt lat="37.32888766564429" lon="15.047120237722993">
        <ele>6.06</ele>
      </trkpt>
      <trkpt lat="37.328617768362164" lon="15.046974560245872">
        <ele>6.51</ele>
      </trkpt>
      <trkpt lat="37.32834778726101" lon="15.046828798949718">
        <ele>7.02</ele>
      </trkpt>
      <trkpt lat="37.328077806159854" lon="15.046683121472597">
        <ele>7.55</ele>
      </trkpt>
      <trkpt lat="37.32780790887773" lon="15.046537443995476">
        <ele>8.11</ele>
      </trkpt>
      <trkpt lat="37.327537927776575" lon="15.046391766518354">
        <ele>8.69</ele>
      </trkpt>
      <trkpt lat="37.32726794667542" lon="15.046246005222201">
        <ele>9.34</ele>
      </trkpt>
      <trkpt lat="37.326997965574265" lon="15.04610032774508">
        <ele>10.06</ele>
      </trkpt>
      <trkpt lat="37.32672806829214" lon="15.045954650267959">
        <ele>10.76</ele>
      </trkpt>
      <trkpt lat="37.326458087190986" lon="15.045808972790837">
        <ele>11.44</ele>
      </trkpt>
      <trkpt lat="37.32618810608983" lon="15.045663295313716">
        <ele>12.2</ele>
      </trkpt>
      <trkpt lat="37.32591820880771" lon="15.045517617836595">
        <ele>13.02</ele>
      </trkpt>
      <trkpt lat="37.325642108917236" lon="15.045368671417236">
        <ele>13.85</ele>
      </trkpt>
      <trkpt lat="37.32540640980005" lon="15.045240093022585">
        <ele>14.68</ele>
      </trkpt>
      <trkpt lat="37.32517071068287" lon="15.045111514627934">
        <ele>15.49</ele>
      </trkpt>
      <trkpt lat="37.324934005737305" lon="15.044982433319092">
        <ele>16.28</ele>
      </trkpt>
      <trkpt lat="37.32471942901611" lon="15.04478931427002">
        <ele>17.04</ele>
      </trkpt>
      <trkpt lat="37.32456922531128" lon="15.044596195220947">
        <ele>17.87</ele>
      </trkpt>
      <trkpt lat="37.3244833946228" lon="15.044360160827637">
        <ele>18.73</ele>
      </trkpt>
      <trkpt lat="37.324461936950684" lon="15.044124126434326">
        <ele>19.6</ele>
      </trkpt>
      <trkpt lat="37.32444752007723" lon="15.043837381526828">
        <ele>20.47</ele>
      </trkpt>
      <trkpt lat="37.324433187022805" lon="15.043550720438361">
        <ele>21.31</ele>
      </trkpt>
      <trkpt lat="37.324419021606445" lon="15.04326581954956">
        <ele>22.12</ele>
      </trkpt>
      <trkpt lat="37.324408292770386" lon="15.04299701191485">
        <ele>22.92</ele>
      </trkpt>
      <trkpt lat="37.32439764775336" lon="15.042729377746582">
        <ele>23.66</ele>
      </trkpt>
      <trkpt lat="37.32437619008124" lon="15.042428970336914">
        <ele>24.39</ele>
      </trkpt>
      <trkpt lat="37.32433319091797" lon="15.042213974520564">
        <ele>25.08</ele>
      </trkpt>
      <trkpt lat="37.32429035939276" lon="15.041999816894531">
        <ele>25.74</ele>
      </trkpt>
      <trkpt lat="37.324182987213135" lon="15.041742324829102">
        <ele>26.41</ele>
      </trkpt>
      <trkpt lat="37.32398986816406" lon="15.04152774810791">
        <ele>26.99</ele>
      </trkpt>
      <trkpt lat="37.32386112213135" lon="15.041441917419434">
        <ele>27.51</ele>
      </trkpt>
      <trkpt lat="37.32364679686725" lon="15.041291881352663">
        <ele>27.95</ele>
      </trkpt>
      <trkpt lat="37.323432471603155" lon="15.041141845285892">
        <ele>28.39</ele>
      </trkpt>
      <trkpt lat="37.32321739196777" lon="15.040991306304932">
        <ele>28.81</ele>
      </trkpt>
      <trkpt lat="37.322981525212526" lon="15.040776813402772">
        <ele>29.19</ele>
      </trkpt>
      <trkpt lat="37.32274532318115" lon="15.040562152862549">
        <ele>29.5</ele>
      </trkpt>
      <trkpt lat="37.322627222165465" lon="15.040401136502624">
        <ele>29.75</ele>
      </trkpt>
      <trkpt lat="37.32250928878784" lon="15.040240287780762">
        <ele>29.97</ele>
      </trkpt>
      <trkpt lat="37.32235464267433" lon="15.039982628077269">
        <ele>30.13</ele>
      </trkpt>
      <trkpt lat="37.322200080379844" lon="15.039724968373775">
        <ele>30.21</ele>
      </trkpt>
      <trkpt lat="37.32204551808536" lon="15.039467392489314">
        <ele>30.23</ele>
      </trkpt>
      <trkpt lat="37.32189095579088" lon="15.039209732785821">
        <ele>30.22</ele>
      </trkpt>
      <trkpt lat="37.32173681259155" lon="15.038952827453613">
        <ele>30.16</ele>
      </trkpt>
      <trkpt lat="37.321618627756834" lon="15.038673542439938">
        <ele>30.01</ele>
      </trkpt>
      <trkpt lat="37.32150077819824" lon="15.038394927978516">
        <ele>29.76</ele>
      </trkpt>
      <trkpt lat="37.32139332219958" lon="15.038025956600904">
        <ele>29.43</ele>
      </trkpt>
      <trkpt lat="37.321285866200924" lon="15.037656985223293">
        <ele>29.0</ele>
      </trkpt>
      <trkpt lat="37.321178410202265" lon="15.037288097664714">
        <ele>28.64</ele>
      </trkpt>
      <trkpt lat="37.321070954203606" lon="15.036919126287103">
        <ele>28.33</ele>
      </trkpt>
      <trkpt lat="37.32096349820495" lon="15.036550154909492">
        <ele>27.95</ele>
      </trkpt>
      <trkpt lat="37.32085604220629" lon="15.036181267350912">
        <ele>27.42</ele>
      </trkpt>
      <trkpt lat="37.32074858620763" lon="15.035812295973301">
        <ele>26.88</ele>
      </trkpt>
      <trkpt lat="37.320641214028" lon="15.03544332459569">
        <ele>26.37</ele>
      </trkpt>
      <trkpt lat="37.32053375802934" lon="15.03507443703711">
        <ele>25.78</ele>
      </trkpt>
      <trkpt lat="37.32042630203068" lon="15.0347054656595">
        <ele>25.17</ele>
      </trkpt>
      <trkpt lat="37.32031884603202" lon="15.03433657810092">
        <ele>24.55</ele>
      </trkpt>
      <trkpt lat="37.320213401690125" lon="15.033974647521973">
        <ele>23.93</ele>
      </trkpt>
      <trkpt lat="37.320213317871094" lon="15.033974647521973">
        <ele>23.23</ele>
      </trkpt>
      <trkpt lat="37.32011499814689" lon="15.033630738034844">
        <ele>22.56</ele>
      </trkpt>
      <trkpt lat="37.32001676224172" lon="15.033286828547716">
        <ele>21.8</ele>
      </trkpt>
      <trkpt lat="37.31991852633655" lon="15.03294300287962">
        <ele>20.95</ele>
      </trkpt>
      <trkpt lat="37.31982029043138" lon="15.032599093392491">
        <ele>20.11</ele>
      </trkpt>
      <trkpt lat="37.31972205452621" lon="15.032255267724395">
        <ele>19.28</ele>
      </trkpt>
      <trkpt lat="37.31962381862104" lon="15.031911358237267">
        <ele>18.44</ele>
      </trkpt>
      <trkpt lat="37.31952667236328" lon="15.031571388244629">
        <ele>17.53</ele>
      </trkpt>
      <trkpt lat="37.319431118667126" lon="15.031225048005581">
        <ele>16.6</ele>
      </trkpt>
      <trkpt lat="37.31933564879" lon="15.030878791585565">
        <ele>15.67</ele>
      </trkpt>
      <trkpt lat="37.319240095093846" lon="15.030532535165548">
        <ele>14.72</ele>
      </trkpt>
      <trkpt lat="37.31914462521672" lon="15.030186278745532">
        <ele>13.88</ele>
      </trkpt>
      <trkpt lat="37.31904907152057" lon="15.029840022325516">
        <ele>13.07</ele>
      </trkpt>
      <trkpt lat="37.31895360164344" lon="15.0294937659055">
        <ele>12.18</ele>
      </trkpt>
      <trkpt lat="37.31885804794729" lon="15.029147425666451">
        <ele>11.33</ele>
      </trkpt>
      <trkpt lat="37.318762578070164" lon="15.028801169246435">
        <ele>10.56</ele>
      </trkpt>
      <trkpt lat="37.31866844929755" lon="15.028460025787354">
        <ele>9.81</ele>
      </trkpt>
      <trkpt lat="37.3186469078064" lon="15.028352737426758">
        <ele>9.13</ele>
      </trkpt>
      <trkpt lat="37.318582367151976" lon="15.028057107701898">
        <ele>8.47</ele>
      </trkpt>
      <trkpt lat="37.31851791031659" lon="15.02776156179607">
        <ele>7.88</ele>
      </trkpt>
      <trkpt lat="37.318453369662166" lon="15.02746601589024">
        <ele>7.35</ele>
      </trkpt>
      <trkpt lat="37.31838941574097" lon="15.027172565460205">
        <ele>6.88</ele>
      </trkpt>
      <trkpt lat="37.31833208352327" lon="15.026792697608471">
        <ele>6.45</ele>
      </trkpt>
      <trkpt lat="37.31827475130558" lon="15.026412913575768">
        <ele>6.09</ele>
      </trkpt>
      <trkpt lat="37.318217754364014" lon="15.02603530883789">
        <ele>5.83</ele>
      </trkpt>
      <trkpt lat="37.318217754364014" lon="15.02579877153039">
        <ele>5.54</ele>
      </trkpt>
      <trkpt lat="37.318217754364014" lon="15.02556324005127">
        <ele>5.28</ele>
      </trkpt>
      <trkpt lat="37.31823921203613" lon="15.025276495143771">
        <ele>5.09</ele>
      </trkpt>
      <trkpt lat="37.318260753527284" lon="15.024989834055305">
        <ele>5.0</ele>
      </trkpt>
      <trkpt lat="37.31828212738037" lon="15.024704933166504">
        <ele>5.01</ele>
      </trkpt>
      <trkpt lat="37.31834658421576" lon="15.02443260513246">
        <ele>5.01</ele>
      </trkpt>
      <trkpt lat="37.31841104105115" lon="15.024160360917449">
        <ele>5.02</ele>
      </trkpt>
      <trkpt lat="37.31847524642944" lon="15.023889541625977">
        <ele>5.04</ele>
      </trkpt>
      <trkpt lat="37.31856116093695" lon="15.023617297410965">
        <ele>5.1</ele>
      </trkpt>
      <trkpt lat="37.31864715926349" lon="15.023345137014985">
        <ele>5.24</ele>
      </trkpt>
      <trkpt lat="37.31873273849487" lon="15.02307415008545">
        <ele>5.45</ele>
      </trkpt>
      <trkpt lat="37.31884547509253" lon="15.022789416834712">
        <ele>5.68</ele>
      </trkpt>
      <trkpt lat="37.31895829550922" lon="15.022504767403007">
        <ele>5.91</ele>
      </trkpt>
      <trkpt lat="37.319071032106876" lon="15.022220117971301">
        <ele>6.14</ele>
      </trkpt>
      <trkpt lat="37.319183349609375" lon="15.021936893463135">
        <ele>6.44</ele>
      </trkpt>
      <trkpt lat="37.31931938789785" lon="15.021657608449459">
        <ele>6.78</ele>
      </trkpt>
      <trkpt lat="37.31945542618632" lon="15.021378407254815">
        <ele>7.12</ele>
      </trkpt>
      <trkpt lat="37.31959112919867" lon="15.021100044250488">
        <ele>7.47</ele>
      </trkpt>
      <trkpt lat="37.31959104537964" lon="15.021100044250488">
        <ele>7.86</ele>
      </trkpt>
      <trkpt lat="37.319709146395326" lon="15.020809946581721">
        <ele>8.31</ele>
      </trkpt>
      <trkpt lat="37.31982707977295" lon="15.020520687103271">
        <ele>8.77</ele>
      </trkpt>
      <trkpt lat="37.31991299428046" lon="15.020284317433834">
        <ele>9.23</ele>
      </trkpt>
      <trkpt lat="37.319998824968934" lon="15.02004861831665">
        <ele>9.68</ele>
      </trkpt>
      <trkpt lat="37.32008473947644" lon="15.019736979156733">
        <ele>10.14</ele>
      </trkpt>
      <trkpt lat="37.320170402526855" lon="15.019426345825195">
        <ele>10.58</ele>
      </trkpt>
      <trkpt lat="37.3201990686357" lon="15.019146809354424">
        <ele>11.06</ele>
      </trkpt>
      <trkpt lat="37.32022773474455" lon="15.018867272883654">
        <ele>11.54</ele>
      </trkpt>
      <trkpt lat="37.32025623321533" lon="15.018589496612549">
        <ele>11.97</ele>
      </trkpt>
      <trkpt lat="37.32034206390381" lon="15.01828908920288">
        <ele>12.37</ele>
      </trkpt>
      <trkpt lat="37.32042797841132" lon="15.018095718696713">
        <ele>12.74</ele>
      </trkpt>
      <trkpt lat="37.32051380909979" lon="15.017902851104736">
        <ele>13.1</ele>
      </trkpt>
      <trkpt lat="37.32066409662366" lon="15.017580650746822">
        <ele>13.42</ele>
      </trkpt>
      <trkpt lat="37.32081446796656" lon="15.017258450388908">
        <ele>13.71</ele>
      </trkpt>
      <trkpt lat="37.32096475549042" lon="15.016936250030994">
        <ele>13.92</ele>
      </trkpt>
      <trkpt lat="37.32111512683332" lon="15.016614133492112">
        <ele>14.13</ele>
      </trkpt>
      <trkpt lat="37.32126474380493" lon="15.0162935256958">
        <ele>14.41</ele>
      </trkpt>
      <trkpt lat="37.32135057449341" lon="15.016164779663086">
        <ele>14.58</ele>
      </trkpt>
      <trkpt lat="37.32139348983765" lon="15.016036033630371">
        <ele>14.71</ele>
      </trkpt>
      <trkpt lat="37.32139348983765" lon="15.015885829925537">
        <ele>14.8</ele>
      </trkpt>
      <trkpt lat="37.32113608159125" lon="15.015864372253418">
        <ele>14.86</ele>
      </trkpt>
      <trkpt lat="37.32086299918592" lon="15.015789354220033">
        <ele>14.84</ele>
      </trkpt>
      <trkpt lat="37.32058991678059" lon="15.01571442000568">
        <ele>14.73</ele>
      </trkpt>
      <trkpt lat="37.32031683437526" lon="15.015639485791326">
        <ele>14.63</ele>
      </trkpt>
      <trkpt lat="37.32004165649414" lon="15.01556396484375">
        <ele>14.52</ele>
      </trkpt>
      <trkpt lat="37.319955825805664" lon="15.015521049499512">
        <ele>14.39</ele>
      </trkpt>
      <trkpt lat="37.31991299428046" lon="15.015478134155273">
        <ele>14.22</ele>
      </trkpt>
      <trkpt lat="37.31987007893622" lon="15.015435218811035">
        <ele>14.02</ele>
      </trkpt>
      <trkpt lat="37.31982707977295" lon="15.015392303466797">
        <ele>13.8</ele>
      </trkpt>
      <trkpt lat="37.31978416442871" lon="15.01532793045044">
        <ele>13.55</ele>
      </trkpt>
      <trkpt lat="37.31966597959399" lon="15.015070103108883">
        <ele>13.23</ele>
      </trkpt>
      <trkpt lat="37.3195481300354" lon="15.01481294631958">
        <ele>12.9</ele>
      </trkpt>
      <trkpt lat="37.31940848752856" lon="15.014501474797726">
        <ele>12.55</ele>
      </trkpt>
      <trkpt lat="37.319268845021725" lon="15.014190003275871">
        <ele>12.18</ele>
      </trkpt>
      <trkpt lat="37.31912920251489" lon="15.013878531754017">
        <ele>11.87</ele>
      </trkpt>
      <trkpt lat="37.3189902305603" lon="15.01356840133667">
        <ele>11.7</ele>
      </trkpt>
      <trkpt lat="37.318893587216735" lon="15.013364301994443">
        <ele>11.51</ele>
      </trkpt>
      <trkpt lat="37.31879719533026" lon="15.013160705566406">
        <ele>11.32</ele>
      </trkpt>
      <trkpt lat="37.318643219769" lon="15.012820567935705">
        <ele>11.12</ele>
      </trkpt>
      <trkpt lat="37.31848924420774" lon="15.012480430305004">
        <ele>10.93</ele>
      </trkpt>
      <trkpt lat="37.31833535246551" lon="15.012140376493335">
        <ele>10.72</ele>
      </trkpt>
      <trkpt lat="37.31818137690425" lon="15.011800238862634">
        <ele>10.51</ele>
      </trkpt>
      <trkpt lat="37.31802748516202" lon="15.011460185050964">
        <ele>10.3</ele>
      </trkpt>
      <trkpt lat="37.31787451542914" lon="15.011122226715088">
        <ele>10.07</ele>
      </trkpt>
      <trkpt lat="37.31772406026721" lon="15.010789213702083">
        <ele>9.87</ele>
      </trkpt>
      <trkpt lat="37.31757402420044" lon="15.010457038879395">
        <ele>9.73</ele>
      </trkpt>
      <trkpt lat="37.317445278167725" lon="15.010221004486084">
        <ele>9.61</ele>
      </trkpt>
      <trkpt lat="37.317445278167725" lon="15.010178089141846">
        <ele>9.5</ele>
      </trkpt>
      <trkpt lat="37.31733807362616" lon="15.010221004486084">
        <ele>9.37</ele>
      </trkpt>
      <trkpt lat="37.31727361679077" lon="15.010349750518799">
        <ele>9.28</ele>
      </trkpt>
      <trkpt lat="37.317166328430176" lon="15.010414123535156">
        <ele>9.23</ele>
      </trkpt>
      <trkpt lat="37.31697337701917" lon="15.010564159601927">
        <ele>9.19</ele>
      </trkpt>
      <trkpt lat="37.31678009033203" lon="15.010714530944824">
        <ele>9.19</ele>
      </trkpt>
      <trkpt lat="37.31667263433337" lon="15.010402891784906">
        <ele>9.27</ele>
      </trkpt>
      <trkpt lat="37.31656551361084" lon="15.01009225845337">
        <ele>9.35</ele>
      </trkpt>
      <trkpt lat="37.316425871104" lon="15.009759245440364">
        <ele>9.45</ele>
      </trkpt>
      <trkpt lat="37.31628656387329" lon="15.009427070617676">
        <ele>9.62</ele>
      </trkpt>
      <trkpt lat="37.316179275512695" lon="15.009233951568604">
        <ele>9.8</ele>
      </trkpt>
      <trkpt lat="37.31600761413574" lon="15.009105205535889">
        <ele>9.98</ele>
      </trkpt>
      <trkpt lat="37.31580049730837" lon="15.008998000994325">
        <ele>10.22</ele>
      </trkpt>
      <trkpt lat="37.315593380481005" lon="15.008890880271792">
        <ele>10.52</ele>
      </trkpt>
      <trkpt lat="37.31538534164429" lon="15.008783340454102">
        <ele>10.87</ele>
      </trkpt>
      <trkpt lat="37.31538542546332" lon="15.008783340454102">
        <ele>11.19</ele>
      </trkpt>
      <trkpt lat="37.315114019438624" lon="15.008640429005027">
        <ele>11.59</ele>
      </trkpt>
      <trkpt lat="37.31484261341393" lon="15.008497601374984">
        <ele>11.99</ele>
      </trkpt>
      <trkpt lat="37.31456995010376" lon="15.008354187011719">
        <ele>12.45</ele>
      </trkpt>
      <trkpt lat="37.31429100036621" lon="15.008418560028076">
        <ele>12.9</ele>
      </trkpt>
      <trkpt lat="37.31410886161029" lon="15.008525680750608">
        <ele>13.38</ele>
      </trkpt>
      <trkpt lat="37.313926219940186" lon="15.008633136749268">
        <ele>13.85</ele>
      </trkpt>
      <trkpt lat="37.31379747390747" lon="15.008654594421387">
        <ele>14.33</ele>
      </trkpt>
      <trkpt lat="37.31358289718628" lon="15.00859022140503">
        <ele>14.83</ele>
      </trkpt>
      <trkpt lat="37.313475608825684" lon="15.008547306060791">
        <ele>15.38</ele>
      </trkpt>
      <trkpt lat="37.31334686279297" lon="15.008354187011719">
        <ele>16.01</ele>
      </trkpt>
      <trkpt lat="37.31328232213855" lon="15.00816073268652">
        <ele>16.67</ele>
      </trkpt>
      <trkpt lat="37.313218116760254" lon="15.007967948913574">
        <ele>17.31</ele>
      </trkpt>
      <trkpt lat="37.31311082839966" lon="15.007796287536621">
        <ele>17.94</ele>
      </trkpt>
      <trkpt lat="37.312917709350586" lon="15.007624626159668">
        <ele>18.56</ele>
      </trkpt>
      <trkpt lat="37.31268192641437" lon="15.007474590092897">
        <ele>19.18</ele>
      </trkpt>
      <trkpt lat="37.312445640563965" lon="15.00732421875">
        <ele>19.84</ele>
      </trkpt>
      <trkpt lat="37.312445724383" lon="15.00732421875">
        <ele>20.48</ele>
      </trkpt>
      <trkpt lat="37.31225989758968" lon="15.007181307300925">
        <ele>21.2</ele>
      </trkpt>
      <trkpt lat="37.31207407079637" lon="15.00703839585185">
        <ele>21.9</ele>
      </trkpt>
      <trkpt lat="37.31188774108887" lon="15.006895065307617">
        <ele>22.59</ele>
      </trkpt>
      <trkpt lat="37.311654137447476" lon="15.006659114733338">
        <ele>23.26</ele>
      </trkpt>
      <trkpt lat="37.31142061762512" lon="15.00642316415906">
        <ele>23.92</ele>
      </trkpt>
      <trkpt lat="37.31118709780276" lon="15.006187297403812">
        <ele>24.58</ele>
      </trkpt>
      <trkpt lat="37.3109535779804" lon="15.005951346829534">
        <ele>25.21</ele>
      </trkpt>
      <trkpt lat="37.31072005815804" lon="15.005715396255255">
        <ele>25.83</ele>
      </trkpt>
      <trkpt lat="37.31048653833568" lon="15.005479529500008">
        <ele>26.4</ele>
      </trkpt>
      <trkpt lat="37.31025301851332" lon="15.005243578925729">
        <ele>26.96</ele>
      </trkpt>
      <trkpt lat="37.31001949869096" lon="15.005007712170482">
        <ele>27.48</ele>
      </trkpt>
      <trkpt lat="37.30978488922119" lon="15.004770755767822">
        <ele>28.03</ele>
      </trkpt>
      <trkpt lat="37.30953820981085" lon="15.004532122984529">
        <ele>28.56</ele>
      </trkpt>
      <trkpt lat="37.309291614219546" lon="15.004293574020267">
        <ele>29.04</ele>
      </trkpt>
      <trkpt lat="37.30904501862824" lon="15.004054941236973">
        <ele>29.49</ele>
      </trkpt>
      <trkpt lat="37.30879842303693" lon="15.00381639227271">
        <ele>29.93</ele>
      </trkpt>
      <trkpt lat="37.308551743626595" lon="15.003577843308449">
        <ele>30.38</ele>
      </trkpt>
      <trkpt lat="37.30830514803529" lon="15.003339210525155">
        <ele>30.84</ele>
      </trkpt>
      <trkpt lat="37.30805855244398" lon="15.003100661560893">
        <ele>31.22</ele>
      </trkpt>
      <trkpt lat="37.30781078338623" lon="15.002861022949219">
        <ele>31.59</ele>
      </trkpt>
      <trkpt lat="37.30759620666504" lon="15.002689361572266">
        <ele>31.93</ele>
      </trkpt>
      <trkpt lat="37.30741406790912" lon="15.002582157030702">
        <ele>32.25</ele>
      </trkpt>
      <trkpt lat="37.307231426239014" lon="15.002474784851074">
        <ele>32.58</ele>
      </trkpt>
      <trkpt lat="37.3069953918457" lon="15.002410411834717">
        <ele>32.85</ele>
      </trkpt>
      <trkpt lat="37.30674913153052" lon="15.002372860908508">
        <ele>33.11</ele>
      </trkpt>
      <trkpt lat="37.30650287121534" lon="15.002335393801332">
        <ele>33.36</ele>
      </trkpt>
      <trkpt lat="37.306256610900164" lon="15.002297926694155">
        <ele>33.57</ele>
      </trkpt>
      <trkpt lat="37.30600833892822" lon="15.002260208129883">
        <ele>33.73</ele>
      </trkpt>
      <trkpt lat="37.3057728074491" lon="15.002260124310851">
        <ele>33.92</ele>
      </trkpt>
      <trkpt lat="37.3055362701416" lon="15.002260208129883">
        <ele>34.16</ele>
      </trkpt>
      <trkpt lat="37.30530031956732" lon="15.002260208129883">
        <ele>34.37</ele>
      </trkpt>
      <trkpt lat="37.305192947387695" lon="15.002260208129883">
        <ele>34.55</ele>
      </trkpt>
      <trkpt lat="37.304978370666504" lon="15.002217292785645">
        <ele>34.7</ele>
      </trkpt>
      <trkpt lat="37.304999912157655" lon="15.002195835113525">
        <ele>34.84</ele>
      </trkpt>
      <trkpt lat="37.304999912157655" lon="15.002110004425049">
        <ele>34.96</ele>
      </trkpt>
      <trkpt lat="37.30495699681342" lon="15.00206708908081">
        <ele>35.08</ele>
      </trkpt>
      <trkpt lat="37.30491399765015" lon="15.00206708908081">
        <ele>35.18</ele>
      </trkpt>
      <trkpt lat="37.304677963256836" lon="15.002152919769287">
        <ele>35.3</ele>
      </trkpt>
      <trkpt lat="37.30465658940375" lon="15.002152919769287">
        <ele>35.38</ele>
      </trkpt>
      <trkpt lat="37.3044638056308" lon="15.002152919769287">
        <ele>35.45</ele>
      </trkpt>
      <trkpt lat="37.30427026748657" lon="15.002152919769287">
        <ele>35.53</ele>
      </trkpt>
      <trkpt lat="37.304227352142334" lon="15.002152919769287">
        <ele>35.59</ele>
      </trkpt>
      <trkpt lat="37.3039561137557" lon="15.002160044386983">
        <ele>35.67</ele>
      </trkpt>
      <trkpt lat="37.303684959188104" lon="15.002167169004679">
        <ele>35.75</ele>
      </trkpt>
      <trkpt lat="37.30341204442084" lon="15.002174377441406">
        <ele>35.77</ele>
      </trkpt>
      <trkpt lat="37.30322998948395" lon="15.002174377441406">
        <ele>35.78</ele>
      </trkpt>
      <trkpt lat="37.30304726399481" lon="15.002174377441406">
        <ele>35.76</ele>
      </trkpt>
      <trkpt lat="37.302961433306336" lon="15.002174377441406">
        <ele>35.75</ele>
      </trkpt>
      <trkpt lat="37.302747275680304" lon="15.002174377441406">
        <ele>35.75</ele>
      </trkpt>
      <trkpt lat="37.30253219604492" lon="15.002174377441406">
        <ele>35.74</ele>
      </trkpt>
      <trkpt lat="37.302489280700684" lon="15.002174377441406">
        <ele>35.73</ele>
      </trkpt>
      <trkpt lat="37.30226447805762" lon="15.002174377441406">
        <ele>35.7</ele>
      </trkpt>
      <trkpt lat="37.30203875340521" lon="15.002174377441406">
        <ele>35.69</ele>
      </trkpt>
      <trkpt lat="37.30184555053711" lon="15.002195835113525">
        <ele>35.67</ele>
      </trkpt>
      <trkpt lat="37.30175971984863" lon="15.002195835113525">
        <ele>35.65</ele>
      </trkpt>
      <trkpt lat="37.301492085680366" lon="15.002195835113525">
        <ele>35.64</ele>
      </trkpt>
      <trkpt lat="37.301223361864686" lon="15.002195835113525">
        <ele>35.56</ele>
      </trkpt>
      <trkpt lat="37.30109461583197" lon="15.002195835113525">
        <ele>35.48</ele>
      </trkpt>
      <trkpt lat="37.30107315815985" lon="15.002195835113525">
        <ele>35.43</ele>
      </trkpt>
      <trkpt lat="37.30090141296387" lon="15.002195835113525">
        <ele>35.33</ele>
      </trkpt>
      <trkpt lat="37.300729751586914" lon="15.002195835113525">
        <ele>35.25</ele>
      </trkpt>
      <trkpt lat="37.30060108937323" lon="15.002217292785645">
        <ele>35.19</ele>
      </trkpt>
      <trkpt lat="37.30053663253784" lon="15.002217292785645">
        <ele>35.17</ele>
      </trkpt>
      <trkpt lat="37.300365306437016" lon="15.002217292785645">
        <ele>35.15</ele>
      </trkpt>
      <trkpt lat="37.30019339360297" lon="15.002217292785645">
        <ele>35.16</ele>
      </trkpt>
      <trkpt lat="37.30002164840698" lon="15.002195835113525">
        <ele>35.13</ele>
      </trkpt>
      <trkpt lat="37.299721324816346" lon="15.002195835113525">
        <ele>35.13</ele>
      </trkpt>
      <trkpt lat="37.29959257878363" lon="15.002195835113525">
        <ele>35.17</ele>
      </trkpt>
      <trkpt lat="37.299506748095155" lon="15.002195835113525">
        <ele>35.23</ele>
      </trkpt>
      <trkpt lat="37.29939945973456" lon="15.002195835113525">
        <ele>35.34</ele>
      </trkpt>
      <trkpt lat="37.299206256866455" lon="15.002195835113525">
        <ele>35.48</ele>
      </trkpt>
      <trkpt lat="37.29920634068549" lon="15.002195835113525">
        <ele>35.55</ele>
      </trkpt>
      <trkpt lat="37.299034679308534" lon="15.002195835113525">
        <ele>35.7</ele>
      </trkpt>
      <trkpt lat="37.29894884862006" lon="15.002195835113525">
        <ele>35.82</ele>
      </trkpt>
      <trkpt lat="37.29864835739136" lon="15.002217292785645">
        <ele>35.9</ele>
      </trkpt>
      <trkpt lat="37.29834803380072" lon="15.002217292785645">
        <ele>35.93</ele>
      </trkpt>
      <trkpt lat="37.29804762639105" lon="15.002217292785645">
        <ele>35.99</ele>
      </trkpt>
      <trkpt lat="37.29785484261811" lon="15.002227937802672">
        <ele>36.18</ele>
      </trkpt>
      <trkpt lat="37.29766130447388" lon="15.002238750457764">
        <ele>36.38</ele>
      </trkpt>
      <trkpt lat="37.29755409993231" lon="15.002238750457764">
        <ele>36.59</ele>
      </trkpt>
      <trkpt lat="37.297511184588075" lon="15.002238750457764">
        <ele>36.79</ele>
      </trkpt>
      <trkpt lat="37.29738235473633" lon="15.002238750457764">
        <ele>37.03</ele>
      </trkpt>
      <trkpt lat="37.29738243855536" lon="15.002238750457764">
        <ele>37.26</ele>
      </trkpt>
      <trkpt lat="37.297318065539" lon="15.002238750457764">
        <ele>37.53</ele>
      </trkpt>
      <trkpt lat="37.29706057347357" lon="15.002260208129883">
        <ele>37.84</ele>
      </trkpt>
      <trkpt lat="37.296996200457215" lon="15.002260208129883">
        <ele>38.13</ele>
      </trkpt>
      <trkpt lat="37.296749940142035" lon="15.002260124310851">
        <ele>38.4</ele>
      </trkpt>
      <trkpt lat="37.296503679826856" lon="15.002260124310851">
        <ele>38.7</ele>
      </trkpt>
      <trkpt lat="37.29625750333071" lon="15.002260124310851">
        <ele>39.04</ele>
      </trkpt>
      <trkpt lat="37.296009147539735" lon="15.002260208129883">
        <ele>39.45</ele>
      </trkpt>
      <trkpt lat="37.29570874013007" lon="15.002260208129883">
        <ele>39.91</ele>
      </trkpt>
      <trkpt lat="37.29562290944159" lon="15.002260208129883">
        <ele>40.34</ele>
      </trkpt>
      <trkpt lat="37.29540824890137" lon="15.002195835113525">
        <ele>40.79</ele>
      </trkpt>
      <trkpt lat="37.2954083327204" lon="15.002195835113525">
        <ele>41.26</ele>
      </trkpt>
      <trkpt lat="37.295172633603215" lon="15.002067256718874">
        <ele>41.75</ele>
      </trkpt>
      <trkpt lat="37.29493626393378" lon="15.001938343048096">
        <ele>42.3</ele>
      </trkpt>
      <trkpt lat="37.29487189091742" lon="15.001895427703857">
        <ele>42.84</ele>
      </trkpt>
      <trkpt lat="37.29478597640991" lon="15.00185251235962">
        <ele>43.41</ele>
      </trkpt>
      <trkpt lat="37.29468924924731" lon="15.002056527882814">
        <ele>44.01</ele>
      </trkpt>
      <trkpt lat="37.29459285736084" lon="15.002260208129883">
        <ele>44.66</ele>
      </trkpt>
      <trkpt lat="37.2943998221308" lon="15.002442430704832">
        <ele>45.35</ele>
      </trkpt>
      <trkpt lat="37.294206619262695" lon="15.002624988555908">
        <ele>46.1</ele>
      </trkpt>
      <trkpt lat="37.294185161590576" lon="15.002624988555908">
        <ele>46.76</ele>
      </trkpt>
      <trkpt lat="37.294035041704774" lon="15.002624988555908">
        <ele>47.48</ele>
      </trkpt>
      <trkpt lat="37.293949127197266" lon="15.00258207321167">
        <ele>48.18</ele>
      </trkpt>
      <trkpt lat="37.29367772117257" lon="15.002417787909508">
        <ele>48.97</ele>
      </trkpt>
      <trkpt lat="37.29340631514788" lon="15.002253502607346">
        <ele>49.75</ele>
      </trkpt>
      <trkpt lat="37.29313381947577" lon="15.00208854675293">
        <ele>50.49</ele>
      </trkpt>
      <trkpt lat="37.29306944645941" lon="15.00206708908081">
        <ele>51.24</ele>
      </trkpt>
      <trkpt lat="37.293005073443055" lon="15.002024173736572">
        <ele>52.01</ele>
      </trkpt>
      <trkpt lat="37.29282301850617" lon="15.002002716064453">
        <ele>52.84</ele>
      </trkpt>
      <trkpt lat="37.292640209198" lon="15.001981258392334">
        <ele>53.68</ele>
      </trkpt>
      <trkpt lat="37.29242563247681" lon="15.002024173736572">
        <ele>54.54</ele>
      </trkpt>
      <trkpt lat="37.292232513427734" lon="15.002195835113525">
        <ele>55.31</ele>
      </trkpt>
      <trkpt lat="37.292146515101194" lon="15.00239985063672">
        <ele>56.2</ele>
      </trkpt>
      <trkpt lat="37.29206085205078" lon="15.002603530883789">
        <ele>57.09</ele>
      </trkpt>
      <trkpt lat="37.29199639521539" lon="15.002839900553226">
        <ele>58.01</ele>
      </trkpt>
      <trkpt lat="37.2919321898371" lon="15.00307559967041">
        <ele>58.95</ele>
      </trkpt>
      <trkpt lat="37.29191064834595" lon="15.003139972686768">
        <ele>59.86</ele>
      </trkpt>
      <trkpt lat="37.29180319234729" lon="15.003408445045352">
        <ele>60.77</ele>
      </trkpt>
      <trkpt lat="37.291696071624756" lon="15.003676414489746">
        <ele>61.61</ele>
      </trkpt>
      <trkpt lat="37.2916316986084" lon="15.003933906555176">
        <ele>62.45</ele>
      </trkpt>
      <trkpt lat="37.29165315628052" lon="15.004127025604248">
        <ele>63.37</ele>
      </trkpt>
      <trkpt lat="37.29180344380438" lon="15.004413267597556">
        <ele>64.38</ele>
      </trkpt>
      <trkpt lat="37.29195381514728" lon="15.004699593409896">
        <ele>65.44</ele>
      </trkpt>
      <trkpt lat="37.29210385121405" lon="15.004985332489014">
        <ele>66.49</ele>
      </trkpt>
      <trkpt lat="37.29226838797331" lon="15.005285907536745">
        <ele>67.55</ele>
      </trkpt>
      <trkpt lat="37.2924330085516" lon="15.005586566403508">
        <ele>68.63</ele>
      </trkpt>
      <trkpt lat="37.29259729385376" lon="15.005886554718018">
        <ele>69.64</ele>
      </trkpt>
      <trkpt lat="37.292683124542236" lon="15.006036758422852">
        <ele>70.68</ele>
      </trkpt>
      <trkpt lat="37.29280122555792" lon="15.006262231618166">
        <ele>71.79</ele>
      </trkpt>
      <trkpt lat="37.29291915893555" lon="15.006487369537354">
        <ele>72.95</ele>
      </trkpt>
      <trkpt lat="37.29302644729614" lon="15.006766319274902">
        <ele>74.14</ele>
      </trkpt>
      <trkpt lat="37.29304790496826" lon="15.00683069229126">
        <ele>75.23</ele>
      </trkpt>
      <trkpt lat="37.29308009147644" lon="15.00708868727088">
        <ele>76.3</ele>
      </trkpt>
      <trkpt lat="37.29311227798462" lon="15.00734567642212">
        <ele>77.41</ele>
      </trkpt>
      <trkpt lat="37.2930908203125" lon="15.007367134094238">
        <ele>78.49</ele>
      </trkpt>
      <trkpt lat="37.2930908203125" lon="15.007410049438477">
        <ele>79.58</ele>
      </trkpt>
      <trkpt lat="37.29311236180365" lon="15.007495880126953">
        <ele>80.69</ele>
      </trkpt>
      <trkpt lat="37.29313381947577" lon="15.007495880126953">
        <ele>81.77</ele>
      </trkpt>
      <trkpt lat="37.29315519332886" lon="15.007517337799072">
        <ele>82.85</ele>
      </trkpt>
      <trkpt lat="37.293219566345215" lon="15.007603168487549">
        <ele>83.95</ele>
      </trkpt>
      <trkpt lat="37.29330548085272" lon="15.007817996665835">
        <ele>85.09</ele>
      </trkpt>
      <trkpt lat="37.29339122772217" lon="15.008032321929932">
        <ele>86.17</ele>
      </trkpt>
      <trkpt lat="37.293434143066406" lon="15.00823650509119">
        <ele>87.25</ele>
      </trkpt>
      <trkpt lat="37.293477058410645" lon="15.008440017700195">
        <ele>88.34</ele>
      </trkpt>
      <trkpt lat="37.293520057573915" lon="15.008718967437744">
        <ele>89.48</ele>
      </trkpt>
      <trkpt lat="37.293541515246034" lon="15.008923150599003">
        <ele>90.54</ele>
      </trkpt>
      <trkpt lat="37.29356297291815" lon="15.009126663208008">
        <ele>91.59</ele>
      </trkpt>
      <trkpt lat="37.29356288909912" lon="15.009126663208008">
        <ele>92.56</ele>
      </trkpt>
      <trkpt lat="37.29360044002533" lon="15.009443750604987">
        <ele>93.6</ele>
      </trkpt>
      <trkpt lat="37.29363807477057" lon="15.009760838001966">
        <ele>94.58</ele>
      </trkpt>
      <trkpt lat="37.29367570951581" lon="15.010078009217978">
        <ele>95.49</ele>
      </trkpt>
      <trkpt lat="37.293713092803955" lon="15.010392665863037">
        <ele>96.39</ele>
      </trkpt>
      <trkpt lat="37.293713092803955" lon="15.010499954223633">
        <ele>97.25</ele>
      </trkpt>
      <trkpt lat="37.29377042502165" lon="15.010800864547491">
        <ele>98.14</ele>
      </trkpt>
      <trkpt lat="37.29382775723934" lon="15.011101858690381">
        <ele>99.0</ele>
      </trkpt>
      <trkpt lat="37.29388483799994" lon="15.011401176452637">
        <ele>99.8</ele>
      </trkpt>
      <trkpt lat="37.29392775334418" lon="15.011615753173828">
        <ele>100.54</ele>
      </trkpt>
      <trkpt lat="37.293992042541504" lon="15.011851787567139">
        <ele>101.24</ele>
      </trkpt>
      <trkpt lat="37.29404577054083" lon="15.012131240218878">
        <ele>101.87</ele>
      </trkpt>
      <trkpt lat="37.2940993309021" lon="15.012409687042236">
        <ele>102.47</ele>
      </trkpt>
      <trkpt lat="37.2940993309021" lon="15.012731552124023">
        <ele>103.02</ele>
      </trkpt>
      <trkpt lat="37.29407787322998" lon="15.012753009796143">
        <ele>103.55</ele>
      </trkpt>
      <trkpt lat="37.293949127197266" lon="15.012860298156738">
        <ele>104.04</ele>
      </trkpt>
      <trkpt lat="37.29379892349243" lon="15.012924671173096">
        <ele>104.51</ele>
      </trkpt>
      <trkpt lat="37.293627597391605" lon="15.01296741887927">
        <ele>104.98</ele>
      </trkpt>
      <trkpt lat="37.29345568455756" lon="15.013010501861572">
        <ele>105.4</ele>
      </trkpt>
      <trkpt lat="37.29326248168945" lon="15.01305341720581">
        <ele>105.8</ele>
      </trkpt>
      <trkpt lat="37.293241024017334" lon="15.01305341720581">
        <ele>106.18</ele>
      </trkpt>
      <trkpt lat="37.293005073443055" lon="15.013096332550049">
        <ele>106.57</ele>
      </trkpt>
      <trkpt lat="37.29274087585509" lon="15.013196244835854">
        <ele>106.94</ele>
      </trkpt>
      <trkpt lat="37.29247667826712" lon="15.013296157121658">
        <ele>107.31</ele>
      </trkpt>
      <trkpt lat="37.29221113957465" lon="15.013396739959717">
        <ele>107.66</ele>
      </trkpt>
      <trkpt lat="37.291954066604376" lon="15.013489527627826">
        <ele>107.98</ele>
      </trkpt>
      <trkpt lat="37.291697077453136" lon="15.013582315295935">
        <ele>108.29</ele>
      </trkpt>
      <trkpt lat="37.29143866337836" lon="15.013675689697266">
        <ele>108.65</ele>
      </trkpt>
      <trkpt lat="37.29124579578638" lon="15.013793539255857">
        <ele>109.04</ele>
      </trkpt>
      <trkpt lat="37.29105242528021" lon="15.013911724090576">
        <ele>109.43</ele>
      </trkpt>
      <trkpt lat="37.29079518467188" lon="15.014083134010434">
        <ele>109.77</ele>
      </trkpt>
      <trkpt lat="37.290538027882576" lon="15.014254543930292">
        <ele>110.25</ele>
      </trkpt>
      <trkpt lat="37.290279949083924" lon="15.014426708221436">
        <ele>110.77</ele>
      </trkpt>
      <trkpt lat="37.29014055803418" lon="15.014523100107908">
        <ele>111.23</ele>
      </trkpt>
      <trkpt lat="37.290000999346375" lon="15.014619827270508">
        <ele>111.64</ele>
      </trkpt>
      <trkpt lat="37.289958000183105" lon="15.014641284942627">
        <ele>112.13</ele>
      </trkpt>
      <trkpt lat="37.28989362716675" lon="15.014684200286865">
        <ele>112.66</ele>
      </trkpt>
      <trkpt lat="37.28978633880615" lon="15.014748573303223">
        <ele>113.22</ele>
      </trkpt>
      <trkpt lat="37.289528930559754" lon="15.014941692352295">
        <ele>113.87</ele>
      </trkpt>
      <trkpt lat="37.2894645575434" lon="15.014984607696533">
        <ele>114.52</ele>
      </trkpt>
      <trkpt lat="37.28931435383856" lon="15.015091896057129">
        <ele>115.22</ele>
      </trkpt>
      <trkpt lat="37.28916415013373" lon="15.015199184417725">
        <ele>115.95</ele>
      </trkpt>
      <trkpt lat="37.288992488756776" lon="15.01532793045044">
        <ele>116.69</ele>
      </trkpt>
      <trkpt lat="37.288799369707704" lon="15.015456676483154">
        <ele>117.44</ele>
      </trkpt>
      <trkpt lat="37.28860625065863" lon="15.015628337860107">
        <ele>118.22</ele>
      </trkpt>
      <trkpt lat="37.28837750852108" lon="15.015799747779965">
        <ele>119.01</ele>
      </trkpt>
      <trkpt lat="37.28814885020256" lon="15.015971241518855">
        <ele>119.9</ele>
      </trkpt>
      <trkpt lat="37.28791952133179" lon="15.016143321990967">
        <ele>120.76</ele>
      </trkpt>
      <trkpt lat="37.28776931762695" lon="15.016250610351562">
        <ele>121.68</ele>
      </trkpt>
      <trkpt lat="37.287587178871036" lon="15.016379188746214">
        <ele>122.62</ele>
      </trkpt>
      <trkpt lat="37.28740462101996" lon="15.016508102416992">
        <ele>123.56</ele>
      </trkpt>
      <trkpt lat="37.287154672667384" lon="15.016593765467405">
        <ele>124.51</ele>
      </trkpt>
      <trkpt lat="37.28690480813384" lon="15.016679428517818">
        <ele>125.38</ele>
      </trkpt>
      <trkpt lat="37.28665351867676" lon="15.016765594482422">
        <ele>126.28</ele>
      </trkpt>
      <trkpt lat="37.286438941955566" lon="15.01680850982666">
        <ele>127.27</ele>
      </trkpt>
      <trkpt lat="37.28626728057861" lon="15.016894340515137">
        <ele>128.28</ele>
      </trkpt>
      <trkpt lat="37.286245822906494" lon="15.016894340515137">
        <ele>129.23</ele>
      </trkpt>
      <trkpt lat="37.2860312461853" lon="15.016915798187256">
        <ele>130.22</ele>
      </trkpt>
      <trkpt lat="37.28581666946411" lon="15.016894340515137">
        <ele>131.24</ele>
      </trkpt>
      <trkpt lat="37.28562363423407" lon="15.01680850982666">
        <ele>132.24</ele>
      </trkpt>
      <trkpt lat="37.28534460067749" lon="15.016701221466064">
        <ele>133.28</ele>
      </trkpt>
      <trkpt lat="37.28510865010321" lon="15.016658306121826">
        <ele>134.22</ele>
      </trkpt>
      <trkpt lat="37.28485107421875" lon="15.016701221466064">
        <ele>135.06</ele>
      </trkpt>
      <trkpt lat="37.28465803898871" lon="15.016765594482422">
        <ele>135.93</ele>
      </trkpt>
      <trkpt lat="37.28439375758171" lon="15.016886964440346">
        <ele>136.79</ele>
      </trkpt>
      <trkpt lat="37.284129559993744" lon="15.01700833439827">
        <ele>137.68</ele>
      </trkpt>
      <trkpt lat="37.28386402130127" lon="15.017130374908447">
        <ele>138.58</ele>
      </trkpt>
      <trkpt lat="37.28358565829694" lon="15.017178487032652">
        <ele>139.56</ele>
      </trkpt>
      <trkpt lat="37.283307295292616" lon="15.017226682975888">
        <ele>140.51</ele>
      </trkpt>
      <trkpt lat="37.28302893228829" lon="15.017274878919125">
        <ele>141.44</ele>
      </trkpt>
      <trkpt lat="37.282748222351074" lon="15.01732349395752">
        <ele>142.31</ele>
      </trkpt>
      <trkpt lat="37.282726764678955" lon="15.01732349395752">
        <ele>143.11</ele>
      </trkpt>
      <trkpt lat="37.2826623916626" lon="15.017344951629639">
        <ele>143.89</ele>
      </trkpt>
      <trkpt lat="37.28242635726929" lon="15.017387866973877">
        <ele>144.59</ele>
      </trkpt>
      <trkpt lat="37.282212199643254" lon="15.017409240826964">
        <ele>145.24</ele>
      </trkpt>
      <trkpt lat="37.28199812583625" lon="15.017430614680052">
        <ele>145.96</ele>
      </trkpt>
      <trkpt lat="37.28178262710571" lon="15.017452239990234">
        <ele>146.68</ele>
      </trkpt>
      <trkpt lat="37.28163242340088" lon="15.017409324645996">
        <ele>147.33</ele>
      </trkpt>
      <trkpt lat="37.28161104954779" lon="15.017387866973877">
        <ele>147.88</ele>
      </trkpt>
      <trkpt lat="37.2815465927124" lon="15.017344951629639">
        <ele>148.43</ele>
      </trkpt>
      <trkpt lat="37.28148230351508" lon="15.017366409301758">
        <ele>148.94</ele>
      </trkpt>
      <trkpt lat="37.28141793049872" lon="15.017495155334473">
        <ele>149.4</ele>
      </trkpt>
      <trkpt lat="37.28143930435181" lon="15.017538070678711">
        <ele>149.71</ele>
      </trkpt>
      <trkpt lat="37.28137493133545" lon="15.017666816711426">
        <ele>150.04</ele>
      </trkpt>
      <trkpt lat="37.281171418726444" lon="15.017752479761839">
        <ele>150.38</ele>
      </trkpt>
      <trkpt lat="37.280967235565186" lon="15.017838478088379">
        <ele>150.65</ele>
      </trkpt>
      <trkpt lat="37.280731620267034" lon="15.017916932702065">
        <ele>150.78</ele>
      </trkpt>
      <trkpt lat="37.28049600496888" lon="15.017995471134782">
        <ele>150.82</ele>
      </trkpt>
      <trkpt lat="37.280259132385254" lon="15.01807451248169">
        <ele>150.71</ele>
      </trkpt>
      <trkpt lat="37.280023181810975" lon="15.018310546875">
        <ele>150.48</ele>
      </trkpt>
      <trkpt lat="37.27991589345038" lon="15.018482208251953">
        <ele>150.18</ele>
      </trkpt>
      <trkpt lat="37.27991580963135" lon="15.018482208251953">
        <ele>149.92</ele>
      </trkpt>
      <trkpt lat="37.27981916628778" lon="15.018643224611878">
        <ele>149.5</ele>
      </trkpt>
      <trkpt lat="37.279722690582275" lon="15.01880407333374">
        <ele>149.02</ele>
      </trkpt>
      <trkpt lat="37.27955102920532" lon="15.018954277038574">
        <ele>148.52</ele>
      </trkpt>
      <trkpt lat="37.279250621795654" lon="15.01906156539917">
        <ele>148.0</ele>
      </trkpt>
      <trkpt lat="37.27907929569483" lon="15.019061481580138">
        <ele>147.5</ele>
      </trkpt>
      <trkpt lat="37.27890729904175" lon="15.01906156539917">
        <ele>146.96</ele>
      </trkpt>
      <trkpt lat="37.27861812338233" lon="15.019157873466611">
        <ele>146.38</ele>
      </trkpt>
      <trkpt lat="37.27832794189453" lon="15.019254684448242">
        <ele>145.87</ele>
      </trkpt>
      <trkpt lat="37.27807606570423" lon="15.01941536553204">
        <ele>145.26</ele>
      </trkpt>
      <trkpt lat="37.27782427333295" lon="15.019576046615839">
        <ele>144.61</ele>
      </trkpt>
      <trkpt lat="37.27757248096168" lon="15.01973681151867">
        <ele>143.98</ele>
      </trkpt>
      <trkpt lat="37.27731943130493" lon="15.019898414611816">
        <ele>143.38</ele>
      </trkpt>
      <trkpt lat="37.27710485458374" lon="15.020005702972412">
        <ele>142.76</ele>
      </trkpt>
      <trkpt lat="37.27687460370362" lon="15.020075272768736">
        <ele>142.09</ele>
      </trkpt>
      <trkpt lat="37.276644352823496" lon="15.02014484256506">
        <ele>141.39</ele>
      </trkpt>
      <trkpt lat="37.276414185762405" lon="15.020214496180415">
        <ele>140.73</ele>
      </trkpt>
      <trkpt lat="37.27618217468262" lon="15.020284652709961">
        <ele>140.13</ele>
      </trkpt>
      <trkpt lat="37.275967597961426" lon="15.020391941070557">
        <ele>139.53</ele>
      </trkpt>
      <trkpt lat="37.27571027353406" lon="15.020616995170712">
        <ele>138.95</ele>
      </trkpt>
      <trkpt lat="37.275452613830566" lon="15.020842552185059">
        <ele>138.55</ele>
      </trkpt>
      <trkpt lat="37.275302577763796" lon="15.020917486399412">
        <ele>138.13</ele>
      </trkpt>
      <trkpt lat="37.2751522064209" lon="15.020992755889893">
        <ele>137.74</ele>
      </trkpt>
      <trkpt lat="37.27490594610572" lon="15.021035503596067">
        <ele>137.39</ele>
      </trkpt>
      <trkpt lat="37.27465867996216" lon="15.02107858657837">
        <ele>137.2</ele>
      </trkpt>
      <trkpt lat="37.27447662502527" lon="15.02105712890625">
        <ele>137.08</ele>
      </trkpt>
      <trkpt lat="37.27429389953613" lon="15.02103567123413">
        <ele>137.02</ele>
      </trkpt>
      <trkpt lat="37.27404763922095" lon="15.021046316251159">
        <ele>137.0</ele>
      </trkpt>
      <trkpt lat="37.27380037307739" lon="15.02105712890625">
        <ele>136.99</ele>
      </trkpt>
      <trkpt lat="37.273639775812626" lon="15.021067773923278">
        <ele>137.06</ele>
      </trkpt>
      <trkpt lat="37.273478507995605" lon="15.02107858657837">
        <ele>137.19</ele>
      </trkpt>
      <trkpt lat="37.27337121963501" lon="15.02107858657837">
        <ele>137.4</ele>
      </trkpt>
      <trkpt lat="37.273189164698124" lon="15.021025026217103">
        <ele>137.67</ele>
      </trkpt>
      <trkpt lat="37.273006439208984" lon="15.020971298217773">
        <ele>138.0</ele>
      </trkpt>
      <trkpt lat="37.272824216634035" lon="15.02084263600409">
        <ele>138.4</ele>
      </trkpt>
      <trkpt lat="37.27264165878296" lon="15.020713806152344">
        <ele>138.86</ele>
      </trkpt>
      <trkpt lat="37.27240562438965" lon="15.020606517791748">
        <ele>139.38</ele>
      </trkpt>
      <trkpt lat="37.272212505340576" lon="15.02054214477539">
        <ele>139.96</ele>
      </trkpt>
      <trkpt lat="37.27201980538666" lon="15.020552789792418">
        <ele>140.55</ele>
      </trkpt>
      <trkpt lat="37.27182626724243" lon="15.02056360244751">
        <ele>141.22</ele>
      </trkpt>
      <trkpt lat="37.27163314819336" lon="15.020606517791748">
        <ele>141.97</ele>
      </trkpt>
      <trkpt lat="37.271418906748295" lon="15.020713554695249">
        <ele>142.8</ele>
      </trkpt>
      <trkpt lat="37.27120466530323" lon="15.02082067541778">
        <ele>143.69</ele>
      </trkpt>
      <trkpt lat="37.270989418029785" lon="15.020928382873535">
        <ele>144.6</ele>
      </trkpt>
      <trkpt lat="37.27078598923981" lon="15.020939027890563">
        <ele>145.51</ele>
      </trkpt>
      <trkpt lat="37.27058172225952" lon="15.020949840545654">
        <ele>146.44</ele>
      </trkpt>
      <trkpt lat="37.27036714553833" lon="15.020928382873535">
        <ele>147.38</ele>
      </trkpt>
      <trkpt lat="37.27017402648926" lon="15.020864009857178">
        <ele>148.33</ele>
      </trkpt>
      <trkpt lat="37.27001326158643" lon="15.020746076479554">
        <ele>149.27</ele>
      </trkpt>
      <trkpt lat="37.26985216140747" lon="15.020627975463867">
        <ele>150.21</ele>
      </trkpt>
      <trkpt lat="37.26968050003052" lon="15.020406190305948">
        <ele>151.13</ele>
      </trkpt>
      <trkpt lat="37.269508838653564" lon="15.020184488967061">
        <ele>152.03</ele>
      </trkpt>
      <trkpt lat="37.26933717727661" lon="15.019962787628174">
        <ele>152.94</ele>
      </trkpt>
      <trkpt lat="37.26917632855475" lon="15.019812667742372">
        <ele>153.79</ele>
      </trkpt>
      <trkpt lat="37.269015312194824" lon="15.019662380218506">
        <ele>154.61</ele>
      </trkpt>
      <trkpt lat="37.268757820129395" lon="15.019512176513672">
        <ele>155.46</ele>
      </trkpt>
      <trkpt lat="37.26860761642456" lon="15.019512176513672">
        <ele>156.3</ele>
      </trkpt>
      <trkpt lat="37.2685432434082" lon="15.019533634185791">
        <ele>157.08</ele>
      </trkpt>
      <trkpt lat="37.26845741271973" lon="15.019683837890625">
        <ele>157.88</ele>
      </trkpt>
      <trkpt lat="37.268221378326416" lon="15.019512176513672">
        <ele>158.54</ele>
      </trkpt>
      <trkpt lat="37.268028259277344" lon="15.019447803497314">
        <ele>159.15</ele>
      </trkpt>
      <trkpt lat="37.267771270126104" lon="15.019426345825195">
        <ele>159.79</ele>
      </trkpt>
      <trkpt lat="37.267513275146484" lon="15.019404888153076">
        <ele>160.34</ele>
      </trkpt>
      <trkpt lat="37.26736307144165" lon="15.0193190574646">
        <ele>160.82</ele>
      </trkpt>
      <trkpt lat="37.26712703704834" lon="15.01906156539917">
        <ele>161.21</ele>
      </trkpt>
      <trkpt lat="37.26701966486871" lon="15.018868278712034">
        <ele>161.68</ele>
      </trkpt>
      <trkpt lat="37.26691246032715" lon="15.018675327301025">
        <ele>162.15</ele>
      </trkpt>
      <trkpt lat="37.26680500432849" lon="15.018431833013892">
        <ele>162.58</ele>
      </trkpt>
      <trkpt lat="37.26669763214886" lon="15.01818842254579">
        <ele>162.92</ele>
      </trkpt>
      <trkpt lat="37.26659059524536" lon="15.017945766448975">
        <ele>163.19</ele>
      </trkpt>
      <trkpt lat="37.266526306048036" lon="15.017688274383545">
        <ele>163.52</ele>
      </trkpt>
      <trkpt lat="37.266547763720155" lon="15.017376467585564">
        <ele>163.95</ele>
      </trkpt>
      <trkpt lat="37.266569221392274" lon="15.017064660787582">
        <ele>164.47</ele>
      </trkpt>
      <trkpt lat="37.26659067906439" lon="15.016752937808633">
        <ele>165.0</ele>
      </trkpt>
      <trkpt lat="37.26661205291748" lon="15.016443729400635">
        <ele>165.42</ele>
      </trkpt>
      <trkpt lat="37.26660484448075" lon="15.01608531922102">
        <ele>165.81</ele>
      </trkpt>
      <trkpt lat="37.26659771986306" lon="15.015726992860436">
        <ele>166.31</ele>
      </trkpt>
      <trkpt lat="37.26659059524536" lon="15.015370845794678">
        <ele>166.83</ele>
      </trkpt>
      <trkpt lat="37.26656913757324" lon="15.015113353729248">
        <ele>167.28</ele>
      </trkpt>
      <trkpt lat="37.266504764556885" lon="15.014898777008057">
        <ele>167.76</ele>
      </trkpt>
      <trkpt lat="37.26639747619629" lon="15.014705657958984">
        <ele>168.24</ele>
      </trkpt>
      <trkpt lat="37.266215002164245" lon="15.014458810910583">
        <ele>168.77</ele>
      </trkpt>
      <trkpt lat="37.266032695770264" lon="15.014212131500244">
        <ele>169.37</ele>
      </trkpt>
      <trkpt lat="37.26588249206543" lon="15.013997554779053">
        <ele>170.02</ele>
      </trkpt>
      <trkpt lat="37.26581811904907" lon="15.013847351074219">
        <ele>170.49</ele>
      </trkpt>
      <trkpt lat="37.26575357839465" lon="15.01352489925921">
        <ele>171.0</ele>
      </trkpt>
      <trkpt lat="37.26568912155926" lon="15.0132024474442">
        <ele>171.62</ele>
      </trkpt>
      <trkpt lat="37.265625" lon="15.012881755828857">
        <ele>172.24</ele>
      </trkpt>
      <trkpt lat="37.265517711639404" lon="15.012624263763428">
        <ele>172.84</ele>
      </trkpt>
      <trkpt lat="37.26534596644342" lon="15.012377416715026">
        <ele>173.42</ele>
      </trkpt>
      <trkpt lat="37.2651743888855" lon="15.012130737304688">
        <ele>173.96</ele>
      </trkpt>
      <trkpt lat="37.26513147354126" lon="15.011980533599854">
        <ele>174.54</ele>
      </trkpt>
      <trkpt lat="37.26508855819702" lon="15.011744499206543">
        <ele>175.14</ele>
      </trkpt>
      <trkpt lat="37.26508855819702" lon="15.011723041534424">
        <ele>175.82</ele>
      </trkpt>
      <trkpt lat="37.26508855819702" lon="15.011637210845947">
        <ele>176.54</ele>
      </trkpt>
      <trkpt lat="37.265024268999696" lon="15.011594295501709">
        <ele>177.29</ele>
      </trkpt>
      <trkpt lat="37.264981269836426" lon="15.011615753173828">
        <ele>178.07</ele>
      </trkpt>
      <trkpt lat="37.26478815078735" lon="15.011487007141113">
        <ele>178.94</ele>
      </trkpt>
      <trkpt lat="37.264659237116575" lon="15.01115751452744">
        <ele>179.87</ele>
      </trkpt>
      <trkpt lat="37.2645303234458" lon="15.010828105732799">
        <ele>180.81</ele>
      </trkpt>
      <trkpt lat="37.26440191268921" lon="15.010499954223633">
        <ele>181.76</ele>
      </trkpt>
      <trkpt lat="37.264273166656494" lon="15.01030683517456">
        <ele>182.76</ele>
      </trkpt>
      <trkpt lat="37.2641658782959" lon="15.010221004486084">
        <ele>183.82</ele>
      </trkpt>
      <trkpt lat="37.263930179178715" lon="15.010113883763552">
        <ele>184.95</ele>
      </trkpt>
      <trkpt lat="37.26369456388056" lon="15.01000676304102">
        <ele>186.12</ele>
      </trkpt>
      <trkpt lat="37.26345777511597" lon="15.009899139404297">
        <ele>187.38</ele>
      </trkpt>
      <trkpt lat="37.26339340209961" lon="15.00983476638794">
        <ele>188.58</ele>
      </trkpt>
      <trkpt lat="37.26332902908325" lon="15.009727478027344">
        <ele>189.8</ele>
      </trkpt>
      <trkpt lat="37.26328602991998" lon="15.009512482210994">
        <ele>191.04</ele>
      </trkpt>
      <trkpt lat="37.263243198394775" lon="15.009298324584961">
        <ele>192.36</ele>
      </trkpt>
      <trkpt lat="37.263135742396116" lon="15.009062038734555">
        <ele>193.77</ele>
      </trkpt>
      <trkpt lat="37.263028621673584" lon="15.00882625579834">
        <ele>195.17</ele>
      </trkpt>
      <trkpt lat="37.26287841796875" lon="15.008525848388672">
        <ele>196.64</ele>
      </trkpt>
      <trkpt lat="37.26264238357544" lon="15.008268356323242">
        <ele>198.18</ele>
      </trkpt>
      <trkpt lat="37.262385142967105" lon="15.00808252952993">
        <ele>199.71</ele>
      </trkpt>
      <trkpt lat="37.26212790235877" lon="15.007896786555648">
        <ele>201.23</ele>
      </trkpt>
      <trkpt lat="37.26186990737915" lon="15.007710456848145">
        <ele>202.82</ele>
      </trkpt>
      <trkpt lat="37.26168776862323" lon="15.00761398114264">
        <ele>204.32</ele>
      </trkpt>
      <trkpt lat="37.261505126953125" lon="15.007517337799072">
        <ele>205.85</ele>
      </trkpt>
      <trkpt lat="37.26134444586933" lon="15.007463777437806">
        <ele>207.43</ele>
      </trkpt>
      <trkpt lat="37.26118326187134" lon="15.007410049438477">
        <ele>208.95</ele>
      </trkpt>
      <trkpt lat="37.26094722747803" lon="15.007474422454834">
        <ele>210.58</ele>
      </trkpt>
      <trkpt lat="37.26073298603296" lon="15.007581459358335">
        <ele>212.05</ele>
      </trkpt>
      <trkpt lat="37.2605187445879" lon="15.007688580080867">
        <ele>213.44</ele>
      </trkpt>
      <trkpt lat="37.26030349731445" lon="15.007796287536621">
        <ele>214.89</ele>
      </trkpt>
      <trkpt lat="37.2601318359375" lon="15.007946491241455">
        <ele>216.37</ele>
      </trkpt>
      <trkpt lat="37.25996017456055" lon="15.008139526471496">
        <ele>217.85</ele>
      </trkpt>
      <trkpt lat="37.259788513183594" lon="15.0083327293396">
        <ele>219.26</ele>
      </trkpt>
      <trkpt lat="37.25965976715088" lon="15.008418560028076">
        <ele>220.65</ele>
      </trkpt>
      <trkpt lat="37.259388444945216" lon="15.00850422307849">
        <ele>221.97</ele>
      </trkpt>
      <trkpt lat="37.259117206558585" lon="15.008589886128902">
        <ele>223.27</ele>
      </trkpt>
      <trkpt lat="37.25884437561035" lon="15.008676052093506">
        <ele>224.61</ele>
      </trkpt>
      <trkpt lat="37.25884445942938" lon="15.008676052093506">
        <ele>225.94</ele>
      </trkpt>
      <trkpt lat="37.258601635694504" lon="15.008754506707191">
        <ele>227.3</ele>
      </trkpt>
      <trkpt lat="37.258358895778656" lon="15.008833045139909">
        <ele>228.73</ele>
      </trkpt>
      <trkpt lat="37.2581148147583" lon="15.008912086486816">
        <ele>230.16</ele>
      </trkpt>
      <trkpt lat="37.25796461105347" lon="15.009019374847412">
        <ele>231.55</ele>
      </trkpt>
      <trkpt lat="37.25785732269287" lon="15.009233951568604">
        <ele>232.97</ele>
      </trkpt>
      <trkpt lat="37.25784651003778" lon="15.009588673710823">
        <ele>234.37</ele>
      </trkpt>
      <trkpt lat="37.25783586502075" lon="15.009942054748535">
        <ele>235.68</ele>
      </trkpt>
      <trkpt lat="37.257728576660156" lon="15.010263919830322">
        <ele>236.96</ele>
      </trkpt>
      <trkpt lat="37.257606871426105" lon="15.010485788807273">
        <ele>238.4</ele>
      </trkpt>
      <trkpt lat="37.257485166192055" lon="15.010707657784224">
        <ele>239.87</ele>
      </trkpt>
      <trkpt lat="37.25736379623413" lon="15.010929107666016">
        <ele>241.32</ele>
      </trkpt>
      <trkpt lat="37.257185094058514" lon="15.011079143732786">
        <ele>242.85</ele>
      </trkpt>
      <trkpt lat="37.25700647570193" lon="15.011229179799557">
        <ele>244.3</ele>
      </trkpt>
      <trkpt lat="37.25682735443115" lon="15.011379718780518">
        <ele>245.84</ele>
      </trkpt>
      <trkpt lat="37.25672006607056" lon="15.011529922485352">
        <ele>247.31</ele>
      </trkpt>
      <trkpt lat="37.25666273385286" lon="15.011794958263636">
        <ele>248.82</ele>
      </trkpt>
      <trkpt lat="37.25660540163517" lon="15.012060077860951">
        <ele>250.38</ele>
      </trkpt>
      <trkpt lat="37.2565484046936" lon="15.01232385635376">
        <ele>251.91</ele>
      </trkpt>
      <trkpt lat="37.256484031677246" lon="15.012516975402832">
        <ele>253.46</ele>
      </trkpt>
      <trkpt lat="37.25635511800647" lon="15.012796176597476">
        <ele>255.05</ele>
      </trkpt>
      <trkpt lat="37.256226539611816" lon="15.01307487487793">
        <ele>256.62</ele>
      </trkpt>
      <trkpt lat="37.25616216659546" lon="15.013182163238525">
        <ele>258.19</ele>
      </trkpt>
      <trkpt lat="37.25607633590698" lon="15.013225078582764">
        <ele>259.79</ele>
      </trkpt>
      <trkpt lat="37.25581934675574" lon="15.013283919543028">
        <ele>261.47</ele>
      </trkpt>
      <trkpt lat="37.255562357604504" lon="15.013342844322324">
        <ele>263.23</ele>
      </trkpt>
      <trkpt lat="37.255305368453264" lon="15.013401685282588">
        <ele>265.08</ele>
      </trkpt>
      <trkpt lat="37.255046367645264" lon="15.013461112976074">
        <ele>266.94</ele>
      </trkpt>
      <trkpt lat="37.25481033325195" lon="15.013632774353027">
        <ele>268.77</ele>
      </trkpt>
      <trkpt lat="37.25459575653076" lon="15.013868808746338">
        <ele>270.54</ele>
      </trkpt>
      <trkpt lat="37.25442409515381" lon="15.013997554779053">
        <ele>272.33</ele>
      </trkpt>
      <trkpt lat="37.25411002524197" lon="15.014011804014444">
        <ele>274.22</ele>
      </trkpt>
      <trkpt lat="37.253796039149165" lon="15.014026053249836">
        <ele>275.97</ele>
      </trkpt>
      <trkpt lat="37.253479957580566" lon="15.014040470123291">
        <ele>277.76</ele>
      </trkpt>
      <trkpt lat="37.25332975387573" lon="15.01408338546753">
        <ele>279.5</ele>
      </trkpt>
      <trkpt lat="37.25320109166205" lon="15.014201318845153">
        <ele>281.18</ele>
      </trkpt>
      <trkpt lat="37.2530722618103" lon="15.01431941986084">
        <ele>282.89</ele>
      </trkpt>
      <trkpt lat="37.25296497344971" lon="15.014491081237793">
        <ele>284.59</ele>
      </trkpt>
      <trkpt lat="37.25283622741699" lon="15.014770030975342">
        <ele>286.37</ele>
      </trkpt>
      <trkpt lat="37.252793312072754" lon="15.014963150024414">
        <ele>288.09</ele>
      </trkpt>
      <trkpt lat="37.252793312072754" lon="15.015156269073486">
        <ele>289.77</ele>
      </trkpt>
      <trkpt lat="37.25283622741699" lon="15.01530647277832">
        <ele>291.4</ele>
      </trkpt>
      <trkpt lat="37.25290060043335" lon="15.015478134155273">
        <ele>293.03</ele>
      </trkpt>
      <trkpt lat="37.25305792875588" lon="15.015671169385314">
        <ele>294.58</ele>
      </trkpt>
      <trkpt lat="37.25321525707841" lon="15.015864288434386">
        <ele>296.14</ele>
      </trkpt>
      <trkpt lat="37.25337266921997" lon="15.01605749130249">
        <ele>297.72</ele>
      </trkpt>
      <trkpt lat="37.25339412689209" lon="15.016121864318848">
        <ele>299.28</ele>
      </trkpt>
      <trkpt lat="37.253372753039" lon="15.016207695007324">
        <ele>300.88</ele>
      </trkpt>
      <trkpt lat="37.25332975387573" lon="15.016250610351562">
        <ele>302.43</ele>
      </trkpt>
      <trkpt lat="37.253029346466064" lon="15.016143321990967">
        <ele>303.98</ele>
      </trkpt>
      <trkpt lat="37.252793312072754" lon="15.015993118286133">
        <ele>305.49</ele>
      </trkpt>
      <trkpt lat="37.25266456604004" lon="15.015864372253418">
        <ele>306.92</ele>
      </trkpt>
      <trkpt lat="37.25248561240733" lon="15.01557813026011">
        <ele>308.27</ele>
      </trkpt>
      <trkpt lat="37.252306742593646" lon="15.015291888266802">
        <ele>309.65</ele>
      </trkpt>
      <trkpt lat="37.252127872779965" lon="15.015005646273494">
        <ele>311.07</ele>
      </trkpt>
      <trkpt lat="37.25194891914725" lon="15.014719404280186">
        <ele>312.54</ele>
      </trkpt>
      <trkpt lat="37.25177004933357" lon="15.014433162286878">
        <ele>313.93</ele>
      </trkpt>
      <trkpt lat="37.25159168243408" lon="15.014147758483887">
        <ele>315.3</ele>
      </trkpt>
      <trkpt lat="37.25145229138434" lon="15.014019096270204">
        <ele>316.61</ele>
      </trkpt>
      <trkpt lat="37.25131273269653" lon="15.013890266418457">
        <ele>317.9</ele>
      </trkpt>
      <trkpt lat="37.25111994892359" lon="15.01384743489325">
        <ele>319.21</ele>
      </trkpt>
      <trkpt lat="37.25092649459839" lon="15.01380443572998">
        <ele>320.47</ele>
      </trkpt>
      <trkpt lat="37.25090503692627" lon="15.013654232025146">
        <ele>321.65</ele>
      </trkpt>
      <trkpt lat="37.25080830976367" lon="15.013342592865229">
        <ele>322.83</ele>
      </trkpt>
      <trkpt lat="37.2507119178772" lon="15.013031959533691">
        <ele>323.99</ele>
      </trkpt>
      <trkpt lat="37.250554421916604" lon="15.012788632884622">
        <ele>325.17</ele>
      </trkpt>
      <trkpt lat="37.25039700977504" lon="15.012545390054584">
        <ele>326.32</ele>
      </trkpt>
      <trkpt lat="37.250239849090576" lon="15.01230239868164">
        <ele>327.43</ele>
      </trkpt>
      <trkpt lat="37.25013256072998" lon="15.012173652648926">
        <ele>328.51</ele>
      </trkpt>
      <trkpt lat="37.24989652633667" lon="15.012001991271973">
        <ele>329.58</ele>
      </trkpt>
      <trkpt lat="37.2496930975467" lon="15.011926973238587">
        <ele>330.61</ele>
      </trkpt>
      <trkpt lat="37.24948891438544" lon="15.011851787567139">
        <ele>331.56</ele>
      </trkpt>
      <trkpt lat="37.249488830566406" lon="15.011851787567139">
        <ele>332.44</ele>
      </trkpt>
      <trkpt lat="37.249231757596135" lon="15.011766040697694">
        <ele>333.32</ele>
      </trkpt>
      <trkpt lat="37.24897384643555" lon="15.011680126190186">
        <ele>334.15</ele>
      </trkpt>
      <trkpt lat="37.24869548343122" lon="15.011644419282675">
        <ele>334.95</ele>
      </trkpt>
      <trkpt lat="37.24841712042689" lon="15.011608712375164">
        <ele>335.69</ele>
      </trkpt>
      <trkpt lat="37.2481369972229" lon="15.01157283782959">
        <ele>336.4</ele>
      </trkpt>
      <trkpt lat="37.24792242050171" lon="15.011487007141113">
        <ele>337.11</ele>
      </trkpt>
      <trkpt lat="37.24766492843628" lon="15.01133680343628">
        <ele>337.79</ele>
      </trkpt>
      <trkpt lat="37.24741623736918" lon="15.011156676337123">
        <ele>338.49</ele>
      </trkpt>
      <trkpt lat="37.24716763012111" lon="15.01097671687603">
        <ele>339.19</ele>
      </trkpt>
      <trkpt lat="37.246919022873044" lon="15.010796673595905">
        <ele>339.71</ele>
      </trkpt>
      <trkpt lat="37.246670415624976" lon="15.01061663031578">
        <ele>340.23</ele>
      </trkpt>
      <trkpt lat="37.24642038345337" lon="15.010435581207275">
        <ele>340.84</ele>
      </trkpt>
      <trkpt lat="37.246148977428675" lon="15.010299878194928">
        <ele>341.45</ele>
      </trkpt>
      <trkpt lat="37.24587765522301" lon="15.010164175182581">
        <ele>342.02</ele>
      </trkpt>
      <trkpt lat="37.24560624919832" lon="15.010028472170234">
        <ele>342.54</ele>
      </trkpt>
      <trkpt lat="37.245334926992655" lon="15.009892852976918">
        <ele>343.03</ele>
      </trkpt>
      <trkpt lat="37.24506352096796" lon="15.009757149964571">
        <ele>343.45</ele>
      </trkpt>
      <trkpt lat="37.244789600372314" lon="15.009620189666748">
        <ele>343.86</ele>
      </trkpt>
      <trkpt lat="37.24463939666748" lon="15.009512901306152">
        <ele>344.32</ele>
      </trkpt>
      <trkpt lat="37.24445700645447" lon="15.009298324584961">
        <ele>344.86</ele>
      </trkpt>
      <trkpt lat="37.244274616241455" lon="15.00908374786377">
        <ele>345.3</ele>
      </trkpt>
      <trkpt lat="37.244070852175355" lon="15.008890712633729">
        <ele>345.64</ele>
      </trkpt>
      <trkpt lat="37.24386692047119" lon="15.008697509765625">
        <ele>346.02</ele>
      </trkpt>
      <trkpt lat="37.24360750056803" lon="15.008478742092848">
        <ele>346.41</ele>
      </trkpt>
      <trkpt lat="37.24334808066487" lon="15.008260058239102">
        <ele>346.82</ele>
      </trkpt>
      <trkpt lat="37.243088660761714" lon="15.008041374385357">
        <ele>347.28</ele>
      </trkpt>
      <trkpt lat="37.242829240858555" lon="15.007822690531611">
        <ele>347.65</ele>
      </trkpt>
      <trkpt lat="37.242569820955396" lon="15.007604006677866">
        <ele>347.9</ele>
      </trkpt>
      <trkpt lat="37.24231040105224" lon="15.00738532282412">
        <ele>348.18</ele>
      </trkpt>
      <trkpt lat="37.24205098114908" lon="15.007166722789407">
        <ele>348.49</ele>
      </trkpt>
      <trkpt lat="37.24179156124592" lon="15.006948038935661">
        <ele>348.79</ele>
      </trkpt>
      <trkpt lat="37.24153214134276" lon="15.006729355081916">
        <ele>349.07</ele>
      </trkpt>
      <trkpt lat="37.241270542144775" lon="15.006508827209473">
        <ele>349.29</ele>
      </trkpt>
      <trkpt lat="37.241055965423584" lon="15.006258459761739">
        <ele>349.5</ele>
      </trkpt>
      <trkpt lat="37.240841472521424" lon="15.006008176133037">
        <ele>349.74</ele>
      </trkpt>
      <trkpt lat="37.24062689580023" lon="15.005757808685303">
        <ele>349.99</ele>
      </trkpt>
      <trkpt lat="37.2406268119812" lon="15.005757808685303">
        <ele>350.2</ele>
      </trkpt>
      <trkpt lat="37.24043369293213" lon="15.005511045455933">
        <ele>350.39</ele>
      </trkpt>
      <trkpt lat="37.24024057388306" lon="15.005264282226562">
        <ele>350.54</ele>
      </trkpt>
      <trkpt lat="37.24005809985101" lon="15.004967227578163">
        <ele>350.7</ele>
      </trkpt>
      <trkpt lat="37.23987562581897" lon="15.004670256748796">
        <ele>350.91</ele>
      </trkpt>
      <trkpt lat="37.23969315178692" lon="15.004373285919428">
        <ele>351.13</ele>
      </trkpt>
      <trkpt lat="37.23951067775488" lon="15.00407631509006">
        <ele>351.31</ele>
      </trkpt>
      <trkpt lat="37.239328203722835" lon="15.003779344260693">
        <ele>351.49</ele>
      </trkpt>
      <trkpt lat="37.23914631642401" lon="15.003483295440674">
        <ele>351.65</ele>
      </trkpt>
      <trkpt lat="37.239006757736206" lon="15.00326863490045">
        <ele>351.75</ele>
      </trkpt>
      <trkpt lat="37.23886736668646" lon="15.003054141998291">
        <ele>351.81</ele>
      </trkpt>
      <trkpt lat="37.23867919296026" lon="15.002746358513832">
        <ele>351.85</ele>
      </trkpt>
      <trkpt lat="37.23849110305309" lon="15.002438658848405">
        <ele>351.87</ele>
      </trkpt>
      <trkpt lat="37.238303013145924" lon="15.002130875363946">
        <ele>351.87</ele>
      </trkpt>
      <trkpt lat="37.238114923238754" lon="15.001823175698519">
        <ele>351.91</ele>
      </trkpt>
      <trkpt lat="37.237926833331585" lon="15.001515476033092">
        <ele>351.92</ele>
      </trkpt>
      <trkpt lat="37.237738743424416" lon="15.001207692548633">
        <ele>351.85</ele>
      </trkpt>
      <trkpt lat="37.237550653517246" lon="15.000899992883205">
        <ele>351.74</ele>
      </trkpt>
      <trkpt lat="37.23736256361008" lon="15.000592293217778">
        <ele>351.61</ele>
      </trkpt>
      <trkpt lat="37.23717447370291" lon="15.000284593552351">
        <ele>351.46</ele>
      </trkpt>
      <trkpt lat="37.23698638379574" lon="14.999976810067892">
        <ele>351.28</ele>
      </trkpt>
      <trkpt lat="37.23679829388857" lon="14.999669110402465">
        <ele>351.04</ele>
      </trkpt>
      <trkpt lat="37.2366102039814" lon="14.999361410737038">
        <ele>350.8</ele>
      </trkpt>
      <trkpt lat="37.2364220302552" lon="14.999053627252579">
        <ele>350.53</ele>
      </trkpt>
      <trkpt lat="37.23623394034803" lon="14.998745927587152">
        <ele>350.25</ele>
      </trkpt>
      <trkpt lat="37.23604585044086" lon="14.998438227921724">
        <ele>349.97</ele>
      </trkpt>
      <trkpt lat="37.23585776053369" lon="14.998130528256297">
        <ele>349.66</ele>
      </trkpt>
      <trkpt lat="37.23566967062652" lon="14.99782282859087">
        <ele>349.31</ele>
      </trkpt>
      <trkpt lat="37.23548158071935" lon="14.997515045106411">
        <ele>348.97</ele>
      </trkpt>
      <trkpt lat="37.23529349081218" lon="14.997207345440984">
        <ele>348.62</ele>
      </trkpt>
      <trkpt lat="37.23510540090501" lon="14.996899645775557">
        <ele>348.27</ele>
      </trkpt>
      <trkpt lat="37.23491915501654" lon="14.99659538269043">
        <ele>347.92</ele>
      </trkpt>
      <trkpt lat="37.234728299081326" lon="14.996283994987607">
        <ele>347.51</ele>
      </trkpt>
      <trkpt lat="37.23453744314611" lon="14.995972774922848">
        <ele>347.16</ele>
      </trkpt>
      <trkpt lat="37.234346671029925" lon="14.995661471039057">
        <ele>346.88</ele>
      </trkpt>
      <trkpt lat="37.23415581509471" lon="14.995350167155266">
        <ele>346.57</ele>
      </trkpt>
      <trkpt lat="37.23396495915949" lon="14.995038863271475">
        <ele>346.19</ele>
      </trkpt>
      <trkpt lat="37.23377418704331" lon="14.994727559387684">
        <ele>345.91</ele>
      </trkpt>
      <trkpt lat="37.23358333110809" lon="14.994416255503893">
        <ele>345.67</ele>
      </trkpt>
      <trkpt lat="37.23339247517288" lon="14.994104951620102">
        <ele>345.46</ele>
      </trkpt>
      <trkpt lat="37.23320170305669" lon="14.993793647736311">
        <ele>345.26</ele>
      </trkpt>
      <trkpt lat="37.23301084712148" lon="14.99348234385252">
        <ele>345.13</ele>
      </trkpt>
      <trkpt lat="37.23281999118626" lon="14.993171039968729">
        <ele>344.98</ele>
      </trkpt>
      <trkpt lat="37.23262921907008" lon="14.992859736084938">
        <ele>344.87</ele>
      </trkpt>
      <trkpt lat="37.23243836313486" lon="14.992548432201147">
        <ele>344.82</ele>
      </trkpt>
      <trkpt lat="37.232247507199645" lon="14.992237128317356">
        <ele>344.76</ele>
      </trkpt>
      <trkpt lat="37.23205673508346" lon="14.991925824433565">
        <ele>344.75</ele>
      </trkpt>
      <trkpt lat="37.231865879148245" lon="14.991614604368806">
        <ele>344.77</ele>
      </trkpt>
      <trkpt lat="37.23167502321303" lon="14.991303300485015">
        <ele>344.78</ele>
      </trkpt>
      <trkpt lat="37.23148584365845" lon="14.990994930267334">
        <ele>344.78</ele>
      </trkpt>
      <trkpt lat="37.231314266100526" lon="14.990844810381532">
        <ele>344.83</ele>
      </trkpt>
      <trkpt lat="37.23114252090454" lon="14.990694522857666">
        <ele>344.89</ele>
      </trkpt>
      <trkpt lat="37.23087455146015" lon="14.990497967228293">
        <ele>344.94</ele>
      </trkpt>
      <trkpt lat="37.230606665834785" lon="14.990301495417953">
        <ele>344.96</ele>
      </trkpt>
      <trkpt lat="37.23033878020942" lon="14.990105023607612">
        <ele>344.95</ele>
      </trkpt>
      <trkpt lat="37.23007081076503" lon="14.98990855179727">
        <ele>344.91</ele>
      </trkpt>
      <trkpt lat="37.229802925139666" lon="14.98971207998693">
        <ele>344.86</ele>
      </trkpt>
      <trkpt lat="37.22953327931464" lon="14.989514350891113">
        <ele>344.8</ele>
      </trkpt>
      <trkpt lat="37.22926707006991" lon="14.98931779526174">
        <ele>344.77</ele>
      </trkpt>
      <trkpt lat="37.22900094464421" lon="14.9891213234514">
        <ele>344.73</ele>
      </trkpt>
      <trkpt lat="37.228734819218516" lon="14.988924851641059">
        <ele>344.6</ele>
      </trkpt>
      <trkpt lat="37.22846869379282" lon="14.988728379830718">
        <ele>344.44</ele>
      </trkpt>
      <trkpt lat="37.22820248454809" lon="14.988531908020377">
        <ele>344.28</ele>
      </trkpt>
      <trkpt lat="37.227936359122396" lon="14.988335436210036">
        <ele>344.1</ele>
      </trkpt>
      <trkpt lat="37.2276702336967" lon="14.988138880580664">
        <ele>343.88</ele>
      </trkpt>
      <trkpt lat="37.227404108271" lon="14.987942408770323">
        <ele>343.66</ele>
      </trkpt>
      <trkpt lat="37.227137899026275" lon="14.987745936959982">
        <ele>343.31</ele>
      </trkpt>
      <trkpt lat="37.22687177360058" lon="14.987549465149641">
        <ele>342.85</ele>
      </trkpt>
      <trkpt lat="37.22660564817488" lon="14.9873529933393">
        <ele>342.38</ele>
      </trkpt>
      <trkpt lat="37.22633600234985" lon="14.987154006958008">
        <ele>341.88</ele>
      </trkpt>
      <trkpt lat="37.22619661130011" lon="14.987036073580384">
        <ele>341.36</ele>
      </trkpt>
      <trkpt lat="37.226057052612305" lon="14.986917972564697">
        <ele>340.79</ele>
      </trkpt>
      <trkpt lat="37.2258363571018" lon="14.986678920686245">
        <ele>340.16</ele>
      </trkpt>
      <trkpt lat="37.22561574541032" lon="14.986439868807793">
        <ele>339.48</ele>
      </trkpt>
      <trkpt lat="37.22539513371885" lon="14.986200900748372">
        <ele>338.77</ele>
      </trkpt>
      <trkpt lat="37.22517452202737" lon="14.98596184886992">
        <ele>338.01</ele>
      </trkpt>
      <trkpt lat="37.2249539103359" lon="14.9857228808105">
        <ele>337.18</ele>
      </trkpt>
      <trkpt lat="37.22473329864442" lon="14.985483828932047">
        <ele>336.35</ele>
      </trkpt>
      <trkpt lat="37.22451210021973" lon="14.985244274139404">
        <ele>335.46</ele>
      </trkpt>
      <trkpt lat="37.2242546081543" lon="14.985051155090332">
        <ele>334.49</ele>
      </trkpt>
      <trkpt lat="37.224018573760986" lon="14.984986782073975">
        <ele>333.53</ele>
      </trkpt>
      <trkpt lat="37.22375085577369" lon="14.985008155927062">
        <ele>332.58</ele>
      </trkpt>
      <trkpt lat="37.22348322160542" lon="14.98502952978015">
        <ele>331.65</ele>
      </trkpt>
      <trkpt lat="37.22321558743715" lon="14.985050987452269">
        <ele>330.75</ele>
      </trkpt>
      <trkpt lat="37.22294569015503" lon="14.985072612762451">
        <ele>329.81</ele>
      </trkpt>
      <trkpt lat="37.222817027941346" lon="14.985029697418213">
        <ele>328.89</ele>
      </trkpt>
      <trkpt lat="37.22270965576172" lon="14.984965324401855">
        <ele>327.97</ele>
      </trkpt>
      <trkpt lat="37.22255224362016" lon="14.984750663861632">
        <ele>327.02</ele>
      </trkpt>
      <trkpt lat="37.222394831478596" lon="14.984536087140441">
        <ele>326.08</ele>
      </trkpt>
      <trkpt lat="37.2222375869751" lon="14.984321594238281">
        <ele>325.17</ele>
      </trkpt>
      <trkpt lat="37.22210884094238" lon="14.984128475189209">
        <ele>324.3</ele>
      </trkpt>
      <trkpt lat="37.222023010253906" lon="14.983892440795898">
        <ele>323.46</ele>
      </trkpt>
      <trkpt lat="37.22198009490967" lon="14.983720779418945">
        <ele>322.64</ele>
      </trkpt>
      <trkpt lat="37.22191555425525" lon="14.983360692858696">
        <ele>321.84</ele>
      </trkpt>
      <trkpt lat="37.22185109741986" lon="14.983000606298447">
        <ele>321.06</ele>
      </trkpt>
      <trkpt lat="37.22178655676544" lon="14.982640519738197">
        <ele>320.31</ele>
      </trkpt>
      <trkpt lat="37.22172260284424" lon="14.982283115386963">
        <ele>319.55</ele>
      </trkpt>
      <trkpt lat="37.2216796875" lon="14.982047080993652">
        <ele>318.92</ele>
      </trkpt>
      <trkpt lat="37.22162051126361" lon="14.981719180941582">
        <ele>318.32</ele>
      </trkpt>
      <trkpt lat="37.22156141884625" lon="14.981391364708543">
        <ele>317.71</ele>
      </trkpt>
      <trkpt lat="37.22150232642889" lon="14.981063548475504">
        <ele>317.14</ele>
      </trkpt>
      <trkpt lat="37.22144365310669" lon="14.980738162994385">
        <ele>316.59</ele>
      </trkpt>
      <trkpt lat="37.22135765478015" lon="14.98045158572495">
        <ele>316.1</ele>
      </trkpt>
      <trkpt lat="37.22127165645361" lon="14.980165008455515">
        <ele>315.65</ele>
      </trkpt>
      <trkpt lat="37.22118616104126" lon="14.97987985610962">
        <ele>315.22</ele>
      </trkpt>
      <trkpt lat="37.22103604115546" lon="14.979557991027832">
        <ele>314.83</ele>
      </trkpt>
      <trkpt lat="37.221035957336426" lon="14.979557991027832">
        <ele>314.46</ele>
      </trkpt>
      <trkpt lat="37.22083772532642" lon="14.979265043511987">
        <ele>314.09</ele>
      </trkpt>
      <trkpt lat="37.22063949331641" lon="14.978972095996141">
        <ele>313.77</ele>
      </trkpt>
      <trkpt lat="37.220441261306405" lon="14.978679148480296">
        <ele>313.51</ele>
      </trkpt>
      <trkpt lat="37.2202430292964" lon="14.97838620096445">
        <ele>313.26</ele>
      </trkpt>
      <trkpt lat="37.22004488110542" lon="14.978093337267637">
        <ele>312.96</ele>
      </trkpt>
      <trkpt lat="37.219846649095416" lon="14.977800389751792">
        <ele>312.68</ele>
      </trkpt>
      <trkpt lat="37.21964841708541" lon="14.977507442235947">
        <ele>312.42</ele>
      </trkpt>
      <trkpt lat="37.2194501850754" lon="14.977214494720101">
        <ele>312.19</ele>
      </trkpt>
      <trkpt lat="37.219251953065395" lon="14.976921547204256">
        <ele>311.95</ele>
      </trkpt>
      <trkpt lat="37.21905380487442" lon="14.976628683507442">
        <ele>311.7</ele>
      </trkpt>
      <trkpt lat="37.21885557286441" lon="14.976335735991597">
        <ele>311.46</ele>
      </trkpt>
      <trkpt lat="37.218657340854406" lon="14.976042788475752">
        <ele>311.22</ele>
      </trkpt>
      <trkpt lat="37.2184591088444" lon="14.975749924778938">
        <ele>311.01</ele>
      </trkpt>
      <trkpt lat="37.21826087683439" lon="14.975456977263093">
        <ele>310.81</ele>
      </trkpt>
      <trkpt lat="37.21806272864342" lon="14.975164029747248">
        <ele>310.58</ele>
      </trkpt>
      <trkpt lat="37.21786449663341" lon="14.974871166050434">
        <ele>310.32</ele>
      </trkpt>
      <trkpt lat="37.21766718663275" lon="14.974579811096191">
        <ele>310.06</ele>
      </trkpt>
      <trkpt lat="37.21746786497533" lon="14.974286444485188">
        <ele>309.8</ele>
      </trkpt>
      <trkpt lat="37.217268543317914" lon="14.973993077874184">
        <ele>309.56</ele>
      </trkpt>
      <trkpt lat="37.217069221660495" lon="14.97369971126318">
        <ele>309.31</ele>
      </trkpt>
      <trkpt lat="37.216869900003076" lon="14.973406344652176">
        <ele>309.02</ele>
      </trkpt>
      <trkpt lat="37.21667066216469" lon="14.973112978041172">
        <ele>308.68</ele>
      </trkpt>
      <trkpt lat="37.21647134050727" lon="14.9728196952492">
        <ele>308.35</ele>
      </trkpt>
      <trkpt lat="37.21627201884985" lon="14.972526328638196">
        <ele>308.01</ele>
      </trkpt>
      <trkpt lat="37.21607269719243" lon="14.972232962027192">
        <ele>307.71</ele>
      </trkpt>
      <trkpt lat="37.21587337553501" lon="14.971939595416188">
        <ele>307.4</ele>
      </trkpt>
      <trkpt lat="37.215674137696624" lon="14.971646228805184">
        <ele>307.03</ele>
      </trkpt>
      <trkpt lat="37.215474816039205" lon="14.971352946013212">
        <ele>306.6</ele>
      </trkpt>
      <trkpt lat="37.215275494381785" lon="14.971059579402208">
        <ele>306.19</ele>
      </trkpt>
      <trkpt lat="37.215076172724366" lon="14.970766212791204">
        <ele>305.75</ele>
      </trkpt>
      <trkpt lat="37.21487693488598" lon="14.9704728461802">
        <ele>305.29</ele>
      </trkpt>
      <trkpt lat="37.21467761322856" lon="14.970179563388228">
        <ele>304.79</ele>
      </trkpt>
      <trkpt lat="37.21447829157114" lon="14.969886196777225">
        <ele>304.31</ele>
      </trkpt>
      <trkpt lat="37.21427896991372" lon="14.96959283016622">
        <ele>303.84</ele>
      </trkpt>
      <trkpt lat="37.2140796482563" lon="14.969299547374249">
        <ele>303.31</ele>
      </trkpt>
      <trkpt lat="37.213880410417914" lon="14.969006180763245">
        <ele>302.74</ele>
      </trkpt>
      <trkpt lat="37.213681088760495" lon="14.96871281415224">
        <ele>302.16</ele>
      </trkpt>
      <trkpt lat="37.21348285675049" lon="14.968421459197998">
        <ele>301.59</ele>
      </trkpt>
      <trkpt lat="37.21335411071777" lon="14.968185424804688">
        <ele>300.99</ele>
      </trkpt>
      <trkpt lat="37.21330029889941" lon="14.967817710712552">
        <ele>300.38</ele>
      </trkpt>
      <trkpt lat="37.21324657090008" lon="14.967450080439448">
        <ele>299.73</ele>
      </trkpt>
      <trkpt lat="37.21319284290075" lon="14.967082450166345">
        <ele>299.04</ele>
      </trkpt>
      <trkpt lat="37.21313911490142" lon="14.966714819893241">
        <ele>298.34</ele>
      </trkpt>
      <trkpt lat="37.213085386902094" lon="14.966347189620137">
        <ele>297.66</ele>
      </trkpt>
      <trkpt lat="37.21303157508373" lon="14.965979559347034">
        <ele>297.05</ele>
      </trkpt>
      <trkpt lat="37.2129778470844" lon="14.96561192907393">
        <ele>296.46</ele>
      </trkpt>
      <trkpt lat="37.21292411908507" lon="14.965244298800826">
        <ele>295.84</ele>
      </trkpt>
      <trkpt lat="37.212870391085744" lon="14.964876668527722">
        <ele>295.17</ele>
      </trkpt>
      <trkpt lat="37.212817668914795" lon="14.964516162872314">
        <ele>294.55</ele>
      </trkpt>
      <trkpt lat="37.212774669751525" lon="14.964290438219905">
        <ele>293.96</ele>
      </trkpt>
      <trkpt lat="37.21273183822632" lon="14.964065551757812">
        <ele>293.4</ele>
      </trkpt>
      <trkpt lat="37.21263511106372" lon="14.963710913434625">
        <ele>292.89</ele>
      </trkpt>
      <trkpt lat="37.21253838390112" lon="14.963356275111437">
        <ele>292.37</ele>
      </trkpt>
      <trkpt lat="37.21244165673852" lon="14.963001636788249">
        <ele>291.74</ele>
      </trkpt>
      <trkpt lat="37.212345600128174" lon="14.96264934539795">
        <ele>291.11</ele>
      </trkpt>
      <trkpt lat="37.212324142456055" lon="14.962477684020996">
        <ele>290.56</ele>
      </trkpt>
      <trkpt lat="37.212302600964904" lon="14.962103515863419">
        <ele>290.05</ele>
      </trkpt>
      <trkpt lat="37.212281143292785" lon="14.961729347705841">
        <ele>289.51</ele>
      </trkpt>
      <trkpt lat="37.212259601801634" lon="14.961355263367295">
        <ele>288.93</ele>
      </trkpt>
      <trkpt lat="37.212238144129515" lon="14.960981095209718">
        <ele>288.32</ele>
      </trkpt>
      <trkpt lat="37.21221685409546" lon="14.96061086654663">
        <ele>287.68</ele>
      </trkpt>
      <trkpt lat="37.21217385493219" lon="14.96030987240374">
        <ele>287.04</ele>
      </trkpt>
      <trkpt lat="37.21213102340698" lon="14.960010051727295">
        <ele>286.4</ele>
      </trkpt>
      <trkpt lat="37.212059358134866" lon="14.959730599075556">
        <ele>285.76</ele>
      </trkpt>
      <trkpt lat="37.21198769286275" lon="14.959451146423817">
        <ele>285.07</ele>
      </trkpt>
      <trkpt lat="37.21191644668579" lon="14.959173202514648">
        <ele>284.36</ele>
      </trkpt>
      <trkpt lat="37.21180899068713" lon="14.958850834518671">
        <ele>283.65</ele>
      </trkpt>
      <trkpt lat="37.2117018699646" lon="14.958529472351074">
        <ele>282.96</ele>
      </trkpt>
      <trkpt lat="37.211587289348245" lon="14.958271645009518">
        <ele>282.28</ele>
      </trkpt>
      <trkpt lat="37.21147270873189" lon="14.958013901486993">
        <ele>281.56</ele>
      </trkpt>
      <trkpt lat="37.21135854721069" lon="14.957756996154785">
        <ele>280.83</ele>
      </trkpt>
      <trkpt lat="37.21118688583374" lon="14.957499504089355">
        <ele>280.13</ele>
      </trkpt>
      <trkpt lat="37.21098303794861" lon="14.957242012023926">
        <ele>279.45</ele>
      </trkpt>
      <trkpt lat="37.21077927388251" lon="14.956984519958496">
        <ele>278.82</ele>
      </trkpt>
      <trkpt lat="37.21050024032593" lon="14.956834316253662">
        <ele>278.12</ele>
      </trkpt>
      <trkpt lat="37.210285663604736" lon="14.956834316253662">
        <ele>277.5</ele>
      </trkpt>
      <trkpt lat="37.21017837524414" lon="14.9568772315979">
        <ele>276.94</ele>
      </trkpt>
      <trkpt lat="37.209964049980044" lon="14.95702181942761">
        <ele>276.42</ele>
      </trkpt>
      <trkpt lat="37.20974972471595" lon="14.95716649107635">
        <ele>275.93</ele>
      </trkpt>
      <trkpt lat="37.20953539945185" lon="14.957311162725091">
        <ele>275.51</ele>
      </trkpt>
      <trkpt lat="37.209320068359375" lon="14.957456588745117">
        <ele>275.17</ele>
      </trkpt>
      <trkpt lat="37.20914840698242" lon="14.957520961761475">
        <ele>274.92</ele>
      </trkpt>
      <trkpt lat="37.20888429321349" lon="14.957553064450622">
        <ele>274.69</ele>
      </trkpt>
      <trkpt lat="37.20862017944455" lon="14.957585167139769">
        <ele>274.51</ele>
      </trkpt>
      <trkpt lat="37.20835614949465" lon="14.957617269828916">
        <ele>274.4</ele>
      </trkpt>
      <trkpt lat="37.20809203572571" lon="14.957649372518063">
        <ele>274.37</ele>
      </trkpt>
      <trkpt lat="37.20782800577581" lon="14.95768147520721">
        <ele>274.44</ele>
      </trkpt>
      <trkpt lat="37.207560539245605" lon="14.957714080810547">
        <ele>274.61</ele>
      </trkpt>
      <trkpt lat="37.20745325088501" lon="14.957714080810547">
        <ele>274.88</ele>
      </trkpt>
      <trkpt lat="37.20719575881958" lon="14.957735538482666">
        <ele>275.3</ele>
      </trkpt>
      <trkpt lat="37.207067012786865" lon="14.957692623138428">
        <ele>275.76</ele>
      </trkpt>
      <trkpt lat="37.20695972442627" lon="14.957585334777832">
        <ele>276.3</ele>
      </trkpt>
      <trkpt lat="37.206809520721436" lon="14.957306385040283">
        <ele>276.97</ele>
      </trkpt>
      <trkpt lat="37.206798708066344" lon="14.956951579079032">
        <ele>277.63</ele>
      </trkpt>
      <trkpt lat="37.206788063049316" lon="14.956598281860352">
        <ele>278.34</ele>
      </trkpt>
      <trkpt lat="37.206666273996234" lon="14.956318996846676">
        <ele>279.17</ele>
      </trkpt>
      <trkpt lat="37.20654456876218" lon="14.956039711833">
        <ele>280.05</ele>
      </trkpt>
      <trkpt lat="37.20642328262329" lon="14.955761432647705">
        <ele>281.02</ele>
      </trkpt>
      <trkpt lat="37.20640182495117" lon="14.955611228942871">
        <ele>281.96</ele>
      </trkpt>
      <trkpt lat="37.20640182495117" lon="14.95539614930749">
        <ele>282.96</ele>
      </trkpt>
      <trkpt lat="37.20640182495117" lon="14.955182075500488">
        <ele>283.97</ele>
      </trkpt>
      <trkpt lat="37.20642336644232" lon="14.955010414123535">
        <ele>284.98</ele>
      </trkpt>
      <trkpt lat="37.20649846829474" lon="14.954817043617368">
        <ele>285.99</ele>
      </trkpt>
      <trkpt lat="37.206573486328125" lon="14.95462417602539">
        <ele>286.99</ele>
      </trkpt>
      <trkpt lat="37.20673441886902" lon="14.954366516321898">
        <ele>288.02</ele>
      </trkpt>
      <trkpt lat="37.20689535140991" lon="14.954109191894531">
        <ele>289.04</ele>
      </trkpt>
      <trkpt lat="37.20695972442627" lon="14.953937530517578">
        <ele>289.99</ele>
      </trkpt>
      <trkpt lat="37.20700263977051" lon="14.953551292419434">
        <ele>290.96</ele>
      </trkpt>
      <trkpt lat="37.20695972442627" lon="14.95337963104248">
        <ele>291.88</ele>
      </trkpt>
      <trkpt lat="37.206895435228944" lon="14.953186511993408">
        <ele>292.77</ele>
      </trkpt>
      <trkpt lat="37.20689535140991" lon="14.953186511993408">
        <ele>293.55</ele>
      </trkpt>
      <trkpt lat="37.20669150352478" lon="14.952923571690917">
        <ele>294.32</ele>
      </trkpt>
      <trkpt lat="37.20648765563965" lon="14.952660715207458">
        <ele>294.96</ele>
      </trkpt>
      <trkpt lat="37.20628380775452" lon="14.95239794254303">
        <ele>295.55</ele>
      </trkpt>
      <trkpt lat="37.206079959869385" lon="14.95213508605957">
        <ele>296.11</ele>
      </trkpt>
      <trkpt lat="37.20592975616455" lon="14.951920509338379">
        <ele>296.66</ele>
      </trkpt>
      <trkpt lat="37.205780977383256" lon="14.951594956219196">
        <ele>297.19</ele>
      </trkpt>
      <trkpt lat="37.20563228242099" lon="14.951269486919045">
        <ele>297.62</ele>
      </trkpt>
      <trkpt lat="37.20548358745873" lon="14.950943933799863">
        <ele>297.91</ele>
      </trkpt>
      <trkpt lat="37.20533489249647" lon="14.950618464499712">
        <ele>298.14</ele>
      </trkpt>
      <trkpt lat="37.2051861975342" lon="14.95029291138053">
        <ele>298.38</ele>
      </trkpt>
      <trkpt lat="37.20503750257194" lon="14.949967442080379">
        <ele>298.58</ele>
      </trkpt>
      <trkpt lat="37.20488880760968" lon="14.949641972780228">
        <ele>298.69</ele>
      </trkpt>
      <trkpt lat="37.204740112647414" lon="14.949316419661045">
        <ele>298.83</ele>
      </trkpt>
      <trkpt lat="37.20459141768515" lon="14.948990950360894">
        <ele>298.89</ele>
      </trkpt>
      <trkpt lat="37.20444272272289" lon="14.948665481060743">
        <ele>298.89</ele>
      </trkpt>
      <trkpt lat="37.204294027760625" lon="14.94833992794156">
        <ele>298.89</ele>
      </trkpt>
      <trkpt lat="37.20414533279836" lon="14.94801445864141">
        <ele>298.86</ele>
      </trkpt>
      <trkpt lat="37.20399856567383" lon="14.947693347930908">
        <ele>298.78</ele>
      </trkpt>
      <trkpt lat="37.20382673665881" lon="14.947392689064145">
        <ele>298.69</ele>
      </trkpt>
      <trkpt lat="37.20365499146283" lon="14.947092114016414">
        <ele>298.61</ele>
      </trkpt>
      <trkpt lat="37.20348358154297" lon="14.946792125701904">
        <ele>298.53</ele>
      </trkpt>
      <trkpt lat="37.20332256518304" lon="14.94654519483447">
        <ele>298.47</ele>
      </trkpt>
      <trkpt lat="37.20316180028021" lon="14.946298599243164">
        <ele>298.42</ele>
      </trkpt>
      <trkpt lat="37.20301151275635" lon="14.946098271757364">
        <ele>298.32</ele>
      </trkpt>
      <trkpt lat="37.202861309051514" lon="14.945898028090596">
        <ele>298.22</ele>
      </trkpt>
      <trkpt lat="37.20271110534668" lon="14.945697784423828">
        <ele>298.16</ele>
      </trkpt>
      <trkpt lat="37.20252502709627" lon="14.945418667048216">
        <ele>298.15</ele>
      </trkpt>
      <trkpt lat="37.202339032664895" lon="14.945139633491635">
        <ele>298.09</ele>
      </trkpt>
      <trkpt lat="37.20215320587158" lon="14.944860935211182">
        <ele>297.99</ele>
      </trkpt>
      <trkpt lat="37.20202445983887" lon="14.944700002670288">
        <ele>297.99</ele>
      </trkpt>
      <trkpt lat="37.20189571380615" lon="14.944539070129395">
        <ele>298.04</ele>
      </trkpt>
      <trkpt lat="37.201695553958416" lon="14.94435315951705">
        <ele>298.12</ele>
      </trkpt>
      <trkpt lat="37.20149539411068" lon="14.944167332723737">
        <ele>298.2</ele>
      </trkpt>
      <trkpt lat="37.201294898986816" lon="14.943981170654297">
        <ele>298.3</ele>
      </trkpt>
      <trkpt lat="37.201087698340416" lon="14.943823926150799">
        <ele>298.54</ele>
      </trkpt>
      <trkpt lat="37.200880497694016" lon="14.943666765466332">
        <ele>298.87</ele>
      </trkpt>
      <trkpt lat="37.20067271031439" lon="14.943509101867676">
        <ele>299.24</ele>
      </trkpt>
      <trkpt lat="37.20052242279053" lon="14.94340181350708">
        <ele>299.63</ele>
      </trkpt>
      <trkpt lat="37.200318491086364" lon="14.943133508786559">
        <ele>300.03</ele>
      </trkpt>
      <trkpt lat="37.200114727020264" lon="14.942865371704102">
        <ele>300.47</ele>
      </trkpt>
      <trkpt lat="37.199921775609255" lon="14.94268306531012">
        <ele>301.01</ele>
      </trkpt>
      <trkpt lat="37.19972857274115" lon="14.942500591278076">
        <ele>301.66</ele>
      </trkpt>
      <trkpt lat="37.19972848892212" lon="14.942500591278076">
        <ele>302.34</ele>
      </trkpt>
      <trkpt lat="37.19949262216687" lon="14.942286098375916">
        <ele>303.15</ele>
      </trkpt>
      <trkpt lat="37.1992564201355" lon="14.942071437835693">
        <ele>304.01</ele>
      </trkpt>
      <trkpt lat="37.19899892807007" lon="14.94192123413086">
        <ele>304.91</ele>
      </trkpt>
      <trkpt lat="37.19870681874454" lon="14.941823836416006">
        <ele>305.86</ele>
      </trkpt>
      <trkpt lat="37.198414793238044" lon="14.941726522520185">
        <ele>306.9</ele>
      </trkpt>
      <trkpt lat="37.19812276773155" lon="14.941629124805331">
        <ele>308.01</ele>
      </trkpt>
      <trkpt lat="37.19783074222505" lon="14.94153181090951">
        <ele>309.14</ele>
      </trkpt>
      <trkpt lat="37.197538716718554" lon="14.941434413194656">
        <ele>310.28</ele>
      </trkpt>
      <trkpt lat="37.19724669121206" lon="14.941337099298835">
        <ele>311.44</ele>
      </trkpt>
      <trkpt lat="37.19695466570556" lon="14.941239701583982">
        <ele>312.66</ele>
      </trkpt>
      <trkpt lat="37.196662640199065" lon="14.94114238768816">
        <ele>313.92</ele>
      </trkpt>
      <trkpt lat="37.19637053087354" lon="14.941045073792338">
        <ele>315.13</ele>
      </trkpt>
      <trkpt lat="37.19607850536704" lon="14.940947676077485">
        <ele>316.31</ele>
      </trkpt>
      <trkpt lat="37.19578036107123" lon="14.940848350524902">
        <ele>317.49</ele>
      </trkpt>
      <trkpt lat="37.19565153121948" lon="14.940805435180664">
        <ele>318.65</ele>
      </trkpt>
      <trkpt lat="37.19550132751465" lon="14.940783977508545">
        <ele>319.83</ele>
      </trkpt>
      <trkpt lat="37.19531927257776" lon="14.940805351361632">
        <ele>320.99</ele>
      </trkpt>
      <trkpt lat="37.19513654708862" lon="14.940826892852783">
        <ele>322.08</ele>
      </trkpt>
      <trkpt lat="37.194857597351074" lon="14.940762519836426">
        <ele>323.16</ele>
      </trkpt>
      <trkpt lat="37.19479305669665" lon="14.940425651147962">
        <ele>324.11</ele>
      </trkpt>
      <trkpt lat="37.194728599861264" lon="14.94008886627853">
        <ele>325.01</ele>
      </trkpt>
      <trkpt lat="37.194664478302" lon="14.939754009246826">
        <ele>325.87</ele>
      </trkpt>
      <trkpt lat="37.19454629346728" lon="14.93947472423315">
        <ele>326.76</ele>
      </trkpt>
      <trkpt lat="37.19442852772772" lon="14.939196109771729">
        <ele>327.57</ele>
      </trkpt>
      <trkpt lat="37.194331884384155" lon="14.939002823084593">
        <ele>328.37</ele>
      </trkpt>
      <trkpt lat="37.19423540867865" lon="14.938809871673584">
        <ele>329.13</ele>
      </trkpt>
      <trkpt lat="37.19413876533508" lon="14.938627313822508">
        <ele>329.87</ele>
      </trkpt>
      <trkpt lat="37.19404228962958" lon="14.938445091247559">
        <ele>330.6</ele>
      </trkpt>
      <trkpt lat="37.19393500126898" lon="14.938273429870605">
        <ele>331.29</ele>
      </trkpt>
      <trkpt lat="37.193870628252625" lon="14.938123226165771">
        <ele>331.9</ele>
      </trkpt>
      <trkpt lat="37.19378479756415" lon="14.937951564788818">
        <ele>332.43</ele>
      </trkpt>
      <trkpt lat="37.19367750920355" lon="14.937801361083984">
        <ele>332.95</ele>
      </trkpt>
      <trkpt lat="37.19359167851508" lon="14.93765115737915">
        <ele>333.42</ele>
      </trkpt>
      <trkpt lat="37.1935058478266" lon="14.937479496002197">
        <ele>333.85</ele>
      </trkpt>
      <trkpt lat="37.193398559466004" lon="14.937350749969482">
        <ele>334.25</ele>
      </trkpt>
      <trkpt lat="37.19322689808905" lon="14.93717908859253">
        <ele>334.58</ele>
      </trkpt>
      <trkpt lat="37.19322681427002" lon="14.93717908859253">
        <ele>334.93</ele>
      </trkpt>
      <trkpt lat="37.19301223754883" lon="14.937028884887695">
        <ele>335.16</ele>
      </trkpt>
      <trkpt lat="37.19271191395819" lon="14.936985969543457">
        <ele>335.46</ele>
      </trkpt>
      <trkpt lat="37.1924870274961" lon="14.936964511871338">
        <ele>335.84</ele>
      </trkpt>
      <trkpt lat="37.19226130284369" lon="14.936943054199219">
        <ele>336.14</ele>
      </trkpt>
      <trkpt lat="37.19213247299194" lon="14.936964511871338">
        <ele>336.38</ele>
      </trkpt>
      <trkpt lat="37.19196114689112" lon="14.936975156888366">
        <ele>336.62</ele>
      </trkpt>
      <trkpt lat="37.19178915023804" lon="14.936985969543457">
        <ele>336.86</ele>
      </trkpt>
      <trkpt lat="37.19172477722168" lon="14.936749935150146">
        <ele>336.94</ele>
      </trkpt>
      <trkpt lat="37.19170340336859" lon="14.936556816101074">
        <ele>337.0</ele>
      </trkpt>
      <trkpt lat="37.191660488024354" lon="14.93642807006836">
        <ele>337.1</ele>
      </trkpt>
      <trkpt lat="37.191639030352235" lon="14.936256408691406">
        <ele>337.18</ele>
      </trkpt>
      <trkpt lat="37.191617488861084" lon="14.93617057800293">
        <ele>337.22</ele>
      </trkpt>
      <trkpt lat="37.191617572680116" lon="14.93614912033081">
        <ele>337.2</ele>
      </trkpt>
      <trkpt lat="37.19157465733588" lon="14.935977458953857">
        <ele>337.21</ele>
      </trkpt>
      <trkpt lat="37.19155311584473" lon="14.935870170593262">
        <ele>337.15</ele>
      </trkpt>
      <trkpt lat="37.1914888266474" lon="14.935612678527832">
        <ele>337.07</ele>
      </trkpt>
      <trkpt lat="37.191402995958924" lon="14.935376644134521">
        <ele>336.95</ele>
      </trkpt>
      <trkpt lat="37.191360080614686" lon="14.935247898101807">
        <ele>336.8</ele>
      </trkpt>
      <trkpt lat="37.19123133458197" lon="14.934968948364258">
        <ele>336.61</ele>
      </trkpt>
      <trkpt lat="37.19118841923773" lon="14.934840202331543">
        <ele>336.39</ele>
      </trkpt>
      <trkpt lat="37.191145503893495" lon="14.934754371643066">
        <ele>336.14</ele>
      </trkpt>
      <trkpt lat="37.19108113087714" lon="14.93464708328247">
        <ele>335.87</ele>
      </trkpt>
      <trkpt lat="37.1909309271723" lon="14.934453964233398">
        <ele>335.57</ele>
      </trkpt>
      <trkpt lat="37.19075926579535" lon="14.934282302856445">
        <ele>335.26</ele>
      </trkpt>
      <trkpt lat="37.19053412787616" lon="14.934089267626405">
        <ele>335.0</ele>
      </trkpt>
      <trkpt lat="37.19030865468085" lon="14.9338960647583">
        <ele>334.72</ele>
      </trkpt>
      <trkpt lat="37.19022274017334" lon="14.933745861053467">
        <ele>334.41</ele>
      </trkpt>
      <trkpt lat="37.1901367418468" lon="14.933466408401728">
        <ele>334.09</ele>
      </trkpt>
      <trkpt lat="37.19005107879639" lon="14.93318796157837">
        <ele>333.81</ele>
      </trkpt>
      <trkpt lat="37.190018808469176" lon="14.932994423434138">
        <ele>333.54</ele>
      </trkpt>
      <trkpt lat="37.18998678959906" lon="14.932801723480225">
        <ele>333.29</ele>
      </trkpt>
      <trkpt lat="37.18999743461609" lon="14.932414647191763">
        <ele>332.99</ele>
      </trkpt>
      <trkpt lat="37.19000816345215" lon="14.932029247283936">
        <ele>332.69</ele>
      </trkpt>
      <trkpt lat="37.18996516428888" lon="14.931803522631526">
        <ele>332.49</ele>
      </trkpt>
      <trkpt lat="37.18992233276367" lon="14.931578636169434">
        <ele>332.36</ele>
      </trkpt>
      <trkpt lat="37.18983633443713" lon="14.931309996172786">
        <ele>332.23</ele>
      </trkpt>
      <trkpt lat="37.18975067138672" lon="14.931042194366455">
        <ele>332.1</ele>
      </trkpt>
      <trkpt lat="37.18960030004382" lon="14.930712785571814">
        <ele>332.01</ele>
      </trkpt>
      <trkpt lat="37.189449928700924" lon="14.930383460596204">
        <ele>331.97</ele>
      </trkpt>
      <trkpt lat="37.18930006027222" lon="14.930055141448975">
        <ele>331.94</ele>
      </trkpt>
      <trkpt lat="37.18920341692865" lon="14.929861854761839">
        <ele>331.91</ele>
      </trkpt>
      <trkpt lat="37.189107025042176" lon="14.92966890335083">
        <ele>331.96</ele>
      </trkpt>
      <trkpt lat="37.189106941223145" lon="14.92966890335083">
        <ele>331.98</ele>
      </trkpt>
      <trkpt lat="37.18896947801113" lon="14.929389702156186">
        <ele>332.06</ele>
      </trkpt>
      <trkpt lat="37.18883201479912" lon="14.929110500961542">
        <ele>332.2</ele>
      </trkpt>
      <trkpt lat="37.18869463540614" lon="14.928831299766898">
        <ele>332.33</ele>
      </trkpt>
      <trkpt lat="37.18855717219412" lon="14.928552098572254">
        <ele>332.44</ele>
      </trkpt>
      <trkpt lat="37.188420379534364" lon="14.928274154663086">
        <ele>332.49</ele>
      </trkpt>
      <trkpt lat="37.18842029571533" lon="14.928274154663086">
        <ele>332.55</ele>
      </trkpt>
      <trkpt lat="37.18827260658145" lon="14.927968047559261">
        <ele>332.56</ele>
      </trkpt>
      <trkpt lat="37.18812491744757" lon="14.927662024274468">
        <ele>332.65</ele>
      </trkpt>
      <trkpt lat="37.187977312132716" lon="14.927355917170644">
        <ele>332.71</ele>
      </trkpt>
      <trkpt lat="37.187829622998834" lon="14.927049893885851">
        <ele>332.71</ele>
      </trkpt>
      <trkpt lat="37.18768201768398" lon="14.926743786782026">
        <ele>332.7</ele>
      </trkpt>
      <trkpt lat="37.1875343285501" lon="14.926437763497233">
        <ele>332.73</ele>
      </trkpt>
      <trkpt lat="37.18738663941622" lon="14.92613174021244">
        <ele>332.75</ele>
      </trkpt>
      <trkpt lat="37.18724012374878" lon="14.925827980041504">
        <ele>332.64</ele>
      </trkpt>
      <trkpt lat="37.18712193891406" lon="14.925516424700618">
        <ele>332.5</ele>
      </trkpt>
      <trkpt lat="37.1870041731745" lon="14.925205707550049">
        <ele>332.36</ele>
      </trkpt>
      <trkpt lat="37.18700408935547" lon="14.925205707550049">
        <ele>332.22</ele>
      </trkpt>
      <trkpt lat="37.18700408935547" lon="14.925141334533691">
        <ele>332.03</ele>
      </trkpt>
      <trkpt lat="37.18693971633911" lon="14.92490530014038">
        <ele>331.82</ele>
      </trkpt>
      <trkpt lat="37.186896884813905" lon="14.924712181091309">
        <ele>331.58</ele>
      </trkpt>
      <trkpt lat="37.18689680099487" lon="14.924712181091309">
        <ele>331.32</ele>
      </trkpt>
      <trkpt lat="37.1868144068867" lon="14.924353854730725">
        <ele>331.04</ele>
      </trkpt>
      <trkpt lat="37.18673201277852" lon="14.923995612189174">
        <ele>330.73</ele>
      </trkpt>
      <trkpt lat="37.186649618670344" lon="14.923637369647622">
        <ele>330.39</ele>
      </trkpt>
      <trkpt lat="37.18656722456217" lon="14.92327912710607">
        <ele>329.98</ele>
      </trkpt>
      <trkpt lat="37.18648483045399" lon="14.922920884564519">
        <ele>329.5</ele>
      </trkpt>
      <trkpt lat="37.186402436345816" lon="14.922562642022967">
        <ele>329.01</ele>
      </trkpt>
      <trkpt lat="37.18632004223764" lon="14.922204399481416">
        <ele>328.55</ele>
      </trkpt>
      <trkpt lat="37.18623764812946" lon="14.921846073120832">
        <ele>328.02</ele>
      </trkpt>
      <trkpt lat="37.18615533784032" lon="14.92148783057928">
        <ele>327.45</ele>
      </trkpt>
      <trkpt lat="37.18607294373214" lon="14.92112958803773">
        <ele>326.89</ele>
      </trkpt>
      <trkpt lat="37.185990549623966" lon="14.920771345496178">
        <ele>326.29</ele>
      </trkpt>
      <trkpt lat="37.185909831896424" lon="14.92042064666748">
        <ele>325.7</ele>
      </trkpt>
      <trkpt lat="37.18590974807739" lon="14.92042064666748">
        <ele>325.11</ele>
      </trkpt>
      <trkpt lat="37.18573808670044" lon="14.920098781585693">
        <ele>324.45</ele>
      </trkpt>
      <trkpt lat="37.18555569648743" lon="14.919905662536621">
        <ele>323.77</ele>
      </trkpt>
      <trkpt lat="37.185373306274414" lon="14.919712543487549">
        <ele>323.06</ele>
      </trkpt>
      <trkpt lat="37.18526601791382" lon="14.91966962814331">
        <ele>322.44</ele>
      </trkpt>
      <trkpt lat="37.18499477952719" lon="14.91961246356368">
        <ele>321.83</ele>
      </trkpt>
      <trkpt lat="37.184723541140556" lon="14.919555382803082">
        <ele>321.19</ele>
      </trkpt>
      <trkpt lat="37.18445071019232" lon="14.919497966766357">
        <ele>320.61</ele>
      </trkpt>
      <trkpt lat="37.18425750732422" lon="14.919369220733643">
        <ele>320.05</ele>
      </trkpt>
      <trkpt lat="37.18421459197998" lon="14.919261932373047">
        <ele>319.54</ele>
      </trkpt>
      <trkpt lat="37.18417167663574" lon="14.919090270996094">
        <ele>319.07</ele>
      </trkpt>
      <trkpt lat="37.18416086398065" lon="14.918746193870902">
        <ele>318.61</ele>
      </trkpt>
      <trkpt lat="37.18415021896362" lon="14.918403625488281">
        <ele>318.31</ele>
      </trkpt>
      <trkpt lat="37.18415021896362" lon="14.918253421783447">
        <ele>318.03</ele>
      </trkpt>
      <trkpt lat="37.184171760454774" lon="14.918049154803157">
        <ele>317.86</ele>
      </trkpt>
      <trkpt lat="37.18419321812689" lon="14.917845726013184">
        <ele>317.72</ele>
      </trkpt>
      <trkpt lat="37.184364795684814" lon="14.91767406463623">
        <ele>317.56</ele>
      </trkpt>
      <trkpt lat="37.184632597491145" lon="14.917495446279645">
        <ele>317.42</ele>
      </trkpt>
      <trkpt lat="37.18490048311651" lon="14.91731682792306">
        <ele>317.37</ele>
      </trkpt>
      <trkpt lat="37.18516836874187" lon="14.917138293385506">
        <ele>317.26</ele>
      </trkpt>
      <trkpt lat="37.18543625436723" lon="14.91695967502892">
        <ele>317.22</ele>
      </trkpt>
      <trkpt lat="37.185704139992595" lon="14.916781056672335">
        <ele>317.3</ele>
      </trkpt>
      <trkpt lat="37.18597412109375" lon="14.916601181030273">
        <ele>317.48</ele>
      </trkpt>
      <trkpt lat="37.1861457824707" lon="14.916493892669678">
        <ele>317.6</ele>
      </trkpt>
      <trkpt lat="37.18641341663897" lon="14.916413510218263">
        <ele>317.69</ele>
      </trkpt>
      <trkpt lat="37.18668113462627" lon="14.91633321158588">
        <ele>317.82</ele>
      </trkpt>
      <trkpt lat="37.18694885261357" lon="14.916252912953496">
        <ele>317.96</ele>
      </trkpt>
      <trkpt lat="37.18721866607666" lon="14.91617202758789">
        <ele>318.13</ele>
      </trkpt>
      <trkpt lat="37.18747615814209" lon="14.916021823883057">
        <ele>318.34</ele>
      </trkpt>
      <trkpt lat="37.187626361846924" lon="14.915828704833984">
        <ele>318.58</ele>
      </trkpt>
      <trkpt lat="37.18768008984625" lon="14.915506169199944">
        <ele>318.87</ele>
      </trkpt>
      <trkpt lat="37.18773365020752" lon="14.91518497467041">
        <ele>319.11</ele>
      </trkpt>
      <trkpt lat="37.18778201378882" lon="14.914830168709159">
        <ele>319.33</ele>
      </trkpt>
      <trkpt lat="37.18783037737012" lon="14.91447544656694">
        <ele>319.56</ele>
      </trkpt>
      <trkpt lat="37.18787874095142" lon="14.91412072442472">
        <ele>319.89</ele>
      </trkpt>
      <trkpt lat="37.18792676925659" lon="14.913768768310547">
        <ele>320.25</ele>
      </trkpt>
      <trkpt lat="37.18799122609198" lon="14.913553856313229">
        <ele>320.64</ele>
      </trkpt>
      <trkpt lat="37.18805559910834" lon="14.913339614868164">
        <ele>321.05</ele>
      </trkpt>
      <trkpt lat="37.187862396240234" lon="14.913296699523926">
        <ele>321.54</ele>
      </trkpt>
      <trkpt lat="37.187690986320376" lon="14.913210952654481">
        <ele>322.05</ele>
      </trkpt>
      <trkpt lat="37.18751907348633" lon="14.913125038146973">
        <ele>322.62</ele>
      </trkpt>
      <trkpt lat="37.18739032745361" lon="14.912964105606079">
        <ele>323.2</ele>
      </trkpt>
      <trkpt lat="37.1872615814209" lon="14.912803173065186">
        <ele>323.83</ele>
      </trkpt>
      <trkpt lat="37.18713266775012" lon="14.91254542954266">
        <ele>324.51</ele>
      </trkpt>
      <trkpt lat="37.18700408935547" lon="14.912288188934326">
        <ele>325.24</ele>
      </trkpt>
      <trkpt lat="37.18693971633911" lon="14.912095069885254">
        <ele>325.99</ele>
      </trkpt>
      <trkpt lat="37.18689680099487" lon="14.911901950836182">
        <ele>326.75</ele>
      </trkpt>
      <trkpt lat="37.18687525950372" lon="14.911636747419834">
        <ele>327.56</ele>
      </trkpt>
      <trkpt lat="37.1868538018316" lon="14.911371544003487">
        <ele>328.4</ele>
      </trkpt>
      <trkpt lat="37.18683251179755" lon="14.911108016967773">
        <ele>329.25</ele>
      </trkpt>
      <trkpt lat="37.18668222427368" lon="14.910914897918701">
        <ele>330.15</ele>
      </trkpt>
      <trkpt lat="37.18640377745032" lon="14.910839879885316">
        <ele>331.12</ele>
      </trkpt>
      <trkpt lat="37.186124324798584" lon="14.910764694213867">
        <ele>332.16</ele>
      </trkpt>
      <trkpt lat="37.185952831059694" lon="14.910646760836244">
        <ele>333.19</ele>
      </trkpt>
      <trkpt lat="37.18578100204468" lon="14.910528659820557">
        <ele>334.23</ele>
      </trkpt>
      <trkpt lat="37.185630798339844" lon="14.9104642868042">
        <ele>335.31</ele>
      </trkpt>
      <trkpt lat="37.18548059463501" lon="14.91044282913208">
        <ele>336.42</ele>
      </trkpt>
      <trkpt lat="37.18530893325806" lon="14.910507202148438">
        <ele>337.55</ele>
      </trkpt>
      <trkpt lat="37.18522310256958" lon="14.910614490509033">
        <ele>338.7</ele>
      </trkpt>
      <trkpt lat="37.18518018722534" lon="14.910807609558105">
        <ele>339.87</ele>
      </trkpt>
      <trkpt lat="37.18519628047943" lon="14.911173060536385">
        <ele>341.11</ele>
      </trkpt>
      <trkpt lat="37.18521237373352" lon="14.911538595333695">
        <ele>342.27</ele>
      </trkpt>
      <trkpt lat="37.18522855080664" lon="14.911904130131006">
        <ele>343.46</ele>
      </trkpt>
      <trkpt lat="37.1852445602417" lon="14.912266731262207">
        <ele>344.72</ele>
      </trkpt>
      <trkpt lat="37.1852445602417" lon="14.912502765655518">
        <ele>345.97</ele>
      </trkpt>
      <trkpt lat="37.18515872955322" lon="14.912652969360352">
        <ele>347.23</ele>
      </trkpt>
      <trkpt lat="37.18499788083136" lon="14.912803005427122">
        <ele>348.53</ele>
      </trkpt>
      <trkpt lat="37.184836864471436" lon="14.91295337677002">
        <ele>349.78</ele>
      </trkpt>
      <trkpt lat="37.18477257527411" lon="14.913060665130615">
        <ele>351.01</ele>
      </trkpt>
      <trkpt lat="37.18468657694757" lon="14.913275493308902">
        <ele>352.27</ele>
      </trkpt>
      <trkpt lat="37.184600830078125" lon="14.913489818572998">
        <ele>353.56</ele>
      </trkpt>
      <trkpt lat="37.184536289423704" lon="14.913726188242435">
        <ele>354.88</ele>
      </trkpt>
      <trkpt lat="37.18447208404541" lon="14.91396188735962">
        <ele>356.2</ele>
      </trkpt>
      <trkpt lat="37.18442908488214" lon="14.914270006120205">
        <ele>357.5</ele>
      </trkpt>
      <trkpt lat="37.18438608571887" lon="14.91457812488079">
        <ele>358.86</ele>
      </trkpt>
      <trkpt lat="37.184343338012695" lon="14.914884567260742">
        <ele>360.22</ele>
      </trkpt>
      <trkpt lat="37.1842360496521" lon="14.91520643234253">
        <ele>361.54</ele>
      </trkpt>
      <trkpt lat="37.184128761291504" lon="14.91542100906372">
        <ele>362.83</ele>
      </trkpt>
      <trkpt lat="37.18389272689819" lon="14.915614128112793">
        <ele>364.19</ele>
      </trkpt>
      <trkpt lat="37.183625008910894" lon="14.915683697909117">
        <ele>365.63</ele>
      </trkpt>
      <trkpt lat="37.183357290923595" lon="14.91575326770544">
        <ele>367.07</ele>
      </trkpt>
      <trkpt lat="37.18308965675533" lon="14.915822837501764">
        <ele>368.53</ele>
      </trkpt>
      <trkpt lat="37.182819843292236" lon="14.915893077850342">
        <ele>369.93</ele>
      </trkpt>
      <trkpt lat="37.182583808898926" lon="14.915850162506104">
        <ele>371.33</ele>
      </trkpt>
      <trkpt lat="37.18235892243683" lon="14.915775144472718">
        <ele>372.64</ele>
      </trkpt>
      <trkpt lat="37.182133197784424" lon="14.91569995880127">
        <ele>373.9</ele>
      </trkpt>
      <trkpt lat="37.18198316171765" lon="14.915592754259706">
        <ele>375.2</ele>
      </trkpt>
      <trkpt lat="37.181832790374756" lon="14.915485382080078">
        <ele>376.48</ele>
      </trkpt>
      <trkpt lat="37.18160790391266" lon="14.915463924407959">
        <ele>377.69</ele>
      </trkpt>
      <trkpt lat="37.181382179260254" lon="14.91544246673584">
        <ele>378.98</ele>
      </trkpt>
      <trkpt lat="37.18110381625593" lon="14.915453111752868">
        <ele>380.22</ele>
      </trkpt>
      <trkpt lat="37.180824279785156" lon="14.915463924407959">
        <ele>381.45</ele>
      </trkpt>
      <trkpt lat="37.180631160736084" lon="14.915506839752197">
        <ele>382.65</ele>
      </trkpt>
      <trkpt lat="37.18036327511072" lon="14.915678249672055">
        <ele>383.83</ele>
      </trkpt>
      <trkpt lat="37.180094718933105" lon="14.915850162506104">
        <ele>385.01</ele>
      </trkpt>
      <trkpt lat="37.17989129014313" lon="14.915839433670044">
        <ele>386.32</ele>
      </trkpt>
      <trkpt lat="37.17968702316284" lon="14.915828704833984">
        <ele>387.51</ele>
      </trkpt>
      <trkpt lat="37.17948351055384" lon="14.915882181376219">
        <ele>388.57</ele>
      </trkpt>
      <trkpt lat="37.17927932739258" lon="14.91593599319458">
        <ele>389.64</ele>
      </trkpt>
      <trkpt lat="37.179086208343506" lon="14.915914535522461">
        <ele>390.87</ele>
      </trkpt>
      <trkpt lat="37.17879703268409" lon="14.915818143635988">
        <ele>392.04</ele>
      </trkpt>
      <trkpt lat="37.17850685119629" lon="14.915721416473389">
        <ele>393.05</ele>
      </trkpt>
      <trkpt lat="37.17839956283569" lon="14.915635585784912">
        <ele>394.04</ele>
      </trkpt>
      <trkpt lat="37.17822781763971" lon="14.915349259972572">
        <ele>395.12</ele>
      </trkpt>
      <trkpt lat="37.178056072443724" lon="14.915063017979264">
        <ele>396.15</ele>
      </trkpt>
      <trkpt lat="37.177884662523866" lon="14.914777278900146">
        <ele>397.12</ele>
      </trkpt>
      <trkpt lat="37.177884578704834" lon="14.914777278900146">
        <ele>398.05</ele>
      </trkpt>
      <trkpt lat="37.17775583267212" lon="14.914734363555908">
        <ele>398.92</ele>
      </trkpt>
      <trkpt lat="37.17764854431152" lon="14.914777278900146">
        <ele>399.77</ele>
      </trkpt>
      <trkpt lat="37.17751979827881" lon="14.914841651916504">
        <ele>400.64</ele>
      </trkpt>
      <trkpt lat="37.177369678393006" lon="14.914970230311155">
        <ele>401.49</ele>
      </trkpt>
      <trkpt lat="37.17721939086914" lon="14.915099143981934">
        <ele>402.39</ele>
      </trkpt>
      <trkpt lat="37.177112102508545" lon="14.915142059326172">
        <ele>403.32</ele>
      </trkpt>
      <trkpt lat="37.176865842193365" lon="14.915088498964906">
        <ele>404.36</ele>
      </trkpt>
      <trkpt lat="37.176618659868836" lon="14.915034770965576">
        <ele>405.25</ele>
      </trkpt>
      <trkpt lat="37.17639352194965" lon="14.914863277226686">
        <ele>406.21</ele>
      </trkpt>
      <trkpt lat="37.1761679649353" lon="14.91469144821167">
        <ele>407.2</ele>
      </trkpt>
      <trkpt lat="37.17598909512162" lon="14.914426663890481">
        <ele>408.3</ele>
      </trkpt>
      <trkpt lat="37.17581022530794" lon="14.914161963388324">
        <ele>409.3</ele>
      </trkpt>
      <trkpt lat="37.175631523132324" lon="14.913897514343262">
        <ele>410.29</ele>
      </trkpt>
      <trkpt lat="37.17545986175537" lon="14.913697270676494">
        <ele>411.16</ele>
      </trkpt>
      <trkpt lat="37.17528820037842" lon="14.913497027009726">
        <ele>412.02</ele>
      </trkpt>
      <trkpt lat="37.175116539001465" lon="14.913296699523926">
        <ele>412.91</ele>
      </trkpt>
      <trkpt lat="37.17498779296875" lon="14.913167953491211">
        <ele>413.78</ele>
      </trkpt>
      <trkpt lat="37.17478067614138" lon="14.913060832768679">
        <ele>414.55</ele>
      </trkpt>
      <trkpt lat="37.17457355931401" lon="14.912953712046146">
        <ele>415.32</ele>
      </trkpt>
      <trkpt lat="37.174365520477295" lon="14.912846088409424">
        <ele>416.1</ele>
      </trkpt>
      <trkpt lat="37.17427968978882" lon="14.912781715393066">
        <ele>416.96</ele>
      </trkpt>
      <trkpt lat="37.174151027575135" lon="14.912545680999756">
        <ele>418.0</ele>
      </trkpt>
      <trkpt lat="37.17406519688666" lon="14.912331104278564">
        <ele>419.14</ele>
      </trkpt>
      <trkpt lat="37.17393636703491" lon="14.91220235824585">
        <ele>420.17</ele>
      </trkpt>
      <trkpt lat="37.173871994018555" lon="14.912159442901611">
        <ele>421.12</ele>
      </trkpt>
      <trkpt lat="37.17364710755646" lon="14.91217008791864">
        <ele>421.91</ele>
      </trkpt>
      <trkpt lat="37.17342138290405" lon="14.91218090057373">
        <ele>422.7</ele>
      </trkpt>
      <trkpt lat="37.17331409454346" lon="14.912159442901611">
        <ele>423.61</ele>
      </trkpt>
      <trkpt lat="37.17311041429639" lon="14.9120201356709">
        <ele>424.65</ele>
      </trkpt>
      <trkpt lat="37.17290639877319" lon="14.911880493164062">
        <ele>425.68</ele>
      </trkpt>
      <trkpt lat="37.17268142849207" lon="14.9117680080235">
        <ele>426.68</ele>
      </trkpt>
      <trkpt lat="37.172456458210945" lon="14.911655522882938">
        <ele>427.69</ele>
      </trkpt>
      <trkpt lat="37.17223157174885" lon="14.911543037742376">
        <ele>428.72</ele>
      </trkpt>
      <trkpt lat="37.17200517654419" lon="14.91142988204956">
        <ele>429.85</ele>
      </trkpt>
      <trkpt lat="37.17172681353986" lon="14.911376321688294">
        <ele>431.04</ele>
      </trkpt>
      <trkpt lat="37.17144727706909" lon="14.911322593688965">
        <ele>432.26</ele>
      </trkpt>
      <trkpt lat="37.17125457711518" lon="14.911333238705993">
        <ele>433.32</ele>
      </trkpt>
      <trkpt lat="37.17106103897095" lon="14.911344051361084">
        <ele>434.33</ele>
      </trkpt>
      <trkpt lat="37.17090035788715" lon="14.911301219835877">
        <ele>435.43</ele>
      </trkpt>
      <trkpt lat="37.17073917388916" lon="14.911258220672607">
        <ele>436.52</ele>
      </trkpt>
      <trkpt lat="37.17049811035395" lon="14.911118913441896">
        <ele>437.7</ele>
      </trkpt>
      <trkpt lat="37.17025704681873" lon="14.910979606211185">
        <ele>438.82</ele>
      </trkpt>
      <trkpt lat="37.17001598328352" lon="14.910840382799506">
        <ele>439.87</ele>
      </trkpt>
      <trkpt lat="37.1697735786438" lon="14.91070032119751">
        <ele>440.89</ele>
      </trkpt>
      <trkpt lat="37.16953762806952" lon="14.91044282913208">
        <ele>442.04</ele>
      </trkpt>
      <trkpt lat="37.169344425201416" lon="14.910356998443604">
        <ele>443.06</ele>
      </trkpt>
      <trkpt lat="37.16930150985718" lon="14.910378456115723">
        <ele>444.03</ele>
      </trkpt>
      <trkpt lat="37.169129848480225" lon="14.910657405853271">
        <ele>444.79</ele>
      </trkpt>
      <trkpt lat="37.16893672943115" lon="14.910743236541748">
        <ele>445.84</ele>
      </trkpt>
      <trkpt lat="37.16874361038208" lon="14.910657405853271">
        <ele>446.93</ele>
      </trkpt>
      <trkpt lat="37.16860421933234" lon="14.910528743639588">
        <ele>447.95</ele>
      </trkpt>
      <trkpt lat="37.16846466064453" lon="14.910399913787842">
        <ele>448.94</ele>
      </trkpt>
      <trkpt lat="37.1682071685791" lon="14.910228252410889">
        <ele>449.91</ele>
      </trkpt>
      <trkpt lat="37.16803550720215" lon="14.910163879394531">
        <ele>450.77</ele>
      </trkpt>
      <trkpt lat="37.167863845825195" lon="14.91018533706665">
        <ele>451.59</ele>
      </trkpt>
      <trkpt lat="37.16772437095642" lon="14.910324728116393">
        <ele>452.4</ele>
      </trkpt>
      <trkpt lat="37.16758489608765" lon="14.9104642868042">
        <ele>453.19</ele>
      </trkpt>
      <trkpt lat="37.16743469238281" lon="14.910507202148438">
        <ele>454.0</ele>
      </trkpt>
      <trkpt lat="37.16726303100586" lon="14.9104642868042">
        <ele>454.79</ele>
      </trkpt>
      <trkpt lat="37.16710226610303" lon="14.910367811098695">
        <ele>455.58</ele>
      </trkpt>
      <trkpt lat="37.16694116592407" lon="14.910271167755127">
        <ele>456.36</ele>
      </trkpt>
      <trkpt lat="37.16670513153076" lon="14.91020679473877">
        <ele>457.12</ele>
      </trkpt>
      <trkpt lat="37.166522992774844" lon="14.910099590197206">
        <ele>457.87</ele>
      </trkpt>
      <trkpt lat="37.166340351104736" lon="14.909992218017578">
        <ele>458.54</ele>
      </trkpt>
      <trkpt lat="37.16623306274414" lon="14.909992218017578">
        <ele>459.18</ele>
      </trkpt>
      <trkpt lat="37.16601848602295" lon="14.910056591033936">
        <ele>459.77</ele>
      </trkpt>
      <trkpt lat="37.16578245162964" lon="14.910228252410889">
        <ele>460.18</ele>
      </trkpt>
      <trkpt lat="37.165589332580566" lon="14.910314083099365">
        <ele>460.64</ele>
      </trkpt>
      <trkpt lat="37.16533184051514" lon="14.910271167755127">
        <ele>461.25</ele>
      </trkpt>
      <trkpt lat="37.165106954053044" lon="14.910196149721742">
        <ele>461.91</ele>
      </trkpt>
      <trkpt lat="37.164881229400635" lon="14.910120964050293">
        <ele>462.65</ele>
      </trkpt>
      <trkpt lat="37.164720548316836" lon="14.910078132525086">
        <ele>463.22</ele>
      </trkpt>
      <trkpt lat="37.16455936431885" lon="14.910035133361816">
        <ele>463.79</ele>
      </trkpt>
      <trkpt lat="37.1642804145813" lon="14.909863471984863">
        <ele>464.48</ele>
      </trkpt>
      <trkpt lat="37.16409819200635" lon="14.90972408093512">
        <ele>465.11</ele>
      </trkpt>
      <trkpt lat="37.16391563415527" lon="14.909584522247314">
        <ele>465.63</ele>
      </trkpt>
      <trkpt lat="37.16376543045044" lon="14.909423589706421">
        <ele>466.15</ele>
      </trkpt>
      <trkpt lat="37.163615226745605" lon="14.909262657165527">
        <ele>466.71</ele>
      </trkpt>
      <trkpt lat="37.163384640589356" lon="14.909026706591249">
        <ele>467.36</ele>
      </trkpt>
      <trkpt lat="37.16315405443311" lon="14.90879075601697">
        <ele>467.98</ele>
      </trkpt>
      <trkpt lat="37.16292355209589" lon="14.908554889261723">
        <ele>468.57</ele>
      </trkpt>
      <trkpt lat="37.16269254684448" lon="14.908318519592285">
        <ele>469.08</ele>
      </trkpt>
      <trkpt lat="37.162595903500915" lon="14.90812523290515">
        <ele>469.51</ele>
      </trkpt>
      <trkpt lat="37.16249942779541" lon="14.90793228149414">
        <ele>469.97</ele>
      </trkpt>
      <trkpt lat="37.16244922019541" lon="14.907667078077793">
        <ele>470.71</ele>
      </trkpt>
      <trkpt lat="37.16239909641445" lon="14.907401958480477">
        <ele>471.38</ele>
      </trkpt>
      <trkpt lat="37.162349224090576" lon="14.907138347625732">
        <ele>472.06</ele>
      </trkpt>
      <trkpt lat="37.162156105041504" lon="14.906895104795694">
        <ele>472.64</ele>
      </trkpt>
      <trkpt lat="37.16196298599243" lon="14.906651945784688">
        <ele>473.4</ele>
      </trkpt>
      <trkpt lat="37.16176986694336" lon="14.906408786773682">
        <ele>474.15</ele>
      </trkpt>
      <trkpt lat="37.161614215001464" lon="14.90617266856134">
        <ele>474.9</ele>
      </trkpt>
      <trkpt lat="37.16145856305957" lon="14.905936550348997">
        <ele>475.56</ele>
      </trkpt>
      <trkpt lat="37.161302994936705" lon="14.905700432136655">
        <ele>476.21</ele>
      </trkpt>
      <trkpt lat="37.161147594451904" lon="14.90546464920044">
        <ele>476.9</ele>
      </trkpt>
      <trkpt lat="37.16102957725525" lon="14.905303632840514">
        <ele>477.67</ele>
      </trkpt>
      <trkpt lat="37.160911643877625" lon="14.905142784118652">
        <ele>478.53</ele>
      </trkpt>
      <trkpt lat="37.160804271698" lon="14.904992580413818">
        <ele>479.42</ele>
      </trkpt>
      <trkpt lat="37.160636046901345" lon="14.904695525765419">
        <ele>480.35</ele>
      </trkpt>
      <trkpt lat="37.16046782210469" lon="14.90439847111702">
        <ele>481.21</ele>
      </trkpt>
      <trkpt lat="37.16029968112707" lon="14.904101500287652">
        <ele>482.17</ele>
      </trkpt>
      <trkpt lat="37.16013145633042" lon="14.903804445639253">
        <ele>483.14</ele>
      </trkpt>
      <trkpt lat="37.1599633153528" lon="14.903507390990853">
        <ele>484.0</ele>
      </trkpt>
      <trkpt lat="37.1597957611084" lon="14.90321159362793">
        <ele>484.78</ele>
      </trkpt>
      <trkpt lat="37.15975284576416" lon="14.90297555923462">
        <ele>485.6</ele>
      </trkpt>
      <trkpt lat="37.15972409583628" lon="14.902610024437308">
        <ele>486.51</ele>
      </trkpt>
      <trkpt lat="37.159695429727435" lon="14.902244489639997">
        <ele>487.4</ele>
      </trkpt>
      <trkpt lat="37.159667015075684" lon="14.901881217956543">
        <ele>488.27</ele>
      </trkpt>
      <trkpt lat="37.1596884727478" lon="14.901633951812983">
        <ele>489.16</ele>
      </trkpt>
      <trkpt lat="37.15970993041992" lon="14.901387691497803">
        <ele>490.04</ele>
      </trkpt>
      <trkpt lat="37.15975284576416" lon="14.901108155027032">
        <ele>490.92</ele>
      </trkpt>
      <trkpt lat="37.1597957611084" lon="14.900829792022705">
        <ele>491.72</ele>
      </trkpt>
      <trkpt lat="37.15981721878052" lon="14.90046501159668">
        <ele>492.52</ele>
      </trkpt>
      <trkpt lat="37.159768771380186" lon="14.900077935308218">
        <ele>493.22</ele>
      </trkpt>
      <trkpt lat="37.159720407798886" lon="14.899690942838788">
        <ele>493.98</ele>
      </trkpt>
      <trkpt lat="37.15967204421759" lon="14.899303950369358">
        <ele>494.82</ele>
      </trkpt>
      <trkpt lat="37.159624099731445" lon="14.898920059204102">
        <ele>495.59</ele>
      </trkpt>
      <trkpt lat="37.15955981053412" lon="14.89870548248291">
        <ele>496.26</ele>
      </trkpt>
      <trkpt lat="37.15955972671509" lon="14.89870548248291">
        <ele>496.91</ele>
      </trkpt>
      <trkpt lat="37.15951681137085" lon="14.898555278778076">
        <ele>497.55</ele>
      </trkpt>
      <trkpt lat="37.159409523010254" lon="14.8984694480896">
        <ele>498.12</ele>
      </trkpt>
      <trkpt lat="37.159152030944824" lon="14.898362159729004">
        <ele>498.64</ele>
      </trkpt>
      <trkpt lat="37.15904474258423" lon="14.898276329040527">
        <ele>499.19</ele>
      </trkpt>
      <trkpt lat="37.15895891189575" lon="14.898104667663574">
        <ele>499.75</ele>
      </trkpt>
      <trkpt lat="37.15891582891345" lon="14.897717591375113">
        <ele>500.4</ele>
      </trkpt>
      <trkpt lat="37.158873081207275" lon="14.897332191467285">
        <ele>501.04</ele>
      </trkpt>
      <trkpt lat="37.158754812553525" lon="14.896966824308038">
        <ele>501.56</ele>
      </trkpt>
      <trkpt lat="37.158637046813965" lon="14.896602630615234">
        <ele>502.11</ele>
      </trkpt>
      <trkpt lat="37.15850830078125" lon="14.896388053894043">
        <ele>502.63</ele>
      </trkpt>
      <trkpt lat="37.15830470435321" lon="14.896270204335451">
        <ele>503.14</ele>
      </trkpt>
      <trkpt lat="37.158100605010986" lon="14.896152019500732">
        <ele>503.59</ele>
      </trkpt>
      <trkpt lat="37.15797185897827" lon="14.896023273468018">
        <ele>504.07</ele>
      </trkpt>
      <trkpt lat="37.15784311294556" lon="14.895808696746826">
        <ele>504.55</ele>
      </trkpt>
      <trkpt lat="37.157767843455076" lon="14.895518515259027">
        <ele>505.03</ele>
      </trkpt>
      <trkpt lat="37.15769290924072" lon="14.89522933959961">
        <ele>505.42</ele>
      </trkpt>
      <trkpt lat="37.15769290924072" lon="14.895079135894775">
        <ele>505.84</ele>
      </trkpt>
      <trkpt lat="37.15780019760132" lon="14.89492884837091">
        <ele>506.37</ele>
      </trkpt>
      <trkpt lat="37.157907485961914" lon="14.894778728485107">
        <ele>506.92</ele>
      </trkpt>
      <trkpt lat="37.15792894363403" lon="14.894649982452393">
        <ele>507.41</ele>
      </trkpt>
      <trkpt lat="37.157907485961914" lon="14.894564151763916">
        <ele>507.87</ele>
      </trkpt>
      <trkpt lat="37.1576714515686" lon="14.894349575042725">
        <ele>508.32</ele>
      </trkpt>
      <trkpt lat="37.15745687484741" lon="14.894285202026367">
        <ele>508.81</ele>
      </trkpt>
      <trkpt lat="37.157156551256776" lon="14.894285202026367">
        <ele>509.33</ele>
      </trkpt>
      <trkpt lat="37.157156467437744" lon="14.894285202026367">
        <ele>509.83</ele>
      </trkpt>
      <trkpt lat="37.15692085213959" lon="14.894349407404661">
        <ele>510.33</ele>
      </trkpt>
      <trkpt lat="37.15668439865112" lon="14.894413948059082">
        <ele>510.89</ele>
      </trkpt>
      <trkpt lat="37.156383991241455" lon="14.894435405731201">
        <ele>511.47</ele>
      </trkpt>
      <trkpt lat="37.15619120746851" lon="14.894381845369935">
        <ele>512.1</ele>
      </trkpt>
      <trkpt lat="37.15599775314331" lon="14.894328117370605">
        <ele>512.76</ele>
      </trkpt>
      <trkpt lat="37.15574026107788" lon="14.894177913665771">
        <ele>513.49</ele>
      </trkpt>
      <trkpt lat="37.1555043105036" lon="14.893956296145916">
        <ele>514.11</ele>
      </trkpt>
      <trkpt lat="37.155268443748355" lon="14.89373467862606">
        <ele>514.76</ele>
      </trkpt>
      <trkpt lat="37.15503215789795" lon="14.893512725830078">
        <ele>515.46</ele>
      </trkpt>
      <trkpt lat="37.15492486953735" lon="14.893341064453125">
        <ele>516.21</ele>
      </trkpt>
      <trkpt lat="37.15483903884888" lon="14.893019199371338">
        <ele>517.02</ele>
      </trkpt>
      <trkpt lat="37.15479168109596" lon="14.892705297097564">
        <ele>517.85</ele>
      </trkpt>
      <trkpt lat="37.15474440716207" lon="14.89239139482379">
        <ele>518.67</ele>
      </trkpt>
      <trkpt lat="37.15469713322818" lon="14.892077492550015">
        <ele>519.49</ele>
      </trkpt>
      <trkpt lat="37.154649775475264" lon="14.891763590276241">
        <ele>520.34</ele>
      </trkpt>
      <trkpt lat="37.154603004455566" lon="14.89145278930664">
        <ele>521.24</ele>
      </trkpt>
      <trkpt lat="37.15449554845691" lon="14.891202170401812">
        <ele>522.01</ele>
      </trkpt>
      <trkpt lat="37.15438817627728" lon="14.890951551496983">
        <ele>522.88</ele>
      </trkpt>
      <trkpt lat="37.15428113937378" lon="14.89070177078247">
        <ele>523.83</ele>
      </trkpt>
      <trkpt lat="37.154109477996826" lon="14.89048719406128">
        <ele>524.81</ele>
      </trkpt>
      <trkpt lat="37.153916358947754" lon="14.890272617340088">
        <ele>525.82</ele>
      </trkpt>
      <trkpt lat="37.1537446975708" lon="14.890165328979492">
        <ele>526.86</ele>
      </trkpt>
      <trkpt lat="37.153615951538086" lon="14.890143871307373">
        <ele>527.95</ele>
      </trkpt>
      <trkpt lat="37.15346574783325" lon="14.890165328979492">
        <ele>529.07</ele>
      </trkpt>
      <trkpt lat="37.153401374816895" lon="14.89022970199585">
        <ele>530.17</ele>
      </trkpt>
      <trkpt lat="37.15315477922559" lon="14.890433298423886">
        <ele>531.27</ele>
      </trkpt>
      <trkpt lat="37.152907848358154" lon="14.890637397766113">
        <ele>532.47</ele>
      </trkpt>
      <trkpt lat="37.15277910232544" lon="14.89070177078247">
        <ele>533.66</ele>
      </trkpt>
      <trkpt lat="37.152607440948486" lon="14.890680313110352">
        <ele>534.91</ele>
      </trkpt>
      <trkpt lat="37.15250015258789" lon="14.890615940093994">
        <ele>536.12</ele>
      </trkpt>
      <trkpt lat="37.15239278040826" lon="14.890465652570128">
        <ele>537.34</ele>
      </trkpt>
      <trkpt lat="37.1522855758667" lon="14.890315532684326">
        <ele>538.49</ele>
      </trkpt>
      <trkpt lat="37.152135372161865" lon="14.88997220993042">
        <ele>539.71</ele>
      </trkpt>
      <trkpt lat="37.15204954147339" lon="14.88971471786499">
        <ele>540.94</ele>
      </trkpt>
      <trkpt lat="37.15200670994818" lon="14.88947868347168">
        <ele>542.19</ele>
      </trkpt>
      <trkpt lat="37.15196362696588" lon="14.889199147000909">
        <ele>543.4</ele>
      </trkpt>
      <trkpt lat="37.151920795440674" lon="14.888920783996582">
        <ele>544.59</ele>
      </trkpt>
      <trkpt lat="37.151856422424316" lon="14.88872766494751">
        <ele>545.76</ele>
      </trkpt>
      <trkpt lat="37.15174913406372" lon="14.888577377423644">
        <ele>546.92</ele>
      </trkpt>
      <trkpt lat="37.15164192952216" lon="14.888427257537842">
        <ele>548.06</ele>
      </trkpt>
      <trkpt lat="37.15153455734253" lon="14.888362884521484">
        <ele>549.14</ele>
      </trkpt>
      <trkpt lat="37.15134143829346" lon="14.888362884521484">
        <ele>550.12</ele>
      </trkpt>
      <trkpt lat="37.15108444914222" lon="14.888384258374572">
        <ele>551.13</ele>
      </trkpt>
      <trkpt lat="37.15082754381001" lon="14.88840563222766">
        <ele>552.17</ele>
      </trkpt>
      <trkpt lat="37.15056896209717" lon="14.888427257537842">
        <ele>553.2</ele>
      </trkpt>
      <trkpt lat="37.150418758392334" lon="14.888427257537842">
        <ele>554.16</ele>
      </trkpt>
      <trkpt lat="37.15022563934326" lon="14.888341426849365">
        <ele>555.09</ele>
      </trkpt>
      <trkpt lat="37.14995423331857" lon="14.888205723837018">
        <ele>556.01</ele>
      </trkpt>
      <trkpt lat="37.149682911112905" lon="14.88807002082467">
        <ele>556.88</ele>
      </trkpt>
      <trkpt lat="37.149410247802734" lon="14.887933731079102">
        <ele>557.8</ele>
      </trkpt>
      <trkpt lat="37.14923858642578" lon="14.887783527374268">
        <ele>558.68</ele>
      </trkpt>
      <trkpt lat="37.149074049666524" lon="14.887568866834044">
        <ele>559.55</ele>
      </trkpt>
      <trkpt lat="37.1489095967263" lon="14.887354290112853">
        <ele>560.37</ele>
      </trkpt>
      <trkpt lat="37.14874514378607" lon="14.887139797210693">
        <ele>561.11</ele>
      </trkpt>
      <trkpt lat="37.148680686950684" lon="14.887053966522217">
        <ele>561.81</ele>
      </trkpt>
      <trkpt lat="37.148552024737" lon="14.886882305145264">
        <ele>562.48</ele>
      </trkpt>
      <trkpt lat="37.148466194048524" lon="14.886775016784668">
        <ele>563.14</ele>
      </trkpt>
      <trkpt lat="37.14831582270563" lon="14.886485086753964">
        <ele>563.82</ele>
      </trkpt>
      <trkpt lat="37.148165786638856" lon="14.886195659637451">
        <ele>564.39</ele>
      </trkpt>
      <trkpt lat="37.14801549911499" lon="14.886002540588379">
        <ele>564.88</ele>
      </trkpt>
      <trkpt lat="37.14782246388495" lon="14.885852336883545">
        <ele>565.43</ele>
      </trkpt>
      <trkpt lat="37.14759196154773" lon="14.885659385472536">
        <ele>566.02</ele>
      </trkpt>
      <trkpt lat="37.147361459210515" lon="14.885466434061527">
        <ele>566.66</ele>
      </trkpt>
      <trkpt lat="37.1471309568733" lon="14.885273482650518">
        <ele>567.32</ele>
      </trkpt>
      <trkpt lat="37.146899700164795" lon="14.885079860687256">
        <ele>567.92</ele>
      </trkpt>
      <trkpt lat="37.14670658111572" lon="14.88497257232666">
        <ele>568.52</ele>
      </trkpt>
      <trkpt lat="37.14650306850672" lon="14.884908283129334">
        <ele>569.13</ele>
      </trkpt>
      <trkpt lat="37.14629888534546" lon="14.884843826293945">
        <ele>569.77</ele>
      </trkpt>
      <trkpt lat="37.14614876545966" lon="14.88473653793335">
        <ele>570.44</ele>
      </trkpt>
      <trkpt lat="37.14604139328003" lon="14.884564876556396">
        <ele>571.1</ele>
      </trkpt>
      <trkpt lat="37.14595003053546" lon="14.884290872141719">
        <ele>571.78</ele>
      </trkpt>
      <trkpt lat="37.14585866779089" lon="14.884016867727041">
        <ele>572.48</ele>
      </trkpt>
      <trkpt lat="37.14576738886535" lon="14.883742863312364">
        <ele>573.15</ele>
      </trkpt>
      <trkpt lat="37.145676612854004" lon="14.88347053527832">
        <ele>573.88</ele>
      </trkpt>
      <trkpt lat="37.14559078216553" lon="14.883320331573486">
        <ele>574.59</ele>
      </trkpt>
      <trkpt lat="37.14546203613281" lon="14.883170127868652">
        <ele>575.33</ele>
      </trkpt>
      <trkpt lat="37.14529045857489" lon="14.88303073681891">
        <ele>576.08</ele>
      </trkpt>
      <trkpt lat="37.145118713378906" lon="14.882891178131104">
        <ele>576.85</ele>
      </trkpt>
      <trkpt lat="37.14494705200195" lon="14.88274097442627">
        <ele>577.62</ele>
      </trkpt>
      <trkpt lat="37.144696936011314" lon="14.882533689960837">
        <ele>578.53</ele>
      </trkpt>
      <trkpt lat="37.144446820020676" lon="14.882326489314437">
        <ele>579.48</ele>
      </trkpt>
      <trkpt lat="37.14419603347778" lon="14.882118701934814">
        <ele>580.48</ele>
      </trkpt>
      <trkpt lat="37.144131660461426" lon="14.882032871246338">
        <ele>581.38</ele>
      </trkpt>
      <trkpt lat="37.144056390970945" lon="14.881731877103448">
        <ele>582.26</ele>
      </trkpt>
      <trkpt lat="37.14398145675659" lon="14.881432056427002">
        <ele>583.22</ele>
      </trkpt>
      <trkpt lat="37.1439706441015" lon="14.88108797930181">
        <ele>584.15</ele>
      </trkpt>
      <trkpt lat="37.14395999908447" lon="14.88074541091919">
        <ele>584.99</ele>
      </trkpt>
      <trkpt lat="37.143895626068115" lon="14.880509376525879">
        <ele>585.93</ele>
      </trkpt>
      <trkpt lat="37.14374542236328" lon="14.880273342132568">
        <ele>587.01</ele>
      </trkpt>
      <trkpt lat="37.14358457364142" lon="14.880112493410707">
        <ele>588.16</ele>
      </trkpt>
      <trkpt lat="37.143423557281494" lon="14.879951477050781">
        <ele>589.29</ele>
      </trkpt>
      <trkpt lat="37.14318785816431" lon="14.87983362749219">
        <ele>590.51</ele>
      </trkpt>
      <trkpt lat="37.14295148849487" lon="14.87971544265747">
        <ele>591.71</ele>
      </trkpt>
      <trkpt lat="37.142786951735616" lon="14.879522323608398">
        <ele>592.86</ele>
      </trkpt>
      <trkpt lat="37.14262249879539" lon="14.879329204559326">
        <ele>594.15</ele>
      </trkpt>
      <trkpt lat="37.14245796203613" lon="14.879136085510254">
        <ele>595.47</ele>
      </trkpt>
      <trkpt lat="37.142222011461854" lon="14.878910863772035">
        <ele>596.76</ele>
      </trkpt>
      <trkpt lat="37.14198589324951" lon="14.878685474395752">
        <ele>598.1</ele>
      </trkpt>
      <trkpt lat="37.141900062561035" lon="14.878535270690918">
        <ele>599.48</ele>
      </trkpt>
      <trkpt lat="37.141814064234495" lon="14.87824508920312">
        <ele>600.89</ele>
      </trkpt>
      <trkpt lat="37.14172840118408" lon="14.877955913543701">
        <ele>602.26</ele>
      </trkpt>
      <trkpt lat="37.14160669595003" lon="14.877733960747719">
        <ele>603.65</ele>
      </trkpt>
      <trkpt lat="37.14148499071598" lon="14.877512091770768">
        <ele>605.05</ele>
      </trkpt>
      <trkpt lat="37.14136362075806" lon="14.877290725708008">
        <ele>606.5</ele>
      </trkpt>
      <trkpt lat="37.14112775400281" lon="14.877076232805848">
        <ele>608.05</ele>
      </trkpt>
      <trkpt lat="37.14089188724756" lon="14.87686182372272">
        <ele>609.64</ele>
      </trkpt>
      <trkpt lat="37.140655517578125" lon="14.876646995544434">
        <ele>611.26</ele>
      </trkpt>
      <trkpt lat="37.14050514623523" lon="14.87638933584094">
        <ele>612.81</ele>
      </trkpt>
      <trkpt lat="37.14035511016846" lon="14.876132011413574">
        <ele>614.35</ele>
      </trkpt>
      <trkpt lat="37.14012804441154" lon="14.875883487984538">
        <ele>615.91</ele>
      </trkpt>
      <trkpt lat="37.139901062473655" lon="14.875635048374534">
        <ele>617.5</ele>
      </trkpt>
      <trkpt lat="37.13967399671674" lon="14.875386524945498">
        <ele>619.14</ele>
      </trkpt>
      <trkpt lat="37.13944701477885" lon="14.875138085335493">
        <ele>620.74</ele>
      </trkpt>
      <trkpt lat="37.13922003284097" lon="14.874889645725489">
        <ele>622.32</ele>
      </trkpt>
      <trkpt lat="37.13899296708405" lon="14.874641122296453">
        <ele>623.91</ele>
      </trkpt>
      <trkpt lat="37.138765985146165" lon="14.874392682686448">
        <ele>625.46</ele>
      </trkpt>
      <trkpt lat="37.13853900320828" lon="14.874144243076444">
        <ele>627.02</ele>
      </trkpt>
      <trkpt lat="37.13831193745136" lon="14.873895719647408">
        <ele>628.64</ele>
      </trkpt>
      <trkpt lat="37.13808495551348" lon="14.873647280037403">
        <ele>630.22</ele>
      </trkpt>
      <trkpt lat="37.13785797357559" lon="14.873398840427399">
        <ele>631.68</ele>
      </trkpt>
      <trkpt lat="37.137629985809326" lon="14.873149394989014">
        <ele>633.18</ele>
      </trkpt>
      <trkpt lat="37.13750123977661" lon="14.872934818267822">
        <ele>634.75</ele>
      </trkpt>
      <trkpt lat="37.13742597028613" lon="14.872698364779353">
        <ele>636.19</ele>
      </trkpt>
      <trkpt lat="37.13735103607178" lon="14.872462749481201">
        <ele>637.55</ele>
      </trkpt>
      <trkpt lat="37.13720083236694" lon="14.872312545776367">
        <ele>638.99</ele>
      </trkpt>
      <trkpt lat="37.13705062866211" lon="14.872162342071533">
        <ele>640.4</ele>
      </trkpt>
      <trkpt lat="37.13693252764642" lon="14.872001325711608">
        <ele>641.78</ele>
      </trkpt>
      <trkpt lat="37.1368145942688" lon="14.871840476989746">
        <ele>643.21</ele>
      </trkpt>
      <trkpt lat="37.136677047237754" lon="14.871535459533334">
        <ele>644.63</ele>
      </trkpt>
      <trkpt lat="37.13653958402574" lon="14.871230442076921">
        <ele>646.0</ele>
      </trkpt>
      <trkpt lat="37.13640212081373" lon="14.87092542462051">
        <ele>647.38</ele>
      </trkpt>
      <trkpt lat="37.136264657601714" lon="14.870620407164097">
        <ele>648.71</ele>
      </trkpt>
      <trkpt lat="37.136127948760986" lon="14.870316982269287">
        <ele>650.08</ele>
      </trkpt>
      <trkpt lat="37.13604211807251" lon="14.870166778564453">
        <ele>651.41</ele>
      </trkpt>
      <trkpt lat="37.135891914367676" lon="14.8699951171875">
        <ele>652.69</ele>
      </trkpt>
      <trkpt lat="37.13564188219607" lon="14.86982362344861">
        <ele>653.95</ele>
      </trkpt>
      <trkpt lat="37.13539185002446" lon="14.869652213528752">
        <ele>655.28</ele>
      </trkpt>
      <trkpt lat="37.135140895843506" lon="14.86948013305664">
        <ele>656.75</ele>
      </trkpt>
      <trkpt lat="37.13505506515503" lon="14.869394302368164">
        <ele>658.08</ele>
      </trkpt>
      <trkpt lat="37.13492615148425" lon="14.86909355968237">
        <ele>659.33</ele>
      </trkpt>
      <trkpt lat="37.1347975730896" lon="14.868793487548828">
        <ele>660.54</ele>
      </trkpt>
      <trkpt lat="37.134647285565734" lon="14.868568098172545">
        <ele>661.79</ele>
      </trkpt>
      <trkpt lat="37.13449716567993" lon="14.868342876434326">
        <ele>663.0</ele>
      </trkpt>
      <trkpt lat="37.13429876603186" lon="14.868149841204286">
        <ele>664.27</ele>
      </trkpt>
      <trkpt lat="37.13410036638379" lon="14.867956805974245">
        <ele>665.52</ele>
      </trkpt>
      <trkpt lat="37.13390205055475" lon="14.867763854563236">
        <ele>666.86</ele>
      </trkpt>
      <trkpt lat="37.13370323181152" lon="14.867570400238037">
        <ele>668.19</ele>
      </trkpt>
      <trkpt lat="37.13355294428766" lon="14.867334198206663">
        <ele>669.37</ele>
      </trkpt>
      <trkpt lat="37.13340265676379" lon="14.86709807999432">
        <ele>670.62</ele>
      </trkpt>
      <trkpt lat="37.13325262069702" lon="14.866862297058105">
        <ele>671.88</ele>
      </trkpt>
      <trkpt lat="37.133166790008545" lon="14.866647720336914">
        <ele>673.08</ele>
      </trkpt>
      <trkpt lat="37.133102249354124" lon="14.866389725357294">
        <ele>674.28</ele>
      </trkpt>
      <trkpt lat="37.13303804397583" lon="14.866132736206055">
        <ele>675.54</ele>
      </trkpt>
      <trkpt lat="37.132930755615234" lon="14.865896701812744">
        <ele>676.78</ele>
      </trkpt>
      <trkpt lat="37.13284492492676" lon="14.865789413452148">
        <ele>677.98</ele>
      </trkpt>
      <trkpt lat="37.13258743286133" lon="14.865596294403076">
        <ele>679.24</ele>
      </trkpt>
      <trkpt lat="37.13250160217285" lon="14.865574836730957">
        <ele>680.41</ele>
      </trkpt>
      <trkpt lat="37.132437229156494" lon="14.865596294403076">
        <ele>681.57</ele>
      </trkpt>
      <trkpt lat="37.132415771484375" lon="14.865660667419434">
        <ele>682.73</ele>
      </trkpt>
      <trkpt lat="37.132437229156494" lon="14.86574649810791">
        <ele>683.88</ele>
      </trkpt>
      <trkpt lat="37.13260889053345" lon="14.86602553166449">
        <ele>685.04</ele>
      </trkpt>
      <trkpt lat="37.1327805519104" lon="14.866304397583008">
        <ele>686.05</ele>
      </trkpt>
      <trkpt lat="37.1327805519104" lon="14.866454601287842">
        <ele>687.19</ele>
      </trkpt>
      <trkpt lat="37.13273763656616" lon="14.86649751663208">
        <ele>688.37</ele>
      </trkpt>
      <trkpt lat="37.132673263549805" lon="14.866476058959961">
        <ele>689.56</ele>
      </trkpt>
      <trkpt lat="37.132458770647645" lon="14.866254357621074">
        <ele>690.74</ele>
      </trkpt>
      <trkpt lat="37.132244277745485" lon="14.866032740101218">
        <ele>691.87</ele>
      </trkpt>
      <trkpt lat="37.13202953338623" lon="14.865810871124268">
        <ele>693.02</ele>
      </trkpt>
      <trkpt lat="37.131922245025635" lon="14.865660667419434">
        <ele>694.15</ele>
      </trkpt>
      <trkpt lat="37.13183641433716" lon="14.8655104637146">
        <ele>695.27</ele>
      </trkpt>
      <trkpt lat="37.13180414400995" lon="14.865284655243158">
        <ele>696.28</ele>
      </trkpt>
      <trkpt lat="37.1317720413208" lon="14.865059852600098">
        <ele>697.3</ele>
      </trkpt>
      <trkpt lat="37.13170766830444" lon="14.864909648895264">
        <ele>698.4</ele>
      </trkpt>
      <trkpt lat="37.13154665194452" lon="14.864641260355711">
        <ele>699.61</ele>
      </trkpt>
      <trkpt lat="37.131385803222656" lon="14.864373207092285">
        <ele>700.87</ele>
      </trkpt>
      <trkpt lat="37.13129997253418" lon="14.86400842666626">
        <ele>701.98</ele>
      </trkpt>
      <trkpt lat="37.13118178769946" lon="14.863729141652584">
        <ele>703.16</ele>
      </trkpt>
      <trkpt lat="37.13106393814087" lon="14.863450527191162">
        <ele>704.38</ele>
      </trkpt>
      <trkpt lat="37.13099956512451" lon="14.863193035125732">
        <ele>705.51</ele>
      </trkpt>
      <trkpt lat="37.13096369057894" lon="14.862870499491692">
        <ele>706.63</ele>
      </trkpt>
      <trkpt lat="37.13092781603336" lon="14.86254796385765">
        <ele>707.75</ele>
      </trkpt>
      <trkpt lat="37.130892276763916" lon="14.862227439880371">
        <ele>708.88</ele>
      </trkpt>
      <trkpt lat="37.13080636225641" lon="14.862044798210263">
        <ele>710.02</ele>
      </trkpt>
      <trkpt lat="37.13072061538696" lon="14.861862659454346">
        <ele>711.23</ele>
      </trkpt>
      <trkpt lat="37.130699157714844" lon="14.861648082733154">
        <ele>712.37</ele>
      </trkpt>
      <trkpt lat="37.130699157714844" lon="14.861326217651367">
        <ele>713.48</ele>
      </trkpt>
      <trkpt lat="37.13078498840332" lon="14.861133098602295">
        <ele>714.49</ele>
      </trkpt>
      <trkpt lat="37.13097810745239" lon="14.860918521881104">
        <ele>715.38</ele>
      </trkpt>
      <trkpt lat="37.13102102279663" lon="14.860789775848389">
        <ele>716.34</ele>
      </trkpt>
      <trkpt lat="37.13102102279663" lon="14.860618114471436">
        <ele>717.36</ele>
      </trkpt>
      <trkpt lat="37.130913650617" lon="14.86045709811151">
        <ele>718.58</ele>
      </trkpt>
      <trkpt lat="37.13080644607544" lon="14.860296249389648">
        <ele>719.82</ele>
      </trkpt>
      <trkpt lat="37.13073117658496" lon="14.85996306873858">
        <ele>720.98</ele>
      </trkpt>
      <trkpt lat="37.130656242370605" lon="14.859631061553955">
        <ele>722.07</ele>
      </trkpt>
      <trkpt lat="37.1305703278631" lon="14.859416149556637">
        <ele>723.28</ele>
      </trkpt>
      <trkpt lat="37.130484664812684" lon="14.859201908111572">
        <ele>724.52</ele>
      </trkpt>
      <trkpt lat="37.13048458099365" lon="14.859201908111572">
        <ele>725.63</ele>
      </trkpt>
      <trkpt lat="37.13037729263306" lon="14.8590087890625">
        <ele>726.86</ele>
      </trkpt>
      <trkpt lat="37.13031996041536" lon="14.858679128810763">
        <ele>727.92</ele>
      </trkpt>
      <trkpt lat="37.13026262819767" lon="14.858349468559027">
        <ele>728.97</ele>
      </trkpt>
      <trkpt lat="37.1302056312561" lon="14.85802173614502">
        <ele>729.96</ele>
      </trkpt>
      <trkpt lat="37.13011980056763" lon="14.857871532440186">
        <ele>731.13</ele>
      </trkpt>
      <trkpt lat="37.129883766174316" lon="14.85774278640747">
        <ele>732.56</ele>
      </trkpt>
      <trkpt lat="37.12972308509052" lon="14.857785534113646">
        <ele>733.89</ele>
      </trkpt>
      <trkpt lat="37.12956190109253" lon="14.857828617095947">
        <ele>735.19</ele>
      </trkpt>
      <trkpt lat="37.129433155059814" lon="14.857807159423828">
        <ele>736.47</ele>
      </trkpt>
      <trkpt lat="37.12932586669922" lon="14.85774278640747">
        <ele>737.72</ele>
      </trkpt>
      <trkpt lat="37.12926149368286" lon="14.857635498046875">
        <ele>738.96</ele>
      </trkpt>
      <trkpt lat="37.12923995219171" lon="14.857280692085624">
        <ele>740.01</ele>
      </trkpt>
      <trkpt lat="37.12921857833862" lon="14.856927394866943">
        <ele>741.1</ele>
      </trkpt>
      <trkpt lat="37.1291542891413" lon="14.856734275817871">
        <ele>742.31</ele>
      </trkpt>
      <trkpt lat="37.129154205322266" lon="14.856734275817871">
        <ele>743.43</ele>
      </trkpt>
      <trkpt lat="37.12900400161743" lon="14.856390953063965">
        <ele>744.61</ele>
      </trkpt>
      <trkpt lat="37.12895018979907" lon="14.856154499575496">
        <ele>745.68</ele>
      </trkpt>
      <trkpt lat="37.128896713256836" lon="14.855918884277344">
        <ele>746.83</ele>
      </trkpt>
      <trkpt lat="37.128832172602415" lon="14.855564162135124">
        <ele>748.06</ele>
      </trkpt>
      <trkpt lat="37.128767715767026" lon="14.855209439992905">
        <ele>749.38</ele>
      </trkpt>
      <trkpt lat="37.128703175112605" lon="14.854854717850685">
        <ele>750.46</ele>
      </trkpt>
      <trkpt lat="37.128639221191406" lon="14.85450267791748">
        <ele>751.35</ele>
      </trkpt>
      <trkpt lat="37.12857484817505" lon="14.854438304901123">
        <ele>752.49</ele>
      </trkpt>
      <trkpt lat="37.12851047515869" lon="14.854438304901123">
        <ele>753.71</ele>
      </trkpt>
      <trkpt lat="37.12846755981445" lon="14.85450267791748">
        <ele>754.98</ele>
      </trkpt>
      <trkpt lat="37.12848901748657" lon="14.854631423950195">
        <ele>756.21</ele>
      </trkpt>
      <trkpt lat="37.128524808213115" lon="14.855004083365202">
        <ele>757.57</ele>
      </trkpt>
      <trkpt lat="37.12856068275869" lon="14.855376742780209">
        <ele>758.66</ele>
      </trkpt>
      <trkpt lat="37.12859630584717" lon="14.85574722290039">
        <ele>759.74</ele>
      </trkpt>
      <trkpt lat="37.12859630584717" lon="14.855875968933105">
        <ele>760.96</ele>
      </trkpt>
      <trkpt lat="37.12846755981445" lon="14.856197834014893">
        <ele>762.36</ele>
      </trkpt>
      <trkpt lat="37.12846755981445" lon="14.856369495391846">
        <ele>763.5</ele>
      </trkpt>
      <trkpt lat="37.12856420315802" lon="14.85659496858716">
        <ele>764.59</ele>
      </trkpt>
      <trkpt lat="37.128660678863525" lon="14.856820106506348">
        <ele>765.71</ele>
      </trkpt>
      <trkpt lat="37.128703594207764" lon="14.8569917678833">
        <ele>766.86</ele>
      </trkpt>
      <trkpt lat="37.12869068607688" lon="14.85737876035273">
        <ele>768.08</ele>
      </trkpt>
      <trkpt lat="37.128677777945995" lon="14.85776575282216">
        <ele>769.17</ele>
      </trkpt>
      <trkpt lat="37.12866486981511" lon="14.858152829110622">
        <ele>770.37</ele>
      </trkpt>
      <trkpt lat="37.12865196168423" lon="14.858539821580052">
        <ele>771.57</ele>
      </trkpt>
      <trkpt lat="37.128639221191406" lon="14.858922958374023">
        <ele>772.75</ele>
      </trkpt>
      <trkpt lat="37.128682136535645" lon="14.859180450439453">
        <ele>773.91</ele>
      </trkpt>
      <trkpt lat="37.128703594207764" lon="14.859309196472168">
        <ele>775.0</ele>
      </trkpt>
      <trkpt lat="37.12876796722412" lon="14.859373569488525">
        <ele>776.07</ele>
      </trkpt>
      <trkpt lat="37.12890727445483" lon="14.859480690211058">
        <ele>777.11</ele>
      </trkpt>
      <trkpt lat="37.12904691696167" lon="14.859588146209717">
        <ele>778.16</ele>
      </trkpt>
      <trkpt lat="37.129100644961" lon="14.859921326860785">
        <ele>779.41</ele>
      </trkpt>
      <trkpt lat="37.129154205322266" lon="14.86025333404541">
        <ele>780.59</ele>
      </trkpt>
      <trkpt lat="37.12908983230591" lon="14.860424995422363">
        <ele>781.89</ele>
      </trkpt>
      <trkpt lat="37.12902545928955" lon="14.860424995422363">
        <ele>783.1</ele>
      </trkpt>
      <trkpt lat="37.12875757366419" lon="14.860274959355593">
        <ele>784.4</ele>
      </trkpt>
      <trkpt lat="37.12848901748657" lon="14.860124588012695">
        <ele>785.67</ele>
      </trkpt>
      <trkpt lat="37.12831735610962" lon="14.8600172996521">
        <ele>787.07</ele>
      </trkpt>
      <trkpt lat="37.12825298309326" lon="14.859910011291504">
        <ele>788.36</ele>
      </trkpt>
      <trkpt lat="37.12823152542114" lon="14.859802722930908">
        <ele>789.6</ele>
      </trkpt>
      <trkpt lat="37.12822607718408" lon="14.859442552551627">
        <ele>790.83</ele>
      </trkpt>
      <trkpt lat="37.12822071276605" lon="14.859082382172346">
        <ele>792.17</ele>
      </trkpt>
      <trkpt lat="37.12821534834802" lon="14.858722211793065">
        <ele>793.4</ele>
      </trkpt>
      <trkpt lat="37.12821006774902" lon="14.858365058898926">
        <ele>794.53</ele>
      </trkpt>
      <trkpt lat="37.128188610076904" lon="14.858193397521973">
        <ele>795.81</ele>
      </trkpt>
      <trkpt lat="37.12812423706055" lon="14.858064651489258">
        <ele>797.16</ele>
      </trkpt>
      <trkpt lat="37.12801694869995" lon="14.857914447784424">
        <ele>798.56</ele>
      </trkpt>
      <trkpt lat="37.12782391346991" lon="14.857735745608807">
        <ele>800.03</ele>
      </trkpt>
      <trkpt lat="37.1276309620589" lon="14.85755704343319">
        <ele>801.46</ele>
      </trkpt>
      <trkpt lat="37.127437591552734" lon="14.857378005981445">
        <ele>802.86</ele>
      </trkpt>
      <trkpt lat="37.12720180861652" lon="14.857217241078615">
        <ele>804.25</ele>
      </trkpt>
      <trkpt lat="37.126965606585145" lon="14.857056140899658">
        <ele>805.61</ele>
      </trkpt>
      <trkpt lat="37.12674055248499" lon="14.856916833668947">
        <ele>807.03</ele>
      </trkpt>
      <trkpt lat="37.12651491165161" lon="14.85677719116211">
        <ele>808.5</ele>
      </trkpt>
      <trkpt lat="37.126268399879336" lon="14.85660569742322">
        <ele>809.98</ele>
      </trkpt>
      <trkpt lat="37.12602138519287" lon="14.856433868408203">
        <ele>811.36</ele>
      </trkpt>
      <trkpt lat="37.12588199414313" lon="14.85632666386664">
        <ele>812.85</ele>
      </trkpt>
      <trkpt lat="37.12574243545532" lon="14.856219291687012">
        <ele>814.34</ele>
      </trkpt>
      <trkpt lat="37.125699520111084" lon="14.856112003326416">
        <ele>815.76</ele>
      </trkpt>
      <trkpt lat="37.12561368942261" lon="14.855833053588867">
        <ele>817.28</ele>
      </trkpt>
      <trkpt lat="37.12559223175049" lon="14.855468273162842">
        <ele>818.88</ele>
      </trkpt>
      <trkpt lat="37.12563514709473" lon="14.855296611785889">
        <ele>820.22</ele>
      </trkpt>
      <trkpt lat="37.125759702175856" lon="14.855004418641329">
        <ele>821.46</ele>
      </trkpt>
      <trkpt lat="37.125884257256985" lon="14.8547123093158">
        <ele>822.68</ele>
      </trkpt>
      <trkpt lat="37.126008896157146" lon="14.85442011617124">
        <ele>823.94</ele>
      </trkpt>
      <trkpt lat="37.126133451238275" lon="14.854128006845713">
        <ele>825.34</ele>
      </trkpt>
      <trkpt lat="37.12625741958618" lon="14.853837490081787">
        <ele>826.73</ele>
      </trkpt>
      <trkpt lat="37.12634325027466" lon="14.853622913360596">
        <ele>827.98</ele>
      </trkpt>
      <trkpt lat="37.12632179260254" lon="14.85353708267212">
        <ele>829.38</ele>
      </trkpt>
      <trkpt lat="37.12630033493042" lon="14.85349416732788">
        <ele>830.76</ele>
      </trkpt>
      <trkpt lat="37.126193046569824" lon="14.853429794311523">
        <ele>832.18</ele>
      </trkpt>
      <trkpt lat="37.12602138519287" lon="14.853451251983643">
        <ele>833.58</ele>
      </trkpt>
      <trkpt lat="37.12586053647101" lon="14.853590559214354">
        <ele>834.88</ele>
      </trkpt>
      <trkpt lat="37.125699520111084" lon="14.853730201721191">
        <ele>836.32</ele>
      </trkpt>
      <trkpt lat="37.12548494338989" lon="14.853880405426025">
        <ele>837.79</ele>
      </trkpt>
      <trkpt lat="37.12535619735718" lon="14.853966236114502">
        <ele>839.22</ele>
      </trkpt>
      <trkpt lat="37.12522745132446" lon="14.85400915145874">
        <ele>840.64</ele>
      </trkpt>
      <trkpt lat="37.12500256486237" lon="14.854019796475768">
        <ele>841.96</ele>
      </trkpt>
      <trkpt lat="37.12477684020996" lon="14.85403060913086">
        <ele>843.22</ele>
      </trkpt>
      <trkpt lat="37.124648094177246" lon="14.854202270507812">
        <ele>844.72</ele>
      </trkpt>
      <trkpt lat="37.12458372116089" lon="14.854331016540527">
        <ele>846.22</ele>
      </trkpt>
      <trkpt lat="37.124433517456055" lon="14.854674339294434">
        <ele>847.9</ele>
      </trkpt>
      <trkpt lat="37.12428331375122" lon="14.854835188016295">
        <ele>849.32</ele>
      </trkpt>
      <trkpt lat="37.12413311004639" lon="14.85499620437622">
        <ele>850.82</ele>
      </trkpt>
      <trkpt lat="37.12400436401367" lon="14.855189323425293">
        <ele>852.39</ele>
      </trkpt>
      <trkpt lat="37.123982990160584" lon="14.855296611785889">
        <ele>853.9</ele>
      </trkpt>
      <trkpt lat="37.12424039840698" lon="14.855103492736816">
        <ele>855.24</ele>
      </trkpt>
      <trkpt lat="37.12450803257525" lon="14.855007100850344">
        <ele>856.66</ele>
      </trkpt>
      <trkpt lat="37.12477684020996" lon="14.854910373687744">
        <ele>858.1</ele>
      </trkpt>
      <trkpt lat="37.12488412857056" lon="14.854931831359863">
        <ele>859.49</ele>
      </trkpt>
      <trkpt lat="37.124948501586914" lon="14.85501766204834">
        <ele>860.84</ele>
      </trkpt>
      <trkpt lat="37.124927043914795" lon="14.855124950408936">
        <ele>862.23</ele>
      </trkpt>
      <trkpt lat="37.12475538253784" lon="14.855382442474365">
        <ele>863.64</ele>
      </trkpt>
      <trkpt lat="37.12458900175989" lon="14.855629205703735">
        <ele>865.17</ele>
      </trkpt>
      <trkpt lat="37.12442262098193" lon="14.855876052752137">
        <ele>866.58</ele>
      </trkpt>
      <trkpt lat="37.12425632402301" lon="14.856122899800539">
        <ele>868.03</ele>
      </trkpt>
      <trkpt lat="37.12409019470215" lon="14.856369495391846">
        <ele>869.49</ele>
      </trkpt>
      <trkpt lat="37.123939990997314" lon="14.856626987457275">
        <ele>870.85</ele>
      </trkpt>
      <trkpt lat="37.123897075653076" lon="14.856734275817871">
        <ele>872.16</ele>
      </trkpt>
      <trkpt lat="37.123897075653076" lon="14.85700299963355">
        <ele>873.44</ele>
      </trkpt>
      <trkpt lat="37.12389715947211" lon="14.85727071762085">
        <ele>874.73</ele>
      </trkpt>
      <trkpt lat="37.12391861714423" lon="14.85757171176374">
        <ele>875.96</ele>
      </trkpt>
      <trkpt lat="37.123940074816346" lon="14.85787270590663">
        <ele>877.18</ele>
      </trkpt>
      <trkpt lat="37.123961448669434" lon="14.858171939849854">
        <ele>878.4</ele>
      </trkpt>
      <trkpt lat="37.123961448669434" lon="14.858365058898926">
        <ele>879.6</ele>
      </trkpt>
      <trkpt lat="37.123897075653076" lon="14.858429431915283">
        <ele>880.71</ele>
      </trkpt>
      <trkpt lat="37.123703956604004" lon="14.858322143554688">
        <ele>881.83</ele>
      </trkpt>
      <trkpt lat="37.12349658831954" lon="14.858086109161377">
        <ele>882.94</ele>
      </trkpt>
      <trkpt lat="37.123289220035076" lon="14.857850158587098">
        <ele>883.94</ele>
      </trkpt>
      <trkpt lat="37.12308168411255" lon="14.857614040374756">
        <ele>884.92</ele>
      </trkpt>
      <trkpt lat="37.122910022735596" lon="14.857404828071594">
        <ele>885.9</ele>
      </trkpt>
      <trkpt lat="37.122738445177674" lon="14.857195615768433">
        <ele>886.86</ele>
      </trkpt>
      <trkpt lat="37.12256678380072" lon="14.856986403465271">
        <ele>887.78</ele>
      </trkpt>
      <trkpt lat="37.12239512242377" lon="14.85677719116211">
        <ele>888.67</ele>
      </trkpt>
      <trkpt lat="37.12218054570258" lon="14.856541156768799">
        <ele>889.5</ele>
      </trkpt>
      <trkpt lat="37.121955240145326" lon="14.85629447735846">
        <ele>890.32</ele>
      </trkpt>
      <trkpt lat="37.12172985076904" lon="14.856047630310059">
        <ele>891.11</ele>
      </trkpt>
      <trkpt lat="37.1214887034148" lon="14.855876136571169">
        <ele>891.89</ele>
      </trkpt>
      <trkpt lat="37.12124755606055" lon="14.85570464283228">
        <ele>892.7</ele>
      </trkpt>
      <trkpt lat="37.12100649252534" lon="14.855533232912421">
        <ele>893.51</ele>
      </trkpt>
      <trkpt lat="37.12076425552368" lon="14.855360984802246">
        <ele>894.31</ele>
      </trkpt>
      <trkpt lat="37.120646154507995" lon="14.85516769811511">
        <ele>895.04</ele>
      </trkpt>
      <trkpt lat="37.12052822113037" lon="14.854974746704102">
        <ele>895.75</ele>
      </trkpt>
      <trkpt lat="37.120442474260926" lon="14.854803085327148">
        <ele>896.46</ele>
      </trkpt>
      <trkpt lat="37.1203351020813" lon="14.854588508605957">
        <ele>897.16</ele>
      </trkpt>
      <trkpt lat="37.120184898376465" lon="14.85426664352417">
        <ele>897.86</ele>
      </trkpt>
      <trkpt lat="37.1201849821955" lon="14.85426664352417">
        <ele>898.55</ele>
      </trkpt>
      <trkpt lat="37.12009898386896" lon="14.854062544181943">
        <ele>899.26</ele>
      </trkpt>
      <trkpt lat="37.12001323699951" lon="14.853858947753906">
        <ele>899.97</ele>
      </trkpt>
      <trkpt lat="37.119948863983154" lon="14.853644371032715">
        <ele>900.7</ele>
      </trkpt>
      <trkpt lat="37.119916593655944" lon="14.853289565071464">
        <ele>901.43</ele>
      </trkpt>
      <trkpt lat="37.1198844909668" lon="14.852936267852783">
        <ele>902.17</ele>
      </trkpt>
      <trkpt lat="37.11984861642122" lon="14.852556400001049">
        <ele>902.95</ele>
      </trkpt>
      <trkpt lat="37.11981274187565" lon="14.852176532149315">
        <ele>903.77</ele>
      </trkpt>
      <trkpt lat="37.1197772026062" lon="14.851799011230469">
        <ele>904.55</ele>
      </trkpt>
      <trkpt lat="37.11970344185829" lon="14.851464238017797">
        <ele>905.27</ele>
      </trkpt>
      <trkpt lat="37.119629764929414" lon="14.851129548624158">
        <ele>906.01</ele>
      </trkpt>
      <trkpt lat="37.119556088000536" lon="14.850794859230518">
        <ele>906.76</ele>
      </trkpt>
      <trkpt lat="37.11948241107166" lon="14.850460086017847">
        <ele>907.52</ele>
      </trkpt>
      <trkpt lat="37.11940865032375" lon="14.850125396624207">
        <ele>908.27</ele>
      </trkpt>
      <trkpt lat="37.11933497339487" lon="14.849790707230568">
        <ele>908.97</ele>
      </trkpt>
      <trkpt lat="37.11926221847534" lon="14.849460124969482">
        <ele>909.71</ele>
      </trkpt>
      <trkpt lat="37.119176387786865" lon="14.849224090576172">
        <ele>910.46</ele>
      </trkpt>
      <trkpt lat="37.11900464259088" lon="14.848983697593212">
        <ele>911.19</ele>
      </trkpt>
      <trkpt lat="37.11883298121393" lon="14.848743304610252">
        <ele>911.9</ele>
      </trkpt>
      <trkpt lat="37.118661319836974" lon="14.848502911627293">
        <ele>912.56</ele>
      </trkpt>
      <trkpt lat="37.11848957464099" lon="14.848262602463365">
        <ele>913.17</ele>
      </trkpt>
      <trkpt lat="37.1183180809021" lon="14.8480224609375">
        <ele>913.74</ele>
      </trkpt>
      <trkpt lat="37.118210792541504" lon="14.84776496887207">
        <ele>914.3</ele>
      </trkpt>
      <trkpt lat="37.11808900348842" lon="14.84740681014955">
        <ele>914.84</ele>
      </trkpt>
      <trkpt lat="37.11796729825437" lon="14.84704865142703">
        <ele>915.42</ele>
      </trkpt>
      <trkpt lat="37.11784609593451" lon="14.846692085266113">
        <ele>915.98</ele>
      </trkpt>
      <trkpt lat="37.11773872375488" lon="14.846434593200684">
        <ele>916.55</ele>
      </trkpt>
      <trkpt lat="37.11755977012217" lon="14.846122032031417">
        <ele>917.12</ele>
      </trkpt>
      <trkpt lat="37.11738081648946" lon="14.84580947086215">
        <ele>917.62</ele>
      </trkpt>
      <trkpt lat="37.11720194667578" lon="14.845496993511915">
        <ele>918.09</ele>
      </trkpt>
      <trkpt lat="37.117022993043065" lon="14.845184432342649">
        <ele>918.54</ele>
      </trkpt>
      <trkpt lat="37.11684403941035" lon="14.844871954992414">
        <ele>918.99</ele>
      </trkpt>
      <trkpt lat="37.11666516959667" lon="14.844559393823147">
        <ele>919.49</ele>
      </trkpt>
      <trkpt lat="37.11648621596396" lon="14.844246916472912">
        <ele>919.99</ele>
      </trkpt>
      <trkpt lat="37.11630734615028" lon="14.843934355303645">
        <ele>920.53</ele>
      </trkpt>
      <trkpt lat="37.11612939834595" lon="14.843623638153076">
        <ele>921.04</ele>
      </trkpt>
      <trkpt lat="37.11593619547784" lon="14.843351729214191">
        <ele>921.47</ele>
      </trkpt>
      <trkpt lat="37.11574307642877" lon="14.843079904094338">
        <ele>921.88</ele>
      </trkpt>
      <trkpt lat="37.11554987356067" lon="14.842808078974485">
        <ele>922.3</ele>
      </trkpt>
      <trkpt lat="37.115356754511595" lon="14.8425361700356">
        <ele>922.7</ele>
      </trkpt>
      <trkpt lat="37.11516363546252" lon="14.842264344915748">
        <ele>923.14</ele>
      </trkpt>
      <trkpt lat="37.114970684051514" lon="14.841992855072021">
        <ele>923.66</ele>
      </trkpt>
      <trkpt lat="37.114827604964375" lon="14.841792527586222">
        <ele>924.18</ele>
      </trkpt>
      <trkpt lat="37.11468452587724" lon="14.841592200100422">
        <ele>924.72</ele>
      </trkpt>
      <trkpt lat="37.11454161442816" lon="14.841392040252686">
        <ele>925.29</ele>
      </trkpt>
      <trkpt lat="37.11441286839545" lon="14.84104871749878">
        <ele>925.86</ele>
      </trkpt>
      <trkpt lat="37.11431966163218" lon="14.840805139392614">
        <ele>926.46</ele>
      </trkpt>
      <trkpt lat="37.114226538687944" lon="14.840561645105481">
        <ele>927.09</ele>
      </trkpt>
      <trkpt lat="37.11413383483887" lon="14.840319156646729">
        <ele>927.72</ele>
      </trkpt>
      <trkpt lat="37.11406946182251" lon="14.84001874923706">
        <ele>928.38</ele>
      </trkpt>
      <trkpt lat="37.11409091949463" lon="14.83976125717163">
        <ele>929.05</ele>
      </trkpt>
      <trkpt lat="37.11417683400214" lon="14.839410139247775">
        <ele>929.78</ele>
      </trkpt>
      <trkpt lat="37.11426283232868" lon="14.839059105142951">
        <ele>930.47</ele>
      </trkpt>
      <trkpt lat="37.11434841156006" lon="14.838709831237793">
        <ele>931.2</ele>
      </trkpt>
      <trkpt lat="37.11431966163218" lon="14.838415961712599">
        <ele>931.83</ele>
      </trkpt>
      <trkpt lat="37.11429099552333" lon="14.838122092187405">
        <ele>932.43</ele>
      </trkpt>
      <trkpt lat="37.11426258087158" lon="14.837830066680908">
        <ele>932.94</ele>
      </trkpt>
      <trkpt lat="37.114169374108315" lon="14.837514823302627">
        <ele>933.48</ele>
      </trkpt>
      <trkpt lat="37.11407625116408" lon="14.837199663743377">
        <ele>934.11</ele>
      </trkpt>
      <trkpt lat="37.11398363113403" lon="14.836885929107666">
        <ele>934.7</ele>
      </trkpt>
      <trkpt lat="37.11392981931567" lon="14.836520394310355">
        <ele>935.24</ele>
      </trkpt>
      <trkpt lat="37.11387634277344" lon="14.836156368255615">
        <ele>935.79</ele>
      </trkpt>
      <trkpt lat="37.11372597143054" lon="14.835825534537435">
        <ele>936.43</ele>
      </trkpt>
      <trkpt lat="37.11357560008764" lon="14.835494784638286">
        <ele>937.03</ele>
      </trkpt>
      <trkpt lat="37.11342531256378" lon="14.835163950920105">
        <ele>937.68</ele>
      </trkpt>
      <trkpt lat="37.11327494122088" lon="14.834833201020956">
        <ele>938.33</ele>
      </trkpt>
      <trkpt lat="37.1131254080683" lon="14.834504127502441">
        <ele>938.84</ele>
      </trkpt>
      <trkpt lat="37.11308240890503" lon="14.834139347076416">
        <ele>939.4</ele>
      </trkpt>
      <trkpt lat="37.11310386657715" lon="14.833903312683105">
        <ele>940.07</ele>
      </trkpt>
      <trkpt lat="37.11317544803023" lon="14.833616651594639">
        <ele>940.69</ele>
      </trkpt>
      <trkpt lat="37.11324711330235" lon="14.833330074325204">
        <ele>941.3</ele>
      </trkpt>
      <trkpt lat="37.11331844329834" lon="14.83304500579834">
        <ele>942.01</ele>
      </trkpt>
      <trkpt lat="37.11336135864258" lon="14.832701683044434">
        <ele>942.86</ele>
      </trkpt>
      <trkpt lat="37.11336144246161" lon="14.83253002166748">
        <ele>943.65</ele>
      </trkpt>
      <trkpt lat="37.11336135864258" lon="14.83253002166748">
        <ele>944.45</ele>
      </trkpt>
      <trkpt lat="37.11326471529901" lon="14.832272194325924">
        <ele>945.32</ele>
      </trkpt>
      <trkpt lat="37.11316832341254" lon="14.832015037536621">
        <ele>946.22</ele>
      </trkpt>
      <trkpt lat="37.113168239593506" lon="14.832015037536621">
        <ele>947.11</ele>
      </trkpt>
      <trkpt lat="37.11312532424927" lon="14.831693172454834">
        <ele>948.02</ele>
      </trkpt>
      <trkpt lat="37.11312532424927" lon="14.83154296875">
        <ele>949.01</ele>
      </trkpt>
      <trkpt lat="37.11323261260986" lon="14.831242561340332">
        <ele>950.05</ele>
      </trkpt>
      <trkpt lat="37.11339723318815" lon="14.830910805612803">
        <ele>951.17</ele>
      </trkpt>
      <trkpt lat="37.11356185376644" lon="14.830579133704305">
        <ele>952.29</ele>
      </trkpt>
      <trkpt lat="37.11372655816376" lon="14.830247461795807">
        <ele>953.39</ele>
      </trkpt>
      <trkpt lat="37.11389117874205" lon="14.829915789887309">
        <ele>954.53</ele>
      </trkpt>
      <trkpt lat="37.11405579932034" lon="14.829584117978811">
        <ele>955.64</ele>
      </trkpt>
      <trkpt lat="37.11422050371766" lon="14.829252446070313">
        <ele>956.8</ele>
      </trkpt>
      <trkpt lat="37.11438512429595" lon="14.828920774161816">
        <ele>957.92</ele>
      </trkpt>
      <trkpt lat="37.11454982869327" lon="14.828589018434286">
        <ele>959.05</ele>
      </trkpt>
      <trkpt lat="37.114713191986084" lon="14.828259944915771">
        <ele>960.16</ele>
      </trkpt>
      <trkpt lat="37.11478837765753" lon="14.828002033755183">
        <ele>961.22</ele>
      </trkpt>
      <trkpt lat="37.11486339569092" lon="14.827744960784912">
        <ele>962.3</ele>
      </trkpt>
      <trkpt lat="37.11487563326955" lon="14.827379425987601">
        <ele>963.39</ele>
      </trkpt>
      <trkpt lat="37.11488795466721" lon="14.82701389119029">
        <ele>964.45</ele>
      </trkpt>
      <trkpt lat="37.11490019224584" lon="14.82664835639298">
        <ele>965.42</ele>
      </trkpt>
      <trkpt lat="37.1149125136435" lon="14.826282821595669">
        <ele>966.33</ele>
      </trkpt>
      <trkpt lat="37.114924835041165" lon="14.825917286798358">
        <ele>967.28</ele>
      </trkpt>
      <trkpt lat="37.114937072619796" lon="14.825551752001047">
        <ele>968.19</ele>
      </trkpt>
      <trkpt lat="37.114949226379395" lon="14.825191497802734">
        <ele>969.09</ele>
      </trkpt>
      <trkpt lat="37.11488896049559" lon="14.82483459636569">
        <ele>970.01</ele>
      </trkpt>
      <trkpt lat="37.11482877843082" lon="14.824477694928646">
        <ele>970.82</ele>
      </trkpt>
      <trkpt lat="37.11476859636605" lon="14.824120877310634">
        <ele>971.56</ele>
      </trkpt>
      <trkpt lat="37.114708414301276" lon="14.82376397587359">
        <ele>972.22</ele>
      </trkpt>
      <trkpt lat="37.11464881896973" lon="14.823410511016846">
        <ele>972.88</ele>
      </trkpt>
      <trkpt lat="37.11462015286088" lon="14.823070038110018">
        <ele>973.58</ele>
      </trkpt>
      <trkpt lat="37.11459148675203" lon="14.82272956520319">
        <ele>974.22</ele>
      </trkpt>
      <trkpt lat="37.11456282064319" lon="14.822389176115394">
        <ele>974.77</ele>
      </trkpt>
      <trkpt lat="37.11453415453434" lon="14.822048703208566">
        <ele>975.22</ele>
      </trkpt>
      <trkpt lat="37.11450548842549" lon="14.82170831412077">
        <ele>975.56</ele>
      </trkpt>
      <trkpt lat="37.11447715759277" lon="14.821372032165527">
        <ele>975.88</ele>
      </trkpt>
      <trkpt lat="37.11445561610162" lon="14.821135494858027">
        <ele>976.11</ele>
      </trkpt>
      <trkpt lat="37.114434242248535" lon="14.820899963378906">
        <ele>976.25</ele>
      </trkpt>
      <trkpt lat="37.114444971084595" lon="14.820674154907465">
        <ele>976.24</ele>
      </trkpt>
      <trkpt lat="37.114455699920654" lon="14.820449352264404">
        <ele>976.18</ele>
      </trkpt>
      <trkpt lat="37.11452007293701" lon="14.820213317871094">
        <ele>976.01</ele>
      </trkpt>
      <trkpt lat="37.11464890278876" lon="14.81994484551251">
        <ele>975.76</ele>
      </trkpt>
      <trkpt lat="37.11477756500244" lon="14.819676876068115">
        <ele>975.52</ele>
      </trkpt>
      <trkpt lat="37.1148419380188" lon="14.819462299346924">
        <ele>975.19</ele>
      </trkpt>
      <trkpt lat="37.11488485336304" lon="14.819247722625732">
        <ele>974.79</ele>
      </trkpt>
      <trkpt lat="37.11488485336304" lon="14.819033145904541">
        <ele>974.31</ele>
      </trkpt>
      <trkpt lat="37.1148419380188" lon="14.818711280822754">
        <ele>973.73</ele>
      </trkpt>
      <trkpt lat="37.114803213626146" lon="14.81839301995933">
        <ele>973.08</ele>
      </trkpt>
      <trkpt lat="37.114764573052526" lon="14.818074842914939">
        <ele>972.43</ele>
      </trkpt>
      <trkpt lat="37.11472584865987" lon="14.817756665870547">
        <ele>971.68</ele>
      </trkpt>
      <trkpt lat="37.11468720808625" lon="14.817438488826156">
        <ele>970.82</ele>
      </trkpt>
      <trkpt lat="37.11464890278876" lon="14.817123413085938">
        <ele>969.94</ele>
      </trkpt>
      <trkpt lat="37.11460581980646" lon="14.816865418106318">
        <ele>969.06</ele>
      </trkpt>
      <trkpt lat="37.11456298828125" lon="14.816608428955078">
        <ele>968.12</ele>
      </trkpt>
      <trkpt lat="37.114434242248535" lon="14.816350936889648">
        <ele>967.12</ele>
      </trkpt>
      <trkpt lat="37.11430549621582" lon="14.816243648529053">
        <ele>966.08</ele>
      </trkpt>
      <trkpt lat="37.11404842324555" lon="14.816115070134401">
        <ele>964.99</ele>
      </trkpt>
      <trkpt lat="37.11379051208496" lon="14.815986156463623">
        <ele>963.9</ele>
      </trkpt>
      <trkpt lat="37.113525392487645" lon="14.81587903574109">
        <ele>962.72</ele>
      </trkpt>
      <trkpt lat="37.11326035670936" lon="14.815771915018559">
        <ele>961.52</ele>
      </trkpt>
      <trkpt lat="37.11299532093108" lon="14.815664794296026">
        <ele>960.22</ele>
      </trkpt>
      <trkpt lat="37.11273020133376" lon="14.815557757392526">
        <ele>958.86</ele>
      </trkpt>
      <trkpt lat="37.11246516555548" lon="14.815450636669993">
        <ele>957.43</ele>
      </trkpt>
      <trkpt lat="37.11220012977719" lon="14.815343515947461">
        <ele>955.97</ele>
      </trkpt>
      <trkpt lat="37.11193509399891" lon="14.81523647904396">
        <ele>954.46</ele>
      </trkpt>
      <trkpt lat="37.111666202545166" lon="14.815127849578857">
        <ele>952.92</ele>
      </trkpt>
      <trkpt lat="37.11138775572181" lon="14.815031457692385">
        <ele>951.36</ele>
      </trkpt>
      <trkpt lat="37.11110930889845" lon="14.814935065805912">
        <ele>949.78</ele>
      </trkpt>
      <trkpt lat="37.11083094589412" lon="14.81483867391944">
        <ele>948.14</ele>
      </trkpt>
      <trkpt lat="37.11055040359497" lon="14.814741611480713">
        <ele>946.45</ele>
      </trkpt>
      <trkpt lat="37.11026491597295" lon="14.814698779955506">
        <ele>944.74</ele>
      </trkpt>
      <trkpt lat="37.109979428350925" lon="14.8146559484303">
        <ele>943.01</ele>
      </trkpt>
      <trkpt lat="37.109692096710205" lon="14.814612865447998">
        <ele>941.26</ele>
      </trkpt>
      <trkpt lat="37.109456062316895" lon="14.81456995010376">
        <ele>939.48</ele>
      </trkpt>
      <trkpt lat="37.109220530837774" lon="14.814541367813945">
        <ele>937.65</ele>
      </trkpt>
      <trkpt lat="37.108984999358654" lon="14.81451278552413">
        <ele>935.78</ele>
      </trkpt>
      <trkpt lat="37.10874795913696" lon="14.814484119415283">
        <ele>933.94</ele>
      </trkpt>
      <trkpt lat="37.10849046707153" lon="14.814505577087402">
        <ele>932.03</ele>
      </trkpt>
      <trkpt lat="37.108233477920294" lon="14.814580511301756">
        <ele>930.12</ele>
      </trkpt>
      <trkpt lat="37.107975482940674" lon="14.814655780792236">
        <ele>928.16</ele>
      </trkpt>
      <trkpt lat="37.10770759731531" lon="14.814816461876035">
        <ele>926.24</ele>
      </trkpt>
      <trkpt lat="37.10743979550898" lon="14.814977142959833">
        <ele>924.3</ele>
      </trkpt>
      <trkpt lat="37.10717190988362" lon="14.815137907862663">
        <ele>922.36</ele>
      </trkpt>
      <trkpt lat="37.10690410807729" lon="14.815298588946462">
        <ele>920.41</ele>
      </trkpt>
      <trkpt lat="37.106636222451925" lon="14.81545927003026">
        <ele>918.4</ele>
      </trkpt>
      <trkpt lat="37.106368420645595" lon="14.815619951114058">
        <ele>916.49</ele>
      </trkpt>
      <trkpt lat="37.10610053502023" lon="14.815780716016889">
        <ele>914.6</ele>
      </trkpt>
      <trkpt lat="37.1058327332139" lon="14.815941397100687">
        <ele>912.72</ele>
      </trkpt>
      <trkpt lat="37.10556484758854" lon="14.816102078184485">
        <ele>910.83</ele>
      </trkpt>
      <trkpt lat="37.10529327392578" lon="14.816265106201172">
        <ele>908.96</ele>
      </trkpt>
      <trkpt lat="37.10503578186035" lon="14.816372394561768">
        <ele>907.1</ele>
      </trkpt>
      <trkpt lat="37.104735961183906" lon="14.81645219027996">
        <ele>905.24</ele>
      </trkpt>
      <trkpt lat="37.10443614050746" lon="14.816531985998154">
        <ele>903.44</ele>
      </trkpt>
      <trkpt lat="37.104136403650045" lon="14.816611781716347">
        <ele>901.68</ele>
      </trkpt>
      <trkpt lat="37.1038365829736" lon="14.816691661253572">
        <ele>900.0</ele>
      </trkpt>
      <trkpt lat="37.10353676229715" lon="14.816771456971765">
        <ele>898.33</ele>
      </trkpt>
      <trkpt lat="37.10323702543974" lon="14.816851252689958">
        <ele>896.67</ele>
      </trkpt>
      <trkpt lat="37.10293720476329" lon="14.81693104840815">
        <ele>895.07</ele>
      </trkpt>
      <trkpt lat="37.10263746790588" lon="14.817010927945375">
        <ele>893.53</ele>
      </trkpt>
      <trkpt lat="37.10233764722943" lon="14.817090723663568">
        <ele>891.96</ele>
      </trkpt>
      <trkpt lat="37.10203782655299" lon="14.817170519381762">
        <ele>890.52</ele>
      </trkpt>
      <trkpt lat="37.101731384173036" lon="14.817252159118652">
        <ele>889.17</ele>
      </trkpt>
      <trkpt lat="37.10152787156403" lon="14.8172842618078">
        <ele>887.93</ele>
      </trkpt>
      <trkpt lat="37.10132360458374" lon="14.81731653213501">
        <ele>886.75</ele>
      </trkpt>
      <trkpt lat="37.10106234066188" lon="14.817290799692273">
        <ele>885.57</ele>
      </trkpt>
      <trkpt lat="37.10080116055906" lon="14.817265067249537">
        <ele>884.43</ele>
      </trkpt>
      <trkpt lat="37.1005398966372" lon="14.817239418625832">
        <ele>883.35</ele>
      </trkpt>
      <trkpt lat="37.100278716534376" lon="14.817213686183095">
        <ele>882.36</ele>
      </trkpt>
      <trkpt lat="37.10001468658447" lon="14.817187786102295">
        <ele>881.42</ele>
      </trkpt>
      <trkpt lat="37.099746968597174" lon="14.817219888791442">
        <ele>880.51</ele>
      </trkpt>
      <trkpt lat="37.099479334428906" lon="14.817251991480589">
        <ele>879.66</ele>
      </trkpt>
      <trkpt lat="37.09921170026064" lon="14.817284094169736">
        <ele>878.8</ele>
      </trkpt>
      <trkpt lat="37.098941802978516" lon="14.81731653213501">
        <ele>877.98</ele>
      </trkpt>
      <trkpt lat="37.09867768920958" lon="14.817384341731668">
        <ele>877.24</ele>
      </trkpt>
      <trkpt lat="37.098413575440645" lon="14.817452151328325">
        <ele>876.53</ele>
      </trkpt>
      <trkpt lat="37.09814946167171" lon="14.817519960924983">
        <ele>875.84</ele>
      </trkpt>
      <trkpt lat="37.097885347902775" lon="14.81758777052164">
        <ele>875.19</ele>
      </trkpt>
      <trkpt lat="37.09762123413384" lon="14.817655580118299">
        <ele>874.54</ele>
      </trkpt>
      <trkpt lat="37.0973539352417" lon="14.817724227905273">
        <ele>873.92</ele>
      </trkpt>
      <trkpt lat="37.09710231050849" lon="14.817729508504272">
        <ele>873.34</ele>
      </trkpt>
      <trkpt lat="37.09685076959431" lon="14.817734872922301">
        <ele>872.71</ele>
      </trkpt>
      <trkpt lat="37.096599228680134" lon="14.817740237340331">
        <ele>872.16</ele>
      </trkpt>
      <trkpt lat="37.0963454246521" lon="14.817745685577393">
        <ele>871.68</ele>
      </trkpt>
      <trkpt lat="37.096152640879154" lon="14.81777778826654">
        <ele>871.17</ele>
      </trkpt>
      <trkpt lat="37.095959186553955" lon="14.81781005859375">
        <ele>870.62</ele>
      </trkpt>
      <trkpt lat="37.095677722245455" lon="14.817898739129305">
        <ele>870.03</ele>
      </trkpt>
      <trkpt lat="37.095396257936954" lon="14.817987503483891">
        <ele>869.38</ele>
      </trkpt>
      <trkpt lat="37.095114793628454" lon="14.818076184019446">
        <ele>868.8</ele>
      </trkpt>
      <trkpt lat="37.094833329319954" lon="14.818164948374033">
        <ele>868.25</ele>
      </trkpt>
      <trkpt lat="37.094551865011454" lon="14.818253628909588">
        <ele>867.63</ele>
      </trkpt>
      <trkpt lat="37.09427040070295" lon="14.818342393264174">
        <ele>867.0</ele>
      </trkpt>
      <trkpt lat="37.093985080718994" lon="14.818432331085205">
        <ele>866.38</ele>
      </trkpt>
      <trkpt lat="37.093985164538026" lon="14.818432331085205">
        <ele>865.79</ele>
      </trkpt>
      <trkpt lat="37.09377100691199" lon="14.818442976102233">
        <ele>865.15</ele>
      </trkpt>
      <trkpt lat="37.09355592727661" lon="14.818453788757324">
        <ele>864.46</ele>
      </trkpt>
      <trkpt lat="37.09329843521118" lon="14.818432331085205">
        <ele>863.75</ele>
      </trkpt>
      <trkpt lat="37.09301948547363" lon="14.81832504272461">
        <ele>863.04</ele>
      </trkpt>
      <trkpt lat="37.09276953712106" lon="14.818196464329958">
        <ele>862.31</ele>
      </trkpt>
      <trkpt lat="37.09251958876848" lon="14.818067885935307">
        <ele>861.51</ele>
      </trkpt>
      <trkpt lat="37.09226846694946" lon="14.817938804626465">
        <ele>860.7</ele>
      </trkpt>
      <trkpt lat="37.09207534790039" lon="14.817852973937988">
        <ele>859.92</ele>
      </trkpt>
      <trkpt lat="37.09179639816284" lon="14.817852973937988">
        <ele>859.17</ele>
      </trkpt>
      <trkpt lat="37.09156086668372" lon="14.817874347791076">
        <ele>858.37</ele>
      </trkpt>
      <trkpt lat="37.09132541902363" lon="14.817895721644163">
        <ele>857.47</ele>
      </trkpt>
      <trkpt lat="37.09108837880194" lon="14.817917346954346">
        <ele>856.55</ele>
      </trkpt>
      <trkpt lat="37.090906323865056" lon="14.817938720807433">
        <ele>855.62</ele>
      </trkpt>
      <trkpt lat="37.090723514556885" lon="14.817960262298584">
        <ele>854.67</ele>
      </trkpt>
      <trkpt lat="37.09057331085205" lon="14.817938804626465">
        <ele>853.67</ele>
      </trkpt>
      <trkpt lat="37.09026737138629" lon="14.81787451542914">
        <ele>852.61</ele>
      </trkpt>
      <trkpt lat="37.08996151573956" lon="14.817810310050845">
        <ele>851.5</ele>
      </trkpt>
      <trkpt lat="37.0896555762738" lon="14.81774602085352">
        <ele>850.36</ele>
      </trkpt>
      <trkpt lat="37.08934972062707" lon="14.817681815475225">
        <ele>849.15</ele>
      </trkpt>
      <trkpt lat="37.08904378116131" lon="14.817617610096931">
        <ele>848.0</ele>
      </trkpt>
      <trkpt lat="37.08873792551458" lon="14.817553320899606">
        <ele>846.74</ele>
      </trkpt>
      <trkpt lat="37.08842754364014" lon="14.817488193511963">
        <ele>845.41</ele>
      </trkpt>
      <trkpt lat="37.088119173422456" lon="14.817505292594433">
        <ele>844.15</ele>
      </trkpt>
      <trkpt lat="37.08781088702381" lon="14.817522391676903">
        <ele>842.88</ele>
      </trkpt>
      <trkpt lat="37.08750260062516" lon="14.817539574578404">
        <ele>841.55</ele>
      </trkpt>
      <trkpt lat="37.08719431422651" lon="14.817556673660874">
        <ele>840.1</ele>
      </trkpt>
      <trkpt lat="37.08688259124756" lon="14.81757402420044">
        <ele>838.69</ele>
      </trkpt>
      <trkpt lat="37.08671126514673" lon="14.81756329536438">
        <ele>837.28</ele>
      </trkpt>
      <trkpt lat="37.08653926849365" lon="14.81755256652832">
        <ele>835.84</ele>
      </trkpt>
      <trkpt lat="37.08634648472071" lon="14.817499006167054">
        <ele>834.32</ele>
      </trkpt>
      <trkpt lat="37.08615303039551" lon="14.817445278167725">
        <ele>832.74</ele>
      </trkpt>
      <trkpt lat="37.085866034030914" lon="14.817333882674575">
        <ele>831.08</ele>
      </trkpt>
      <trkpt lat="37.08557903766632" lon="14.817222487181425">
        <ele>829.4</ele>
      </trkpt>
      <trkpt lat="37.08529204130173" lon="14.817111091688275">
        <ele>827.72</ele>
      </trkpt>
      <trkpt lat="37.085005044937134" lon="14.816999696195126">
        <ele>826.01</ele>
      </trkpt>
      <trkpt lat="37.08471545018256" lon="14.816887378692627">
        <ele>824.25</ele>
      </trkpt>
      <trkpt lat="37.08450632169843" lon="14.816678250208497">
        <ele>822.38</ele>
      </trkpt>
      <trkpt lat="37.0842971932143" lon="14.816469121724367">
        <ele>820.49</ele>
      </trkpt>
      <trkpt lat="37.08408806473017" lon="14.816260077059269">
        <ele>818.62</ele>
      </trkpt>
      <trkpt lat="37.08387851715088" lon="14.81605052947998">
        <ele>816.71</ele>
      </trkpt>
      <trkpt lat="37.08364248275757" lon="14.815900325775146">
        <ele>814.79</ele>
      </trkpt>
      <trkpt lat="37.08335590548813" lon="14.815755654126406">
        <ele>812.86</ele>
      </trkpt>
      <trkpt lat="37.08306941203773" lon="14.815611066296697">
        <ele>810.92</ele>
      </trkpt>
      <trkpt lat="37.082782834768295" lon="14.815466478466988">
        <ele>808.93</ele>
      </trkpt>
      <trkpt lat="37.08249634131789" lon="14.815321890637279">
        <ele>806.94</ele>
      </trkpt>
      <trkpt lat="37.08220976404846" lon="14.815177218988538">
        <ele>804.94</ele>
      </trkpt>
      <trkpt lat="37.081923270598054" lon="14.815032631158829">
        <ele>802.96</ele>
      </trkpt>
      <trkpt lat="37.08163669332862" lon="14.81488804332912">
        <ele>800.91</ele>
      </trkpt>
      <trkpt lat="37.08134651184082" lon="14.814741611480713">
        <ele>798.85</ele>
      </trkpt>
      <trkpt lat="37.08110360428691" lon="14.814591575413942">
        <ele>796.87</ele>
      </trkpt>
      <trkpt lat="37.08086078055203" lon="14.814441539347172">
        <ele>794.91</ele>
      </trkpt>
      <trkpt lat="37.08061695098877" lon="14.814291000366211">
        <ele>792.96</ele>
      </trkpt>
      <trkpt lat="37.08044562488794" lon="14.814258813858032">
        <ele>791.15</ele>
      </trkpt>
      <trkpt lat="37.08027362823486" lon="14.814226627349854">
        <ele>789.26</ele>
      </trkpt>
      <trkpt lat="37.08000238984823" lon="14.814226543530822">
        <ele>787.44</ele>
      </trkpt>
      <trkpt lat="37.07973123528063" lon="14.814226543530822">
        <ele>785.66</ele>
      </trkpt>
      <trkpt lat="37.079458236694336" lon="14.814226627349854">
        <ele>783.86</ele>
      </trkpt>
      <trkpt lat="37.079222202301025" lon="14.814355373382568">
        <ele>782.15</ele>
      </trkpt>
      <trkpt lat="37.07902925089002" lon="14.814516138285398">
        <ele>780.5</ele>
      </trkpt>
      <trkpt lat="37.07883596420288" lon="14.814677238464355">
        <ele>778.91</ele>
      </trkpt>
      <trkpt lat="37.07857847213745" lon="14.814720153808594">
        <ele>777.22</ele>
      </trkpt>
      <trkpt lat="37.07857855595648" lon="14.814720153808594">
        <ele>775.71</ele>
      </trkpt>
      <trkpt lat="37.07836431451142" lon="14.814773630350828">
        <ele>774.12</ele>
      </trkpt>
      <trkpt lat="37.07814931869507" lon="14.81482744216919">
        <ele>772.55</ele>
      </trkpt>
      <trkpt lat="37.077956199645996" lon="14.814956188201904">
        <ele>771.12</ele>
      </trkpt>
      <trkpt lat="37.07784882746637" lon="14.815117120742798">
        <ele>769.79</ele>
      </trkpt>
      <trkpt lat="37.077741622924805" lon="14.815278053283691">
        <ele>768.5</ele>
      </trkpt>
      <trkpt lat="37.07763433456421" lon="14.815621376037598">
        <ele>767.33</ele>
      </trkpt>
      <trkpt lat="37.077484130859375" lon="14.815707206726074">
        <ele>765.99</ele>
      </trkpt>
      <trkpt lat="37.07731246948242" lon="14.815685749053955">
        <ele>764.69</ele>
      </trkpt>
      <trkpt lat="37.07707677036524" lon="14.815578628331423">
        <ele>763.39</ele>
      </trkpt>
      <trkpt lat="37.0768404006958" lon="14.815471172332764">
        <ele>762.17</ele>
      </trkpt>
      <trkpt lat="37.07658290863037" lon="14.815449714660645">
        <ele>761.08</ele>
      </trkpt>
      <trkpt lat="37.076475620269775" lon="14.815492630004883">
        <ele>760.08</ele>
      </trkpt>
      <trkpt lat="37.07632541656494" lon="14.815642749890685">
        <ele>759.12</ele>
      </trkpt>
      <trkpt lat="37.07617521286011" lon="14.81579303741455">
        <ele>758.17</ele>
      </trkpt>
      <trkpt lat="37.07606792449951" lon="14.815835952758789">
        <ele>757.25</ele>
      </trkpt>
      <trkpt lat="37.07580381073058" lon="14.815828744322062">
        <ele>756.3</ele>
      </trkpt>
      <trkpt lat="37.07553978078067" lon="14.815821619704366">
        <ele>755.36</ele>
      </trkpt>
      <trkpt lat="37.0752739906311" lon="14.81581449508667">
        <ele>754.45</ele>
      </trkpt>
      <trkpt lat="37.07498489879072" lon="14.815825140103698">
        <ele>753.62</ele>
      </trkpt>
      <trkpt lat="37.07469589076936" lon="14.815835868939757">
        <ele>752.79</ele>
      </trkpt>
      <trkpt lat="37.07440688274801" lon="14.815846597775817">
        <ele>751.96</ele>
      </trkpt>
      <trkpt lat="37.07411527633667" lon="14.815857410430908">
        <ele>751.18</ele>
      </trkpt>
      <trkpt lat="37.07407236099243" lon="14.815878868103027">
        <ele>750.48</ele>
      </trkpt>
      <trkpt lat="37.07394361495972" lon="14.816007614135742">
        <ele>749.86</ele>
      </trkpt>
      <trkpt lat="37.07387924194336" lon="14.816350936889648">
        <ele>749.23</ele>
      </trkpt>
      <trkpt lat="37.0738737937063" lon="14.816694930195808">
        <ele>748.57</ele>
      </trkpt>
      <trkpt lat="37.07386842928827" lon="14.817038923501968">
        <ele>747.89</ele>
      </trkpt>
      <trkpt lat="37.07386306487024" lon="14.81738300062716">
        <ele>747.23</ele>
      </trkpt>
      <trkpt lat="37.07385778427124" lon="14.817724227905273">
        <ele>746.58</ele>
      </trkpt>
      <trkpt lat="37.07379341125488" lon="14.81778860092163">
        <ele>745.88</ele>
      </trkpt>
      <trkpt lat="37.073750495910645" lon="14.817745685577393">
        <ele>745.18</ele>
      </trkpt>
      <trkpt lat="37.073707580566406" lon="14.817659854888916">
        <ele>744.47</ele>
      </trkpt>
      <trkpt lat="37.073686039075255" lon="14.817380318418145">
        <ele>743.83</ele>
      </trkpt>
      <trkpt lat="37.073664497584105" lon="14.817100781947374">
        <ele>743.2</ele>
      </trkpt>
      <trkpt lat="37.07364320755005" lon="14.81682300567627">
        <ele>742.56</ele>
      </trkpt>
      <trkpt lat="37.07355737686157" lon="14.816629886627197">
        <ele>741.84</ele>
      </trkpt>
      <trkpt lat="37.07342863082886" lon="14.816522598266602">
        <ele>741.07</ele>
      </trkpt>
      <trkpt lat="37.07312822341919" lon="14.816458225250244">
        <ele>740.23</ele>
      </trkpt>
      <trkpt lat="37.07296754233539" lon="14.816500972956419">
        <ele>739.33</ele>
      </trkpt>
      <trkpt lat="37.0728063583374" lon="14.81654405593872">
        <ele>738.46</ele>
      </trkpt>
      <trkpt lat="37.07261323928833" lon="14.81654405593872">
        <ele>737.55</ele>
      </trkpt>
      <trkpt lat="37.07234552130103" lon="14.816501224413514">
        <ele>736.64</ele>
      </trkpt>
      <trkpt lat="37.072077887132764" lon="14.816458392888308">
        <ele>735.71</ele>
      </trkpt>
      <trkpt lat="37.0718102529645" lon="14.816415561363101">
        <ele>734.68</ele>
      </trkpt>
      <trkpt lat="37.07154261879623" lon="14.816372729837894">
        <ele>733.51</ele>
      </trkpt>
      <trkpt lat="37.07127498462796" lon="14.816329898312688">
        <ele>732.38</ele>
      </trkpt>
      <trkpt lat="37.071003913879395" lon="14.816286563873291">
        <ele>731.23</ele>
      </trkpt>
      <trkpt lat="37.07087516784668" lon="14.816286563873291">
        <ele>729.98</ele>
      </trkpt>
      <trkpt lat="37.07060744985938" lon="14.816361498087645">
        <ele>728.6</ele>
      </trkpt>
      <trkpt lat="37.0703387260437" lon="14.816436767578125">
        <ele>727.08</ele>
      </trkpt>
      <trkpt lat="37.070044269785285" lon="14.816404581069946">
        <ele>725.74</ele>
      </trkpt>
      <trkpt lat="37.0697498973459" lon="14.8163724783808">
        <ele>724.32</ele>
      </trkpt>
      <trkpt lat="37.069455524906516" lon="14.816340375691652">
        <ele>722.79</ele>
      </trkpt>
      <trkpt lat="37.06915855407715" lon="14.81630802154541">
        <ele>721.18</ele>
      </trkpt>
      <trkpt lat="37.06885814666748" lon="14.816200733184814">
        <ele>719.59</ele>
      </trkpt>
      <trkpt lat="37.068643905222416" lon="14.816093612462282">
        <ele>718.0</ele>
      </trkpt>
      <trkpt lat="37.0684289932251" lon="14.815986156463623">
        <ele>716.33</ele>
      </trkpt>
      <trkpt lat="37.06822531297803" lon="14.815836120396852">
        <ele>714.65</ele>
      </trkpt>
      <trkpt lat="37.068021297454834" lon="14.815685749053955">
        <ele>712.91</ele>
      </trkpt>
      <trkpt lat="37.067817617207766" lon="14.815514171496034">
        <ele>711.12</ele>
      </trkpt>
      <trkpt lat="37.06761360168457" lon="14.815342426300049">
        <ele>709.29</ele>
      </trkpt>
      <trkpt lat="37.0674136094749" lon="14.815256679430604">
        <ele>707.3</ele>
      </trkpt>
      <trkpt lat="37.067213701084256" lon="14.81517101638019">
        <ele>705.32</ele>
      </trkpt>
      <trkpt lat="37.067012786865234" lon="14.81508493423462">
        <ele>703.3</ele>
      </trkpt>
      <trkpt lat="37.06673442386091" lon="14.81502776965499">
        <ele>701.13</ele>
      </trkpt>
      <trkpt lat="37.06645606085658" lon="14.814970688894391">
        <ele>698.98</ele>
      </trkpt>
      <trkpt lat="37.06617593765259" lon="14.814913272857666">
        <ele>696.85</ele>
      </trkpt>
      <trkpt lat="37.066025733947754" lon="14.814913272857666">
        <ele>694.72</ele>
      </trkpt>
      <trkpt lat="37.0658437628299" lon="14.81495602056384">
        <ele>692.52</ele>
      </trkpt>
      <trkpt lat="37.06566103734076" lon="14.814999103546143">
        <ele>690.3</ele>
      </trkpt>
      <trkpt lat="37.065468253567815" lon="14.815052580088377">
        <ele>687.99</ele>
      </trkpt>
      <trkpt lat="37.065274715423584" lon="14.815106391906738">
        <ele>685.66</ele>
      </trkpt>
      <trkpt lat="37.06506013870239" lon="14.8150634765625">
        <ele>683.4</ele>
      </trkpt>
      <trkpt lat="37.064808178693056" lon="14.814854431897402">
        <ele>681.27</ele>
      </trkpt>
      <trkpt lat="37.06455630250275" lon="14.814645387232304">
        <ele>679.09</ele>
      </trkpt>
      <trkpt lat="37.06430442631245" lon="14.814436342567205">
        <ele>676.92</ele>
      </trkpt>
      <trkpt lat="37.06405162811279" lon="14.814226627349854">
        <ele>674.67</ele>
      </trkpt>
      <trkpt lat="37.06390134058893" lon="14.81397969648242">
        <ele>672.58</ele>
      </trkpt>
      <trkpt lat="37.063751220703125" lon="14.813733100891113">
        <ele>670.42</ele>
      </trkpt>
      <trkpt lat="37.063558185473084" lon="14.813550794497132">
        <ele>668.23</ele>
      </trkpt>
      <trkpt lat="37.06336498260498" lon="14.813368320465088">
        <ele>666.15</ele>
      </trkpt>
      <trkpt lat="37.06321477890015" lon="14.813282489776611">
        <ele>664.12</ele>
      </trkpt>
      <trkpt lat="37.062907833606005" lon="14.813218200579286">
        <ele>662.09</ele>
      </trkpt>
      <trkpt lat="37.06260088831186" lon="14.813153995200992">
        <ele>660.03</ele>
      </trkpt>
      <trkpt lat="37.06229209899902" lon="14.813089370727539">
        <ele>657.92</ele>
      </trkpt>
      <trkpt lat="37.06202077679336" lon="14.813010832294822">
        <ele>655.83</ele>
      </trkpt>
      <trkpt lat="37.06174953840673" lon="14.812932293862104">
        <ele>653.7</ele>
      </trkpt>
      <trkpt lat="37.061476707458496" lon="14.812853336334229">
        <ele>651.65</ele>
      </trkpt>
      <trkpt lat="37.061315942555666" lon="14.812756860628724">
        <ele>649.78</ele>
      </trkpt>
      <trkpt lat="37.06115484237671" lon="14.812660217285156">
        <ele>647.91</ele>
      </trkpt>
      <trkpt lat="37.06099399365485" lon="14.812520826235414">
        <ele>646.07</ele>
      </trkpt>
      <trkpt lat="37.06083297729492" lon="14.812381267547607">
        <ele>644.21</ele>
      </trkpt>
      <trkpt lat="37.06057548522949" lon="14.812231063842773">
        <ele>642.4</ele>
      </trkpt>
      <trkpt lat="37.0603609085083" lon="14.812231063842773">
        <ele>640.62</ele>
      </trkpt>
      <trkpt lat="37.060157395899296" lon="14.812284540385008">
        <ele>638.79</ele>
      </trkpt>
      <trkpt lat="37.05995321273804" lon="14.81233835220337">
        <ele>637.02</ele>
      </trkpt>
      <trkpt lat="37.059696139767766" lon="14.81245611794293">
        <ele>635.19</ele>
      </trkpt>
      <trkpt lat="37.05943822860718" lon="14.81257438659668">
        <ele>633.45</ele>
      </trkpt>
      <trkpt lat="37.05918073654175" lon="14.812746047973633">
        <ele>631.8</ele>
      </trkpt>
      <trkpt lat="37.05911636352539" lon="14.81283187866211">
        <ele>630.23</ele>
      </trkpt>
      <trkpt lat="37.058949982747436" lon="14.81305181980133">
        <ele>628.67</ele>
      </trkpt>
      <trkpt lat="37.05878368578851" lon="14.813271760940552">
        <ele>627.19</ele>
      </trkpt>
      <trkpt lat="37.05861738882959" lon="14.813491702079773">
        <ele>625.73</ele>
      </trkpt>
      <trkpt lat="37.0584511756897" lon="14.813711643218994">
        <ele>624.32</ele>
      </trkpt>
      <trkpt lat="37.0582474116236" lon="14.813915323466063">
        <ele>622.97</ele>
      </trkpt>
      <trkpt lat="37.058043479919434" lon="14.814119338989258">
        <ele>621.54</ele>
      </trkpt>
      <trkpt lat="37.05791473388672" lon="14.814205169677734">
        <ele>620.27</ele>
      </trkpt>
      <trkpt lat="37.057785987854004" lon="14.814226627349854">
        <ele>619.03</ele>
      </trkpt>
      <trkpt lat="37.05763578414917" lon="14.814226627349854">
        <ele>617.83</ele>
      </trkpt>
      <trkpt lat="37.05733587965369" lon="14.814124871045351">
        <ele>616.65</ele>
      </trkpt>
      <trkpt lat="37.057036058977246" lon="14.814023114740849">
        <ele>615.54</ele>
      </trkpt>
      <trkpt lat="37.0567362383008" lon="14.813921442255378">
        <ele>614.48</ele>
      </trkpt>
      <trkpt lat="37.0564341545105" lon="14.81381893157959">
        <ele>613.36</ele>
      </trkpt>
      <trkpt lat="37.05626282840967" lon="14.813872408121824">
        <ele>612.2</ele>
      </trkpt>
      <trkpt lat="37.05609083175659" lon="14.813926219940186">
        <ele>611.09</ele>
      </trkpt>
      <trkpt lat="37.055887235328555" lon="14.814033256843686">
        <ele>609.97</ele>
      </trkpt>
      <trkpt lat="37.05568313598633" lon="14.814140796661377">
        <ele>608.89</ele>
      </trkpt>
      <trkpt lat="37.05559730529785" lon="14.814162254333496">
        <ele>607.88</ele>
      </trkpt>
      <trkpt lat="37.05544710159302" lon="14.814119338989258">
        <ele>606.92</ele>
      </trkpt>
      <trkpt lat="37.0553183555603" lon="14.813990592956543">
        <ele>605.95</ele>
      </trkpt>
      <trkpt lat="37.055253982543945" lon="14.813776016235352">
        <ele>604.91</ele>
      </trkpt>
      <trkpt lat="37.055275440216064" lon="14.813497066497803">
        <ele>603.89</ele>
      </trkpt>
      <trkpt lat="37.05535062588751" lon="14.813239155337214">
        <ele>602.89</ele>
      </trkpt>
      <trkpt lat="37.0554256439209" lon="14.812982082366943">
        <ele>601.84</ele>
      </trkpt>
      <trkpt lat="37.05557584762573" lon="14.812724590301514">
        <ele>600.73</ele>
      </trkpt>
      <trkpt lat="37.05579570494592" lon="14.812445640563965">
        <ele>599.72</ele>
      </trkpt>
      <trkpt lat="37.05601564608514" lon="14.812166690826416">
        <ele>598.61</ele>
      </trkpt>
      <trkpt lat="37.056235587224364" lon="14.811887741088867">
        <ele>597.49</ele>
      </trkpt>
      <trkpt lat="37.05645561218262" lon="14.811608791351318">
        <ele>596.34</ele>
      </trkpt>
      <trkpt lat="37.056541442871094" lon="14.811480045318604">
        <ele>595.12</ele>
      </trkpt>
      <trkpt lat="37.05658435821533" lon="14.811286926269531">
        <ele>593.91</ele>
      </trkpt>
      <trkpt lat="37.056541442871094" lon="14.811136722564697">
        <ele>592.64</ele>
      </trkpt>
      <trkpt lat="37.056477069854736" lon="14.811029434204102">
        <ele>591.34</ele>
      </trkpt>
      <trkpt lat="37.05634832382202" lon="14.810965061187744">
        <ele>589.96</ele>
      </trkpt>
      <trkpt lat="37.0561767462641" lon="14.810986518859863">
        <ele>588.47</ele>
      </trkpt>
      <trkpt lat="37.05598379485309" lon="14.811107888817787">
        <ele>586.93</ele>
      </trkpt>
      <trkpt lat="37.055790927261114" lon="14.811229342594743">
        <ele>585.36</ele>
      </trkpt>
      <trkpt lat="37.05559730529785" lon="14.811351299285889">
        <ele>583.79</ele>
      </trkpt>
      <trkpt lat="37.05544710159302" lon="14.811415672302246">
        <ele>582.13</ele>
      </trkpt>
      <trkpt lat="37.0553183555603" lon="14.811437129974365">
        <ele>580.44</ele>
      </trkpt>
      <trkpt lat="37.05514669418335" lon="14.811437129974365">
        <ele>578.71</ele>
      </trkpt>
      <trkpt lat="37.054943181574345" lon="14.81137284077704">
        <ele>576.93</ele>
      </trkpt>
      <trkpt lat="37.054738998413086" lon="14.81130838394165">
        <ele>575.06</ele>
      </trkpt>
      <trkpt lat="37.054545879364014" lon="14.811222553253174">
        <ele>573.15</ele>
      </trkpt>
      <trkpt lat="37.05435276031494" lon="14.81105089187622">
        <ele>571.21</ele>
      </trkpt>
      <trkpt lat="37.05418109893799" lon="14.81083631515503">
        <ele>569.31</ele>
      </trkpt>
      <trkpt lat="37.05407381057739" lon="14.810643196105957">
        <ele>567.44</ele>
      </trkpt>
      <trkpt lat="37.053955625742674" lon="14.81031009927392">
        <ele>565.59</ele>
      </trkpt>
      <trkpt lat="37.05383777618408" lon="14.809978008270264">
        <ele>563.65</ele>
      </trkpt>
      <trkpt lat="37.05381631851196" lon="14.809634685516357">
        <ele>561.72</ele>
      </trkpt>
      <trkpt lat="37.05383777618408" lon="14.809398651123047">
        <ele>559.84</ele>
      </trkpt>
      <trkpt lat="37.05381631851196" lon="14.80907678604126">
        <ele>557.98</ele>
      </trkpt>
      <trkpt lat="37.053730487823486" lon="14.80884075164795">
        <ele>556.12</ele>
      </trkpt>
      <trkpt lat="37.05366611480713" lon="14.808754920959473">
        <ele>554.29</ele>
      </trkpt>
      <trkpt lat="37.053424967452884" lon="14.808588791638613">
        <ele>552.41</ele>
      </trkpt>
      <trkpt lat="37.05318390391767" lon="14.808422662317753">
        <ele>550.56</ele>
      </trkpt>
      <trkpt lat="37.052942756563425" lon="14.808256616815925">
        <ele>548.74</ele>
      </trkpt>
      <trkpt lat="37.05270051956177" lon="14.80808973312378">
        <ele>546.96</ele>
      </trkpt>
      <trkpt lat="37.05259323120117" lon="14.808046817779541">
        <ele>545.2</ele>
      </trkpt>
      <trkpt lat="37.05237865447998" lon="14.80806827545166">
        <ele>543.36</ele>
      </trkpt>
      <trkpt lat="37.052249908447266" lon="14.808132648468018">
        <ele>541.68</ele>
      </trkpt>
      <trkpt lat="37.051984118297696" lon="14.80831260792911">
        <ele>540.01</ele>
      </trkpt>
      <trkpt lat="37.05171841196716" lon="14.808492651209235">
        <ele>538.38</ele>
      </trkpt>
      <trkpt lat="37.05145262181759" lon="14.80867269448936">
        <ele>536.74</ele>
      </trkpt>
      <trkpt lat="37.05118691548705" lon="14.808852653950453">
        <ele>535.14</ele>
      </trkpt>
      <trkpt lat="37.05091953277588" lon="14.809033870697021">
        <ele>533.61</ele>
      </trkpt>
      <trkpt lat="37.05076949670911" lon="14.808937394991517">
        <ele>532.12</ele>
      </trkpt>
      <trkpt lat="37.05061920918524" lon="14.80884075164795">
        <ele>530.66</ele>
      </trkpt>
      <trkpt lat="37.05036163330078" lon="14.808754920959473">
        <ele>529.23</ele>
      </trkpt>
      <trkpt lat="37.05018997192383" lon="14.808604717254639">
        <ele>527.87</ele>
      </trkpt>
      <trkpt lat="37.0500897243619" lon="14.808368347585201">
        <ele>526.54</ele>
      </trkpt>
      <trkpt lat="37.049989476799965" lon="14.808132061734796">
        <ele>525.21</ele>
      </trkpt>
      <trkpt lat="37.04988956451416" lon="14.807896614074707">
        <ele>523.92</ele>
      </trkpt>
      <trkpt lat="37.04988964833319" lon="14.807896614074707">
        <ele>522.7</ele>
      </trkpt>
      <trkpt lat="37.049755370244384" lon="14.807585058733821">
        <ele>521.46</ele>
      </trkpt>
      <trkpt lat="37.049621092155576" lon="14.807273587211967">
        <ele>520.22</ele>
      </trkpt>
      <trkpt lat="37.04948681406677" lon="14.806962115690112">
        <ele>519.08</ele>
      </trkpt>
      <trkpt lat="37.04935312271118" lon="14.806652069091797">
        <ele>517.97</ele>
      </trkpt>
      <trkpt lat="37.04926737584174" lon="14.806373119354248">
        <ele>516.9</ele>
      </trkpt>
      <trkpt lat="37.04918146133423" lon="14.806029796600342">
        <ele>515.88</ele>
      </trkpt>
      <trkpt lat="37.04913854598999" lon="14.805750846862793">
        <ele>514.92</ele>
      </trkpt>
      <trkpt lat="37.04916000366211" lon="14.805514812469482">
        <ele>514.01</ele>
      </trkpt>
      <trkpt lat="37.0492244604975" lon="14.805386066436768">
        <ele>513.17</ele>
      </trkpt>
      <trkpt lat="37.049288833513856" lon="14.805300235748291">
        <ele>512.41</ele>
      </trkpt>
      <trkpt lat="37.0494818687439" lon="14.805192947387695">
        <ele>511.66</ele>
      </trkpt>
      <trkpt lat="37.04966383986175" lon="14.80512865819037">
        <ele>510.98</ele>
      </trkpt>
      <trkpt lat="37.04984664916992" lon="14.80506420135498">
        <ele>510.43</ele>
      </trkpt>
      <trkpt lat="37.05006633885205" lon="14.80487653054297">
        <ele>509.95</ele>
      </trkpt>
      <trkpt lat="37.050286112353206" lon="14.80468894354999">
        <ele>509.54</ele>
      </trkpt>
      <trkpt lat="37.05050588585436" lon="14.804501356557012">
        <ele>509.09</ele>
      </trkpt>
      <trkpt lat="37.05072641372681" lon="14.80431318283081">
        <ele>508.81</ele>
      </trkpt>
      <trkpt lat="37.05081224441528" lon="14.804120063781738">
        <ele>508.61</ele>
      </trkpt>
      <trkpt lat="37.05081224441528" lon="14.804034233093262">
        <ele>508.47</ele>
      </trkpt>
      <trkpt lat="37.05070495605469" lon="14.803776741027832">
        <ele>508.36</ele>
      </trkpt>
      <trkpt lat="37.05060822889209" lon="14.803529642522335">
        <ele>508.36</ele>
      </trkpt>
      <trkpt lat="37.050511837005615" lon="14.803283214569092">
        <ele>508.49</ele>
      </trkpt>
      <trkpt lat="37.05040454864502" lon="14.803004264831543">
        <ele>508.73</ele>
      </trkpt>
      <trkpt lat="37.05025442875922" lon="14.802725315093994">
        <ele>509.02</ele>
      </trkpt>
      <trkpt lat="37.05010414123535" lon="14.80252138338983">
        <ele>509.3</ele>
      </trkpt>
      <trkpt lat="37.04995393753052" lon="14.80231761932373">
        <ele>509.59</ele>
      </trkpt>
      <trkpt lat="37.049803733825684" lon="14.802145957946777">
        <ele>509.93</ele>
      </trkpt>
      <trkpt lat="37.04965353012085" lon="14.801974296569824">
        <ele>510.32</ele>
      </trkpt>
      <trkpt lat="37.04946066252887" lon="14.8018563631922">
        <ele>510.65</ele>
      </trkpt>
      <trkpt lat="37.049267292022705" lon="14.801738262176514">
        <ele>511.0</ele>
      </trkpt>
      <trkpt lat="37.049031257629395" lon="14.801545143127441">
        <ele>511.4</ele>
      </trkpt>
      <trkpt lat="37.04883269034326" lon="14.80127683840692">
        <ele>511.79</ele>
      </trkpt>
      <trkpt lat="37.04863420687616" lon="14.801008617505431">
        <ele>512.26</ele>
      </trkpt>
      <trkpt lat="37.04843572340906" lon="14.800740396603942">
        <ele>512.71</ele>
      </trkpt>
      <trkpt lat="37.048237323760986" lon="14.800472259521484">
        <ele>513.12</ele>
      </trkpt>
      <trkpt lat="37.04807630740106" lon="14.80022532865405">
        <ele>513.55</ele>
      </trkpt>
      <trkpt lat="37.0479154586792" lon="14.799978733062744">
        <ele>513.98</ele>
      </trkpt>
      <trkpt lat="37.04787245951593" lon="14.799731466919184">
        <ele>514.45</ele>
      </trkpt>
      <trkpt lat="37.04782962799072" lon="14.799485206604004">
        <ele>514.86</ele>
      </trkpt>
      <trkpt lat="37.04782962799072" lon="14.799280939623713">
        <ele>515.29</ele>
      </trkpt>
      <trkpt lat="37.04782962799072" lon="14.79907751083374">
        <ele>515.71</ele>
      </trkpt>
      <trkpt lat="37.04793691635132" lon="14.798905849456787">
        <ele>516.15</ele>
      </trkpt>
      <trkpt lat="37.04810857772827" lon="14.798691272735596">
        <ele>516.52</ele>
      </trkpt>
      <trkpt lat="37.048258781433105" lon="14.798476612195373">
        <ele>516.87</ele>
      </trkpt>
      <trkpt lat="37.04840898513794" lon="14.798262119293213">
        <ele>517.22</ele>
      </trkpt>
      <trkpt lat="37.04849489964545" lon="14.797983169555664">
        <ele>517.55</ele>
      </trkpt>
      <trkpt lat="37.04845190048218" lon="14.797704219818115">
        <ele>517.88</ele>
      </trkpt>
      <trkpt lat="37.04840898513794" lon="14.797382354736328">
        <ele>518.25</ele>
      </trkpt>
      <trkpt lat="37.048344695940614" lon="14.797060489654541">
        <ele>518.58</ele>
      </trkpt>
      <trkpt lat="37.048301696777344" lon="14.796738624572754">
        <ele>518.84</ele>
      </trkpt>
      <trkpt lat="37.048258697614074" lon="14.796545086428523">
        <ele>519.12</ele>
      </trkpt>
      <trkpt lat="37.04821586608887" lon="14.79635238647461">
        <ele>519.4</ele>
      </trkpt>
      <trkpt lat="37.0482159499079" lon="14.796245098114014">
        <ele>519.65</ele>
      </trkpt>
      <trkpt lat="37.04817303456366" lon="14.796051979064941">
        <ele>519.87</ele>
      </trkpt>
      <trkpt lat="37.04817295074463" lon="14.795987606048584">
        <ele>520.05</ele>
      </trkpt>
      <trkpt lat="37.04812995158136" lon="14.795772610232234">
        <ele>520.2</ele>
      </trkpt>
      <trkpt lat="37.048087203875184" lon="14.795558452606201">
        <ele>520.31</ele>
      </trkpt>
      <trkpt lat="37.04806566238403" lon="14.79534387588501">
        <ele>520.38</ele>
      </trkpt>
      <trkpt lat="37.048022747039795" lon="14.795215129852295">
        <ele>520.4</ele>
      </trkpt>
      <trkpt lat="37.04797983169556" lon="14.794893264770508">
        <ele>520.42</ele>
      </trkpt>
      <trkpt lat="37.0479154586792" lon="14.79459285736084">
        <ele>520.37</ele>
      </trkpt>
      <trkpt lat="37.04787262715399" lon="14.794313907623291">
        <ele>520.27</ele>
      </trkpt>
      <trkpt lat="37.0478081703186" lon="14.794013500213623">
        <ele>520.09</ele>
      </trkpt>
      <trkpt lat="37.047765254974365" lon="14.793691635131836">
        <ele>519.77</ele>
      </trkpt>
      <trkpt lat="37.04752963967621" lon="14.79376656934619">
        <ele>519.27</ele>
      </trkpt>
      <trkpt lat="37.047293186187744" lon="14.79384183883667">
        <ele>518.72</ele>
      </trkpt>
      <trkpt lat="37.047057654708624" lon="14.793906044214964">
        <ele>518.05</ele>
      </trkpt>
      <trkpt lat="37.046821201220155" lon="14.793970584869385">
        <ele>517.34</ele>
      </trkpt>
      <trkpt lat="37.04662841744721" lon="14.79402406141162">
        <ele>516.56</ele>
      </trkpt>
      <trkpt lat="37.04643487930298" lon="14.79407787322998">
        <ele>515.71</ele>
      </trkpt>
      <trkpt lat="37.04615592956543" lon="14.794142246246338">
        <ele>514.74</ele>
      </trkpt>
      <trkpt lat="37.04613447189331" lon="14.794163703918457">
        <ele>513.82</ele>
      </trkpt>
      <trkpt lat="37.04592031426728" lon="14.794217180460691">
        <ele>512.8</ele>
      </trkpt>
      <trkpt lat="37.04570540226996" lon="14.794270992279053">
        <ele>511.72</ele>
      </trkpt>
      <trkpt lat="37.04570531845093" lon="14.794270992279053">
        <ele>510.6</ele>
      </trkpt>
      <trkpt lat="37.045555114746094" lon="14.794313907623291">
        <ele>509.45</ele>
      </trkpt>
      <trkpt lat="37.04536199569702" lon="14.79435682296753">
        <ele>508.21</ele>
      </trkpt>
      <trkpt lat="37.045083129778504" lon="14.794421195983887">
        <ele>506.85</ele>
      </trkpt>
      <trkpt lat="37.044782722368836" lon="14.794507026672363">
        <ele>505.36</ele>
      </trkpt>
      <trkpt lat="37.044632518664" lon="14.794549942016602">
        <ele>503.9</ele>
      </trkpt>
      <trkpt lat="37.04437552951276" lon="14.794619511812925">
        <ele>502.37</ele>
      </trkpt>
      <trkpt lat="37.044118540361524" lon="14.79468908160925">
        <ele>500.83</ele>
      </trkpt>
      <trkpt lat="37.043861551210284" lon="14.794758651405573">
        <ele>499.24</ele>
      </trkpt>
      <trkpt lat="37.043602550402284" lon="14.79482889175415">
        <ele>497.61</ele>
      </trkpt>
      <trkpt lat="37.04360246658325" lon="14.79482889175415">
        <ele>496.06</ele>
      </trkpt>
      <trkpt lat="37.043559551239014" lon="14.79485034942627">
        <ele>494.48</ele>
      </trkpt>
      <trkpt lat="37.04336651600897" lon="14.794893264770508">
        <ele>492.83</ele>
      </trkpt>
      <trkpt lat="37.043302142992616" lon="14.794914722442627">
        <ele>491.23</ele>
      </trkpt>
      <trkpt lat="37.04313048161566" lon="14.794957637786865">
        <ele>489.59</ele>
      </trkpt>
      <trkpt lat="37.042887741699815" lon="14.79502184316516">
        <ele>487.95</ele>
      </trkpt>
      <trkpt lat="37.042645085603" lon="14.795086048543453">
        <ele>486.39</ele>
      </trkpt>
      <trkpt lat="37.04240092076361" lon="14.795150756835938">
        <ele>484.83</ele>
      </trkpt>
      <trkpt lat="37.04214384779334" lon="14.795204233378172">
        <ele>483.24</ele>
      </trkpt>
      <trkpt lat="37.04188585281372" lon="14.795258045196533">
        <ele>481.64</ele>
      </trkpt>
      <trkpt lat="37.04163598828018" lon="14.795200880616903">
        <ele>480.07</ele>
      </trkpt>
      <trkpt lat="37.041386207565665" lon="14.795143799856305">
        <ele>478.59</ele>
      </trkpt>
      <trkpt lat="37.04113491810858" lon="14.79508638381958">
        <ele>477.17</ele>
      </trkpt>
      <trkpt lat="37.040906427428126" lon="14.795022094622254">
        <ele>475.79</ele>
      </trkpt>
      <trkpt lat="37.0406780205667" lon="14.79495788924396">
        <ele>474.49</ele>
      </trkpt>
      <trkpt lat="37.04044827260077" lon="14.794893264770508">
        <ele>473.22</ele>
      </trkpt>
      <trkpt lat="37.040276946499944" lon="14.794850433245301">
        <ele>472.08</ele>
      </trkpt>
      <trkpt lat="37.040104949846864" lon="14.794807434082031">
        <ele>471.0</ele>
      </trkpt>
      <trkpt lat="37.03997611999512" lon="14.794764518737793">
        <ele>469.97</ele>
      </trkpt>
      <trkpt lat="37.03971913084388" lon="14.794700229540467">
        <ele>469.01</ele>
      </trkpt>
      <trkpt lat="37.03946121968329" lon="14.794635772705078">
        <ele>468.13</ele>
      </trkpt>
      <trkpt lat="37.039279164746404" lon="14.794592941179872">
        <ele>467.34</ele>
      </trkpt>
      <trkpt lat="37.039096439257264" lon="14.794549942016602">
        <ele>466.61</ele>
      </trkpt>
      <trkpt lat="37.039010524749756" lon="14.794528484344482">
        <ele>465.99</ele>
      </trkpt>
      <trkpt lat="37.03886032104492" lon="14.794507026672363">
        <ele>465.44</ele>
      </trkpt>
      <trkpt lat="37.03871011734009" lon="14.79457139968872">
        <ele>464.98</ele>
      </trkpt>
      <trkpt lat="37.03862428665161" lon="14.794678688049316">
        <ele>464.63</ele>
      </trkpt>
      <trkpt lat="37.038559913635254" lon="14.794871807098389">
        <ele>464.37</ele>
      </trkpt>
      <trkpt lat="37.038516998291016" lon="14.795064926147461">
        <ele>464.18</ele>
      </trkpt>
      <trkpt lat="37.03843125142157" lon="14.795300960540771">
        <ele>464.11</ele>
      </trkpt>
      <trkpt lat="37.0383882522583" lon="14.79534387588501">
        <ele>464.08</ele>
      </trkpt>
      <trkpt lat="37.03836679458618" lon="14.795536994934082">
        <ele>464.15</ele>
      </trkpt>
      <trkpt lat="37.03836679458618" lon="14.795622825622559">
        <ele>464.28</ele>
      </trkpt>
      <trkpt lat="37.038280963897705" lon="14.795901775360107">
        <ele>464.5</ele>
      </trkpt>
      <trkpt lat="37.03819513320923" lon="14.79609489440918">
        <ele>464.79</ele>
      </trkpt>
      <trkpt lat="37.03813076019287" lon="14.796180725097656">
        <ele>465.09</ele>
      </trkpt>
      <trkpt lat="37.0379376411438" lon="14.796389853581786">
        <ele>465.42</ele>
      </trkpt>
      <trkpt lat="37.03774460591376" lon="14.796598982065916">
        <ele>465.8</ele>
      </trkpt>
      <trkpt lat="37.03755157068372" lon="14.796808110550046">
        <ele>466.24</ele>
      </trkpt>
      <trkpt lat="37.03735828399658" lon="14.797017574310303">
        <ele>466.76</ele>
      </trkpt>
      <trkpt lat="37.03713675029576" lon="14.797174734994769">
        <ele>467.24</ele>
      </trkpt>
      <trkpt lat="37.036915300413966" lon="14.797331895679235">
        <ele>467.77</ele>
      </trkpt>
      <trkpt lat="37.03669309616089" lon="14.797489643096924">
        <ele>468.33</ele>
      </trkpt>
      <trkpt lat="37.03653233125806" lon="14.797628950327635">
        <ele>468.89</ele>
      </trkpt>
      <trkpt lat="37.03637131489813" lon="14.797768592834473">
        <ele>469.49</ele>
      </trkpt>
      <trkpt lat="37.03619956970215" lon="14.797961711883545">
        <ele>470.09</ele>
      </trkpt>
      <trkpt lat="37.03615665435791" lon="14.79806900024414">
        <ele>470.71</ele>
      </trkpt>
      <trkpt lat="37.03610284253955" lon="14.79831618256867">
        <ele>471.36</ele>
      </trkpt>
      <trkpt lat="37.036049365997314" lon="14.79856252670288">
        <ele>472.02</ele>
      </trkpt>
      <trkpt lat="37.036006450653076" lon="14.798648357391357">
        <ele>472.66</ele>
      </trkpt>
      <trkpt lat="37.03585624694824" lon="14.79880920611322">
        <ele>473.28</ele>
      </trkpt>
      <trkpt lat="37.03570604324341" lon="14.798970222473145">
        <ele>473.89</ele>
      </trkpt>
      <trkpt lat="37.03560939989984" lon="14.799152696505189">
        <ele>474.55</ele>
      </trkpt>
      <trkpt lat="37.035512924194336" lon="14.79933500289917">
        <ele>475.22</ele>
      </trkpt>
      <trkpt lat="37.0353627204895" lon="14.799549579620361">
        <ele>475.83</ele>
      </trkpt>
      <trkpt lat="37.03511830419302" lon="14.799746721982956">
        <ele>476.36</ele>
      </trkpt>
      <trkpt lat="37.03487388789654" lon="14.799943948164582">
        <ele>476.94</ele>
      </trkpt>
      <trkpt lat="37.03462955541909" lon="14.800141174346209">
        <ele>477.55</ele>
      </trkpt>
      <trkpt lat="37.034385139122605" lon="14.800338400527835">
        <ele>478.1</ele>
      </trkpt>
      <trkpt lat="37.03413963317871" lon="14.800536632537842">
        <ele>478.67</ele>
      </trkpt>
      <trkpt lat="37.03413971699774" lon="14.800536632537842">
        <ele>479.18</ele>
      </trkpt>
      <trkpt lat="37.03391483053565" lon="14.800590109080076">
        <ele>479.71</ele>
      </trkpt>
      <trkpt lat="37.03368902206421" lon="14.800643920898438">
        <ele>480.23</ele>
      </trkpt>
      <trkpt lat="37.03343152999878" lon="14.80083703994751">
        <ele>480.69</ele>
      </trkpt>
      <trkpt lat="37.033302783966064" lon="14.801030158996582">
        <ele>481.21</ele>
      </trkpt>
      <trkpt lat="37.033281326293945" lon="14.801223278045654">
        <ele>481.69</ele>
      </trkpt>
      <trkpt lat="37.033281326293945" lon="14.801599541679025">
        <ele>482.2</ele>
      </trkpt>
      <trkpt lat="37.033281326293945" lon="14.801974296569824">
        <ele>482.66</ele>
      </trkpt>
      <trkpt lat="37.03310949727893" lon="14.802274871617556">
        <ele>483.03</ele>
      </trkpt>
      <trkpt lat="37.03293800354004" lon="14.80257511138916">
        <ele>483.45</ele>
      </trkpt>
      <trkpt lat="37.032852256670594" lon="14.802854061126709">
        <ele>483.92</ele>
      </trkpt>
      <trkpt lat="37.03276642598212" lon="14.803025722503662">
        <ele>484.35</ele>
      </trkpt>
      <trkpt lat="37.032562578096986" lon="14.803250944241881">
        <ele>484.79</ele>
      </trkpt>
      <trkpt lat="37.03235864639282" lon="14.803476333618164">
        <ele>485.3</ele>
      </trkpt>
      <trkpt lat="37.03217625617981" lon="14.803669285029173">
        <ele>485.84</ele>
      </trkpt>
      <trkpt lat="37.0319938659668" lon="14.803862571716309">
        <ele>486.42</ele>
      </trkpt>
      <trkpt lat="37.03179035335779" lon="14.803937505930662">
        <ele>486.98</ele>
      </trkpt>
      <trkpt lat="37.03158617019653" lon="14.804012775421143">
        <ele>487.46</ele>
      </trkpt>
      <trkpt lat="37.03139313496649" lon="14.804034233093262">
        <ele>487.99</ele>
      </trkpt>
      <trkpt lat="37.03119993209839" lon="14.804162979125977">
        <ele>488.57</ele>
      </trkpt>
      <trkpt lat="37.03096398152411" lon="14.804377555847168">
        <ele>489.25</ele>
      </trkpt>
      <trkpt lat="37.03085660934448" lon="14.804463386535645">
        <ele>489.94</ele>
      </trkpt>
      <trkpt lat="37.030685283243656" lon="14.804516863077879">
        <ele>490.63</ele>
      </trkpt>
      <trkpt lat="37.030513286590576" lon="14.80457067489624">
        <ele>491.42</ele>
      </trkpt>
      <trkpt lat="37.03034162521362" lon="14.804613590240479">
        <ele>492.21</ele>
      </trkpt>
      <trkpt lat="37.03013819642365" lon="14.804602861404419">
        <ele>492.98</ele>
      </trkpt>
      <trkpt lat="37.02993392944336" lon="14.80459213256836">
        <ele>493.76</ele>
      </trkpt>
      <trkpt lat="37.02971977181733" lon="14.804649213328958">
        <ele>494.71</ele>
      </trkpt>
      <trkpt lat="37.029505614191294" lon="14.804706294089556">
        <ele>495.73</ele>
      </trkpt>
      <trkpt lat="37.029290199279785" lon="14.804763793945312">
        <ele>496.82</ele>
      </trkpt>
      <trkpt lat="37.029075622558594" lon="14.804763793945312">
        <ele>497.87</ele>
      </trkpt>
      <trkpt lat="37.02886146493256" lon="14.804710233584046">
        <ele>498.94</ele>
      </trkpt>
      <trkpt lat="37.02864655293524" lon="14.804656505584717">
        <ele>500.07</ele>
      </trkpt>
      <trkpt lat="37.02844304032624" lon="14.804677879437804">
        <ele>501.31</ele>
      </trkpt>
      <trkpt lat="37.02823877334595" lon="14.804699420928955">
        <ele>502.54</ele>
      </trkpt>
      <trkpt lat="37.0279598236084" lon="14.804849624633789">
        <ele>503.81</ele>
      </trkpt>
      <trkpt lat="37.027788162231445" lon="14.80506420135498">
        <ele>505.12</ele>
      </trkpt>
      <trkpt lat="37.02765941619873" lon="14.805386066436768">
        <ele>506.52</ele>
      </trkpt>
      <trkpt lat="37.02759504318237" lon="14.805493354797363">
        <ele>507.89</ele>
      </trkpt>
      <trkpt lat="37.027552127838135" lon="14.805514812469482">
        <ele>509.24</ele>
      </trkpt>
      <trkpt lat="37.02744483947754" lon="14.805536270141602">
        <ele>510.6</ele>
      </trkpt>
      <trkpt lat="37.02716588973999" lon="14.805471897125244">
        <ele>511.92</ele>
      </trkpt>
      <trkpt lat="37.02692314982414" lon="14.805514644831419">
        <ele>513.44</ele>
      </trkpt>
      <trkpt lat="37.026680493727326" lon="14.805557476356626">
        <ele>514.96</ele>
      </trkpt>
      <trkpt lat="37.02643632888794" lon="14.805600643157959">
        <ele>516.42</ele>
      </trkpt>
      <trkpt lat="37.02620029449463" lon="14.805686473846436">
        <ele>517.88</ele>
      </trkpt>
      <trkpt lat="37.02601807191968" lon="14.805836509913206">
        <ele>519.45</ele>
      </trkpt>
      <trkpt lat="37.0258355140686" lon="14.805986881256104">
        <ele>521.0</ele>
      </trkpt>
      <trkpt lat="37.02570685185492" lon="14.806137084960938">
        <ele>522.47</ele>
      </trkpt>
      <trkpt lat="37.02559947967529" lon="14.806501865386963">
        <ele>524.11</ele>
      </trkpt>
      <trkpt lat="37.02551373280585" lon="14.806609153747559">
        <ele>525.55</ele>
      </trkpt>
      <trkpt lat="37.02534198760986" lon="14.806652069091797">
        <ele>526.88</ele>
      </trkpt>
      <trkpt lat="37.02517032623291" lon="14.806673526763916">
        <ele>528.18</ele>
      </trkpt>
      <trkpt lat="37.025020122528076" lon="14.806737899780273">
        <ele>529.5</ele>
      </trkpt>
      <trkpt lat="37.0249342918396" lon="14.80684518814087">
        <ele>530.84</ele>
      </trkpt>
      <trkpt lat="37.02479464933276" lon="14.807145847007632">
        <ele>532.24</ele>
      </trkpt>
      <trkpt lat="37.02465534210205" lon="14.807446002960205">
        <ele>533.63</ele>
      </trkpt>
      <trkpt lat="37.024483513087034" lon="14.807753702625632">
        <ele>534.78</ele>
      </trkpt>
      <trkpt lat="37.02431176789105" lon="14.808061486110091">
        <ele>535.89</ele>
      </trkpt>
      <trkpt lat="37.02414035797119" lon="14.808368682861328">
        <ele>536.94</ele>
      </trkpt>
      <trkpt lat="37.024033069610596" lon="14.808626174926758">
        <ele>537.9</ele>
      </trkpt>
      <trkpt lat="37.02390432357788" lon="14.80880856513977">
        <ele>538.76</ele>
      </trkpt>
      <trkpt lat="37.0237756613642" lon="14.808990955352783">
        <ele>539.51</ele>
      </trkpt>
      <trkpt lat="37.02364691533148" lon="14.809162616729736">
        <ele>540.13</ele>
      </trkpt>
      <trkpt lat="37.023561000823975" lon="14.809463024139404">
        <ele>540.58</ele>
      </trkpt>
      <trkpt lat="37.0234751701355" lon="14.809784889221191">
        <ele>540.88</ele>
      </trkpt>
      <trkpt lat="37.023324966430664" lon="14.810128211975098">
        <ele>541.03</ele>
      </trkpt>
      <trkpt lat="37.023325050249696" lon="14.810128211975098">
        <ele>541.14</ele>
      </trkpt>
      <trkpt lat="37.02313184738159" lon="14.810385704040527">
        <ele>541.1</ele>
      </trkpt>
      <trkpt lat="37.02299245633185" lon="14.81049282476306">
        <ele>540.98</ele>
      </trkpt>
      <trkpt lat="37.02285289764404" lon="14.810600280761719">
        <ele>540.72</ele>
      </trkpt>
      <trkpt lat="37.022574534639716" lon="14.810632383450866">
        <ele>540.37</ele>
      </trkpt>
      <trkpt lat="37.02229617163539" lon="14.810664486140013">
        <ele>539.9</ele>
      </trkpt>
      <trkpt lat="37.02201780863106" lon="14.81069658882916">
        <ele>539.31</ele>
      </trkpt>
      <trkpt lat="37.02173709869385" lon="14.810729026794434">
        <ele>538.61</ele>
      </trkpt>
      <trkpt lat="37.021522521972656" lon="14.810707569122314">
        <ele>537.91</ele>
      </trkpt>
      <trkpt lat="37.02122270129621" lon="14.810611177235842">
        <ele>537.14</ele>
      </trkpt>
      <trkpt lat="37.02092170715332" lon="14.810514450073242">
        <ele>536.28</ele>
      </trkpt>
      <trkpt lat="37.020761109888554" lon="14.810492992401123">
        <ele>535.4</ele>
      </trkpt>
      <trkpt lat="37.02059984207153" lon="14.810471534729004">
        <ele>534.49</ele>
      </trkpt>
      <trkpt lat="37.020337488502264" lon="14.81050900183618">
        <ele>533.5</ele>
      </trkpt>
      <trkpt lat="37.02007521875203" lon="14.810546468943357">
        <ele>532.48</ele>
      </trkpt>
      <trkpt lat="37.01981294900179" lon="14.810583936050534">
        <ele>531.54</ele>
      </trkpt>
      <trkpt lat="37.019548416137695" lon="14.810621738433838">
        <ele>530.46</ele>
      </trkpt>
      <trkpt lat="37.019291426986456" lon="14.810578906908631">
        <ele>529.44</ele>
      </trkpt>
      <trkpt lat="37.01903452165425" lon="14.810536075383425">
        <ele>528.44</ele>
      </trkpt>
      <trkpt lat="37.018775939941406" lon="14.810492992401123">
        <ele>527.44</ele>
      </trkpt>
      <trkpt lat="37.018526159226894" lon="14.810492908582091">
        <ele>526.43</ele>
      </trkpt>
      <trkpt lat="37.01827637851238" lon="14.810492908582091">
        <ele>525.34</ele>
      </trkpt>
      <trkpt lat="37.018024921417236" lon="14.810492992401123">
        <ele>524.25</ele>
      </trkpt>
      <trkpt lat="37.017767932266" lon="14.810428703203797">
        <ele>523.26</ele>
      </trkpt>
      <trkpt lat="37.01750993728638" lon="14.810364246368408">
        <ele>522.24</ele>
      </trkpt>
      <trkpt lat="37.01733852736652" lon="14.810289228335023">
        <ele>521.23</ele>
      </trkpt>
      <trkpt lat="37.01716661453247" lon="14.810214042663574">
        <ele>520.24</ele>
      </trkpt>
      <trkpt lat="37.01687735505402" lon="14.810064006596804">
        <ele>519.23</ele>
      </trkpt>
      <trkpt lat="37.016587257385254" lon="14.809913635253906">
        <ele>518.27</ele>
      </trkpt>
      <trkpt lat="37.01639413833618" lon="14.809870719909668">
        <ele>517.35</ele>
      </trkpt>
      <trkpt lat="37.016286849975586" lon="14.809956550598145">
        <ele>516.45</ele>
      </trkpt>
      <trkpt lat="37.01622247695923" lon="14.81006383895874">
        <ele>515.59</ele>
      </trkpt>
      <trkpt lat="37.01617956161499" lon="14.810128211975098">
        <ele>514.82</ele>
      </trkpt>
      <trkpt lat="37.016136730089784" lon="14.810128211975098">
        <ele>514.07</ele>
      </trkpt>
      <trkpt lat="37.01598644256592" lon="14.810128211975098">
        <ele>513.36</ele>
      </trkpt>
      <trkpt lat="37.01583649031818" lon="14.810063922777772">
        <ele>512.66</ele>
      </trkpt>
      <trkpt lat="37.01568611897528" lon="14.809999465942383">
        <ele>512.0</ele>
      </trkpt>
      <trkpt lat="37.01555737294257" lon="14.809935092926025">
        <ele>511.37</ele>
      </trkpt>
      <trkpt lat="37.015364253893495" lon="14.809784889221191">
        <ele>510.75</ele>
      </trkpt>
      <trkpt lat="37.0152569655329" lon="14.809720516204834">
        <ele>510.19</ele>
      </trkpt>
      <trkpt lat="37.015106761828065" lon="14.809677600860596">
        <ele>509.67</ele>
      </trkpt>
      <trkpt lat="37.01502093113959" lon="14.809656143188477">
        <ele>509.18</ele>
      </trkpt>
      <trkpt lat="37.01489218510687" lon="14.809634685516357">
        <ele>508.7</ele>
      </trkpt>
      <trkpt lat="37.01468867249787" lon="14.809656059369445">
        <ele>508.29</ele>
      </trkpt>
      <trkpt lat="37.01448440551758" lon="14.809677600860596">
        <ele>507.92</ele>
      </trkpt>
      <trkpt lat="37.01418458484113" lon="14.809773908928037">
        <ele>507.55</ele>
      </trkpt>
      <trkpt lat="37.01388359069824" lon="14.809870719909668">
        <ele>507.19</ele>
      </trkpt>
      <trkpt lat="37.01364805921912" lon="14.809881364926696">
        <ele>506.85</ele>
      </trkpt>
      <trkpt lat="37.01341160573065" lon="14.809892177581787">
        <ele>506.55</ele>
      </trkpt>
      <trkpt lat="37.0132399443537" lon="14.809892177581787">
        <ele>506.27</ele>
      </trkpt>
      <trkpt lat="37.01300441287458" lon="14.809877844527364">
        <ele>506.01</ele>
      </trkpt>
      <trkpt lat="37.01276888139546" lon="14.809863595291972">
        <ele>505.82</ele>
      </trkpt>
      <trkpt lat="37.01253184117377" lon="14.809849262237549">
        <ele>505.62</ele>
      </trkpt>
      <trkpt lat="37.01225289143622" lon="14.809892177581787">
        <ele>505.39</ele>
      </trkpt>
      <trkpt lat="37.012038649991155" lon="14.809970632195473">
        <ele>505.21</ele>
      </trkpt>
      <trkpt lat="37.01182449236512" lon="14.81004917062819">
        <ele>504.93</ele>
      </trkpt>
      <trkpt lat="37.01160907745361" lon="14.810128211975098">
        <ele>504.7</ele>
      </trkpt>
      <trkpt lat="37.011609161272645" lon="14.810128211975098">
        <ele>504.49</ele>
      </trkpt>
      <trkpt lat="37.011394584551454" lon="14.810214042663574">
        <ele>504.22</ele>
      </trkpt>
      <trkpt lat="37.01118000783026" lon="14.81029987335205">
        <ele>503.99</ele>
      </trkpt>
      <trkpt lat="37.01092285104096" lon="14.81043909676373">
        <ele>503.8</ele>
      </trkpt>
      <trkpt lat="37.0106650236994" lon="14.8105788230896">
        <ele>503.54</ele>
      </trkpt>
      <trkpt lat="37.01044348999858" lon="14.810721650719643">
        <ele>503.18</ele>
      </trkpt>
      <trkpt lat="37.01022204011679" lon="14.810864478349686">
        <ele>502.79</ele>
      </trkpt>
      <trkpt lat="37.00999975204468" lon="14.811007976531982">
        <ele>502.4</ele>
      </trkpt>
      <trkpt lat="37.009813925251365" lon="14.811150804162025">
        <ele>502.09</ele>
      </trkpt>
      <trkpt lat="37.00962818227708" lon="14.8112937156111">
        <ele>501.77</ele>
      </trkpt>
      <trkpt lat="37.00944185256958" lon="14.811437129974365">
        <ele>501.39</ele>
      </trkpt>
      <trkpt lat="37.009142115712166" lon="14.8114906065166">
        <ele>500.83</ele>
      </trkpt>
      <trkpt lat="37.008841121569276" lon="14.811544418334961">
        <ele>500.41</ele>
      </trkpt>
      <trkpt lat="37.008583545684814" lon="14.811608791351318">
        <ele>499.85</ele>
      </trkpt>
      <trkpt lat="37.00841188430786" lon="14.811758995056152">
        <ele>499.29</ele>
      </trkpt>
      <trkpt lat="37.00824433006346" lon="14.812063844874501">
        <ele>498.76</ele>
      </trkpt>
      <trkpt lat="37.008076859638095" lon="14.812368778511882">
        <ele>498.08</ele>
      </trkpt>
      <trkpt lat="37.00790938921273" lon="14.812673712149262">
        <ele>497.31</ele>
      </trkpt>
      <trkpt lat="37.00774191878736" lon="14.812978561967611">
        <ele>496.52</ele>
      </trkpt>
      <trkpt lat="37.007575035095215" lon="14.813282489776611">
        <ele>495.71</ele>
      </trkpt>
      <trkpt lat="37.00751066207886" lon="14.813454151153564">
        <ele>494.93</ele>
      </trkpt>
      <trkpt lat="37.00751074589789" lon="14.81358289718628">
        <ele>494.11</ele>
      </trkpt>
      <trkpt lat="37.007575035095215" lon="14.81381893157959">
        <ele>493.29</ele>
      </trkpt>
      <trkpt lat="37.00770378112793" lon="14.814012050628662">
        <ele>492.47</ele>
      </trkpt>
      <trkpt lat="37.007832527160645" lon="14.814205169677734">
        <ele>491.58</ele>
      </trkpt>
      <trkpt lat="37.00794702395797" lon="14.814484370872378">
        <ele>490.6</ele>
      </trkpt>
      <trkpt lat="37.00806160457432" lon="14.814763655886054">
        <ele>489.65</ele>
      </trkpt>
      <trkpt lat="37.00817584991455" lon="14.81504201889038">
        <ele>488.7</ele>
      </trkpt>
      <trkpt lat="37.00815439224243" lon="14.815406799316406">
        <ele>487.53</ele>
      </trkpt>
      <trkpt lat="37.00820812024176" lon="14.815718438476324">
        <ele>486.38</ele>
      </trkpt>
      <trkpt lat="37.00826168060303" lon="14.816029071807861">
        <ele>485.34</ele>
      </trkpt>
      <trkpt lat="37.00826168060303" lon="14.816286563873291">
        <ele>484.36</ele>
      </trkpt>
      <trkpt lat="37.008182890713215" lon="14.816537266597152">
        <ele>483.26</ele>
      </trkpt>
      <trkpt lat="37.0081041008234" lon="14.816787969321012">
        <ele>482.1</ele>
      </trkpt>
      <trkpt lat="37.00802573002875" lon="14.817037582397461">
        <ele>481.03</ele>
      </trkpt>
      <trkpt lat="37.00796135701239" lon="14.817144870758057">
        <ele>480.04</ele>
      </trkpt>
      <trkpt lat="37.007896900177" lon="14.817187786102295">
        <ele>479.08</ele>
      </trkpt>
      <trkpt lat="37.0077467802912" lon="14.817209243774414">
        <ele>478.09</ele>
      </trkpt>
      <trkpt lat="37.00761795043945" lon="14.817144870758057">
        <ele>477.13</ele>
      </trkpt>
      <trkpt lat="37.00746774673462" lon="14.817016124725342">
        <ele>476.22</ele>
      </trkpt>
      <trkpt lat="37.00736045837402" lon="14.816844463348389">
        <ele>475.35</ele>
      </trkpt>
      <trkpt lat="37.00724244117737" lon="14.816694259643555">
        <ele>474.56</ele>
      </trkpt>
      <trkpt lat="37.00712442398071" lon="14.81654405593872">
        <ele>473.78</ele>
      </trkpt>
      <trkpt lat="37.006888473406434" lon="14.816372394561768">
        <ele>473.04</ele>
      </trkpt>
      <trkpt lat="37.006587982177734" lon="14.816265106201172">
        <ele>472.27</ele>
      </trkpt>
      <trkpt lat="37.006309032440186" lon="14.816243648529053">
        <ele>471.51</ele>
      </trkpt>
      <trkpt lat="37.006072998046875" lon="14.816286563873291">
        <ele>470.84</ele>
      </trkpt>
      <trkpt lat="37.005836963653564" lon="14.816415309906006">
        <ele>470.27</ele>
      </trkpt>
      <trkpt lat="37.00560109689832" lon="14.816618906334043">
        <ele>469.63</ele>
      </trkpt>
      <trkpt lat="37.00536489486694" lon="14.81682300567627">
        <ele>469.09</ele>
      </trkpt>
      <trkpt lat="37.005107402801514" lon="14.817037582397461">
        <ele>468.47</ele>
      </trkpt>
      <trkpt lat="37.0048713684082" lon="14.817144870758057">
        <ele>467.88</ele>
      </trkpt>
      <trkpt lat="37.004570960998535" lon="14.817209243774414">
        <ele>467.25</ele>
      </trkpt>
      <trkpt lat="37.00430969707668" lon="14.817200610414147">
        <ele>466.57</ele>
      </trkpt>
      <trkpt lat="37.00404851697385" lon="14.817192060872912">
        <ele>465.95</ele>
      </trkpt>
      <trkpt lat="37.00378733687103" lon="14.817183511331677">
        <ele>465.39</ele>
      </trkpt>
      <trkpt lat="37.0035261567682" lon="14.817174961790442">
        <ele>464.88</ele>
      </trkpt>
      <trkpt lat="37.00326204299927" lon="14.817166328430176">
        <ele>464.35</ele>
      </trkpt>
      <trkpt lat="37.00298317708075" lon="14.817101955413818">
        <ele>463.78</ele>
      </trkpt>
      <trkpt lat="37.00271537527442" lon="14.817000199109316">
        <ele>463.2</ele>
      </trkpt>
      <trkpt lat="37.00244765728712" lon="14.816898442804813">
        <ele>462.71</ele>
      </trkpt>
      <trkpt lat="37.00217993929982" lon="14.816796686500311">
        <ele>462.26</ele>
      </trkpt>
      <trkpt lat="37.00191020965576" lon="14.816694259643555">
        <ele>461.83</ele>
      </trkpt>
      <trkpt lat="37.001609886065125" lon="14.816694259643555">
        <ele>461.41</ele>
      </trkpt>
      <trkpt lat="37.00148105621338" lon="14.816844463348389">
        <ele>461.01</ele>
      </trkpt>
      <trkpt lat="37.00143814086914" lon="14.816951751708984">
        <ele>460.62</ele>
      </trkpt>
      <trkpt lat="37.0013952255249" lon="14.817252159118652">
        <ele>460.21</ele>
      </trkpt>
      <trkpt lat="37.00142749585211" lon="14.817579975351691">
        <ele>459.84</ele>
      </trkpt>
      <trkpt lat="37.00145976617932" lon="14.817907875403762">
        <ele>459.55</ele>
      </trkpt>
      <trkpt lat="37.001492036506534" lon="14.818235775455832">
        <ele>459.32</ele>
      </trkpt>
      <trkpt lat="37.00152405537665" lon="14.81856107711792">
        <ele>459.03</ele>
      </trkpt>
      <trkpt lat="37.00152397155762" lon="14.81881856918335">
        <ele>458.71</ele>
      </trkpt>
      <trkpt lat="37.00148105621338" lon="14.818947315216064">
        <ele>458.37</ele>
      </trkpt>
      <trkpt lat="37.00137376785278" lon="14.819204807281494">
        <ele>457.98</ele>
      </trkpt>
      <trkpt lat="37.00122356414795" lon="14.819376468658447">
        <ele>457.64</ele>
      </trkpt>
      <trkpt lat="37.001051902770996" lon="14.819505214691162">
        <ele>457.37</ele>
      </trkpt>
      <trkpt lat="37.000762643292546" lon="14.819644438102841">
        <ele>457.14</ele>
      </trkpt>
      <trkpt lat="37.00047254562378" lon="14.819784164428711">
        <ele>456.9</ele>
      </trkpt>
      <trkpt lat="37.00047262944281" lon="14.819784164428711">
        <ele>456.73</ele>
      </trkpt>
      <trkpt lat="37.00023701414466" lon="14.819880472496152">
        <ele>456.48</ele>
      </trkpt>
      <trkpt lat="37.00000056065619" lon="14.819977283477783">
        <ele>456.28</ele>
      </trkpt>
      <trkpt lat="36.99972638860345" lon="14.820041488856077">
        <ele>456.21</ele>
      </trkpt>
      <trkpt lat="36.99945230036974" lon="14.820105694234371">
        <ele>456.14</ele>
      </trkpt>
      <trkpt lat="36.99917821213603" lon="14.820169983431697">
        <ele>456.13</ele>
      </trkpt>
      <trkpt lat="36.99890412390232" lon="14.82023418880999">
        <ele>456.16</ele>
      </trkpt>
      <trkpt lat="36.99862718582153" lon="14.82029914855957">
        <ele>456.3</ele>
      </trkpt>
      <trkpt lat="36.99833809398115" lon="14.82028841972351">
        <ele>456.37</ele>
      </trkpt>
      <trkpt lat="36.99804908595979" lon="14.820277690887451">
        <ele>456.45</ele>
      </trkpt>
      <trkpt lat="36.99776007793844" lon="14.820266962051392">
        <ele>456.53</ele>
      </trkpt>
      <trkpt lat="36.99746855534613" lon="14.820256233215332">
        <ele>456.46</ele>
      </trkpt>
      <trkpt lat="36.99733980931342" lon="14.82029914855957">
        <ele>456.45</ele>
      </trkpt>
      <trkpt lat="36.99723243713379" lon="14.820384979248047">
        <ele>456.44</ele>
      </trkpt>
      <trkpt lat="36.99709069915116" lon="14.820651188492775">
        <ele>456.52</ele>
      </trkpt>
      <trkpt lat="36.99694896116853" lon="14.820917481556535">
        <ele>456.55</ele>
      </trkpt>
      <trkpt lat="36.9968072231859" lon="14.821183774620295">
        <ele>456.56</ele>
      </trkpt>
      <trkpt lat="36.996665485203266" lon="14.821450067684054">
        <ele>456.74</ele>
      </trkpt>
      <trkpt lat="36.99652433395386" lon="14.821715354919434">
        <ele>456.89</ele>
      </trkpt>
      <trkpt lat="36.99648141860962" lon="14.821844100952148">
        <ele>457.05</ele>
      </trkpt>
      <trkpt lat="36.99641712941229" lon="14.822187423706055">
        <ele>457.22</ele>
      </trkpt>
      <trkpt lat="36.99640271253884" lon="14.822459751740098">
        <ele>457.39</ele>
      </trkpt>
      <trkpt lat="36.996388379484415" lon="14.822732079774141">
        <ele>457.61</ele>
      </trkpt>
      <trkpt lat="36.996374214068055" lon="14.823002815246582">
        <ele>457.82</ele>
      </trkpt>
      <trkpt lat="36.996363401412964" lon="14.823282267898321">
        <ele>458.05</ele>
      </trkpt>
      <trkpt lat="36.996352756395936" lon="14.82356071472168">
        <ele>458.26</ele>
      </trkpt>
      <trkpt lat="36.996331214904785" lon="14.823868833482265">
        <ele>458.45</ele>
      </trkpt>
      <trkpt lat="36.996309673413634" lon="14.824177036061883">
        <ele>458.67</ele>
      </trkpt>
      <trkpt lat="36.99628829956055" lon="14.824483394622803">
        <ele>458.97</ele>
      </trkpt>
      <trkpt lat="36.99618101119995" lon="14.824848175048828">
        <ele>459.37</ele>
      </trkpt>
      <trkpt lat="36.99600943364203" lon="14.825170040130615">
        <ele>459.79</ele>
      </trkpt>
      <trkpt lat="36.995816230773926" lon="14.825470447540283">
        <ele>460.22</ele>
      </trkpt>
      <trkpt lat="36.99558028019965" lon="14.825706481933594">
        <ele>460.58</ele>
      </trkpt>
      <trkpt lat="36.99535162188113" lon="14.825877891853452">
        <ele>461.02</ele>
      </trkpt>
      <trkpt lat="36.99512296356261" lon="14.826049385592341">
        <ele>461.46</ele>
      </trkpt>
      <trkpt lat="36.9948935508728" lon="14.826221466064453">
        <ele>462.01</ele>
      </trkpt>
      <trkpt lat="36.99470043182373" lon="14.826414585113525">
        <ele>462.52</ele>
      </trkpt>
      <trkpt lat="36.994564393535256" lon="14.826636370271444">
        <ele>462.99</ele>
      </trkpt>
      <trkpt lat="36.994428439065814" lon="14.826858239248395">
        <ele>463.61</ele>
      </trkpt>
      <trkpt lat="36.99429273605347" lon="14.827079772949219">
        <ele>464.18</ele>
      </trkpt>
      <trkpt lat="36.99405678547919" lon="14.827326368540525">
        <ele>464.79</ele>
      </trkpt>
      <trkpt lat="36.99382075108588" lon="14.827573299407959">
        <ele>465.46</ele>
      </trkpt>
      <trkpt lat="36.99358496814966" lon="14.827744709327817">
        <ele>466.18</ele>
      </trkpt>
      <trkpt lat="36.993348682299256" lon="14.827916622161865">
        <ele>466.95</ele>
      </trkpt>
      <trkpt lat="36.993091106414795" lon="14.82804536819458">
        <ele>467.78</ele>
      </trkpt>
      <trkpt lat="36.99285549111664" lon="14.828109573572874">
        <ele>468.6</ele>
      </trkpt>
      <trkpt lat="36.992619037628174" lon="14.828174114227295">
        <ele>469.4</ele>
      </trkpt>
      <trkpt lat="36.99233639985323" lon="14.828156931325793">
        <ele>470.25</ele>
      </trkpt>
      <trkpt lat="36.992053762078285" lon="14.828139832243323">
        <ele>471.19</ele>
      </trkpt>
      <trkpt lat="36.99177112430334" lon="14.828122649341822">
        <ele>472.2</ele>
      </trkpt>
      <trkpt lat="36.99148857034743" lon="14.828105550259352">
        <ele>473.23</ele>
      </trkpt>
      <trkpt lat="36.99120283126831" lon="14.828088283538818">
        <ele>474.22</ele>
      </trkpt>
      <trkpt lat="36.99103116989136" lon="14.82804536819458">
        <ele>475.24</ele>
      </trkpt>
      <trkpt lat="36.990838050842285" lon="14.827959537506104">
        <ele>476.33</ele>
      </trkpt>
      <trkpt lat="36.99069865979254" lon="14.82785233296454">
        <ele>477.45</ele>
      </trkpt>
      <trkpt lat="36.990559101104736" lon="14.827744960784912">
        <ele>478.58</ele>
      </trkpt>
      <trkpt lat="36.99035173282027" lon="14.827537592500448">
        <ele>479.74</ele>
      </trkpt>
      <trkpt lat="36.99014444835484" lon="14.827330308035016">
        <ele>480.91</ele>
      </trkpt>
      <trkpt lat="36.98993682861328" lon="14.827122688293457">
        <ele>482.14</ele>
      </trkpt>
      <trkpt lat="36.98993691243231" lon="14.827122688293457">
        <ele>483.41</ele>
      </trkpt>
      <trkpt lat="36.989700878039" lon="14.826865280047059">
        <ele>484.81</ele>
      </trkpt>
      <trkpt lat="36.98946475982666" lon="14.826607704162598">
        <ele>486.27</ele>
      </trkpt>
      <trkpt lat="36.98933584615588" lon="14.826364293694496">
        <ele>487.7</ele>
      </trkpt>
      <trkpt lat="36.989207016304135" lon="14.826120883226395">
        <ele>489.1</ele>
      </trkpt>
      <trkpt lat="36.989078521728516" lon="14.825878143310547">
        <ele>490.53</ele>
      </trkpt>
      <trkpt lat="36.98884265497327" lon="14.825663650408387">
        <ele>492.05</ele>
      </trkpt>
      <trkpt lat="36.988606452941895" lon="14.825448989868164">
        <ele>493.53</ele>
      </trkpt>
      <trkpt lat="36.98840637691319" lon="14.825320411473513">
        <ele>494.99</ele>
      </trkpt>
      <trkpt lat="36.98820638470352" lon="14.825191833078861">
        <ele>496.45</ele>
      </trkpt>
      <trkpt lat="36.98800563812256" lon="14.82506275177002">
        <ele>497.84</ele>
      </trkpt>
      <trkpt lat="36.9876996986568" lon="14.825032157823443">
        <ele>499.24</ele>
      </trkpt>
      <trkpt lat="36.98739384301007" lon="14.825001563876867">
        <ele>500.63</ele>
      </trkpt>
      <trkpt lat="36.98708798736334" lon="14.824970969930291">
        <ele>502.01</ele>
      </trkpt>
      <trkpt lat="36.98678213171661" lon="14.824940375983715">
        <ele>503.39</ele>
      </trkpt>
      <trkpt lat="36.98647627606988" lon="14.824909782037139">
        <ele>504.7</ele>
      </trkpt>
      <trkpt lat="36.98617042042315" lon="14.824879188090563">
        <ele>505.98</ele>
      </trkpt>
      <trkpt lat="36.985859870910645" lon="14.824848175048828">
        <ele>507.21</ele>
      </trkpt>
      <trkpt lat="36.98566717095673" lon="14.824826717376709">
        <ele>508.36</ele>
      </trkpt>
      <trkpt lat="36.98547371663153" lon="14.82480525970459">
        <ele>509.47</ele>
      </trkpt>
      <trkpt lat="36.985173895955086" lon="14.824776677414775">
        <ele>510.55</ele>
      </trkpt>
      <trkpt lat="36.98487415909767" lon="14.82474809512496">
        <ele>511.63</ele>
      </trkpt>
      <trkpt lat="36.98457249440253" lon="14.824719429016113">
        <ele>512.62</ele>
      </trkpt>
      <trkpt lat="36.98441181331873" lon="14.824708700180054">
        <ele>513.46</ele>
      </trkpt>
      <trkpt lat="36.98425054550171" lon="14.824697971343994">
        <ele>514.22</ele>
      </trkpt>
      <trkpt lat="36.98399355635047" lon="14.824601579457521">
        <ele>514.91</ele>
      </trkpt>
      <trkpt lat="36.98373564518988" lon="14.824504852294922">
        <ele>515.56</ele>
      </trkpt>
      <trkpt lat="36.98343515396118" lon="14.824440479278564">
        <ele>516.08</ele>
      </trkpt>
      <trkpt lat="36.983134830370545" lon="14.82454776763916">
        <ele>516.47</ele>
      </trkpt>
      <trkpt lat="36.98297381401062" lon="14.82475153170526">
        <ele>516.8</ele>
      </trkpt>
      <trkpt lat="36.98281288146973" lon="14.824955463409424">
        <ele>517.09</ele>
      </trkpt>
      <trkpt lat="36.98268413543701" lon="14.82506275177002">
        <ele>517.25</ele>
      </trkpt>
      <trkpt lat="36.9825553894043" lon="14.825127124786377">
        <ele>517.31</ele>
      </trkpt>
      <trkpt lat="36.982405269518495" lon="14.825084209442139">
        <ele>517.27</ele>
      </trkpt>
      <trkpt lat="36.982212318107486" lon="14.824966276064515">
        <ele>517.07</ele>
      </trkpt>
      <trkpt lat="36.98201894760132" lon="14.824848175048828">
        <ele>516.77</ele>
      </trkpt>
      <trkpt lat="36.98180437088013" lon="14.824848175048828">
        <ele>516.38</ele>
      </trkpt>
      <trkpt lat="36.98171854019165" lon="14.824891090393066">
        <ele>515.92</ele>
      </trkpt>
      <trkpt lat="36.981611251831055" lon="14.824998378753662">
        <ele>515.39</ele>
      </trkpt>
      <trkpt lat="36.98147169314325" lon="14.825212955474854">
        <ele>514.79</ele>
      </trkpt>
      <trkpt lat="36.981332302093506" lon="14.825427532196045">
        <ele>514.08</ele>
      </trkpt>
      <trkpt lat="36.98128938674927" lon="14.825513362884521">
        <ele>513.36</ele>
      </trkpt>
      <trkpt lat="36.98105335235596" lon="14.825706481933594">
        <ele>512.47</ele>
      </trkpt>
      <trkpt lat="36.98083366267383" lon="14.825834976509213">
        <ele>511.59</ele>
      </trkpt>
      <trkpt lat="36.98061405681074" lon="14.825963554903865">
        <ele>510.73</ele>
      </trkpt>
      <trkpt lat="36.98039445094764" lon="14.826092133298516">
        <ele>509.85</ele>
      </trkpt>
      <trkpt lat="36.98017358779907" lon="14.826221466064453">
        <ele>508.88</ele>
      </trkpt>
      <trkpt lat="36.979959178715944" lon="14.826382147148252">
        <ele>507.9</ele>
      </trkpt>
      <trkpt lat="36.97974443435669" lon="14.82654333114624">
        <ele>506.87</ele>
      </trkpt>
      <trkpt lat="36.9795298576355" lon="14.826672077178955">
        <ele>505.81</ele>
      </trkpt>
      <trkpt lat="36.979358196258545" lon="14.826693534851074">
        <ele>504.85</ele>
      </trkpt>
      <trkpt lat="36.9791654124856" lon="14.826650703325868">
        <ele>503.9</ele>
      </trkpt>
      <trkpt lat="36.9789719581604" lon="14.826607704162598">
        <ele>502.96</ele>
      </trkpt>
      <trkpt lat="36.978864669799805" lon="14.82656478881836">
        <ele>502.09</ele>
      </trkpt>
      <trkpt lat="36.978864753618836" lon="14.82656478881836">
        <ele>501.32</ele>
      </trkpt>
      <trkpt lat="36.97875738143921" lon="14.826500415802002">
        <ele>500.56</ele>
      </trkpt>
      <trkpt lat="36.978628635406494" lon="14.826436042785645">
        <ele>499.87</ele>
      </trkpt>
      <trkpt lat="36.97837139479816" lon="14.826221633702517">
        <ele>499.2</ele>
      </trkpt>
      <trkpt lat="36.978114154189825" lon="14.826007224619389">
        <ele>498.64</ele>
      </trkpt>
      <trkpt lat="36.97785691358149" lon="14.82579281553626">
        <ele>498.22</ele>
      </trkpt>
      <trkpt lat="36.97759875096381" lon="14.825577735900879">
        <ele>497.91</ele>
      </trkpt>
      <trkpt lat="36.97753437794745" lon="14.82553482055664">
        <ele>497.63</ele>
      </trkpt>
      <trkpt lat="36.97736280038953" lon="14.825395429506898">
        <ele>497.46</ele>
      </trkpt>
      <trkpt lat="36.97719097137451" lon="14.825255870819092">
        <ele>497.36</ele>
      </trkpt>
      <trkpt lat="36.97716951370239" lon="14.825234413146973">
        <ele>497.32</ele>
      </trkpt>
      <trkpt lat="36.97699785232544" lon="14.825084209442139">
        <ele>497.37</ele>
      </trkpt>
      <trkpt lat="36.976772798225284" lon="14.82490198686719">
        <ele>497.53</ele>
      </trkpt>
      <trkpt lat="36.97654732502997" lon="14.824719429016113">
        <ele>497.82</ele>
      </trkpt>
      <trkpt lat="36.97631137445569" lon="14.824483478441834">
        <ele>498.15</ele>
      </trkpt>
      <trkpt lat="36.97607542388141" lon="14.824247611686587">
        <ele>498.55</ele>
      </trkpt>
      <trkpt lat="36.975839138031006" lon="14.824011325836182">
        <ele>499.06</ele>
      </trkpt>
      <trkpt lat="36.97561391629279" lon="14.823775375261903">
        <ele>499.63</ele>
      </trkpt>
      <trkpt lat="36.975388526916504" lon="14.82353925704956">
        <ele>500.28</ele>
      </trkpt>
      <trkpt lat="36.97519540786743" lon="14.823346138000488">
        <ele>501.03</ele>
      </trkpt>
      <trkpt lat="36.975077306851745" lon="14.823163663968444">
        <ele>501.8</ele>
      </trkpt>
      <trkpt lat="36.97495937347412" lon="14.822981357574463">
        <ele>502.64</ele>
      </trkpt>
      <trkpt lat="36.97480916976929" lon="14.82278823852539">
        <ele>503.54</ele>
      </trkpt>
      <trkpt lat="36.97465896606445" lon="14.822595119476318">
        <ele>504.49</ele>
      </trkpt>
      <trkpt lat="36.974562322720885" lon="14.822434103116393">
        <ele>505.51</ele>
      </trkpt>
      <trkpt lat="36.97446584701538" lon="14.822273254394531">
        <ele>506.55</ele>
      </trkpt>
      <trkpt lat="36.974347745999694" lon="14.822079967707396">
        <ele>507.65</ele>
      </trkpt>
      <trkpt lat="36.9742298964411" lon="14.821887016296387">
        <ele>508.82</ele>
      </trkpt>
      <trkpt lat="36.97407969273627" lon="14.821629524230957">
        <ele>510.03</ele>
      </trkpt>
      <trkpt lat="36.97392932139337" lon="14.821364656090736">
        <ele>511.32</ele>
      </trkpt>
      <trkpt lat="36.973779033869505" lon="14.821099871769547">
        <ele>512.67</ele>
      </trkpt>
      <trkpt lat="36.973629081621766" lon="14.820835590362549">
        <ele>514.08</ele>
      </trkpt>
      <trkpt lat="36.97348943911493" lon="14.820588659495115">
        <ele>515.51</ele>
      </trkpt>
      <trkpt lat="36.973350048065186" lon="14.820342063903809">
        <ele>516.99</ele>
      </trkpt>
      <trkpt lat="36.97323546744883" lon="14.820012571290135">
        <ele>518.54</ele>
      </trkpt>
      <trkpt lat="36.973120886832476" lon="14.819683078676462">
        <ele>520.1</ele>
      </trkpt>
      <trkpt lat="36.97300680913031" lon="14.819355010986328">
        <ele>521.65</ele>
      </trkpt>
      <trkpt lat="36.97291008196771" lon="14.819036163389683">
        <ele>523.25</ele>
      </trkpt>
      <trkpt lat="36.97281335480511" lon="14.81871739961207">
        <ele>524.96</ele>
      </trkpt>
      <trkpt lat="36.97271662764251" lon="14.818398635834455">
        <ele>526.59</ele>
      </trkpt>
      <trkpt lat="36.97261990047991" lon="14.818079872056842">
        <ele>528.18</ele>
      </trkpt>
      <trkpt lat="36.97252317331731" lon="14.817761108279228">
        <ele>529.76</ele>
      </trkpt>
      <trkpt lat="36.97242736816406" lon="14.817445278167725">
        <ele>531.36</ele>
      </trkpt>
      <trkpt lat="36.97236819192767" lon="14.817117378115654">
        <ele>532.97</ele>
      </trkpt>
      <trkpt lat="36.97230909951031" lon="14.816789561882615">
        <ele>534.56</ele>
      </trkpt>
      <trkpt lat="36.97225000709295" lon="14.816461745649576">
        <ele>536.11</ele>
      </trkpt>
      <trkpt lat="36.972191417589784" lon="14.816136360168457">
        <ele>537.63</ele>
      </trkpt>
      <trkpt lat="36.972084045410156" lon="14.815857410430908">
        <ele>539.05</ele>
      </trkpt>
      <trkpt lat="36.97198740206659" lon="14.815664123743773">
        <ele>540.46</ele>
      </trkpt>
      <trkpt lat="36.971890926361084" lon="14.815471172332764">
        <ele>541.83</ele>
      </trkpt>
      <trkpt lat="36.97176218032837" lon="14.815363883972168">
        <ele>543.15</ele>
      </trkpt>
      <trkpt lat="36.971547938883305" lon="14.815246034413576">
        <ele>544.48</ele>
      </trkpt>
      <trkpt lat="36.97133311070502" lon="14.815127849578857">
        <ele>545.66</ele>
      </trkpt>
      <trkpt lat="36.97117234580219" lon="14.815031373873353">
        <ele>546.74</ele>
      </trkpt>
      <trkpt lat="36.9710111618042" lon="14.814934730529785">
        <ele>547.73</ele>
      </trkpt>
      <trkpt lat="36.970775378867984" lon="14.814784694463015">
        <ele>548.69</ele>
      </trkpt>
      <trkpt lat="36.97053909301758" lon="14.814634323120117">
        <ele>549.58</ele>
      </trkpt>
      <trkpt lat="36.97043180465698" lon="14.814505577087402">
        <ele>550.36</ele>
      </trkpt>
      <trkpt lat="36.97030305862427" lon="14.814162254333496">
        <ele>551.05</ele>
      </trkpt>
      <trkpt lat="36.97021722793579" lon="14.814033508300781">
        <ele>551.65</ele>
      </trkpt>
      <trkpt lat="36.96998127736151" lon="14.813883304595947">
        <ele>552.17</ele>
      </trkpt>
      <trkpt lat="36.96993827819824" lon="14.813840389251709">
        <ele>552.65</ele>
      </trkpt>
      <trkpt lat="36.969713224098086" lon="14.813690353184938">
        <ele>553.05</ele>
      </trkpt>
      <trkpt lat="36.96948766708374" lon="14.813539981842041">
        <ele>553.38</ele>
      </trkpt>
      <trkpt lat="36.96927309036255" lon="14.813261032104492">
        <ele>553.63</ele>
      </trkpt>
      <trkpt lat="36.969101345166564" lon="14.81299264356494">
        <ele>553.92</ele>
      </trkpt>
      <trkpt lat="36.96892976760864" lon="14.812724590301514">
        <ele>554.2</ele>
      </trkpt>
      <trkpt lat="36.968822395429015" lon="14.812509762123227">
        <ele>554.4</ele>
      </trkpt>
      <trkpt lat="36.96871527470648" lon="14.81229543685913">
        <ele>554.52</ele>
      </trkpt>
      <trkpt lat="36.968586361035705" lon="14.812048422172666">
        <ele>554.61</ele>
      </trkpt>
      <trkpt lat="36.96845778264105" lon="14.81180191040039">
        <ele>554.63</ele>
      </trkpt>
      <trkpt lat="36.96832895278931" lon="14.811544418334961">
        <ele>554.55</ele>
      </trkpt>
      <trkpt lat="36.96821286343038" lon="14.81123068369925">
        <ele>554.39</ele>
      </trkpt>
      <trkpt lat="36.96809685789049" lon="14.810917032882571">
        <ele>554.15</ele>
      </trkpt>
      <trkpt lat="36.96798085235059" lon="14.81060329824686">
        <ele>553.9</ele>
      </trkpt>
      <trkpt lat="36.9678648468107" lon="14.810289647430182">
        <ele>553.66</ele>
      </trkpt>
      <trkpt lat="36.96774959564209" lon="14.809978008270264">
        <ele>553.46</ele>
      </trkpt>
      <trkpt lat="36.96774967946112" lon="14.809978008270264">
        <ele>553.27</ele>
      </trkpt>
      <trkpt lat="36.967642307281494" lon="14.80982780456543">
        <ele>553.05</ele>
      </trkpt>
      <trkpt lat="36.96743845939636" lon="14.80958104133606">
        <ele>552.78</ele>
      </trkpt>
      <trkpt lat="36.96723469533026" lon="14.80933427810669">
        <ele>552.56</ele>
      </trkpt>
      <trkpt lat="36.96710603311658" lon="14.809216344729066">
        <ele>552.39</ele>
      </trkpt>
      <trkpt lat="36.96697720326483" lon="14.809098243713379">
        <ele>552.3</ele>
      </trkpt>
      <trkpt lat="36.96678408421576" lon="14.808905124664307">
        <ele>552.28</ele>
      </trkpt>
      <trkpt lat="36.96655894629657" lon="14.808728266507387">
        <ele>552.36</ele>
      </trkpt>
      <trkpt lat="36.96633389219642" lon="14.808551408350468">
        <ele>552.39</ele>
      </trkpt>
      <trkpt lat="36.96610875427723" lon="14.808374550193548">
        <ele>552.39</ele>
      </trkpt>
      <trkpt lat="36.965882778167725" lon="14.808197021484375">
        <ele>552.34</ele>
      </trkpt>
      <trkpt lat="36.965882861986756" lon="14.808197021484375">
        <ele>552.42</ele>
      </trkpt>
      <trkpt lat="36.96563635021448" lon="14.808057714253664">
        <ele>552.48</ele>
      </trkpt>
      <trkpt lat="36.965389251708984" lon="14.807918071746826">
        <ele>552.7</ele>
      </trkpt>
      <trkpt lat="36.965153301134706" lon="14.807682037353516">
        <ele>552.94</ele>
      </trkpt>
      <trkpt lat="36.96500309742987" lon="14.807467460632324">
        <ele>553.17</ele>
      </trkpt>
      <trkpt lat="36.964895725250244" lon="14.807424545288086">
        <ele>553.46</ele>
      </trkpt>
      <trkpt lat="36.96472439914942" lon="14.807435190305114">
        <ele>553.81</ele>
      </trkpt>
      <trkpt lat="36.96455240249634" lon="14.807446002960205">
        <ele>554.25</ele>
      </trkpt>
      <trkpt lat="36.964402282610536" lon="14.807403087615967">
        <ele>554.67</ele>
      </trkpt>
      <trkpt lat="36.96425199508667" lon="14.80733871459961">
        <ele>555.1</ele>
      </trkpt>
      <trkpt lat="36.96403741836548" lon="14.807209968566895">
        <ele>555.57</ele>
      </trkpt>
      <trkpt lat="36.96382292546332" lon="14.806995475664735">
        <ele>556.1</ele>
      </trkpt>
      <trkpt lat="36.963608264923096" lon="14.806780815124512">
        <ele>556.75</ele>
      </trkpt>
      <trkpt lat="36.96344716474414" lon="14.806458614766598">
        <ele>557.42</ele>
      </trkpt>
      <trkpt lat="36.96328639984131" lon="14.806137084960938">
        <ele>557.97</ele>
      </trkpt>
      <trkpt lat="36.96322202682495" lon="14.806051254272461">
        <ele>558.54</ele>
      </trkpt>
      <trkpt lat="36.963114738464355" lon="14.805879592895508">
        <ele>559.11</ele>
      </trkpt>
      <trkpt lat="36.96290728636086" lon="14.80561489239335">
        <ele>559.68</ele>
      </trkpt>
      <trkpt lat="36.962699834257364" lon="14.805350275710225">
        <ele>560.3</ele>
      </trkpt>
      <trkpt lat="36.9624924659729" lon="14.8050856590271">
        <ele>560.89</ele>
      </trkpt>
      <trkpt lat="36.96232088841498" lon="14.804849624633789">
        <ele>561.46</ele>
      </trkpt>
      <trkpt lat="36.96225643157959" lon="14.804763793945312">
        <ele>562.03</ele>
      </trkpt>
      <trkpt lat="36.96225651539862" lon="14.804763793945312">
        <ele>562.6</ele>
      </trkpt>
      <trkpt lat="36.96201704442501" lon="14.804542176425457">
        <ele>563.16</ele>
      </trkpt>
      <trkpt lat="36.9617775734514" lon="14.804320642724633">
        <ele>563.71</ele>
      </trkpt>
      <trkpt lat="36.96153818629682" lon="14.804099025204778">
        <ele>564.27</ele>
      </trkpt>
      <trkpt lat="36.96129871532321" lon="14.803877491503954">
        <ele>564.83</ele>
      </trkpt>
      <trkpt lat="36.96105932816863" lon="14.803655873984098">
        <ele>565.35</ele>
      </trkpt>
      <trkpt lat="36.96081885136664" lon="14.803433418273926">
        <ele>565.88</ele>
      </trkpt>
      <trkpt lat="36.96075447835028" lon="14.803369045257568">
        <ele>566.33</ele>
      </trkpt>
      <trkpt lat="36.96060435846448" lon="14.803218925371766">
        <ele>566.77</ele>
      </trkpt>
      <trkpt lat="36.960454070940614" lon="14.8030686378479">
        <ele>567.17</ele>
      </trkpt>
      <trkpt lat="36.96024678647518" lon="14.802897060289979">
        <ele>567.54</ele>
      </trkpt>
      <trkpt lat="36.96003950200975" lon="14.80272556655109">
        <ele>567.84</ele>
      </trkpt>
      <trkpt lat="36.95983171463013" lon="14.802553653717041">
        <ele>568.07</ele>
      </trkpt>
      <trkpt lat="36.95957430638373" lon="14.802381992340088">
        <ele>568.32</ele>
      </trkpt>
      <trkpt lat="36.95950993336737" lon="14.80233907699585">
        <ele>568.52</ele>
      </trkpt>
      <trkpt lat="36.95922067388892" lon="14.802199769765139">
        <ele>568.74</ele>
      </trkpt>
      <trkpt lat="36.958930576220155" lon="14.8020601272583">
        <ele>568.89</ele>
      </trkpt>
      <trkpt lat="36.958646764978766" lon="14.801947642117739">
        <ele>568.91</ele>
      </trkpt>
      <trkpt lat="36.95836295373738" lon="14.801835156977177">
        <ele>568.91</ele>
      </trkpt>
      <trkpt lat="36.95807914249599" lon="14.801722755655646">
        <ele>568.88</ele>
      </trkpt>
      <trkpt lat="36.95779331959784" lon="14.801609516143799">
        <ele>568.75</ele>
      </trkpt>
      <trkpt lat="36.957543371245265" lon="14.801502395421267">
        <ele>568.55</ele>
      </trkpt>
      <trkpt lat="36.95729350671172" lon="14.801395274698734">
        <ele>568.39</ele>
      </trkpt>
      <trkpt lat="36.95704230107367" lon="14.801287651062012">
        <ele>568.26</ele>
      </trkpt>
      <trkpt lat="36.95684943348169" lon="14.801201904192567">
        <ele>568.09</ele>
      </trkpt>
      <trkpt lat="36.956655979156494" lon="14.801115989685059">
        <ele>567.85</ele>
      </trkpt>
      <trkpt lat="36.956398487091064" lon="14.801030158996582">
        <ele>567.58</ele>
      </trkpt>
      <trkpt lat="36.95622716099024" lon="14.800976598635316">
        <ele>567.29</ele>
      </trkpt>
      <trkpt lat="36.95605524815619" lon="14.800922870635986">
        <ele>566.96</ele>
      </trkpt>
      <trkpt lat="36.95580362342298" lon="14.80085858143866">
        <ele>566.66</ele>
      </trkpt>
      <trkpt lat="36.95555199868977" lon="14.800794376060367">
        <ele>566.35</ele>
      </trkpt>
      <trkpt lat="36.95530037395656" lon="14.800730086863041">
        <ele>565.98</ele>
      </trkpt>
      <trkpt lat="36.95504673756659" lon="14.800665378570557">
        <ele>565.57</ele>
      </trkpt>
      <trkpt lat="36.95476829074323" lon="14.800590360537171">
        <ele>565.15</ele>
      </trkpt>
      <trkpt lat="36.95448883809149" lon="14.800515174865723">
        <ele>564.77</ele>
      </trkpt>
      <trkpt lat="36.95425280369818" lon="14.800450801849365">
        <ele>564.41</ele>
      </trkpt>
      <trkpt lat="36.95401676930487" lon="14.800407886505127">
        <ele>564.09</ele>
      </trkpt>
      <trkpt lat="36.953716948628426" lon="14.800332868471742">
        <ele>563.81</ele>
      </trkpt>
      <trkpt lat="36.95341712795198" lon="14.800257934257388">
        <ele>563.54</ele>
      </trkpt>
      <trkpt lat="36.953117391094565" lon="14.800183000043035">
        <ele>563.23</ele>
      </trkpt>
      <trkpt lat="36.95281757041812" lon="14.800108065828681">
        <ele>562.95</ele>
      </trkpt>
      <trkpt lat="36.952517833560705" lon="14.800033131614327">
        <ele>562.7</ele>
      </trkpt>
      <trkpt lat="36.952214324846864" lon="14.799957275390625">
        <ele>562.46</ele>
      </trkpt>
      <trkpt lat="36.9519567489624" lon="14.799914360046387">
        <ele>562.21</ele>
      </trkpt>
      <trkpt lat="36.95171585306525" lon="14.799882173538208">
        <ele>561.96</ele>
      </trkpt>
      <trkpt lat="36.9514749571681" lon="14.799850070849061">
        <ele>561.69</ele>
      </trkpt>
      <trkpt lat="36.95123406127095" lon="14.799817968159914">
        <ele>561.41</ele>
      </trkpt>
      <trkpt lat="36.95099115371704" lon="14.799785614013672">
        <ele>561.21</ele>
      </trkpt>
      <trkpt lat="36.950712790712714" lon="14.799742782488465">
        <ele>561.03</ele>
      </trkpt>
      <trkpt lat="36.95043451152742" lon="14.799699950963259">
        <ele>560.87</ele>
      </trkpt>
      <trkpt lat="36.950154388323426" lon="14.799656867980957">
        <ele>560.66</ele>
      </trkpt>
      <trkpt lat="36.949913492426276" lon="14.799624681472778">
        <ele>560.55</ele>
      </trkpt>
      <trkpt lat="36.949672596529126" lon="14.799592578783631">
        <ele>560.48</ele>
      </trkpt>
      <trkpt lat="36.949431700631976" lon="14.799560476094484">
        <ele>560.39</ele>
      </trkpt>
      <trkpt lat="36.949188793078065" lon="14.799528121948242">
        <ele>560.27</ele>
      </trkpt>
      <trkpt lat="36.94889190606773" lon="14.799402644857764">
        <ele>560.14</ele>
      </trkpt>
      <trkpt lat="36.948595102876425" lon="14.799277167767286">
        <ele>560.05</ele>
      </trkpt>
      <trkpt lat="36.94829829968512" lon="14.799151690676808">
        <ele>559.97</ele>
      </trkpt>
      <trkpt lat="36.948001496493816" lon="14.79902621358633">
        <ele>559.87</ele>
      </trkpt>
      <trkpt lat="36.94770469330251" lon="14.798900820314884">
        <ele>559.75</ele>
      </trkpt>
      <trkpt lat="36.947407806292176" lon="14.798775343224406">
        <ele>559.68</ele>
      </trkpt>
      <trkpt lat="36.94710731506348" lon="14.798648357391357">
        <ele>559.68</ele>
      </trkpt>
      <trkpt lat="36.94710739888251" lon="14.798648357391357">
        <ele>559.7</ele>
      </trkpt>
      <trkpt lat="36.946871280670166" lon="14.79856252670288">
        <ele>559.77</ele>
      </trkpt>
      <trkpt lat="36.946656703948975" lon="14.798412322998047">
        <ele>559.86</ele>
      </trkpt>
      <trkpt lat="36.946420753374696" lon="14.798176372423768">
        <ele>559.93</ele>
      </trkpt>
      <trkpt lat="36.94618488661945" lon="14.797940505668521">
        <ele>560.04</ele>
      </trkpt>
      <trkpt lat="36.945948684588075" lon="14.797704219818115">
        <ele>560.26</ele>
      </trkpt>
      <trkpt lat="36.945744920521975" lon="14.797511184588075">
        <ele>560.45</ele>
      </trkpt>
      <trkpt lat="36.945541240274906" lon="14.797318233177066">
        <ele>560.63</ele>
      </trkpt>
      <trkpt lat="36.945337476208806" lon="14.797125197947025">
        <ele>560.79</ele>
      </trkpt>
      <trkpt lat="36.94513329304755" lon="14.796931743621826">
        <ele>560.98</ele>
      </trkpt>
      <trkpt lat="36.944947466254234" lon="14.796781623736024">
        <ele>561.21</ele>
      </trkpt>
      <trkpt lat="36.94476172327995" lon="14.796631587669253">
        <ele>561.48</ele>
      </trkpt>
      <trkpt lat="36.94457539357245" lon="14.796481132507324">
        <ele>561.78</ele>
      </trkpt>
      <trkpt lat="36.9443395268172" lon="14.796309638768435">
        <ele>562.11</ele>
      </trkpt>
      <trkpt lat="36.94410374388099" lon="14.796138145029545">
        <ele>562.44</ele>
      </trkpt>
      <trkpt lat="36.943867206573486" lon="14.795966148376465">
        <ele>562.76</ele>
      </trkpt>
      <trkpt lat="36.94362077862024" lon="14.795826841145754">
        <ele>563.1</ele>
      </trkpt>
      <trkpt lat="36.943374350667" lon="14.795687617734075">
        <ele>563.5</ele>
      </trkpt>
      <trkpt lat="36.94312800653279" lon="14.795548310503364">
        <ele>563.95</ele>
      </trkpt>
      <trkpt lat="36.942880153656006" lon="14.795408248901367">
        <ele>564.37</ele>
      </trkpt>
      <trkpt lat="36.94288023747504" lon="14.795408248901367">
        <ele>564.82</ele>
      </trkpt>
      <trkpt lat="36.94262534379959" lon="14.795220075175166">
        <ele>565.24</ele>
      </trkpt>
      <trkpt lat="36.942370533943176" lon="14.795031901448965">
        <ele>565.7</ele>
      </trkpt>
      <trkpt lat="36.94211572408676" lon="14.794843811541796">
        <ele>566.29</ele>
      </trkpt>
      <trkpt lat="36.94186091423035" lon="14.794655637815595">
        <ele>566.86</ele>
      </trkpt>
      <trkpt lat="36.94160610437393" lon="14.794467464089394">
        <ele>567.49</ele>
      </trkpt>
      <trkpt lat="36.94135129451752" lon="14.794279374182224">
        <ele>568.12</ele>
      </trkpt>
      <trkpt lat="36.9410964846611" lon="14.794091200456023">
        <ele>568.73</ele>
      </trkpt>
      <trkpt lat="36.94084167480469" lon="14.793903110548854">
        <ele>569.36</ele>
      </trkpt>
      <trkpt lat="36.94058426655829" lon="14.793713092803955">
        <ele>570.06</ele>
      </trkpt>
      <trkpt lat="36.940444791689515" lon="14.79357361793518">
        <ele>570.79</ele>
      </trkpt>
      <trkpt lat="36.94030531682074" lon="14.793434143066406">
        <ele>571.55</ele>
      </trkpt>
      <trkpt lat="36.94009082391858" lon="14.793230379000306">
        <ele>572.36</ele>
      </trkpt>
      <trkpt lat="36.93987641483545" lon="14.793026698753238">
        <ele>573.16</ele>
      </trkpt>
      <trkpt lat="36.939662005752325" lon="14.792822934687138">
        <ele>573.99</ele>
      </trkpt>
      <trkpt lat="36.939447009935975" lon="14.792618751525879">
        <ele>574.84</ele>
      </trkpt>
      <trkpt lat="36.939248610287905" lon="14.792425716295838">
        <ele>575.65</ele>
      </trkpt>
      <trkpt lat="36.939050210639834" lon="14.792232681065798">
        <ele>576.46</ele>
      </trkpt>
      <trkpt lat="36.938851810991764" lon="14.792039729654789">
        <ele>577.32</ele>
      </trkpt>
      <trkpt lat="36.938652992248535" lon="14.79184627532959">
        <ele>578.19</ele>
      </trkpt>
      <trkpt lat="36.9384491443634" lon="14.79161024093628">
        <ele>579.12</ele>
      </trkpt>
      <trkpt lat="36.93824529647827" lon="14.791374206542969">
        <ele>580.05</ele>
      </trkpt>
      <trkpt lat="36.93810598924756" lon="14.791277730837464">
        <ele>580.93</ele>
      </trkpt>
      <trkpt lat="36.937966430559754" lon="14.791181087493896">
        <ele>581.8</ele>
      </trkpt>
      <trkpt lat="36.93768949247897" lon="14.791029458865523">
        <ele>582.63</ele>
      </trkpt>
      <trkpt lat="36.93741263821721" lon="14.79087783023715">
        <ele>583.46</ele>
      </trkpt>
      <trkpt lat="36.937135783955455" lon="14.790726201608777">
        <ele>584.23</ele>
      </trkpt>
      <trkpt lat="36.9368589296937" lon="14.790574572980404">
        <ele>584.95</ele>
      </trkpt>
      <trkpt lat="36.93658199161291" lon="14.79042294435203">
        <ele>585.67</ele>
      </trkpt>
      <trkpt lat="36.936305137351155" lon="14.790271315723658">
        <ele>586.46</ele>
      </trkpt>
      <trkpt lat="36.9360282830894" lon="14.790119687095284">
        <ele>587.21</ele>
      </trkpt>
      <trkpt lat="36.93575142882764" lon="14.789968058466911">
        <ele>587.88</ele>
      </trkpt>
      <trkpt lat="36.935474490746856" lon="14.789816429838538">
        <ele>588.5</ele>
      </trkpt>
      <trkpt lat="36.9351976364851" lon="14.789664801210165">
        <ele>589.14</ele>
      </trkpt>
      <trkpt lat="36.934920782223344" lon="14.789513172581792">
        <ele>589.72</ele>
      </trkpt>
      <trkpt lat="36.93464392796159" lon="14.789361543953419">
        <ele>590.17</ele>
      </trkpt>
      <trkpt lat="36.93436145782471" lon="14.789206981658936">
        <ele>590.58</ele>
      </trkpt>
      <trkpt lat="36.934146881103516" lon="14.789142608642578">
        <ele>590.94</ele>
      </trkpt>
      <trkpt lat="36.933932304382324" lon="14.789142608642578">
        <ele>591.22</ele>
      </trkpt>
      <trkpt lat="36.933643128722906" lon="14.789260374382138">
        <ele>591.44</ele>
      </trkpt>
      <trkpt lat="36.93335403688252" lon="14.789378140121698">
        <ele>591.56</ele>
      </trkpt>
      <trkpt lat="36.9330648612231" lon="14.78949598968029">
        <ele>591.66</ele>
      </trkpt>
      <trkpt lat="36.93277367390692" lon="14.7896146774292">
        <ele>591.68</ele>
      </trkpt>
      <trkpt lat="36.93262372165918" lon="14.789678882807493">
        <ele>591.58</ele>
      </trkpt>
      <trkpt lat="36.932473266497254" lon="14.789743423461914">
        <ele>591.41</ele>
      </trkpt>
      <trkpt lat="36.932301772758365" lon="14.789829086512327">
        <ele>591.16</ele>
      </trkpt>
      <trkpt lat="36.932129859924316" lon="14.789915084838867">
        <ele>590.85</ele>
      </trkpt>
      <trkpt lat="36.93212994374335" lon="14.789915084838867">
        <ele>590.46</ele>
      </trkpt>
      <trkpt lat="36.931915283203125" lon="14.79010820388794">
        <ele>590.01</ele>
      </trkpt>
      <trkpt lat="36.93176499567926" lon="14.790329989045858">
        <ele>589.44</ele>
      </trkpt>
      <trkpt lat="36.931614791974425" lon="14.790551774203777">
        <ele>588.81</ele>
      </trkpt>
      <trkpt lat="36.93146467208862" lon="14.790773391723633">
        <ele>588.08</ele>
      </trkpt>
      <trkpt lat="36.931464755907655" lon="14.790773391723633">
        <ele>587.32</ele>
      </trkpt>
      <trkpt lat="36.931285886093974" lon="14.791002217680216">
        <ele>586.45</ele>
      </trkpt>
      <trkpt lat="36.93110701628029" lon="14.79123112745583">
        <ele>585.47</ele>
      </trkpt>
      <trkpt lat="36.930928230285645" lon="14.791460037231445">
        <ele>584.39</ele>
      </trkpt>
      <trkpt lat="36.930885314941406" lon="14.791524410247803">
        <ele>583.35</ele>
      </trkpt>
      <trkpt lat="36.930670738220215" lon="14.791567325592041">
        <ele>582.22</ele>
      </trkpt>
      <trkpt lat="36.93060636520386" lon="14.791545867919922">
        <ele>581.12</ele>
      </trkpt>
      <trkpt lat="36.930370666086674" lon="14.7914226539433">
        <ele>580.0</ele>
      </trkpt>
      <trkpt lat="36.93013505078852" lon="14.791299439966679">
        <ele>578.86</ele>
      </trkpt>
      <trkpt lat="36.92989935167134" lon="14.791176309809089">
        <ele>577.64</ele>
      </trkpt>
      <trkpt lat="36.929662227630615" lon="14.791052341461182">
        <ele>576.23</ele>
      </trkpt>
      <trkpt lat="36.92945133894682" lon="14.790848577395082">
        <ele>574.83</ele>
      </trkpt>
      <trkpt lat="36.92924045026302" lon="14.790644897148013">
        <ele>573.43</ele>
      </trkpt>
      <trkpt lat="36.92902956157923" lon="14.790441133081913">
        <ele>572.06</ele>
      </trkpt>
      <trkpt lat="36.92881875671446" lon="14.790237452834845">
        <ele>570.74</ele>
      </trkpt>
      <trkpt lat="36.92860786803067" lon="14.790033688768744">
        <ele>569.45</ele>
      </trkpt>
      <trkpt lat="36.928396224975586" lon="14.78982925415039">
        <ele>568.2</ele>
      </trkpt>
      <trkpt lat="36.92826747894287" lon="14.789764881134033">
        <ele>566.96</ele>
      </trkpt>
      <trkpt lat="36.927967658266425" lon="14.78980234824121">
        <ele>565.66</ele>
      </trkpt>
      <trkpt lat="36.92766792140901" lon="14.789839815348387">
        <ele>564.41</ele>
      </trkpt>
      <trkpt lat="36.9273681845516" lon="14.789877282455564">
        <ele>563.21</ele>
      </trkpt>
      <trkpt lat="36.9270658493042" lon="14.789915084838867">
        <ele>562.07</ele>
      </trkpt>
      <trkpt lat="36.92679821513593" lon="14.789940062910318">
        <ele>560.89</ele>
      </trkpt>
      <trkpt lat="36.926530580967665" lon="14.78996504098177">
        <ele>559.78</ele>
      </trkpt>
      <trkpt lat="36.9262629467994" lon="14.78999001905322">
        <ele>558.75</ele>
      </trkpt>
      <trkpt lat="36.92599531263113" lon="14.790014997124672">
        <ele>557.83</ele>
      </trkpt>
      <trkpt lat="36.92572767846286" lon="14.790039975196123">
        <ele>556.94</ele>
      </trkpt>
      <trkpt lat="36.925456523895264" lon="14.790065288543701">
        <ele>556.07</ele>
      </trkpt>
      <trkpt lat="36.92532777786255" lon="14.790022373199463">
        <ele>555.31</ele>
      </trkpt>
      <trkpt lat="36.9251989480108" lon="14.789850628003478">
        <ele>554.63</ele>
      </trkpt>
      <trkpt lat="36.92507028579712" lon="14.789679050445557">
        <ele>554.02</ele>
      </trkpt>
      <trkpt lat="36.92496299743652" lon="14.7896146774292">
        <ele>553.45</ele>
      </trkpt>
      <trkpt lat="36.92472696304321" lon="14.789657592773438">
        <ele>552.91</ele>
      </trkpt>
      <trkpt lat="36.92445907741785" lon="14.789807545021176">
        <ele>552.5</ele>
      </trkpt>
      <trkpt lat="36.924190521240234" lon="14.789958000183105">
        <ele>552.22</ele>
      </trkpt>
      <trkpt lat="36.9239832367748" lon="14.790150951594114">
        <ele>551.95</ele>
      </trkpt>
      <trkpt lat="36.92377595230937" lon="14.790343903005123">
        <ele>551.79</ele>
      </trkpt>
      <trkpt lat="36.92356824874878" lon="14.790537357330322">
        <ele>551.69</ele>
      </trkpt>
      <trkpt lat="36.92356833256781" lon="14.790537357330322">
        <ele>551.52</ele>
      </trkpt>
      <trkpt lat="36.923439502716064" lon="14.790644645690918">
        <ele>551.44</ele>
      </trkpt>
      <trkpt lat="36.92315376363695" lon="14.790801722556353">
        <ele>551.38</ele>
      </trkpt>
      <trkpt lat="36.92286810837686" lon="14.790958799421787">
        <ele>551.37</ele>
      </trkpt>
      <trkpt lat="36.9225811958313" lon="14.791116714477539">
        <ele>551.38</ele>
      </trkpt>
      <trkpt lat="36.92234524525702" lon="14.791159629821777">
        <ele>551.4</ele>
      </trkpt>
      <trkpt lat="36.92204726859927" lon="14.791179243475199">
        <ele>551.33</ele>
      </trkpt>
      <trkpt lat="36.92174929194152" lon="14.79119885712862">
        <ele>551.31</ele>
      </trkpt>
      <trkpt lat="36.921451315283775" lon="14.791218470782042">
        <ele>551.27</ele>
      </trkpt>
      <trkpt lat="36.92115333862603" lon="14.791238084435463">
        <ele>551.26</ele>
      </trkpt>
      <trkpt lat="36.92085544578731" lon="14.791257698088884">
        <ele>551.31</ele>
      </trkpt>
      <trkpt lat="36.92055746912956" lon="14.791277311742306">
        <ele>551.4</ele>
      </trkpt>
      <trkpt lat="36.920259492471814" lon="14.791297009214759">
        <ele>551.5</ele>
      </trkpt>
      <trkpt lat="36.919961515814066" lon="14.79131662286818">
        <ele>551.63</ele>
      </trkpt>
      <trkpt lat="36.91966362297535" lon="14.791336236521602">
        <ele>551.78</ele>
      </trkpt>
      <trkpt lat="36.9193656463176" lon="14.791355850175023">
        <ele>551.96</ele>
      </trkpt>
      <trkpt lat="36.91906766965985" lon="14.791375463828444">
        <ele>552.08</ele>
      </trkpt>
      <trkpt lat="36.91876173019409" lon="14.791395664215088">
        <ele>552.21</ele>
      </trkpt>
      <trkpt lat="36.918654441833496" lon="14.791374206542969">
        <ele>552.39</ele>
      </trkpt>
      <trkpt lat="36.91856869496405" lon="14.79133129119873">
        <ele>552.58</ele>
      </trkpt>
      <trkpt lat="36.91852577961981" lon="14.79133129119873">
        <ele>552.79</ele>
      </trkpt>
      <trkpt lat="36.91831111907959" lon="14.791245460510254">
        <ele>553.01</ele>
      </trkpt>
      <trkpt lat="36.91826820373535" lon="14.791245460510254">
        <ele>553.23</ele>
      </trkpt>
      <trkpt lat="36.91804683767259" lon="14.791166922077537">
        <ele>553.48</ele>
      </trkpt>
      <trkpt lat="36.91782555542886" lon="14.79108838364482">
        <ele>553.74</ele>
      </trkpt>
      <trkpt lat="36.91760301589966" lon="14.791009426116943">
        <ele>554.0</ele>
      </trkpt>
      <trkpt lat="36.91733890213072" lon="14.790952261537313">
        <ele>554.27</ele>
      </trkpt>
      <trkpt lat="36.91707487218082" lon="14.790895180776715">
        <ele>554.45</ele>
      </trkpt>
      <trkpt lat="36.91680916585028" lon="14.79083776473999">
        <ele>554.62</ele>
      </trkpt>
      <trkpt lat="36.91655217669904" lon="14.7907820250839">
        <ele>554.78</ele>
      </trkpt>
      <trkpt lat="36.916295271366835" lon="14.79072636924684">
        <ele>554.97</ele>
      </trkpt>
      <trkpt lat="36.916038282215595" lon="14.790670713409781">
        <ele>555.17</ele>
      </trkpt>
      <trkpt lat="36.91578137688339" lon="14.790615057572722">
        <ele>555.35</ele>
      </trkpt>
      <trkpt lat="36.91552170552313" lon="14.790558815002441">
        <ele>555.52</ele>
      </trkpt>
      <trkpt lat="36.915221298113465" lon="14.790515899658203">
        <ele>555.72</ele>
      </trkpt>
      <trkpt lat="36.91502851434052" lon="14.790473068132997">
        <ele>555.92</ele>
      </trkpt>
      <trkpt lat="36.91483497619629" lon="14.790430068969727">
        <ele>556.1</ele>
      </trkpt>
      <trkpt lat="36.914631547406316" lon="14.7903657797724">
        <ele>556.26</ele>
      </trkpt>
      <trkpt lat="36.91442736424506" lon="14.790301322937012">
        <ele>556.39</ele>
      </trkpt>
      <trkpt lat="36.91434144973755" lon="14.790279865264893">
        <ele>556.49</ele>
      </trkpt>
      <trkpt lat="36.9141058344394" lon="14.790194118395448">
        <ele>556.57</ele>
      </trkpt>
      <trkpt lat="36.91386938095093" lon="14.79010820388794">
        <ele>556.68</ele>
      </trkpt>
      <trkpt lat="36.91378363408148" lon="14.790065288543701">
        <ele>556.76</ele>
      </trkpt>
      <trkpt lat="36.91355874761939" lon="14.790000999346375">
        <ele>556.85</ele>
      </trkpt>
      <trkpt lat="36.91333302296698" lon="14.789936542510986">
        <ele>556.9</ele>
      </trkpt>
      <trkpt lat="36.91309690475464" lon="14.789872169494629">
        <ele>556.91</ele>
      </trkpt>
      <trkpt lat="36.912871934473515" lon="14.789754319936037">
        <ele>556.89</ele>
      </trkpt>
      <trkpt lat="36.91264629364014" lon="14.789636135101318">
        <ele>556.86</ele>
      </trkpt>
      <trkpt lat="36.91242115572095" lon="14.789464641362429">
        <ele>556.78</ele>
      </trkpt>
      <trkpt lat="36.912195682525635" lon="14.789292812347412">
        <ele>556.71</ele>
      </trkpt>
      <trkpt lat="36.91219576634467" lon="14.789292812347412">
        <ele>556.65</ele>
      </trkpt>
      <trkpt lat="36.911997366696596" lon="14.789115870371461">
        <ele>556.57</ele>
      </trkpt>
      <trkpt lat="36.91179905086756" lon="14.788939012214541">
        <ele>556.49</ele>
      </trkpt>
      <trkpt lat="36.91160065121949" lon="14.788762154057622">
        <ele>556.38</ele>
      </trkpt>
      <trkpt lat="36.91140174865723" lon="14.78858470916748">
        <ele>556.24</ele>
      </trkpt>
      <trkpt lat="36.91120879724622" lon="14.788434589281678">
        <ele>556.09</ele>
      </trkpt>
      <trkpt lat="36.911015594378114" lon="14.788284301757812">
        <ele>555.98</ele>
      </trkpt>
      <trkpt lat="36.91073656082153" lon="14.788134098052979">
        <ele>555.9</ele>
      </trkpt>
      <trkpt lat="36.91058644093573" lon="14.78809118270874">
        <ele>555.82</ele>
      </trkpt>
      <trkpt lat="36.91035040654242" lon="14.788069725036621">
        <ele>555.79</ele>
      </trkpt>
      <trkpt lat="36.91015770658851" lon="14.788058996200562">
        <ele>555.7</ele>
      </trkpt>
      <trkpt lat="36.909964168444276" lon="14.788048267364502">
        <ele>555.61</ele>
      </trkpt>
      <trkpt lat="36.909706676378846" lon="14.788026809692383">
        <ele>555.53</ele>
      </trkpt>
      <trkpt lat="36.90959938801825" lon="14.788005352020264">
        <ele>555.46</ele>
      </trkpt>
      <trkpt lat="36.90943870693445" lon="14.787941062822938">
        <ele>555.39</ele>
      </trkpt>
      <trkpt lat="36.90927743911743" lon="14.787876605987549">
        <ele>555.34</ele>
      </trkpt>
      <trkpt lat="36.9090080447495" lon="14.787717433646321">
        <ele>555.31</ele>
      </trkpt>
      <trkpt lat="36.9087387342006" lon="14.787558261305094">
        <ele>555.29</ele>
      </trkpt>
      <trkpt lat="36.90846933983266" lon="14.787399088963866">
        <ele>555.28</ele>
      </trkpt>
      <trkpt lat="36.90820002928376" lon="14.787239916622639">
        <ele>555.24</ele>
      </trkpt>
      <trkpt lat="36.90793063491583" lon="14.787080744281411">
        <ele>555.2</ele>
      </trkpt>
      <trkpt lat="36.90766132436693" lon="14.786921571940184">
        <ele>555.17</ele>
      </trkpt>
      <trkpt lat="36.90738924778998" lon="14.786760807037354">
        <ele>555.16</ele>
      </trkpt>
      <trkpt lat="36.90720710903406" lon="14.78665360249579">
        <ele>555.19</ele>
      </trkpt>
      <trkpt lat="36.907024467363954" lon="14.786546230316162">
        <ele>555.25</ele>
      </trkpt>
      <trkpt lat="36.90676739439368" lon="14.78644983842969">
        <ele>555.32</ele>
      </trkpt>
      <trkpt lat="36.90650939941406" lon="14.78635311126709">
        <ele>555.37</ele>
      </trkpt>
      <trkpt lat="36.906445026397705" lon="14.78633165359497">
        <ele>555.49</ele>
      </trkpt>
      <trkpt lat="36.90619868226349" lon="14.786256635561585">
        <ele>555.62</ele>
      </trkpt>
      <trkpt lat="36.905951499938965" lon="14.786181449890137">
        <ele>555.8</ele>
      </trkpt>
      <trkpt lat="36.90572661347687" lon="14.786095703020692">
        <ele>556.06</ele>
      </trkpt>
      <trkpt lat="36.90550088882446" lon="14.786009788513184">
        <ele>556.33</ele>
      </trkpt>
      <trkpt lat="36.90530776977539" lon="14.785902500152588">
        <ele>556.61</ele>
      </trkpt>
      <trkpt lat="36.90515773370862" lon="14.785773837938905">
        <ele>556.86</ele>
      </trkpt>
      <trkpt lat="36.905007446184754" lon="14.785645008087158">
        <ele>557.12</ele>
      </trkpt>
      <trkpt lat="36.90482505597174" lon="14.785462701693177">
        <ele>557.39</ele>
      </trkpt>
      <trkpt lat="36.9046425819397" lon="14.785280227661133">
        <ele>557.66</ele>
      </trkpt>
      <trkpt lat="36.90457820892334" lon="14.785237312316895">
        <ele>557.89</ele>
      </trkpt>
      <trkpt lat="36.904471004381776" lon="14.785130023956299">
        <ele>558.1</ele>
      </trkpt>
      <trkpt lat="36.904310155659914" lon="14.785001361742616">
        <ele>558.27</ele>
      </trkpt>
      <trkpt lat="36.90414913929999" lon="14.78487253189087">
        <ele>558.41</ele>
      </trkpt>
      <trkpt lat="36.903891898691654" lon="14.7846688516438">
        <ele>558.55</ele>
      </trkpt>
      <trkpt lat="36.90363415516913" lon="14.784464836120605">
        <ele>558.7</ele>
      </trkpt>
      <trkpt lat="36.90349476411939" lon="14.784357631579041">
        <ele>558.82</ele>
      </trkpt>
      <trkpt lat="36.90335520543158" lon="14.784250259399414">
        <ele>558.94</ele>
      </trkpt>
      <trkpt lat="36.903119422495365" lon="14.784071557223797">
        <ele>559.06</ele>
      </trkpt>
      <trkpt lat="36.90288363955915" lon="14.783892938867211">
        <ele>559.16</ele>
      </trkpt>
      <trkpt lat="36.90264710225165" lon="14.783713817596436">
        <ele>559.17</ele>
      </trkpt>
      <trkpt lat="36.9024112354964" lon="14.783528912812471">
        <ele>559.22</ele>
      </trkpt>
      <trkpt lat="36.902175452560186" lon="14.783344008028507">
        <ele>559.25</ele>
      </trkpt>
      <trkpt lat="36.90193966962397" lon="14.783159103244543">
        <ele>559.28</ele>
      </trkpt>
      <trkpt lat="36.901703886687756" lon="14.782974198460579">
        <ele>559.27</ele>
      </trkpt>
      <trkpt lat="36.90146810375154" lon="14.782789377495646">
        <ele>559.2</ele>
      </trkpt>
      <trkpt lat="36.901232320815325" lon="14.782604472711682">
        <ele>559.11</ele>
      </trkpt>
      <trkpt lat="36.90099653787911" lon="14.782419567927718">
        <ele>558.97</ele>
      </trkpt>
      <trkpt lat="36.900758827105165" lon="14.782233238220215">
        <ele>558.81</ele>
      </trkpt>
      <trkpt lat="36.90058012492955" lon="14.782083118334413">
        <ele>558.64</ele>
      </trkpt>
      <trkpt lat="36.90040150657296" lon="14.781933082267642">
        <ele>558.47</ele>
      </trkpt>
      <trkpt lat="36.900222385302186" lon="14.781782627105713">
        <ele>558.29</ele>
      </trkpt>
      <trkpt lat="36.900015184655786" lon="14.781654048711061">
        <ele>558.07</ele>
      </trkpt>
      <trkpt lat="36.89980806782842" lon="14.78152547031641">
        <ele>557.81</ele>
      </trkpt>
      <trkpt lat="36.89960011281073" lon="14.781396389007568">
        <ele>557.53</ele>
      </trkpt>
      <trkpt lat="36.89941797405481" lon="14.781321370974183">
        <ele>557.24</ele>
      </trkpt>
      <trkpt lat="36.899235332384706" lon="14.781246185302734">
        <ele>556.93</ele>
      </trkpt>
      <trkpt lat="36.899170875549316" lon="14.781203269958496">
        <ele>556.62</ele>
      </trkpt>
      <trkpt lat="36.89889854751527" lon="14.781083911657333">
        <ele>556.29</ele>
      </trkpt>
      <trkpt lat="36.89862621948123" lon="14.78096455335617">
        <ele>555.89</ele>
      </trkpt>
      <trkpt lat="36.89835389144719" lon="14.780845195055008">
        <ele>555.42</ele>
      </trkpt>
      <trkpt lat="36.89808156341314" lon="14.780725836753845">
        <ele>555.05</ele>
      </trkpt>
      <trkpt lat="36.8978092353791" lon="14.780606562271714">
        <ele>554.73</ele>
      </trkpt>
      <trkpt lat="36.89753690734506" lon="14.780487203970551">
        <ele>554.35</ele>
      </trkpt>
      <trkpt lat="36.897261226549745" lon="14.78036642074585">
        <ele>553.97</ele>
      </trkpt>
      <trkpt lat="36.89700365066528" lon="14.780259132385254">
        <ele>553.57</ele>
      </trkpt>
      <trkpt lat="36.89675370231271" lon="14.780152011662722">
        <ele>553.15</ele>
      </trkpt>
      <trkpt lat="36.896503837779164" lon="14.78004489094019">
        <ele>552.77</ele>
      </trkpt>
      <trkpt lat="36.89625263214111" lon="14.779937267303467">
        <ele>552.46</ele>
      </trkpt>
      <trkpt lat="36.896209716796875" lon="14.779915809631348">
        <ele>552.15</ele>
      </trkpt>
      <trkpt lat="36.895988350734115" lon="14.779822938144207">
        <ele>551.85</ele>
      </trkpt>
      <trkpt lat="36.895767068490386" lon="14.779730150476098">
        <ele>551.58</ele>
      </trkpt>
      <trkpt lat="36.89554461278021" lon="14.779636859893799">
        <ele>551.31</ele>
      </trkpt>
      <trkpt lat="36.89534110017121" lon="14.779540384188294">
        <ele>551.04</ele>
      </trkpt>
      <trkpt lat="36.89513691700995" lon="14.779443740844727">
        <ele>550.78</ele>
      </trkpt>
      <trkpt lat="36.894851261749864" lon="14.779322287067771">
        <ele>550.54</ele>
      </trkpt>
      <trkpt lat="36.89456569030881" lon="14.779200917109847">
        <ele>550.32</ele>
      </trkpt>
      <trkpt lat="36.894278610125184" lon="14.779078960418701">
        <ele>550.1</ele>
      </trkpt>
      <trkpt lat="36.89409647136927" lon="14.778993213549256">
        <ele>549.89</ele>
      </trkpt>
      <trkpt lat="36.89391382969916" lon="14.778907299041748">
        <ele>549.7</ele>
      </trkpt>
      <trkpt lat="36.89365675672889" lon="14.778800178319216">
        <ele>549.5</ele>
      </trkpt>
      <trkpt lat="36.8933988455683" lon="14.778692722320557">
        <ele>549.3</ele>
      </trkpt>
      <trkpt lat="36.89314177259803" lon="14.778569508343935">
        <ele>549.14</ele>
      </trkpt>
      <trkpt lat="36.89288469962776" lon="14.778446294367313">
        <ele>549.02</ele>
      </trkpt>
      <trkpt lat="36.892627626657486" lon="14.778323164209723">
        <ele>548.88</ele>
      </trkpt>
      <trkpt lat="36.89236887730658" lon="14.778199195861816">
        <ele>548.75</ele>
      </trkpt>
      <trkpt lat="36.892143907025456" lon="14.778102803975344">
        <ele>548.64</ele>
      </trkpt>
      <trkpt lat="36.89191826619208" lon="14.778006076812744">
        <ele>548.58</ele>
      </trkpt>
      <trkpt lat="36.89163981936872" lon="14.777898956090212">
        <ele>548.5</ele>
      </trkpt>
      <trkpt lat="36.89136036671698" lon="14.777791500091553">
        <ele>548.39</ele>
      </trkpt>
      <trkpt lat="36.89129599370062" lon="14.777770042419434">
        <ele>548.34</ele>
      </trkpt>
      <trkpt lat="36.891135312616825" lon="14.777705753222108">
        <ele>548.28</ele>
      </trkpt>
      <trkpt lat="36.890974128618836" lon="14.777641296386719">
        <ele>548.25</ele>
      </trkpt>
      <trkpt lat="36.89067422412336" lon="14.777529900893569">
        <ele>548.21</ele>
      </trkpt>
      <trkpt lat="36.89037440344691" lon="14.77741850540042">
        <ele>548.17</ele>
      </trkpt>
      <trkpt lat="36.890074498951435" lon="14.77730710990727">
        <ele>548.22</ele>
      </trkpt>
      <trkpt lat="36.88977467827499" lon="14.777195798233151">
        <ele>548.29</ele>
      </trkpt>
      <trkpt lat="36.889472007751465" lon="14.777083396911621">
        <ele>548.31</ele>
      </trkpt>
      <trkpt lat="36.88917218707502" lon="14.776997733861208">
        <ele>548.3</ele>
      </trkpt>
      <trkpt lat="36.888872450217605" lon="14.776912070810795">
        <ele>548.31</ele>
      </trkpt>
      <trkpt lat="36.88857086934149" lon="14.776825904846191">
        <ele>548.34</ele>
      </trkpt>
      <trkpt lat="36.88831907697022" lon="14.776670504361391">
        <ele>548.36</ele>
      </trkpt>
      <trkpt lat="36.88806728459895" lon="14.776515187695622">
        <ele>548.39</ele>
      </trkpt>
      <trkpt lat="36.88781549222767" lon="14.776359787210822">
        <ele>548.41</ele>
      </trkpt>
      <trkpt lat="36.88756235875189" lon="14.776203632354736">
        <ele>548.43</ele>
      </trkpt>
      <trkpt lat="36.88740159384906" lon="14.776117885485291">
        <ele>548.39</ele>
      </trkpt>
      <trkpt lat="36.887240409851074" lon="14.776031970977783">
        <ele>548.31</ele>
      </trkpt>
      <trkpt lat="36.886961879208684" lon="14.775903392583132">
        <ele>548.19</ele>
      </trkpt>
      <trkpt lat="36.88668251037598" lon="14.775774478912354">
        <ele>548.06</ele>
      </trkpt>
      <trkpt lat="36.88648955896497" lon="14.77564581669867">
        <ele>547.89</ele>
      </trkpt>
      <trkpt lat="36.88629627227783" lon="14.775516986846924">
        <ele>547.7</ele>
      </trkpt>
      <trkpt lat="36.886146068573" lon="14.77536678314209">
        <ele>547.47</ele>
      </trkpt>
      <trkpt lat="36.885942136868834" lon="14.77508774958551">
        <ele>547.2</ele>
      </trkpt>
      <trkpt lat="36.885738372802734" lon="14.774808883666992">
        <ele>546.94</ele>
      </trkpt>
      <trkpt lat="36.885738456621766" lon="14.774808883666992">
        <ele>546.64</ele>
      </trkpt>
      <trkpt lat="36.88554525375366" lon="14.774536974728107">
        <ele>546.29</ele>
      </trkpt>
      <trkpt lat="36.88535213470459" lon="14.774265149608254">
        <ele>545.91</ele>
      </trkpt>
      <trkpt lat="36.88515909947455" lon="14.773993492126465">
        <ele>545.49</ele>
      </trkpt>
      <trkpt lat="36.885030353441834" lon="14.773821830749512">
        <ele>545.03</ele>
      </trkpt>
      <trkpt lat="36.88482642173767" lon="14.773542797192931">
        <ele>544.51</ele>
      </trkpt>
      <trkpt lat="36.88462257385254" lon="14.773263931274414">
        <ele>543.95</ele>
      </trkpt>
      <trkpt lat="36.88439198769629" lon="14.773027980700135">
        <ele>543.35</ele>
      </trkpt>
      <trkpt lat="36.88416140154004" lon="14.772792030125856">
        <ele>542.69</ele>
      </trkpt>
      <trkpt lat="36.883930899202824" lon="14.77255616337061">
        <ele>541.99</ele>
      </trkpt>
      <trkpt lat="36.883699893951416" lon="14.772319793701172">
        <ele>541.3</ele>
      </trkpt>
      <trkpt lat="36.88357123173773" lon="14.7721266746521">
        <ele>540.58</ele>
      </trkpt>
      <trkpt lat="36.883453046903014" lon="14.771825848147273">
        <ele>539.82</ele>
      </trkpt>
      <trkpt lat="36.88333519734442" lon="14.771525859832764">
        <ele>539.02</ele>
      </trkpt>
      <trkpt lat="36.88329219818115" lon="14.771268367767334">
        <ele>538.13</ele>
      </trkpt>
      <trkpt lat="36.8833137396723" lon="14.771075248718262">
        <ele>537.25</ele>
      </trkpt>
      <trkpt lat="36.88333519734442" lon="14.770903587341309">
        <ele>536.3</ele>
      </trkpt>
      <trkpt lat="36.88337811268866" lon="14.770602593198419">
        <ele>535.3</ele>
      </trkpt>
      <trkpt lat="36.8834210280329" lon="14.770302772521973">
        <ele>534.31</ele>
      </trkpt>
      <trkpt lat="36.88346394337714" lon="14.770066738128662">
        <ele>533.33</ele>
      </trkpt>
      <trkpt lat="36.883506858721375" lon="14.769808743149042">
        <ele>532.32</ele>
      </trkpt>
      <trkpt lat="36.88354969024658" lon="14.769551753997803">
        <ele>531.27</ele>
      </trkpt>
      <trkpt lat="36.88354969024658" lon="14.76938009262085">
        <ele>530.22</ele>
      </trkpt>
      <trkpt lat="36.8834744207561" lon="14.7690683696419">
        <ele>529.09</ele>
      </trkpt>
      <trkpt lat="36.88339957036078" lon="14.768757820129395">
        <ele>528.02</ele>
      </trkpt>
      <trkpt lat="36.88334575854242" lon="14.768521366640925">
        <ele>527.0</ele>
      </trkpt>
      <trkpt lat="36.883292282000184" lon="14.768285751342773">
        <ele>525.98</ele>
      </trkpt>
      <trkpt lat="36.88325992785394" lon="14.768092213198543">
        <ele>524.93</ele>
      </trkpt>
      <trkpt lat="36.883227825164795" lon="14.767899513244629">
        <ele>523.87</ele>
      </trkpt>
      <trkpt lat="36.883206283673644" lon="14.767652247101068">
        <ele>522.8</ele>
      </trkpt>
      <trkpt lat="36.88318490982056" lon="14.767405986785889">
        <ele>521.71</ele>
      </trkpt>
      <trkpt lat="36.88318490982056" lon="14.767320156097412">
        <ele>520.66</ele>
      </trkpt>
      <trkpt lat="36.883152639493346" lon="14.76709434762597">
        <ele>519.58</ele>
      </trkpt>
      <trkpt lat="36.8831205368042" lon="14.76686954498291">
        <ele>518.54</ele>
      </trkpt>
      <trkpt lat="36.88309899531305" lon="14.76654700934887">
        <ele>517.53</ele>
      </trkpt>
      <trkpt lat="36.88307762145996" lon="14.766225814819336">
        <ele>516.51</ele>
      </trkpt>
      <trkpt lat="36.88307041302323" lon="14.765910403802991">
        <ele>515.47</ele>
      </trkpt>
      <trkpt lat="36.88306328840554" lon="14.765595076605678">
        <ele>514.51</ele>
      </trkpt>
      <trkpt lat="36.88305616378784" lon="14.765281677246094">
        <ele>513.57</ele>
      </trkpt>
      <trkpt lat="36.88303462229669" lon="14.765045139938593">
        <ele>512.69</ele>
      </trkpt>
      <trkpt lat="36.8830132484436" lon="14.764809608459473">
        <ele>511.84</ele>
      </trkpt>
      <trkpt lat="36.882965890690684" lon="14.764495706185699">
        <ele>510.99</ele>
      </trkpt>
      <trkpt lat="36.8829186167568" lon="14.764181803911924">
        <ele>510.18</ele>
      </trkpt>
      <trkpt lat="36.88287134282291" lon="14.76386790163815">
        <ele>509.38</ele>
      </trkpt>
      <trkpt lat="36.88282398506999" lon="14.763554083183408">
        <ele>508.62</ele>
      </trkpt>
      <trkpt lat="36.88277721405029" lon="14.763243198394775">
        <ele>507.89</ele>
      </trkpt>
      <trkpt lat="36.88277721405029" lon="14.763221740722656">
        <ele>507.2</ele>
      </trkpt>
      <trkpt lat="36.882716277614236" lon="14.762863414362073">
        <ele>506.46</ele>
      </trkpt>
      <trkpt lat="36.88265534117818" lon="14.76250508800149">
        <ele>505.74</ele>
      </trkpt>
      <trkpt lat="36.88259448856115" lon="14.762146845459938">
        <ele>505.09</ele>
      </trkpt>
      <trkpt lat="36.882533552125096" lon="14.761788519099355">
        <ele>504.5</ele>
      </trkpt>
      <trkpt lat="36.88247261568904" lon="14.761430192738771">
        <ele>503.93</ele>
      </trkpt>
      <trkpt lat="36.88241243362427" lon="14.761075973510742">
        <ele>503.4</ele>
      </trkpt>
      <trkpt lat="36.88234789296985" lon="14.760839520022273">
        <ele>502.88</ele>
      </trkpt>
      <trkpt lat="36.88228368759155" lon="14.760603904724121">
        <ele>502.34</ele>
      </trkpt>
      <trkpt lat="36.88219768926501" lon="14.760388992726803">
        <ele>501.8</ele>
      </trkpt>
      <trkpt lat="36.8821120262146" lon="14.760174751281738">
        <ele>501.28</ele>
      </trkpt>
      <trkpt lat="36.88202611170709" lon="14.760002922266722">
        <ele>500.78</ele>
      </trkpt>
      <trkpt lat="36.88194036483765" lon="14.759831428527832">
        <ele>500.29</ele>
      </trkpt>
      <trkpt lat="36.8818115349859" lon="14.759659683331847">
        <ele>499.79</ele>
      </trkpt>
      <trkpt lat="36.88168287277222" lon="14.759488105773926">
        <ele>499.27</ele>
      </trkpt>
      <trkpt lat="36.881522024050355" lon="14.759359443560243">
        <ele>498.75</ele>
      </trkpt>
      <trkpt lat="36.88136100769043" lon="14.759230613708496">
        <ele>498.25</ele>
      </trkpt>
      <trkpt lat="36.88113964162767" lon="14.759116284549236">
        <ele>497.8</ele>
      </trkpt>
      <trkpt lat="36.88091827556491" lon="14.759002039209008">
        <ele>497.37</ele>
      </trkpt>
      <trkpt lat="36.88069590367377" lon="14.75888729095459">
        <ele>496.86</ele>
      </trkpt>
      <trkpt lat="36.88047453761101" lon="14.758823001757264">
        <ele>496.31</ele>
      </trkpt>
      <trkpt lat="36.88025325536728" lon="14.75875879637897">
        <ele>495.73</ele>
      </trkpt>
      <trkpt lat="36.88003063201904" lon="14.758694171905518">
        <ele>495.13</ele>
      </trkpt>
      <trkpt lat="36.880030715838075" lon="14.758694171905518">
        <ele>494.57</ele>
      </trkpt>
      <trkpt lat="36.87980582937598" lon="14.758640611544251">
        <ele>493.94</ele>
      </trkpt>
      <trkpt lat="36.87958002090454" lon="14.758586883544922">
        <ele>493.32</ele>
      </trkpt>
      <trkpt lat="36.87939788214862" lon="14.758511865511537">
        <ele>492.73</ele>
      </trkpt>
      <trkpt lat="36.879215240478516" lon="14.758436679840088">
        <ele>492.07</ele>
      </trkpt>
      <trkpt lat="36.87897518277168" lon="14.758273735642433">
        <ele>491.28</ele>
      </trkpt>
      <trkpt lat="36.87873512506485" lon="14.75811087526381">
        <ele>490.53</ele>
      </trkpt>
      <trkpt lat="36.87849515117705" lon="14.757948014885187">
        <ele>489.72</ele>
      </trkpt>
      <trkpt lat="36.878255093470216" lon="14.757785154506564">
        <ele>488.86</ele>
      </trkpt>
      <trkpt lat="36.878013610839844" lon="14.75762128829956">
        <ele>487.99</ele>
      </trkpt>
      <trkpt lat="36.878013694658875" lon="14.75762128829956">
        <ele>487.17</ele>
      </trkpt>
      <trkpt lat="36.87781361863017" lon="14.757471168413758">
        <ele>486.25</ele>
      </trkpt>
      <trkpt lat="36.877613542601466" lon="14.757321132346988">
        <ele>485.27</ele>
      </trkpt>
      <trkpt lat="36.87741279602051" lon="14.757170677185059">
        <ele>484.35</ele>
      </trkpt>
      <trkpt lat="36.877219676971436" lon="14.756977558135986">
        <ele>483.4</ele>
      </trkpt>
      <trkpt lat="36.87709093093872" lon="14.756827354431152">
        <ele>482.4</ele>
      </trkpt>
      <trkpt lat="36.87700501643121" lon="14.756644712761045">
        <ele>481.33</ele>
      </trkpt>
      <trkpt lat="36.87691926956177" lon="14.756462574005127">
        <ele>480.21</ele>
      </trkpt>
      <trkpt lat="36.87683343887329" lon="14.756247997283936">
        <ele>479.0</ele>
      </trkpt>
      <trkpt lat="36.87680116854608" lon="14.756043730303645">
        <ele>477.75</ele>
      </trkpt>
      <trkpt lat="36.876769065856934" lon="14.755840301513672">
        <ele>476.45</ele>
      </trkpt>
      <trkpt lat="36.87675825320184" lon="14.75561449304223">
        <ele>475.12</ele>
      </trkpt>
      <trkpt lat="36.876747608184814" lon="14.75538969039917">
        <ele>473.77</ele>
      </trkpt>
      <trkpt lat="36.87681198120117" lon="14.755024909973145">
        <ele>472.35</ele>
      </trkpt>
      <trkpt lat="36.87688716687262" lon="14.754799269139767">
        <ele>470.86</ele>
      </trkpt>
      <trkpt lat="36.876962184906006" lon="14.754574298858643">
        <ele>469.34</ele>
      </trkpt>
      <trkpt lat="36.876983642578125" lon="14.754574298858643">
        <ele>467.86</ele>
      </trkpt>
      <trkpt lat="36.87702655792236" lon="14.754467010498047">
        <ele>466.28</ele>
      </trkpt>
      <trkpt lat="36.87702655792236" lon="14.754445552825928">
        <ele>464.7</ele>
      </trkpt>
      <trkpt lat="36.87704801559448" lon="14.75412368774414">
        <ele>463.0</ele>
      </trkpt>
      <trkpt lat="36.87704801559448" lon="14.7538978792727">
        <ele>461.25</ele>
      </trkpt>
      <trkpt lat="36.87704801559448" lon="14.753673076629639">
        <ele>459.5</ele>
      </trkpt>
      <trkpt lat="36.877005100250244" lon="14.753458499908447">
        <ele>457.72</ele>
      </trkpt>
      <trkpt lat="36.87694072723389" lon="14.753243923187256">
        <ele>455.87</ele>
      </trkpt>
      <trkpt lat="36.87675825320184" lon="14.752997076138854">
        <ele>453.96</ele>
      </trkpt>
      <trkpt lat="36.87657594680786" lon="14.752750396728516">
        <ele>451.97</ele>
      </trkpt>
      <trkpt lat="36.87633991241455" lon="14.752578735351562">
        <ele>449.98</ele>
      </trkpt>
      <trkpt lat="36.87608292326331" lon="14.752544453367591">
        <ele>448.08</ele>
      </trkpt>
      <trkpt lat="36.875826017931104" lon="14.75251017138362">
        <ele>446.13</ele>
      </trkpt>
      <trkpt lat="36.875569112598896" lon="14.752475889399648">
        <ele>444.06</ele>
      </trkpt>
      <trkpt lat="36.87531220726669" lon="14.752441691234708">
        <ele>442.02</ele>
      </trkpt>
      <trkpt lat="36.8750524520874" lon="14.75240707397461">
        <ele>439.9</ele>
      </trkpt>
      <trkpt lat="36.87476981431246" lon="14.752436997368932">
        <ele>437.79</ele>
      </trkpt>
      <trkpt lat="36.874487176537514" lon="14.752467004582286">
        <ele>435.79</ele>
      </trkpt>
      <trkpt lat="36.87420453876257" lon="14.752496927976608">
        <ele>433.74</ele>
      </trkpt>
      <trkpt lat="36.87392198480666" lon="14.752526935189962">
        <ele>431.81</ele>
      </trkpt>
      <trkpt lat="36.87363624572754" lon="14.752557277679443">
        <ele>429.94</ele>
      </trkpt>
      <trkpt lat="36.87344312667847" lon="14.752514362335205">
        <ele>427.96</ele>
      </trkpt>
      <trkpt lat="36.873228549957275" lon="14.75240707397461">
        <ele>425.98</ele>
      </trkpt>
      <trkpt lat="36.87298195436597" lon="14.752203393727541">
        <ele>424.0</ele>
      </trkpt>
      <trkpt lat="36.872735023498535" lon="14.751999378204346">
        <ele>422.05</ele>
      </trkpt>
      <trkpt lat="36.87259554862976" lon="14.751827716827393">
        <ele>420.17</ele>
      </trkpt>
      <trkpt lat="36.872456073760986" lon="14.75165605545044">
        <ele>418.32</ele>
      </trkpt>
      <trkpt lat="36.87230587005615" lon="14.751334190368652">
        <ele>416.4</ele>
      </trkpt>
      <trkpt lat="36.872234204784036" lon="14.751047529280186">
        <ele>414.52</ele>
      </trkpt>
      <trkpt lat="36.87216262333095" lon="14.75076095201075">
        <ele>412.68</ele>
      </trkpt>
      <trkpt lat="36.87209137715399" lon="14.750475883483887">
        <ele>410.96</ele>
      </trkpt>
      <trkpt lat="36.87199104577303" lon="14.750103307887912">
        <ele>409.35</ele>
      </trkpt>
      <trkpt lat="36.871890714392066" lon="14.749730732291937">
        <ele>408.05</ele>
      </trkpt>
      <trkpt lat="36.8717903830111" lon="14.749358240514994">
        <ele>407.06</ele>
      </trkpt>
      <trkpt lat="36.87169013544917" lon="14.748985664919019">
        <ele>406.58</ele>
      </trkpt>
      <trkpt lat="36.87158980406821" lon="14.748613173142076">
        <ele>406.45</ele>
      </trkpt>
      <trkpt lat="36.871490478515625" lon="14.748244285583496">
        <ele>406.37</ele>
      </trkpt>
      <trkpt lat="36.87149056233466" lon="14.748244285583496">
        <ele>405.74</ele>
      </trkpt>
      <trkpt lat="36.87140456400812" lon="14.747986374422908">
        <ele>405.39</ele>
      </trkpt>
      <trkpt lat="36.87131881713867" lon="14.747729301452637">
        <ele>404.97</ele>
      </trkpt>
      <trkpt lat="36.871189903467894" lon="14.747493099421263">
        <ele>404.52</ele>
      </trkpt>
      <trkpt lat="36.87106132507324" lon="14.747257232666016">
        <ele>404.06</ele>
      </trkpt>
      <trkpt lat="36.87090047635138" lon="14.747107112780213">
        <ele>403.65</ele>
      </trkpt>
      <trkpt lat="36.870739459991455" lon="14.746956825256348">
        <ele>403.26</ele>
      </trkpt>
      <trkpt lat="36.87058925628662" lon="14.746870994567871">
        <ele>402.92</ele>
      </trkpt>
      <trkpt lat="36.870382223278284" lon="14.74677812308073">
        <ele>402.61</ele>
      </trkpt>
      <trkpt lat="36.87017519026995" lon="14.746685335412621">
        <ele>402.33</ele>
      </trkpt>
      <trkpt lat="36.8699670676142" lon="14.746592044830322">
        <ele>402.04</ele>
      </trkpt>
      <trkpt lat="36.86968853697181" lon="14.74646346643567">
        <ele>401.73</ele>
      </trkpt>
      <trkpt lat="36.86940908432007" lon="14.746334552764893">
        <ele>401.41</ele>
      </trkpt>
      <trkpt lat="36.8694091681391" lon="14.746334552764893">
        <ele>401.26</ele>
      </trkpt>
      <trkpt lat="36.86915745958686" lon="14.74622206762433">
        <ele>401.0</ele>
      </trkpt>
      <trkpt lat="36.86890575103462" lon="14.746109582483768">
        <ele>400.78</ele>
      </trkpt>
      <trkpt lat="36.868654042482376" lon="14.745997181162238">
        <ele>400.64</ele>
      </trkpt>
      <trkpt lat="36.86840057373047" lon="14.74588394165039">
        <ele>400.55</ele>
      </trkpt>
      <trkpt lat="36.86814316548407" lon="14.7456693649292">
        <ele>400.51</ele>
      </trkpt>
      <trkpt lat="36.86814308166504" lon="14.74564790725708">
        <ele>400.56</ele>
      </trkpt>
      <trkpt lat="36.86805725097656" lon="14.745519161224365">
        <ele>400.61</ele>
      </trkpt>
      <trkpt lat="36.867992877960205" lon="14.745497703552246">
        <ele>400.72</ele>
      </trkpt>
      <trkpt lat="36.86792850494385" lon="14.745476245880127">
        <ele>400.85</ele>
      </trkpt>
      <trkpt lat="36.86782121658325" lon="14.745519161224365">
        <ele>401.02</ele>
      </trkpt>
      <trkpt lat="36.867799842730165" lon="14.745540618896484">
        <ele>401.2</ele>
      </trkpt>
      <trkpt lat="36.867735385894775" lon="14.74564790725708">
        <ele>401.42</ele>
      </trkpt>
      <trkpt lat="36.867735385894775" lon="14.745862483978271">
        <ele>401.7</ele>
      </trkpt>
      <trkpt lat="36.86773546971381" lon="14.74588394165039">
        <ele>401.91</ele>
      </trkpt>
      <trkpt lat="36.86762809753418" lon="14.746119976043701">
        <ele>402.19</ele>
      </trkpt>
      <trkpt lat="36.86760663986206" lon="14.746227264404297">
        <ele>402.4</ele>
      </trkpt>
      <trkpt lat="36.86753137037158" lon="14.746409822255373">
        <ele>402.59</ele>
      </trkpt>
      <trkpt lat="36.86745643615723" lon="14.746592044830322">
        <ele>402.75</ele>
      </trkpt>
      <trkpt lat="36.867402624338865" lon="14.746946766972542">
        <ele>402.91</ele>
      </trkpt>
      <trkpt lat="36.86734914779663" lon="14.747300148010254">
        <ele>403.06</ele>
      </trkpt>
      <trkpt lat="36.86729533597827" lon="14.747536517679691">
        <ele>403.13</ele>
      </trkpt>
      <trkpt lat="36.867241859436035" lon="14.747772216796875">
        <ele>403.19</ele>
      </trkpt>
      <trkpt lat="36.86719902791083" lon="14.747943878173828">
        <ele>403.15</ele>
      </trkpt>
      <trkpt lat="36.86712727881968" lon="14.748230455443263">
        <ele>403.11</ele>
      </trkpt>
      <trkpt lat="36.867055613547564" lon="14.748517032712698">
        <ele>402.94</ele>
      </trkpt>
      <trkpt lat="36.866984367370605" lon="14.748802185058594">
        <ele>402.78</ele>
      </trkpt>
      <trkpt lat="36.866941368207335" lon="14.749074429273605">
        <ele>402.53</ele>
      </trkpt>
      <trkpt lat="36.866898369044065" lon="14.749346757307649">
        <ele>402.14</ele>
      </trkpt>
      <trkpt lat="36.86685570515692" lon="14.749617576599121">
        <ele>401.65</ele>
      </trkpt>
      <trkpt lat="36.86675537377596" lon="14.749882528558373">
        <ele>401.17</ele>
      </trkpt>
      <trkpt lat="36.866655042394996" lon="14.750147480517626">
        <ele>400.78</ele>
      </trkpt>
      <trkpt lat="36.86655521392822" lon="14.75041151046753">
        <ele>400.39</ele>
      </trkpt>
      <trkpt lat="36.86655521392822" lon="14.750497341156006">
        <ele>399.82</ele>
      </trkpt>
      <trkpt lat="36.86659812927246" lon="14.750583171844482">
        <ele>399.14</ele>
      </trkpt>
      <trkpt lat="36.86668395996094" lon="14.750561714172363">
        <ele>398.36</ele>
      </trkpt>
      <trkpt lat="36.86680197715759" lon="14.750368427485228">
        <ele>397.47</ele>
      </trkpt>
      <trkpt lat="36.86691999435425" lon="14.750175476074219">
        <ele>396.66</ele>
      </trkpt>
      <trkpt lat="36.86711311340332" lon="14.750025272369385">
        <ele>395.83</ele>
      </trkpt>
      <trkpt lat="36.867220401763916" lon="14.750003814697266">
        <ele>394.99</ele>
      </trkpt>
      <trkpt lat="36.86739172786474" lon="14.750100206583738">
        <ele>394.03</ele>
      </trkpt>
      <trkpt lat="36.86756372451782" lon="14.750196933746338">
        <ele>393.02</ele>
      </trkpt>
      <trkpt lat="36.867778301239014" lon="14.750239849090576">
        <ele>392.0</ele>
      </trkpt>
      <trkpt lat="36.86807870864868" lon="14.750175476074219">
        <ele>391.04</ele>
      </trkpt>
      <trkpt lat="36.86833024956286" lon="14.750191485509276">
        <ele>389.86</ele>
      </trkpt>
      <trkpt lat="36.86858179047704" lon="14.750207578763366">
        <ele>388.69</ele>
      </trkpt>
      <trkpt lat="36.868833331391215" lon="14.750223588198423">
        <ele>387.57</ele>
      </trkpt>
      <trkpt lat="36.86908721923828" lon="14.750239849090576">
        <ele>386.51</ele>
      </trkpt>
      <trkpt lat="36.86939550563693" lon="14.750192742794752">
        <ele>385.38</ele>
      </trkpt>
      <trkpt lat="36.86970379203558" lon="14.750145636498928">
        <ele>384.09</ele>
      </trkpt>
      <trkpt lat="36.87001207843423" lon="14.750098530203104">
        <ele>382.87</ele>
      </trkpt>
      <trkpt lat="36.87032044865191" lon="14.75005142390728">
        <ele>381.7</ele>
      </trkpt>
      <trkpt lat="36.87063217163086" lon="14.750003814697266">
        <ele>380.25</ele>
      </trkpt>
      <trkpt lat="36.87069662846625" lon="14.750003814697266">
        <ele>379.01</ele>
      </trkpt>
      <trkpt lat="36.87091112136841" lon="14.749960899353027">
        <ele>377.63</ele>
      </trkpt>
      <trkpt lat="36.87110424041748" lon="14.749982357025146">
        <ele>376.44</ele>
      </trkpt>
      <trkpt lat="36.87116861343384" lon="14.750003814697266">
        <ele>375.32</ele>
      </trkpt>
      <trkpt lat="36.871211528778076" lon="14.750089645385742">
        <ele>374.21</ele>
      </trkpt>
      <trkpt lat="36.871275901794434" lon="14.750261306762695">
        <ele>373.19</ele>
      </trkpt>
      <trkpt lat="36.871275901794434" lon="14.750368595123291">
        <ele>372.13</ele>
      </trkpt>
      <trkpt lat="36.871232986450195" lon="14.750604629516602">
        <ele>371.11</ele>
      </trkpt>
      <trkpt lat="36.87111488543451" lon="14.750776290893555">
        <ele>370.11</ele>
      </trkpt>
      <trkpt lat="36.870996952056885" lon="14.750947952270508">
        <ele>369.07</ele>
      </trkpt>
      <trkpt lat="36.87082529067993" lon="14.751098155975342">
        <ele>368.02</ele>
      </trkpt>
      <trkpt lat="36.87065362930298" lon="14.751205444335938">
        <ele>366.84</ele>
      </trkpt>
      <trkpt lat="36.87049294821918" lon="14.751269649714231">
        <ele>365.66</ele>
      </trkpt>
      <trkpt lat="36.87033176422119" lon="14.751334190368652">
        <ele>364.48</ele>
      </trkpt>
      <trkpt lat="36.87008550390601" lon="14.751387666910887">
        <ele>363.25</ele>
      </trkpt>
      <trkpt lat="36.86983823776245" lon="14.751441478729248">
        <ele>362.1</ele>
      </trkpt>
      <trkpt lat="36.86961335130036" lon="14.751548515632749">
        <ele>360.97</ele>
      </trkpt>
      <trkpt lat="36.86938771046698" lon="14.75165605545044">
        <ele>359.76</ele>
      </trkpt>
      <trkpt lat="36.86918403021991" lon="14.75181682035327">
        <ele>358.7</ele>
      </trkpt>
      <trkpt lat="36.86898001469672" lon="14.751977920532227">
        <ele>357.64</ele>
      </trkpt>
      <trkpt lat="36.86874414794147" lon="14.752160059288144">
        <ele>356.68</ele>
      </trkpt>
      <trkpt lat="36.868507862091064" lon="14.752342700958252">
        <ele>355.81</ele>
      </trkpt>
      <trkpt lat="36.86840057373047" lon="14.752449989318848">
        <ele>354.82</ele>
      </trkpt>
      <trkpt lat="36.86833620071411" lon="14.752600193023682">
        <ele>353.86</ele>
      </trkpt>
      <trkpt lat="36.86829320155084" lon="14.75279364734888">
        <ele>352.91</ele>
      </trkpt>
      <trkpt lat="36.868250370025635" lon="14.752986431121826">
        <ele>351.97</ele>
      </trkpt>
      <trkpt lat="36.86825045384467" lon="14.752986431121826">
        <ele>351.07</ele>
      </trkpt>
      <trkpt lat="36.86819303780794" lon="14.753273008391261">
        <ele>350.12</ele>
      </trkpt>
      <trkpt lat="36.86813570559025" lon="14.753559585660696">
        <ele>349.24</ele>
      </trkpt>
      <trkpt lat="36.86807870864868" lon="14.753844738006592">
        <ele>348.29</ele>
      </trkpt>
      <trkpt lat="36.86806789599359" lon="14.754124190658331">
        <ele>347.34</ele>
      </trkpt>
      <trkpt lat="36.86805725097656" lon="14.75440263748169">
        <ele>346.38</ele>
      </trkpt>
      <trkpt lat="36.8681001663208" lon="14.754745960235596">
        <ele>345.51</ele>
      </trkpt>
      <trkpt lat="36.86816462315619" lon="14.755041506141424">
        <ele>344.67</ele>
      </trkpt>
      <trkpt lat="36.86822907999158" lon="14.755337052047253">
        <ele>343.85</ele>
      </trkpt>
      <trkpt lat="36.868293620646" lon="14.755632597953081">
        <ele>342.89</ele>
      </trkpt>
      <trkpt lat="36.86835765838623" lon="14.755926132202148">
        <ele>341.89</ele>
      </trkpt>
      <trkpt lat="36.86835765838623" lon="14.75611925125122">
        <ele>341.01</ele>
      </trkpt>
      <trkpt lat="36.86829328536987" lon="14.756269454956055">
        <ele>340.17</ele>
      </trkpt>
      <trkpt lat="36.86818599700928" lon="14.756419658660889">
        <ele>339.31</ele>
      </trkpt>
      <trkpt lat="36.86791459098458" lon="14.756548153236508">
        <ele>338.25</ele>
      </trkpt>
      <trkpt lat="36.86764326877892" lon="14.756676647812128">
        <ele>337.26</ele>
      </trkpt>
      <trkpt lat="36.86737060546875" lon="14.756805896759033">
        <ele>336.43</ele>
      </trkpt>
      <trkpt lat="36.867156364023685" lon="14.756912933662534">
        <ele>335.62</ele>
      </trkpt>
      <trkpt lat="36.86694145202637" lon="14.757020473480225">
        <ele>334.61</ele>
      </trkpt>
      <trkpt lat="36.86689853668213" lon="14.757041931152344">
        <ele>333.67</ele>
      </trkpt>
      <trkpt lat="36.86668395996094" lon="14.757170677185059">
        <ele>332.64</ele>
      </trkpt>
      <trkpt lat="36.86657675541937" lon="14.757235050201416">
        <ele>331.73</ele>
      </trkpt>
      <trkpt lat="36.8665337562561" lon="14.757256507873535">
        <ele>330.81</ele>
      </trkpt>
      <trkpt lat="36.866373075172305" lon="14.757342170923948">
        <ele>329.85</ele>
      </trkpt>
      <trkpt lat="36.866211891174316" lon="14.757428169250488">
        <ele>328.84</ele>
      </trkpt>
      <trkpt lat="36.8660297524184" lon="14.757524561136961">
        <ele>327.84</ele>
      </trkpt>
      <trkpt lat="36.86584711074829" lon="14.75762128829956">
        <ele>326.92</ele>
      </trkpt>
      <trkpt lat="36.86566488817334" lon="14.757771324366331">
        <ele>326.12</ele>
      </trkpt>
      <trkpt lat="36.8654824141413" lon="14.757921695709229">
        <ele>325.56</ele>
      </trkpt>
      <trkpt lat="36.865300107747316" lon="14.758103918284178">
        <ele>324.75</ele>
      </trkpt>
      <trkpt lat="36.86511763371527" lon="14.758286476135254">
        <ele>324.1</ele>
      </trkpt>
      <trkpt lat="36.86488151550293" lon="14.758522510528564">
        <ele>323.61</ele>
      </trkpt>
      <trkpt lat="36.864731311798096" lon="14.758672714233398">
        <ele>322.99</ele>
      </trkpt>
      <trkpt lat="36.86464548110962" lon="14.758758544921875">
        <ele>322.49</ele>
      </trkpt>
      <trkpt lat="36.86445236206055" lon="14.758951663970947">
        <ele>321.79</ele>
      </trkpt>
      <trkpt lat="36.86443090438843" lon="14.758973121643066">
        <ele>321.26</ele>
      </trkpt>
      <trkpt lat="36.8643666151911" lon="14.759037494659424">
        <ele>320.76</ele>
      </trkpt>
      <trkpt lat="36.86430215835571" lon="14.759101867675781">
        <ele>320.27</ele>
      </trkpt>
      <trkpt lat="36.864302242174745" lon="14.759101867675781">
        <ele>319.86</ele>
      </trkpt>
      <trkpt lat="36.86421641148627" lon="14.759166240692139">
        <ele>319.46</ele>
      </trkpt>
      <trkpt lat="36.86398037709296" lon="14.759337902069092">
        <ele>319.14</ele>
      </trkpt>
      <trkpt lat="36.86380863189697" lon="14.759445190429688">
        <ele>318.82</ele>
      </trkpt>
      <trkpt lat="36.8636155128479" lon="14.759552478790283">
        <ele>318.51</ele>
      </trkpt>
      <trkpt lat="36.86357259750366" lon="14.759573936462402">
        <ele>318.31</ele>
      </trkpt>
      <trkpt lat="36.863572681322694" lon="14.759573936462402">
        <ele>318.14</ele>
      </trkpt>
      <trkpt lat="36.86340093612671" lon="14.759702682495117">
        <ele>317.99</ele>
      </trkpt>
      <trkpt lat="36.86340101994574" lon="14.759702682495117">
        <ele>317.92</ele>
      </trkpt>
      <trkpt lat="36.86318644322455" lon="14.759767055511475">
        <ele>317.84</ele>
      </trkpt>
      <trkpt lat="36.862993240356445" lon="14.759831428527832">
        <ele>317.87</ele>
      </trkpt>
      <trkpt lat="36.86277195811272" lon="14.759859926998615">
        <ele>317.92</ele>
      </trkpt>
      <trkpt lat="36.86255075968802" lon="14.75988850928843">
        <ele>318.03</ele>
      </trkpt>
      <trkpt lat="36.862328136339784" lon="14.759917259216309">
        <ele>318.2</ele>
      </trkpt>
      <trkpt lat="36.86219930648804" lon="14.75989580154419">
        <ele>318.42</ele>
      </trkpt>
      <trkpt lat="36.86193167231977" lon="14.75988507270813">
        <ele>318.65</ele>
      </trkpt>
      <trkpt lat="36.86166286468506" lon="14.75987434387207">
        <ele>318.79</ele>
      </trkpt>
      <trkpt lat="36.86164149083197" lon="14.75987434387207">
        <ele>318.91</ele>
      </trkpt>
      <trkpt lat="36.86146982945502" lon="14.759852886199951">
        <ele>319.01</ele>
      </trkpt>
      <trkpt lat="36.8614483717829" lon="14.759852886199951">
        <ele>319.1</ele>
      </trkpt>
      <trkpt lat="36.86126631684601" lon="14.759842157363892">
        <ele>319.14</ele>
      </trkpt>
      <trkpt lat="36.86108359135687" lon="14.759831428527832">
        <ele>319.26</ele>
      </trkpt>
      <trkpt lat="36.86084747314453" lon="14.759831428527832">
        <ele>319.35</ele>
      </trkpt>
      <trkpt lat="36.86061143875122" lon="14.759917259216309">
        <ele>319.37</ele>
      </trkpt>
      <trkpt lat="36.860525691881776" lon="14.759960174560547">
        <ele>319.23</ele>
      </trkpt>
      <trkpt lat="36.86048277653754" lon="14.759981632232666">
        <ele>318.94</ele>
      </trkpt>
      <trkpt lat="36.860311115160584" lon="14.760067462921143">
        <ele>318.56</ele>
      </trkpt>
      <trkpt lat="36.860268199816346" lon="14.76011037826538">
        <ele>318.16</ele>
      </trkpt>
      <trkpt lat="36.86005387455225" lon="14.760238872841">
        <ele>317.62</ele>
      </trkpt>
      <trkpt lat="36.85983904637396" lon="14.76036787033081">
        <ele>317.1</ele>
      </trkpt>
      <trkpt lat="36.85971030034125" lon="14.760453701019287">
        <ele>316.62</ele>
      </trkpt>
      <trkpt lat="36.85951743274927" lon="14.76056082174182">
        <ele>316.12</ele>
      </trkpt>
      <trkpt lat="36.859324062243104" lon="14.760668277740479">
        <ele>315.56</ele>
      </trkpt>
      <trkpt lat="36.85923823155463" lon="14.760732650756836">
        <ele>314.95</ele>
      </trkpt>
      <trkpt lat="36.85913094319403" lon="14.760797023773193">
        <ele>314.36</ele>
      </trkpt>
      <trkpt lat="36.85908802784979" lon="14.760818481445312">
        <ele>313.9</ele>
      </trkpt>
      <trkpt lat="36.859023571014404" lon="14.760754108428955">
        <ele>313.51</ele>
      </trkpt>
      <trkpt lat="36.85895919799805" lon="14.760818481445312">
        <ele>312.97</ele>
      </trkpt>
      <trkpt lat="36.858980655670166" lon="14.760904312133789">
        <ele>312.5</ele>
      </trkpt>
      <trkpt lat="36.85904502868652" lon="14.760925769805908">
        <ele>312.16</ele>
      </trkpt>
      <trkpt lat="36.85908802784979" lon="14.760968685150146">
        <ele>311.82</ele>
      </trkpt>
      <trkpt lat="36.85912004671991" lon="14.761000787839293">
        <ele>311.51</ele>
      </trkpt>
    </trkseg>
  </trk>
</gpx>
