<?xml version="1.0" encoding="UTF-8"?>
<gpx creator="Garmin Connect" version="1.1"
  xsi:schemaLocation="http://www.topografix.com/GPX/1/1 http://www.topografix.com/GPX/11.xsd"
  xmlns:ns3="http://www.garmin.com/xmlschemas/TrackPointExtension/v1"
  xmlns="http://www.topografix.com/GPX/1/1"
  xmlns:xsi="http://www.w3.org/2001/XMLSchema-instance" xmlns:ns2="http://www.garmin.com/xmlschemas/GpxExtensions/v3">
  <metadata>
    <name>SD04 / Santo Stefano Quisquina - Montedoro </name>
    <link href="connect.garmin.com">
      <text>Garmin Connect</text>
    </link>
    <time>2026-09-02T17:28:20.000Z</time>
  </metadata>
  <trk>
    <name>SD04 / Santo Stefano Quisquina - Montedoro </name>
    <trkseg>
      <trkpt lat="37.62468980625272" lon="13.491059895604849">
        <ele>726.27</ele>
      </trkpt>
      <trkpt lat="37.6246199849993" lon="13.49108001217246">
        <ele>726.26</ele>
      </trkpt>
      <trkpt lat="37.6245700288564" lon="13.491099961102009">
        <ele>726.25</ele>
      </trkpt>
      <trkpt lat="37.62447003275156" lon="13.491140026599169">
        <ele>726.24</ele>
      </trkpt>
      <trkpt lat="37.624419992789626" lon="13.491149917244911">
        <ele>726.24</ele>
      </trkpt>
      <trkpt lat="37.6243800111115" lon="13.491159975528717">
        <ele>726.26</ele>
      </trkpt>
      <trkpt lat="37.62431999668479" lon="13.491180008277297">
        <ele>726.29</ele>
      </trkpt>
      <trkpt lat="37.6241899933666" lon="13.49118989892304">
        <ele>726.34</ele>
      </trkpt>
      <trkpt lat="37.62431999668479" lon="13.491180008277297">
        <ele>726.29</ele>
      </trkpt>
      <trkpt lat="37.6243800111115" lon="13.491159975528717">
        <ele>726.26</ele>
      </trkpt>
      <trkpt lat="37.624419992789626" lon="13.491149917244911">
        <ele>726.24</ele>
      </trkpt>
      <trkpt lat="37.62447003275156" lon="13.491140026599169">
        <ele>726.24</ele>
      </trkpt>
      <trkpt lat="37.6245700288564" lon="13.491099961102009">
        <ele>726.25</ele>
      </trkpt>
      <trkpt lat="37.6246199849993" lon="13.49108001217246">
        <ele>726.26</ele>
      </trkpt>
      <trkpt lat="37.624719981104136" lon="13.491050004959106">
        <ele>727.8</ele>
      </trkpt>
      <trkpt lat="37.62477991171181" lon="13.491029972210526">
        <ele>728.16</ele>
      </trkpt>
      <trkpt lat="37.62498987838626" lon="13.490959899500012">
        <ele>728.59</ele>
      </trkpt>
      <trkpt lat="37.62501988559961" lon="13.49095000885427">
        <ele>729.0</ele>
      </trkpt>
      <trkpt lat="37.625170005485415" lon="13.490899968892336">
        <ele>729.48</ele>
      </trkpt>
      <trkpt lat="37.62520990334451" lon="13.49088991060853">
        <ele>729.93</ele>
      </trkpt>
      <trkpt lat="37.62522993609309" lon="13.49088991060853">
        <ele>730.4</ele>
      </trkpt>
      <trkpt lat="37.62527000159025" lon="13.49088991060853">
        <ele>730.89</ele>
      </trkpt>
      <trkpt lat="37.625300008803606" lon="13.49088991060853">
        <ele>731.38</ele>
      </trkpt>
      <trkpt lat="37.62533001601696" lon="13.490899968892336">
        <ele>731.89</ele>
      </trkpt>
      <trkpt lat="37.62535993941128" lon="13.490920001640916">
        <ele>732.42</ele>
      </trkpt>
      <trkpt lat="37.62537997215986" lon="13.490940034389496">
        <ele>732.96</ele>
      </trkpt>
      <trkpt lat="37.62540997937322" lon="13.490979932248592">
        <ele>733.52</ele>
      </trkpt>
      <trkpt lat="37.62543998658657" lon="13.49101991392672">
        <ele>734.11</ele>
      </trkpt>
      <trkpt lat="37.62548994272947" lon="13.491119993850589">
        <ele>734.77</ele>
      </trkpt>
      <trkpt lat="37.625620029866695" lon="13.491349993273616">
        <ele>735.49</ele>
      </trkpt>
      <trkpt lat="37.62571005150676" lon="13.491515032947063">
        <ele>736.22</ele>
      </trkpt>
      <trkpt lat="37.62579998932779" lon="13.49167998880148">
        <ele>736.99</ele>
      </trkpt>
      <trkpt lat="37.62582002207637" lon="13.491719970479608">
        <ele>737.7</ele>
      </trkpt>
      <trkpt lat="37.62583980336785" lon="13.491740003228188">
        <ele>738.38</ele>
      </trkpt>
      <trkpt lat="37.6258600037545" lon="13.49176992662251">
        <ele>739.05</ele>
      </trkpt>
      <trkpt lat="37.62589001096785" lon="13.491800017654896">
        <ele>739.7</ele>
      </trkpt>
      <trkpt lat="37.62592990882695" lon="13.491839915513992">
        <ele>740.33</ele>
      </trkpt>
      <trkpt lat="37.62595999985933" lon="13.491849973797798">
        <ele>740.93</ele>
      </trkpt>
      <trkpt lat="37.62596997432411" lon="13.491859948262572">
        <ele>741.5</ele>
      </trkpt>
      <trkpt lat="37.62598003260791" lon="13.491859948262572">
        <ele>742.05</ele>
      </trkpt>
      <trkpt lat="37.62599998153746" lon="13.491859948262572">
        <ele>742.57</ele>
      </trkpt>
      <trkpt lat="37.62612001039088" lon="13.49187989719212">
        <ele>743.07</ele>
      </trkpt>
      <trkpt lat="37.62623995542526" lon="13.491890039294958">
        <ele>743.56</ele>
      </trkpt>
      <trkpt lat="37.62629996985197" lon="13.4918999299407">
        <ele>744.03</ele>
      </trkpt>
      <trkpt lat="37.62642997317016" lon="13.491909988224506">
        <ele>744.5</ele>
      </trkpt>
      <trkpt lat="37.626480013132095" lon="13.4918999299407">
        <ele>744.97</ele>
      </trkpt>
      <trkpt lat="37.62651002034545" lon="13.4918999299407">
        <ele>745.43</ele>
      </trkpt>
      <trkpt lat="37.62653994373977" lon="13.4918999299407">
        <ele>745.88</ele>
      </trkpt>
      <trkpt lat="37.62658000923693" lon="13.491890039294958">
        <ele>746.33</ele>
      </trkpt>
      <trkpt lat="37.62664991430938" lon="13.491859948262572">
        <ele>746.78</ele>
      </trkpt>
      <trkpt lat="37.62670003809035" lon="13.491849973797798">
        <ele>747.24</ele>
      </trkpt>
      <trkpt lat="37.626869939267635" lon="13.49178995937109">
        <ele>747.76</ele>
      </trkpt>
      <trkpt lat="37.62694001197815" lon="13.49176992662251">
        <ele>748.26</ele>
      </trkpt>
      <trkpt lat="37.62697999365628" lon="13.491760035976768">
        <ele>748.75</ele>
      </trkpt>
      <trkpt lat="37.627060040831566" lon="13.491740003228188">
        <ele>749.23</ele>
      </trkpt>
      <trkpt lat="37.62720001861453" lon="13.491709912195802">
        <ele>749.72</ele>
      </trkpt>
      <trkpt lat="37.62727000750601" lon="13.491689879447222">
        <ele>750.19</ele>
      </trkpt>
      <trkpt lat="37.62750000692904" lon="13.49163992330432">
        <ele>750.77</ele>
      </trkpt>
      <trkpt lat="37.62773998081684" lon="13.491579908877611">
        <ele>751.32</ele>
      </trkpt>
      <trkpt lat="37.62790996581316" lon="13.491539927199483">
        <ele>751.91</ele>
      </trkpt>
      <trkpt lat="37.62806989252567" lon="13.49151000380516">
        <ele>752.47</ele>
      </trkpt>
      <trkpt lat="37.62808992527425" lon="13.491500029340386">
        <ele>752.99</ele>
      </trkpt>
      <trkpt lat="37.62813996523619" lon="13.491500029340386">
        <ele>753.5</ele>
      </trkpt>
      <trkpt lat="37.628199979662895" lon="13.49151000380516">
        <ele>754.02</ele>
      </trkpt>
      <trkpt lat="37.62825001962483" lon="13.49153003655374">
        <ele>754.52</ele>
      </trkpt>
      <trkpt lat="37.62829997576773" lon="13.491549985483289">
        <ele>755.01</ele>
      </trkpt>
      <trkpt lat="37.62835999019444" lon="13.491570018231869">
        <ele>755.49</ele>
      </trkpt>
      <trkpt lat="37.62838991358876" lon="13.491589967161417">
        <ele>755.94</ele>
      </trkpt>
      <trkpt lat="37.62842997908592" lon="13.49161989055574">
        <ele>756.38</ele>
      </trkpt>
      <trkpt lat="37.62852997519076" lon="13.49170002155006">
        <ele>756.82</ele>
      </trkpt>
      <trkpt lat="37.62855998240411" lon="13.491729944944382">
        <ele>757.22</ele>
      </trkpt>
      <trkpt lat="37.62858998961747" lon="13.491760035976768">
        <ele>757.6</ele>
      </trkpt>
      <trkpt lat="37.62861002236605" lon="13.49178995937109">
        <ele>757.97</ele>
      </trkpt>
      <trkpt lat="37.62865997850895" lon="13.491849973797798">
        <ele>758.32</ele>
      </trkpt>
      <trkpt lat="37.62868001125753" lon="13.491890039294958">
        <ele>758.64</ele>
      </trkpt>
      <trkpt lat="37.62872996740043" lon="13.49196002818644">
        <ele>758.93</ele>
      </trkpt>
      <trkpt lat="37.62882996350527" lon="13.492135042324662">
        <ele>759.25</ele>
      </trkpt>
      <trkpt lat="37.62892987579107" lon="13.49230988882482">
        <ele>759.56</ele>
      </trkpt>
      <trkpt lat="37.62894990853965" lon="13.49236998707056">
        <ele>759.85</ele>
      </trkpt>
      <trkpt lat="37.62895996682346" lon="13.492399910464883">
        <ele>760.1</ele>
      </trkpt>
      <trkpt lat="37.62895996682346" lon="13.492439892143011">
        <ele>760.35</ele>
      </trkpt>
      <trkpt lat="37.62895996682346" lon="13.492469983175397">
        <ele>760.58</ele>
      </trkpt>
      <trkpt lat="37.62894990853965" lon="13.492490015923977">
        <ele>760.8</ele>
      </trkpt>
      <trkpt lat="37.62894001789391" lon="13.4925199393183">
        <ele>761.01</ele>
      </trkpt>
      <trkpt lat="37.62892987579107" lon="13.4925199393183">
        <ele>761.2</ele>
      </trkpt>
      <trkpt lat="37.62891998514533" lon="13.49253997206688">
        <ele>761.39</ele>
      </trkpt>
      <trkpt lat="37.62890003621578" lon="13.492550030350685">
        <ele>761.57</ele>
      </trkpt>
      <trkpt lat="37.628889977931976" lon="13.49256000481546">
        <ele>761.74</ele>
      </trkpt>
      <trkpt lat="37.62887002900243" lon="13.492569895461202">
        <ele>761.91</ele>
      </trkpt>
      <trkpt lat="37.62884999625385" lon="13.49258003756404">
        <ele>762.09</ele>
      </trkpt>
      <trkpt lat="37.62882996350527" lon="13.49258003756404">
        <ele>762.25</ele>
      </trkpt>
      <trkpt lat="37.628800040110946" lon="13.492569895461202">
        <ele>762.42</ele>
      </trkpt>
      <trkpt lat="37.628780007362366" lon="13.49256000481546">
        <ele>762.59</ele>
      </trkpt>
      <trkpt lat="37.628759974613786" lon="13.492550030350685">
        <ele>762.76</ele>
      </trkpt>
      <trkpt lat="37.62871001847088" lon="13.492509964853525">
        <ele>762.93</ele>
      </trkpt>
      <trkpt lat="37.6286400295794" lon="13.492439892143011">
        <ele>763.1</ele>
      </trkpt>
      <trkpt lat="37.62861002236605" lon="13.492419943213463">
        <ele>763.29</ele>
      </trkpt>
      <trkpt lat="37.62858998961747" lon="13.49239001981914">
        <ele>763.49</ele>
      </trkpt>
      <trkpt lat="37.62855000793934" lon="13.49236998707056">
        <ele>763.71</ele>
      </trkpt>
      <trkpt lat="37.62849988415837" lon="13.49234995432198">
        <ele>763.95</ele>
      </trkpt>
      <trkpt lat="37.6284500118345" lon="13.492339979857206">
        <ele>764.24</ele>
      </trkpt>
      <trkpt lat="37.62840994633734" lon="13.4923299215734">
        <ele>764.54</ele>
      </trkpt>
      <trkpt lat="37.62834004126489" lon="13.4923299215734">
        <ele>764.88</ele>
      </trkpt>
      <trkpt lat="37.62829000130296" lon="13.492339979857206">
        <ele>765.25</ele>
      </trkpt>
      <trkpt lat="37.62823996134102" lon="13.49234995432198">
        <ele>765.65</ele>
      </trkpt>
      <trkpt lat="37.62816997244954" lon="13.492379877716303">
        <ele>766.1</ele>
      </trkpt>
      <trkpt lat="37.62812001630664" lon="13.492409968748689">
        <ele>766.58</ele>
      </trkpt>
      <trkpt lat="37.62803996913135" lon="13.492459924891591">
        <ele>767.11</ele>
      </trkpt>
      <trkpt lat="37.62795992195606" lon="13.4925199393183">
        <ele>767.71</ele>
      </trkpt>
      <trkpt lat="37.62782002799213" lon="13.49266997538507">
        <ele>768.35</ele>
      </trkpt>
      <trkpt lat="37.62769999913871" lon="13.492790004238486">
        <ele>768.95</ele>
      </trkpt>
      <trkpt lat="37.62765993364155" lon="13.492849934846163">
        <ele>769.64</ele>
      </trkpt>
      <trkpt lat="37.62756999582052" lon="13.492959989234805">
        <ele>770.38</ele>
      </trkpt>
      <trkpt lat="37.62743999250233" lon="13.493129890412092">
        <ele>771.19</ele>
      </trkpt>
      <trkpt lat="37.627360029146075" lon="13.493240028619766">
        <ele>772.03</ele>
      </trkpt>
      <trkpt lat="37.627319963648915" lon="13.493289984762669">
        <ele>772.85</ele>
      </trkpt>
      <trkpt lat="37.62727000750601" lon="13.493339940905571">
        <ele>773.68</ele>
      </trkpt>
      <trkpt lat="37.62722994200885" lon="13.4933799225837">
        <ele>774.54</ele>
      </trkpt>
      <trkpt lat="37.62717998586595" lon="13.493429878726602">
        <ele>775.41</ele>
      </trkpt>
      <trkpt lat="37.62717001140118" lon="13.493429878726602">
        <ele>776.27</ele>
      </trkpt>
      <trkpt lat="37.62711997143924" lon="13.493480002507567">
        <ele>777.17</ele>
      </trkpt>
      <trkpt lat="37.62703003361821" lon="13.493540016934276">
        <ele>778.07</ele>
      </trkpt>
      <trkpt lat="37.627019975334406" lon="13.493540016934276">
        <ele>778.97</ele>
      </trkpt>
      <trkpt lat="37.626889972016215" lon="13.49363992922008">
        <ele>779.92</ele>
      </trkpt>
      <trkpt lat="37.62685996480286" lon="13.493649987503886">
        <ele>780.83</ele>
      </trkpt>
      <trkpt lat="37.62670515105128" lon="13.493759874254465">
        <ele>781.8</ele>
      </trkpt>
      <trkpt lat="37.62655000202358" lon="13.49387001246214">
        <ele>782.77</ele>
      </trkpt>
      <trkpt lat="37.626399882137775" lon="13.493970008566976">
        <ele>783.71</ele>
      </trkpt>
      <trkpt lat="37.62638999149203" lon="13.49397998303175">
        <ele>784.66</ele>
      </trkpt>
      <trkpt lat="37.62623014859855" lon="13.494084840640426">
        <ele>785.65</ele>
      </trkpt>
      <trkpt lat="37.62606988660991" lon="13.494190033525229">
        <ele>786.64</ele>
      </trkpt>
      <trkpt lat="37.62601993046701" lon="13.494230015203357">
        <ele>787.63</ele>
      </trkpt>
      <trkpt lat="37.62598003260791" lon="13.494249964132905">
        <ele>788.58</ele>
      </trkpt>
      <trkpt lat="37.6259099598974" lon="13.494300004094839">
        <ele>789.55</ele>
      </trkpt>
      <trkpt lat="37.62574986554682" lon="13.49440997466445">
        <ele>790.53</ele>
      </trkpt>
      <trkpt lat="37.6256699860096" lon="13.494459930807352">
        <ele>791.47</ele>
      </trkpt>
      <trkpt lat="37.625599997118115" lon="13.494530003517866">
        <ele>792.44</ele>
      </trkpt>
      <trkpt lat="37.62535993941128" lon="13.494759919121861">
        <ele>793.68</ele>
      </trkpt>
      <trkpt lat="37.62527000159025" lon="13.49481993354857">
        <ele>794.7</ele>
      </trkpt>
      <trkpt lat="37.62521996162832" lon="13.49483996629715">
        <ele>795.64</ele>
      </trkpt>
      <trkpt lat="37.625170005485415" lon="13.49485999904573">
        <ele>796.56</ele>
      </trkpt>
      <trkpt lat="37.62511996552348" lon="13.494869889691472">
        <ele>797.43</ele>
      </trkpt>
      <trkpt lat="37.624809918925166" lon="13.49488003179431">
        <ele>798.24</ele>
      </trkpt>
      <trkpt lat="37.62477991171181" lon="13.494889922440052">
        <ele>799.04</ele>
      </trkpt>
      <trkpt lat="37.62460003606975" lon="13.494889922440052">
        <ele>799.74</ele>
      </trkpt>
      <trkpt lat="37.624419992789626" lon="13.494899980723858">
        <ele>800.37</ele>
      </trkpt>
      <trkpt lat="37.62424003332853" lon="13.494909955188632">
        <ele>800.96</ele>
      </trkpt>
      <trkpt lat="37.6241400372237" lon="13.494920013472438">
        <ele>801.63</ele>
      </trkpt>
      <trkpt lat="37.62389000505209" lon="13.494939962401986">
        <ele>802.33</ele>
      </trkpt>
      <trkpt lat="37.62379000894725" lon="13.494939962401986">
        <ele>802.96</ele>
      </trkpt>
      <trkpt lat="37.62368003837764" lon="13.49494993686676">
        <ele>803.59</ele>
      </trkpt>
      <trkpt lat="37.623569983989" lon="13.49496996961534">
        <ele>804.17</ele>
      </trkpt>
      <trkpt lat="37.623450038954616" lon="13.4950100351125">
        <ele>804.72</ele>
      </trkpt>
      <trkpt lat="37.62336001731455" lon="13.49503987468779">
        <ele>805.2</ele>
      </trkpt>
      <trkpt lat="37.62320998124778" lon="13.49509997293353">
        <ele>805.58</ele>
      </trkpt>
      <trkpt lat="37.62307000346482" lon="13.495169878005981">
        <ele>806.0</ele>
      </trkpt>
      <trkpt lat="37.62294000014663" lon="13.49522989243269">
        <ele>806.35</ele>
      </trkpt>
      <trkpt lat="37.62283992022276" lon="13.495259983465075">
        <ele>806.63</ele>
      </trkpt>
      <trkpt lat="37.62274998240173" lon="13.495280016213655">
        <ele>806.91</ele>
      </trkpt>
      <trkpt lat="37.62264998629689" lon="13.49528999067843">
        <ele>807.18</ele>
      </trkpt>
      <trkpt lat="37.62250003404915" lon="13.495299881324172">
        <ele>807.41</ele>
      </trkpt>
      <trkpt lat="37.62230993248522" lon="13.49531002342701">
        <ele>807.6</ele>
      </trkpt>
      <trkpt lat="37.62212997302413" lon="13.49531002342701">
        <ele>807.68</ele>
      </trkpt>
      <trkpt lat="37.62189988978207" lon="13.495319914072752">
        <ele>807.72</ele>
      </trkpt>
      <trkpt lat="37.62188999913633" lon="13.495329972356558">
        <ele>807.88</ele>
      </trkpt>
      <trkpt lat="37.62183987535536" lon="13.495329972356558">
        <ele>808.0</ele>
      </trkpt>
      <trkpt lat="37.62174993753433" lon="13.495350005105138">
        <ele>808.12</ele>
      </trkpt>
      <trkpt lat="37.62172001414001" lon="13.49535989575088">
        <ele>808.25</ele>
      </trkpt>
      <trkpt lat="37.621690006926656" lon="13.495389986783266">
        <ele>808.4</ele>
      </trkpt>
      <trkpt lat="37.621669974178076" lon="13.495410019531846">
        <ele>808.56</ele>
      </trkpt>
      <trkpt lat="37.62163996696472" lon="13.495459975674748">
        <ele>808.76</ele>
      </trkpt>
      <trkpt lat="37.62162001803517" lon="13.495519990101457">
        <ele>808.97</ele>
      </trkpt>
      <trkpt lat="37.62162001803517" lon="13.495589978992939">
        <ele>809.22</ele>
      </trkpt>
      <trkpt lat="37.62162001803517" lon="13.495629960671067">
        <ele>809.48</ele>
      </trkpt>
      <trkpt lat="37.62162999249995" lon="13.495670026168227">
        <ele>809.77</ele>
      </trkpt>
      <trkpt lat="37.62163996696472" lon="13.495710007846355">
        <ele>810.08</ele>
      </trkpt>
      <trkpt lat="37.6216599997133" lon="13.49574001505971">
        <ele>810.43</ele>
      </trkpt>
      <trkpt lat="37.62168003246188" lon="13.495759963989258">
        <ele>810.79</ele>
      </trkpt>
      <trkpt lat="37.62169998139143" lon="13.495779996737838">
        <ele>811.17</ele>
      </trkpt>
      <trkpt lat="37.62173996306956" lon="13.495800029486418">
        <ele>811.6</ele>
      </trkpt>
      <trkpt lat="37.62178002856672" lon="13.49580992013216">
        <ele>812.04</ele>
      </trkpt>
      <trkpt lat="37.621799977496266" lon="13.49610990844667">
        <ele>812.6</ele>
      </trkpt>
      <trkpt lat="37.62182998470962" lon="13.49636991508305">
        <ele>813.2</ele>
      </trkpt>
      <trkpt lat="37.62183987535536" lon="13.496479885652661">
        <ele>813.75</ele>
      </trkpt>
      <trkpt lat="37.621799977496266" lon="13.496790016070008">
        <ele>814.33</ele>
      </trkpt>
      <trkpt lat="37.62173996306956" lon="13.497090004384518">
        <ele>814.9</ele>
      </trkpt>
      <trkpt lat="37.62168003246188" lon="13.497299887239933">
        <ele>815.47</ele>
      </trkpt>
      <trkpt lat="37.62162999249995" lon="13.497429974377155">
        <ele>816.03</ele>
      </trkpt>
      <trkpt lat="37.62155002914369" lon="13.497519996017218">
        <ele>816.56</ele>
      </trkpt>
      <trkpt lat="37.62146000750363" lon="13.497619908303022">
        <ele>817.1</ele>
      </trkpt>
      <trkpt lat="37.6214200258255" lon="13.49765988998115">
        <ele>817.65</ele>
      </trkpt>
      <trkpt lat="37.62130997143686" lon="13.49774002097547">
        <ele>818.2</ele>
      </trkpt>
      <trkpt lat="37.62129002250731" lon="13.497749911621213">
        <ele>818.75</ele>
      </trkpt>
      <trkpt lat="37.62126998975873" lon="13.497769944369793">
        <ele>819.32</ele>
      </trkpt>
      <trkpt lat="37.62120000086725" lon="13.497809926047921">
        <ele>819.87</ele>
      </trkpt>
      <trkpt lat="37.62112003751099" lon="13.49786994047463">
        <ele>820.44</ele>
      </trkpt>
      <trkpt lat="37.621109979227185" lon="13.497879998758435">
        <ele>821.01</ele>
      </trkpt>
      <trkpt lat="37.6210399903357" lon="13.49793003872037">
        <ele>821.6</ele>
      </trkpt>
      <trkpt lat="37.62097000144422" lon="13.497989969328046">
        <ele>822.16</ele>
      </trkpt>
      <trkpt lat="37.62095985934138" lon="13.498010002076626">
        <ele>822.74</ele>
      </trkpt>
      <trkpt lat="37.62091996148229" lon="13.498059958219528">
        <ele>823.32</ele>
      </trkpt>
      <trkpt lat="37.62086992152035" lon="13.49812994711101">
        <ele>823.9</ele>
      </trkpt>
      <trkpt lat="37.620830023661256" lon="13.498209994286299">
        <ele>824.5</ele>
      </trkpt>
      <trkpt lat="37.6208000164479" lon="13.498309990391135">
        <ele>825.11</ele>
      </trkpt>
      <trkpt lat="37.62077998369932" lon="13.49840990267694">
        <ele>825.73</ele>
      </trkpt>
      <trkpt lat="37.62076003476977" lon="13.49853990599513">
        <ele>826.37</ele>
      </trkpt>
      <trkpt lat="37.62076003476977" lon="13.498660018667579">
        <ele>827.03</ele>
      </trkpt>
      <trkpt lat="37.62077000923455" lon="13.498809970915318">
        <ele>827.72</ele>
      </trkpt>
      <trkpt lat="37.62077000923455" lon="13.49892002530396">
        <ele>828.39</ele>
      </trkpt>
      <trkpt lat="37.62077000923455" lon="13.49900996312499">
        <ele>829.06</ele>
      </trkpt>
      <trkpt lat="37.62077000923455" lon="13.499039886519313">
        <ele>829.68</ele>
      </trkpt>
      <trkpt lat="37.62076003476977" lon="13.499069977551699">
        <ele>830.3</ele>
      </trkpt>
      <trkpt lat="37.62076003476977" lon="13.499109959229827">
        <ele>830.92</ele>
      </trkpt>
      <trkpt lat="37.62074000202119" lon="13.49919998086989">
        <ele>831.56</ele>
      </trkpt>
      <trkpt lat="37.62071996927261" lon="13.499259995296597">
        <ele>832.16</ele>
      </trkpt>
      <trkpt lat="37.62068996205926" lon="13.499320009723306">
        <ele>832.76</ele>
      </trkpt>
      <trkpt lat="37.62064998038113" lon="13.499369965866208">
        <ele>833.34</ele>
      </trkpt>
      <trkpt lat="37.62060002423823" lon="13.49941992200911">
        <ele>833.9</ele>
      </trkpt>
      <trkpt lat="37.62054000981152" lon="13.499450013041496">
        <ele>834.46</ele>
      </trkpt>
      <trkpt lat="37.62047999538481" lon="13.49948002025485">
        <ele>835.02</ele>
      </trkpt>
      <trkpt lat="37.62041989713907" lon="13.499489910900593">
        <ele>835.54</ele>
      </trkpt>
      <trkpt lat="37.620359966531396" lon="13.499499969184399">
        <ele>836.06</ele>
      </trkpt>
      <trkpt lat="37.62030003592372" lon="13.499520001932979">
        <ele>836.59</ele>
      </trkpt>
      <trkpt lat="37.62021998874843" lon="13.499540034681559">
        <ele>837.09</ele>
      </trkpt>
      <trkpt lat="37.62014999985695" lon="13.499559983611107">
        <ele>837.59</ele>
      </trkpt>
      <trkpt lat="37.62007003650069" lon="13.49958990700543">
        <ele>838.09</ele>
      </trkpt>
      <trkpt lat="37.62005997821689" lon="13.499599965289235">
        <ele>838.58</ele>
      </trkpt>
      <trkpt lat="37.61999996379018" lon="13.499619998037815">
        <ele>839.05</ele>
      </trkpt>
      <trkpt lat="37.61992000043392" lon="13.49967003799975">
        <ele>839.53</ele>
      </trkpt>
      <trkpt lat="37.61985001154244" lon="13.49971991032362">
        <ele>840.0</ele>
      </trkpt>
      <trkpt lat="37.61978999711573" lon="13.49978000856936">
        <ele>840.48</ele>
      </trkpt>
      <trkpt lat="37.61972000822425" lon="13.499840022996068">
        <ele>840.96</ele>
      </trkpt>
      <trkpt lat="37.61965001933277" lon="13.49991001188755">
        <ele>841.44</ele>
      </trkpt>
      <trkpt lat="37.61959000490606" lon="13.499970026314259">
        <ele>841.9</ele>
      </trkpt>
      <trkpt lat="37.619520016014576" lon="13.50005996413529">
        <ele>842.38</ele>
      </trkpt>
      <trkpt lat="37.619459917768836" lon="13.500140011310577">
        <ele>842.83</ele>
      </trkpt>
      <trkpt lat="37.6194098778069" lon="13.50023003295064">
        <ele>843.29</ele>
      </trkpt>
      <trkpt lat="37.619369979947805" lon="13.50029993802309">
        <ele>843.73</ele>
      </trkpt>
      <trkpt lat="37.6193200238049" lon="13.500419966876507">
        <ele>844.23</ele>
      </trkpt>
      <trkpt lat="37.61929001659155" lon="13.500479981303215">
        <ele>844.66</ele>
      </trkpt>
      <trkpt lat="37.61927995830774" lon="13.500519879162312">
        <ele>845.11</ele>
      </trkpt>
      <trkpt lat="37.61923989281058" lon="13.50066002458334">
        <ele>845.59</ele>
      </trkpt>
      <trkpt lat="37.61922002770007" lon="13.500700006261468">
        <ele>846.01</ele>
      </trkpt>
      <trkpt lat="37.61922002770007" lon="13.50070989690721">
        <ele>846.44</ele>
      </trkpt>
      <trkpt lat="37.61920996941626" lon="13.500760020688176">
        <ele>846.88</ele>
      </trkpt>
      <trkpt lat="37.61917996220291" lon="13.50089999847114">
        <ele>847.38</ele>
      </trkpt>
      <trkpt lat="37.61914995498955" lon="13.500989936292171">
        <ele>847.85</ele>
      </trkpt>
      <trkpt lat="37.61912003159523" lon="13.501060009002686">
        <ele>848.29</ele>
      </trkpt>
      <trkpt lat="37.619069991633296" lon="13.501119939610362">
        <ele>848.67</ele>
      </trkpt>
      <trkpt lat="37.61903000995517" lon="13.50117995403707">
        <ele>849.07</ele>
      </trkpt>
      <trkpt lat="37.618989860638976" lon="13.501239968463778">
        <ele>849.47</ele>
      </trkpt>
      <trkpt lat="37.61894996277988" lon="13.501280033960938">
        <ele>849.85</ele>
      </trkpt>
      <trkpt lat="37.618939988315105" lon="13.501299982890487">
        <ele>850.24</ele>
      </trkpt>
      <trkpt lat="37.6188799738884" lon="13.501359913498163">
        <ele>850.62</ele>
      </trkpt>
      <trkpt lat="37.61882993392646" lon="13.501410037279129">
        <ele>851.01</ele>
      </trkpt>
      <trkpt lat="37.61880990117788" lon="13.501429986208677">
        <ele>851.39</ele>
      </trkpt>
      <trkpt lat="37.61879003606737" lon="13.501450018957257">
        <ele>851.76</ele>
      </trkpt>
      <trkpt lat="37.61873999610543" lon="13.501510033383965">
        <ele>852.16</ele>
      </trkpt>
      <trkpt lat="37.61867989785969" lon="13.501559989526868">
        <ele>852.51</ele>
      </trkpt>
      <trkpt lat="37.61867000721395" lon="13.50156988017261">
        <ele>852.86</ele>
      </trkpt>
      <trkpt lat="37.618619967252016" lon="13.50160994566977">
        <ele>853.21</ele>
      </trkpt>
      <trkpt lat="37.61856992729008" lon="13.501679934561253">
        <ele>853.57</ele>
      </trkpt>
      <trkpt lat="37.618509996682405" lon="13.50175998173654">
        <ele>853.96</ele>
      </trkpt>
      <trkpt lat="37.61847001500428" lon="13.501829886808991">
        <ele>854.34</ele>
      </trkpt>
      <trkpt lat="37.61841997504234" lon="13.501899959519506">
        <ele>854.7</ele>
      </trkpt>
      <trkpt lat="37.61837001889944" lon="13.501999955624342">
        <ele>855.08</ele>
      </trkpt>
      <trkpt lat="37.61833003722131" lon="13.50208000279963">
        <ele>855.45</ele>
      </trkpt>
      <trkpt lat="37.61828997172415" lon="13.50216994062066">
        <ele>855.83</ele>
      </trkpt>
      <trkpt lat="37.6182599645108" lon="13.502249987795949">
        <ele>856.22</ele>
      </trkpt>
      <trkpt lat="37.61824990622699" lon="13.502289969474077">
        <ele>856.6</ele>
      </trkpt>
      <trkpt lat="37.61824001558125" lon="13.5023198928684">
        <ele>856.96</ele>
      </trkpt>
      <trkpt lat="37.618210008367896" lon="13.502389881759882">
        <ele>857.33</ele>
      </trkpt>
      <trkpt lat="37.61820003390312" lon="13.502460038289428">
        <ele>857.72</ele>
      </trkpt>
      <trkpt lat="37.61818000115454" lon="13.502539917826653">
        <ele>858.11</ele>
      </trkpt>
      <trkpt lat="37.61817002668977" lon="13.502559950575233">
        <ele>858.47</ele>
      </trkpt>
      <trkpt lat="37.61814999394119" lon="13.50263999775052">
        <ele>858.85</ele>
      </trkpt>
      <trkpt lat="37.6181199029088" lon="13.502779975533485">
        <ele>859.26</ele>
      </trkpt>
      <trkpt lat="37.61808997951448" lon="13.50289992056787">
        <ele>859.66</ele>
      </trkpt>
      <trkpt lat="37.61804991401732" lon="13.50300989113748">
        <ele>860.04</ele>
      </trkpt>
      <trkpt lat="37.618019990623" lon="13.503109971061349">
        <ele>860.45</ele>
      </trkpt>
      <trkpt lat="37.61800004169345" lon="13.503139894455671">
        <ele>860.84</ele>
      </trkpt>
      <trkpt lat="37.61798000894487" lon="13.503190018236637">
        <ele>861.25</ele>
      </trkpt>
      <trkpt lat="37.61794002726674" lon="13.503250032663345">
        <ele>861.66</ele>
      </trkpt>
      <trkpt lat="37.61788998730481" lon="13.503320021554828">
        <ele>862.09</ele>
      </trkpt>
      <trkpt lat="37.61785000562668" lon="13.503380035981536">
        <ele>862.54</ele>
      </trkpt>
      <trkpt lat="37.61778999119997" lon="13.503450024873018">
        <ele>863.05</ele>
      </trkpt>
      <trkpt lat="37.61774003505707" lon="13.50349998101592">
        <ele>863.57</ele>
      </trkpt>
      <trkpt lat="37.6176899112761" lon="13.5035200137645">
        <ele>864.07</ele>
      </trkpt>
      <trkpt lat="37.617629980668426" lon="13.503559995442629">
        <ele>864.62</ele>
      </trkpt>
      <trkpt lat="37.61757994070649" lon="13.503580028191209">
        <ele>865.16</ele>
      </trkpt>
      <trkpt lat="37.61751992627978" lon="13.503599977120757">
        <ele>865.73</ele>
      </trkpt>
      <trkpt lat="37.61745999567211" lon="13.503639958798885">
        <ele>866.34</ele>
      </trkpt>
      <trkpt lat="37.6173999812454" lon="13.503680024296045">
        <ele>866.99</ele>
      </trkpt>
      <trkpt lat="37.61736989021301" lon="13.503699889406562">
        <ele>867.67</ele>
      </trkpt>
      <trkpt lat="37.617350025102496" lon="13.503719922155142">
        <ele>868.39</ele>
      </trkpt>
      <trkpt lat="37.617289926856756" lon="13.503769962117076">
        <ele>869.12</ele>
      </trkpt>
      <trkpt lat="37.61723988689482" lon="13.503810027614236">
        <ele>869.91</ele>
      </trkpt>
      <trkpt lat="37.61719001457095" lon="13.50386987440288">
        <ele>870.77</ele>
      </trkpt>
      <trkpt lat="37.61713997460902" lon="13.503919998183846">
        <ele>871.65</ele>
      </trkpt>
      <trkpt lat="37.61709999293089" lon="13.503979928791523">
        <ele>872.59</ele>
      </trkpt>
      <trkpt lat="37.61706001125276" lon="13.504070034250617">
        <ele>873.59</ele>
      </trkpt>
      <trkpt lat="37.61701986193657" lon="13.5041400231421">
        <ele>874.6</ele>
      </trkpt>
      <trkpt lat="37.61699002236128" lon="13.50422996096313">
        <ele>875.68</ele>
      </trkpt>
      <trkpt lat="37.61695993132889" lon="13.504349989816546">
        <ele>876.81</ele>
      </trkpt>
      <trkpt lat="37.61689983308315" lon="13.504545288160443">
        <ele>878.04</ele>
      </trkpt>
      <trkpt lat="37.61683998629451" lon="13.504739999771118">
        <ele>879.25</ele>
      </trkpt>
      <trkpt lat="37.616754826158285" lon="13.505040407180786">
        <ele>880.56</ele>
      </trkpt>
      <trkpt lat="37.61667000129819" lon="13.505339976400137">
        <ele>881.92</ele>
      </trkpt>
      <trkpt lat="37.61664996854961" lon="13.505380041897297">
        <ele>883.25</ele>
      </trkpt>
      <trkpt lat="37.61654988862574" lon="13.50562990643084">
        <ele>884.7</ele>
      </trkpt>
      <trkpt lat="37.61650001630187" lon="13.505810033529997">
        <ele>886.16</ele>
      </trkpt>
      <trkpt lat="37.616449976339936" lon="13.505959985777736">
        <ele>887.65</ele>
      </trkpt>
      <trkpt lat="37.6163499802351" lon="13.506240025162697">
        <ele>889.25</ele>
      </trkpt>
      <trkpt lat="37.616259874776006" lon="13.506479999050498">
        <ele>890.83</ele>
      </trkpt>
      <trkpt lat="37.61620002798736" lon="13.506639925763011">
        <ele>892.39</ele>
      </trkpt>
      <trkpt lat="37.61617999523878" lon="13.506670016795397">
        <ele>893.96</ele>
      </trkpt>
      <trkpt lat="37.61611998081207" lon="13.506909990683198">
        <ele>895.59</ele>
      </trkpt>
      <trkpt lat="37.61607002466917" lon="13.507149964571">
        <ele>897.27</ele>
      </trkpt>
      <trkpt lat="37.61604999192059" lon="13.507399996742606">
        <ele>898.98</ele>
      </trkpt>
      <trkpt lat="37.61601001024246" lon="13.507680036127567">
        <ele>900.71</ele>
      </trkpt>
      <trkpt lat="37.61598989367485" lon="13.507869886234403">
        <ele>902.44</ele>
      </trkpt>
      <trkpt lat="37.61594991199672" lon="13.5082499217242">
        <ele>904.3</ele>
      </trkpt>
      <trkpt lat="37.615910014137626" lon="13.50854991003871">
        <ele>906.05</ele>
      </trkpt>
      <trkpt lat="37.6158700324595" lon="13.50882994942367">
        <ele>907.78</ele>
      </trkpt>
      <trkpt lat="37.61584999971092" lon="13.50906003266573">
        <ele>909.49</ele>
      </trkpt>
      <trkpt lat="37.61584002524614" lon="13.509209984913468">
        <ele>911.19</ele>
      </trkpt>
      <trkpt lat="37.61582996696234" lon="13.509309897199273">
        <ele>912.88</ele>
      </trkpt>
      <trkpt lat="37.61582996696234" lon="13.509499914944172">
        <ele>914.57</ele>
      </trkpt>
      <trkpt lat="37.61584999971092" lon="13.50968993268907">
        <ele>916.26</ele>
      </trkpt>
      <trkpt lat="37.615889981389046" lon="13.50987995043397">
        <ele>918.02</ele>
      </trkpt>
      <trkpt lat="37.6159199886024" lon="13.510110033676028">
        <ele>919.77</ele>
      </trkpt>
      <trkpt lat="37.6159199886024" lon="13.51032997481525">
        <ele>921.47</ele>
      </trkpt>
      <trkpt lat="37.615889981389046" lon="13.510540025308728">
        <ele>923.17</ele>
      </trkpt>
      <trkpt lat="37.61584999971092" lon="13.510749991983175">
        <ele>924.8</ele>
      </trkpt>
      <trkpt lat="37.615780010819435" lon="13.5109300352633">
        <ele>926.41</ele>
      </trkpt>
      <trkpt lat="37.6156800147146" lon="13.51116992533207">
        <ele>928.05</ele>
      </trkpt>
      <trkpt lat="37.61552997864783" lon="13.51146999746561">
        <ele>929.72</ele>
      </trkpt>
      <trkpt lat="37.61542000807822" lon="13.511669905856252">
        <ele>931.31</ele>
      </trkpt>
      <trkpt lat="37.61531003750861" lon="13.511890014633536">
        <ele>932.85</ele>
      </trkpt>
      <trkpt lat="37.61529000476003" lon="13.511939970776439">
        <ele>934.35</ele>
      </trkpt>
      <trkpt lat="37.61516997590661" lon="13.51213987916708">
        <ele>935.85</ele>
      </trkpt>
      <trkpt lat="37.61508003808558" lon="13.512299973517656">
        <ele>937.31</ele>
      </trkpt>
      <trkpt lat="37.615009965375066" lon="13.512450009584427">
        <ele>938.73</ele>
      </trkpt>
      <trkpt lat="37.614920027554035" lon="13.5126500017941">
        <ele>940.17</ele>
      </trkpt>
      <trkpt lat="37.61484987102449" lon="13.512849910184741">
        <ele>941.56</ele>
      </trkpt>
      <trkpt lat="37.61476990766823" lon="13.51314989849925">
        <ele>942.97</ele>
      </trkpt>
      <trkpt lat="37.61469002813101" lon="13.513500010594726">
        <ele>944.32</ele>
      </trkpt>
      <trkpt lat="37.6146300137043" lon="13.51374987512827">
        <ele>945.6</ele>
      </trkpt>
      <trkpt lat="37.6145798061043" lon="13.513979958370328">
        <ele>946.85</ele>
      </trkpt>
      <trkpt lat="37.61453001759946" lon="13.514190008863807">
        <ele>948.08</ele>
      </trkpt>
      <trkpt lat="37.61451995931566" lon="13.514229906722903">
        <ele>949.21</ele>
      </trkpt>
      <trkpt lat="37.614490035921335" lon="13.51432990282774">
        <ele>950.32</ele>
      </trkpt>
      <trkpt lat="37.61440998874605" lon="13.51447993889451">
        <ele>951.4</ele>
      </trkpt>
      <trkpt lat="37.61430999264121" lon="13.514689989387989">
        <ele>952.4</ele>
      </trkpt>
      <trkpt lat="37.61421997100115" lon="13.51490993052721">
        <ele>953.37</ele>
      </trkpt>
      <trkpt lat="37.61413003318012" lon="13.515149904415011">
        <ele>954.31</ele>
      </trkpt>
      <trkpt lat="37.614040011540055" lon="13.515440002083778">
        <ele>955.24</ele>
      </trkpt>
      <trkpt lat="37.61398997157812" lon="13.515659943223">
        <ele>956.12</ele>
      </trkpt>
      <trkpt lat="37.61392484419048" lon="13.515925398096442">
        <ele>956.92</ele>
      </trkpt>
      <trkpt lat="37.61385996825993" lon="13.516190014779568">
        <ele>957.68</ele>
      </trkpt>
      <trkpt lat="37.613784866407514" lon="13.516465444117785">
        <ele>958.44</ele>
      </trkpt>
      <trkpt lat="37.61371001601219" lon="13.516739951446652">
        <ele>959.17</ele>
      </trkpt>
      <trkpt lat="37.61365486308932" lon="13.516950337216258">
        <ele>959.78</ele>
      </trkpt>
      <trkpt lat="37.61359996162355" lon="13.517159968614578">
        <ele>960.32</ele>
      </trkpt>
      <trkpt lat="37.61351999826729" lon="13.5173799097538">
        <ele>960.77</ele>
      </trkpt>
      <trkpt lat="37.61345000937581" lon="13.51752994582057">
        <ele>961.18</ele>
      </trkpt>
      <trkpt lat="37.61339996941388" lon="13.51767998188734">
        <ele>961.56</ele>
      </trkpt>
      <trkpt lat="37.61336996220052" lon="13.517800010740757">
        <ele>961.91</ele>
      </trkpt>
      <trkpt lat="37.61334992945194" lon="13.517919955775142">
        <ele>962.24</ele>
      </trkpt>
      <trkpt lat="37.6133400388062" lon="13.5180498752743">
        <ele>962.54</ele>
      </trkpt>
      <trkpt lat="37.6133400388062" lon="13.518169987946749">
        <ele>962.79</ele>
      </trkpt>
      <trkpt lat="37.61335998773575" lon="13.518329914659262">
        <ele>963.0</ele>
      </trkpt>
      <trkpt lat="37.6133899949491" lon="13.518490009009838">
        <ele>963.21</ele>
      </trkpt>
      <trkpt lat="37.61341002769768" lon="13.51851993240416">
        <ele>963.39</ele>
      </trkpt>
      <trkpt lat="37.61342997662723" lon="13.518639961257577">
        <ele>963.55</ele>
      </trkpt>
      <trkpt lat="37.61347993277013" lon="13.51879988797009">
        <ele>963.71</ele>
      </trkpt>
      <trkpt lat="37.61351002380252" lon="13.51892989128828">
        <ele>963.83</ele>
      </trkpt>
      <trkpt lat="37.61354003101587" lon="13.519070036709309">
        <ele>963.92</ele>
      </trkpt>
      <trkpt lat="37.61355997994542" lon="13.519209930673242">
        <ele>963.98</ele>
      </trkpt>
      <trkpt lat="37.61355997994542" lon="13.519329959526658">
        <ele>964.03</ele>
      </trkpt>
      <trkpt lat="37.61355997994542" lon="13.519489886239171">
        <ele>964.04</ele>
      </trkpt>
      <trkpt lat="37.61355997994542" lon="13.519540010020137">
        <ele>964.03</ele>
      </trkpt>
      <trkpt lat="37.613549921661615" lon="13.519670013338327">
        <ele>964.0</ele>
      </trkpt>
      <trkpt lat="37.61352997273207" lon="13.519839998334646">
        <ele>963.98</ele>
      </trkpt>
      <trkpt lat="37.61351002380252" lon="13.520030016079545">
        <ele>963.94</ele>
      </trkpt>
      <trkpt lat="37.61349996551871" lon="13.520179884508252">
        <ele>963.89</ele>
      </trkpt>
      <trkpt lat="37.61348999105394" lon="13.520219950005412">
        <ele>963.79</ele>
      </trkpt>
      <trkpt lat="37.61347993277013" lon="13.52032002992928">
        <ele>963.68</ele>
      </trkpt>
      <trkpt lat="37.61342997662723" lon="13.520529996603727">
        <ele>963.55</ele>
      </trkpt>
      <trkpt lat="37.61338002048433" lon="13.520769970491529">
        <ele>963.41</ele>
      </trkpt>
      <trkpt lat="37.61332989670336" lon="13.52096987888217">
        <ele>963.27</ele>
      </trkpt>
      <trkpt lat="37.613289998844266" lon="13.52111991494894">
        <ele>963.11</ele>
      </trkpt>
      <trkpt lat="37.61323995888233" lon="13.521259976550937">
        <ele>962.97</ele>
      </trkpt>
      <trkpt lat="37.613159995526075" lon="13.521449994295835">
        <ele>962.8</ele>
      </trkpt>
      <trkpt lat="37.613139962777495" lon="13.52150003425777">
        <ele>962.63</ele>
      </trkpt>
      <trkpt lat="37.613079864531755" lon="13.52165987715125">
        <ele>962.44</ele>
      </trkpt>
      <trkpt lat="37.61300987564027" lon="13.521809913218021">
        <ele>962.23</ele>
      </trkpt>
      <trkpt lat="37.61291993781924" lon="13.52203999646008">
        <ele>962.02</ele>
      </trkpt>
      <trkpt lat="37.61289001442492" lon="13.522089952602983">
        <ele>961.79</ele>
      </trkpt>
      <trkpt lat="37.612839974462986" lon="13.522209981456399">
        <ele>961.56</ele>
      </trkpt>
      <trkpt lat="37.61277996003628" lon="13.522379966452718">
        <ele>961.36</ele>
      </trkpt>
      <trkpt lat="37.61269002221525" lon="13.52257995866239">
        <ele>961.09</ele>
      </trkpt>
      <trkpt lat="37.61263000778854" lon="13.522720020264387">
        <ele>960.83</ele>
      </trkpt>
      <trkpt lat="37.61256999336183" lon="13.52285991422832">
        <ele>960.56</ele>
      </trkpt>
      <trkpt lat="37.61250000447035" lon="13.523040041327477">
        <ele>960.27</ele>
      </trkpt>
      <trkpt lat="37.61246002279222" lon="13.52315990254283">
        <ele>960.03</ele>
      </trkpt>
      <trkpt lat="37.61240981519222" lon="13.523280015215278">
        <ele>959.77</ele>
      </trkpt>
      <trkpt lat="37.61237997561693" lon="13.523389985784888">
        <ele>959.55</ele>
      </trkpt>
      <trkpt lat="37.61237000115216" lon="13.52343994192779">
        <ele>959.31</ele>
      </trkpt>
      <trkpt lat="37.61235994286835" lon="13.52350004017353">
        <ele>959.05</ele>
      </trkpt>
      <trkpt lat="37.61233991011977" lon="13.52360992692411">
        <ele>958.79</ele>
      </trkpt>
      <trkpt lat="37.61233991011977" lon="13.523749988526106">
        <ele>958.55</ele>
      </trkpt>
      <trkpt lat="37.61233001947403" lon="13.52388996630907">
        <ele>958.29</ele>
      </trkpt>
      <trkpt lat="37.61233001947403" lon="13.524009995162487">
        <ele>957.98</ele>
      </trkpt>
      <trkpt lat="37.61233991011977" lon="13.524129940196872">
        <ele>957.66</ele>
      </trkpt>
      <trkpt lat="37.61234996840358" lon="13.524290034547448">
        <ele>957.35</ele>
      </trkpt>
      <trkpt lat="37.61234996840358" lon="13.524420037865639">
        <ele>957.02</ele>
      </trkpt>
      <trkpt lat="37.61235994286835" lon="13.52453000843525">
        <ele>956.69</ele>
      </trkpt>
      <trkpt lat="37.61235994286835" lon="13.524669902399182">
        <ele>956.34</ele>
      </trkpt>
      <trkpt lat="37.61237000115216" lon="13.524780040606856">
        <ele>956.0</ele>
      </trkpt>
      <trkpt lat="37.61235994286835" lon="13.52489990182221">
        <ele>955.63</ele>
      </trkpt>
      <trkpt lat="37.61234996840358" lon="13.524999981746078">
        <ele>955.25</ele>
      </trkpt>
      <trkpt lat="37.61231987737119" lon="13.525129985064268">
        <ele>954.86</ele>
      </trkpt>
      <trkpt lat="37.612279979512095" lon="13.525269879028201">
        <ele>954.46</ele>
      </trkpt>
      <trkpt lat="37.61222993955016" lon="13.525419915094972">
        <ele>954.06</ele>
      </trkpt>
      <trkpt lat="37.61216992512345" lon="13.525569951161742">
        <ele>953.66</ele>
      </trkpt>
      <trkpt lat="37.61201988905668" lon="13.52590992115438">
        <ele>953.14</ele>
      </trkpt>
      <trkpt lat="37.61194000951946" lon="13.526089880615473">
        <ele>952.63</ele>
      </trkpt>
      <trkpt lat="37.611870020627975" lon="13.52624997496605">
        <ele>952.21</ele>
      </trkpt>
      <trkpt lat="37.61181000620127" lon="13.526390036568046">
        <ele>951.75</ele>
      </trkpt>
      <trkpt lat="37.6117598824203" lon="13.526559937745333">
        <ele>951.37</ele>
      </trkpt>
      <trkpt lat="37.61174999177456" lon="13.526599919423461">
        <ele>950.97</ele>
      </trkpt>
      <trkpt lat="37.61171001009643" lon="13.526739981025457">
        <ele>950.57</ele>
      </trkpt>
      <trkpt lat="37.6116599701345" lon="13.52691994048655">
        <ele>950.17</ele>
      </trkpt>
      <trkpt lat="37.61162996292114" lon="13.52710995823145">
        <ele>949.77</ele>
      </trkpt>
      <trkpt lat="37.61160993017256" lon="13.527190005406737">
        <ele>949.37</ele>
      </trkpt>
      <trkpt lat="37.611549999564886" lon="13.527510026469827">
        <ele>948.95</ele>
      </trkpt>
      <trkpt lat="37.61149995960295" lon="13.52779995650053">
        <ele>948.46</ele>
      </trkpt>
      <trkpt lat="37.61145000346005" lon="13.528030039742589">
        <ele>948.0</ele>
      </trkpt>
      <trkpt lat="37.611440028995275" lon="13.52820991538465">
        <ele>947.59</ele>
      </trkpt>
      <trkpt lat="37.61138998903334" lon="13.52840001694858">
        <ele>947.16</ele>
      </trkpt>
      <trkpt lat="37.61134003289044" lon="13.5285700019449">
        <ele>946.81</ele>
      </trkpt>
      <trkpt lat="37.61132000014186" lon="13.528619958087802">
        <ele>946.49</ele>
      </trkpt>
      <trkpt lat="37.61128001846373" lon="13.528739986941218">
        <ele>946.2</ele>
      </trkpt>
      <trkpt lat="37.61122000403702" lon="13.528969986364245">
        <ele>945.95</ele>
      </trkpt>
      <trkpt lat="37.61116996407509" lon="13.529120022431016">
        <ele>945.71</ele>
      </trkpt>
      <trkpt lat="37.611140040680766" lon="13.52928003296256">
        <ele>945.49</ele>
      </trkpt>
      <trkpt lat="37.61112998239696" lon="13.529299981892109">
        <ele>945.28</ele>
      </trkpt>
      <trkpt lat="37.61109000071883" lon="13.529569879174232">
        <ele>945.08</ele>
      </trkpt>
      <trkpt lat="37.61105999350548" lon="13.529810020700097">
        <ele>944.9</ele>
      </trkpt>
      <trkpt lat="37.61105999350548" lon="13.529889900237322">
        <ele>944.78</ele>
      </trkpt>
      <trkpt lat="37.61102990247309" lon="13.530039936304092">
        <ele>944.69</ele>
      </trkpt>
      <trkpt lat="37.610990004613996" lon="13.53026993572712">
        <ele>944.66</ele>
      </trkpt>
      <trkpt lat="37.610990004613996" lon="13.53031000122428">
        <ele>944.62</ele>
      </trkpt>
      <trkpt lat="37.61098003014922" lon="13.530349982902408">
        <ele>944.6</ele>
      </trkpt>
      <trkpt lat="37.61095999740064" lon="13.53037990629673">
        <ele>944.59</ele>
      </trkpt>
      <trkpt lat="37.61095002293587" lon="13.530409997329116">
        <ele>944.61</ele>
      </trkpt>
      <trkpt lat="37.61092999018729" lon="13.530430030077696">
        <ele>944.63</ele>
      </trkpt>
      <trkpt lat="37.61086997576058" lon="13.53057000786066">
        <ele>944.71</ele>
      </trkpt>
      <trkpt lat="37.61082999408245" lon="13.530659945681691">
        <ele>944.79</ele>
      </trkpt>
      <trkpt lat="37.610690016299486" lon="13.530839988961816">
        <ele>944.89</ele>
      </trkpt>
      <trkpt lat="37.61055003851652" lon="13.53099999949336">
        <ele>944.99</ele>
      </trkpt>
      <trkpt lat="37.61042003519833" lon="13.53112991899252">
        <ele>945.04</ele>
      </trkpt>
      <trkpt lat="37.61030998080969" lon="13.53125992231071">
        <ele>945.13</ele>
      </trkpt>
      <trkpt lat="37.61018995195627" lon="13.53140995837748">
        <ele>945.23</ele>
      </trkpt>
      <trkpt lat="37.61009003967047" lon="13.531550019979477">
        <ele>945.35</ele>
      </trkpt>
      <trkpt lat="37.609979985281825" lon="13.531680023297668">
        <ele>945.47</ele>
      </trkpt>
      <trkpt lat="37.6098498981446" lon="13.53188001550734">
        <ele>945.65</ele>
      </trkpt>
      <trkpt lat="37.6097499858588" lon="13.53205000050366">
        <ele>945.78</ele>
      </trkpt>
      <trkpt lat="37.60964998975396" lon="13.532240018248558">
        <ele>945.93</ele>
      </trkpt>
      <trkpt lat="37.60954001918435" lon="13.532449984923005">
        <ele>946.1</ele>
      </trkpt>
      <trkpt lat="37.60943993926048" lon="13.532679900527">
        <ele>946.28</ele>
      </trkpt>
      <trkpt lat="37.60934002697468" lon="13.5328699182719">
        <ele>946.45</ele>
      </trkpt>
      <trkpt lat="37.609270038083196" lon="13.53299992159009">
        <ele>946.63</ele>
      </trkpt>
      <trkpt lat="37.60919996537268" lon="13.533139983192086">
        <ele>946.83</ele>
      </trkpt>
      <trkpt lat="37.609120002016425" lon="13.533259928226471">
        <ele>947.05</ele>
      </trkpt>
      <trkpt lat="37.60905001312494" lon="13.53336000815034">
        <ele>947.19</ele>
      </trkpt>
      <trkpt lat="37.608950017020106" lon="13.533460004255176">
        <ele>947.32</ele>
      </trkpt>
      <trkpt lat="37.60884993709624" lon="13.5335398837924">
        <ele>947.5</ele>
      </trkpt>
      <trkpt lat="37.60873996652663" lon="13.53362001478672">
        <ele>947.63</ele>
      </trkpt>
      <trkpt lat="37.60863997042179" lon="13.533699978142977">
        <ele>947.78</ele>
      </trkpt>
      <trkpt lat="37.60857995599508" lon="13.533759908750653">
        <ele>947.98</ele>
      </trkpt>
      <trkpt lat="37.60855003260076" lon="13.533799890428782">
        <ele>948.19</ele>
      </trkpt>
      <trkpt lat="37.60853989049792" lon="13.533819923177361">
        <ele>948.39</ele>
      </trkpt>
      <trkpt lat="37.6085099671036" lon="13.533889995887876">
        <ele>948.61</ele>
      </trkpt>
      <trkpt lat="37.608479959890246" lon="13.53400994092226">
        <ele>948.85</ele>
      </trkpt>
      <trkpt lat="37.60846990160644" lon="13.534150002524257">
        <ele>949.09</ele>
      </trkpt>
      <trkpt lat="37.60843997821212" lon="13.53434999473393">
        <ele>949.33</ele>
      </trkpt>
      <trkpt lat="37.60842002928257" lon="13.53458996862173">
        <ele>949.61</ele>
      </trkpt>
      <trkpt lat="37.608369989320636" lon="13.5349300224334">
        <ele>949.85</ele>
      </trkpt>
      <trkpt lat="37.60833998210728" lon="13.535200003534555">
        <ele>950.1</ele>
      </trkpt>
      <trkpt lat="37.60830000042915" lon="13.535509966313839">
        <ele>950.33</ele>
      </trkpt>
      <trkpt lat="37.6082699932158" lon="13.53574994020164">
        <ele>950.56</ele>
      </trkpt>
      <trkpt lat="37.60824996046722" lon="13.535949932411313">
        <ele>950.8</ele>
      </trkpt>
      <trkpt lat="37.608239986002445" lon="13.536119917407632">
        <ele>951.02</ele>
      </trkpt>
      <trkpt lat="37.60824996046722" lon="13.536229887977242">
        <ele>951.24</ele>
      </trkpt>
      <trkpt lat="37.608260018751025" lon="13.53630993515253">
        <ele>951.45</ele>
      </trkpt>
      <trkpt lat="37.60830000042915" lon="13.53649995289743">
        <ele>951.69</ele>
      </trkpt>
      <trkpt lat="37.60833000764251" lon="13.536689970642328">
        <ele>951.93</ele>
      </trkpt>
      <trkpt lat="37.60835004039109" lon="13.536819973960519">
        <ele>952.12</ele>
      </trkpt>
      <trkpt lat="37.60836001485586" lon="13.536860039457679">
        <ele>952.32</ele>
      </trkpt>
      <trkpt lat="37.608369989320636" lon="13.537009991705418">
        <ele>952.48</ele>
      </trkpt>
      <trkpt lat="37.608390022069216" lon="13.537239907309413">
        <ele>952.58</ele>
      </trkpt>
      <trkpt lat="37.608390022069216" lon="13.5375099722296">
        <ele>952.72</ele>
      </trkpt>
      <trkpt lat="37.60839999653399" lon="13.537760004401207">
        <ele>952.9</ele>
      </trkpt>
      <trkpt lat="37.60839999653399" lon="13.538059992715716">
        <ele>953.04</ele>
      </trkpt>
      <trkpt lat="37.608369989320636" lon="13.538450002670288">
        <ele>953.27</ele>
      </trkpt>
      <trkpt lat="37.60833998210728" lon="13.538489984348416">
        <ele>953.45</ele>
      </trkpt>
      <trkpt lat="37.60830000042915" lon="13.538529882207513">
        <ele>953.62</ele>
      </trkpt>
      <trkpt lat="37.60820997878909" lon="13.538609929382801">
        <ele>953.81</ele>
      </trkpt>
      <trkpt lat="37.60810989886522" lon="13.538700034841895">
        <ele>954.0</ele>
      </trkpt>
      <trkpt lat="37.60801996104419" lon="13.53877991437912">
        <ele>954.2</ele>
      </trkpt>
      <trkpt lat="37.60797989554703" lon="13.53884001262486">
        <ele>954.41</ele>
      </trkpt>
      <trkpt lat="37.60794997215271" lon="13.53888988494873">
        <ele>954.64</ele>
      </trkpt>
      <trkpt lat="37.60789004154503" lon="13.538999939337373">
        <ele>954.86</ele>
      </trkpt>
      <trkpt lat="37.6078400015831" lon="13.539130026474595">
        <ele>955.09</ele>
      </trkpt>
      <trkpt lat="37.60781988501549" lon="13.539239997044206">
        <ele>955.33</ele>
      </trkpt>
      <trkpt lat="37.60781988501549" lon="13.539299927651882">
        <ele>955.58</ele>
      </trkpt>
      <trkpt lat="37.607830027118325" lon="13.539299927651882">
        <ele>955.85</ele>
      </trkpt>
      <trkpt lat="37.6078400015831" lon="13.539370000362396">
        <ele>956.13</ele>
      </trkpt>
      <trkpt lat="37.60784997604787" lon="13.53942004032433">
        <ele>956.42</ele>
      </trkpt>
      <trkpt lat="37.60793002322316" lon="13.539609974250197">
        <ele>956.78</ele>
      </trkpt>
      <trkpt lat="37.608030019328" lon="13.53980996645987">
        <ele>957.15</ele>
      </trkpt>
      <trkpt lat="37.60810989886522" lon="13.539950028061867">
        <ele>957.48</ele>
      </trkpt>
      <trkpt lat="37.608199920505285" lon="13.54015002027154">
        <ele>957.83</ele>
      </trkpt>
      <trkpt lat="37.6082699932158" lon="13.540329895913601">
        <ele>958.17</ele>
      </trkpt>
      <trkpt lat="37.608289858326316" lon="13.540419917553663">
        <ele>958.52</ele>
      </trkpt>
      <trkpt lat="37.608289858326316" lon="13.540489990264177">
        <ele>958.85</ele>
      </trkpt>
      <trkpt lat="37.60827996768057" lon="13.540550004690886">
        <ele>959.15</ele>
      </trkpt>
      <trkpt lat="37.608260018751025" lon="13.54064991697669">
        <ele>959.44</ele>
      </trkpt>
      <trkpt lat="37.60823001153767" lon="13.5407598875463">
        <ele>959.71</ele>
      </trkpt>
      <trkpt lat="37.608199920505285" lon="13.540849909186363">
        <ele>959.99</ele>
      </trkpt>
      <trkpt lat="37.60819002985954" lon="13.540940014645457">
        <ele>960.32</ele>
      </trkpt>
      <trkpt lat="37.60819002985954" lon="13.541049985215068">
        <ele>960.67</ele>
      </trkpt>
      <trkpt lat="37.608199920505285" lon="13.541200021281838">
        <ele>961.02</ele>
      </trkpt>
      <trkpt lat="37.608199920505285" lon="13.541309991851449">
        <ele>961.37</ele>
      </trkpt>
      <trkpt lat="37.60820997878909" lon="13.541390039026737">
        <ele>961.71</ele>
      </trkpt>
      <trkpt lat="37.60820997878909" lon="13.541430020704865">
        <ele>962.04</ele>
      </trkpt>
      <trkpt lat="37.60820997878909" lon="13.54152993299067">
        <ele>962.37</ele>
      </trkpt>
      <trkpt lat="37.608199920505285" lon="13.541599921882153">
        <ele>962.68</ele>
      </trkpt>
      <trkpt lat="37.60819002985954" lon="13.541669994592667">
        <ele>962.99</ele>
      </trkpt>
      <trkpt lat="37.60816002264619" lon="13.541739983484149">
        <ele>963.25</ele>
      </trkpt>
      <trkpt lat="37.60803999379277" lon="13.54193989187479">
        <ele>963.51</ele>
      </trkpt>
      <trkpt lat="37.60797000490129" lon="13.542049946263433">
        <ele>963.75</ele>
      </trkpt>
      <trkpt lat="37.60790990665555" lon="13.542169975116849">
        <ele>964.01</ele>
      </trkpt>
      <trkpt lat="37.60786003433168" lon="13.542269971221685">
        <ele>964.27</ele>
      </trkpt>
      <trkpt lat="37.607809994369745" lon="13.542380025610328">
        <ele>964.52</ele>
      </trkpt>
      <trkpt lat="37.60777001269162" lon="13.54245001450181">
        <ele>964.75</ele>
      </trkpt>
      <trkpt lat="37.60774997994304" lon="13.542550010606647">
        <ele>964.97</ele>
      </trkpt>
      <trkpt lat="37.60774000547826" lon="13.542640032246709">
        <ele>965.17</ele>
      </trkpt>
      <trkpt lat="37.60774997994304" lon="13.54275000281632">
        <ele>965.35</ele>
      </trkpt>
      <trkpt lat="37.607789961621165" lon="13.542919987812638">
        <ele>965.49</ele>
      </trkpt>
      <trkpt lat="37.60787000879645" lon="13.543219976127148">
        <ele>965.61</ele>
      </trkpt>
      <trkpt lat="37.60794008150697" lon="13.543425248935819">
        <ele>965.68</ele>
      </trkpt>
      <trkpt lat="37.60800998657942" lon="13.5436300188303">
        <ele>965.73</ele>
      </trkpt>
      <trkpt lat="37.608070001006126" lon="13.543839985504746">
        <ele>965.74</ele>
      </trkpt>
      <trkpt lat="37.608090033754706" lon="13.543909974396229">
        <ele>965.72</ele>
      </trkpt>
      <trkpt lat="37.60814996436238" lon="13.54410988278687">
        <ele>965.65</ele>
      </trkpt>
      <trkpt lat="37.608199920505285" lon="13.544250028207898">
        <ele>965.54</ele>
      </trkpt>
      <trkpt lat="37.608260018751025" lon="13.5444900020957">
        <ele>965.4</ele>
      </trkpt>
      <trkpt lat="37.608289858326316" lon="13.54468991048634">
        <ele>965.24</ele>
      </trkpt>
      <trkpt lat="37.60833000764251" lon="13.54502996429801">
        <ele>965.07</ele>
      </trkpt>
      <trkpt lat="37.60836001485586" lon="13.54537001810968">
        <ele>964.85</ele>
      </trkpt>
      <trkpt lat="37.608369989320636" lon="13.54543992318213">
        <ele>964.63</ele>
      </trkpt>
      <trkpt lat="37.608369989320636" lon="13.545540003105998">
        <ele>964.38</ele>
      </trkpt>
      <trkpt lat="37.60835004039109" lon="13.545619882643223">
        <ele>964.11</ele>
      </trkpt>
      <trkpt lat="37.60832003317773" lon="13.545679897069931">
        <ele>963.83</ele>
      </trkpt>
      <trkpt lat="37.608289858326316" lon="13.545709988102317">
        <ele>963.53</ele>
      </trkpt>
      <trkpt lat="37.60823001153767" lon="13.545749969780445">
        <ele>963.22</ele>
      </trkpt>
      <trkpt lat="37.60814996436238" lon="13.545770002529025">
        <ele>962.9</ele>
      </trkpt>
      <trkpt lat="37.6080799754709" lon="13.545819958671927">
        <ele>962.55</ele>
      </trkpt>
      <trkpt lat="37.608070001006126" lon="13.545829933136702">
        <ele>962.18</ele>
      </trkpt>
      <trkpt lat="37.60801996104419" lon="13.54588994756341">
        <ele>961.8</ele>
      </trkpt>
      <trkpt lat="37.60797000490129" lon="13.54597988538444">
        <ele>961.4</ele>
      </trkpt>
      <trkpt lat="37.60790001600981" lon="13.546239892020822">
        <ele>960.99</ele>
      </trkpt>
      <trkpt lat="37.60780001990497" lon="13.546569971367717">
        <ele>960.58</ele>
      </trkpt>
      <trkpt lat="37.60774000547826" lon="13.546889992430806">
        <ele>960.11</ele>
      </trkpt>
      <trkpt lat="37.60774000547826" lon="13.547079926356673">
        <ele>959.67</ele>
      </trkpt>
      <trkpt lat="37.60774997994304" lon="13.54724002070725">
        <ele>959.2</ele>
      </trkpt>
      <trkpt lat="37.60777001269162" lon="13.547319984063506">
        <ele>958.75</ele>
      </trkpt>
      <trkpt lat="37.607789961621165" lon="13.54741989634931">
        <ele>958.3</ele>
      </trkpt>
      <trkpt lat="37.6078400015831" lon="13.547579990699887">
        <ele>957.82</ele>
      </trkpt>
      <trkpt lat="37.60793002322316" lon="13.547730026766658">
        <ele>957.3</ele>
      </trkpt>
      <trkpt lat="37.60803999379277" lon="13.547915099188685">
        <ele>956.79</ele>
      </trkpt>
      <trkpt lat="37.60814996436238" lon="13.54810000397265">
        <ele>956.33</ele>
      </trkpt>
      <trkpt lat="37.60820997878909" lon="13.548200000077486">
        <ele>955.94</ele>
      </trkpt>
      <trkpt lat="37.608239986002445" lon="13.54827987961471">
        <ele>955.6</ele>
      </trkpt>
      <trkpt lat="37.608239986002445" lon="13.548350036144257">
        <ele>955.31</ele>
      </trkpt>
      <trkpt lat="37.60823001153767" lon="13.548480039462447">
        <ele>955.03</ele>
      </trkpt>
      <trkpt lat="37.60812004096806" lon="13.54863996617496">
        <ele>954.83</ele>
      </trkpt>
      <trkpt lat="37.60801996104419" lon="13.548759995028377">
        <ele>954.67</ele>
      </trkpt>
      <trkpt lat="37.607809994369745" lon="13.5490298923105">
        <ele>954.6</ele>
      </trkpt>
      <trkpt lat="37.60761997662485" lon="13.549319989979267">
        <ele>954.55</ele>
      </trkpt>
      <trkpt lat="37.6075048930943" lon="13.549525095149875">
        <ele>954.45</ele>
      </trkpt>
      <trkpt lat="37.60738997720182" lon="13.549730032682419">
        <ele>954.36</ele>
      </trkpt>
      <trkpt lat="37.607229966670275" lon="13.549960032105446">
        <ele>954.33</ele>
      </trkpt>
      <trkpt lat="37.60707003995776" lon="13.550189947709441">
        <ele>954.37</ele>
      </trkpt>
      <trkpt lat="37.60695998556912" lon="13.550299918279052">
        <ele>954.43</ele>
      </trkpt>
      <trkpt lat="37.60692000389099" lon="13.55046990327537">
        <ele>954.45</ele>
      </trkpt>
      <trkpt lat="37.60692000389099" lon="13.55053000152111">
        <ele>954.54</ele>
      </trkpt>
      <trkpt lat="37.606929978355765" lon="13.550590015947819">
        <ele>954.68</ele>
      </trkpt>
      <trkpt lat="37.60694003663957" lon="13.55065992102027">
        <ele>954.88</ele>
      </trkpt>
      <trkpt lat="37.60698990896344" lon="13.550760000944138">
        <ele>955.11</ele>
      </trkpt>
      <trkpt lat="37.60699996724725" lon="13.550780033692718">
        <ele>955.4</ele>
      </trkpt>
      <trkpt lat="37.60707003995776" lon="13.550929985940456">
        <ele>955.76</ele>
      </trkpt>
      <trkpt lat="37.60715000331402" lon="13.551059989258647">
        <ele>956.15</ele>
      </trkpt>
      <trkpt lat="37.60719995945692" lon="13.55112997815013">
        <ele>956.58</ele>
      </trkpt>
      <trkpt lat="37.60721001774073" lon="13.55115001089871">
        <ele>957.04</ele>
      </trkpt>
      <trkpt lat="37.6072598900646" lon="13.551210025325418">
        <ele>957.54</ele>
      </trkpt>
      <trkpt lat="37.60731001384556" lon="13.55125998146832">
        <ele>958.09</ele>
      </trkpt>
      <trkpt lat="37.60737002827227" lon="13.551289904862642">
        <ele>958.66</ele>
      </trkpt>
      <trkpt lat="37.607510006055236" lon="13.551340028643608">
        <ele>959.26</ele>
      </trkpt>
      <trkpt lat="37.60782181285322" lon="13.551382357254624">
        <ele>959.91</ele>
      </trkpt>
      <trkpt lat="37.6081336196512" lon="13.551424769684672">
        <ele>960.66</ele>
      </trkpt>
      <trkpt lat="37.60844542644918" lon="13.55146718211472">
        <ele>961.4</ele>
      </trkpt>
      <trkpt lat="37.608759915456176" lon="13.551510013639927">
        <ele>962.17</ele>
      </trkpt>
      <trkpt lat="37.60902998037636" lon="13.551570028066635">
        <ele>962.99</ele>
      </trkpt>
      <trkpt lat="37.6091299764812" lon="13.55160003527999">
        <ele>963.75</ele>
      </trkpt>
      <trkpt lat="37.60922980494797" lon="13.551640016958117">
        <ele>964.54</ele>
      </trkpt>
      <trkpt lat="37.60935000143945" lon="13.5517100058496">
        <ele>965.32</ele>
      </trkpt>
      <trkpt lat="37.6094199065119" lon="13.551770020276308">
        <ele>966.1</ele>
      </trkpt>
      <trkpt lat="37.60945997200906" lon="13.551849899813533">
        <ele>966.89</ele>
      </trkpt>
      <trkpt lat="37.60950003750622" lon="13.551940005272627">
        <ele>967.67</ele>
      </trkpt>
      <trkpt lat="37.609529960900545" lon="13.55203002691269">
        <ele>968.45</ele>
      </trkpt>
      <trkpt lat="37.60959676466882" lon="13.552357256412506">
        <ele>969.26</ele>
      </trkpt>
      <trkpt lat="37.6096635684371" lon="13.552684485912323">
        <ele>970.12</ele>
      </trkpt>
      <trkpt lat="37.60973003692925" lon="13.553010039031506">
        <ele>970.91</ele>
      </trkpt>
      <trkpt lat="37.6097499858588" lon="13.55315001681447">
        <ele>971.69</ele>
      </trkpt>
      <trkpt lat="37.6097499858588" lon="13.553199889138341">
        <ele>972.45</ele>
      </trkpt>
      <trkpt lat="37.60978979989886" lon="13.55338990688324">
        <ele>973.22</ele>
      </trkpt>
      <trkpt lat="37.609830033034086" lon="13.553489986807108">
        <ele>973.98</ele>
      </trkpt>
      <trkpt lat="37.60990002192557" lon="13.553589899092913">
        <ele>974.7</ele>
      </trkpt>
      <trkpt lat="37.61011996306479" lon="13.553779916837811">
        <ele>975.38</ele>
      </trkpt>
      <trkpt lat="37.61016991920769" lon="13.55383993126452">
        <ele>976.06</ele>
      </trkpt>
      <trkpt lat="37.61020001024008" lon="13.553870022296906">
        <ele>976.7</ele>
      </trkpt>
      <trkpt lat="37.61031995527446" lon="13.55403003282845">
        <ele>977.36</ele>
      </trkpt>
      <trkpt lat="37.61049999855459" lon="13.554339911788702">
        <ele>978.05</ele>
      </trkpt>
      <trkpt lat="37.61060502380133" lon="13.554509980604053">
        <ele>978.64</ele>
      </trkpt>
      <trkpt lat="37.61070988141" lon="13.55467988178134">
        <ele>979.18</ele>
      </trkpt>
      <trkpt lat="37.61085002683103" lon="13.554909965023398">
        <ele>979.69</ele>
      </trkpt>
      <trkpt lat="37.61093996465206" lon="13.555029910057783">
        <ele>980.18</ele>
      </trkpt>
      <trkpt lat="37.61102001182735" lon="13.555120015516877">
        <ele>980.64</ele>
      </trkpt>
      <trkpt lat="37.61110986582935" lon="13.55521003715694">
        <ele>981.06</ele>
      </trkpt>
      <trkpt lat="37.61118999682367" lon="13.555290000513196">
        <ele>981.46</ele>
      </trkpt>
      <trkpt lat="37.61126987636089" lon="13.555380022153258">
        <ele>981.84</ele>
      </trkpt>
      <trkpt lat="37.61130994185805" lon="13.55542997829616">
        <ele>982.19</ele>
      </trkpt>
      <trkpt lat="37.611419996246696" lon="13.555570039898157">
        <ele>982.53</ele>
      </trkpt>
      <trkpt lat="37.61149995960295" lon="13.55572996661067">
        <ele>982.78</ele>
      </trkpt>
      <trkpt lat="37.61155997402966" lon="13.555870028212667">
        <ele>983.0</ele>
      </trkpt>
      <trkpt lat="37.61160003952682" lon="13.556000031530857">
        <ele>983.21</ele>
      </trkpt>
      <trkpt lat="37.61164999566972" lon="13.556099943816662">
        <ele>983.37</ele>
      </trkpt>
      <trkpt lat="37.61170003563166" lon="13.556189881637692">
        <ele>983.5</ele>
      </trkpt>
      <trkpt lat="37.6117598824203" lon="13.556279987096786">
        <ele>983.6</ele>
      </trkpt>
      <trkpt lat="37.61183003894985" lon="13.556370008736849">
        <ele>983.67</ele>
      </trkpt>
      <trkpt lat="37.61191997677088" lon="13.556449972093105">
        <ele>983.7</ele>
      </trkpt>
      <trkpt lat="37.61215475387871" lon="13.556654825806618">
        <ele>983.67</ele>
      </trkpt>
      <trkpt lat="37.61239003390074" lon="13.556860014796257">
        <ele>983.61</ele>
      </trkpt>
      <trkpt lat="37.61247997172177" lon="13.55695003643632">
        <ele>983.57</ele>
      </trkpt>
      <trkpt lat="37.61254996061325" lon="13.557029999792576">
        <ele>983.53</ele>
      </trkpt>
      <trkpt lat="37.61256999336183" lon="13.55706000700593">
        <ele>983.46</ele>
      </trkpt>
      <trkpt lat="37.61261994950473" lon="13.55712991207838">
        <ele>983.39</ele>
      </trkpt>
      <trkpt lat="37.61267996393144" lon="13.557229992002249">
        <ele>983.31</ele>
      </trkpt>
      <trkpt lat="37.61276990175247" lon="13.55742990039289">
        <ele>983.28</ele>
      </trkpt>
      <trkpt lat="37.612855061888695" lon="13.557655289769173">
        <ele>983.23</ele>
      </trkpt>
      <trkpt lat="37.61293997056782" lon="13.55787992477417">
        <ele>983.11</ele>
      </trkpt>
      <trkpt lat="37.61303502134979" lon="13.558050077408552">
        <ele>982.93</ele>
      </trkpt>
      <trkpt lat="37.61312998831272" lon="13.55821997858584">
        <ele>982.71</ele>
      </trkpt>
      <trkpt lat="37.61316988617182" lon="13.558300025761127">
        <ele>982.51</ele>
      </trkpt>
      <trkpt lat="37.61322998441756" lon="13.558409996330738">
        <ele>982.28</ele>
      </trkpt>
      <trkpt lat="37.61328002437949" lon="13.558470010757446">
        <ele>982.05</ele>
      </trkpt>
      <trkpt lat="37.61329997330904" lon="13.558470010757446">
        <ele>981.82</ele>
      </trkpt>
      <trkpt lat="37.61332989670336" lon="13.558470010757446">
        <ele>981.58</ele>
      </trkpt>
      <trkpt lat="37.61338002048433" lon="13.55845995247364">
        <ele>981.33</ele>
      </trkpt>
      <trkpt lat="37.61345990002155" lon="13.558409996330738">
        <ele>981.07</ele>
      </trkpt>
      <trkpt lat="37.61349996551871" lon="13.558340007439256">
        <ele>980.86</ele>
      </trkpt>
      <trkpt lat="37.61351999826729" lon="13.55830991640687">
        <ele>980.64</ele>
      </trkpt>
      <trkpt lat="37.61354003101587" lon="13.55828988365829">
        <ele>980.42</ele>
      </trkpt>
      <trkpt lat="37.61357003822923" lon="13.55828988365829">
        <ele>980.21</ele>
      </trkpt>
      <trkpt lat="37.61359996162355" lon="13.55828988365829">
        <ele>980.0</ele>
      </trkpt>
      <trkpt lat="37.61365000158548" lon="13.55830991640687">
        <ele>979.8</ele>
      </trkpt>
      <trkpt lat="37.61368000879884" lon="13.55832994915545">
        <ele>979.61</ele>
      </trkpt>
      <trkpt lat="37.61370004154742" lon="13.558360040187836">
        <ele>979.41</ele>
      </trkpt>
      <trkpt lat="37.613719990476966" lon="13.558399938046932">
        <ele>979.22</ele>
      </trkpt>
      <trkpt lat="37.613719990476966" lon="13.55843991972506">
        <ele>979.03</ele>
      </trkpt>
      <trkpt lat="37.613719990476966" lon="13.55847998522222">
        <ele>978.86</ele>
      </trkpt>
      <trkpt lat="37.61371001601219" lon="13.558519966900349">
        <ele>978.69</ele>
      </trkpt>
      <trkpt lat="37.61370004154742" lon="13.558539999648929">
        <ele>978.53</ele>
      </trkpt>
      <trkpt lat="37.61368998326361" lon="13.558569923043251">
        <ele>978.38</ele>
      </trkpt>
      <trkpt lat="37.61359996162355" lon="13.5586900357157">
        <ele>978.24</ele>
      </trkpt>
      <trkpt lat="37.613589987158775" lon="13.55871987529099">
        <ele>978.1</ele>
      </trkpt>
      <trkpt lat="37.61351999826729" lon="13.558790031820536">
        <ele>977.99</ele>
      </trkpt>
      <trkpt lat="37.61346995830536" lon="13.558879969641566">
        <ele>977.9</ele>
      </trkpt>
      <trkpt lat="37.61344003491104" lon="13.558920035138726">
        <ele>977.78</ele>
      </trkpt>
      <trkpt lat="37.61342000216246" lon="13.558979881927371">
        <ele>977.65</ele>
      </trkpt>
      <trkpt lat="37.61341002769768" lon="13.559030005708337">
        <ele>977.51</ele>
      </trkpt>
      <trkpt lat="37.61341002769768" lon="13.559149950742722">
        <ele>977.35</ele>
      </trkpt>
      <trkpt lat="37.61342000216246" lon="13.559269979596138">
        <ele>977.17</ele>
      </trkpt>
      <trkpt lat="37.61342997662723" lon="13.559399982914329">
        <ele>976.96</ele>
      </trkpt>
      <trkpt lat="37.61342997662723" lon="13.55948992073536">
        <ele>976.76</ele>
      </trkpt>
      <trkpt lat="37.6133899949491" lon="13.559590000659227">
        <ele>976.62</ele>
      </trkpt>
      <trkpt lat="37.61334992945194" lon="13.55965998955071">
        <ele>976.47</ele>
      </trkpt>
      <trkpt lat="37.61332000605762" lon="13.55972989462316">
        <ele>976.31</ele>
      </trkpt>
      <trkpt lat="37.61332000605762" lon="13.559740036725998">
        <ele>976.08</ele>
      </trkpt>
      <trkpt lat="37.61332000605762" lon="13.559780018404126">
        <ele>975.84</ele>
      </trkpt>
      <trkpt lat="37.61332989670336" lon="13.559839949011803">
        <ele>975.57</ele>
      </trkpt>
      <trkpt lat="37.6133400388062" lon="13.559859897941351">
        <ele>975.29</ele>
      </trkpt>
      <trkpt lat="37.61335998773575" lon="13.559870040044188">
        <ele>974.96</ele>
      </trkpt>
      <trkpt lat="37.61339996941388" lon="13.55989987961948">
        <ele>974.61</ele>
      </trkpt>
      <trkpt lat="37.61342000216246" lon="13.55989987961948">
        <ele>974.26</ele>
      </trkpt>
      <trkpt lat="37.61345000937581" lon="13.559889988973737">
        <ele>973.89</ele>
      </trkpt>
      <trkpt lat="37.61346995830536" lon="13.559870040044188">
        <ele>973.5</ele>
      </trkpt>
      <trkpt lat="37.61349996551871" lon="13.559839949011803">
        <ele>973.08</ele>
      </trkpt>
      <trkpt lat="37.61354003101587" lon="13.559759985655546">
        <ele>972.62</ele>
      </trkpt>
      <trkpt lat="37.61359996162355" lon="13.55961992405355">
        <ele>972.13</ele>
      </trkpt>
      <trkpt lat="37.613639859482646" lon="13.559539876878262">
        <ele>971.67</ele>
      </trkpt>
      <trkpt lat="37.61368998326361" lon="13.55946988798678">
        <ele>971.22</ele>
      </trkpt>
      <trkpt lat="37.6137700304389" lon="13.559409957379103">
        <ele>970.76</ele>
      </trkpt>
      <trkpt lat="37.61391998268664" lon="13.559309961274266">
        <ele>970.23</ele>
      </trkpt>
      <trkpt lat="37.61414000764489" lon="13.559149950742722">
        <ele>969.72</ele>
      </trkpt>
      <trkpt lat="37.614279985427856" lon="13.55907996185124">
        <ele>969.26</ele>
      </trkpt>
      <trkpt lat="37.61433002538979" lon="13.559069987386465">
        <ele>968.8</ele>
      </trkpt>
      <trkpt lat="37.61437000706792" lon="13.559069987386465">
        <ele>968.34</ele>
      </trkpt>
      <trkpt lat="37.61440998874605" lon="13.55907996185124">
        <ele>967.88</ele>
      </trkpt>
      <trkpt lat="37.61443002149463" lon="13.559109885245562">
        <ele>967.41</ele>
      </trkpt>
      <trkpt lat="37.61446002870798" lon="13.559139976277947">
        <ele>966.94</ele>
      </trkpt>
      <trkpt lat="37.61447997763753" lon="13.559199990704656">
        <ele>966.46</ele>
      </trkpt>
      <trkpt lat="37.61447997763753" lon="13.55922999791801">
        <ele>966.01</ele>
      </trkpt>
      <trkpt lat="37.614470003172755" lon="13.559269979596138">
        <ele>965.56</ele>
      </trkpt>
      <trkpt lat="37.61443002149463" lon="13.5593600012362">
        <ele>965.11</ele>
      </trkpt>
      <trkpt lat="37.61437000706792" lon="13.559420015662909">
        <ele>964.69</ele>
      </trkpt>
      <trkpt lat="37.6142898760736" lon="13.559480030089617">
        <ele>964.28</ele>
      </trkpt>
      <trkpt lat="37.61417998932302" lon="13.559569967910647">
        <ele>963.9</ele>
      </trkpt>
      <trkpt lat="37.61413003318012" lon="13.559669880196452">
        <ele>963.49</ele>
      </trkpt>
      <trkpt lat="37.614109916612506" lon="13.559740036725998">
        <ele>963.06</ele>
      </trkpt>
      <trkpt lat="37.614109916612506" lon="13.559799883514643">
        <ele>962.62</ele>
      </trkpt>
      <trkpt lat="37.614109916612506" lon="13.55991999618709">
        <ele>962.18</ele>
      </trkpt>
      <trkpt lat="37.614109916612506" lon="13.560019992291927">
        <ele>961.74</ele>
      </trkpt>
      <trkpt lat="37.61413003318012" lon="13.560139937326312">
        <ele>961.23</ele>
      </trkpt>
      <trkpt lat="37.614170014858246" lon="13.560455599799752">
        <ele>960.59</ele>
      </trkpt>
      <trkpt lat="37.61420991271734" lon="13.560770004987717">
        <ele>959.91</ele>
      </trkpt>
      <trkpt lat="37.61421997100115" lon="13.560889950022101">
        <ele>959.37</ele>
      </trkpt>
      <trkpt lat="37.61420991271734" lon="13.56090989895165">
        <ele>958.9</ele>
      </trkpt>
      <trkpt lat="37.61420991271734" lon="13.56096999719739">
        <ele>958.4</ele>
      </trkpt>
      <trkpt lat="37.61417998932302" lon="13.56105993501842">
        <ele>957.94</ele>
      </trkpt>
      <trkpt lat="37.614149982109666" lon="13.561149956658483">
        <ele>957.49</ele>
      </trkpt>
      <trkpt lat="37.61414000764489" lon="13.561220029368997">
        <ele>956.98</ele>
      </trkpt>
      <trkpt lat="37.614149982109666" lon="13.561299908906221">
        <ele>956.41</ele>
      </trkpt>
      <trkpt lat="37.61418987996876" lon="13.56146989390254">
        <ele>955.8</ele>
      </trkpt>
      <trkpt lat="37.61421997100115" lon="13.561689918860793">
        <ele>955.24</ele>
      </trkpt>
      <trkpt lat="37.61421997100115" lon="13.561889994889498">
        <ele>954.79</ele>
      </trkpt>
      <trkpt lat="37.6142499782145" lon="13.56223993934691">
        <ele>954.19</ele>
      </trkpt>
      <trkpt lat="37.61426003649831" lon="13.56243004091084">
        <ele>953.55</ele>
      </trkpt>
      <trkpt lat="37.6142898760736" lon="13.562589883804321">
        <ele>952.89</ele>
      </trkpt>
      <trkpt lat="37.61433002538979" lon="13.562749978154898">
        <ele>952.22</ele>
      </trkpt>
      <trkpt lat="37.6143900398165" lon="13.562879981473088">
        <ele>951.53</ele>
      </trkpt>
      <trkpt lat="37.6144399959594" lon="13.56299003586173">
        <ele>950.84</ele>
      </trkpt>
      <trkpt lat="37.61447997763753" lon="13.563090031966567">
        <ele>950.17</ele>
      </trkpt>
      <trkpt lat="37.61451995931566" lon="13.563149878755212">
        <ele>949.49</ele>
      </trkpt>
      <trkpt lat="37.61460998095572" lon="13.56324995867908">
        <ele>948.78</ele>
      </trkpt>
      <trkpt lat="37.61470000259578" lon="13.563330005854368">
        <ele>948.03</ele>
      </trkpt>
      <trkpt lat="37.61480997316539" lon="13.563390020281076">
        <ele>947.26</ele>
      </trkpt>
      <trkpt lat="37.61486001312733" lon="13.563409885391593">
        <ele>946.5</ele>
      </trkpt>
      <trkpt lat="37.614920027554035" lon="13.563429918140173">
        <ele>945.72</ele>
      </trkpt>
      <trkpt lat="37.61508003808558" lon="13.563460009172559">
        <ele>944.89</ele>
      </trkpt>
      <trkpt lat="37.61515002697706" lon="13.563469899818301">
        <ele>944.11</ele>
      </trkpt>
      <trkpt lat="37.61521993204951" lon="13.563489932566881">
        <ele>943.35</ele>
      </trkpt>
      <trkpt lat="37.61529000476003" lon="13.563520023599267">
        <ele>942.58</ele>
      </trkpt>
      <trkpt lat="37.61538002640009" lon="13.563599903136492">
        <ele>941.83</ele>
      </trkpt>
      <trkpt lat="37.61545001529157" lon="13.563650026917458">
        <ele>941.04</ele>
      </trkpt>
      <trkpt lat="37.61552997864783" lon="13.56369998306036">
        <ele>940.24</ele>
      </trkpt>
      <trkpt lat="37.61562989093363" lon="13.56372001580894">
        <ele>939.4</ele>
      </trkpt>
      <trkpt lat="37.61571002192795" lon="13.563710041344166">
        <ele>938.54</ele>
      </trkpt>
      <trkpt lat="37.615759978070855" lon="13.56369998306036">
        <ele>937.69</ele>
      </trkpt>
      <trkpt lat="37.61584002524614" lon="13.56367995031178">
        <ele>936.82</ele>
      </trkpt>
      <trkpt lat="37.61598000302911" lon="13.56363988481462">
        <ele>935.88</ele>
      </trkpt>
      <trkpt lat="37.61605988256633" lon="13.563629994168878">
        <ele>934.99</ele>
      </trkpt>
      <trkpt lat="37.61617999523878" lon="13.56367995031178">
        <ele>934.11</ele>
      </trkpt>
      <trkpt lat="37.61638996191323" lon="13.563859909772873">
        <ele>933.23</ele>
      </trkpt>
      <trkpt lat="37.616490041837096" lon="13.56395990587771">
        <ele>932.44</ele>
      </trkpt>
      <trkpt lat="37.61650990694761" lon="13.56399997137487">
        <ele>931.69</ele>
      </trkpt>
      <trkpt lat="37.61669003404677" lon="13.56425997801125">
        <ele>930.93</ele>
      </trkpt>
      <trkpt lat="37.61676002293825" lon="13.56438989751041">
        <ele>930.2</ele>
      </trkpt>
      <trkpt lat="37.61683998629451" lon="13.56460003182292">
        <ele>929.49</ele>
      </trkpt>
      <trkpt lat="37.61686999350786" lon="13.564700027927756">
        <ele>928.83</ele>
      </trkpt>
      <trkpt lat="37.61689002625644" lon="13.564849980175495">
        <ele>928.22</ele>
      </trkpt>
      <trkpt lat="37.61695004068315" lon="13.565059946849942">
        <ele>927.64</ele>
      </trkpt>
      <trkpt lat="37.61703997850418" lon="13.565409975126386">
        <ele>927.09</ele>
      </trkpt>
      <trkpt lat="37.61705003678799" lon="13.565450040623546">
        <ele>926.62</ele>
      </trkpt>
      <trkpt lat="37.6171600073576" lon="13.565679956227541">
        <ele>926.19</ele>
      </trkpt>
      <trkpt lat="37.61727341450751" lon="13.565926887094975">
        <ele>925.84</ele>
      </trkpt>
      <trkpt lat="37.61738682165742" lon="13.566173817962408">
        <ele>925.51</ele>
      </trkpt>
      <trkpt lat="37.6174998935312" lon="13.566419994458556">
        <ele>925.17</ele>
      </trkpt>
      <trkpt lat="37.617605086416006" lon="13.56665519066155">
        <ele>924.84</ele>
      </trkpt>
      <trkpt lat="37.61770994402468" lon="13.566889883950353">
        <ele>924.61</ele>
      </trkpt>
      <trkpt lat="37.617800049483776" lon="13.567085098475218">
        <ele>924.47</ele>
      </trkpt>
      <trkpt lat="37.61788998730481" lon="13.567279977723956">
        <ele>924.43</ele>
      </trkpt>
      <trkpt lat="37.6179298851639" lon="13.567369999364018">
        <ele>924.45</ele>
      </trkpt>
      <trkpt lat="37.61798998340964" lon="13.567479969933629">
        <ele>924.54</ele>
      </trkpt>
      <trkpt lat="37.61807003058493" lon="13.56765003874898">
        <ele>924.7</ele>
      </trkpt>
      <trkpt lat="37.61813993565738" lon="13.567799990996718">
        <ele>924.93</ele>
      </trkpt>
      <trkpt lat="37.618210008367896" lon="13.567979950457811">
        <ele>925.22</ele>
      </trkpt>
      <trkpt lat="37.61824001558125" lon="13.56812990270555">
        <ele>925.58</ele>
      </trkpt>
      <trkpt lat="37.61824001558125" lon="13.568250015377998">
        <ele>926.0</ele>
      </trkpt>
      <trkpt lat="37.61824001558125" lon="13.568380018696189">
        <ele>926.49</ele>
      </trkpt>
      <trkpt lat="37.61821998283267" lon="13.568529970943928">
        <ele>927.02</ele>
      </trkpt>
      <trkpt lat="37.61815996840596" lon="13.568789977580309">
        <ele>927.65</ele>
      </trkpt>
      <trkpt lat="37.61808997951448" lon="13.568959962576628">
        <ele>928.35</ele>
      </trkpt>
      <trkpt lat="37.61800004169345" lon="13.569209910929203">
        <ele>929.12</ele>
      </trkpt>
      <trkpt lat="37.61796995066106" lon="13.56928987428546">
        <ele>929.84</ele>
      </trkpt>
      <trkpt lat="37.61794991791248" lon="13.56937000527978">
        <ele>930.58</ele>
      </trkpt>
      <trkpt lat="37.61794002726674" lon="13.56943991035223">
        <ele>931.35</ele>
      </trkpt>
      <trkpt lat="37.61794991791248" lon="13.56950000859797">
        <ele>932.12</ele>
      </trkpt>
      <trkpt lat="37.61796995066106" lon="13.569659935310483">
        <ele>932.93</ele>
      </trkpt>
      <trkpt lat="37.61798998340964" lon="13.5697799641639">
        <ele>933.74</ele>
      </trkpt>
      <trkpt lat="37.61800004169345" lon="13.569879960268736">
        <ele>934.54</ele>
      </trkpt>
      <trkpt lat="37.61800004169345" lon="13.570029996335506">
        <ele>935.39</ele>
      </trkpt>
      <trkpt lat="37.61801001615822" lon="13.570159999653697">
        <ele>936.25</ele>
      </trkpt>
      <trkpt lat="37.61800004169345" lon="13.570239879190922">
        <ele>937.14</ele>
      </trkpt>
      <trkpt lat="37.61798998340964" lon="13.570290002971888">
        <ele>938.01</ele>
      </trkpt>
      <trkpt lat="37.61794991791248" lon="13.57038002461195">
        <ele>938.92</ele>
      </trkpt>
      <trkpt lat="37.61789996176958" lon="13.570459987968206">
        <ele>939.82</ele>
      </trkpt>
      <trkpt lat="37.61787003837526" lon="13.570529976859689">
        <ele>940.67</ele>
      </trkpt>
      <trkpt lat="37.61785000562668" lon="13.570559900254011">
        <ele>941.51</ele>
      </trkpt>
      <trkpt lat="37.61783994734287" lon="13.57059988193214">
        <ele>942.32</ele>
      </trkpt>
      <trkpt lat="37.61783994734287" lon="13.5706399474293">
        <ele>943.12</ele>
      </trkpt>
      <trkpt lat="37.61783994734287" lon="13.57068001292646">
        <ele>943.9</ele>
      </trkpt>
      <trkpt lat="37.61785000562668" lon="13.57072988525033">
        <ele>944.66</ele>
      </trkpt>
      <trkpt lat="37.61791002005339" lon="13.57089995406568">
        <ele>945.39</ele>
      </trkpt>
      <trkpt lat="37.6179298851639" lon="13.570959968492389">
        <ele>946.12</ele>
      </trkpt>
      <trkpt lat="37.61794002726674" lon="13.570980001240969">
        <ele>946.82</ele>
      </trkpt>
      <trkpt lat="37.61798998340964" lon="13.571040015667677">
        <ele>947.46</ele>
      </trkpt>
      <trkpt lat="37.61811001226306" lon="13.571139927953482">
        <ele>948.04</ele>
      </trkpt>
      <trkpt lat="37.61824001558125" lon="13.571230033412576">
        <ele>948.61</ele>
      </trkpt>
      <trkpt lat="37.61830003000796" lon="13.571279989555478">
        <ele>949.21</ele>
      </trkpt>
      <trkpt lat="37.61834001168609" lon="13.57132994569838">
        <ele>949.82</ele>
      </trkpt>
      <trkpt lat="37.61837990954518" lon="13.571389960125089">
        <ele>950.42</ele>
      </trkpt>
      <trkpt lat="37.61844000779092" lon="13.571509988978505">
        <ele>951.03</ele>
      </trkpt>
      <trkpt lat="37.61847001500428" lon="13.571589952334762">
        <ele>951.62</ele>
      </trkpt>
      <trkpt lat="37.61850002221763" lon="13.571699922904372">
        <ele>952.22</ele>
      </trkpt>
      <trkpt lat="37.61854000389576" lon="13.571809893473983">
        <ele>952.78</ele>
      </trkpt>
      <trkpt lat="37.61857998557389" lon="13.57190988957882">
        <ele>953.31</ele>
      </trkpt>
      <trkpt lat="37.618700014427304" lon="13.572155144065619">
        <ele>953.86</ele>
      </trkpt>
      <trkpt lat="37.61881995946169" lon="13.57239997945726">
        <ele>954.37</ele>
      </trkpt>
      <trkpt lat="37.61884996667504" lon="13.57246988452971">
        <ele>954.84</ele>
      </trkpt>
      <trkpt lat="37.61886999942362" lon="13.572540041059256">
        <ele>955.3</ele>
      </trkpt>
      <trkpt lat="37.6188799738884" lon="13.5725998878479">
        <ele>955.73</ele>
      </trkpt>
      <trkpt lat="37.6188900321722" lon="13.572650011628866">
        <ele>956.15</ele>
      </trkpt>
      <trkpt lat="37.6188900321722" lon="13.572699967771769">
        <ele>956.56</ele>
      </trkpt>
      <trkpt lat="37.6188799738884" lon="13.572799963876605">
        <ele>956.97</ele>
      </trkpt>
      <trkpt lat="37.61886002495885" lon="13.57295997440815">
        <ele>957.42</ele>
      </trkpt>
      <trkpt lat="37.61884996667504" lon="13.5730298794806">
        <ele>957.8</ele>
      </trkpt>
      <trkpt lat="37.61884996667504" lon="13.573100036010146">
        <ele>958.13</ele>
      </trkpt>
      <trkpt lat="37.61884996667504" lon="13.573210006579757">
        <ele>958.45</ele>
      </trkpt>
      <trkpt lat="37.61884996667504" lon="13.573230039328337">
        <ele>958.75</ele>
      </trkpt>
      <trkpt lat="37.61886999942362" lon="13.573419889435172">
        <ele>959.04</ele>
      </trkpt>
      <trkpt lat="37.61888491921127" lon="13.573665479198098">
        <ele>959.35</ele>
      </trkpt>
      <trkpt lat="37.618899922817945" lon="13.57390989549458">
        <ele>959.64</ele>
      </trkpt>
      <trkpt lat="37.61890998110175" lon="13.57407996430993">
        <ele>959.94</ele>
      </trkpt>
      <trkpt lat="37.61892003938556" lon="13.574149953201413">
        <ele>960.16</ele>
      </trkpt>
      <trkpt lat="37.618939988315105" lon="13.574169902130961">
        <ele>960.33</ele>
      </trkpt>
      <trkpt lat="37.61894996277988" lon="13.574189934879541">
        <ele>960.49</ele>
      </trkpt>
      <trkpt lat="37.61899991892278" lon="13.574220025911927">
        <ele>960.6</ele>
      </trkpt>
      <trkpt lat="37.61907988227904" lon="13.574280040338635">
        <ele>960.68</ele>
      </trkpt>
      <trkpt lat="37.6191699039191" lon="13.574369978159666">
        <ele>960.76</ele>
      </trkpt>
      <trkpt lat="37.61923989281058" lon="13.574429908767343">
        <ele>960.84</ele>
      </trkpt>
      <trkpt lat="37.61929001659155" lon="13.574499981477857">
        <ele>960.93</ele>
      </trkpt>
      <trkpt lat="37.61936000548303" lon="13.574629984796047">
        <ele>961.02</ele>
      </trkpt>
      <trkpt lat="37.61947508901358" lon="13.574855122715235">
        <ele>961.13</ele>
      </trkpt>
      <trkpt lat="37.61959000490606" lon="13.575080009177327">
        <ele>961.16</ele>
      </trkpt>
      <trkpt lat="37.61962998658419" lon="13.57521990314126">
        <ele>961.19</ele>
      </trkpt>
      <trkpt lat="37.61966988444328" lon="13.575329957529902">
        <ele>961.2</ele>
      </trkpt>
      <trkpt lat="37.61968002654612" lon="13.575359964743257">
        <ele>961.23</ele>
      </trkpt>
      <trkpt lat="37.61970994994044" lon="13.575479909777641">
        <ele>961.27</ele>
      </trkpt>
      <trkpt lat="37.61972989886999" lon="13.575549982488155">
        <ele>961.31</ele>
      </trkpt>
      <trkpt lat="37.61975998990238" lon="13.575629945844412">
        <ele>961.33</ele>
      </trkpt>
      <trkpt lat="37.61981002986431" lon="13.575749974697828">
        <ele>961.35</ele>
      </trkpt>
      <trkpt lat="37.619950007647276" lon="13.57598994858563">
        <ele>961.32</ele>
      </trkpt>
      <trkpt lat="37.620086716488004" lon="13.576203435659409">
        <ele>961.34</ele>
      </trkpt>
      <trkpt lat="37.62022342532873" lon="13.576416838914156">
        <ele>961.4</ele>
      </trkpt>
      <trkpt lat="37.620359966531396" lon="13.576629990711808">
        <ele>961.49</ele>
      </trkpt>
      <trkpt lat="37.62043003924191" lon="13.57672001235187">
        <ele>961.57</ele>
      </trkpt>
      <trkpt lat="37.62047002092004" lon="13.576759994029999">
        <ele>961.65</ele>
      </trkpt>
      <trkpt lat="37.62050002813339" lon="13.576799975708127">
        <ele>961.75</ele>
      </trkpt>
      <trkpt lat="37.62060002423823" lon="13.576859990134835">
        <ele>961.83</ele>
      </trkpt>
      <trkpt lat="37.62073002755642" lon="13.57691003009677">
        <ele>961.94</ele>
      </trkpt>
      <trkpt lat="37.620809990912676" lon="13.576950011774898">
        <ele>962.09</ele>
      </trkpt>
      <trkpt lat="37.62090998701751" lon="13.5769999679178">
        <ele>962.23</ele>
      </trkpt>
      <trkpt lat="37.62097000144422" lon="13.577049924060702">
        <ele>962.41</ele>
      </trkpt>
      <trkpt lat="37.62100998312235" lon="13.577099964022636">
        <ele>962.62</ele>
      </trkpt>
      <trkpt lat="37.62103001587093" lon="13.57717003673315">
        <ele>962.88</ele>
      </trkpt>
      <trkpt lat="37.621049880981445" lon="13.577250000089407">
        <ele>963.16</ele>
      </trkpt>
      <trkpt lat="37.62106002308428" lon="13.577419985085726">
        <ele>963.46</ele>
      </trkpt>
      <trkpt lat="37.62105491012335" lon="13.577695498242974">
        <ele>963.83</ele>
      </trkpt>
      <trkpt lat="37.621049880981445" lon="13.57796992175281">
        <ele>964.23</ele>
      </trkpt>
      <trkpt lat="37.6210399903357" lon="13.578149965032935">
        <ele>964.61</ele>
      </trkpt>
      <trkpt lat="37.62100998312235" lon="13.57846001163125">
        <ele>965.04</ele>
      </trkpt>
      <trkpt lat="37.62097989208996" lon="13.578669978305697">
        <ele>965.45</ele>
      </trkpt>
      <trkpt lat="37.62097000144422" lon="13.578750025480986">
        <ele>965.83</ele>
      </trkpt>
      <trkpt lat="37.62088995426893" lon="13.57903995551169">
        <ele>966.37</ele>
      </trkpt>
      <trkpt lat="37.62086992152035" lon="13.579159984365106">
        <ele>966.8</ele>
      </trkpt>
      <trkpt lat="37.62084988877177" lon="13.579270038753748">
        <ele>967.26</ele>
      </trkpt>
      <trkpt lat="37.62086003087461" lon="13.57944991439581">
        <ele>967.71</ele>
      </trkpt>
      <trkpt lat="37.62090001255274" lon="13.579669939354062">
        <ele>968.19</ele>
      </trkpt>
      <trkpt lat="37.62091996148229" lon="13.579740012064576">
        <ele>968.65</ele>
      </trkpt>
      <trkpt lat="37.620980059728026" lon="13.579980321228504">
        <ele>969.11</ele>
      </trkpt>
      <trkpt lat="37.6210399903357" lon="13.580219959840178">
        <ele>969.58</ele>
      </trkpt>
      <trkpt lat="37.62109003029764" lon="13.58047996647656">
        <ele>970.1</ele>
      </trkpt>
      <trkpt lat="37.62113990262151" lon="13.58076000586152">
        <ele>970.61</ele>
      </trkpt>
      <trkpt lat="37.62116999365389" lon="13.580979947000742">
        <ele>971.08</ele>
      </trkpt>
      <trkpt lat="37.62116001918912" lon="13.581089917570353">
        <ele>971.56</ele>
      </trkpt>
      <trkpt lat="37.62113990262151" lon="13.581199888139963">
        <ele>972.06</ele>
      </trkpt>
      <trkpt lat="37.621130011975765" lon="13.5812998842448">
        <ele>972.55</ele>
      </trkpt>
      <trkpt lat="37.621130011975765" lon="13.58138001523912">
        <ele>973.02</ele>
      </trkpt>
      <trkpt lat="37.62113990262151" lon="13.58148998580873">
        <ele>973.51</ele>
      </trkpt>
      <trkpt lat="37.62117996811867" lon="13.58157992362976">
        <ele>973.99</ele>
      </trkpt>
      <trkpt lat="37.6212300080806" lon="13.5816400218755">
        <ele>974.47</ele>
      </trkpt>
      <trkpt lat="37.62129002250731" lon="13.581680003553629">
        <ele>974.93</ele>
      </trkpt>
      <trkpt lat="37.62136001139879" lon="13.581719985231757">
        <ele>975.4</ele>
      </trkpt>
      <trkpt lat="37.62143997475505" lon="13.581740017980337">
        <ele>975.87</ele>
      </trkpt>
      <trkpt lat="37.62155002914369" lon="13.581740017980337">
        <ele>976.31</ele>
      </trkpt>
      <trkpt lat="37.621690006926656" lon="13.58174990862608">
        <ele>976.74</ele>
      </trkpt>
      <trkpt lat="37.62176997028291" lon="13.581779999658465">
        <ele>977.23</ele>
      </trkpt>
      <trkpt lat="37.6218500174582" lon="13.581819897517562">
        <ele>977.73</ele>
      </trkpt>
      <trkpt lat="37.62192998081446" lon="13.58189994469285">
        <ele>978.27</ele>
      </trkpt>
      <trkpt lat="37.62209326028824" lon="13.582096667960286">
        <ele>978.85</ele>
      </trkpt>
      <trkpt lat="37.62225653976202" lon="13.58229330740869">
        <ele>979.39</ele>
      </trkpt>
      <trkpt lat="37.622419986873865" lon="13.582490030676126">
        <ele>979.85</ele>
      </trkpt>
      <trkpt lat="37.62255510315299" lon="13.582745175808668">
        <ele>980.4</ele>
      </trkpt>
      <trkpt lat="37.622690219432116" lon="13.583000404760242">
        <ele>980.89</ele>
      </trkpt>
      <trkpt lat="37.62282533571124" lon="13.583255549892783">
        <ele>981.31</ele>
      </trkpt>
      <trkpt lat="37.62296003289521" lon="13.58350994065404">
        <ele>981.79</ele>
      </trkpt>
      <trkpt lat="37.62309012003243" lon="13.58376014046371">
        <ele>982.28</ele>
      </trkpt>
      <trkpt lat="37.62322003953159" lon="13.584009921178222">
        <ele>982.71</ele>
      </trkpt>
      <trkpt lat="37.623369907960296" lon="13.58428979292512">
        <ele>983.04</ele>
      </trkpt>
      <trkpt lat="37.623369907960296" lon="13.584289709106088">
        <ele>983.05</ele>
      </trkpt>
      <trkpt lat="37.62336999177933" lon="13.584289876744151">
        <ele>983.48</ele>
      </trkpt>
      <trkpt lat="37.62350996956229" lon="13.584579974412918">
        <ele>983.9</ele>
      </trkpt>
      <trkpt lat="37.62362999841571" lon="13.584809973835945">
        <ele>984.3</ele>
      </trkpt>
      <trkpt lat="37.62376008555293" lon="13.58505011536181">
        <ele>984.72</ele>
      </trkpt>
      <trkpt lat="37.62389000505209" lon="13.58529000543058">
        <ele>985.17</ele>
      </trkpt>
      <trkpt lat="37.62402989901602" lon="13.585559902712703">
        <ele>985.7</ele>
      </trkpt>
      <trkpt lat="37.62412000447512" lon="13.5856999643147">
        <ele>986.12</ele>
      </trkpt>
      <trkpt lat="37.6241899933666" lon="13.585769953206182">
        <ele>986.49</ele>
      </trkpt>
      <trkpt lat="37.62427004054189" lon="13.585840025916696">
        <ele>986.85</ele>
      </trkpt>
      <trkpt lat="37.62434992007911" lon="13.585889982059598">
        <ele>987.19</ele>
      </trkpt>
      <trkpt lat="37.624519653618336" lon="13.585944883525372">
        <ele>987.5</ele>
      </trkpt>
      <trkpt lat="37.62468997389078" lon="13.58600003644824">
        <ele>987.84</ele>
      </trkpt>
      <trkpt lat="37.624889547005296" lon="13.586054854094982">
        <ele>988.16</ele>
      </trkpt>
      <trkpt lat="37.62508995831013" lon="13.58611000701785">
        <ele>988.47</ele>
      </trkpt>
      <trkpt lat="37.62529003433883" lon="13.58614998869598">
        <ele>988.76</ele>
      </trkpt>
      <trkpt lat="37.62550000101328" lon="13.58623992651701">
        <ele>989.05</ele>
      </trkpt>
      <trkpt lat="37.62565992772579" lon="13.586329948157072">
        <ele>989.3</ele>
      </trkpt>
      <trkpt lat="37.62572002597153" lon="13.586360039189458">
        <ele>989.51</ele>
      </trkpt>
      <trkpt lat="37.62593996711075" lon="13.58649993315339">
        <ele>989.7</ele>
      </trkpt>
      <trkpt lat="37.626219503581524" lon="13.586664721369743">
        <ele>989.85</ele>
      </trkpt>
      <trkpt lat="37.62649987824261" lon="13.586830012500286">
        <ele>990.05</ele>
      </trkpt>
      <trkpt lat="37.62668000534177" lon="13.58694995753467">
        <ele>990.22</ele>
      </trkpt>
      <trkpt lat="37.62690003030002" lon="13.58711994253099">
        <ele>990.41</ele>
      </trkpt>
      <trkpt lat="37.626930037513375" lon="13.587150033563375">
        <ele>990.49</ele>
      </trkpt>
      <trkpt lat="37.62703003361821" lon="13.587239971384406">
        <ele>990.54</ele>
      </trkpt>
      <trkpt lat="37.62710999697447" lon="13.587319934740663">
        <ele>990.51</ele>
      </trkpt>
      <trkpt lat="37.62734997086227" lon="13.58754993416369">
        <ele>990.39</ele>
      </trkpt>
      <trkpt lat="37.6275900285691" lon="13.587759984657168">
        <ele>990.3</ele>
      </trkpt>
      <trkpt lat="37.62783997692168" lon="13.58797992579639">
        <ele>990.26</ele>
      </trkpt>
      <trkpt lat="37.62808992527425" lon="13.58821989968419">
        <ele>990.27</ele>
      </trkpt>
      <trkpt lat="37.62823493219912" lon="13.588359877467155">
        <ele>990.18</ele>
      </trkpt>
      <trkpt lat="37.62838002294302" lon="13.588499939069152">
        <ele>989.99</ele>
      </trkpt>
      <trkpt lat="37.62844003736973" lon="13.58855995349586">
        <ele>989.73</ele>
      </trkpt>
      <trkpt lat="37.62863324023783" lon="13.588766567409039">
        <ele>989.36</ele>
      </trkpt>
      <trkpt lat="37.628826443105936" lon="13.588973097503185">
        <ele>988.96</ele>
      </trkpt>
      <trkpt lat="37.62901998125017" lon="13.589179962873459">
        <ele>988.59</ele>
      </trkpt>
      <trkpt lat="37.62917990796268" lon="13.589354893192649">
        <ele>988.19</ele>
      </trkpt>
      <trkpt lat="37.629340002313256" lon="13.58952990733087">
        <ele>987.75</ele>
      </trkpt>
      <trkpt lat="37.62941996566951" lon="13.58961003832519">
        <ele>987.28</ele>
      </trkpt>
      <trkpt lat="37.6295000128448" lon="13.589690001681447">
        <ele>986.79</ele>
      </trkpt>
      <trkpt lat="37.62956002727151" lon="13.58973995782435">
        <ele>986.27</ele>
      </trkpt>
      <trkpt lat="37.629660023376346" lon="13.589799972251058">
        <ele>985.74</ele>
      </trkpt>
      <trkpt lat="37.6297399867326" lon="13.58986996114254">
        <ele>985.19</ele>
      </trkpt>
      <trkpt lat="37.62982992455363" lon="13.589899884536862">
        <ele>984.6</ele>
      </trkpt>
      <trkpt lat="37.629939978942275" lon="13.589929975569248">
        <ele>983.98</ele>
      </trkpt>
      <trkpt lat="37.630069982260466" lon="13.589950008317828">
        <ele>983.32</ele>
      </trkpt>
      <trkpt lat="37.630312805995345" lon="13.589999880641699">
        <ele>982.54</ele>
      </trkpt>
      <trkpt lat="37.630555629730225" lon="13.59004975296557">
        <ele>981.75</ele>
      </trkpt>
      <trkpt lat="37.63079987838864" lon="13.590099960565567">
        <ele>981.02</ele>
      </trkpt>
      <trkpt lat="37.630970031023026" lon="13.590119993314147">
        <ele>980.3</ele>
      </trkpt>
      <trkpt lat="37.6312199793756" lon="13.59014991670847">
        <ele>979.58</ele>
      </trkpt>
      <trkpt lat="37.63131997548044" lon="13.59012988395989">
        <ele>978.86</ele>
      </trkpt>
      <trkpt lat="37.631379989907146" lon="13.590109935030341">
        <ele>978.12</ele>
      </trkpt>
      <trkpt lat="37.63143992051482" lon="13.590049920603633">
        <ele>977.37</ele>
      </trkpt>
      <trkpt lat="37.63147998601198" lon="13.590010022744536">
        <ele>976.62</ele>
      </trkpt>
      <trkpt lat="37.631489960476756" lon="13.58999996446073">
        <ele>975.88</ele>
      </trkpt>
      <trkpt lat="37.63156003318727" lon="13.589859986677766">
        <ele>975.09</ele>
      </trkpt>
      <trkpt lat="37.63157998211682" lon="13.58982989564538">
        <ele>974.35</ele>
      </trkpt>
      <trkpt lat="37.63169003650546" lon="13.58959000557661">
        <ele>973.59</ele>
      </trkpt>
      <trkpt lat="37.6316999271512" lon="13.589539965614676">
        <ele>972.86</ele>
      </trkpt>
      <trkpt lat="37.6316999271512" lon="13.589489925652742">
        <ele>972.15</ele>
      </trkpt>
      <trkpt lat="37.6316999271512" lon="13.58941993676126">
        <ele>971.44</ele>
      </trkpt>
      <trkpt lat="37.63169003650546" lon="13.589339889585972">
        <ele>970.74</ele>
      </trkpt>
      <trkpt lat="37.63167000375688" lon="13.589249951764941">
        <ele>970.05</ele>
      </trkpt>
      <trkpt lat="37.63163999654353" lon="13.589150039479136">
        <ele>969.37</ele>
      </trkpt>
      <trkpt lat="37.63161996379495" lon="13.589069992303848">
        <ele>968.71</ele>
      </trkpt>
      <trkpt lat="37.63160998933017" lon="13.58896991237998">
        <ele>968.07</ele>
      </trkpt>
      <trkpt lat="37.63161996379495" lon="13.588849967345595">
        <ele>967.44</ele>
      </trkpt>
      <trkpt lat="37.63161996379495" lon="13.588759945705533">
        <ele>966.85</ele>
      </trkpt>
      <trkpt lat="37.6316499710083" lon="13.588679982349277">
        <ele>966.28</ele>
      </trkpt>
      <trkpt lat="37.6316999271512" lon="13.58860001899302">
        <ele>965.75</ele>
      </trkpt>
      <trkpt lat="37.63173001818359" lon="13.588570011779666">
        <ele>965.26</ele>
      </trkpt>
      <trkpt lat="37.63173999264836" lon="13.588549979031086">
        <ele>964.79</ele>
      </trkpt>
      <trkpt lat="37.63177997432649" lon="13.588530030101538">
        <ele>964.36</ele>
      </trkpt>
      <trkpt lat="37.631830014288425" lon="13.588509997352958">
        <ele>963.95</ele>
      </trkpt>
      <trkpt lat="37.6318899448961" lon="13.588489964604378">
        <ele>963.56</ele>
      </trkpt>
      <trkpt lat="37.63190000317991" lon="13.588489964604378">
        <ele>963.21</ele>
      </trkpt>
      <trkpt lat="37.63196999207139" lon="13.588489964604378">
        <ele>962.87</ele>
      </trkpt>
      <trkpt lat="37.63205003924668" lon="13.588509997352958">
        <ele>962.55</ele>
      </trkpt>
      <trkpt lat="37.63206998817623" lon="13.588530030101538">
        <ele>962.28</ele>
      </trkpt>
      <trkpt lat="37.6321299187839" lon="13.588570011779666">
        <ele>962.03</ele>
      </trkpt>
      <trkpt lat="37.6323199365288" lon="13.588660033419728">
        <ele>961.78</ele>
      </trkpt>
      <trkpt lat="37.63249972835183" lon="13.588759861886501">
        <ele>961.53</ele>
      </trkpt>
      <trkpt lat="37.63268002308905" lon="13.58885994181037">
        <ele>961.35</ele>
      </trkpt>
      <trkpt lat="37.632779935374856" lon="13.588890032842755">
        <ele>961.17</ele>
      </trkpt>
      <trkpt lat="37.63287993147969" lon="13.588909897953272">
        <ele>961.03</ele>
      </trkpt>
      <trkpt lat="37.63299996033311" lon="13.588890032842755">
        <ele>960.9</ele>
      </trkpt>
      <trkpt lat="37.63311001472175" lon="13.58887997455895">
        <ele>960.78</ele>
      </trkpt>
      <trkpt lat="37.63318997807801" lon="13.58887997455895">
        <ele>960.66</ele>
      </trkpt>
      <trkpt lat="37.63327999971807" lon="13.588890032842755">
        <ele>960.56</ele>
      </trkpt>
      <trkpt lat="37.63338997028768" lon="13.588929930701852">
        <ele>960.47</ele>
      </trkpt>
      <trkpt lat="37.63360999524593" lon="13.589039901271462">
        <ele>960.35</ele>
      </trkpt>
      <trkpt lat="37.63378475792706" lon="13.589154817163944">
        <ele>960.27</ele>
      </trkpt>
      <trkpt lat="37.63396002352238" lon="13.58926990069449">
        <ele>960.19</ele>
      </trkpt>
      <trkpt lat="37.63406999409199" lon="13.58935003168881">
        <ele>960.11</ele>
      </trkpt>
      <trkpt lat="37.634150041267276" lon="13.58941993676126">
        <ele>960.03</ele>
      </trkpt>
      <trkpt lat="37.63416990637779" lon="13.58943996950984">
        <ele>959.94</ele>
      </trkpt>
      <trkpt lat="37.63425003737211" lon="13.58950987458229">
        <ele>959.86</ele>
      </trkpt>
      <trkpt lat="37.63435003347695" lon="13.58961003832519">
        <ele>959.77</ele>
      </trkpt>
      <trkpt lat="37.63446000404656" lon="13.58975999057293">
        <ele>959.7</ele>
      </trkpt>
      <trkpt lat="37.63455002568662" lon="13.589929975569248">
        <ele>959.58</ele>
      </trkpt>
      <trkpt lat="37.63459989801049" lon="13.58999996446073">
        <ele>959.46</ele>
      </trkpt>
      <trkpt lat="37.63461004011333" lon="13.59004002995789">
        <ele>959.32</ele>
      </trkpt>
      <trkpt lat="37.63462998904288" lon="13.590119993314147">
        <ele>959.16</ele>
      </trkpt>
      <trkpt lat="37.63463996350765" lon="13.59016994945705">
        <ele>959.0</ele>
      </trkpt>
      <trkpt lat="37.63461993075907" lon="13.590219905599952">
        <ele>958.85</ele>
      </trkpt>
      <trkpt lat="37.63452001847327" lon="13.590479912236333">
        <ele>958.69</ele>
      </trkpt>
      <trkpt lat="37.63450996018946" lon="13.590519893914461">
        <ele>958.49</ele>
      </trkpt>
      <trkpt lat="37.63449001125991" lon="13.590609999373555">
        <ele>958.28</ele>
      </trkpt>
      <trkpt lat="37.63449001125991" lon="13.59066003933549">
        <ele>958.06</ele>
      </trkpt>
      <trkpt lat="37.63449001125991" lon="13.59068987891078">
        <ele>957.83</ele>
      </trkpt>
      <trkpt lat="37.63449001125991" lon="13.5907700099051">
        <ele>957.59</ele>
      </trkpt>
      <trkpt lat="37.63450996018946" lon="13.590919962152839">
        <ele>957.32</ele>
      </trkpt>
      <trkpt lat="37.63452999293804" lon="13.591119954362512">
        <ele>957.0</ele>
      </trkpt>
      <trkpt lat="37.63455002568662" lon="13.59145992435515">
        <ele>956.68</ele>
      </trkpt>
      <trkpt lat="37.63456989079714" lon="13.591560004279017">
        <ele>956.4</ele>
      </trkpt>
      <trkpt lat="37.63459000736475" lon="13.591639883816242">
        <ele>956.12</ele>
      </trkpt>
      <trkpt lat="37.63465002179146" lon="13.591809952631593">
        <ele>955.81</ele>
      </trkpt>
      <trkpt lat="37.634669970721006" lon="13.591899974271655">
        <ele>955.53</ele>
      </trkpt>
      <trkpt lat="37.63468002900481" lon="13.591969963163137">
        <ele>955.27</ele>
      </trkpt>
      <trkpt lat="37.63468002900481" lon="13.592050010338426">
        <ele>954.99</ele>
      </trkpt>
      <trkpt lat="37.63468002900481" lon="13.592109940946102">
        <ele>954.72</ele>
      </trkpt>
      <trkpt lat="37.6346599124372" lon="13.592180013656616">
        <ele>954.47</ele>
      </trkpt>
      <trkpt lat="37.63459989801049" lon="13.59231990762055">
        <ele>954.23</ele>
      </trkpt>
      <trkpt lat="37.634580032899976" lon="13.592370031401515">
        <ele>954.01</ele>
      </trkpt>
      <trkpt lat="37.634560000151396" lon="13.592409929260612">
        <ele>953.79</ele>
      </trkpt>
      <trkpt lat="37.63455002568662" lon="13.592480001971126">
        <ele>953.58</ele>
      </trkpt>
      <trkpt lat="37.63455002568662" lon="13.59251000918448">
        <ele>953.4</ele>
      </trkpt>
      <trkpt lat="37.63455002568662" lon="13.592529958114028">
        <ele>953.24</ele>
      </trkpt>
      <trkpt lat="37.63455002568662" lon="13.592570023611188">
        <ele>953.11</ele>
      </trkpt>
      <trkpt lat="37.634560000151396" lon="13.592709917575121">
        <ele>952.98</ele>
      </trkpt>
      <trkpt lat="37.634560000151396" lon="13.592799939215183">
        <ele>952.89</ele>
      </trkpt>
      <trkpt lat="37.634580032899976" lon="13.592889960855246">
        <ele>952.83</ele>
      </trkpt>
      <trkpt lat="37.63459000736475" lon="13.592930026352406">
        <ele>952.8</ele>
      </trkpt>
      <trkpt lat="37.63459989801049" lon="13.59296003356576">
        <ele>952.8</ele>
      </trkpt>
      <trkpt lat="37.63461993075907" lon="13.593000015243888">
        <ele>952.83</ele>
      </trkpt>
      <trkpt lat="37.63463996350765" lon="13.59302993863821">
        <ele>952.89</ele>
      </trkpt>
      <trkpt lat="37.63478999957442" lon="13.593170000240207">
        <ele>952.95</ele>
      </trkpt>
      <trkpt lat="37.63482000678778" lon="13.59322004020214">
        <ele>953.08</ele>
      </trkpt>
      <trkpt lat="37.63485001400113" lon="13.593260021880269">
        <ele>953.25</ele>
      </trkpt>
      <trkpt lat="37.63486996293068" lon="13.593289945274591">
        <ele>953.44</ele>
      </trkpt>
      <trkpt lat="37.634880021214485" lon="13.59332992695272">
        <ele>953.67</ele>
      </trkpt>
      <trkpt lat="37.63491002842784" lon="13.593430006876588">
        <ele>953.94</ele>
      </trkpt>
      <trkpt lat="37.63491002842784" lon="13.59347996301949">
        <ele>954.24</ele>
      </trkpt>
      <trkpt lat="37.63494003564119" lon="13.593639889732003">
        <ele>954.58</ele>
      </trkpt>
      <trkpt lat="37.63492997735739" lon="13.593859998509288">
        <ele>954.97</ele>
      </trkpt>
      <trkpt lat="37.63492000289261" lon="13.59405999071896">
        <ele>955.36</ele>
      </trkpt>
      <trkpt lat="37.63491002842784" lon="13.594159986823797">
        <ele>955.77</ele>
      </trkpt>
      <trkpt lat="37.63492997735739" lon="13.594289990141988">
        <ele>956.2</ele>
      </trkpt>
      <trkpt lat="37.635010024532676" lon="13.594589978456497">
        <ele>956.72</ele>
      </trkpt>
      <trkpt lat="37.63505998067558" lon="13.594649992883205">
        <ele>957.21</ele>
      </trkpt>
      <trkpt lat="37.63512988574803" lon="13.59468000009656">
        <ele>957.71</ele>
      </trkpt>
      <trkpt lat="37.63515989296138" lon="13.59470003284514">
        <ele>958.23</ele>
      </trkpt>
      <trkpt lat="37.63521990738809" lon="13.59470003284514">
        <ele>958.75</ele>
      </trkpt>
      <trkpt lat="37.635289980098605" lon="13.594689890742302">
        <ele>959.29</ele>
      </trkpt>
      <trkpt lat="37.63532996177673" lon="13.59468000009656">
        <ele>959.84</ele>
      </trkpt>
      <trkpt lat="37.63538000173867" lon="13.594670025631785">
        <ele>960.41</ele>
      </trkpt>
      <trkpt lat="37.63544999063015" lon="13.594649992883205">
        <ele>960.98</ele>
      </trkpt>
      <trkpt lat="37.63555996119976" lon="13.59461990185082">
        <ele>961.56</ele>
      </trkpt>
      <trkpt lat="37.63568988069892" lon="13.594589978456497">
        <ele>962.16</ele>
      </trkpt>
      <trkpt lat="37.635719971731305" lon="13.594579920172691">
        <ele>962.77</ele>
      </trkpt>
      <trkpt lat="37.63577990233898" lon="13.594570029526949">
        <ele>963.39</ele>
      </trkpt>
      <trkpt lat="37.63583002611995" lon="13.594559887424111">
        <ele>964.02</ele>
      </trkpt>
      <trkpt lat="37.6358600333333" lon="13.594549996778369">
        <ele>964.64</ele>
      </trkpt>
      <trkpt lat="37.63590001501143" lon="13.594549996778369">
        <ele>965.27</ele>
      </trkpt>
      <trkpt lat="37.63594997115433" lon="13.594559887424111">
        <ele>965.91</ele>
      </trkpt>
      <trkpt lat="37.636000011116266" lon="13.594589978456497">
        <ele>966.55</ele>
      </trkpt>
      <trkpt lat="37.63603990897536" lon="13.594610011205077">
        <ele>967.18</ele>
      </trkpt>
      <trkpt lat="37.63606991618872" lon="13.5946399345994">
        <ele>967.81</ele>
      </trkpt>
      <trkpt lat="37.63607997447252" lon="13.594649992883205">
        <ele>968.43</ele>
      </trkpt>
      <trkpt lat="37.63612003996968" lon="13.594709923490882">
        <ele>969.06</ele>
      </trkpt>
      <trkpt lat="37.63613998889923" lon="13.594759963452816">
        <ele>969.68</ele>
      </trkpt>
      <trkpt lat="37.63615993782878" lon="13.59483003616333">
        <ele>970.29</ele>
      </trkpt>
      <trkpt lat="37.636169996112585" lon="13.594909999519587">
        <ele>970.89</ele>
      </trkpt>
      <trkpt lat="37.63617997057736" lon="13.595060035586357">
        <ele>971.49</ele>
      </trkpt>
      <trkpt lat="37.63617997057736" lon="13.595079984515905">
        <ele>972.03</ele>
      </trkpt>
      <trkpt lat="37.63617997057736" lon="13.595289951190352">
        <ele>972.64</ele>
      </trkpt>
      <trkpt lat="37.63617997057736" lon="13.595319958403707">
        <ele>973.13</ele>
      </trkpt>
      <trkpt lat="37.63617997057736" lon="13.595545431599021">
        <ele>973.61</ele>
      </trkpt>
      <trkpt lat="37.63617997057736" lon="13.595769982784986">
        <ele>974.04</ele>
      </trkpt>
      <trkpt lat="37.636190028861165" lon="13.595860004425049">
        <ele>974.42</ele>
      </trkpt>
      <trkpt lat="37.636190028861165" lon="13.5959299094975">
        <ele>974.78</ele>
      </trkpt>
      <trkpt lat="37.636190028861165" lon="13.59596997499466">
        <ele>975.11</ele>
      </trkpt>
      <trkpt lat="37.63620000332594" lon="13.59599000774324">
        <ele>975.39</ele>
      </trkpt>
      <trkpt lat="37.63620997779071" lon="13.596050022169948">
        <ele>975.63</ele>
      </trkpt>
      <trkpt lat="37.63622003607452" lon="13.596090003848076">
        <ele>975.84</ele>
      </trkpt>
      <trkpt lat="37.63623998500407" lon="13.596139959990978">
        <ele>976.01</ele>
      </trkpt>
      <trkpt lat="37.63626999221742" lon="13.5961698833853">
        <ele>976.14</ele>
      </trkpt>
      <trkpt lat="37.636279966682196" lon="13.596199974417686">
        <ele>976.23</ele>
      </trkpt>
      <trkpt lat="37.636409970000386" lon="13.596310028806329">
        <ele>976.25</ele>
      </trkpt>
      <trkpt lat="37.63646990060806" lon="13.596369959414005">
        <ele>976.25</ele>
      </trkpt>
      <trkpt lat="37.63652002438903" lon="13.59641999937594">
        <ele>976.23</ele>
      </trkpt>
      <trkpt lat="37.636539889499545" lon="13.596449922770262">
        <ele>976.17</ele>
      </trkpt>
      <trkpt lat="37.63656000606716" lon="13.596469955518842">
        <ele>976.07</ele>
      </trkpt>
      <trkpt lat="37.63656998053193" lon="13.59650993719697">
        <ele>975.94</ele>
      </trkpt>
      <trkpt lat="37.63669000938535" lon="13.596729878336191">
        <ele>975.82</ele>
      </trkpt>
      <trkpt lat="37.63671993277967" lon="13.596759969368577">
        <ele>975.6</ele>
      </trkpt>
      <trkpt lat="37.636750023812056" lon="13.596800034865737">
        <ele>975.35</ele>
      </trkpt>
      <trkpt lat="37.63678992167115" lon="13.596819983795285">
        <ele>975.05</ele>
      </trkpt>
      <trkpt lat="37.63682998716831" lon="13.59682995826006">
        <ele>974.71</ele>
      </trkpt>
      <trkpt lat="37.636880027130246" lon="13.596840016543865">
        <ele>974.33</ele>
      </trkpt>
      <trkpt lat="37.63693995773792" lon="13.59682995826006">
        <ele>973.91</ele>
      </trkpt>
      <trkpt lat="37.63702000491321" lon="13.5967898927629">
        <ele>973.43</ele>
      </trkpt>
      <trkpt lat="37.63711002655327" lon="13.596729878336191">
        <ele>972.92</ele>
      </trkpt>
      <trkpt lat="37.63725000433624" lon="13.596629966050386">
        <ele>972.35</ele>
      </trkpt>
      <trkpt lat="37.6373400259763" lon="13.59657003544271">
        <ele>971.78</ele>
      </trkpt>
      <trkpt lat="37.63740004040301" lon="13.596559893339872">
        <ele>971.22</ele>
      </trkpt>
      <trkpt lat="37.63744002208114" lon="13.59655000269413">
        <ele>970.65</ele>
      </trkpt>
      <trkpt lat="37.63748997822404" lon="13.59655000269413">
        <ele>970.07</ele>
      </trkpt>
      <trkpt lat="37.63755996711552" lon="13.596559893339872">
        <ele>969.46</ele>
      </trkpt>
      <trkpt lat="37.63773003593087" lon="13.59661990776658">
        <ele>968.79</ele>
      </trkpt>
      <trkpt lat="37.63786003924906" lon="13.59668000601232">
        <ele>968.16</ele>
      </trkpt>
      <trkpt lat="37.63788987882435" lon="13.5967000387609">
        <ele>967.53</ele>
      </trkpt>
      <trkpt lat="37.63794989325106" lon="13.596729878336191">
        <ele>966.89</ele>
      </trkpt>
      <trkpt lat="37.63797998428345" lon="13.596859881654382">
        <ele>966.25</ele>
      </trkpt>
      <trkpt lat="37.63800001703203" lon="13.59697999432683">
        <ele>965.61</ele>
      </trkpt>
      <trkpt lat="37.63800001703203" lon="13.597179902717471">
        <ele>964.95</ele>
      </trkpt>
      <trkpt lat="37.6380099914968" lon="13.59747989103198">
        <ele>964.32</ele>
      </trkpt>
      <trkpt lat="37.638019965961576" lon="13.597629927098751">
        <ele>963.67</ele>
      </trkpt>
      <trkpt lat="37.638019965961576" lon="13.597699999809265">
        <ele>963.05</ele>
      </trkpt>
      <trkpt lat="37.63803002424538" lon="13.597850035876036">
        <ele>962.43</ele>
      </trkpt>
      <trkpt lat="37.63803002424538" lon="13.59786001034081">
        <ele>961.82</ele>
      </trkpt>
      <trkpt lat="37.638060031458735" lon="13.598029995337129">
        <ele>961.21</ele>
      </trkpt>
      <trkpt lat="37.63807989656925" lon="13.598069977015257">
        <ele>960.61</ele>
      </trkpt>
      <trkpt lat="37.638149969279766" lon="13.598239962011576">
        <ele>959.97</ele>
      </trkpt>
      <trkpt lat="37.63816002756357" lon="13.59826996922493">
        <ele>959.4</ele>
      </trkpt>
      <trkpt lat="37.63826002366841" lon="13.598480019718409">
        <ele>958.78</ele>
      </trkpt>
      <trkpt lat="37.63830997981131" lon="13.598619913682342">
        <ele>958.23</ele>
      </trkpt>
      <trkpt lat="37.63834996148944" lon="13.59874002635479">
        <ele>957.7</ele>
      </trkpt>
      <trkpt lat="37.63837996870279" lon="13.59901998192072">
        <ele>957.21</ele>
      </trkpt>
      <trkpt lat="37.6383900269866" lon="13.599379984661937">
        <ele>956.8</ele>
      </trkpt>
      <trkpt lat="37.63842003419995" lon="13.599499929696321">
        <ele>956.37</ele>
      </trkpt>
      <trkpt lat="37.63845004141331" lon="13.59955994412303">
        <ele>955.96</ele>
      </trkpt>
      <trkpt lat="37.638469990342855" lon="13.599629933014512">
        <ele>955.58</ele>
      </trkpt>
      <trkpt lat="37.63854995369911" lon="13.599739903584123">
        <ele>955.19</ele>
      </trkpt>
      <trkpt lat="37.63868993148208" lon="13.599939979612827">
        <ele>954.84</ele>
      </trkpt>
      <trkpt lat="37.63873997144401" lon="13.600039891898632">
        <ele>954.54</ele>
      </trkpt>
      <trkpt lat="37.63876989483833" lon="13.600150030106306">
        <ele>954.29</ele>
      </trkpt>
      <trkpt lat="37.63878992758691" lon="13.60022990964353">
        <ele>954.07</ele>
      </trkpt>
      <trkpt lat="37.63878992758691" lon="13.60031004063785">
        <ele>953.89</ele>
      </trkpt>
      <trkpt lat="37.63878992758691" lon="13.60039989463985">
        <ele>953.73</ele>
      </trkpt>
      <trkpt lat="37.63877986930311" lon="13.600489916279912">
        <ele>953.61</ele>
      </trkpt>
      <trkpt lat="37.63876000419259" lon="13.600559988990426">
        <ele>953.53</ele>
      </trkpt>
      <trkpt lat="37.63872999697924" lon="13.600650010630488">
        <ele>953.49</ele>
      </trkpt>
      <trkpt lat="37.63869998976588" lon="13.600749922916293">
        <ele>953.47</ele>
      </trkpt>
      <trkpt lat="37.63865003362298" lon="13.600840028375387">
        <ele>953.49</ele>
      </trkpt>
      <trkpt lat="37.63863989152014" lon="13.60088998451829">
        <ele>953.53</ele>
      </trkpt>
      <trkpt lat="37.6386300008744" lon="13.600939940661192">
        <ele>953.6</ele>
      </trkpt>
      <trkpt lat="37.6386300008744" lon="13.600970031693578">
        <ele>953.7</ele>
      </trkpt>
      <trkpt lat="37.638620026409626" lon="13.6009999550879">
        <ele>953.83</ele>
      </trkpt>
      <trkpt lat="37.638620026409626" lon="13.601059969514608">
        <ele>953.98</ele>
      </trkpt>
      <trkpt lat="37.6386300008744" lon="13.601100035011768">
        <ele>954.14</ele>
      </trkpt>
      <trkpt lat="37.63868993148208" lon="13.601289968937635">
        <ele>954.34</ele>
      </trkpt>
      <trkpt lat="37.638805098831654" lon="13.601565230637789">
        <ele>954.53</ele>
      </trkpt>
      <trkpt lat="37.638920014724135" lon="13.60183990560472">
        <ele>954.74</ele>
      </trkpt>
      <trkpt lat="37.63902001082897" lon="13.602090021595359">
        <ele>954.94</ele>
      </trkpt>
      <trkpt lat="37.639050018042326" lon="13.60219999216497">
        <ele>955.19</ele>
      </trkpt>
      <trkpt lat="37.63906988315284" lon="13.60226989723742">
        <ele>955.48</ele>
      </trkpt>
      <trkpt lat="37.63908991590142" lon="13.602339886128902">
        <ele>955.77</ele>
      </trkpt>
      <trkpt lat="37.63908991590142" lon="13.602390009909868">
        <ele>956.09</ele>
      </trkpt>
      <trkpt lat="37.63909997418523" lon="13.602620009332895">
        <ele>956.46</ele>
      </trkpt>
      <trkpt lat="37.63908991590142" lon="13.602820001542568">
        <ele>956.88</ele>
      </trkpt>
      <trkpt lat="37.63908002525568" lon="13.602970037609339">
        <ele>957.3</ele>
      </trkpt>
      <trkpt lat="37.63906988315284" lon="13.60308000817895">
        <ele>957.71</ele>
      </trkpt>
      <trkpt lat="37.6390599925071" lon="13.60310004092753">
        <ele>958.07</ele>
      </trkpt>
      <trkpt lat="37.639050018042326" lon="13.60318997874856">
        <ele>958.42</ele>
      </trkpt>
      <trkpt lat="37.6390100363642" lon="13.603349905461073">
        <ele>958.84</ele>
      </trkpt>
      <trkpt lat="37.63892998918891" lon="13.603519890457392">
        <ele>959.27</ele>
      </trkpt>
      <trkpt lat="37.63892998918891" lon="13.60353003256023">
        <ele>959.57</ele>
      </trkpt>
      <trkpt lat="37.63889000751078" lon="13.60361997038126">
        <ele>959.91</ele>
      </trkpt>
      <trkpt lat="37.6388699747622" lon="13.603669926524162">
        <ele>960.19</ele>
      </trkpt>
      <trkpt lat="37.63886000029743" lon="13.60370990820229">
        <ele>960.44</ele>
      </trkpt>
      <trkpt lat="37.63885002583265" lon="13.603760031983256">
        <ele>960.67</ele>
      </trkpt>
      <trkpt lat="37.63885002583265" lon="13.603849969804287">
        <ele>960.86</ele>
      </trkpt>
      <trkpt lat="37.63888003304601" lon="13.60396002419293">
        <ele>961.01</ele>
      </trkpt>
      <trkpt lat="37.63891004025936" lon="13.60402992926538">
        <ele>961.14</ele>
      </trkpt>
      <trkpt lat="37.63895002193749" lon="13.604079885408282">
        <ele>961.2</ele>
      </trkpt>
      <trkpt lat="37.63899000361562" lon="13.604130009189248">
        <ele>961.24</ele>
      </trkpt>
      <trkpt lat="37.639029985293746" lon="13.604169990867376">
        <ele>961.23</ele>
      </trkpt>
      <trkpt lat="37.63921983540058" lon="13.604334779083729">
        <ele>961.11</ele>
      </trkpt>
      <trkpt lat="37.63940993696451" lon="13.60449998639524">
        <ele>960.97</ele>
      </trkpt>
      <trkpt lat="37.63951990753412" lon="13.604639880359173">
        <ele>960.87</ele>
      </trkpt>
      <trkpt lat="37.63958998024464" lon="13.604750018566847">
        <ele>960.77</ele>
      </trkpt>
      <trkpt lat="37.63962987810373" lon="13.604810032993555">
        <ele>960.63</ele>
      </trkpt>
      <trkpt lat="37.63965996913612" lon="13.60488991253078">
        <ele>960.47</ele>
      </trkpt>
      <trkpt lat="37.63968997634947" lon="13.604979934170842">
        <ele>960.3</ele>
      </trkpt>
      <trkpt lat="37.63970003463328" lon="13.605050006881356">
        <ele>960.14</ele>
      </trkpt>
      <trkpt lat="37.63970003463328" lon="13.605129886418581">
        <ele>959.95</ele>
      </trkpt>
      <trkpt lat="37.63970003463328" lon="13.605180010199547">
        <ele>959.74</ele>
      </trkpt>
      <trkpt lat="37.63970003463328" lon="13.60518990084529">
        <ele>959.52</ele>
      </trkpt>
      <trkpt lat="37.63970003463328" lon="13.60522996634245">
        <ele>959.27</ele>
      </trkpt>
      <trkpt lat="37.63968997634947" lon="13.605279922485352">
        <ele>959.02</ele>
      </trkpt>
      <trkpt lat="37.63965996913612" lon="13.605370027944446">
        <ele>958.77</ele>
      </trkpt>
      <trkpt lat="37.63962987810373" lon="13.605459965765476">
        <ele>958.49</ele>
      </trkpt>
      <trkpt lat="37.63958000577986" lon="13.605559878051281">
        <ele>958.26</ele>
      </trkpt>
      <trkpt lat="37.63957003131509" lon="13.605589969083667">
        <ele>957.94</ele>
      </trkpt>
      <trkpt lat="37.6395399402827" lon="13.605670016258955">
        <ele>957.6</ele>
      </trkpt>
      <trkpt lat="37.6394899841398" lon="13.605800019577146">
        <ele>957.2</ele>
      </trkpt>
      <trkpt lat="37.639459976926446" lon="13.605870008468628">
        <ele>956.8</ele>
      </trkpt>
      <trkpt lat="37.63938001357019" lon="13.606079891324043">
        <ele>956.42</ele>
      </trkpt>
      <trkpt lat="37.63935998082161" lon="13.606139905750751">
        <ele>955.99</ele>
      </trkpt>
      <trkpt lat="37.63934003189206" lon="13.606209978461266">
        <ele>955.54</ele>
      </trkpt>
      <trkpt lat="37.639329973608255" lon="13.606279967352748">
        <ele>955.07</ele>
      </trkpt>
      <trkpt lat="37.63931002467871" lon="13.606379879638553">
        <ele>954.63</ele>
      </trkpt>
      <trkpt lat="37.63931002467871" lon="13.606509882956743">
        <ele>954.1</ele>
      </trkpt>
      <trkpt lat="37.6392999663949" lon="13.606589930132031">
        <ele>953.58</ele>
      </trkpt>
      <trkpt lat="37.63931002467871" lon="13.6066900100559">
        <ele>953.02</ele>
      </trkpt>
      <trkpt lat="37.63934003189206" lon="13.60688991844654">
        <ele>952.42</ele>
      </trkpt>
      <trkpt lat="37.639370039105415" lon="13.607110027223825">
        <ele>951.89</ele>
      </trkpt>
      <trkpt lat="37.639410020783544" lon="13.607433149591088">
        <ele>951.36</ele>
      </trkpt>
      <trkpt lat="37.6394500862807" lon="13.607756271958351">
        <ele>950.85</ele>
      </trkpt>
      <trkpt lat="37.63949015177786" lon="13.608079394325614">
        <ele>950.24</ele>
      </trkpt>
      <trkpt lat="37.63952996581793" lon="13.608400002121925">
        <ele>949.61</ele>
      </trkpt>
      <trkpt lat="37.63952996581793" lon="13.608509972691536">
        <ele>949.11</ele>
      </trkpt>
      <trkpt lat="37.63952996581793" lon="13.608589936047792">
        <ele>948.65</ele>
      </trkpt>
      <trkpt lat="37.63951990753412" lon="13.608680041506886">
        <ele>948.2</ele>
      </trkpt>
      <trkpt lat="37.6394899841398" lon="13.608809961006045">
        <ele>947.8</ele>
      </trkpt>
      <trkpt lat="37.639459976926446" lon="13.608869891613722">
        <ele>947.41</ele>
      </trkpt>
      <trkpt lat="37.63941999524832" lon="13.60894993878901">
        <ele>947.06</ele>
      </trkpt>
      <trkpt lat="37.63935998082161" lon="13.609050018712878">
        <ele>946.74</ele>
      </trkpt>
      <trkpt lat="37.63931999914348" lon="13.60912000760436">
        <ele>946.44</ele>
      </trkpt>
      <trkpt lat="37.6392999663949" lon="13.609189912676811">
        <ele>946.14</ele>
      </trkpt>
      <trkpt lat="37.63928999193013" lon="13.6092699598521">
        <ele>945.86</ele>
      </trkpt>
      <trkpt lat="37.63931002467871" lon="13.60937993042171">
        <ele>945.57</ele>
      </trkpt>
      <trkpt lat="37.63931999914348" lon="13.60948990099132">
        <ele>945.31</ele>
      </trkpt>
      <trkpt lat="37.63931999914348" lon="13.609579922631383">
        <ele>945.07</ele>
      </trkpt>
      <trkpt lat="37.63931999914348" lon="13.6096999514848">
        <ele>944.84</ele>
      </trkpt>
      <trkpt lat="37.63928999193013" lon="13.609800031408668">
        <ele>944.64</ele>
      </trkpt>
      <trkpt lat="37.63926995918155" lon="13.60987002030015">
        <ele>944.46</ele>
      </trkpt>
      <trkpt lat="37.63922997750342" lon="13.609949983656406">
        <ele>944.34</ele>
      </trkpt>
      <trkpt lat="37.63918002136052" lon="13.610040005296469">
        <ele>944.22</ele>
      </trkpt>
      <trkpt lat="37.63909997418523" lon="13.61014997586608">
        <ele>944.06</ele>
      </trkpt>
      <trkpt lat="37.639029985293746" lon="13.61021988093853">
        <ele>943.93</ele>
      </trkpt>
      <trkpt lat="37.63897986151278" lon="13.61025994643569">
        <ele>943.82</ele>
      </trkpt>
      <trkpt lat="37.63893987983465" lon="13.61027997918427">
        <ele>943.73</ele>
      </trkpt>
      <trkpt lat="37.638899981975555" lon="13.610290037468076">
        <ele>943.64</ele>
      </trkpt>
      <trkpt lat="37.63876000419259" lon="13.610309902578592">
        <ele>943.54</ele>
      </trkpt>
      <trkpt lat="37.638579960912466" lon="13.610329935327172">
        <ele>943.46</ele>
      </trkpt>
      <trkpt lat="37.63840000145137" lon="13.610339993610978">
        <ele>943.42</ele>
      </trkpt>
      <trkpt lat="37.63826999813318" lon="13.6103699170053">
        <ele>943.35</ele>
      </trkpt>
      <trkpt lat="37.638170002028346" lon="13.610400008037686">
        <ele>943.27</ele>
      </trkpt>
      <trkpt lat="37.63809003867209" lon="13.610439905896783">
        <ele>943.17</ele>
      </trkpt>
      <trkpt lat="37.638060031458735" lon="13.610459938645363">
        <ele>943.06</ele>
      </trkpt>
      <trkpt lat="37.638019965961576" lon="13.610490029677749">
        <ele>942.94</ele>
      </trkpt>
      <trkpt lat="37.63798995874822" lon="13.610519953072071">
        <ele>942.81</ele>
      </trkpt>
      <trkpt lat="37.63794989325106" lon="13.6105599347502">
        <ele>942.66</ele>
      </trkpt>
      <trkpt lat="37.63787001371384" lon="13.610679963603616">
        <ele>942.46</ele>
      </trkpt>
      <trkpt lat="37.63783003203571" lon="13.61077987588942">
        <ele>942.25</ele>
      </trkpt>
      <trkpt lat="37.63778996653855" lon="13.610899988561869">
        <ele>942.02</ele>
      </trkpt>
      <trkpt lat="37.63774990104139" lon="13.61100995913148">
        <ele>941.81</ele>
      </trkpt>
      <trkpt lat="37.63767999596894" lon="13.611220009624958">
        <ele>941.56</ele>
      </trkpt>
      <trkpt lat="37.63761998154223" lon="13.611350012943149">
        <ele>941.36</ele>
      </trkpt>
      <trkpt lat="37.637589974328876" lon="13.611410027369857">
        <ele>941.17</ele>
      </trkpt>
      <trkpt lat="37.63754999265075" lon="13.611489906907082">
        <ele>940.99</ele>
      </trkpt>
      <trkpt lat="37.63748997822404" lon="13.611599877476692">
        <ele>940.84</ele>
      </trkpt>
      <trkpt lat="37.63747991994023" lon="13.611619910225272">
        <ele>940.64</ele>
      </trkpt>
      <trkpt lat="37.63741001486778" lon="13.611729880794883">
        <ele>940.5</ele>
      </trkpt>
      <trkpt lat="37.637310018762946" lon="13.61191000789404">
        <ele>940.25</ele>
      </trkpt>
      <trkpt lat="37.63727003708482" lon="13.61195988021791">
        <ele>940.03</ele>
      </trkpt>
      <trkpt lat="37.63723994605243" lon="13.61199994571507">
        <ele>939.79</ele>
      </trkpt>
      <trkpt lat="37.63717004097998" lon="13.612069934606552">
        <ele>939.53</ele>
      </trkpt>
      <trkpt lat="37.63704992830753" lon="13.612179905176163">
        <ele>939.24</ele>
      </trkpt>
      <trkpt lat="37.63691992498934" lon="13.612279901281">
        <ele>938.92</ele>
      </trkpt>
      <trkpt lat="37.636839961633086" lon="13.61231996677816">
        <ele>938.65</ele>
      </trkpt>
      <trkpt lat="37.63682001270354" lon="13.612329941242933">
        <ele>938.41</ele>
      </trkpt>
      <trkpt lat="37.63676988892257" lon="13.612349890172482">
        <ele>938.17</ele>
      </trkpt>
      <trkpt lat="37.63669998385012" lon="13.612369922921062">
        <ele>937.92</ele>
      </trkpt>
      <trkpt lat="37.63665002770722" lon="13.612379981204867">
        <ele>937.68</ele>
      </trkpt>
      <trkpt lat="37.63663996942341" lon="13.612379981204867">
        <ele>937.45</ele>
      </trkpt>
      <trkpt lat="37.63655003160238" lon="13.612379981204867">
        <ele>937.21</ele>
      </trkpt>
      <trkpt lat="37.63646990060806" lon="13.612379981204867">
        <ele>936.96</ele>
      </trkpt>
      <trkpt lat="37.63646000996232" lon="13.612379981204867">
        <ele>936.72</ele>
      </trkpt>
      <trkpt lat="37.63635003939271" lon="13.612360032275319">
        <ele>936.48</ele>
      </trkpt>
      <trkpt lat="37.636290024966" lon="13.61233999952674">
        <ele>936.26</ele>
      </trkpt>
      <trkpt lat="37.63612003996968" lon="13.612279901281">
        <ele>936.04</ele>
      </trkpt>
      <trkpt lat="37.63612003996968" lon="13.612270010635257">
        <ele>935.8</ele>
      </trkpt>
      <trkpt lat="37.63590001501143" lon="13.61217001453042">
        <ele>935.54</ele>
      </trkpt>
      <trkpt lat="37.63577990233898" lon="13.61212994903326">
        <ele>935.21</ele>
      </trkpt>
      <trkpt lat="37.63559985905886" lon="13.612069934606552">
        <ele>934.83</ele>
      </trkpt>
      <trkpt lat="37.63551997952163" lon="13.612049901857972">
        <ele>934.55</ele>
      </trkpt>
      <trkpt lat="37.6354300417006" lon="13.612010003998876">
        <ele>934.28</ele>
      </trkpt>
      <trkpt lat="37.63541000895202" lon="13.612010003998876">
        <ele>933.95</ele>
      </trkpt>
      <trkpt lat="37.63531998731196" lon="13.61195988021791">
        <ele>933.65</ele>
      </trkpt>
      <trkpt lat="37.63524999842048" lon="13.611919898539782">
        <ele>933.36</ele>
      </trkpt>
      <trkpt lat="37.63518998399377" lon="13.611900033429265">
        <ele>933.04</ele>
      </trkpt>
      <trkpt lat="37.63515989296138" lon="13.61191000789404">
        <ele>932.65</ele>
      </trkpt>
      <trkpt lat="37.635119995102286" lon="13.611919898539782">
        <ele>932.26</ele>
      </trkpt>
      <trkpt lat="37.63508998788893" lon="13.611939931288362">
        <ele>931.82</ele>
      </trkpt>
      <trkpt lat="37.63504992239177" lon="13.611970022320747">
        <ele>931.36</ele>
      </trkpt>
      <trkpt lat="37.63501999899745" lon="13.61199994571507">
        <ele>930.86</ele>
      </trkpt>
      <trkpt lat="37.63499996624887" lon="13.61204001121223">
        <ele>930.31</ele>
      </trkpt>
      <trkpt lat="37.634969959035516" lon="13.612069934606552">
        <ele>929.75</ele>
      </trkpt>
      <trkpt lat="37.63495998457074" lon="13.6120898835361">
        <ele>929.16</ele>
      </trkpt>
      <trkpt lat="37.63495001010597" lon="13.612119974568486">
        <ele>928.52</ele>
      </trkpt>
      <trkpt lat="37.63495001010597" lon="13.612160040065646">
        <ele>927.85</ele>
      </trkpt>
      <trkpt lat="37.63494003564119" lon="13.612209996208549">
        <ele>927.17</ele>
      </trkpt>
      <trkpt lat="37.63495001010597" lon="13.612259952351451">
        <ele>926.45</ele>
      </trkpt>
      <trkpt lat="37.635005079209805" lon="13.61248031258583">
        <ele>925.51</ele>
      </trkpt>
      <trkpt lat="37.63505998067558" lon="13.612700002267957">
        <ele>924.57</ele>
      </trkpt>
      <trkpt lat="37.63506995514035" lon="13.612749958410859">
        <ele>923.78</ele>
      </trkpt>
      <trkpt lat="37.63508001342416" lon="13.612850038334727">
        <ele>922.96</ele>
      </trkpt>
      <trkpt lat="37.63508001342416" lon="13.612939976155758">
        <ele>922.16</ele>
      </trkpt>
      <trkpt lat="37.63508001342416" lon="13.61296989955008">
        <ele>921.38</ele>
      </trkpt>
      <trkpt lat="37.63506995514035" lon="13.61302999779582">
        <ele>920.6</ele>
      </trkpt>
      <trkpt lat="37.63504992239177" lon="13.613090012222528">
        <ele>919.82</ele>
      </trkpt>
      <trkpt lat="37.63502988964319" lon="13.613169891759753">
        <ele>919.01</ele>
      </trkpt>
      <trkpt lat="37.63498001731932" lon="13.613249938935041">
        <ele>918.24</ele>
      </trkpt>
      <trkpt lat="37.63492997735739" lon="13.61330995336175">
        <ele>917.5</ele>
      </trkpt>
      <trkpt lat="37.634859988465905" lon="13.613369967788458">
        <ele>916.77</ele>
      </trkpt>
      <trkpt lat="37.63482000678778" lon="13.61339989118278">
        <ele>916.06</ele>
      </trkpt>
      <trkpt lat="37.63475999236107" lon="13.61343995667994">
        <ele>915.38</ele>
      </trkpt>
      <trkpt lat="37.634690003469586" lon="13.61352989450097">
        <ele>914.73</ele>
      </trkpt>
      <trkpt lat="37.634669970721006" lon="13.61356995999813">
        <ele>914.03</ele>
      </trkpt>
      <trkpt lat="37.63465002179146" lon="13.613659897819161">
        <ele>913.29</ele>
      </trkpt>
      <trkpt lat="37.63465002179146" lon="13.61373994499445">
        <ele>912.6</ele>
      </trkpt>
      <trkpt lat="37.63472001068294" lon="13.613929962739348">
        <ele>911.82</ele>
      </trkpt>
      <trkpt lat="37.63474993407726" lon="13.61404001712799">
        <ele>911.19</ele>
      </trkpt>
      <trkpt lat="37.63476996682584" lon="13.614159962162375">
        <ele>910.58</ele>
      </trkpt>
      <trkpt lat="37.63476996682584" lon="13.61423003487289">
        <ele>910.03</ele>
      </trkpt>
      <trkpt lat="37.63476996682584" lon="13.614289965480566">
        <ele>909.5</ele>
      </trkpt>
      <trkpt lat="37.63475999236107" lon="13.614379987120628">
        <ele>909.03</ele>
      </trkpt>
      <trkpt lat="37.6347048394382" lon="13.614730602130294">
        <ele>908.51</ele>
      </trkpt>
      <trkpt lat="37.63465002179146" lon="13.615079876035452">
        <ele>907.92</ele>
      </trkpt>
      <trkpt lat="37.63463996350765" lon="13.615129999816418">
        <ele>907.55</ele>
      </trkpt>
      <trkpt lat="37.634580032899976" lon="13.615129999816418">
        <ele>907.3</ele>
      </trkpt>
      <trkpt lat="37.634560000151396" lon="13.61513989046216">
        <ele>907.04</ele>
      </trkpt>
      <trkpt lat="37.63455002568662" lon="13.61515992321074">
        <ele>906.81</ele>
      </trkpt>
      <trkpt lat="37.63452999293804" lon="13.6151999887079">
        <ele>906.63</ele>
      </trkpt>
      <trkpt lat="37.634539967402816" lon="13.61528992652893">
        <ele>906.45</ele>
      </trkpt>
      <trkpt lat="37.634539967402816" lon="13.615359915420413">
        <ele>906.36</ele>
      </trkpt>
      <trkpt lat="37.63455002568662" lon="13.615419929847121">
        <ele>906.33</ele>
      </trkpt>
      <trkpt lat="37.634539967402816" lon="13.61545991152525">
        <ele>906.37</ele>
      </trkpt>
      <trkpt lat="37.634539967402816" lon="13.61549997702241">
        <ele>906.45</ele>
      </trkpt>
      <trkpt lat="37.63452001847327" lon="13.615559991449118">
        <ele>906.62</ele>
      </trkpt>
      <trkpt lat="37.63450996018946" lon="13.61558991484344">
        <ele>906.82</ele>
      </trkpt>
      <trkpt lat="37.63449001125991" lon="13.615669962018728">
        <ele>907.07</ele>
      </trkpt>
      <trkpt lat="37.63446997851133" lon="13.61571991816163">
        <ele>907.39</ele>
      </trkpt>
      <trkpt lat="37.63446997851133" lon="13.61575998365879">
        <ele>907.72</ele>
      </trkpt>
      <trkpt lat="37.63446000404656" lon="13.615799965336919">
        <ele>908.12</ele>
      </trkpt>
      <trkpt lat="37.63446997851133" lon="13.615809939801693">
        <ele>908.53</ele>
      </trkpt>
      <trkpt lat="37.63446997851133" lon="13.615880012512207">
        <ele>909.02</ele>
      </trkpt>
      <trkpt lat="37.63450996018946" lon="13.616010015830398">
        <ele>909.54</ele>
      </trkpt>
      <trkpt lat="37.63450996018946" lon="13.61601990647614">
        <ele>910.12</ele>
      </trkpt>
      <trkpt lat="37.63452999293804" lon="13.616239931434393">
        <ele>910.8</ele>
      </trkpt>
      <trkpt lat="37.63455002568662" lon="13.616330036893487">
        <ele>911.47</ele>
      </trkpt>
      <trkpt lat="37.634560000151396" lon="13.61637999303639">
        <ele>912.18</ele>
      </trkpt>
      <trkpt lat="37.63459000736475" lon="13.616460040211678">
        <ele>912.94</ele>
      </trkpt>
      <trkpt lat="37.63461004011333" lon="13.616500021889806">
        <ele>913.74</ele>
      </trkpt>
      <trkpt lat="37.63465002179146" lon="13.61657990142703">
        <ele>914.59</ele>
      </trkpt>
      <trkpt lat="37.6346599124372" lon="13.616649890318513">
        <ele>915.52</ele>
      </trkpt>
      <trkpt lat="37.63468002900481" lon="13.616719963029027">
        <ele>916.46</ele>
      </trkpt>
      <trkpt lat="37.63469997793436" lon="13.616859940811992">
        <ele>917.48</ele>
      </trkpt>
      <trkpt lat="37.634710036218166" lon="13.61687988974154">
        <ele>918.46</ele>
      </trkpt>
      <trkpt lat="37.63475999236107" lon="13.617000002413988">
        <ele>919.49</ele>
      </trkpt>
      <trkpt lat="37.634810032323" lon="13.61709002405405">
        <ele>920.55</ele>
      </trkpt>
      <trkpt lat="37.63495001010597" lon="13.617320023477077">
        <ele>921.65</ele>
      </trkpt>
      <trkpt lat="37.63515000231564" lon="13.617549939081073">
        <ele>922.72</ele>
      </trkpt>
      <trkpt lat="37.63517992570996" lon="13.617580030113459">
        <ele>923.82</ele>
      </trkpt>
      <trkpt lat="37.63534002006054" lon="13.61775990575552">
        <ele>925.02</ele>
      </trkpt>
      <trkpt lat="37.63538000173867" lon="13.61784003674984">
        <ele>926.19</ele>
      </trkpt>
      <trkpt lat="37.63541000895202" lon="13.61790994182229">
        <ele>927.36</ele>
      </trkpt>
      <trkpt lat="37.63548997230828" lon="13.61814002506435">
        <ele>928.65</ele>
      </trkpt>
      <trkpt lat="37.635549986734986" lon="13.618310010060668">
        <ele>929.85</ele>
      </trkpt>
      <trkpt lat="37.635549986734986" lon="13.618329958990216">
        <ele>931.0</ele>
      </trkpt>
      <trkpt lat="37.63560991734266" lon="13.61848988570273">
        <ele>932.18</ele>
      </trkpt>
      <trkpt lat="37.63561997562647" lon="13.618540009483695">
        <ele>933.32</ele>
      </trkpt>
      <trkpt lat="37.63566004112363" lon="13.618670012801886">
        <ele>934.47</ele>
      </trkpt>
      <trkpt lat="37.63568988069892" lon="13.618740001693368">
        <ele>935.55</ele>
      </trkpt>
      <trkpt lat="37.635740004479885" lon="13.618839913979173">
        <ele>936.61</ele>
      </trkpt>
      <trkpt lat="37.63577990233898" lon="13.618899928405881">
        <ele>937.63</ele>
      </trkpt>
      <trkpt lat="37.63580001890659" lon="13.618930019438267">
        <ele>938.67</ele>
      </trkpt>
      <trkpt lat="37.63583002611995" lon="13.618989950045943">
        <ele>939.7</ele>
      </trkpt>
      <trkpt lat="37.63590990565717" lon="13.61908994615078">
        <ele>940.69</ele>
      </trkpt>
      <trkpt lat="37.63591996394098" lon="13.61908994615078">
        <ele>941.67</ele>
      </trkpt>
      <trkpt lat="37.63605994172394" lon="13.619230007752776">
        <ele>942.61</ele>
      </trkpt>
      <trkpt lat="37.63610998168588" lon="13.619279963895679">
        <ele>943.54</ele>
      </trkpt>
      <trkpt lat="37.63617997057736" lon="13.619339978322387">
        <ele>944.45</ele>
      </trkpt>
      <trkpt lat="37.63620997779071" lon="13.61936998553574">
        <ele>945.37</ele>
      </trkpt>
      <trkpt lat="37.63635003939271" lon="13.6194999050349">
        <ele>946.28</ele>
      </trkpt>
      <trkpt lat="37.63637996278703" lon="13.619550028815866">
        <ele>947.14</ele>
      </trkpt>
      <trkpt lat="37.63639002107084" lon="13.619589926674962">
        <ele>947.97</ele>
      </trkpt>
      <trkpt lat="37.63639999553561" lon="13.619620017707348">
        <ele>948.77</ele>
      </trkpt>
      <trkpt lat="37.636409970000386" lon="13.61966997385025">
        <ele>949.54</ele>
      </trkpt>
      <trkpt lat="37.636409970000386" lon="13.61971003934741">
        <ele>950.28</ele>
      </trkpt>
      <trkpt lat="37.63639999553561" lon="13.619769969955087">
        <ele>951.0</ele>
      </trkpt>
      <trkpt lat="37.636299999430776" lon="13.620050009340048">
        <ele>951.83</ele>
      </trkpt>
      <trkpt lat="37.63633989728987" lon="13.620089991018176">
        <ele>952.37</ele>
      </trkpt>
      <trkpt lat="37.63635003939271" lon="13.620110023766756">
        <ele>952.89</ele>
      </trkpt>
      <trkpt lat="37.63635003939271" lon="13.620149921625853">
        <ele>953.35</ele>
      </trkpt>
      <trkpt lat="37.63633989728987" lon="13.620199961587787">
        <ele>953.76</ele>
      </trkpt>
      <trkpt lat="37.636320032179356" lon="13.620219994336367">
        <ele>954.13</ele>
      </trkpt>
      <trkpt lat="37.63630997389555" lon="13.62022996880114">
        <ele>954.42</ele>
      </trkpt>
      <trkpt lat="37.636299999430776" lon="13.620240027084947">
        <ele>954.65</ele>
      </trkpt>
      <trkpt lat="37.636190028861165" lon="13.620319906622171">
        <ele>954.96</ele>
      </trkpt>
      <trkpt lat="37.63615993782878" lon="13.620349997654557">
        <ele>955.04</ele>
      </trkpt>
      <trkpt lat="37.63606991618872" lon="13.620429877191782">
        <ele>955.1</ele>
      </trkpt>
      <trkpt lat="37.63600998558104" lon="13.62048989161849">
        <ele>955.05</ele>
      </trkpt>
      <trkpt lat="37.63600998558104" lon="13.620500033721328">
        <ele>954.85</ele>
      </trkpt>
      <trkpt lat="37.63593999668956" lon="13.620579913258553">
        <ele>954.62</ele>
      </trkpt>
      <trkpt lat="37.63590001501143" lon="13.620649985969067">
        <ele>954.26</ele>
      </trkpt>
      <trkpt lat="37.63590001501143" lon="13.62065996043384">
        <ele>953.78</ele>
      </trkpt>
      <trkpt lat="37.6358600333333" lon="13.620760040357709">
        <ele>953.24</ele>
      </trkpt>
      <trkpt lat="37.63581996783614" lon="13.62087001092732">
        <ele>952.6</ele>
      </trkpt>
      <trkpt lat="37.635760037228465" lon="13.621079977601767">
        <ele>951.68</ele>
      </trkpt>
      <trkpt lat="37.63574997894466" lon="13.621100010350347">
        <ele>950.83</ele>
      </trkpt>
      <trkpt lat="37.635639840736985" lon="13.621365297585726">
        <ele>949.79</ele>
      </trkpt>
      <trkpt lat="37.63553003780544" lon="13.621629914268851">
        <ele>948.67</ele>
      </trkpt>
      <trkpt lat="37.635509921237826" lon="13.621680038049817">
        <ele>947.54</ele>
      </trkpt>
      <trkpt lat="37.6354300417006" lon="13.621889920905232">
        <ele>946.24</ele>
      </trkpt>
      <trkpt lat="37.63541000895202" lon="13.62192990258336">
        <ele>944.92</ele>
      </trkpt>
      <trkpt lat="37.63530003838241" lon="13.622150011360645">
        <ele>943.41</ele>
      </trkpt>
      <trkpt lat="37.63528000563383" lon="13.622180018574">
        <ele>941.97</ele>
      </trkpt>
      <trkpt lat="37.6352299656719" lon="13.622259981930256">
        <ele>940.4</ele>
      </trkpt>
      <trkpt lat="37.635119995102286" lon="13.62244002521038">
        <ele>938.76</ele>
      </trkpt>
      <trkpt lat="37.63501999899745" lon="13.62258997745812">
        <ele>937.1</ele>
      </trkpt>
      <trkpt lat="37.63492000289261" lon="13.622819976881146">
        <ele>935.41</ele>
      </trkpt>
      <trkpt lat="37.63482000678778" lon="13.623030027374625">
        <ele>933.66</ele>
      </trkpt>
      <trkpt lat="37.634694781154394" lon="13.623365387320518">
        <ele>931.68</ele>
      </trkpt>
      <trkpt lat="37.63456989079714" lon="13.623699992895126">
        <ele>929.73</ele>
      </trkpt>
      <trkpt lat="37.63449001125991" lon="13.62392001785338">
        <ele>927.87</ele>
      </trkpt>
      <trkpt lat="37.63448003679514" lon="13.623949941247702">
        <ele>926.03</ele>
      </trkpt>
      <trkpt lat="37.634450029581785" lon="13.624090002849698">
        <ele>924.12</ele>
      </trkpt>
      <trkpt lat="37.634429996833205" lon="13.624199973419309">
        <ele>922.18</ele>
      </trkpt>
      <trkpt lat="37.63442002236843" lon="13.62448001280427">
        <ele>920.18</ele>
      </trkpt>
      <trkpt lat="37.634409964084625" lon="13.6245699506253">
        <ele>918.23</ele>
      </trkpt>
      <trkpt lat="37.634409964084625" lon="13.624629965052009">
        <ele>916.27</ele>
      </trkpt>
      <trkpt lat="37.63439998961985" lon="13.624679921194911">
        <ele>914.31</ele>
      </trkpt>
      <trkpt lat="37.6343800406903" lon="13.624819982796907">
        <ele>912.32</ele>
      </trkpt>
      <trkpt lat="37.63429001905024" lon="13.625160036608577">
        <ele>910.34</ele>
      </trkpt>
      <trkpt lat="37.63419999741018" lon="13.62549003213644">
        <ele>908.26</ele>
      </trkpt>
      <trkpt lat="37.63416990637779" lon="13.625609977170825">
        <ele>906.23</ele>
      </trkpt>
      <trkpt lat="37.63407996855676" lon="13.62579002045095">
        <ele>904.17</ele>
      </trkpt>
      <trkpt lat="37.63400997966528" lon="13.625960005447268">
        <ele>902.1</ele>
      </trkpt>
      <trkpt lat="37.63390000909567" lon="13.62617994658649">
        <ele>900.0</ele>
      </trkpt>
      <trkpt lat="37.63381996192038" lon="13.62632998265326">
        <ele>897.93</ele>
      </trkpt>
      <trkpt lat="37.63368995860219" lon="13.626559982076287">
        <ele>895.84</ele>
      </trkpt>
      <trkpt lat="37.633570013567805" lon="13.62667003646493">
        <ele>893.78</ele>
      </trkpt>
      <trkpt lat="37.63354000635445" lon="13.626679927110672">
        <ele>891.75</ele>
      </trkpt>
      <trkpt lat="37.6335099991411" lon="13.626710018143058">
        <ele>889.69</ele>
      </trkpt>
      <trkpt lat="37.633419893682" lon="13.626749999821186">
        <ele>887.63</ele>
      </trkpt>
      <trkpt lat="37.63337999582291" lon="13.626770032569766">
        <ele>885.56</ele>
      </trkpt>
      <trkpt lat="37.633270025253296" lon="13.62680003978312">
        <ele>883.47</ele>
      </trkpt>
      <trkpt lat="37.63320003636181" lon="13.626819988712668">
        <ele>881.37</ele>
      </trkpt>
      <trkpt lat="37.63311001472175" lon="13.62684991210699">
        <ele>879.25</ele>
      </trkpt>
      <trkpt lat="37.63302996754646" lon="13.62688997760415">
        <ele>877.1</ele>
      </trkpt>
      <trkpt lat="37.63295997865498" lon="13.62691001035273">
        <ele>874.97</ele>
      </trkpt>
      <trkpt lat="37.63286987319589" lon="13.626970024779439">
        <ele>872.81</ele>
      </trkpt>
      <trkpt lat="37.63285989873111" lon="13.626979915425181">
        <ele>870.67</ele>
      </trkpt>
      <trkpt lat="37.63271514326334" lon="13.627079827710986">
        <ele>868.45</ele>
      </trkpt>
      <trkpt lat="37.63256996870041" lon="13.627179991453886">
        <ele>866.24</ele>
      </trkpt>
      <trkpt lat="37.632390009239316" lon="13.62731996923685">
        <ele>863.94</ele>
      </trkpt>
      <trkpt lat="37.63236000202596" lon="13.62734000198543">
        <ele>861.75</ele>
      </trkpt>
      <trkpt lat="37.63209002092481" lon="13.62753001973033">
        <ele>859.32</ele>
      </trkpt>
      <trkpt lat="37.63197988271713" lon="13.62761995755136">
        <ele>857.04</ele>
      </trkpt>
      <trkpt lat="37.63186991214752" lon="13.62772992812097">
        <ele>854.76</ele>
      </trkpt>
      <trkpt lat="37.631809981539845" lon="13.627809975296259">
        <ele>852.53</ele>
      </trkpt>
      <trkpt lat="37.6316948980093" lon="13.627974931150675">
        <ele>850.28</ele>
      </trkpt>
      <trkpt lat="37.63157998211682" lon="13.62813988700509">
        <ele>848.03</ele>
      </trkpt>
      <trkpt lat="37.631509993225336" lon="13.628259999677539">
        <ele>845.82</ele>
      </trkpt>
      <trkpt lat="37.63147001154721" lon="13.62832990474999">
        <ele>843.68</ele>
      </trkpt>
      <trkpt lat="37.631379989907146" lon="13.62852000631392">
        <ele>841.48</ele>
      </trkpt>
      <trkpt lat="37.631379989907146" lon="13.628529896959662">
        <ele>839.41</ele>
      </trkpt>
      <trkpt lat="37.63134998269379" lon="13.628599969670177">
        <ele>837.33</ele>
      </trkpt>
      <trkpt lat="37.63131000101566" lon="13.628719914704561">
        <ele>835.25</ele>
      </trkpt>
      <trkpt lat="37.63125996105373" lon="13.628859976306558">
        <ele>833.16</ele>
      </trkpt>
      <trkpt lat="37.63124001212418" lon="13.628919990733266">
        <ele>831.17</ele>
      </trkpt>
      <trkpt lat="37.63120003044605" lon="13.629029961302876">
        <ele>829.19</ele>
      </trkpt>
      <trkpt lat="37.63117999769747" lon="13.629070026800036">
        <ele>827.29</ele>
      </trkpt>
      <trkpt lat="37.63111000880599" lon="13.62927001900971">
        <ele>825.32</ele>
      </trkpt>
      <trkpt lat="37.63107002712786" lon="13.629370015114546">
        <ele>823.46</ele>
      </trkpt>
      <trkpt lat="37.63104999437928" lon="13.629590040072799">
        <ele>821.63</ele>
      </trkpt>
      <trkpt lat="37.63104001991451" lon="13.629670003429055">
        <ele>819.89</ele>
      </trkpt>
      <trkpt lat="37.6310299616307" lon="13.629800006747246">
        <ele>818.19</ele>
      </trkpt>
      <trkpt lat="37.63101998716593" lon="13.630060013383627">
        <ele>816.48</ele>
      </trkpt>
      <trkpt lat="37.63100003823638" lon="13.63015003502369">
        <ele>814.9</ele>
      </trkpt>
      <trkpt lat="37.630949998274446" lon="13.63030987791717">
        <ele>813.32</ele>
      </trkpt>
      <trkpt lat="37.63085000216961" lon="13.63051992841065">
        <ele>811.75</ele>
      </trkpt>
      <trkpt lat="37.63078001327813" lon="13.63062989898026">
        <ele>810.29</ele>
      </trkpt>
      <trkpt lat="37.63068001717329" lon="13.63079996779561">
        <ele>808.85</ele>
      </trkpt>
      <trkpt lat="37.63065998442471" lon="13.63084003329277">
        <ele>807.54</ele>
      </trkpt>
      <trkpt lat="37.63062000274658" lon="13.630919996649027">
        <ele>806.26</ele>
      </trkpt>
      <trkpt lat="37.63057993724942" lon="13.630909938365221">
        <ele>805.06</ele>
      </trkpt>
      <trkpt lat="37.63048999942839" lon="13.630899963900447">
        <ele>803.91</ele>
      </trkpt>
      <trkpt lat="37.63030534610152" lon="13.630865011364222">
        <ele>802.8</ele>
      </trkpt>
      <trkpt lat="37.6301200222224" lon="13.630829891189933">
        <ele>801.74</ele>
      </trkpt>
      <trkpt lat="37.629939978942275" lon="13.630889905616641">
        <ele>800.72</ele>
      </trkpt>
      <trkpt lat="37.62971995398402" lon="13.63098998554051">
        <ele>799.69</ele>
      </trkpt>
      <trkpt lat="37.62960000894964" lon="13.631029967218637">
        <ele>798.68</ele>
      </trkpt>
      <trkpt lat="37.62951996177435" lon="13.63105989061296">
        <ele>797.72</ele>
      </trkpt>
      <trkpt lat="37.62946003116667" lon="13.631070032715797">
        <ele>796.8</ele>
      </trkpt>
      <trkpt lat="37.62941996566951" lon="13.63107992336154">
        <ele>795.91</ele>
      </trkpt>
      <trkpt lat="37.62930991128087" lon="13.631089981645346">
        <ele>794.97</ele>
      </trkpt>
      <trkpt lat="37.629100028425455" lon="13.631110014393926">
        <ele>794.03</ele>
      </trkpt>
      <trkpt lat="37.62904001399875" lon="13.631110014393926">
        <ele>793.19</ele>
      </trkpt>
      <trkpt lat="37.62887028045952" lon="13.63109995611012">
        <ele>792.36</ele>
      </trkpt>
      <trkpt lat="37.62869996018708" lon="13.631089981645346">
        <ele>791.55</ele>
      </trkpt>
      <trkpt lat="37.62861002236605" lon="13.63109995611012">
        <ele>790.72</ele>
      </trkpt>
      <trkpt lat="37.62852997519076" lon="13.6311199888587">
        <ele>789.89</ele>
      </trkpt>
      <trkpt lat="37.62849988415837" lon="13.63114002160728">
        <ele>789.05</ele>
      </trkpt>
      <trkpt lat="37.62844003736973" lon="13.631159970536828">
        <ele>788.21</ele>
      </trkpt>
      <trkpt lat="37.628350015729666" lon="13.631219984963536">
        <ele>787.34</ele>
      </trkpt>
      <trkpt lat="37.62831003405154" lon="13.63127002492547">
        <ele>786.44</ele>
      </trkpt>
      <trkpt lat="37.6282599940896" lon="13.631339929997921">
        <ele>785.53</ele>
      </trkpt>
      <trkpt lat="37.62823996134102" lon="13.63137991167605">
        <ele>784.6</ele>
      </trkpt>
      <trkpt lat="37.62818992137909" lon="13.631519973278046">
        <ele>783.61</ele>
      </trkpt>
      <trkpt lat="37.62815999798477" lon="13.631579903885722">
        <ele>782.63</ele>
      </trkpt>
      <trkpt lat="37.62822998687625" lon="13.63163991831243">
        <ele>781.57</ele>
      </trkpt>
      <trkpt lat="37.62829000130296" lon="13.63170001655817">
        <ele>780.49</ele>
      </trkpt>
      <trkpt lat="37.62817986309528" lon="13.631895147264004">
        <ele>779.37</ele>
      </trkpt>
      <trkpt lat="37.62806989252567" lon="13.63208994269371">
        <ele>778.22</ele>
      </trkpt>
      <trkpt lat="37.62796998023987" lon="13.632329916581511">
        <ele>777.1</ele>
      </trkpt>
      <trkpt lat="37.62790996581316" lon="13.632479952648282">
        <ele>775.93</ele>
      </trkpt>
      <trkpt lat="37.62789001688361" lon="13.632529992610216">
        <ele>774.71</ele>
      </trkpt>
      <trkpt lat="37.62785003520548" lon="13.63271003589034">
        <ele>773.41</ele>
      </trkpt>
      <trkpt lat="37.62785003520548" lon="13.632779940962791">
        <ele>772.11</ele>
      </trkpt>
      <trkpt lat="37.62786998413503" lon="13.632980016991496">
        <ele>770.71</ele>
      </trkpt>
      <trkpt lat="37.62786998413503" lon="13.633189899846911">
        <ele>769.28</ele>
      </trkpt>
      <trkpt lat="37.62786998413503" lon="13.633240023627877">
        <ele>767.89</ele>
      </trkpt>
      <trkpt lat="37.62789001688361" lon="13.633469939231873">
        <ele>766.4</ele>
      </trkpt>
      <trkpt lat="37.62789982371032" lon="13.6336999386549">
        <ele>764.88</ele>
      </trkpt>
      <trkpt lat="37.627920024096966" lon="13.63382994197309">
        <ele>763.38</ele>
      </trkpt>
      <trkpt lat="37.62792999856174" lon="13.63391987979412">
        <ele>761.86</ele>
      </trkpt>
      <trkpt lat="37.628029994666576" lon="13.6341299302876">
        <ele>760.31</ele>
      </trkpt>
      <trkpt lat="37.62813996523619" lon="13.6343699041754">
        <ele>758.73</ele>
      </trkpt>
      <trkpt lat="37.6282100379467" lon="13.634590012952685">
        <ele>757.12</ele>
      </trkpt>
      <trkpt lat="37.62825001962483" lon="13.634759914129972">
        <ele>755.54</ele>
      </trkpt>
      <trkpt lat="37.62835999019444" lon="13.634980022907257">
        <ele>753.9</ele>
      </trkpt>
      <trkpt lat="37.62844003736973" lon="13.635199964046478">
        <ele>752.23</ele>
      </trkpt>
      <trkpt lat="37.62855000793934" lon="13.635370032861829">
        <ele>750.55</ele>
      </trkpt>
      <trkpt lat="37.6286400295794" lon="13.63552987575531">
        <ele>748.91</ele>
      </trkpt>
      <trkpt lat="37.62871999293566" lon="13.6356598790735">
        <ele>747.33</ele>
      </trkpt>
      <trkpt lat="37.62872996740043" lon="13.635789882391691">
        <ele>745.77</ele>
      </trkpt>
      <trkpt lat="37.62874002568424" lon="13.635819973424077">
        <ele>744.26</ele>
      </trkpt>
      <trkpt lat="37.628889977931976" lon="13.636100012809038">
        <ele>742.61</ele>
      </trkpt>
      <trkpt lat="37.62903003953397" lon="13.636249965056777">
        <ele>741.03</ele>
      </trkpt>
      <trkpt lat="37.62914001010358" lon="13.636389942839742">
        <ele>739.49</ele>
      </trkpt>
      <trkpt lat="37.62917001731694" lon="13.636420033872128">
        <ele>738.06</ele>
      </trkpt>
      <trkpt lat="37.629230031743646" lon="13.63655992783606">
        <ele>736.62</ele>
      </trkpt>
      <trkpt lat="37.62930002063513" lon="13.636680040508509">
        <ele>735.21</ele>
      </trkpt>
      <trkpt lat="37.62933002784848" lon="13.636760003864765">
        <ele>733.85</ele>
      </trkpt>
      <trkpt lat="37.62940999120474" lon="13.637079941108823">
        <ele>732.35</ele>
      </trkpt>
      <trkpt lat="37.62946967035532" lon="13.637098213657737">
        <ele>731.07</ele>
      </trkpt>
      <trkpt lat="37.62956505641341" lon="13.637097710743546">
        <ele>729.82</ele>
      </trkpt>
      <trkpt lat="37.629634626209736" lon="13.637041887268424">
        <ele>728.63</ele>
      </trkpt>
      <trkpt lat="37.629655161872506" lon="13.636825382709503">
        <ele>727.59</ele>
      </trkpt>
      <trkpt lat="37.62965600006282" lon="13.636528495699167">
        <ele>726.53</ele>
      </trkpt>
      <trkpt lat="37.62965683825314" lon="13.636232949793339">
        <ele>725.39</ele>
      </trkpt>
      <trkpt lat="37.62965491041541" lon="13.635944277048111">
        <ele>724.29</ele>
      </trkpt>
      <trkpt lat="37.62965289875865" lon="13.635656777769327">
        <ele>723.27</ele>
      </trkpt>
      <trkpt lat="37.6296659745276" lon="13.63529291935265">
        <ele>722.28</ele>
      </trkpt>
      <trkpt lat="37.629756247624755" lon="13.635261738672853">
        <ele>721.2</ele>
      </trkpt>
      <trkpt lat="37.629766054451466" lon="13.635262660682201">
        <ele>720.19</ele>
      </trkpt>
      <trkpt lat="37.62992229312658" lon="13.635330805554986">
        <ele>719.15</ele>
      </trkpt>
      <trkpt lat="37.63012287206948" lon="13.635501628741622">
        <ele>718.09</ele>
      </trkpt>
      <trkpt lat="37.630301322788" lon="13.635688377544284">
        <ele>717.02</ele>
      </trkpt>
      <trkpt lat="37.630479857325554" lon="13.635875210165977">
        <ele>715.95</ele>
      </trkpt>
      <trkpt lat="37.63065855950117" lon="13.636062210425735">
        <ele>714.87</ele>
      </trkpt>
      <trkpt lat="37.63084757141769" lon="13.636209396645427">
        <ele>713.86</ele>
      </trkpt>
      <trkpt lat="37.631036918610334" lon="13.636356834322214">
        <ele>712.79</ele>
      </trkpt>
      <trkpt lat="37.63130153529346" lon="13.636489184573293">
        <ele>711.77</ele>
      </trkpt>
      <trkpt lat="37.6315669901669" lon="13.63662195391953">
        <ele>710.7</ele>
      </trkpt>
      <trkpt lat="37.631820710375905" lon="13.63673435524106">
        <ele>709.62</ele>
      </trkpt>
      <trkpt lat="37.63207443058491" lon="13.636846672743559">
        <ele>708.51</ele>
      </trkpt>
      <trkpt lat="37.632329408079386" lon="13.636959660798311">
        <ele>707.39</ele>
      </trkpt>
      <trkpt lat="37.632555048912764" lon="13.637038031592965">
        <ele>706.26</ele>
      </trkpt>
      <trkpt lat="37.63278152793646" lon="13.637116653844714">
        <ele>705.05</ele>
      </trkpt>
      <trkpt lat="37.632935335859656" lon="13.637062590569258">
        <ele>703.99</ele>
      </trkpt>
      <trkpt lat="37.633089730516076" lon="13.637008359655738">
        <ele>702.88</ele>
      </trkpt>
      <trkpt lat="37.63322778046131" lon="13.636969132348895">
        <ele>701.65</ele>
      </trkpt>
      <trkpt lat="37.63337044045329" lon="13.637053538113832">
        <ele>700.22</ele>
      </trkpt>
      <trkpt lat="37.6335134357214" lon="13.637138195335865">
        <ele>698.77</ele>
      </trkpt>
      <trkpt lat="37.63354629278183" lon="13.637137692421675">
        <ele>697.35</ele>
      </trkpt>
      <trkpt lat="37.633703872561455" lon="13.637315388768911">
        <ele>695.7</ele>
      </trkpt>
      <trkpt lat="37.63386153616011" lon="13.637493252754211">
        <ele>694.0</ele>
      </trkpt>
      <trkpt lat="37.634047362953424" lon="13.637740351259708">
        <ele>692.19</ele>
      </trkpt>
      <trkpt lat="37.63422288000584" lon="13.637810843065381">
        <ele>690.72</ele>
      </trkpt>
      <trkpt lat="37.6343990676105" lon="13.637881586328149">
        <ele>689.11</ele>
      </trkpt>
      <trkpt lat="37.6346651930362" lon="13.638006644323468">
        <ele>687.36</ele>
      </trkpt>
      <trkpt lat="37.6348050031811" lon="13.638117955997586">
        <ele>685.52</ele>
      </trkpt>
      <trkpt lat="37.63496417552233" lon="13.63827888853848">
        <ele>683.54</ele>
      </trkpt>
      <trkpt lat="37.63509736396372" lon="13.638418698683381">
        <ele>681.69</ele>
      </trkpt>
      <trkpt lat="37.635124856606126" lon="13.638518694788218">
        <ele>680.02</ele>
      </trkpt>
      <trkpt lat="37.63505226932466" lon="13.638644171878695">
        <ele>678.38</ele>
      </trkpt>
      <trkpt lat="37.635104320943356" lon="13.638764955103397">
        <ele>676.72</ele>
      </trkpt>
      <trkpt lat="37.63511815108359" lon="13.639076426625252">
        <ele>674.89</ele>
      </trkpt>
      <trkpt lat="37.63516450300813" lon="13.639340791851282">
        <ele>673.14</ele>
      </trkpt>
      <trkpt lat="37.635333398357034" lon="13.63947900943458">
        <ele>671.69</ele>
      </trkpt>
      <trkpt lat="37.63534588739276" lon="13.639542879536748">
        <ele>670.12</ele>
      </trkpt>
      <trkpt lat="37.63534588739276" lon="13.639575904235244">
        <ele>668.61</ele>
      </trkpt>
      <trkpt lat="37.635340858250856" lon="13.639592416584492">
        <ele>667.17</ele>
      </trkpt>
      <trkpt lat="37.63533842749894" lon="13.63959426060319">
        <ele>665.78</ele>
      </trkpt>
      <trkpt lat="37.63532099314034" lon="13.639602391049266">
        <ele>664.42</ele>
      </trkpt>
      <trkpt lat="37.635306157171726" lon="13.639608593657613">
        <ele>663.11</ele>
      </trkpt>
      <trkpt lat="37.635298781096935" lon="13.639611694961786">
        <ele>661.87</ele>
      </trkpt>
      <trkpt lat="37.635286543518305" lon="13.63960842601955">
        <ele>660.68</ele>
      </trkpt>
      <trkpt lat="37.635279167443514" lon="13.639603983610868">
        <ele>659.55</ele>
      </trkpt>
      <trkpt lat="37.635264582931995" lon="13.639585208147764">
        <ele>658.47</ele>
      </trkpt>
      <trkpt lat="37.63525251299143" lon="13.639574563130736">
        <ele>657.45</ele>
      </trkpt>
      <trkpt lat="37.63524044305086" lon="13.639558972790837">
        <ele>656.49</ele>
      </trkpt>
      <trkpt lat="37.635226026177406" lon="13.639545310288668">
        <ele>655.58</ele>
      </trkpt>
      <trkpt lat="37.63521881774068" lon="13.639536090195179">
        <ele>654.73</ele>
      </trkpt>
      <trkpt lat="37.635206915438175" lon="13.639520667493343">
        <ele>653.94</ele>
      </trkpt>
      <trkpt lat="37.63519744388759" lon="13.639513375237584">
        <ele>653.19</ele>
      </trkpt>
      <trkpt lat="37.63519040308893" lon="13.639506669715047">
        <ele>652.5</ele>
      </trkpt>
      <trkpt lat="37.635178584605455" lon="13.639493845403194">
        <ele>651.86</ele>
      </trkpt>
      <trkpt lat="37.635166849941015" lon="13.639488564804196">
        <ele>651.26</ele>
      </trkpt>
      <trkpt lat="37.635157546028495" lon="13.6394935939461">
        <ele>650.71</ele>
      </trkpt>
      <trkpt lat="37.63515058904886" lon="13.639499209821224">
        <ele>650.21</ele>
      </trkpt>
      <trkpt lat="37.63514363206923" lon="13.639504741877317">
        <ele>649.76</ele>
      </trkpt>
      <trkpt lat="37.63513206504285" lon="13.639514045789838">
        <ele>649.34</ele>
      </trkpt>
      <trkpt lat="37.63512049801648" lon="13.639525696635246">
        <ele>648.98</ele>
      </trkpt>
      <trkpt lat="37.635113624855876" lon="13.63952879793942">
        <ele>648.67</ele>
      </trkpt>
      <trkpt lat="37.635099962353706" lon="13.639535000547767">
        <ele>648.4</ele>
      </trkpt>
      <trkpt lat="37.63508856296539" lon="13.639539275318384">
        <ele>648.18</ele>
      </trkpt>
      <trkpt lat="37.635074984282255" lon="13.6395453941077">
        <ele>648.0</ele>
      </trkpt>
      <trkpt lat="37.635063668712974" lon="13.639544807374477">
        <ele>647.87</ele>
      </trkpt>
      <trkpt lat="37.63505470007658" lon="13.63954246044159">
        <ele>647.8</ele>
      </trkpt>
      <trkpt lat="37.63504581525922" lon="13.639535335823894">
        <ele>647.76</ele>
      </trkpt>
      <trkpt lat="37.63503910973668" lon="13.63952879793942">
        <ele>647.77</ele>
      </trkpt>
      <trkpt lat="37.63502796180546" lon="13.639513961970806">
        <ele>647.83</ele>
      </trkpt>
      <trkpt lat="37.63501253910363" lon="13.63949560560286">
        <ele>647.92</ele>
      </trkpt>
      <trkpt lat="37.63500147499144" lon="13.639485714957118">
        <ele>648.05</ele>
      </trkpt>
      <trkpt lat="37.63499275781214" lon="13.639478757977486">
        <ele>648.21</ele>
      </trkpt>
      <trkpt lat="37.63498621992767" lon="13.639472303912044">
        <ele>648.4</ele>
      </trkpt>
      <trkpt lat="37.63498186133802" lon="13.639468867331743">
        <ele>648.62</ele>
      </trkpt>
      <trkpt lat="37.634970964863896" lon="13.639456629753113">
        <ele>648.87</ele>
      </trkpt>
      <trkpt lat="37.634960152208805" lon="13.639446906745434">
        <ele>649.15</ele>
      </trkpt>
      <trkpt lat="37.634945064783096" lon="13.639436094090343">
        <ele>649.45</ele>
      </trkpt>
      <trkpt lat="37.63493651524186" lon="13.639426873996854">
        <ele>649.78</ele>
      </trkpt>
      <trkpt lat="37.63493014499545" lon="13.639420671388507">
        <ele>650.13</ele>
      </trkpt>
      <trkpt lat="37.634921595454216" lon="13.639409188181162">
        <ele>650.5</ele>
      </trkpt>
      <trkpt lat="37.63491103425622" lon="13.63939493894577">
        <ele>650.89</ele>
      </trkpt>
      <trkpt lat="37.6349067594856" lon="13.639389239251614">
        <ele>651.3</ele>
      </trkpt>
      <trkpt lat="37.63490256853402" lon="13.639383623376489">
        <ele>651.72</ele>
      </trkpt>
      <trkpt lat="37.63489410281181" lon="13.639367613941431">
        <ele>652.16</ele>
      </trkpt>
      <trkpt lat="37.634887816384435" lon="13.639352191239595">
        <ele>652.61</ele>
      </trkpt>
      <trkpt lat="37.63488362543285" lon="13.639344228431582">
        <ele>653.07</ele>
      </trkpt>
      <trkpt lat="37.63487943448126" lon="13.63932704553008">
        <ele>653.54</ele>
      </trkpt>
      <trkpt lat="37.63487943448126" lon="13.639320088550448">
        <ele>654.01</ele>
      </trkpt>
      <trkpt lat="37.63487733900547" lon="13.639310281723738">
        <ele>654.48</ele>
      </trkpt>
      <trkpt lat="37.63487524352968" lon="13.639295948669314">
        <ele>654.97</ele>
      </trkpt>
      <trkpt lat="37.634873148053885" lon="13.639288488775492">
        <ele>655.43</ele>
      </trkpt>
      <trkpt lat="37.63487105257809" lon="13.639274155721068">
        <ele>655.91</ele>
      </trkpt>
      <trkpt lat="37.6348689571023" lon="13.639259822666645">
        <ele>656.38</ele>
      </trkpt>
      <trkpt lat="37.6348689571023" lon="13.639252865687013">
        <ele>656.83</ele>
      </trkpt>
      <trkpt lat="37.6348689571023" lon="13.639241298660636">
        <ele>657.28</ele>
      </trkpt>
      <trkpt lat="37.63487524352968" lon="13.639228725805879">
        <ele>657.72</ele>
      </trkpt>
      <trkpt lat="37.63488362543285" lon="13.639218835160136">
        <ele>658.15</ele>
      </trkpt>
      <trkpt lat="37.63488572090864" lon="13.639210034161806">
        <ele>658.55</ele>
      </trkpt>
      <trkpt lat="37.63489410281181" lon="13.639197796583176">
        <ele>658.94</ele>
      </trkpt>
      <trkpt lat="37.63489410281181" lon="13.6391931027174">
        <ele>659.29</ele>
      </trkpt>
      <trkpt lat="37.63489410281181" lon="13.639176841825247">
        <ele>659.64</ele>
      </trkpt>
      <trkpt lat="37.634889828041196" lon="13.639164352789521">
        <ele>659.95</ele>
      </trkpt>
      <trkpt lat="37.63488354161382" lon="13.639151528477669">
        <ele>660.23</ele>
      </trkpt>
      <trkpt lat="37.63487733900547" lon="13.639141051098704">
        <ele>660.48</ele>
      </trkpt>
      <trkpt lat="37.634873148053885" lon="13.639135602861643">
        <ele>660.7</ele>
      </trkpt>
      <trkpt lat="37.63486275449395" lon="13.639119761064649">
        <ele>660.89</ele>
      </trkpt>
      <trkpt lat="37.634850265458226" lon="13.63911054097116">
        <ele>661.04</ele>
      </trkpt>
      <trkpt lat="37.63483584858477" lon="13.639096291735768">
        <ele>661.16</ele>
      </trkpt>
      <trkpt lat="37.63482361100614" lon="13.639082629233599">
        <ele>661.25</ele>
      </trkpt>
      <trkpt lat="37.63481950387359" lon="13.639077264815569">
        <ele>661.3</ele>
      </trkpt>
      <trkpt lat="37.63481137342751" lon="13.639073492959142">
        <ele>661.31</ele>
      </trkpt>
      <trkpt lat="37.63479720801115" lon="13.639061842113733">
        <ele>661.28</ele>
      </trkpt>
      <trkpt lat="37.634793100878596" lon="13.639056561514735">
        <ele>661.22</ele>
      </trkpt>
      <trkpt lat="37.63478505425155" lon="13.63905287347734">
        <ele>661.12</ele>
      </trkpt>
      <trkpt lat="37.634774995967746" lon="13.63904650323093">
        <ele>660.98</ele>
      </trkpt>
      <trkpt lat="37.63476502150297" lon="13.639042479917407">
        <ele>660.81</ele>
      </trkpt>
      <trkpt lat="37.63475705869496" lon="13.639036612585187">
        <ele>660.6</ele>
      </trkpt>
      <trkpt lat="37.634749095886946" lon="13.639035187661648">
        <ele>660.35</ele>
      </trkpt>
      <trkpt lat="37.634737277403474" lon="13.639033092185855">
        <ele>660.07</ele>
      </trkpt>
      <trkpt lat="37.63473526574671" lon="13.639032756909728">
        <ele>659.75</ele>
      </trkpt>
      <trkpt lat="37.63472151942551" lon="13.639025883749127">
        <ele>659.4</ele>
      </trkpt>
      <trkpt lat="37.63471179641783" lon="13.639021944254637">
        <ele>659.02</ele>
      </trkpt>
      <trkpt lat="37.63470207341015" lon="13.639018004760146">
        <ele>658.6</ele>
      </trkpt>
      <trkpt lat="37.634694278240204" lon="13.639018926769495">
        <ele>658.16</ele>
      </trkpt>
      <trkpt lat="37.63468271121383" lon="13.639016915112734">
        <ele>657.68</ele>
      </trkpt>
      <trkpt lat="37.63466921634972" lon="13.639016831293702">
        <ele>657.18</ele>
      </trkpt>
      <trkpt lat="37.634659660980105" lon="13.639019597321749">
        <ele>656.65</ele>
      </trkpt>
      <trkpt lat="37.63465018942952" lon="13.639020100235939">
        <ele>656.1</ele>
      </trkpt>
      <trkpt lat="37.63463879004121" lon="13.63902697339654">
        <ele>655.53</ele>
      </trkpt>
      <trkpt lat="37.6346255466342" lon="13.639033427461982">
        <ele>654.93</ele>
      </trkpt>
      <trkpt lat="37.63461993075907" lon="13.639034600928426">
        <ele>654.34</ele>
      </trkpt>
      <trkpt lat="37.63460869900882" lon="13.639041390269995">
        <ele>653.72</ele>
      </trkpt>
      <trkpt lat="37.6346030831337" lon="13.639044743031263">
        <ele>653.1</ele>
      </trkpt>
      <trkpt lat="37.63459009118378" lon="13.639046754688025">
        <ele>652.48</ele>
      </trkpt>
      <trkpt lat="37.634579027071595" lon="13.639044743031263">
        <ele>651.86</ele>
      </trkpt>
      <trkpt lat="37.63456980697811" lon="13.639045162126422">
        <ele>651.25</ele>
      </trkpt>
      <trkpt lat="37.63456611894071" lon="13.639044491574168">
        <ele>650.64</ele>
      </trkpt>
      <trkpt lat="37.63455337844789" lon="13.639050861820579">
        <ele>650.03</ele>
      </trkpt>
      <trkpt lat="37.63454608619213" lon="13.639053795486689">
        <ele>649.44</ele>
      </trkpt>
      <trkpt lat="37.63453518971801" lon="13.639056142419577">
        <ele>648.87</ele>
      </trkpt>
      <trkpt lat="37.63432270847261" lon="13.639112217351794">
        <ele>648.14</ele>
      </trkpt>
      <trkpt lat="37.634015176445246" lon="13.639152199029922">
        <ele>647.34</ele>
      </trkpt>
      <trkpt lat="37.63378609903157" lon="13.63909495063126">
        <ele>646.81</ele>
      </trkpt>
      <trkpt lat="37.633750727400184" lon="13.63910417072475">
        <ele>646.33</ele>
      </trkpt>
      <trkpt lat="37.633606139570475" lon="13.639183128252625">
        <ele>645.77</ele>
      </trkpt>
      <trkpt lat="37.63347345404327" lon="13.63904700614512">
        <ele>645.55</ele>
      </trkpt>
      <trkpt lat="37.6334354840219" lon="13.639044659212232">
        <ele>645.22</ele>
      </trkpt>
      <trkpt lat="37.63326080515981" lon="13.638927899301052">
        <ele>645.13</ele>
      </trkpt>
      <trkpt lat="37.633179081603885" lon="13.638942316174507">
        <ele>644.92</ele>
      </trkpt>
      <trkpt lat="37.63296492397785" lon="13.639043653383851">
        <ele>644.73</ele>
      </trkpt>
      <trkpt lat="37.63268136419356" lon="13.63917508162558">
        <ele>644.55</ele>
      </trkpt>
      <trkpt lat="37.63246259652078" lon="13.63920433446765">
        <ele>644.46</ele>
      </trkpt>
      <trkpt lat="37.632242906838655" lon="13.639233754947782">
        <ele>644.38</ele>
      </trkpt>
      <trkpt lat="37.63203268870711" lon="13.63905237056315">
        <ele>644.52</ele>
      </trkpt>
      <trkpt lat="37.63182205148041" lon="13.638870818540454">
        <ele>644.7</ele>
      </trkpt>
      <trkpt lat="37.63181123882532" lon="13.63886084407568">
        <ele>644.83</ele>
      </trkpt>
      <trkpt lat="37.631659526377916" lon="13.638663701713085">
        <ele>645.1</ele>
      </trkpt>
      <trkpt lat="37.63167344033718" lon="13.63865221850574">
        <ele>645.33</ele>
      </trkpt>
      <trkpt lat="37.631683917716146" lon="13.638640316203237">
        <ele>645.61</ele>
      </trkpt>
      <trkpt lat="37.63170135207474" lon="13.638629084452987">
        <ele>645.95</ele>
      </trkpt>
      <trkpt lat="37.631725911051035" lon="13.638622714206576">
        <ele>646.34</ele>
      </trkpt>
      <trkpt lat="37.63174711726606" lon="13.638620283454657">
        <ele>646.79</ele>
      </trkpt>
      <trkpt lat="37.63175776228309" lon="13.638625564053655">
        <ele>647.29</ele>
      </trkpt>
      <trkpt lat="37.63177192769945" lon="13.638639897108078">
        <ele>647.84</ele>
      </trkpt>
      <trkpt lat="37.6317969057709" lon="13.638668227940798">
        <ele>648.44</ele>
      </trkpt>
      <trkpt lat="37.631814843043685" lon="13.638687338680029">
        <ele>649.09</ele>
      </trkpt>
      <trkpt lat="37.631836384534836" lon="13.638706868514419">
        <ele>649.8</ele>
      </trkpt>
      <trkpt lat="37.63184728100896" lon="13.638725392520428">
        <ele>650.56</ele>
      </trkpt>
      <trkpt lat="37.63185809366405" lon="13.638735199347138">
        <ele>651.38</ele>
      </trkpt>
      <trkpt lat="37.631879886612296" lon="13.638759339228272">
        <ele>652.24</ele>
      </trkpt>
      <trkpt lat="37.631894471123815" lon="13.638774007558823">
        <ele>653.16</ele>
      </trkpt>
      <trkpt lat="37.63190545141697" lon="13.638788340613246">
        <ele>654.13</ele>
      </trkpt>
      <trkpt lat="37.63192011974752" lon="13.638807451352477">
        <ele>655.15</ele>
      </trkpt>
      <trkpt lat="37.631931100040674" lon="13.638813067227602">
        <ele>656.21</ele>
      </trkpt>
      <trkpt lat="37.63195331208408" lon="13.638833099976182">
        <ele>657.32</ele>
      </trkpt>
      <trkpt lat="37.631964376196265" lon="13.638838799670339">
        <ele>658.48</ele>
      </trkpt>
      <trkpt lat="37.6319866720587" lon="13.63885011523962">
        <ele>659.68</ele>
      </trkpt>
      <trkpt lat="37.632227232679725" lon="13.638945249840617">
        <ele>660.94</ele>
      </trkpt>
      <trkpt lat="37.63246787711978" lon="13.639020519331098">
        <ele>662.2</ele>
      </trkpt>
      <trkpt lat="37.63270785100758" lon="13.638878697529435">
        <ele>663.65</ele>
      </trkpt>
      <trkpt lat="37.63273375108838" lon="13.638790687546134">
        <ele>665.07</ele>
      </trkpt>
      <trkpt lat="37.63256845995784" lon="13.63880904391408">
        <ele>666.42</ele>
      </trkpt>
      <trkpt lat="37.63240249827504" lon="13.638827484101057">
        <ele>667.67</ele>
      </trkpt>
      <trkpt lat="37.63221926987171" lon="13.638690188527107">
        <ele>669.06</ele>
      </trkpt>
      <trkpt lat="37.63214014470577" lon="13.638310823589563">
        <ele>670.66</ele>
      </trkpt>
      <trkpt lat="37.63206127099693" lon="13.637932883575559">
        <ele>672.15</ele>
      </trkpt>
      <trkpt lat="37.63193579390645" lon="13.637621495872736">
        <ele>673.59</ele>
      </trkpt>
      <trkpt lat="37.631747871637344" lon="13.637486295774579">
        <ele>674.96</ele>
      </trkpt>
      <trkpt lat="37.63155944645405" lon="13.637350760400295">
        <ele>676.37</ele>
      </trkpt>
      <trkpt lat="37.63142206706107" lon="13.637511441484094">
        <ele>677.47</ele>
      </trkpt>
      <trkpt lat="37.63128460384905" lon="13.637672122567892">
        <ele>678.6</ele>
      </trkpt>
      <trkpt lat="37.63109290972352" lon="13.637712523341179">
        <ele>679.77</ele>
      </trkpt>
      <trkpt lat="37.63094245456159" lon="13.637571958824992">
        <ele>680.98</ele>
      </trkpt>
      <trkpt lat="37.63079174794257" lon="13.637431226670742">
        <ele>682.07</ele>
      </trkpt>
      <trkpt lat="37.63065554201603" lon="13.637322932481766">
        <ele>683.05</ele>
      </trkpt>
      <trkpt lat="37.6305190846324" lon="13.637214303016663">
        <ele>684.03</ele>
      </trkpt>
      <trkpt lat="37.63051237910986" lon="13.637213800102472">
        <ele>684.84</ele>
      </trkpt>
      <trkpt lat="37.63035588897765" lon="13.637268198654056">
        <ele>685.67</ele>
      </trkpt>
      <trkpt lat="37.630333257839084" lon="13.63761437125504">
        <ele>686.23</ele>
      </trkpt>
      <trkpt lat="37.63031071051955" lon="13.637959035113454">
        <ele>686.81</ele>
      </trkpt>
      <trkpt lat="37.63031976297498" lon="13.638284923508763">
        <ele>687.27</ele>
      </trkpt>
      <trkpt lat="37.63032873161137" lon="13.638609470799565">
        <ele>687.65</ele>
      </trkpt>
      <trkpt lat="37.63036477379501" lon="13.638892695307732">
        <ele>687.88</ele>
      </trkpt>
      <trkpt lat="37.63040064834058" lon="13.639174830168486">
        <ele>688.04</ele>
      </trkpt>
      <trkpt lat="37.63035404495895" lon="13.639385383576155">
        <ele>688.17</ele>
      </trkpt>
      <trkpt lat="37.63030760921538" lon="13.639595182612538">
        <ele>688.2</ele>
      </trkpt>
      <trkpt lat="37.630082638934255" lon="13.639696100726724">
        <ele>688.18</ele>
      </trkpt>
      <trkpt lat="37.6298747677356" lon="13.639780841767788">
        <ele>687.99</ele>
      </trkpt>
      <trkpt lat="37.62986512854695" lon="13.639779416844249">
        <ele>687.7</ele>
      </trkpt>
      <trkpt lat="37.629678128287196" lon="13.6398043949157">
        <ele>687.3</ele>
      </trkpt>
      <trkpt lat="37.629699585959315" lon="13.640171438455582">
        <ele>686.73</ele>
      </trkpt>
      <trkpt lat="37.62972087599337" lon="13.640537057071924">
        <ele>686.1</ele>
      </trkpt>
      <trkpt lat="37.62973906472325" lon="13.64085833542049">
        <ele>685.37</ele>
      </trkpt>
      <trkpt lat="37.629757169634104" lon="13.641178356483579">
        <ele>684.54</ele>
      </trkpt>
      <trkpt lat="37.62976638972759" lon="13.64153265953064">
        <ele>683.58</ele>
      </trkpt>
      <trkpt lat="37.62977552600205" lon="13.641885621473193">
        <ele>682.58</ele>
      </trkpt>
      <trkpt lat="37.62977225705981" lon="13.642219388857484">
        <ele>681.52</ele>
      </trkpt>
      <trkpt lat="37.629764545708895" lon="13.642279570922256">
        <ele>680.45</ele>
      </trkpt>
      <trkpt lat="37.62969262897968" lon="13.642299771308899">
        <ele>679.33</ele>
      </trkpt>
      <trkpt lat="37.62966807000339" lon="13.642385518178344">
        <ele>678.14</ele>
      </trkpt>
      <trkpt lat="37.629648204892874" lon="13.642471013590693">
        <ele>676.89</ele>
      </trkpt>
      <trkpt lat="37.629671758040786" lon="13.642578469589353">
        <ele>675.57</ele>
      </trkpt>
      <trkpt lat="37.62972800061107" lon="13.642617026343942">
        <ele>674.18</ele>
      </trkpt>
      <trkpt lat="37.629776280373335" lon="13.642645860090852">
        <ele>672.75</ele>
      </trkpt>
      <trkpt lat="37.62978667393327" lon="13.642906956374645">
        <ele>671.24</ele>
      </trkpt>
      <trkpt lat="37.62980327010155" lon="13.643126981332898">
        <ele>669.65</ele>
      </trkpt>
      <trkpt lat="37.629819782450795" lon="13.643346168100834">
        <ele>668.01</ele>
      </trkpt>
      <trkpt lat="37.629797235131264" lon="13.643667194992304">
        <ele>666.39</ele>
      </trkpt>
      <trkpt lat="37.629807544872165" lon="13.644049242138863">
        <ele>664.71</ele>
      </trkpt>
      <trkpt lat="37.629817854613066" lon="13.644431289285421">
        <ele>662.98</ele>
      </trkpt>
      <trkpt lat="37.62982816435397" lon="13.644813420251012">
        <ele>661.19</ele>
      </trkpt>
      <trkpt lat="37.62983847409487" lon="13.64519546739757">
        <ele>659.39</ele>
      </trkpt>
      <trkpt lat="37.62984870001674" lon="13.64557751454413">
        <ele>657.57</ele>
      </trkpt>
      <trkpt lat="37.62985900975764" lon="13.64595964550972">
        <ele>655.71</ele>
      </trkpt>
      <trkpt lat="37.62986931949854" lon="13.646341692656279">
        <ele>653.85</ele>
      </trkpt>
      <trkpt lat="37.62987962923944" lon="13.646723739802837">
        <ele>651.96</ele>
      </trkpt>
      <trkpt lat="37.62988993898034" lon="13.647105870768428">
        <ele>650.0</ele>
      </trkpt>
      <trkpt lat="37.62989999726415" lon="13.647480038926005">
        <ele>648.04</ele>
      </trkpt>
      <trkpt lat="37.62989999726415" lon="13.64759998396039">
        <ele>646.24</ele>
      </trkpt>
      <trkpt lat="37.62989999726415" lon="13.64766988903284">
        <ele>644.48</ele>
      </trkpt>
      <trkpt lat="37.629894968122244" lon="13.648010613396764">
        <ele>642.67</ele>
      </trkpt>
      <trkpt lat="37.62989002279937" lon="13.64834999665618">
        <ele>640.9</ele>
      </trkpt>
      <trkpt lat="37.62987996451557" lon="13.648579996079206">
        <ele>639.16</ele>
      </trkpt>
      <trkpt lat="37.62987485155463" lon="13.6488255020231">
        <ele>637.43</ele>
      </trkpt>
      <trkpt lat="37.62986990623176" lon="13.649069918319583">
        <ele>635.74</ele>
      </trkpt>
      <trkpt lat="37.62986990623176" lon="13.649160023778677">
        <ele>634.12</ele>
      </trkpt>
      <trkpt lat="37.62986990623176" lon="13.64923001267016">
        <ele>632.53</ele>
      </trkpt>
      <trkpt lat="37.62987996451557" lon="13.649259936064482">
        <ele>630.96</ele>
      </trkpt>
      <trkpt lat="37.62987996451557" lon="13.64929991774261">
        <ele>629.42</ele>
      </trkpt>
      <trkpt lat="37.62989999726415" lon="13.64933998323977">
        <ele>627.9</ele>
      </trkpt>
      <trkpt lat="37.62992003001273" lon="13.649379964917898">
        <ele>626.41</ele>
      </trkpt>
      <trkpt lat="37.629939978942275" lon="13.649399997666478">
        <ele>624.95</ele>
      </trkpt>
      <trkpt lat="37.62996998615563" lon="13.64940988831222">
        <ele>623.51</ele>
      </trkpt>
      <trkpt lat="37.62999001890421" lon="13.649420030415058">
        <ele>622.09</ele>
      </trkpt>
      <trkpt lat="37.63002002611756" lon="13.649420030415058">
        <ele>620.7</ele>
      </trkpt>
      <trkpt lat="37.630069982260466" lon="13.649420030415058">
        <ele>619.32</ele>
      </trkpt>
      <trkpt lat="37.63013997115195" lon="13.649399997666478">
        <ele>617.95</ele>
      </trkpt>
      <trkpt lat="37.6301699783653" lon="13.649389939382672">
        <ele>616.61</ele>
      </trkpt>
      <trkpt lat="37.63020996004343" lon="13.649369906634092">
        <ele>615.28</ele>
      </trkpt>
      <trkpt lat="37.63032001443207" lon="13.64927988499403">
        <ele>613.96</ele>
      </trkpt>
      <trkpt lat="37.63039997778833" lon="13.649590015411377">
        <ele>612.54</ele>
      </trkpt>
      <trkpt lat="37.630499973893166" lon="13.649819931015372">
        <ele>611.17</ele>
      </trkpt>
      <trkpt lat="37.630520006641746" lon="13.649869970977306">
        <ele>609.87</ele>
      </trkpt>
      <trkpt lat="37.63057993724942" lon="13.650040039792657">
        <ele>608.53</ele>
      </trkpt>
      <trkpt lat="37.63066987507045" lon="13.65030993707478">
        <ele>607.16</ele>
      </trkpt>
      <trkpt lat="37.63070994056761" lon="13.650429965928197">
        <ele>605.81</ele>
      </trkpt>
      <trkpt lat="37.6307899877429" lon="13.65060992538929">
        <ele>604.43</ele>
      </trkpt>
      <trkpt lat="37.6308399438858" lon="13.65073992870748">
        <ele>603.11</ele>
      </trkpt>
      <trkpt lat="37.63085997663438" lon="13.65077999420464">
        <ele>601.82</ele>
      </trkpt>
      <trkpt lat="37.631039936095476" lon="13.650989960879087">
        <ele>600.48</ele>
      </trkpt>
      <trkpt lat="37.6312199793756" lon="13.651200011372566">
        <ele>599.15</ele>
      </trkpt>
      <trkpt lat="37.63131997548044" lon="13.651290033012629">
        <ele>597.85</ele>
      </trkpt>
      <trkpt lat="37.63136993162334" lon="13.651330014690757">
        <ele>596.56</ele>
      </trkpt>
      <trkpt lat="37.63150001876056" lon="13.65142003633082">
        <ele>595.23</ele>
      </trkpt>
      <trkpt lat="37.631530025973916" lon="13.651439985260367">
        <ele>593.94</ele>
      </trkpt>
      <trkpt lat="37.63157998211682" lon="13.65146990865469">
        <ele>592.64</ele>
      </trkpt>
      <trkpt lat="37.63167000375688" lon="13.651559930294752">
        <ele>591.29</ele>
      </trkpt>
      <trkpt lat="37.6316999271512" lon="13.651609970256686">
        <ele>589.98</ele>
      </trkpt>
      <trkpt lat="37.63173001818359" lon="13.65166001021862">
        <ele>588.66</ele>
      </trkpt>
      <trkpt lat="37.63173999264836" lon="13.651679959148169">
        <ele>587.36</ele>
      </trkpt>
      <trkpt lat="37.63176002539694" lon="13.651749948039651">
        <ele>586.03</ele>
      </trkpt>
      <trkpt lat="37.6317900326103" lon="13.651839885860682">
        <ele>584.68</ele>
      </trkpt>
      <trkpt lat="37.63184007257223" lon="13.652030238881707">
        <ele>583.27</ele>
      </trkpt>
      <trkpt lat="37.6318899448961" lon="13.65222000516951">
        <ele>581.85</ele>
      </trkpt>
      <trkpt lat="37.63192992657423" lon="13.652470037341118">
        <ele>580.44</ele>
      </trkpt>
      <trkpt lat="37.631939984858036" lon="13.652549916878343">
        <ele>579.12</ele>
      </trkpt>
      <trkpt lat="37.631939984858036" lon="13.65264999680221">
        <ele>577.79</ele>
      </trkpt>
      <trkpt lat="37.63192992657423" lon="13.65303992293775">
        <ele>576.39</ele>
      </trkpt>
      <trkpt lat="37.63189489021897" lon="13.653420712798834">
        <ele>574.99</ele>
      </trkpt>
      <trkpt lat="37.63186002150178" lon="13.653799993917346">
        <ele>573.61</ele>
      </trkpt>
      <trkpt lat="37.63186002150178" lon="13.65380996838212">
        <ele>572.35</ele>
      </trkpt>
      <trkpt lat="37.63183990493417" lon="13.65389990620315">
        <ele>571.08</ele>
      </trkpt>
      <trkpt lat="37.631809981539845" lon="13.653999986127019">
        <ele>569.83</ele>
      </trkpt>
      <trkpt lat="37.631749883294106" lon="13.654169971123338">
        <ele>568.59</ele>
      </trkpt>
      <trkpt lat="37.63167989440262" lon="13.6542599927634">
        <ele>567.35</ele>
      </trkpt>
      <trkpt lat="37.63163999654353" lon="13.654320007190108">
        <ele>566.12</ele>
      </trkpt>
      <trkpt lat="37.63160998933017" lon="13.65434993058443">
        <ele>564.92</ele>
      </trkpt>
      <trkpt lat="37.631509993225336" lon="13.654479933902621">
        <ele>563.7</ele>
      </trkpt>
      <trkpt lat="37.63137496076524" lon="13.65462988615036">
        <ele>562.48</ele>
      </trkpt>
      <trkpt lat="37.63124001212418" lon="13.65477992221713">
        <ele>561.29</ele>
      </trkpt>
      <trkpt lat="37.631104895845056" lon="13.655010089278221">
        <ele>560.04</ele>
      </trkpt>
      <trkpt lat="37.630970031023026" lon="13.655240004882216">
        <ele>558.84</ele>
      </trkpt>
      <trkpt lat="37.6308349147439" lon="13.655455084517598">
        <ele>557.66</ele>
      </trkpt>
      <trkpt lat="37.63069996610284" lon="13.655669996514916">
        <ele>556.51</ele>
      </trkpt>
      <trkpt lat="37.63057490810752" lon="13.655845010653138">
        <ele>555.39</ele>
      </trkpt>
      <trkpt lat="37.63045001775026" lon="13.65602002479136">
        <ele>554.25</ele>
      </trkpt>
      <trkpt lat="37.6304099522531" lon="13.65606989711523">
        <ele>553.18</ele>
      </trkpt>
      <trkpt lat="37.63039997778833" lon="13.656080039218068">
        <ele>552.13</ele>
      </trkpt>
      <trkpt lat="37.6303599961102" lon="13.65610996261239">
        <ele>551.1</ele>
      </trkpt>
      <trkpt lat="37.63025991618633" lon="13.656209958717227">
        <ele>550.06</ele>
      </trkpt>
      <trkpt lat="37.63018003664911" lon="13.65627994760871">
        <ele>549.03</ele>
      </trkpt>
      <trkpt lat="37.6301200222224" lon="13.656349936500192">
        <ele>548.01</ele>
      </trkpt>
      <trkpt lat="37.630090015009046" lon="13.6564099509269">
        <ele>547.0</ele>
      </trkpt>
      <trkpt lat="37.63005003333092" lon="13.656609943136573">
        <ele>545.95</ele>
      </trkpt>
      <trkpt lat="37.63003000058234" lon="13.65668990649283">
        <ele>544.94</ele>
      </trkpt>
      <trkpt lat="37.62999488040805" lon="13.656955445185304">
        <ele>543.82</ele>
      </trkpt>
      <trkpt lat="37.62995992787182" lon="13.657219978049397">
        <ele>542.76</ele>
      </trkpt>
      <trkpt lat="37.62989002279937" lon="13.657449893653393">
        <ele>541.72</ele>
      </trkpt>
      <trkpt lat="37.6297798845917" lon="13.657659944146872">
        <ele>540.68</ele>
      </trkpt>
      <trkpt lat="37.62960998341441" lon="13.657860020175576">
        <ele>539.63</ele>
      </trkpt>
      <trkpt lat="37.62947998009622" lon="13.657959932461381">
        <ele>538.6</ele>
      </trkpt>
      <trkpt lat="37.62940999120474" lon="13.65803997963667">
        <ele>537.6</ele>
      </trkpt>
      <trkpt lat="37.62937034480274" lon="13.658099407330155">
        <ele>536.61</ele>
      </trkpt>
      <trkpt lat="37.629370260983706" lon="13.658099407330155">
        <ele>536.51</ele>
      </trkpt>
      <trkpt lat="37.62937000952661" lon="13.658099994063377">
        <ele>535.63</ele>
      </trkpt>
      <trkpt lat="37.629340002313256" lon="13.65814995020628">
        <ele>534.64</ele>
      </trkpt>
      <trkpt lat="37.629319969564676" lon="13.658199906349182">
        <ele>533.64</ele>
      </trkpt>
      <trkpt lat="37.62930002063513" lon="13.65825992077589">
        <ele>532.63</ele>
      </trkpt>
      <trkpt lat="37.62930002063513" lon="13.65832001902163">
        <ele>531.63</ele>
      </trkpt>
      <trkpt lat="37.62927487492561" lon="13.658655630424619">
        <ele>530.54</ele>
      </trkpt>
      <trkpt lat="37.62924989685416" lon="13.6589899007231">
        <ele>529.48</ele>
      </trkpt>
      <trkpt lat="37.62921318411827" lon="13.659343952313066">
        <ele>528.43</ele>
      </trkpt>
      <trkpt lat="37.62917647138238" lon="13.659698003903031">
        <ele>527.37</ele>
      </trkpt>
      <trkpt lat="37.62914001010358" lon="13.660049876198173">
        <ele>526.31</ele>
      </trkpt>
      <trkpt lat="37.62911000289023" lon="13.6602798756212">
        <ele>525.21</ele>
      </trkpt>
      <trkpt lat="37.629059962928295" lon="13.660499900579453">
        <ele>524.14</ele>
      </trkpt>
      <trkpt lat="37.62898997403681" lon="13.660720009356737">
        <ele>523.04</ele>
      </trkpt>
      <trkpt lat="37.62897999957204" lon="13.660759991034865">
        <ele>521.93</ele>
      </trkpt>
      <trkpt lat="37.628910010680556" lon="13.660929892212152">
        <ele>520.8</ele>
      </trkpt>
      <trkpt lat="37.628800040110946" lon="13.661170033738017">
        <ele>519.63</ele>
      </trkpt>
      <trkpt lat="37.6286849565804" lon="13.661334989592433">
        <ele>518.44</ele>
      </trkpt>
      <trkpt lat="37.62857004068792" lon="13.66150002926588">
        <ele>517.23</ele>
      </trkpt>
      <trkpt lat="37.62851002626121" lon="13.661579992622137">
        <ele>516.02</ele>
      </trkpt>
      <trkpt lat="37.62846996076405" lon="13.661640007048845">
        <ele>514.77</ele>
      </trkpt>
      <trkpt lat="37.628350015729666" lon="13.661789875477552">
        <ele>513.47</ele>
      </trkpt>
      <trkpt lat="37.62827985920012" lon="13.661879980936646">
        <ele>512.2</ele>
      </trkpt>
      <trkpt lat="37.62812001630664" lon="13.662069998681545">
        <ele>510.92</ele>
      </trkpt>
      <trkpt lat="37.62797995470464" lon="13.662273343652487">
        <ele>509.61</ele>
      </trkpt>
      <trkpt lat="37.627839893102646" lon="13.66247677244246">
        <ele>508.23</ele>
      </trkpt>
      <trkpt lat="37.62769999913871" lon="13.66268003359437">
        <ele>506.84</ele>
      </trkpt>
      <trkpt lat="37.627579970285296" lon="13.662850018590689">
        <ele>505.46</ele>
      </trkpt>
      <trkpt lat="37.62746002525091" lon="13.663020003587008">
        <ele>504.1</ele>
      </trkpt>
      <trkpt lat="37.62733982875943" lon="13.663189988583326">
        <ele>502.75</ele>
      </trkpt>
      <trkpt lat="37.62720001861453" lon="13.663419904187322">
        <ele>501.33</ele>
      </trkpt>
      <trkpt lat="37.62709993869066" lon="13.663679910823703">
        <ele>499.88</ele>
      </trkpt>
      <trkpt lat="37.62698653154075" lon="13.663946874439716">
        <ele>498.41</ele>
      </trkpt>
      <trkpt lat="37.62687304057181" lon="13.66421383805573">
        <ele>497.01</ele>
      </trkpt>
      <trkpt lat="37.62675988487899" lon="13.664479963481426">
        <ele>495.62</ele>
      </trkpt>
      <trkpt lat="37.62664647772908" lon="13.664750279858708">
        <ele>494.24</ele>
      </trkpt>
      <trkpt lat="37.62653298676014" lon="13.66502059623599">
        <ele>492.89</ele>
      </trkpt>
      <trkpt lat="37.62641999870539" lon="13.665289906784892">
        <ele>491.55</ele>
      </trkpt>
      <trkpt lat="37.62633986771107" lon="13.665475146844983">
        <ele>490.28</ele>
      </trkpt>
      <trkpt lat="37.62625998817384" lon="13.665659967809916">
        <ele>489.02</ele>
      </trkpt>
      <trkpt lat="37.62616988271475" lon="13.66587521508336">
        <ele>487.75</ele>
      </trkpt>
      <trkpt lat="37.62608002871275" lon="13.666089959442616">
        <ele>486.54</ele>
      </trkpt>
      <trkpt lat="37.62595002539456" lon="13.66637997329235">
        <ele>485.37</ele>
      </trkpt>
      <trkpt lat="37.62582999654114" lon="13.666669987142086">
        <ele>484.26</ele>
      </trkpt>
      <trkpt lat="37.62569999322295" lon="13.66695991717279">
        <ele>483.12</ele>
      </trkpt>
      <trkpt lat="37.62556001543999" lon="13.667269879952073">
        <ele>481.98</ele>
      </trkpt>
      <trkpt lat="37.62544987723231" lon="13.667455036193132">
        <ele>480.88</ele>
      </trkpt>
      <trkpt lat="37.6253399066627" lon="13.667640024796128">
        <ele>479.8</ele>
      </trkpt>
      <trkpt lat="37.62524996884167" lon="13.667659973725677">
        <ele>478.73</ele>
      </trkpt>
      <trkpt lat="37.62520990334451" lon="13.667680006474257">
        <ele>477.71</ele>
      </trkpt>
      <trkpt lat="37.62516003102064" lon="13.667680006474257">
        <ele>476.71</ele>
      </trkpt>
      <trkpt lat="37.62513002380729" lon="13.667680006474257">
        <ele>475.74</ele>
      </trkpt>
      <trkpt lat="37.62507990002632" lon="13.667680006474257">
        <ele>474.78</ele>
      </trkpt>
      <trkpt lat="37.62503002770245" lon="13.66766994819045">
        <ele>473.84</ele>
      </trkpt>
      <trkpt lat="37.62496003881097" lon="13.66764991544187">
        <ele>472.92</ele>
      </trkpt>
      <trkpt lat="37.62477530166507" lon="13.667600043118">
        <ele>471.98</ele>
      </trkpt>
      <trkpt lat="37.62458989396691" lon="13.667550003156066">
        <ele>471.08</ele>
      </trkpt>
      <trkpt lat="37.624399960041046" lon="13.6674998793751">
        <ele>470.19</ele>
      </trkpt>
      <trkpt lat="37.62422000057995" lon="13.667489988729358">
        <ele>469.31</ele>
      </trkpt>
      <trkpt lat="37.62412000447512" lon="13.667510021477938">
        <ele>468.46</ele>
      </trkpt>
      <trkpt lat="37.62404004111886" lon="13.66753994487226">
        <ele>467.64</ele>
      </trkpt>
      <trkpt lat="37.62393996119499" lon="13.667619992047548">
        <ele>466.82</ele>
      </trkpt>
      <trkpt lat="37.62392998673022" lon="13.66762988269329">
        <ele>466.05</ele>
      </trkpt>
      <trkpt lat="37.62389000505209" lon="13.66768998093903">
        <ele>465.28</ele>
      </trkpt>
      <trkpt lat="37.62386988848448" lon="13.667739937081933">
        <ele>464.54</ele>
      </trkpt>
      <trkpt lat="37.62385002337396" lon="13.667789977043867">
        <ele>463.81</ele>
      </trkpt>
      <trkpt lat="37.623779866844416" lon="13.668039925396442">
        <ele>463.03</ele>
      </trkpt>
      <trkpt lat="37.62373996898532" lon="13.66837989538908">
        <ele>462.24</ele>
      </trkpt>
      <trkpt lat="37.623729994520545" lon="13.668630011379719">
        <ele>461.49</ele>
      </trkpt>
      <trkpt lat="37.62373996898532" lon="13.668769905343652">
        <ele>460.79</ele>
      </trkpt>
      <trkpt lat="37.62373996898532" lon="13.668860010802746">
        <ele>460.12</ele>
      </trkpt>
      <trkpt lat="37.623729994520545" lon="13.668909966945648">
        <ele>459.46</ele>
      </trkpt>
      <trkpt lat="37.623729994520545" lon="13.668929999694228">
        <ele>458.83</ele>
      </trkpt>
      <trkpt lat="37.623729994520545" lon="13.669049944728613">
        <ele>458.18</ele>
      </trkpt>
      <trkpt lat="37.62372002005577" lon="13.669139966368675">
        <ele>457.54</ele>
      </trkpt>
      <trkpt lat="37.62369998730719" lon="13.669199896976352">
        <ele>456.91</ele>
      </trkpt>
      <trkpt lat="37.62366000562906" lon="13.66942998021841">
        <ele>456.27</ele>
      </trkpt>
      <trkpt lat="37.62363997288048" lon="13.669529976323247">
        <ele>455.67</ele>
      </trkpt>
      <trkpt lat="37.62363997288048" lon="13.669629888609052">
        <ele>455.09</ele>
      </trkpt>
      <trkpt lat="37.62365003116429" lon="13.66972996853292">
        <ele>454.53</ele>
      </trkpt>
      <trkpt lat="37.62368003837764" lon="13.66990003734827">
        <ele>453.98</ele>
      </trkpt>
      <trkpt lat="37.623725049197674" lon="13.670175466686487">
        <ele>453.42</ele>
      </trkpt>
      <trkpt lat="37.62376997619867" lon="13.670449974015355">
        <ele>452.83</ele>
      </trkpt>
      <trkpt lat="37.62381004169583" lon="13.67069992236793">
        <ele>452.25</ele>
      </trkpt>
      <trkpt lat="37.62382001616061" lon="13.67084987461567">
        <ele>451.69</ele>
      </trkpt>
      <trkpt lat="37.62381004169583" lon="13.670969987288117">
        <ele>451.14</ele>
      </trkpt>
      <trkpt lat="37.62379000894725" lon="13.671120023354888">
        <ele>450.58</ele>
      </trkpt>
      <trkpt lat="37.62374994345009" lon="13.671250026673079">
        <ele>450.03</ele>
      </trkpt>
      <trkpt lat="37.623729994520545" lon="13.671290008351207">
        <ele>449.47</ele>
      </trkpt>
      <trkpt lat="37.623709961771965" lon="13.67131993174553">
        <ele>448.91</ele>
      </trkpt>
      <trkpt lat="37.62363997288048" lon="13.671399978920817">
        <ele>448.31</ele>
      </trkpt>
      <trkpt lat="37.623569983989" lon="13.671439960598946">
        <ele>447.7</ele>
      </trkpt>
      <trkpt lat="37.6233799662441" lon="13.67155990563333">
        <ele>446.99</ele>
      </trkpt>
      <trkpt lat="37.62333998456597" lon="13.671589996665716">
        <ele>446.36</ele>
      </trkpt>
      <trkpt lat="37.62330989353359" lon="13.67164003662765">
        <ele>445.72</ele>
      </trkpt>
      <trkpt lat="37.62329002842307" lon="13.671669876202941">
        <ele>445.07</ele>
      </trkpt>
      <trkpt lat="37.62326999567449" lon="13.67172997444868">
        <ele>444.4</ele>
      </trkpt>
      <trkpt lat="37.62324996292591" lon="13.671829970553517">
        <ele>443.73</ele>
      </trkpt>
      <trkpt lat="37.62320000678301" lon="13.67217999882996">
        <ele>443.06</ele>
      </trkpt>
      <trkpt lat="37.6231899484992" lon="13.672240013256669">
        <ele>442.36</ele>
      </trkpt>
      <trkpt lat="37.6231899484992" lon="13.672300027683377">
        <ele>441.64</ele>
      </trkpt>
      <trkpt lat="37.62320000678301" lon="13.672359874472022">
        <ele>440.9</ele>
      </trkpt>
      <trkpt lat="37.62322003953159" lon="13.67241988889873">
        <ele>440.14</ele>
      </trkpt>
      <trkpt lat="37.62323998846114" lon="13.672449979931116">
        <ele>439.35</ele>
      </trkpt>
      <trkpt lat="37.623279970139265" lon="13.672519968822598">
        <ele>438.55</ele>
      </trkpt>
      <trkpt lat="37.62339002452791" lon="13.672699928283691">
        <ele>437.69</ele>
      </trkpt>
      <trkpt lat="37.62339991517365" lon="13.672749968245625">
        <ele>436.77</ele>
      </trkpt>
      <trkpt lat="37.62346001341939" lon="13.672935208305717">
        <ele>435.76</ele>
      </trkpt>
      <trkpt lat="37.6235200278461" lon="13.673120029270649">
        <ele>434.71</ele>
      </trkpt>
      <trkpt lat="37.623620107769966" lon="13.673440469428897">
        <ele>433.47</ele>
      </trkpt>
      <trkpt lat="37.62372002005577" lon="13.673759987577796">
        <ele>432.29</ele>
      </trkpt>
      <trkpt lat="37.623729994520545" lon="13.67387993261218">
        <ele>431.17</ele>
      </trkpt>
      <trkpt lat="37.623729994520545" lon="13.67394003085792">
        <ele>430.06</ele>
      </trkpt>
      <trkpt lat="37.623709961771965" lon="13.6740499176085">
        <ele>428.92</ele>
      </trkpt>
      <trkpt lat="37.62369998730719" lon="13.67411001585424">
        <ele>427.76</ele>
      </trkpt>
      <trkpt lat="37.62368003837764" lon="13.674170030280948">
        <ele>426.58</ele>
      </trkpt>
      <trkpt lat="37.62363997288048" lon="13.674280000850558">
        <ele>425.36</ele>
      </trkpt>
      <trkpt lat="37.62348993681371" lon="13.674579989165068">
        <ele>424.11</ele>
      </trkpt>
      <trkpt lat="37.623389856889844" lon="13.674739999696612">
        <ele>422.81</ele>
      </trkpt>
      <trkpt lat="37.62329002842307" lon="13.674900010228157">
        <ele>421.56</ele>
      </trkpt>
      <trkpt lat="37.62326999567449" lon="13.674939991906285">
        <ele>420.32</ele>
      </trkpt>
      <trkpt lat="37.62323001399636" lon="13.675019955262542">
        <ele>419.02</ele>
      </trkpt>
      <trkpt lat="37.62320000678301" lon="13.675109893083572">
        <ele>417.74</ele>
      </trkpt>
      <trkpt lat="37.62316991575062" lon="13.6752500385046">
        <ele>416.45</ele>
      </trkpt>
      <trkpt lat="37.62310001067817" lon="13.675590008497238">
        <ele>415.13</ele>
      </trkpt>
      <trkpt lat="37.62303991243243" lon="13.675929978489876">
        <ele>413.82</ele>
      </trkpt>
      <trkpt lat="37.62303002178669" lon="13.676059981808066">
        <ele>412.56</ele>
      </trkpt>
      <trkpt lat="37.62301987968385" lon="13.676150003448129">
        <ele>411.28</ele>
      </trkpt>
      <trkpt lat="37.623000014573336" lon="13.676470024511218">
        <ele>409.97</ele>
      </trkpt>
      <trkpt lat="37.622979981824756" lon="13.676589885726571">
        <ele>408.65</ele>
      </trkpt>
      <trkpt lat="37.62296003289521" lon="13.676659958437085">
        <ele>407.37</ele>
      </trkpt>
      <trkpt lat="37.62291996739805" lon="13.676749980077147">
        <ele>406.07</ele>
      </trkpt>
      <trkpt lat="37.62280999682844" lon="13.67694997228682">
        <ele>404.71</ele>
      </trkpt>
      <trkpt lat="37.622619895264506" lon="13.677220037207007">
        <ele>403.37</ele>
      </trkpt>
      <trkpt lat="37.62242996133864" lon="13.677489934489131">
        <ele>402.03</ele>
      </trkpt>
      <trkpt lat="37.62230993248522" lon="13.67765991948545">
        <ele>400.74</ele>
      </trkpt>
      <trkpt lat="37.622229969128966" lon="13.677780032157898">
        <ele>399.48</ele>
      </trkpt>
      <trkpt lat="37.622119998559356" lon="13.678009947761893">
        <ele>398.23</ele>
      </trkpt>
      <trkpt lat="37.62202000245452" lon="13.678210023790598">
        <ele>396.99</ele>
      </trkpt>
      <trkpt lat="37.62195001356304" lon="13.678380008786917">
        <ele>395.78</ele>
      </trkpt>
      <trkpt lat="37.62192998081446" lon="13.678470030426979">
        <ele>394.63</ele>
      </trkpt>
      <trkpt lat="37.62192000634968" lon="13.67851990275085">
        <ele>393.5</ele>
      </trkpt>
      <trkpt lat="37.62192000634968" lon="13.67853993549943">
        <ele>392.4</ele>
      </trkpt>
      <trkpt lat="37.62192000634968" lon="13.67858000099659">
        <ele>391.31</ele>
      </trkpt>
      <trkpt lat="37.62192000634968" lon="13.678640015423298">
        <ele>390.24</ele>
      </trkpt>
      <trkpt lat="37.62203014455736" lon="13.678905302658677">
        <ele>389.18</ele>
      </trkpt>
      <trkpt lat="37.622140031307936" lon="13.679169919341803">
        <ele>388.04</ele>
      </trkpt>
      <trkpt lat="37.622169870883226" lon="13.67924996651709">
        <ele>386.99</ele>
      </trkpt>
      <trkpt lat="37.62218998745084" lon="13.679319955408573">
        <ele>385.98</ele>
      </trkpt>
      <trkpt lat="37.622250001877546" lon="13.67967995814979">
        <ele>384.88</ele>
      </trkpt>
      <trkpt lat="37.62228989973664" lon="13.679789928719401">
        <ele>383.91</ele>
      </trkpt>
      <trkpt lat="37.62231999076903" lon="13.679860001429915">
        <ele>382.97</ele>
      </trkpt>
      <trkpt lat="37.6223698630929" lon="13.6799799464643">
        <ele>382.05</ele>
      </trkpt>
      <trkpt lat="37.6225199829787" lon="13.68015001527965">
        <ele>381.13</ele>
      </trkpt>
      <trkpt lat="37.62271989136934" lon="13.680310025811195">
        <ele>380.23</ele>
      </trkpt>
      <trkpt lat="37.622879734262824" lon="13.68041479960084">
        <ele>379.36</ele>
      </trkpt>
      <trkpt lat="37.62303991243243" lon="13.68051990866661">
        <ele>378.51</ele>
      </trkpt>
      <trkpt lat="37.62304997071624" lon="13.680529966950417">
        <ele>377.69</ele>
      </trkpt>
      <trkpt lat="37.62310001067817" lon="13.680570032447577">
        <ele>376.87</ele>
      </trkpt>
      <trkpt lat="37.62314988300204" lon="13.680619988590479">
        <ele>376.06</ele>
      </trkpt>
      <trkpt lat="37.6233799662441" lon="13.68085996247828">
        <ele>375.22</ele>
      </trkpt>
      <trkpt lat="37.62350996956229" lon="13.68098996579647">
        <ele>374.43</ele>
      </trkpt>
      <trkpt lat="37.62359001673758" lon="13.681099936366081">
        <ele>373.65</ele>
      </trkpt>
      <trkpt lat="37.62360996566713" lon="13.68111988529563">
        <ele>372.9</ele>
      </trkpt>
      <trkpt lat="37.62363997288048" lon="13.68117998354137">
        <ele>372.13</ele>
      </trkpt>
      <trkpt lat="37.62365003116429" lon="13.681219965219498">
        <ele>371.38</ele>
      </trkpt>
      <trkpt lat="37.62366000562906" lon="13.681260030716658">
        <ele>370.62</ele>
      </trkpt>
      <trkpt lat="37.62366000562906" lon="13.68128995411098">
        <ele>369.87</ele>
      </trkpt>
      <trkpt lat="37.62366000562906" lon="13.681319877505302">
        <ele>369.13</ele>
      </trkpt>
      <trkpt lat="37.62366000562906" lon="13.68133001960814">
        <ele>368.39</ele>
      </trkpt>
      <trkpt lat="37.62365003116429" lon="13.681359943002462">
        <ele>367.64</ele>
      </trkpt>
      <trkpt lat="37.62363997288048" lon="13.68139992468059">
        <ele>366.88</ele>
      </trkpt>
      <trkpt lat="37.6236199401319" lon="13.681430015712976">
        <ele>366.12</ele>
      </trkpt>
      <trkpt lat="37.62359990738332" lon="13.681449880823493">
        <ele>365.36</ele>
      </trkpt>
      <trkpt lat="37.62357987463474" lon="13.68146002292633">
        <ele>364.6</ele>
      </trkpt>
      <trkpt lat="37.623560009524226" lon="13.681469913572073">
        <ele>363.83</ele>
      </trkpt>
      <trkpt lat="37.62353000231087" lon="13.681479971855879">
        <ele>363.06</ele>
      </trkpt>
      <trkpt lat="37.62348993681371" lon="13.681489946320653">
        <ele>362.28</ele>
      </trkpt>
      <trkpt lat="37.62336001731455" lon="13.681489946320653">
        <ele>361.48</ele>
      </trkpt>
      <trkpt lat="37.62309556826949" lon="13.68150494992733">
        <ele>360.64</ele>
      </trkpt>
      <trkpt lat="37.62283002957702" lon="13.681520037353039">
        <ele>359.76</ele>
      </trkpt>
      <trkpt lat="37.62261042371392" lon="13.681534957140684">
        <ele>358.89</ele>
      </trkpt>
      <trkpt lat="37.62238997966051" lon="13.68154987692833">
        <ele>358.04</ele>
      </trkpt>
      <trkpt lat="37.62212553061545" lon="13.681564880535007">
        <ele>357.2</ele>
      </trkpt>
      <trkpt lat="37.62185990810394" lon="13.681579967960715">
        <ele>356.31</ele>
      </trkpt>
      <trkpt lat="37.62178002856672" lon="13.681579967960715">
        <ele>355.51</ele>
      </trkpt>
      <trkpt lat="37.6216153241694" lon="13.68158994242549">
        <ele>354.67</ele>
      </trkpt>
      <trkpt lat="37.62144994921982" lon="13.681600000709295">
        <ele>353.83</ele>
      </trkpt>
      <trkpt lat="37.62140988372266" lon="13.681600000709295">
        <ele>353.04</ele>
      </trkpt>
      <trkpt lat="37.62137996032834" lon="13.68160997517407">
        <ele>352.25</ele>
      </trkpt>
      <trkpt lat="37.62133989483118" lon="13.68165004067123">
        <ele>351.45</ele>
      </trkpt>
      <trkpt lat="37.62127988040447" lon="13.681709971278906">
        <ele>350.65</ele>
      </trkpt>
      <trkpt lat="37.621239982545376" lon="13.681769901886582">
        <ele>349.86</ele>
      </trkpt>
      <trkpt lat="37.62120997533202" lon="13.68182991631329">
        <ele>349.09</ele>
      </trkpt>
      <trkpt lat="37.62119002640247" lon="13.68189001455903">
        <ele>348.34</ele>
      </trkpt>
      <trkpt lat="37.62119002640247" lon="13.681959919631481">
        <ele>347.6</ele>
      </trkpt>
      <trkpt lat="37.62117996811867" lon="13.682029992341995">
        <ele>346.84</ele>
      </trkpt>
      <trkpt lat="37.62117996811867" lon="13.682089922949672">
        <ele>346.1</ele>
      </trkpt>
      <trkpt lat="37.62119002640247" lon="13.682139962911606">
        <ele>345.36</ele>
      </trkpt>
      <trkpt lat="37.62120997533202" lon="13.682199893519282">
        <ele>344.62</ele>
      </trkpt>
      <trkpt lat="37.62122003361583" lon="13.68223987519741">
        <ele>343.88</ele>
      </trkpt>
      <trkpt lat="37.621239982545376" lon="13.682269966229796">
        <ele>343.15</ele>
      </trkpt>
      <trkpt lat="37.62129002250731" lon="13.682329896837473">
        <ele>342.41</ele>
      </trkpt>
      <trkpt lat="37.62129991315305" lon="13.68234003894031">
        <ele>341.67</ele>
      </trkpt>
      <trkpt lat="37.62131994590163" lon="13.682349929586053">
        <ele>340.92</ele>
      </trkpt>
      <trkpt lat="37.62133989483118" lon="13.682359987869859">
        <ele>340.17</ele>
      </trkpt>
      <trkpt lat="37.62140988372266" lon="13.682399969547987">
        <ele>339.4</ele>
      </trkpt>
      <trkpt lat="37.6214699819684" lon="13.682409944012761">
        <ele>338.62</ele>
      </trkpt>
      <trkpt lat="37.62174993753433" lon="13.68246995843947">
        <ele>337.83</ele>
      </trkpt>
      <trkpt lat="37.62186996638775" lon="13.682550005614758">
        <ele>337.0</ele>
      </trkpt>
      <trkpt lat="37.62195001356304" lon="13.682610020041466">
        <ele>336.16</ele>
      </trkpt>
      <trkpt lat="37.6220400352031" lon="13.68272996507585">
        <ele>335.3</ele>
      </trkpt>
      <trkpt lat="37.62219007126987" lon="13.682970022782683">
        <ele>334.36</ele>
      </trkpt>
      <trkpt lat="37.62234002351761" lon="13.683209912851453">
        <ele>333.4</ele>
      </trkpt>
      <trkpt lat="37.6223698630929" lon="13.683260036632419">
        <ele>332.49</ele>
      </trkpt>
      <trkpt lat="37.62241001240909" lon="13.683339999988675">
        <ele>331.56</ele>
      </trkpt>
      <trkpt lat="37.62244999408722" lon="13.683409988880157">
        <ele>330.62</ele>
      </trkpt>
      <trkpt lat="37.6224700268358" lon="13.683470003306866">
        <ele>329.66</ele>
      </trkpt>
      <trkpt lat="37.6224700268358" lon="13.683509901165962">
        <ele>328.69</ele>
      </trkpt>
      <trkpt lat="37.62248000130057" lon="13.683539992198348">
        <ele>327.72</ele>
      </trkpt>
      <trkpt lat="37.6224700268358" lon="13.683620039373636">
        <ele>326.71</ele>
      </trkpt>
      <trkpt lat="37.62245988473296" lon="13.68377996608615">
        <ele>325.68</ele>
      </trkpt>
      <trkpt lat="37.62241001240909" lon="13.684009965509176">
        <ele>324.62</ele>
      </trkpt>
      <trkpt lat="37.62234647758305" lon="13.684300482273102">
        <ele>323.53</ele>
      </trkpt>
      <trkpt lat="37.62228302657604" lon="13.684590999037027">
        <ele>322.36</ele>
      </trkpt>
      <trkpt lat="37.62221999466419" lon="13.68487992323935">
        <ele>321.25</ele>
      </trkpt>
      <trkpt lat="37.62218998745084" lon="13.685019984841347">
        <ele>320.2</ele>
      </trkpt>
      <trkpt lat="37.622169870883226" lon="13.685099948197603">
        <ele>319.18</ele>
      </trkpt>
      <trkpt lat="37.622169870883226" lon="13.685110006481409">
        <ele>318.16</ele>
      </trkpt>
      <trkpt lat="37.622140031307936" lon="13.68521997705102">
        <ele>317.13</ele>
      </trkpt>
      <trkpt lat="37.62211002409458" lon="13.685409994795918">
        <ele>316.09</ele>
      </trkpt>
      <trkpt lat="37.622099965810776" lon="13.685549888759851">
        <ele>315.04</ele>
      </trkpt>
      <trkpt lat="37.622089991346" lon="13.685619961470366">
        <ele>314.03</ele>
      </trkpt>
      <trkpt lat="37.622089991346" lon="13.685769997537136">
        <ele>313.01</ele>
      </trkpt>
      <trkpt lat="37.62212997302413" lon="13.685920033603907">
        <ele>312.02</ele>
      </trkpt>
      <trkpt lat="37.622169870883226" lon="13.686030004173517">
        <ele>311.06</ele>
      </trkpt>
      <trkpt lat="37.622229969128966" lon="13.686180040240288">
        <ele>310.12</ele>
      </trkpt>
      <trkpt lat="37.62230993248522" lon="13.68629990145564">
        <ele>309.19</ele>
      </trkpt>
      <trkpt lat="37.62238000519574" lon="13.686389923095703">
        <ele>308.28</ele>
      </trkpt>
      <trkpt lat="37.62245988473296" lon="13.686480028554797">
        <ele>307.4</ele>
      </trkpt>
      <trkpt lat="37.622599862515926" lon="13.686624867841601">
        <ele>306.5</ele>
      </trkpt>
      <trkpt lat="37.62273992411792" lon="13.6867699585855">
        <ele>305.6</ele>
      </trkpt>
      <trkpt lat="37.62287998571992" lon="13.68691991083324">
        <ele>304.71</ele>
      </trkpt>
      <trkpt lat="37.62300998903811" lon="13.687059972435236">
        <ele>303.87</ele>
      </trkpt>
      <trkpt lat="37.62310981750488" lon="13.687170026823878">
        <ele>303.07</ele>
      </trkpt>
      <trkpt lat="37.62314988300204" lon="13.687210008502007">
        <ele>302.32</ele>
      </trkpt>
      <trkpt lat="37.62329002842307" lon="13.68734990246594">
        <ele>301.56</ele>
      </trkpt>
      <trkpt lat="37.6233300101012" lon="13.687379993498325">
        <ele>300.87</ele>
      </trkpt>
      <trkpt lat="37.623430006206036" lon="13.687489964067936">
        <ele>300.19</ele>
      </trkpt>
      <trkpt lat="37.62343998067081" lon="13.68749993853271">
        <ele>299.56</ele>
      </trkpt>
      <trkpt lat="37.62346990406513" lon="13.68754000402987">
        <ele>298.95</ele>
      </trkpt>
      <trkpt lat="37.62363997288048" lon="13.687699930742383">
        <ele>298.36</ele>
      </trkpt>
      <trkpt lat="37.623729994520545" lon="13.687770003452897">
        <ele>297.82</ele>
      </trkpt>
      <trkpt lat="37.62390970252454" lon="13.687874777242541">
        <ele>297.31</ele>
      </trkpt>
      <trkpt lat="37.62408999726176" lon="13.687979886308312">
        <ele>296.83</ele>
      </trkpt>
      <trkpt lat="37.62424975633621" lon="13.688074769452214">
        <ele>296.38</ele>
      </trkpt>
      <trkpt lat="37.62441001832485" lon="13.688169904053211">
        <ele>295.95</ele>
      </trkpt>
      <trkpt lat="37.62457472272217" lon="13.688254812732339">
        <ele>295.54</ele>
      </trkpt>
      <trkpt lat="37.624740013852715" lon="13.68833988904953">
        <ele>295.16</ele>
      </trkpt>
      <trkpt lat="37.62481997720897" lon="13.68842002004385">
        <ele>294.84</ele>
      </trkpt>
      <trkpt lat="37.62487999163568" lon="13.6884899251163">
        <ele>294.56</ele>
      </trkpt>
      <trkpt lat="37.62491997331381" lon="13.688569972291589">
        <ele>294.29</ele>
      </trkpt>
      <trkpt lat="37.6250000204891" lon="13.68878991343081">
        <ele>294.06</ele>
      </trkpt>
      <trkpt lat="37.62508015148342" lon="13.689065426588058">
        <ele>293.8</ele>
      </trkpt>
      <trkpt lat="37.62516003102064" lon="13.689340017735958">
        <ele>293.55</ele>
      </trkpt>
      <trkpt lat="37.62520990334451" lon="13.689459878951311">
        <ele>293.35</ele>
      </trkpt>
      <trkpt lat="37.62526002712548" lon="13.68957999162376">
        <ele>293.18</ele>
      </trkpt>
      <trkpt lat="37.62527980841696" lon="13.68970999494195">
        <ele>293.03</ele>
      </trkpt>
      <trkpt lat="37.625300008803606" lon="13.689929936081171">
        <ele>292.9</ele>
      </trkpt>
      <trkpt lat="37.6253399066627" lon="13.6902098916471">
        <ele>292.78</ele>
      </trkpt>
      <trkpt lat="37.62535993941128" lon="13.690390018746257">
        <ele>292.7</ele>
      </trkpt>
      <trkpt lat="37.62537754140794" lon="13.690703082829714">
        <ele>292.65</ele>
      </trkpt>
      <trkpt lat="37.62539505958557" lon="13.691016230732203">
        <ele>292.58</ele>
      </trkpt>
      <trkpt lat="37.6254125777632" lon="13.691329378634691">
        <ele>292.6</ele>
      </trkpt>
      <trkpt lat="37.6254300121218" lon="13.691640011966228">
        <ele>292.73</ele>
      </trkpt>
      <trkpt lat="37.62543998658657" lon="13.69171000085771">
        <ele>292.82</ele>
      </trkpt>
      <trkpt lat="37.62544987723231" lon="13.691759957000613">
        <ele>292.93</ele>
      </trkpt>
      <trkpt lat="37.6254799682647" lon="13.691909909248352">
        <ele>293.08</ele>
      </trkpt>
      <trkpt lat="37.62553000822663" lon="13.69207989424467">
        <ele>293.27</ele>
      </trkpt>
      <trkpt lat="37.62556998990476" lon="13.692200006917119">
        <ele>293.46</ele>
      </trkpt>
      <trkpt lat="37.625579964369535" lon="13.692260021343827">
        <ele>293.64</ele>
      </trkpt>
      <trkpt lat="37.625620029866695" lon="13.692349959164858">
        <ele>293.83</ele>
      </trkpt>
      <trkpt lat="37.62572002597153" lon="13.69259001687169">
        <ele>294.03</ele>
      </trkpt>
      <trkpt lat="37.62579998932779" lon="13.692839965224266">
        <ele>294.25</ele>
      </trkpt>
      <trkpt lat="37.62589990161359" lon="13.693159986287355">
        <ele>294.43</ele>
      </trkpt>
      <trkpt lat="37.62596997432411" lon="13.693289989605546">
        <ele>294.63</ele>
      </trkpt>
      <trkpt lat="37.62601993046701" lon="13.693359978497028">
        <ele>294.83</ele>
      </trkpt>
      <trkpt lat="37.62606988660991" lon="13.69345000013709">
        <ele>295.05</ele>
      </trkpt>
      <trkpt lat="37.62630986049771" lon="13.693700032308698">
        <ele>295.27</ele>
      </trkpt>
      <trkpt lat="37.62649979442358" lon="13.693909915164113">
        <ele>295.5</ele>
      </trkpt>
      <trkpt lat="37.62668997980654" lon="13.69411988183856">
        <ele>295.73</ele>
      </trkpt>
      <trkpt lat="37.62680992484093" lon="13.69424988515675">
        <ele>295.97</ele>
      </trkpt>
      <trkpt lat="37.626930037513375" lon="13.694379888474941">
        <ele>296.22</ele>
      </trkpt>
      <trkpt lat="37.626959877088666" lon="13.694419953972101">
        <ele>296.47</ele>
      </trkpt>
      <trkpt lat="37.62707990594208" lon="13.694539982825518">
        <ele>296.71</ele>
      </trkpt>
      <trkpt lat="37.62709993869066" lon="13.694549957290292">
        <ele>296.96</ele>
      </trkpt>
      <trkpt lat="37.62720001861453" lon="13.694620030000806">
        <ele>297.2</ele>
      </trkpt>
      <trkpt lat="37.62733002193272" lon="13.694669986143708">
        <ele>297.44</ele>
      </trkpt>
      <trkpt lat="37.62756287120283" lon="13.694733185693622">
        <ele>297.66</ele>
      </trkpt>
      <trkpt lat="37.62779572047293" lon="13.694796385243535">
        <ele>297.93</ele>
      </trkpt>
      <trkpt lat="37.628029994666576" lon="13.694860003888607">
        <ele>298.19</ele>
      </trkpt>
      <trkpt lat="37.62813996523619" lon="13.69488992728293">
        <ele>298.45</ele>
      </trkpt>
      <trkpt lat="37.62839997187257" lon="13.694939883425832">
        <ele>298.74</ele>
      </trkpt>
      <trkpt lat="37.62861999683082" lon="13.695029988884926">
        <ele>298.99</ele>
      </trkpt>
      <trkpt lat="37.62874002568424" lon="13.695099977776408">
        <ele>299.26</ele>
      </trkpt>
      <trkpt lat="37.62878998182714" lon="13.69514993391931">
        <ele>299.53</ele>
      </trkpt>
      <trkpt lat="37.62884999625385" lon="13.69518999941647">
        <ele>299.78</ele>
      </trkpt>
      <trkpt lat="37.62904001399875" lon="13.695409940555692">
        <ele>300.06</ele>
      </trkpt>
      <trkpt lat="37.629189966246486" lon="13.69559995830059">
        <ele>300.29</ele>
      </trkpt>
      <trkpt lat="37.62924000620842" lon="13.695659972727299">
        <ele>300.52</ele>
      </trkpt>
      <trkpt lat="37.62936498038471" lon="13.695849990472198">
        <ele>300.74</ele>
      </trkpt>
      <trkpt lat="37.62948987074196" lon="13.696040008217096">
        <ele>300.97</ele>
      </trkpt>
      <trkpt lat="37.62957000173628" lon="13.69619993492961">
        <ele>301.22</ele>
      </trkpt>
      <trkpt lat="37.629660023376346" lon="13.696409985423088">
        <ele>301.46</ele>
      </trkpt>
      <trkpt lat="37.6296950597316" lon="13.69667544029653">
        <ele>301.66</ele>
      </trkpt>
      <trkpt lat="37.62973001226783" lon="13.696939889341593">
        <ele>301.86</ele>
      </trkpt>
      <trkpt lat="37.62976001948118" lon="13.697160417214036">
        <ele>302.05</ele>
      </trkpt>
      <trkpt lat="37.629790026694536" lon="13.69738002307713">
        <ele>302.23</ele>
      </trkpt>
      <trkpt lat="37.62980989180505" lon="13.697540033608675">
        <ele>302.38</ele>
      </trkpt>
      <trkpt lat="37.62980000115931" lon="13.697579931467772">
        <ele>302.49</ele>
      </trkpt>
      <trkpt lat="37.62976001948118" lon="13.697719993069768">
        <ele>302.59</ele>
      </trkpt>
      <trkpt lat="37.62969992123544" lon="13.697849996387959">
        <ele>302.68</ele>
      </trkpt>
      <trkpt lat="37.6295000128448" lon="13.698149984702468">
        <ele>302.73</ele>
      </trkpt>
      <trkpt lat="37.62941996566951" lon="13.69826003909111">
        <ele>302.8</ele>
      </trkpt>
      <trkpt lat="37.62934997677803" lon="13.698360035195947">
        <ele>302.84</ele>
      </trkpt>
      <trkpt lat="37.62926992960274" lon="13.6984798964113">
        <ele>302.86</ele>
      </trkpt>
      <trkpt lat="37.62920002453029" lon="13.698470005765557">
        <ele>302.86</ele>
      </trkpt>
      <trkpt lat="37.62917999178171" lon="13.698470005765557">
        <ele>302.86</ele>
      </trkpt>
      <trkpt lat="37.62915995903313" lon="13.698470005765557">
        <ele>302.86</ele>
      </trkpt>
      <trkpt lat="37.62914001010358" lon="13.6984798964113">
        <ele>302.84</ele>
      </trkpt>
      <trkpt lat="37.629119977355" lon="13.698490038514137">
        <ele>302.83</ele>
      </trkpt>
      <trkpt lat="37.62895996682346" lon="13.69864996522665">
        <ele>302.81</ele>
      </trkpt>
      <trkpt lat="37.62892987579107" lon="13.69869003072381">
        <ele>302.79</ele>
      </trkpt>
      <trkpt lat="37.62883993797004" lon="13.698809891939163">
        <ele>302.78</ele>
      </trkpt>
      <trkpt lat="37.62881001457572" lon="13.698860015720129">
        <ele>302.76</ele>
      </trkpt>
      <trkpt lat="37.628719909116626" lon="13.699040142819285">
        <ele>302.73</ele>
      </trkpt>
      <trkpt lat="37.628629971295595" lon="13.699220018461347">
        <ele>302.72</ele>
      </trkpt>
      <trkpt lat="37.62861999683082" lon="13.699239883571863">
        <ele>302.73</ele>
      </trkpt>
      <trkpt lat="37.62851991690695" lon="13.699439959600568">
        <ele>302.72</ele>
      </trkpt>
      <trkpt lat="37.628480019047856" lon="13.699540039524436">
        <ele>302.77</ele>
      </trkpt>
      <trkpt lat="37.62838002294302" lon="13.699740031734109">
        <ele>302.79</ele>
      </trkpt>
      <trkpt lat="37.62834004126489" lon="13.69982996955514">
        <ele>302.87</ele>
      </trkpt>
      <trkpt lat="37.62825001962483" lon="13.70002987794578">
        <ele>302.97</ele>
      </trkpt>
      <trkpt lat="37.6282100379467" lon="13.700119899585843">
        <ele>303.12</ele>
      </trkpt>
      <trkpt lat="37.62816997244954" lon="13.700230037793517">
        <ele>303.29</ele>
      </trkpt>
      <trkpt lat="37.62808992527425" lon="13.70040999725461">
        <ele>303.48</ele>
      </trkpt>
      <trkpt lat="37.62799495831132" lon="13.70073202997446">
        <ele>303.75</ele>
      </trkpt>
      <trkpt lat="37.6278749294579" lon="13.700877036899328">
        <ele>304.06</ele>
      </trkpt>
      <trkpt lat="37.62786998413503" lon="13.70126897469163">
        <ele>304.37</ele>
      </trkpt>
      <trkpt lat="37.62786000967026" lon="13.70133988559246">
        <ele>304.72</ele>
      </trkpt>
      <trkpt lat="37.62783997692168" lon="13.701390009373426">
        <ele>305.1</ele>
      </trkpt>
      <trkpt lat="37.62782002799213" lon="13.70142001658678">
        <ele>305.52</ele>
      </trkpt>
      <trkpt lat="37.62779999524355" lon="13.701439965516329">
        <ele>305.98</ele>
      </trkpt>
      <trkpt lat="37.62777996249497" lon="13.701459998264909">
        <ele>306.47</ele>
      </trkpt>
      <trkpt lat="37.62764995917678" lon="13.70154993608594">
        <ele>307.06</ele>
      </trkpt>
      <trkpt lat="37.62763001024723" lon="13.70156996883452">
        <ele>307.62</ele>
      </trkpt>
      <trkpt lat="37.627620035782456" lon="13.70156996883452">
        <ele>308.21</ele>
      </trkpt>
      <trkpt lat="37.62747997418046" lon="13.70169997215271">
        <ele>308.89</ele>
      </trkpt>
      <trkpt lat="37.62733982875943" lon="13.70185000821948">
        <ele>309.64</ele>
      </trkpt>
      <trkpt lat="37.62720990926027" lon="13.70199996046722">
        <ele>310.4</ele>
      </trkpt>
      <trkpt lat="37.62717998586595" lon="13.702029883861542">
        <ele>311.14</ele>
      </trkpt>
      <trkpt lat="37.62717001140118" lon="13.70204002596438">
        <ele>311.89</ele>
      </trkpt>
      <trkpt lat="37.62707990594208" lon="13.702159887179732">
        <ele>312.72</ele>
      </trkpt>
      <trkpt lat="37.6269700191915" lon="13.702309923246503">
        <ele>313.55</ele>
      </trkpt>
      <trkpt lat="37.626869939267635" lon="13.702419977635145">
        <ele>314.39</ele>
      </trkpt>
      <trkpt lat="37.62681998312473" lon="13.70247001759708">
        <ele>315.23</ele>
      </trkpt>
      <trkpt lat="37.62675988487899" lon="13.702530032023787">
        <ele>316.09</ele>
      </trkpt>
      <trkpt lat="37.62670003809035" lon="13.702570013701916">
        <ele>316.99</ele>
      </trkpt>
      <trkpt lat="37.62666994705796" lon="13.702589878812432">
        <ele>317.91</ele>
      </trkpt>
      <trkpt lat="37.6266298815608" lon="13.702609911561012">
        <ele>318.87</ele>
      </trkpt>
      <trkpt lat="37.62653994373977" lon="13.702640002593398">
        <ele>319.87</ele>
      </trkpt>
      <trkpt lat="37.62648990377784" lon="13.702640002593398">
        <ele>320.87</ele>
      </trkpt>
      <trkpt lat="37.626480013132095" lon="13.702640002593398">
        <ele>321.86</ele>
      </trkpt>
      <trkpt lat="37.626459980383515" lon="13.702640002593398">
        <ele>322.86</ele>
      </trkpt>
      <trkpt lat="37.62642997317016" lon="13.702629944309592">
        <ele>323.89</ele>
      </trkpt>
      <trkpt lat="37.62641002424061" lon="13.702619969844818">
        <ele>324.93</ele>
      </trkpt>
      <trkpt lat="37.62638999149203" lon="13.702589878812432">
        <ele>325.99</ele>
      </trkpt>
      <trkpt lat="37.62630986049771" lon="13.70240991935134">
        <ele>327.18</ele>
      </trkpt>
      <trkpt lat="37.62626996263862" lon="13.702319981530309">
        <ele>328.31</ele>
      </trkpt>
      <trkpt lat="37.6261998899281" lon="13.70214999653399">
        <ele>329.5</ele>
      </trkpt>
      <trkpt lat="37.62618999928236" lon="13.702119989320636">
        <ele>330.6</ele>
      </trkpt>
      <trkpt lat="37.626180024817586" lon="13.70210993103683">
        <ele>331.69</ele>
      </trkpt>
      <trkpt lat="37.62615001760423" lon="13.702069949358702">
        <ele>332.82</ele>
      </trkpt>
      <trkpt lat="37.626139959320426" lon="13.702049916610122">
        <ele>333.92</ele>
      </trkpt>
      <trkpt lat="37.62610995210707" lon="13.7020199932158">
        <ele>335.05</ele>
      </trkpt>
      <trkpt lat="37.62608991935849" lon="13.702010018751025">
        <ele>336.16</ele>
      </trkpt>
      <trkpt lat="37.62606988660991" lon="13.702010018751025">
        <ele>337.28</ele>
      </trkpt>
      <trkpt lat="37.626050021499395" lon="13.702010018751025">
        <ele>338.4</ele>
      </trkpt>
      <trkpt lat="37.626029988750815" lon="13.702010018751025">
        <ele>339.53</ele>
      </trkpt>
      <trkpt lat="37.62601003982127" lon="13.702010018751025">
        <ele>340.66</ele>
      </trkpt>
      <trkpt lat="37.62596997432411" lon="13.7020199932158">
        <ele>341.8</ele>
      </trkpt>
      <trkpt lat="37.62591993436217" lon="13.702029883861542">
        <ele>342.96</ele>
      </trkpt>
      <trkpt lat="37.62586997821927" lon="13.702049916610122">
        <ele>344.12</ele>
      </trkpt>
      <trkpt lat="37.625599997118115" lon="13.70212996378541">
        <ele>345.35</ele>
      </trkpt>
      <trkpt lat="37.62552003376186" lon="13.702159887179732">
        <ele>346.53</ele>
      </trkpt>
      <trkpt lat="37.6253399066627" lon="13.702210010960698">
        <ele>347.73</ele>
      </trkpt>
      <trkpt lat="37.62522993609309" lon="13.702249992638826">
        <ele>348.95</ele>
      </trkpt>
      <trkpt lat="37.62505995109677" lon="13.70230003260076">
        <ele>350.18</ele>
      </trkpt>
      <trkpt lat="37.62492994777858" lon="13.702329955995083">
        <ele>351.42</ele>
      </trkpt>
      <trkpt lat="37.62487999163568" lon="13.702349904924631">
        <ele>352.61</ele>
      </trkpt>
      <trkpt lat="37.62470003217459" lon="13.702400028705597">
        <ele>353.9</ele>
      </trkpt>
      <trkpt lat="37.62464999221265" lon="13.70240991935134">
        <ele>355.11</ele>
      </trkpt>
      <trkpt lat="37.62434992007911" lon="13.702499940991402">
        <ele>356.39</ele>
      </trkpt>
      <trkpt lat="37.624339861795306" lon="13.702499940991402">
        <ele>357.58</ele>
      </trkpt>
      <trkpt lat="37.6241400372237" lon="13.70257998816669">
        <ele>358.78</ele>
      </trkpt>
      <trkpt lat="37.62409997172654" lon="13.702589878812432">
        <ele>359.98</ele>
      </trkpt>
      <trkpt lat="37.6239999756217" lon="13.702589878812432">
        <ele>361.21</ele>
      </trkpt>
      <trkpt lat="37.62398002669215" lon="13.702589878812432">
        <ele>362.41</ele>
      </trkpt>
      <trkpt lat="37.62391003780067" lon="13.70257998816669">
        <ele>363.63</ele>
      </trkpt>
      <trkpt lat="37.62382999062538" lon="13.702549980953336">
        <ele>364.86</ele>
      </trkpt>
      <trkpt lat="37.623779866844416" lon="13.702530032023787">
        <ele>366.08</ele>
      </trkpt>
      <trkpt lat="37.623569983989" lon="13.70238988660276">
        <ele>367.41</ele>
      </trkpt>
      <trkpt lat="37.62350996956229" lon="13.702340014278889">
        <ele>368.66</ele>
      </trkpt>
      <trkpt lat="37.62347996234894" lon="13.702329955995083">
        <ele>369.88</ele>
      </trkpt>
      <trkpt lat="37.62346001341939" lon="13.702319981530309">
        <ele>371.09</ele>
      </trkpt>
      <trkpt lat="37.62342003174126" lon="13.702309923246503">
        <ele>372.32</ele>
      </trkpt>
      <trkpt lat="37.6233300101012" lon="13.70230003260076">
        <ele>373.57</ele>
      </trkpt>
      <trkpt lat="37.62329002842307" lon="13.70230003260076">
        <ele>374.78</ele>
      </trkpt>
      <trkpt lat="37.62326002120972" lon="13.702289890497923">
        <ele>376.01</ele>
      </trkpt>
      <trkpt lat="37.62320000678301" lon="13.702270025387406">
        <ele>377.24</ele>
      </trkpt>
      <trkpt lat="37.62316002510488" lon="13.702249992638826">
        <ele>378.48</ele>
      </trkpt>
      <trkpt lat="37.62299004010856" lon="13.70217002928257">
        <ele>379.8</ele>
      </trkpt>
      <trkpt lat="37.6229499746114" lon="13.70214999653399">
        <ele>381.04</ele>
      </trkpt>
      <trkpt lat="37.62283992022276" lon="13.702059974893928">
        <ele>382.34</ele>
      </trkpt>
      <trkpt lat="37.62283002957702" lon="13.702049916610122">
        <ele>383.55</ele>
      </trkpt>
      <trkpt lat="37.62281997129321" lon="13.70204002596438">
        <ele>384.76</ele>
      </trkpt>
      <trkpt lat="37.62280999682844" lon="13.7020199932158">
        <ele>385.96</ele>
      </trkpt>
      <trkpt lat="37.62278996407986" lon="13.70199996046722">
        <ele>387.17</ele>
      </trkpt>
      <trkpt lat="37.622700026258826" lon="13.701939946040511">
        <ele>388.44</ele>
      </trkpt>
      <trkpt lat="37.622570022940636" lon="13.701879931613803">
        <ele>389.75</ele>
      </trkpt>
      <trkpt lat="37.6225199829787" lon="13.70185000821948">
        <ele>390.96</ele>
      </trkpt>
      <trkpt lat="37.6224700268358" lon="13.701820001006126">
        <ele>392.15</ele>
      </trkpt>
      <trkpt lat="37.62238997966051" lon="13.701749928295612">
        <ele>393.35</ele>
      </trkpt>
      <trkpt lat="37.6223698630929" lon="13.70174003764987">
        <ele>394.5</ele>
      </trkpt>
      <trkpt lat="37.62234999798238" lon="13.70174003764987">
        <ele>395.62</ele>
      </trkpt>
      <trkpt lat="37.62230993248522" lon="13.701729895547032">
        <ele>396.75</ele>
      </trkpt>
      <trkpt lat="37.62221999466419" lon="13.70176987722516">
        <ele>397.89</ele>
      </trkpt>
      <trkpt lat="37.62218998745084" lon="13.70178990997374">
        <ele>398.98</ele>
      </trkpt>
      <trkpt lat="37.622140031307936" lon="13.701820001006126">
        <ele>400.06</ele>
      </trkpt>
      <trkpt lat="37.62212997302413" lon="13.701840033754706">
        <ele>401.11</ele>
      </trkpt>
      <trkpt lat="37.622119998559356" lon="13.701859898865223">
        <ele>402.14</ele>
      </trkpt>
      <trkpt lat="37.62205998413265" lon="13.702179919928312">
        <ele>403.19</ele>
      </trkpt>
      <trkpt lat="37.62202997691929" lon="13.702340014278889">
        <ele>404.22</ele>
      </trkpt>
      <trkpt lat="37.62202000245452" lon="13.702400028705597">
        <ele>405.19</ele>
      </trkpt>
      <trkpt lat="37.62198002077639" lon="13.70266992598772">
        <ele>406.18</ele>
      </trkpt>
      <trkpt lat="37.62194003909826" lon="13.702849969267845">
        <ele>407.17</ele>
      </trkpt>
      <trkpt lat="37.62191003188491" lon="13.70300997979939">
        <ele>408.16</ele>
      </trkpt>
      <trkpt lat="37.62188999913633" lon="13.703069994226098">
        <ele>409.08</ele>
      </trkpt>
      <trkpt lat="37.62185990810394" lon="13.703169906511903">
        <ele>409.98</ele>
      </trkpt>
      <trkpt lat="37.621820010244846" lon="13.703239979222417">
        <ele>410.89</ele>
      </trkpt>
      <trkpt lat="37.62181003578007" lon="13.703260011970997">
        <ele>411.73</ele>
      </trkpt>
      <trkpt lat="37.62179000303149" lon="13.70328993536532">
        <ele>412.57</ele>
      </trkpt>
      <trkpt lat="37.62172990478575" lon="13.703320026397705">
        <ele>413.43</ele>
      </trkpt>
      <trkpt lat="37.621690006926656" lon="13.70333000086248">
        <ele>414.25</ele>
      </trkpt>
      <trkpt lat="37.62163996696472" lon="13.70333000086248">
        <ele>415.05</ele>
      </trkpt>
      <trkpt lat="37.621609875932336" lon="13.70333000086248">
        <ele>415.78</ele>
      </trkpt>
      <trkpt lat="37.62146000750363" lon="13.703339891508222">
        <ele>416.54</ele>
      </trkpt>
      <trkpt lat="37.621390018612146" lon="13.703339891508222">
        <ele>417.26</ele>
      </trkpt>
      <trkpt lat="37.62127988040447" lon="13.70335003361106">
        <ele>417.99</ele>
      </trkpt>
      <trkpt lat="37.62125004082918" lon="13.70335003361106">
        <ele>418.64</ele>
      </trkpt>
      <trkpt lat="37.62110000476241" lon="13.703359924256802">
        <ele>419.34</ele>
      </trkpt>
      <trkpt lat="37.62109003029764" lon="13.703359924256802">
        <ele>419.92</ele>
      </trkpt>
      <trkpt lat="37.62093001976609" lon="13.70339990593493">
        <ele>420.53</ele>
      </trkpt>
      <trkpt lat="37.62091996148229" lon="13.70339990593493">
        <ele>421.06</ele>
      </trkpt>
      <trkpt lat="37.62086003087461" lon="13.703429996967316">
        <ele>421.55</ele>
      </trkpt>
      <trkpt lat="37.620789958164096" lon="13.70348003692925">
        <ele>421.98</ele>
      </trkpt>
      <trkpt lat="37.62074000202119" lon="13.7035499420017">
        <ele>422.36</ele>
      </trkpt>
      <trkpt lat="37.62064998038113" lon="13.703669970855117">
        <ele>422.74</ele>
      </trkpt>
      <trkpt lat="37.62054990045726" lon="13.70378002524376">
        <ele>423.12</ele>
      </trkpt>
      <trkpt lat="37.62051000259817" lon="13.703820006921887">
        <ele>423.49</ele>
      </trkpt>
      <trkpt lat="37.62047002092004" lon="13.703859988600016">
        <ele>423.84</ele>
      </trkpt>
      <trkpt lat="37.62043003924191" lon="13.703880021348596">
        <ele>424.18</ele>
      </trkpt>
      <trkpt lat="37.62041000649333" lon="13.70388999581337">
        <ele>424.51</ele>
      </trkpt>
      <trkpt lat="37.62038997374475" lon="13.703899886459112">
        <ele>424.82</ele>
      </trkpt>
      <trkpt lat="37.620359966531396" lon="13.703899886459112">
        <ele>425.14</ele>
      </trkpt>
      <trkpt lat="37.62034001760185" lon="13.703899886459112">
        <ele>425.44</ele>
      </trkpt>
      <trkpt lat="37.620249995961785" lon="13.703880021348596">
        <ele>425.76</ele>
      </trkpt>
      <trkpt lat="37.62005997821689" lon="13.70382989756763">
        <ele>426.09</ele>
      </trkpt>
      <trkpt lat="37.61998990550637" lon="13.703809948638082">
        <ele>426.37</ele>
      </trkpt>
      <trkpt lat="37.61981002986431" lon="13.703750018030405">
        <ele>426.67</ele>
      </trkpt>
      <trkpt lat="37.61972989886999" lon="13.703729985281825">
        <ele>426.93</ele>
      </trkpt>
      <trkpt lat="37.61965001933277" lon="13.70371992699802">
        <ele>427.16</ele>
      </trkpt>
      <trkpt lat="37.61963987722993" lon="13.70371992699802">
        <ele>427.37</ele>
      </trkpt>
      <trkpt lat="37.61955991387367" lon="13.703729985281825">
        <ele>427.56</ele>
      </trkpt>
      <trkpt lat="37.61949000880122" lon="13.7037399597466">
        <ele>427.75</ele>
      </trkpt>
      <trkpt lat="37.619459917768836" lon="13.703750018030405">
        <ele>427.91</ele>
      </trkpt>
      <trkpt lat="37.61933997273445" lon="13.703799974173307">
        <ele>428.03</ele>
      </trkpt>
      <trkpt lat="37.61912003159523" lon="13.70391002856195">
        <ele>428.2</ele>
      </trkpt>
      <trkpt lat="37.61890998110175" lon="13.70401999913156">
        <ele>428.41</ele>
      </trkpt>
      <trkpt lat="37.61883999221027" lon="13.704069955274463">
        <ele>428.52</ele>
      </trkpt>
      <trkpt lat="37.61874997057021" lon="13.704180009663105">
        <ele>428.61</ele>
      </trkpt>
      <trkpt lat="37.61867000721395" lon="13.70427992194891">
        <ele>428.72</ele>
      </trkpt>
      <trkpt lat="37.6185498945415" lon="13.70442995801568">
        <ele>428.79</ele>
      </trkpt>
      <trkpt lat="37.61844000779092" lon="13.704570019617677">
        <ele>428.83</ele>
      </trkpt>
      <trkpt lat="37.618429865688086" lon="13.70460002683103">
        <ele>428.85</ele>
      </trkpt>
      <trkpt lat="37.61838996782899" lon="13.704660041257739">
        <ele>428.86</ele>
      </trkpt>
      <trkpt lat="37.61837001889944" lon="13.704760037362576">
        <ele>428.83</ele>
      </trkpt>
      <trkpt lat="37.61837001889944" lon="13.704830026254058">
        <ele>428.78</ele>
      </trkpt>
      <trkpt lat="37.61837001889944" lon="13.704909905791283">
        <ele>428.71</ele>
      </trkpt>
      <trkpt lat="37.61838996782899" lon="13.705039909109473">
        <ele>428.61</ele>
      </trkpt>
      <trkpt lat="37.618425004184246" lon="13.705260353162885">
        <ele>428.49</ele>
      </trkpt>
      <trkpt lat="37.6184600405395" lon="13.705479959025979">
        <ele>428.36</ele>
      </trkpt>
      <trkpt lat="37.618489963933825" lon="13.705669976770878">
        <ele>428.22</ele>
      </trkpt>
      <trkpt lat="37.61850002221763" lon="13.7056999001652">
        <ele>428.01</ele>
      </trkpt>
      <trkpt lat="37.61854000389576" lon="13.705989997833967">
        <ele>427.82</ele>
      </trkpt>
      <trkpt lat="37.61856992729008" lon="13.70614992454648">
        <ele>427.58</ele>
      </trkpt>
      <trkpt lat="37.61858996003866" lon="13.706250004470348">
        <ele>427.29</ele>
      </trkpt>
      <trkpt lat="37.61863002553582" lon="13.706359975039959">
        <ele>426.96</ele>
      </trkpt>
      <trkpt lat="37.618640000000596" lon="13.706369949504733">
        <ele>426.59</ele>
      </trkpt>
      <trkpt lat="37.61877000331879" lon="13.706610007211566">
        <ele>426.17</ele>
      </trkpt>
      <trkpt lat="37.61883999221027" lon="13.70672995224595">
        <ele>425.74</ele>
      </trkpt>
      <trkpt lat="37.61892003938556" lon="13.70689993724227">
        <ele>425.24</ele>
      </trkpt>
      <trkpt lat="37.61893001385033" lon="13.70691996999085">
        <ele>424.74</ele>
      </trkpt>
      <trkpt lat="37.61900997720659" lon="13.70711987838149">
        <ele>424.18</ele>
      </trkpt>
      <trkpt lat="37.61900997720659" lon="13.707130020484328">
        <ele>423.63</ele>
      </trkpt>
      <trkpt lat="37.619049958884716" lon="13.707289947196841">
        <ele>423.01</ele>
      </trkpt>
      <trkpt lat="37.619049958884716" lon="13.70734996162355">
        <ele>422.39</ele>
      </trkpt>
      <trkpt lat="37.61906001716852" lon="13.707379885017872">
        <ele>421.75</ele>
      </trkpt>
      <trkpt lat="37.61907988227904" lon="13.70756990276277">
        <ele>421.05</ele>
      </trkpt>
      <trkpt lat="37.619090024381876" lon="13.70763000100851">
        <ele>420.37</ele>
      </trkpt>
      <trkpt lat="37.61912992224097" lon="13.707769978791475">
        <ele>419.65</ele>
      </trkpt>
      <trkpt lat="37.61913998052478" lon="13.70777995325625">
        <ele>418.96</ele>
      </trkpt>
      <trkpt lat="37.61929999105632" lon="13.708029985427856">
        <ele>418.14</ele>
      </trkpt>
      <trkpt lat="37.619369979947805" lon="13.708140039816499">
        <ele>417.39</ele>
      </trkpt>
      <trkpt lat="37.619390012696385" lon="13.70816987939179">
        <ele>416.69</ele>
      </trkpt>
      <trkpt lat="37.61943996883929" lon="13.708269959315658">
        <ele>415.96</ele>
      </trkpt>
      <trkpt lat="37.619459917768836" lon="13.708329973742366">
        <ele>415.26</ele>
      </trkpt>
      <trkpt lat="37.619459917768836" lon="13.7083800137043">
        <ele>414.58</ele>
      </trkpt>
      <trkpt lat="37.619459917768836" lon="13.708419995382428">
        <ele>413.91</ele>
      </trkpt>
      <trkpt lat="37.61943996883929" lon="13.70846995152533">
        <ele>413.26</ele>
      </trkpt>
      <trkpt lat="37.61942991055548" lon="13.70851001702249">
        <ele>412.63</ele>
      </trkpt>
      <trkpt lat="37.6194098778069" lon="13.708559889346361">
        <ele>412.02</ele>
      </trkpt>
      <trkpt lat="37.61935003101826" lon="13.70865996927023">
        <ele>411.44</ele>
      </trkpt>
      <trkpt lat="37.61919002048671" lon="13.70885987766087">
        <ele>410.88</ele>
      </trkpt>
      <trkpt lat="37.61914995498955" lon="13.70889994315803">
        <ele>410.36</ele>
      </trkpt>
      <trkpt lat="37.619049958884716" lon="13.709000023081899">
        <ele>409.86</ele>
      </trkpt>
      <trkpt lat="37.61903998441994" lon="13.709009913727641">
        <ele>409.4</ele>
      </trkpt>
      <trkpt lat="37.618989860638976" lon="13.70904989540577">
        <ele>408.97</ele>
      </trkpt>
      <trkpt lat="37.6188900321722" lon="13.709100019186735">
        <ele>408.56</ele>
      </trkpt>
      <trkpt lat="37.61860990896821" lon="13.70926002971828">
        <ele>408.15</ele>
      </trkpt>
      <trkpt lat="37.61857998557389" lon="13.709279978647828">
        <ele>407.84</ele>
      </trkpt>
      <trkpt lat="37.61856003664434" lon="13.709289953112602">
        <ele>407.57</ele>
      </trkpt>
      <trkpt lat="37.618429865688086" lon="13.70934996753931">
        <ele>407.35</ele>
      </trkpt>
      <trkpt lat="37.61838996782899" lon="13.70937000028789">
        <ele>407.16</ele>
      </trkpt>
      <trkpt lat="37.6183598767966" lon="13.709399923682213">
        <ele>407.01</ele>
      </trkpt>
      <trkpt lat="37.61831000447273" lon="13.709439905360341">
        <ele>406.92</ele>
      </trkpt>
      <trkpt lat="37.61824990622699" lon="13.709509978070855">
        <ele>406.88</ele>
      </trkpt>
      <trkpt lat="37.61818000115454" lon="13.70962992310524">
        <ele>406.86</ele>
      </trkpt>
      <trkpt lat="37.61813993565738" lon="13.70969002135098">
        <ele>406.89</ele>
      </trkpt>
      <trkpt lat="37.618100037798285" lon="13.709769984707236">
        <ele>406.94</ele>
      </trkpt>
      <trkpt lat="37.61794002726674" lon="13.71003988198936">
        <ele>407.12</ele>
      </trkpt>
      <trkpt lat="37.6179298851639" lon="13.71005991473794">
        <ele>407.28</ele>
      </trkpt>
      <trkpt lat="37.61783994734287" lon="13.71025001630187">
        <ele>407.48</ele>
      </trkpt>
      <trkpt lat="37.61781991459429" lon="13.710279939696193">
        <ele>407.73</ele>
      </trkpt>
      <trkpt lat="37.617780016735196" lon="13.710350012406707">
        <ele>408.01</ele>
      </trkpt>
      <trkpt lat="37.61772000230849" lon="13.71042000129819">
        <ele>408.32</ele>
      </trkpt>
      <trkpt lat="37.61765998788178" lon="13.71048990637064">
        <ele>408.68</ele>
      </trkpt>
      <trkpt lat="37.61752998456359" lon="13.710629967972636">
        <ele>409.11</ele>
      </trkpt>
      <trkpt lat="37.61748002842069" lon="13.710670033469796">
        <ele>409.57</ele>
      </trkpt>
      <trkpt lat="37.61743996292353" lon="13.71070004068315">
        <ele>410.06</ele>
      </trkpt>
      <trkpt lat="37.6173999812454" lon="13.710709931328893">
        <ele>410.6</ele>
      </trkpt>
      <trkpt lat="37.61727995239198" lon="13.710719989612699">
        <ele>411.22</ele>
      </trkpt>
      <trkpt lat="37.6172599196434" lon="13.710719989612699">
        <ele>411.82</ele>
      </trkpt>
      <trkpt lat="37.61719982139766" lon="13.710709931328893">
        <ele>412.46</ele>
      </trkpt>
      <trkpt lat="37.61716998182237" lon="13.710719989612699">
        <ele>413.11</ele>
      </trkpt>
      <trkpt lat="37.61707996018231" lon="13.710729880258441">
        <ele>413.81</ele>
      </trkpt>
      <trkpt lat="37.61695993132889" lon="13.710759971290827">
        <ele>414.55</ele>
      </trkpt>
      <trkpt lat="37.616729931905866" lon="13.710819985717535">
        <ele>415.35</ele>
      </trkpt>
      <trkpt lat="37.61667997576296" lon="13.71082996018231">
        <ele>416.09</ele>
      </trkpt>
      <trkpt lat="37.61654988862574" lon="13.710859883576632">
        <ele>416.88</ele>
      </trkpt>
      <trkpt lat="37.61647998355329" lon="13.710870025679469">
        <ele>417.66</ele>
      </trkpt>
      <trkpt lat="37.61637990362942" lon="13.710889974609017">
        <ele>418.47</ele>
      </trkpt>
      <trkpt lat="37.61633003130555" lon="13.710910007357597">
        <ele>419.27</ele>
      </trkpt>
      <trkpt lat="37.6163000240922" lon="13.710930040106177">
        <ele>420.05</ele>
      </trkpt>
      <trkpt lat="37.61627001687884" lon="13.710949989035726">
        <ele>420.84</ele>
      </trkpt>
      <trkpt lat="37.61621997691691" lon="13.711009919643402">
        <ele>421.64</ele>
      </trkpt>
      <trkpt lat="37.616189969703555" lon="13.711059959605336">
        <ele>422.42</ele>
      </trkpt>
      <trkpt lat="37.61614001356065" lon="13.711149981245399">
        <ele>423.21</ele>
      </trkpt>
      <trkpt lat="37.61611998081207" lon="13.711189962923527">
        <ele>423.97</ele>
      </trkpt>
      <trkpt lat="37.61608997359872" lon="13.711249893531203">
        <ele>424.73</ele>
      </trkpt>
      <trkpt lat="37.61602995917201" lon="13.7113899551332">
        <ele>425.47</ele>
      </trkpt>
      <trkpt lat="37.61594991199672" lon="13.711589947342873">
        <ele>426.21</ele>
      </trkpt>
      <trkpt lat="37.6158700324595" lon="13.711769990622997">
        <ele>427.01</ele>
      </trkpt>
      <trkpt lat="37.615780010819435" lon="13.71199001558125">
        <ele>427.83</ele>
      </trkpt>
      <trkpt lat="37.61571999639273" lon="13.712139967828989">
        <ele>428.61</ele>
      </trkpt>
      <trkpt lat="37.61568998917937" lon="13.712189923971891">
        <ele>429.36</ele>
      </trkpt>
      <trkpt lat="37.61565998196602" lon="13.71222990565002">
        <ele>430.09</ele>
      </trkpt>
      <trkpt lat="37.61560985818505" lon="13.71231003664434">
        <ele>430.84</ele>
      </trkpt>
      <trkpt lat="37.61555998586118" lon="13.712350018322468">
        <ele>431.55</ele>
      </trkpt>
      <trkpt lat="37.61555998586118" lon="13.71235990896821">
        <ele>432.22</ele>
      </trkpt>
      <trkpt lat="37.61545001529157" lon="13.712449930608273">
        <ele>432.92</ele>
      </trkpt>
      <trkpt lat="37.61533996090293" lon="13.712520003318787">
        <ele>433.64</ele>
      </trkpt>
      <trkpt lat="37.61526997201145" lon="13.71255001053214">
        <ele>434.31</ele>
      </trkpt>
      <trkpt lat="37.6152500230819" lon="13.712559901177883">
        <ele>434.95</ele>
      </trkpt>
      <trkpt lat="37.61513980105519" lon="13.712619915604591">
        <ele>435.59</ele>
      </trkpt>
      <trkpt lat="37.61508992873132" lon="13.712670039385557">
        <ele>436.2</ele>
      </trkpt>
      <trkpt lat="37.61499001644552" lon="13.712749918922782">
        <ele>436.77</ele>
      </trkpt>
      <trkpt lat="37.61493997648358" lon="13.712799958884716">
        <ele>437.33</ele>
      </trkpt>
      <trkpt lat="37.614920027554035" lon="13.71282996609807">
        <ele>437.92</ele>
      </trkpt>
      <trkpt lat="37.614879962056875" lon="13.712899954989552">
        <ele>438.49</ele>
      </trkpt>
      <trkpt lat="37.61483998037875" lon="13.712989892810583">
        <ele>439.07</ele>
      </trkpt>
      <trkpt lat="37.61480997316539" lon="13.71330002322793">
        <ele>439.65</ele>
      </trkpt>
      <trkpt lat="37.61479999870062" lon="13.71343002654612">
        <ele>440.26</ele>
      </trkpt>
      <trkpt lat="37.61478994041681" lon="13.713530022650957">
        <ele>440.92</ele>
      </trkpt>
      <trkpt lat="37.61478994041681" lon="13.713739905506372">
        <ele>441.63</ele>
      </trkpt>
      <trkpt lat="37.61477996595204" lon="13.713759938254952">
        <ele>442.28</ele>
      </trkpt>
      <trkpt lat="37.61477996595204" lon="13.713929923251271">
        <ele>442.97</ele>
      </trkpt>
      <trkpt lat="37.61475993320346" lon="13.714020028710365">
        <ele>443.67</ele>
      </trkpt>
      <trkpt lat="37.61474987491965" lon="13.714039893820882">
        <ele>444.35</ele>
      </trkpt>
      <trkpt lat="37.61464996263385" lon="13.714359914883971">
        <ele>445.07</ele>
      </trkpt>
      <trkpt lat="37.61463990435004" lon="13.714410038664937">
        <ele>445.76</ele>
      </trkpt>
      <trkpt lat="37.61459003202617" lon="13.714619921520352">
        <ele>446.55</ele>
      </trkpt>
      <trkpt lat="37.61453001759946" lon="13.714789906516671">
        <ele>447.29</ele>
      </trkpt>
      <trkpt lat="37.614470003172755" lon="13.71491001918912">
        <ele>448.06</ele>
      </trkpt>
      <trkpt lat="37.61435994878411" lon="13.715100036934018">
        <ele>448.84</ele>
      </trkpt>
      <trkpt lat="37.61425492353737" lon="13.71527505107224">
        <ele>449.61</ele>
      </trkpt>
      <trkpt lat="37.614149982109666" lon="13.71544998139143">
        <ele>450.35</ele>
      </trkpt>
      <trkpt lat="37.614149982109666" lon="13.715460039675236">
        <ele>451.07</ele>
      </trkpt>
      <trkpt lat="37.61401981115341" lon="13.715689955279231">
        <ele>451.74</ele>
      </trkpt>
      <trkpt lat="37.61397999711335" lon="13.715779893100262">
        <ele>452.45</ele>
      </trkpt>
      <trkpt lat="37.61395996436477" lon="13.71583990752697">
        <ele>453.17</ele>
      </trkpt>
      <trkpt lat="37.61394998989999" lon="13.71585994027555">
        <ele>453.87</ele>
      </trkpt>
      <trkpt lat="37.61392995715141" lon="13.71596991084516">
        <ele>454.63</ele>
      </trkpt>
      <trkpt lat="37.61388989165425" lon="13.716260008513927">
        <ele>455.49</ele>
      </trkpt>
      <trkpt lat="37.61388989165425" lon="13.71628993190825">
        <ele>456.19</ele>
      </trkpt>
      <trkpt lat="37.61384999379516" lon="13.716509956866503">
        <ele>456.95</ele>
      </trkpt>
      <trkpt lat="37.61381990276277" lon="13.716729981824756">
        <ele>457.63</ele>
      </trkpt>
      <trkpt lat="37.61377992108464" lon="13.716970039531589">
        <ele>458.22</ele>
      </trkpt>
      <trkpt lat="37.613740023225546" lon="13.71727991849184">
        <ele>458.86</ele>
      </trkpt>
      <trkpt lat="37.61372988112271" lon="13.717379998415709">
        <ele>459.44</ele>
      </trkpt>
      <trkpt lat="37.61372988112271" lon="13.717400031164289">
        <ele>460.03</ele>
      </trkpt>
      <trkpt lat="37.61372988112271" lon="13.717459961771965">
        <ele>460.62</ele>
      </trkpt>
      <trkpt lat="37.613740023225546" lon="13.717630030587316">
        <ele>461.2</ele>
      </trkpt>
      <trkpt lat="37.6137700304389" lon="13.71779004111886">
        <ele>461.78</ele>
      </trkpt>
      <trkpt lat="37.61377992108464" lon="13.717849971726537">
        <ele>462.3</ele>
      </trkpt>
      <trkpt lat="37.61377992108464" lon="13.71790001168847">
        <ele>462.77</ele>
      </trkpt>
      <trkpt lat="37.61378997936845" lon="13.71800989843905">
        <ele>463.22</ele>
      </trkpt>
      <trkpt lat="37.61379995383322" lon="13.718079887330532">
        <ele>463.66</ele>
      </trkpt>
      <trkpt lat="37.61378997936845" lon="13.718369984999299">
        <ele>464.06</ele>
      </trkpt>
      <trkpt lat="37.613825015723705" lon="13.718605348840356">
        <ele>464.48</ele>
      </trkpt>
      <trkpt lat="37.61385996825993" lon="13.718839958310127">
        <ele>464.89</ele>
      </trkpt>
      <trkpt lat="37.613889975473285" lon="13.71906534768641">
        <ele>465.25</ele>
      </trkpt>
      <trkpt lat="37.61391998268664" lon="13.719289982691407">
        <ele>465.56</ele>
      </trkpt>
      <trkpt lat="37.61394998989999" lon="13.719519898295403">
        <ele>465.84</ele>
      </trkpt>
      <trkpt lat="37.61397002264857" lon="13.719669934362173">
        <ele>466.11</ele>
      </trkpt>
      <trkpt lat="37.61398997157812" lon="13.719729948788881">
        <ele>466.33</ele>
      </trkpt>
      <trkpt lat="37.61400002986193" lon="13.71974989771843">
        <ele>466.53</ele>
      </trkpt>
      <trkpt lat="37.6140599604696" lon="13.71983002871275">
        <ele>466.67</ele>
      </trkpt>
      <trkpt lat="37.61411997489631" lon="13.71987990103662">
        <ele>466.79</ele>
      </trkpt>
      <trkpt lat="37.61421997100115" lon="13.719930024817586">
        <ele>466.86</ele>
      </trkpt>
      <trkpt lat="37.6142898760736" lon="13.719979980960488">
        <ele>466.92</ele>
      </trkpt>
      <trkpt lat="37.61433002538979" lon="13.720000013709068">
        <ele>466.97</ele>
      </trkpt>
      <trkpt lat="37.61437998153269" lon="13.72004996985197">
        <ele>467.01</ele>
      </trkpt>
      <trkpt lat="37.61440998874605" lon="13.720109984278679">
        <ele>467.04</ele>
      </trkpt>
      <trkpt lat="37.61447997763753" lon="13.72026002034545">
        <ele>467.05</ele>
      </trkpt>
      <trkpt lat="37.61450998485088" lon="13.720320034772158">
        <ele>467.06</ele>
      </trkpt>
      <trkpt lat="37.61454996652901" lon="13.72039002366364">
        <ele>467.04</ele>
      </trkpt>
      <trkpt lat="37.61456999927759" lon="13.720469987019897">
        <ele>467.02</ele>
      </trkpt>
      <trkpt lat="37.61456999927759" lon="13.720509884878993">
        <ele>467.01</ele>
      </trkpt>
      <trkpt lat="37.61456999927759" lon="13.720529917627573">
        <ele>466.98</ele>
      </trkpt>
      <trkpt lat="37.61456999927759" lon="13.720599990338087">
        <ele>466.95</ele>
      </trkpt>
      <trkpt lat="37.61451995931566" lon="13.72090995311737">
        <ele>467.05</ele>
      </trkpt>
      <trkpt lat="37.61450998485088" lon="13.720979942008853">
        <ele>466.99</ele>
      </trkpt>
      <trkpt lat="37.61450998485088" lon="13.72105990536511">
        <ele>466.9</ele>
      </trkpt>
      <trkpt lat="37.61453001759946" lon="13.721180018037558">
        <ele>466.78</ele>
      </trkpt>
      <trkpt lat="37.61453001759946" lon="13.721199966967106">
        <ele>466.66</ele>
      </trkpt>
      <trkpt lat="37.61454996652901" lon="13.72127003967762">
        <ele>466.53</ele>
      </trkpt>
      <trkpt lat="37.61459003202617" lon="13.721350003033876">
        <ele>466.37</ele>
      </trkpt>
      <trkpt lat="37.6146300137043" lon="13.721389900892973">
        <ele>466.19</ele>
      </trkpt>
      <trkpt lat="37.61470000259578" lon="13.721429882571101">
        <ele>465.99</ele>
      </trkpt>
      <trkpt lat="37.61479999870062" lon="13.721459973603487">
        <ele>465.77</ele>
      </trkpt>
      <trkpt lat="37.61486001312733" lon="13.721480006352067">
        <ele>465.57</ele>
      </trkpt>
      <trkpt lat="37.61496998369694" lon="13.721519988030195">
        <ele>465.35</ele>
      </trkpt>
      <trkpt lat="37.61497995816171" lon="13.72152996249497">
        <ele>465.15</ele>
      </trkpt>
      <trkpt lat="37.61503997258842" lon="13.72157002799213">
        <ele>464.94</ele>
      </trkpt>
      <trkpt lat="37.61512001976371" lon="13.721649991348386">
        <ele>464.75</ele>
      </trkpt>
      <trkpt lat="37.61519000865519" lon="13.721719980239868">
        <ele>464.55</ele>
      </trkpt>
      <trkpt lat="37.61522990651429" lon="13.72174990363419">
        <ele>464.32</ele>
      </trkpt>
      <trkpt lat="37.6152999792248" lon="13.721779994666576">
        <ele>464.08</ele>
      </trkpt>
      <trkpt lat="37.615329986438155" lon="13.721800027415156">
        <ele>463.85</ele>
      </trkpt>
      <trkpt lat="37.61536996811628" lon="13.721800027415156">
        <ele>463.59</ele>
      </trkpt>
      <trkpt lat="37.61564003303647" lon="13.721800027415156">
        <ele>463.26</ele>
      </trkpt>
      <trkpt lat="37.61566995643079" lon="13.721800027415156">
        <ele>463.01</ele>
      </trkpt>
      <trkpt lat="37.615699879825115" lon="13.72181000187993">
        <ele>462.76</ele>
      </trkpt>
      <trkpt lat="37.61571999639273" lon="13.72181000187993">
        <ele>462.5</ele>
      </trkpt>
      <trkpt lat="37.61575000360608" lon="13.721839925274253">
        <ele>462.25</ele>
      </trkpt>
      <trkpt lat="37.615780010819435" lon="13.721870016306639">
        <ele>462.01</ele>
      </trkpt>
      <trkpt lat="37.61578990146518" lon="13.721879906952381">
        <ele>461.74</ele>
      </trkpt>
      <trkpt lat="37.61581001803279" lon="13.721889965236187">
        <ele>461.47</ele>
      </trkpt>
      <trkpt lat="37.61582996696234" lon="13.721899939700961">
        <ele>461.2</ele>
      </trkpt>
      <trkpt lat="37.6158700324595" lon="13.721899939700961">
        <ele>460.91</ele>
      </trkpt>
      <trkpt lat="37.615910014137626" lon="13.721909997984767">
        <ele>460.63</ele>
      </trkpt>
      <trkpt lat="37.61614001356065" lon="13.722040001302958">
        <ele>460.4</ele>
      </trkpt>
      <trkpt lat="37.61639197356999" lon="13.722139913588762">
        <ele>460.11</ele>
      </trkpt>
      <trkpt lat="37.61657000519335" lon="13.722206884995103">
        <ele>459.78</ele>
      </trkpt>
      <trkpt lat="37.616704031825066" lon="13.722375947982073">
        <ele>459.44</ele>
      </trkpt>
      <trkpt lat="37.61672196909785" lon="13.72254190966487">
        <ele>459.1</ele>
      </trkpt>
      <trkpt lat="37.61675700545311" lon="13.722746009007096">
        <ele>458.75</ele>
      </trkpt>
      <trkpt lat="37.616769997403026" lon="13.722769981250167">
        <ele>458.44</ele>
      </trkpt>
      <trkpt lat="37.616790030151606" lon="13.722809962928295">
        <ele>458.11</ele>
      </trkpt>
      <trkpt lat="37.616879967972636" lon="13.722999896854162">
        <ele>457.73</ele>
      </trkpt>
      <trkpt lat="37.61693000793457" lon="13.723069969564676">
        <ele>457.39</ele>
      </trkpt>
      <trkpt lat="37.61695993132889" lon="13.723159991204739">
        <ele>457.06</ele>
      </trkpt>
      <trkpt lat="37.61695993132889" lon="13.723220005631447">
        <ele>456.76</ele>
      </trkpt>
      <trkpt lat="37.61695993132889" lon="13.72331002727151">
        <ele>456.46</ele>
      </trkpt>
      <trkpt lat="37.61693989858031" lon="13.72337993234396">
        <ele>456.17</ele>
      </trkpt>
      <trkpt lat="37.61693000793457" lon="13.72341999784112">
        <ele>455.88</ele>
      </trkpt>
      <trkpt lat="37.616920033469796" lon="13.72341999784112">
        <ele>455.61</ele>
      </trkpt>
      <trkpt lat="37.616900000721216" lon="13.723449921235442">
        <ele>455.32</ele>
      </trkpt>
      <trkpt lat="37.6167799718678" lon="13.723540026694536">
        <ele>455.06</ele>
      </trkpt>
      <trkpt lat="37.61676002293825" lon="13.723559891805053">
        <ele>454.8</ele>
      </trkpt>
      <trkpt lat="37.61663001962006" lon="13.72365988790989">
        <ele>454.56</ele>
      </trkpt>
      <trkpt lat="37.616619961336255" lon="13.723670030012727">
        <ele>454.31</ele>
      </trkpt>
      <trkpt lat="37.61656003072858" lon="13.723729876801372">
        <ele>454.06</ele>
      </trkpt>
      <trkpt lat="37.616490041837096" lon="13.72380992397666">
        <ele>453.83</ele>
      </trkpt>
      <trkpt lat="37.61647998355329" lon="13.723840015009046">
        <ele>453.58</ele>
      </trkpt>
      <trkpt lat="37.616470009088516" lon="13.7238700222224">
        <ele>453.34</ele>
      </trkpt>
      <trkpt lat="37.616470009088516" lon="13.723949985578656">
        <ele>453.07</ele>
      </trkpt>
      <trkpt lat="37.61647998355329" lon="13.723989883437753">
        <ele>452.81</ele>
      </trkpt>
      <trkpt lat="37.616490041837096" lon="13.724029948934913">
        <ele>452.55</ele>
      </trkpt>
      <trkpt lat="37.61650001630187" lon="13.724069930613041">
        <ele>452.3</ele>
      </trkpt>
      <trkpt lat="37.61652993969619" lon="13.724179901182652">
        <ele>452.02</ele>
      </trkpt>
      <trkpt lat="37.61654988862574" lon="13.724230024963617">
        <ele>451.75</ele>
      </trkpt>
      <trkpt lat="37.61654988862574" lon="13.72423991560936">
        <ele>451.52</ele>
      </trkpt>
      <trkpt lat="37.61663001962006" lon="13.724449966102839">
        <ele>451.19</ele>
      </trkpt>
      <trkpt lat="37.61670998297632" lon="13.72464987449348">
        <ele>450.91</ele>
      </trkpt>
      <trkpt lat="37.61670998297632" lon="13.72466990724206">
        <ele>450.68</ele>
      </trkpt>
      <trkpt lat="37.61673999018967" lon="13.72475003823638">
        <ele>450.44</ele>
      </trkpt>
      <trkpt lat="37.616769997403026" lon="13.724869899451733">
        <ele>450.21</ele>
      </trkpt>
      <trkpt lat="37.6167799718678" lon="13.72488004155457">
        <ele>449.94</ele>
      </trkpt>
      <trkpt lat="37.6168299280107" lon="13.725029993802309">
        <ele>449.74</ele>
      </trkpt>
      <trkpt lat="37.616920033469796" lon="13.725280025973916">
        <ele>449.53</ele>
      </trkpt>
      <trkpt lat="37.61695993132889" lon="13.725389996543527">
        <ele>449.23</ele>
      </trkpt>
      <trkpt lat="37.61699002236128" lon="13.725489908829331">
        <ele>448.9</ele>
      </trkpt>
      <trkpt lat="37.61703997850418" lon="13.725639944896102">
        <ele>448.55</ele>
      </trkpt>
      <trkpt lat="37.61706001125276" lon="13.72569995932281">
        <ele>448.21</ele>
      </trkpt>
      <trkpt lat="37.61708993464708" lon="13.725780006498098">
        <ele>447.84</ele>
      </trkpt>
      <trkpt lat="37.61710988357663" lon="13.725819988176227">
        <ele>447.44</ele>
      </trkpt>
      <trkpt lat="37.61713997460902" lon="13.725889977067709">
        <ele>447.03</ele>
      </trkpt>
      <trkpt lat="37.61715003289282" lon="13.725889977067709">
        <ele>446.6</ele>
      </trkpt>
      <trkpt lat="37.6172599196434" lon="13.726069936528802">
        <ele>446.13</ele>
      </trkpt>
      <trkpt lat="37.61726997792721" lon="13.72608988545835">
        <ele>445.67</ele>
      </trkpt>
      <trkpt lat="37.617350025102496" lon="13.72617001645267">
        <ele>445.17</ele>
      </trkpt>
      <trkpt lat="37.6173999812454" lon="13.726209998130798">
        <ele>444.64</ele>
      </trkpt>
      <trkpt lat="37.61755001731217" lon="13.726329943165183">
        <ele>444.06</ele>
      </trkpt>
      <trkpt lat="37.6176899112761" lon="13.726400015875697">
        <ele>443.46</ele>
      </trkpt>
      <trkpt lat="37.6178299728781" lon="13.72647000476718">
        <ele>442.82</ele>
      </trkpt>
      <trkpt lat="37.61788998730481" lon="13.72649003751576">
        <ele>442.19</ele>
      </trkpt>
      <trkpt lat="37.6179298851639" lon="13.72649003751576">
        <ele>441.55</ele>
      </trkpt>
      <trkpt lat="37.61798998340964" lon="13.72649003751576">
        <ele>440.89</ele>
      </trkpt>
      <trkpt lat="37.618019990623" lon="13.726479895412922">
        <ele>440.21</ele>
      </trkpt>
      <trkpt lat="37.61821998283267" lon="13.726439997553825">
        <ele>439.48</ele>
      </trkpt>
      <trkpt lat="37.61824990622699" lon="13.726439997553825">
        <ele>438.74</ele>
      </trkpt>
      <trkpt lat="37.61837001889944" lon="13.726419964805245">
        <ele>437.96</ele>
      </trkpt>
      <trkpt lat="37.61841997504234" lon="13.726419964805245">
        <ele>437.18</ele>
      </trkpt>
      <trkpt lat="37.61856003664434" lon="13.72642993927002">
        <ele>436.34</ele>
      </trkpt>
      <trkpt lat="37.61856992729008" lon="13.72642993927002">
        <ele>435.53</ele>
      </trkpt>
      <trkpt lat="37.61880001053214" lon="13.7264499720186">
        <ele>434.64</ele>
      </trkpt>
      <trkpt lat="37.61893001385033" lon="13.7264499720186">
        <ele>433.77</ele>
      </trkpt>
      <trkpt lat="37.61903000995517" lon="13.726439997553825">
        <ele>432.87</ele>
      </trkpt>
      <trkpt lat="37.61912003159523" lon="13.726400015875697">
        <ele>431.95</ele>
      </trkpt>
      <trkpt lat="37.61912992224097" lon="13.726389957591891">
        <ele>431.08</ele>
      </trkpt>
      <trkpt lat="37.61919002048671" lon="13.726349892094731">
        <ele>430.17</ele>
      </trkpt>
      <trkpt lat="37.61920996941626" lon="13.726329943165183">
        <ele>429.28</ele>
      </trkpt>
      <trkpt lat="37.61929999105632" lon="13.7262599542737">
        <ele>428.36</ele>
      </trkpt>
      <trkpt lat="37.6195100415498" lon="13.726049903780222">
        <ele>427.29</ele>
      </trkpt>
      <trkpt lat="37.61959997937083" lon="13.725989973172545">
        <ele>426.34</ele>
      </trkpt>
      <trkpt lat="37.61968991719186" lon="13.72595988214016">
        <ele>425.42</ele>
      </trkpt>
      <trkpt lat="37.61972989886999" lon="13.725949991494417">
        <ele>424.52</ele>
      </trkpt>
      <trkpt lat="37.6197500154376" lon="13.725949991494417">
        <ele>423.63</ele>
      </trkpt>
      <trkpt lat="37.61978002265096" lon="13.725949991494417">
        <ele>422.75</ele>
      </trkpt>
      <trkpt lat="37.61987993493676" lon="13.72595988214016">
        <ele>421.86</ele>
      </trkpt>
      <trkpt lat="37.62000993825495" lon="13.726010005921125">
        <ele>420.98</ele>
      </trkpt>
      <trkpt lat="37.62011990882456" lon="13.726069936528802">
        <ele>420.12</ele>
      </trkpt>
      <trkpt lat="37.62021998874843" lon="13.72614998370409">
        <ele>419.27</ele>
      </trkpt>
      <trkpt lat="37.620270028710365" lon="13.72621988877654">
        <ele>418.43</ele>
      </trkpt>
      <trkpt lat="37.62031998485327" lon="13.726270012557507">
        <ele>417.58</ele>
      </trkpt>
      <trkpt lat="37.62034001760185" lon="13.726319968700409">
        <ele>416.76</ele>
      </trkpt>
      <trkpt lat="37.62034999206662" lon="13.726379983127117">
        <ele>415.95</ele>
      </trkpt>
      <trkpt lat="37.620359966531396" lon="13.72647000476718">
        <ele>415.14</ele>
      </trkpt>
      <trkpt lat="37.62034001760185" lon="13.72657997533679">
        <ele>414.34</ele>
      </trkpt>
      <trkpt lat="37.62034001760185" lon="13.726590033620596">
        <ele>413.56</ele>
      </trkpt>
      <trkpt lat="37.62031998485327" lon="13.726679971441627">
        <ele>412.79</ele>
      </trkpt>
      <trkpt lat="37.62028000317514" lon="13.726799916476011">
        <ele>412.01</ele>
      </trkpt>
      <trkpt lat="37.62019987218082" lon="13.726999992504716">
        <ele>411.21</ele>
      </trkpt>
      <trkpt lat="37.62014999985695" lon="13.727150028571486">
        <ele>410.48</ele>
      </trkpt>
      <trkpt lat="37.62008001096547" lon="13.727379944175482">
        <ele>409.73</ele>
      </trkpt>
      <trkpt lat="37.62002997100353" lon="13.72756996192038">
        <ele>409.05</ele>
      </trkpt>
      <trkpt lat="37.61998990550637" lon="13.727710023522377">
        <ele>408.38</ele>
      </trkpt>
      <trkpt lat="37.61998001486063" lon="13.727789903059602">
        <ele>407.73</ele>
      </trkpt>
      <trkpt lat="37.619970040395856" lon="13.72788998298347">
        <ele>407.1</ele>
      </trkpt>
      <trkpt lat="37.61995998211205" lon="13.72801998630166">
        <ele>406.48</ele>
      </trkpt>
      <trkpt lat="37.619950007647276" lon="13.728239927440882">
        <ele>405.81</ele>
      </trkpt>
      <trkpt lat="37.619950007647276" lon="13.728519883006811">
        <ele>405.18</ele>
      </trkpt>
      <trkpt lat="37.6199400331825" lon="13.72857989743352">
        <ele>404.66</ele>
      </trkpt>
      <trkpt lat="37.61992980726063" lon="13.728739991784096">
        <ele>404.16</ele>
      </trkpt>
      <trkpt lat="37.61991002596915" lon="13.72885993681848">
        <ele>403.69</ele>
      </trkpt>
      <trkpt lat="37.61988999322057" lon="13.728969907388091">
        <ele>403.25</ele>
      </trkpt>
      <trkpt lat="37.61987993493676" lon="13.728999998420477">
        <ele>402.85</ele>
      </trkpt>
      <trkpt lat="37.619840037077665" lon="13.729099910706282">
        <ele>402.46</ele>
      </trkpt>
      <trkpt lat="37.619840037077665" lon="13.729109968990088">
        <ele>402.11</ele>
      </trkpt>
      <trkpt lat="37.619820004329085" lon="13.72913989238441">
        <ele>401.79</ele>
      </trkpt>
      <trkpt lat="37.619799971580505" lon="13.72915992513299">
        <ele>401.5</ele>
      </trkpt>
      <trkpt lat="37.61978002265096" lon="13.729190016165376">
        <ele>401.23</ele>
      </trkpt>
      <trkpt lat="37.61968002654612" lon="13.729260005056858">
        <ele>401.0</ele>
      </trkpt>
      <trkpt lat="37.61965001933277" lon="13.7292698957026">
        <ele>400.79</ele>
      </trkpt>
      <trkpt lat="37.61955991387367" lon="13.729299986734986">
        <ele>400.62</ele>
      </trkpt>
      <trkpt lat="37.61946997605264" lon="13.729339884594083">
        <ele>400.44</ele>
      </trkpt>
      <trkpt lat="37.619390012696385" lon="13.729369975626469">
        <ele>400.3</ele>
      </trkpt>
      <trkpt lat="37.61929999105632" lon="13.729399899020791">
        <ele>400.17</ele>
      </trkpt>
      <trkpt lat="37.61929001659155" lon="13.729399899020791">
        <ele>400.08</ele>
      </trkpt>
      <trkpt lat="37.61923989281058" lon="13.729419931769371">
        <ele>399.99</ele>
      </trkpt>
      <trkpt lat="37.61919999495149" lon="13.729450022801757">
        <ele>399.92</ele>
      </trkpt>
      <trkpt lat="37.61914995498955" lon="13.72949997894466">
        <ele>399.85</ele>
      </trkpt>
      <trkpt lat="37.61914995498955" lon="13.729510037228465">
        <ele>399.82</ele>
      </trkpt>
      <trkpt lat="37.61910988949239" lon="13.729549935087562">
        <ele>399.79</ele>
      </trkpt>
      <trkpt lat="37.619090024381876" lon="13.729620007798076">
        <ele>399.76</ele>
      </trkpt>
      <trkpt lat="37.619069991633296" lon="13.729710029438138">
        <ele>399.74</ele>
      </trkpt>
      <trkpt lat="37.61906001716852" lon="13.72973995283246">
        <ele>399.75</ele>
      </trkpt>
      <trkpt lat="37.619049958884716" lon="13.729849923402071">
        <ele>399.77</ele>
      </trkpt>
      <trkpt lat="37.619049958884716" lon="13.72992997057736">
        <ele>399.82</ele>
      </trkpt>
      <trkpt lat="37.619049958884716" lon="13.729959893971682">
        <ele>399.89</ele>
      </trkpt>
      <trkpt lat="37.619049958884716" lon="13.73003994114697">
        <ele>399.97</ele>
      </trkpt>
      <trkpt lat="37.619069991633296" lon="13.73010003939271">
        <ele>400.04</ele>
      </trkpt>
      <trkpt lat="37.619090024381876" lon="13.73014991171658">
        <ele>400.11</ele>
      </trkpt>
      <trkpt lat="37.61909999884665" lon="13.73016994446516">
        <ele>400.18</ele>
      </trkpt>
      <trkpt lat="37.6191699039191" lon="13.730259882286191">
        <ele>400.25</ele>
      </trkpt>
      <trkpt lat="37.61920996941626" lon="13.7303198967129">
        <ele>400.3</ele>
      </trkpt>
      <trkpt lat="37.61923000216484" lon="13.730349987745285">
        <ele>400.35</ele>
      </trkpt>
      <trkpt lat="37.61926998384297" lon="13.730440009385347">
        <ele>400.4</ele>
      </trkpt>
      <trkpt lat="37.61929001659155" lon="13.730559954419732">
        <ele>400.47</ele>
      </trkpt>
      <trkpt lat="37.61932999826968" lon="13.73079003766179">
        <ele>400.57</ele>
      </trkpt>
      <trkpt lat="37.61935003101826" lon="13.730969913303852">
        <ele>400.62</ele>
      </trkpt>
      <trkpt lat="37.61936000548303" lon="13.73100989498198">
        <ele>400.6</ele>
      </trkpt>
      <trkpt lat="37.619369979947805" lon="13.731109974905849">
        <ele>400.57</ele>
      </trkpt>
      <trkpt lat="37.619369979947805" lon="13.731190022081137">
        <ele>400.52</ele>
      </trkpt>
      <trkpt lat="37.61935003101826" lon="13.731299992650747">
        <ele>400.44</ele>
      </trkpt>
      <trkpt lat="37.6193200238049" lon="13.731409963220358">
        <ele>400.33</ele>
      </trkpt>
      <trkpt lat="37.6193200238049" lon="13.731419937685132">
        <ele>400.19</ele>
      </trkpt>
      <trkpt lat="37.61925992555916" lon="13.731599980965257">
        <ele>399.99</ele>
      </trkpt>
      <trkpt lat="37.61925003491342" lon="13.731620013713837">
        <ele>399.8</ele>
      </trkpt>
      <trkpt lat="37.61916001327336" lon="13.73182000592351">
        <ele>399.52</ele>
      </trkpt>
      <trkpt lat="37.619069991633296" lon="13.732010023668408">
        <ele>399.24</ele>
      </trkpt>
      <trkpt lat="37.619049958884716" lon="13.732099961489439">
        <ele>398.97</ele>
      </trkpt>
      <trkpt lat="37.61901995167136" lon="13.732149917632341">
        <ele>398.7</ele>
      </trkpt>
      <trkpt lat="37.6189798861742" lon="13.73220993205905">
        <ele>398.42</ele>
      </trkpt>
      <trkpt lat="37.61882993392646" lon="13.732440015301108">
        <ele>398.13</ele>
      </trkpt>
      <trkpt lat="37.61869993060827" lon="13.732589967548847">
        <ele>397.85</ele>
      </trkpt>
      <trkpt lat="37.61860001832247" lon="13.732689879834652">
        <ele>397.55</ele>
      </trkpt>
      <trkpt lat="37.6184600405395" lon="13.732819883152843">
        <ele>397.22</ele>
      </trkpt>
      <trkpt lat="37.61844000779092" lon="13.732839915901423">
        <ele>396.88</ele>
      </trkpt>
      <trkpt lat="37.61834998615086" lon="13.73296002857387">
        <ele>396.49</ele>
      </trkpt>
      <trkpt lat="37.61834001168609" lon="13.732989951968193">
        <ele>396.11</ele>
      </trkpt>
      <trkpt lat="37.61831997893751" lon="13.733039991930127">
        <ele>395.73</ele>
      </trkpt>
      <trkpt lat="37.61826993897557" lon="13.733190027996898">
        <ele>395.31</ele>
      </trkpt>
      <trkpt lat="37.61826993897557" lon="13.73319991864264">
        <ele>394.95</ele>
      </trkpt>
      <trkpt lat="37.61826993897557" lon="13.733269907534122">
        <ele>394.57</ele>
      </trkpt>
      <trkpt lat="37.61827999725938" lon="13.733339980244637">
        <ele>394.18</ele>
      </trkpt>
      <trkpt lat="37.61831000447273" lon="13.733399910852313">
        <ele>393.8</ele>
      </trkpt>
      <trkpt lat="37.61831000447273" lon="13.733409969136119">
        <ele>393.48</ele>
      </trkpt>
      <trkpt lat="37.61838996782899" lon="13.733620019629598">
        <ele>393.14</ele>
      </trkpt>
      <trkpt lat="37.61841997504234" lon="13.733729990199208">
        <ele>392.85</ele>
      </trkpt>
      <trkpt lat="37.6184600405395" lon="13.733829902485013">
        <ele>392.59</ele>
      </trkpt>
      <trkpt lat="37.61847998946905" lon="13.733869884163141">
        <ele>392.34</ele>
      </trkpt>
      <trkpt lat="37.6185498945415" lon="13.733999887481332">
        <ele>392.12</ele>
      </trkpt>
      <trkpt lat="37.61869490146637" lon="13.734154868870974">
        <ele>391.88</ele>
      </trkpt>
      <trkpt lat="37.61883999221027" lon="13.734310017898679">
        <ele>391.66</ele>
      </trkpt>
      <trkpt lat="37.619069991633296" lon="13.734500035643578">
        <ele>391.48</ele>
      </trkpt>
      <trkpt lat="37.61919999495149" lon="13.73465996235609">
        <ele>391.37</ele>
      </trkpt>
      <trkpt lat="37.61923000216484" lon="13.734709918498993">
        <ele>391.27</ele>
      </trkpt>
      <trkpt lat="37.61926998384297" lon="13.73482994735241">
        <ele>391.22</ele>
      </trkpt>
      <trkpt lat="37.61927995830774" lon="13.734860038384795">
        <ele>391.15</ele>
      </trkpt>
      <trkpt lat="37.61929001659155" lon="13.7349599506706">
        <ele>391.13</ele>
      </trkpt>
      <trkpt lat="37.61929999105632" lon="13.73500001616776">
        <ele>391.13</ele>
      </trkpt>
      <trkpt lat="37.61929001659155" lon="13.73508995398879">
        <ele>391.16</ele>
      </trkpt>
      <trkpt lat="37.61929001659155" lon="13.735159942880273">
        <ele>391.21</ele>
      </trkpt>
      <trkpt lat="37.61927995830774" lon="13.735339986160398">
        <ele>391.27</ele>
      </trkpt>
      <trkpt lat="37.61926998384297" lon="13.73553997837007">
        <ele>391.37</ele>
      </trkpt>
      <trkpt lat="37.61923989281058" lon="13.735759919509292">
        <ele>391.5</ele>
      </trkpt>
      <trkpt lat="37.61923000216484" lon="13.735829992219806">
        <ele>391.66</ele>
      </trkpt>
      <trkpt lat="37.61919002048671" lon="13.735980028286576">
        <ele>391.86</ele>
      </trkpt>
      <trkpt lat="37.61912003159523" lon="13.736189911141992">
        <ele>392.1</ele>
      </trkpt>
      <trkpt lat="37.61906001716852" lon="13.73639996163547">
        <ele>392.31</ele>
      </trkpt>
      <trkpt lat="37.618989860638976" lon="13.736619902774692">
        <ele>392.53</ele>
      </trkpt>
      <trkpt lat="37.61893001385033" lon="13.73682995326817">
        <ele>392.77</ele>
      </trkpt>
      <trkpt lat="37.618899922817945" lon="13.736939923837781">
        <ele>393.06</ele>
      </trkpt>
      <trkpt lat="37.61882482096553" lon="13.737155254930258">
        <ele>393.36</ele>
      </trkpt>
      <trkpt lat="37.61874997057021" lon="13.737369915470481">
        <ele>393.65</ele>
      </trkpt>
      <trkpt lat="37.618660032749176" lon="13.737490028142929">
        <ele>394.03</ele>
      </trkpt>
      <trkpt lat="37.61857998557389" lon="13.73759999871254">
        <ele>394.45</ele>
      </trkpt>
      <trkpt lat="37.6185498945415" lon="13.737660013139248">
        <ele>394.89</ele>
      </trkpt>
      <trkpt lat="37.618429865688086" lon="13.737829998135567">
        <ele>395.38</ele>
      </trkpt>
      <trkpt lat="37.61833003722131" lon="13.7379698920995">
        <ele>395.93</ele>
      </trkpt>
      <trkpt lat="37.61831000447273" lon="13.737999983131886">
        <ele>396.47</ele>
      </trkpt>
      <trkpt lat="37.61824001558125" lon="13.73809989541769">
        <ele>397.05</ele>
      </trkpt>
      <trkpt lat="37.618189975619316" lon="13.738169884309173">
        <ele>397.63</ele>
      </trkpt>
      <trkpt lat="37.618039939552546" lon="13.73837498947978">
        <ele>398.3</ele>
      </trkpt>
      <trkpt lat="37.61788998730481" lon="13.738580010831356">
        <ele>398.95</ele>
      </trkpt>
      <trkpt lat="37.6178299728781" lon="13.738629966974258">
        <ele>399.57</ele>
      </trkpt>
      <trkpt lat="37.61774003505707" lon="13.73865989036858">
        <ele>400.21</ele>
      </trkpt>
      <trkpt lat="37.61753995902836" lon="13.738670032471418">
        <ele>400.9</ele>
      </trkpt>
      <trkpt lat="37.61745002120733" lon="13.73865989036858">
        <ele>401.54</ele>
      </trkpt>
      <trkpt lat="37.61726997792721" lon="13.738639941439033">
        <ele>402.2</ele>
      </trkpt>
      <trkpt lat="37.61709529906511" lon="13.738625021651387">
        <ele>402.87</ele>
      </trkpt>
      <trkpt lat="37.616920033469796" lon="13.73861001804471">
        <ele>403.55</ele>
      </trkpt>
      <trkpt lat="37.616729931905866" lon="13.73858998529613">
        <ele>404.24</ele>
      </trkpt>
      <trkpt lat="37.61670000851154" lon="13.738580010831356">
        <ele>404.85</ele>
      </trkpt>
      <trkpt lat="37.61654988862574" lon="13.738580010831356">
        <ele>405.48</ele>
      </trkpt>
      <trkpt lat="37.61652993969619" lon="13.738580010831356">
        <ele>406.05</ele>
      </trkpt>
      <trkpt lat="37.616365319117904" lon="13.738624854013324">
        <ele>406.63</ele>
      </trkpt>
      <trkpt lat="37.61620002798736" lon="13.738670032471418">
        <ele>407.16</ele>
      </trkpt>
      <trkpt lat="37.616040017455816" lon="13.738769944757223">
        <ele>407.68</ele>
      </trkpt>
      <trkpt lat="37.61598989367485" lon="13.738809926435351">
        <ele>408.18</ele>
      </trkpt>
      <trkpt lat="37.61594002135098" lon="13.738900031894445">
        <ele>408.63</ele>
      </trkpt>
      <trkpt lat="37.61584999971092" lon="13.739079991355538">
        <ele>409.06</ele>
      </trkpt>
      <trkpt lat="37.615759978070855" lon="13.73933999799192">
        <ele>409.46</ele>
      </trkpt>
      <trkpt lat="37.61577003635466" lon="13.73942993581295">
        <ele>409.87</ele>
      </trkpt>
      <trkpt lat="37.61581001803279" lon="13.739509982988238">
        <ele>410.27</ele>
      </trkpt>
      <trkpt lat="37.6159699447453" lon="13.7397900223732">
        <ele>410.61</ele>
      </trkpt>
      <trkpt lat="37.61601001024246" lon="13.739869985729456">
        <ele>410.95</ele>
      </trkpt>
      <trkpt lat="37.616040017455816" lon="13.739949949085712">
        <ele>411.28</ele>
      </trkpt>
      <trkpt lat="37.61604999192059" lon="13.74000996351242">
        <ele>411.59</ele>
      </trkpt>
      <trkpt lat="37.61604999192059" lon="13.74005002900958">
        <ele>411.9</ele>
      </trkpt>
      <trkpt lat="37.61604999192059" lon="13.740169974043965">
        <ele>412.19</ele>
      </trkpt>
      <trkpt lat="37.61604999192059" lon="13.740239962935448">
        <ele>412.46</ele>
      </trkpt>
      <trkpt lat="37.616040017455816" lon="13.74043995514512">
        <ele>412.75</ele>
      </trkpt>
      <trkpt lat="37.61602995917201" lon="13.7404599878937">
        <ele>412.98</ele>
      </trkpt>
      <trkpt lat="37.61601001024246" lon="13.740619998425245">
        <ele>413.22</ele>
      </trkpt>
      <trkpt lat="37.61594991199672" lon="13.740789899602532">
        <ele>413.44</ele>
      </trkpt>
      <trkpt lat="37.615910014137626" lon="13.740859972313046">
        <ele>413.64</ele>
      </trkpt>
      <trkpt lat="37.6157799270004" lon="13.741034986451268">
        <ele>413.9</ele>
      </trkpt>
      <trkpt lat="37.61564992368221" lon="13.74121000058949">
        <ele>414.11</ele>
      </trkpt>
      <trkpt lat="37.61562989093363" lon="13.74123003333807">
        <ele>414.27</ele>
      </trkpt>
      <trkpt lat="37.61552997864783" lon="13.741369927302003">
        <ele>414.46</ele>
      </trkpt>
      <trkpt lat="37.61539997532964" lon="13.74153002165258">
        <ele>414.64</ele>
      </trkpt>
      <trkpt lat="37.615289920940995" lon="13.741675028577447">
        <ele>414.77</ele>
      </trkpt>
      <trkpt lat="37.615180034190416" lon="13.741819951683283">
        <ele>414.92</ele>
      </trkpt>
      <trkpt lat="37.61515002697706" lon="13.741859933361411">
        <ele>415.04</ele>
      </trkpt>
      <trkpt lat="37.61495003476739" lon="13.74213988892734">
        <ele>415.15</ele>
      </trkpt>
      <trkpt lat="37.614899994805455" lon="13.742190012708306">
        <ele>415.26</ele>
      </trkpt>
      <trkpt lat="37.614879962056875" lon="13.742209877818823">
        <ele>415.36</ele>
      </trkpt>
      <trkpt lat="37.61480997316539" lon="13.742260001599789">
        <ele>415.46</ele>
      </trkpt>
      <trkpt lat="37.61474987491965" lon="13.742289924994111">
        <ele>415.58</ele>
      </trkpt>
      <trkpt lat="37.61472003534436" lon="13.742309957742691">
        <ele>415.69</ele>
      </trkpt>
      <trkpt lat="37.6146799698472" lon="13.74232990667224">
        <ele>415.82</ele>
      </trkpt>
      <trkpt lat="37.61456999927759" lon="13.742359997704625">
        <ele>415.97</ele>
      </trkpt>
      <trkpt lat="37.61440001428127" lon="13.74241003766656">
        <ele>416.15</ele>
      </trkpt>
      <trkpt lat="37.61427001096308" lon="13.742450019344687">
        <ele>416.32</ele>
      </trkpt>
      <trkpt lat="37.61422994546592" lon="13.74247994273901">
        <ele>416.5</ele>
      </trkpt>
      <trkpt lat="37.61418987996876" lon="13.742510033771396">
        <ele>416.71</ele>
      </trkpt>
      <trkpt lat="37.61410002596676" lon="13.742640037089586">
        <ele>416.91</ele>
      </trkpt>
      <trkpt lat="37.6140599604696" lon="13.74275989830494">
        <ele>417.15</ele>
      </trkpt>
      <trkpt lat="37.614040011540055" lon="13.7427999638021">
        <ele>417.46</ele>
      </trkpt>
      <trkpt lat="37.61403003707528" lon="13.742849919945002">
        <ele>417.8</ele>
      </trkpt>
      <trkpt lat="37.61397999711335" lon="13.74305997043848">
        <ele>418.14</ele>
      </trkpt>
      <trkpt lat="37.613820657134056" lon="13.743109675124288">
        <ele>418.62</ele>
      </trkpt>
      <trkpt lat="37.61382032185793" lon="13.74310975894332">
        <ele>418.82</ele>
      </trkpt>
      <trkpt lat="37.61381990276277" lon="13.743109926581383">
        <ele>419.1</ele>
      </trkpt>
      <trkpt lat="37.61375988833606" lon="13.743109926581383">
        <ele>419.65</ele>
      </trkpt>
      <trkpt lat="37.61351999826729" lon="13.743089893832803">
        <ele>420.31</ele>
      </trkpt>
      <trkpt lat="37.61348999105394" lon="13.74308000318706">
        <ele>420.94</ele>
      </trkpt>
      <trkpt lat="37.61332000605762" lon="13.742999956011772">
        <ele>421.7</ele>
      </trkpt>
      <trkpt lat="37.613269966095686" lon="13.742999956011772">
        <ele>422.41</ele>
      </trkpt>
      <trkpt lat="37.61309998109937" lon="13.74297003261745">
        <ele>423.19</ele>
      </trkpt>
      <trkpt lat="37.61291993781924" lon="13.742940025404096">
        <ele>424.06</ele>
      </trkpt>
      <trkpt lat="37.61289990507066" lon="13.74292996712029">
        <ele>424.92</ele>
      </trkpt>
      <trkpt lat="37.61282999999821" lon="13.74292996712029">
        <ele>425.82</ele>
      </trkpt>
      <trkpt lat="37.61263000778854" lon="13.74292996712029">
        <ele>426.83</ele>
      </trkpt>
      <trkpt lat="37.61253998614848" lon="13.74294999986887">
        <ele>427.84</ele>
      </trkpt>
      <trkpt lat="37.61240981519222" lon="13.742999956011772">
        <ele>428.91</ele>
      </trkpt>
      <trkpt lat="37.61216992512345" lon="13.743169941008091">
        <ele>430.01</ele>
      </trkpt>
      <trkpt lat="37.61210999451578" lon="13.7432299554348">
        <ele>431.11</ele>
      </trkpt>
      <trkpt lat="37.61201988905668" lon="13.74331989325583">
        <ele>432.2</ele>
      </trkpt>
      <trkpt lat="37.6117598824203" lon="13.743370017036796">
        <ele>433.46</ele>
      </trkpt>
      <trkpt lat="37.61149543337524" lon="13.743379907682538">
        <ele>434.73</ele>
      </trkpt>
      <trkpt lat="37.6112299785018" lon="13.743389882147312">
        <ele>436.04</ele>
      </trkpt>
      <trkpt lat="37.61112998239696" lon="13.74340002425015">
        <ele>437.3</ele>
      </trkpt>
      <trkpt lat="37.610819935798645" lon="13.743389882147312">
        <ele>438.65</ele>
      </trkpt>
      <trkpt lat="37.61078003793955" lon="13.743389882147312">
        <ele>439.9</ele>
      </trkpt>
      <trkpt lat="37.610669983550906" lon="13.74340002425015">
        <ele>441.17</ele>
      </trkpt>
      <trkpt lat="37.610500333830714" lon="13.743360042572021">
        <ele>442.47</ele>
      </trkpt>
      <trkpt lat="37.61033001355827" lon="13.74331989325583">
        <ele>443.77</ele>
      </trkpt>
      <trkpt lat="37.61029992252588" lon="13.743310002610087">
        <ele>445.06</ele>
      </trkpt>
      <trkpt lat="37.61001996695995" lon="13.743179999291897">
        <ele>446.42</ele>
      </trkpt>
      <trkpt lat="37.60986004024744" lon="13.743089893832803">
        <ele>447.76</ele>
      </trkpt>
      <trkpt lat="37.60984000749886" lon="13.743070028722286">
        <ele>449.07</ele>
      </trkpt>
      <trkpt lat="37.60968016460538" lon="13.742960141971707">
        <ele>450.41</ele>
      </trkpt>
      <trkpt lat="37.60951998643577" lon="13.742849919945002">
        <ele>451.74</ele>
      </trkpt>
      <trkpt lat="37.60943993926048" lon="13.742789989337325">
        <ele>453.04</ele>
      </trkpt>
      <trkpt lat="37.609200133010745" lon="13.74256007373333">
        <ele>454.39</ele>
      </trkpt>
      <trkpt lat="37.60895999148488" lon="13.74232990667224">
        <ele>455.75</ele>
      </trkpt>
      <trkpt lat="37.60875002481043" lon="13.74213988892734">
        <ele>457.2</ele>
      </trkpt>
      <trkpt lat="37.60872001759708" lon="13.742119939997792">
        <ele>458.48</ele>
      </trkpt>
      <trkpt lat="37.60862999595702" lon="13.74209001660347">
        <ele>459.76</ele>
      </trkpt>
      <trkpt lat="37.60862002149224" lon="13.74209001660347">
        <ele>460.99</ele>
      </trkpt>
      <trkpt lat="37.60855003260076" lon="13.74209001660347">
        <ele>462.21</ele>
      </trkpt>
      <trkpt lat="37.60846990160644" lon="13.74209001660347">
        <ele>463.41</ele>
      </trkpt>
      <trkpt lat="37.60839999653399" lon="13.742109965533018">
        <ele>464.59</ele>
      </trkpt>
      <trkpt lat="37.60814996436238" lon="13.742309957742691">
        <ele>465.72</ele>
      </trkpt>
      <trkpt lat="37.6079901214689" lon="13.742424873635173">
        <ele>466.97</ele>
      </trkpt>
      <trkpt lat="37.607830027118325" lon="13.74254004098475">
        <ele>468.2</ele>
      </trkpt>
      <trkpt lat="37.60768996551633" lon="13.742829887196422">
        <ele>469.35</ele>
      </trkpt>
      <trkpt lat="37.60763003490865" lon="13.742919992655516">
        <ele>470.47</ele>
      </trkpt>
      <trkpt lat="37.607510006055236" lon="13.743089893832803">
        <ele>471.58</ele>
      </trkpt>
      <trkpt lat="37.6074049808085" lon="13.743239929899573">
        <ele>472.67</ele>
      </trkpt>
      <trkpt lat="37.60730003938079" lon="13.743389882147312">
        <ele>473.75</ele>
      </trkpt>
      <trkpt lat="37.60712997056544" lon="13.743599932640791">
        <ele>474.79</ele>
      </trkpt>
      <trkpt lat="37.60707003995776" lon="13.743630023673177">
        <ele>475.8</ele>
      </trkpt>
      <trkpt lat="37.60696987621486" lon="13.743649972602725">
        <ele>476.81</ele>
      </trkpt>
      <trkpt lat="37.60687993839383" lon="13.74367997981608">
        <ele>477.78</ele>
      </trkpt>
      <trkpt lat="37.6068399567157" lon="13.743670005351305">
        <ele>478.72</ele>
      </trkpt>
      <trkpt lat="37.60676996782422" lon="13.74361988157034">
        <ele>479.67</ele>
      </trkpt>
      <trkpt lat="37.60672001168132" lon="13.743579899892211">
        <ele>480.57</ele>
      </trkpt>
      <trkpt lat="37.60668003000319" lon="13.743519885465503">
        <ele>481.46</ele>
      </trkpt>
      <trkpt lat="37.60661004111171" lon="13.743389882147312">
        <ele>482.34</ele>
      </trkpt>
      <trkpt lat="37.60657995007932" lon="13.743289969861507">
        <ele>483.17</ele>
      </trkpt>
      <trkpt lat="37.60657995007932" lon="13.743279911577702">
        <ele>483.96</ele>
      </trkpt>
      <trkpt lat="37.60653988458216" lon="13.74310003593564">
        <ele>484.74</ele>
      </trkpt>
      <trkpt lat="37.60653988458216" lon="13.743070028722286">
        <ele>485.5</ele>
      </trkpt>
      <trkpt lat="37.60652999393642" lon="13.742739949375391">
        <ele>486.31</ele>
      </trkpt>
      <trkpt lat="37.60652999393642" lon="13.742640037089586">
        <ele>487.05</ele>
      </trkpt>
      <trkpt lat="37.606520019471645" lon="13.74258991330862">
        <ele>487.76</ele>
      </trkpt>
      <trkpt lat="37.60650996118784" lon="13.742549931630492">
        <ele>488.47</ele>
      </trkpt>
      <trkpt lat="37.60646997950971" lon="13.74247994273901">
        <ele>489.19</ele>
      </trkpt>
      <trkpt lat="37.60645003058016" lon="13.742450019344687">
        <ele>489.87</ele>
      </trkpt>
      <trkpt lat="37.60642999783158" lon="13.742429986596107">
        <ele>490.54</ele>
      </trkpt>
      <trkpt lat="37.60638993233442" lon="13.742399895563722">
        <ele>491.22</ele>
      </trkpt>
      <trkpt lat="37.60630996897817" lon="13.742359997704625">
        <ele>491.91</ele>
      </trkpt>
      <trkpt lat="37.60623989626765" lon="13.742339964956045">
        <ele>492.59</ele>
      </trkpt>
      <trkpt lat="37.60619002394378" lon="13.74232990667224">
        <ele>493.24</ele>
      </trkpt>
      <trkpt lat="37.6061200350523" lon="13.74232990667224">
        <ele>493.89</ele>
      </trkpt>
      <trkpt lat="37.60606002062559" lon="13.742359997704625">
        <ele>494.52</ele>
      </trkpt>
      <trkpt lat="37.6059300173074" lon="13.74243987724185">
        <ele>495.15</ele>
      </trkpt>
      <trkpt lat="37.60590001009405" lon="13.74245990999043">
        <ele>495.77</ele>
      </trkpt>
      <trkpt lat="37.60573002509773" lon="13.742689993232489">
        <ele>496.38</ele>
      </trkpt>
      <trkpt lat="37.6055499818176" lon="13.742919992655516">
        <ele>497.05</ele>
      </trkpt>
      <trkpt lat="37.60551997460425" lon="13.74294999986887">
        <ele>497.69</ele>
      </trkpt>
      <trkpt lat="37.60548988357186" lon="13.742979923263192">
        <ele>498.33</ele>
      </trkpt>
      <trkpt lat="37.60545996017754" lon="13.742989981546998">
        <ele>498.99</ele>
      </trkpt>
      <trkpt lat="37.60544998571277" lon="13.742989981546998">
        <ele>499.64</ele>
      </trkpt>
      <trkpt lat="37.60541000403464" lon="13.743010014295578">
        <ele>500.31</ele>
      </trkpt>
      <trkpt lat="37.60538997128606" lon="13.74301990494132">
        <ele>500.98</ele>
      </trkpt>
      <trkpt lat="37.60533004067838" lon="13.743029963225126">
        <ele>501.68</ele>
      </trkpt>
      <trkpt lat="37.60522987693548" lon="13.743029963225126">
        <ele>502.41</ele>
      </trkpt>
      <trkpt lat="37.60504027828574" lon="13.742950083687901">
        <ele>503.22</ele>
      </trkpt>
      <trkpt lat="37.60485000908375" lon="13.742869952693582">
        <ele>504.0</ele>
      </trkpt>
      <trkpt lat="37.60455002076924" lon="13.74284002929926">
        <ele>504.81</ele>
      </trkpt>
      <trkpt lat="37.604480031877756" lon="13.742869952693582">
        <ele>505.56</ele>
      </trkpt>
      <trkpt lat="37.60440995916724" lon="13.74290993437171">
        <ele>506.33</ele>
      </trkpt>
      <trkpt lat="37.60436000302434" lon="13.742940025404096">
        <ele>507.11</ele>
      </trkpt>
      <trkpt lat="37.60432002134621" lon="13.742979923263192">
        <ele>507.89</ele>
      </trkpt>
      <trkpt lat="37.60429001413286" lon="13.7430399376899">
        <ele>508.69</ele>
      </trkpt>
      <trkpt lat="37.60425992310047" lon="13.743140017613769">
        <ele>509.5</ele>
      </trkpt>
      <trkpt lat="37.60425003245473" lon="13.74320992268622">
        <ele>510.33</ele>
      </trkpt>
      <trkpt lat="37.60425003245473" lon="13.743259878829122">
        <ele>511.15</ele>
      </trkpt>
      <trkpt lat="37.60418985038996" lon="13.74355542473495">
        <ele>512.04</ele>
      </trkpt>
      <trkpt lat="37.60413000360131" lon="13.743849964812398">
        <ele>512.98</ele>
      </trkpt>
      <trkpt lat="37.60410997085273" lon="13.743949877098203">
        <ele>513.88</ele>
      </trkpt>
      <trkpt lat="37.60403998196125" lon="13.744289930909872">
        <ele>514.87</ele>
      </trkpt>
      <trkpt lat="37.6040200330317" lon="13.74434994533658">
        <ele>515.77</ele>
      </trkpt>
      <trkpt lat="37.60399002581835" lon="13.744409959763288">
        <ele>516.67</ele>
      </trkpt>
      <trkpt lat="37.603920036926866" lon="13.744469974189997">
        <ele>517.59</ele>
      </trkpt>
      <trkpt lat="37.60372675023973" lon="13.744656471535563">
        <ele>518.55</ele>
      </trkpt>
      <trkpt lat="37.603533547371626" lon="13.744843052700162">
        <ele>519.51</ele>
      </trkpt>
      <trkpt lat="37.603340009227395" lon="13.745029969140887">
        <ele>520.51</ele>
      </trkpt>
      <trkpt lat="37.60328996926546" lon="13.745089983567595">
        <ele>521.44</ele>
      </trkpt>
      <trkpt lat="37.603075141087174" lon="13.745264830067754">
        <ele>522.42</ele>
      </trkpt>
      <trkpt lat="37.60285997763276" lon="13.745440011844039">
        <ele>523.43</ele>
      </trkpt>
      <trkpt lat="37.60281002148986" lon="13.74548988416791">
        <ele>524.37</ele>
      </trkpt>
      <trkpt lat="37.60277003981173" lon="13.74550991691649">
        <ele>525.3</ele>
      </trkpt>
      <trkpt lat="37.60268999263644" lon="13.745599938556552">
        <ele>526.26</ele>
      </trkpt>
      <trkpt lat="37.60266995988786" lon="13.745630029588938">
        <ele>527.2</ele>
      </trkpt>
      <trkpt lat="37.60255990549922" lon="13.745760032907128">
        <ele>528.17</ele>
      </trkpt>
      <trkpt lat="37.6025400403887" lon="13.74578995630145">
        <ele>529.1</ele>
      </trkpt>
      <trkpt lat="37.602480025961995" lon="13.745890036225319">
        <ele>530.03</ele>
      </trkpt>
      <trkpt lat="37.60236997157335" lon="13.74621994793415">
        <ele>530.95</ele>
      </trkpt>
      <trkpt lat="37.60228003375232" lon="13.74649990350008">
        <ele>531.9</ele>
      </trkpt>
      <trkpt lat="37.60223996825516" lon="13.746609957888722">
        <ele>532.81</ele>
      </trkpt>
      <trkpt lat="37.602199902758" lon="13.746739877387881">
        <ele>533.72</ele>
      </trkpt>
      <trkpt lat="37.60216997936368" lon="13.746790001168847">
        <ele>534.66</ele>
      </trkpt>
      <trkpt lat="37.60197996161878" lon="13.747039949521422">
        <ele>535.65</ele>
      </trkpt>
      <trkpt lat="37.601835038512945" lon="13.747189901769161">
        <ele>536.63</ele>
      </trkpt>
      <trkpt lat="37.60169003158808" lon="13.747339937835932">
        <ele>537.59</ele>
      </trkpt>
      <trkpt lat="37.60156002826989" lon="13.747469941154122">
        <ele>538.61</ele>
      </trkpt>
      <trkpt lat="37.601430024951696" lon="13.747599944472313">
        <ele>539.61</ele>
      </trkpt>
      <trkpt lat="37.60130999609828" lon="13.7478700093925">
        <ele>540.66</ele>
      </trkpt>
      <trkpt lat="37.601300021633506" lon="13.747930023819208">
        <ele>541.63</ele>
      </trkpt>
      <trkpt lat="37.60127487592399" lon="13.748140409588814">
        <ele>542.61</ele>
      </trkpt>
      <trkpt lat="37.60124998167157" lon="13.748349957168102">
        <ele>543.6</ele>
      </trkpt>
      <trkpt lat="37.60124998167157" lon="13.748490018770099">
        <ele>544.6</ele>
      </trkpt>
      <trkpt lat="37.60126003995538" lon="13.74853989109397">
        <ele>545.57</ele>
      </trkpt>
      <trkpt lat="37.60134989395738" lon="13.748769974336028">
        <ele>546.57</ele>
      </trkpt>
      <trkpt lat="37.60137998498976" lon="13.74879989773035">
        <ele>547.54</ele>
      </trkpt>
      <trkpt lat="37.601389959454536" lon="13.748810039833188">
        <ele>548.52</ele>
      </trkpt>
      <trkpt lat="37.60148995555937" lon="13.74896988272667">
        <ele>549.53</ele>
      </trkpt>
      <trkpt lat="37.60156002826989" lon="13.749079937115312">
        <ele>550.54</ele>
      </trkpt>
      <trkpt lat="37.601579977199435" lon="13.74928998760879">
        <ele>551.6</ele>
      </trkpt>
      <trkpt lat="37.601579977199435" lon="13.749389983713627">
        <ele>552.62</ele>
      </trkpt>
      <trkpt lat="37.601579977199435" lon="13.749489895999432">
        <ele>553.67</ele>
      </trkpt>
      <trkpt lat="37.60154996998608" lon="13.74961000867188">
        <ele>554.77</ele>
      </trkpt>
      <trkpt lat="37.60150998830795" lon="13.749789884313941">
        <ele>555.9</ele>
      </trkpt>
      <trkpt lat="37.60150001384318" lon="13.749829949811101">
        <ele>556.98</ele>
      </trkpt>
      <trkpt lat="37.601430024951696" lon="13.74990999698639">
        <ele>558.11</ele>
      </trkpt>
      <trkpt lat="37.60137998498976" lon="13.749970011413097">
        <ele>559.25</ele>
      </trkpt>
      <trkpt lat="37.60131988674402" lon="13.749989960342646">
        <ele>560.36</ele>
      </trkpt>
      <trkpt lat="37.60111997835338" lon="13.750100014731288">
        <ele>561.51</ele>
      </trkpt>
      <trkpt lat="37.60092996060848" lon="13.75017000362277">
        <ele>562.66</ele>
      </trkpt>
      <trkpt lat="37.600829964503646" lon="13.750219875946641">
        <ele>563.83</ele>
      </trkpt>
      <trkpt lat="37.60078998282552" lon="13.750230018049479">
        <ele>564.99</ele>
      </trkpt>
      <trkpt lat="37.600679928436875" lon="13.750259941443801">
        <ele>566.17</ele>
      </trkpt>
      <trkpt lat="37.60059996508062" lon="13.75027989037335">
        <ele>567.36</ele>
      </trkpt>
      <trkpt lat="37.60040986351669" lon="13.75027989037335">
        <ele>568.55</ele>
      </trkpt>
      <trkpt lat="37.60019537061453" lon="13.750260025262833">
        <ele>569.76</ele>
      </trkpt>
      <trkpt lat="37.59998003952205" lon="13.750239908695221">
        <ele>571.02</ele>
      </trkpt>
      <trkpt lat="37.59996000677347" lon="13.750239908695221">
        <ele>572.25</ele>
      </trkpt>
      <trkpt lat="37.59977996349335" lon="13.750219875946641">
        <ele>573.52</ele>
      </trkpt>
      <trkpt lat="37.59970989078283" lon="13.750219875946641">
        <ele>574.79</ele>
      </trkpt>
      <trkpt lat="37.59950000792742" lon="13.750219875946641">
        <ele>576.12</ele>
      </trkpt>
      <trkpt lat="37.59926003403962" lon="13.750329930335283">
        <ele>577.46</ele>
      </trkpt>
      <trkpt lat="37.59906020946801" lon="13.750459849834442">
        <ele>578.82</ele>
      </trkpt>
      <trkpt lat="37.59885996580124" lon="13.750590020790696">
        <ele>580.12</ele>
      </trkpt>
      <trkpt lat="37.59870012290776" lon="13.75068984925747">
        <ele>581.44</ele>
      </trkpt>
      <trkpt lat="37.59854002855718" lon="13.750790013000369">
        <ele>582.76</ele>
      </trkpt>
      <trkpt lat="37.59845998138189" lon="13.750829994678497">
        <ele>584.06</ele>
      </trkpt>
      <trkpt lat="37.59845000691712" lon="13.75083988532424">
        <ele>585.33</ele>
      </trkpt>
      <trkpt lat="37.59839988313615" lon="13.750850027427077">
        <ele>586.61</ele>
      </trkpt>
      <trkpt lat="37.59822000749409" lon="13.750890009105206">
        <ele>587.95</ele>
      </trkpt>
      <trkpt lat="37.59792999364436" lon="13.750939965248108">
        <ele>589.35</ele>
      </trkpt>
      <trkpt lat="37.59778004139662" lon="13.750959997996688">
        <ele>590.65</ele>
      </trkpt>
      <trkpt lat="37.59760041721165" lon="13.750979863107204">
        <ele>591.95</ele>
      </trkpt>
      <trkpt lat="37.5974200386554" lon="13.750999979674816">
        <ele>593.22</ele>
      </trkpt>
      <trkpt lat="37.59720990434289" lon="13.75102998688817">
        <ele>594.51</ele>
      </trkpt>
      <trkpt lat="37.597089959308505" lon="13.751079943031073">
        <ele>595.73</ele>
      </trkpt>
      <trkpt lat="37.5969398394227" lon="13.751169880852103">
        <ele>596.93</ele>
      </trkpt>
      <trkpt lat="37.596919974312186" lon="13.751199971884489">
        <ele>598.06</ele>
      </trkpt>
      <trkpt lat="37.59690002538264" lon="13.751280019059777">
        <ele>599.19</ele>
      </trkpt>
      <trkpt lat="37.59688996709883" lon="13.75135000795126">
        <ele>600.29</ele>
      </trkpt>
      <trkpt lat="37.59688996709883" lon="13.751450004056096">
        <ele>601.37</ele>
      </trkpt>
      <trkpt lat="37.596919974312186" lon="13.751559974625707">
        <ele>602.44</ele>
      </trkpt>
      <trkpt lat="37.5969398394227" lon="13.75161001458764">
        <ele>603.46</ele>
      </trkpt>
      <trkpt lat="37.59697990491986" lon="13.751649996265769">
        <ele>604.43</ele>
      </trkpt>
      <trkpt lat="37.59697990491986" lon="13.751659886911511">
        <ele>605.38</ele>
      </trkpt>
      <trkpt lat="37.5970400031656" lon="13.751689977943897">
        <ele>606.29</ele>
      </trkpt>
      <trkpt lat="37.59720990434289" lon="13.751639937981963">
        <ele>607.1</ele>
      </trkpt>
      <trkpt lat="37.59737997315824" lon="13.751639937981963">
        <ele>607.88</ele>
      </trkpt>
      <trkpt lat="37.59742992930114" lon="13.751649996265769">
        <ele>608.71</ele>
      </trkpt>
      <trkpt lat="37.597499918192625" lon="13.751689977943897">
        <ele>609.54</ele>
      </trkpt>
      <trkpt lat="37.59750997647643" lon="13.751689977943897">
        <ele>610.35</ele>
      </trkpt>
      <trkpt lat="37.59758993983269" lon="13.75177999958396">
        <ele>611.18</ele>
      </trkpt>
      <trkpt lat="37.59763000532985" lon="13.75184990465641">
        <ele>612.0</ele>
      </trkpt>
      <trkpt lat="37.59767987765372" lon="13.75195987522602">
        <ele>612.82</ele>
      </trkpt>
      <trkpt lat="37.597690019756556" lon="13.75206003896892">
        <ele>613.63</ele>
      </trkpt>
      <trkpt lat="37.597690019756556" lon="13.752079987898469">
        <ele>614.38</ele>
      </trkpt>
      <trkpt lat="37.597690019756556" lon="13.7521699257195">
        <ele>615.16</ele>
      </trkpt>
      <trkpt lat="37.5976600125432" lon="13.75227989628911">
        <ele>615.93</ele>
      </trkpt>
      <trkpt lat="37.59763000532985" lon="13.752349885180593">
        <ele>616.69</ele>
      </trkpt>
      <trkpt lat="37.59756999090314" lon="13.752400008961558">
        <ele>617.4</ele>
      </trkpt>
      <trkpt lat="37.597499918192625" lon="13.752479888498783">
        <ele>618.11</ele>
      </trkpt>
      <trkpt lat="37.59740989655256" lon="13.752509979531169">
        <ele>618.79</ele>
      </trkpt>
      <trkpt lat="37.59727000258863" lon="13.752519953995943">
        <ele>619.46</ele>
      </trkpt>
      <trkpt lat="37.59707001037896" lon="13.752530012279749">
        <ele>620.15</ele>
      </trkpt>
      <trkpt lat="37.59677002206445" lon="13.75246999785304">
        <ele>620.82</ele>
      </trkpt>
      <trkpt lat="37.596700033172965" lon="13.752439990639687">
        <ele>621.4</ele>
      </trkpt>
      <trkpt lat="37.596649909392" lon="13.75242993235588">
        <ele>621.95</ele>
      </trkpt>
      <trkpt lat="37.59661998599768" lon="13.752439990639687">
        <ele>622.49</ele>
      </trkpt>
      <trkpt lat="37.59658000431955" lon="13.75244996510446">
        <ele>623.01</ele>
      </trkpt>
      <trkpt lat="37.59652988053858" lon="13.752479888498783">
        <ele>623.54</ele>
      </trkpt>
      <trkpt lat="37.59642996825278" lon="13.752569993957877">
        <ele>624.09</ele>
      </trkpt>
      <trkpt lat="37.59638998657465" lon="13.752679964527488">
        <ele>624.61</ele>
      </trkpt>
      <trkpt lat="37.59638998657465" lon="13.75270988792181">
        <ele>625.07</ele>
      </trkpt>
      <trkpt lat="37.59638998657465" lon="13.75274995341897">
        <ele>625.53</ele>
      </trkpt>
      <trkpt lat="37.59639987722039" lon="13.75279001891613">
        <ele>625.97</ele>
      </trkpt>
      <trkpt lat="37.59642996825278" lon="13.75289998948574">
        <ele>626.42</ele>
      </trkpt>
      <trkpt lat="37.59643994271755" lon="13.752939971163869">
        <ele>626.84</ele>
      </trkpt>
      <trkpt lat="37.59648000821471" lon="13.7530299089849">
        <ele>627.26</ele>
      </trkpt>
      <trkpt lat="37.59652988053858" lon="13.753080032765865">
        <ele>627.66</ele>
      </trkpt>
      <trkpt lat="37.59656994603574" lon="13.753099897876382">
        <ele>628.04</ele>
      </trkpt>
      <trkpt lat="37.59658997878432" lon="13.753119930624962">
        <ele>628.42</ele>
      </trkpt>
      <trkpt lat="37.59681620635092" lon="13.753179861232638">
        <ele>628.78</ele>
      </trkpt>
      <trkpt lat="37.59704243391752" lon="13.753239708021283">
        <ele>629.16</ele>
      </trkpt>
      <trkpt lat="37.59727000258863" lon="13.753299973905087">
        <ele>629.54</ele>
      </trkpt>
      <trkpt lat="37.59730998426676" lon="13.75330994836986">
        <ele>629.94</ele>
      </trkpt>
      <trkpt lat="37.59743998758495" lon="13.75330994836986">
        <ele>630.37</ele>
      </trkpt>
      <trkpt lat="37.59746002033353" lon="13.75330994836986">
        <ele>630.77</ele>
      </trkpt>
      <trkpt lat="37.59752003476024" lon="13.753299973905087">
        <ele>631.18</ele>
      </trkpt>
      <trkpt lat="37.59760997258127" lon="13.753249933943152">
        <ele>631.62</ele>
      </trkpt>
      <trkpt lat="37.59762003086507" lon="13.753249933943152">
        <ele>632.07</ele>
      </trkpt>
      <trkpt lat="37.59778004139662" lon="13.753150021657348">
        <ele>632.54</ele>
      </trkpt>
      <trkpt lat="37.59785992093384" lon="13.753099897876382">
        <ele>633.02</ele>
      </trkpt>
      <trkpt lat="37.597899986431" lon="13.753080032765865">
        <ele>633.53</ele>
      </trkpt>
      <trkpt lat="37.59793996810913" lon="13.753080032765865">
        <ele>634.09</ele>
      </trkpt>
      <trkpt lat="37.59795002639294" lon="13.753080032765865">
        <ele>634.66</ele>
      </trkpt>
      <trkpt lat="37.59812998585403" lon="13.75311003997922">
        <ele>635.31</ele>
      </trkpt>
      <trkpt lat="37.59839435108006" lon="13.753149937838316">
        <ele>635.91</ele>
      </trkpt>
      <trkpt lat="37.598659973591566" lon="13.753190003335476">
        <ele>636.58</ele>
      </trkpt>
      <trkpt lat="37.59867003187537" lon="13.753190003335476">
        <ele>637.28</ele>
      </trkpt>
      <trkpt lat="37.59884001687169" lon="13.75322001054883">
        <ele>638.09</ele>
      </trkpt>
      <trkpt lat="37.59901989251375" lon="13.753239959478378">
        <ele>638.95</ele>
      </trkpt>
      <trkpt lat="37.59920001961291" lon="13.753249933943152">
        <ele>639.85</ele>
      </trkpt>
      <trkpt lat="37.59937989525497" lon="13.7532698828727">
        <ele>640.71</ele>
      </trkpt>
      <trkpt lat="37.59953001514077" lon="13.753280024975538">
        <ele>641.6</ele>
      </trkpt>
      <trkpt lat="37.59955985471606" lon="13.75328991562128">
        <ele>642.5</ele>
      </trkpt>
      <trkpt lat="37.599782813340425" lon="13.753353198990226">
        <ele>643.46</ele>
      </trkpt>
      <trkpt lat="37.60000577196479" lon="13.75341639854014">
        <ele>644.43</ele>
      </trkpt>
      <trkpt lat="37.60022998787463" lon="13.75347993336618">
        <ele>645.43</ele>
      </trkpt>
      <trkpt lat="37.60025999508798" lon="13.75349996611476">
        <ele>646.45</ele>
      </trkpt>
      <trkpt lat="37.60032990016043" lon="13.753549922257662">
        <ele>647.51</ele>
      </trkpt>
      <trkpt lat="37.6003800239414" lon="13.75360993668437">
        <ele>648.61</ele>
      </trkpt>
      <trkpt lat="37.60045990347862" lon="13.753749998286366">
        <ele>649.76</ele>
      </trkpt>
      <trkpt lat="37.6004799362272" lon="13.753840019926429">
        <ele>650.89</ele>
      </trkpt>
      <trkpt lat="37.60049988515675" lon="13.753999946638942">
        <ele>652.06</ele>
      </trkpt>
      <trkpt lat="37.60048999451101" lon="13.75405996106565">
        <ele>653.18</ele>
      </trkpt>
      <trkpt lat="37.60045001283288" lon="13.754239920526743">
        <ele>654.37</ele>
      </trkpt>
      <trkpt lat="37.600420005619526" lon="13.754270011559129">
        <ele>655.52</ele>
      </trkpt>
      <trkpt lat="37.60032000951469" lon="13.754419963806868">
        <ele>656.74</ele>
      </trkpt>
      <trkpt lat="37.60013988241553" lon="13.754559941589832">
        <ele>658.05</ele>
      </trkpt>
      <trkpt lat="37.59993989020586" lon="13.754720035940409">
        <ele>659.34</ele>
      </trkpt>
      <trkpt lat="37.59985003620386" lon="13.754799999296665">
        <ele>660.53</ele>
      </trkpt>
      <trkpt lat="37.59970989078283" lon="13.754909969866276">
        <ele>661.68</ele>
      </trkpt>
      <trkpt lat="37.59970000013709" lon="13.75491994433105">
        <ele>662.83</ele>
      </trkpt>
      <trkpt lat="37.599539905786514" lon="13.755104932934046">
        <ele>663.97</ele>
      </trkpt>
      <trkpt lat="37.59937989525497" lon="13.755289921537042">
        <ele>665.15</ele>
      </trkpt>
      <trkpt lat="37.59929993189871" lon="13.755380026996136">
        <ele>666.35</ele>
      </trkpt>
      <trkpt lat="37.59911997243762" lon="13.755569877102971">
        <ele>667.58</ele>
      </trkpt>
      <trkpt lat="37.59905995801091" lon="13.755620000883937">
        <ele>668.78</ele>
      </trkpt>
      <trkpt lat="37.59903003461659" lon="13.75564992427826">
        <ele>669.94</ele>
      </trkpt>
      <trkpt lat="37.59898996911943" lon="13.755680015310645">
        <ele>671.09</ele>
      </trkpt>
      <trkpt lat="37.5989000312984" lon="13.75568998977542">
        <ele>672.26</ele>
      </trkpt>
      <trkpt lat="37.59874035604298" lon="13.755699964240193">
        <ele>673.37</ele>
      </trkpt>
      <trkpt lat="37.59858001023531" lon="13.755710022524">
        <ele>674.5</ele>
      </trkpt>
      <trkpt lat="37.59854002855718" lon="13.755710022524">
        <ele>675.58</ele>
      </trkpt>
      <trkpt lat="37.5984700396657" lon="13.755710022524">
        <ele>676.66</ele>
      </trkpt>
      <trkpt lat="37.59817994199693" lon="13.755729971453547">
        <ele>677.8</ele>
      </trkpt>
      <trkpt lat="37.59800995700061" lon="13.755739945918322">
        <ele>678.87</ele>
      </trkpt>
      <trkpt lat="37.5978500302881" lon="13.75575989484787">
        <ele>679.94</ele>
      </trkpt>
      <trkpt lat="37.59779001586139" lon="13.75577992759645">
        <ele>680.99</ele>
      </trkpt>
      <trkpt lat="37.59776000864804" lon="13.75579996034503">
        <ele>682.03</ele>
      </trkpt>
      <trkpt lat="37.59758993983269" lon="13.75588989816606">
        <ele>683.12</ele>
      </trkpt>
      <trkpt lat="37.59742992930114" lon="13.755979919806123">
        <ele>684.21</ele>
      </trkpt>
      <trkpt lat="37.59729003533721" lon="13.75605988316238">
        <ele>685.25</ele>
      </trkpt>
      <trkpt lat="37.597260028123856" lon="13.756070025265217">
        <ele>686.21</ele>
      </trkpt>
      <trkpt lat="37.59717998094857" lon="13.756089974194765">
        <ele>687.16</ele>
      </trkpt>
      <trkpt lat="37.59714997373521" lon="13.75609994865954">
        <ele>688.09</ele>
      </trkpt>
      <trkpt lat="37.59707001037896" lon="13.75611998140812">
        <ele>689.01</ele>
      </trkpt>
      <trkpt lat="37.596919974312186" lon="13.75611998140812">
        <ele>689.91</ele>
      </trkpt>
      <trkpt lat="37.596789970993996" lon="13.75609994865954">
        <ele>690.83</ele>
      </trkpt>
      <trkpt lat="37.59655988775194" lon="13.756010010838509">
        <ele>691.77</ele>
      </trkpt>
      <trkpt lat="37.59639987722039" lon="13.7559499964118">
        <ele>692.73</ele>
      </trkpt>
      <trkpt lat="37.59632997214794" lon="13.75592996366322">
        <ele>693.64</ele>
      </trkpt>
      <trkpt lat="37.59628001600504" lon="13.755919989198446">
        <ele>694.55</ele>
      </trkpt>
      <trkpt lat="37.59622000157833" lon="13.75592996366322">
        <ele>695.48</ele>
      </trkpt>
      <trkpt lat="37.59612997993827" lon="13.755940021947026">
        <ele>696.39</ele>
      </trkpt>
      <trkpt lat="37.59602998383343" lon="13.755989978089929">
        <ele>697.29</ele>
      </trkpt>
      <trkpt lat="37.595929987728596" lon="13.75607991591096">
        <ele>698.21</ele>
      </trkpt>
      <trkpt lat="37.5957500282675" lon="13.7563799880445">
        <ele>699.17</ele>
      </trkpt>
      <trkpt lat="37.59568003937602" lon="13.756500016897917">
        <ele>700.05</ele>
      </trkpt>
      <trkpt lat="37.59557995945215" lon="13.75667997635901">
        <ele>700.95</ele>
      </trkpt>
      <trkpt lat="37.59552991949022" lon="13.75674988143146">
        <ele>701.81</ele>
      </trkpt>
      <trkpt lat="37.59546998888254" lon="13.756800005212426">
        <ele>702.67</ele>
      </trkpt>
      <trkpt lat="37.59543998166919" lon="13.756820037961006">
        <ele>703.5</ele>
      </trkpt>
      <trkpt lat="37.59524996392429" lon="13.756879884749651">
        <ele>704.33</ele>
      </trkpt>
      <trkpt lat="37.595090037211776" lon="13.756930008530617">
        <ele>705.14</ele>
      </trkpt>
      <trkpt lat="37.59490999393165" lon="13.75697996467352">
        <ele>705.97</ele>
      </trkpt>
      <trkpt lat="37.59484000504017" lon="13.757060011848807">
        <ele>706.85</ele>
      </trkpt>
      <trkpt lat="37.59480991400778" lon="13.75713000074029">
        <ele>707.69</ele>
      </trkpt>
      <trkpt lat="37.59480991400778" lon="13.757159924134612">
        <ele>708.48</ele>
      </trkpt>
      <trkpt lat="37.59480002336204" lon="13.757229996845126">
        <ele>709.28</ele>
      </trkpt>
      <trkpt lat="37.59480991400778" lon="13.757320018485188">
        <ele>710.1</ele>
      </trkpt>
      <trkpt lat="37.59484000504017" lon="13.757399898022413">
        <ele>710.91</ele>
      </trkpt>
      <trkpt lat="37.59487001225352" lon="13.757459912449121">
        <ele>711.7</ele>
      </trkpt>
      <trkpt lat="37.594919968396425" lon="13.75749989412725">
        <ele>712.45</ele>
      </trkpt>
      <trkpt lat="37.59497000835836" lon="13.757529985159636">
        <ele>713.18</ele>
      </trkpt>
      <trkpt lat="37.59499004110694" lon="13.75753995962441">
        <ele>713.86</ele>
      </trkpt>
      <trkpt lat="37.595049971714616" lon="13.757550017908216">
        <ele>714.53</ele>
      </trkpt>
      <trkpt lat="37.5951199606061" lon="13.757550017908216">
        <ele>715.16</ele>
      </trkpt>
      <trkpt lat="37.59513999335468" lon="13.75753995962441">
        <ele>715.78</ele>
      </trkpt>
      <trkpt lat="37.59520998224616" lon="13.75749989412725">
        <ele>716.34</ele>
      </trkpt>
      <trkpt lat="37.595309978351" lon="13.757459912449121">
        <ele>716.91</ele>
      </trkpt>
      <trkpt lat="37.595369992777705" lon="13.757439879700541">
        <ele>717.48</ele>
      </trkpt>
      <trkpt lat="37.59546998888254" lon="13.757439879700541">
        <ele>718.07</ele>
      </trkpt>
      <trkpt lat="37.595479963347316" lon="13.757450021803379">
        <ele>718.65</ele>
      </trkpt>
      <trkpt lat="37.59556998498738" lon="13.757459912449121">
        <ele>719.23</ele>
      </trkpt>
      <trkpt lat="37.59563997387886" lon="13.757479945197701">
        <ele>719.82</ele>
      </trkpt>
      <trkpt lat="37.59566000662744" lon="13.757490003481507">
        <ele>720.38</ele>
      </trkpt>
      <trkpt lat="37.5957500282675" lon="13.75751992687583">
        <ele>720.96</ele>
      </trkpt>
      <trkpt lat="37.59598002769053" lon="13.757609948515892">
        <ele>721.6</ele>
      </trkpt>
      <trkpt lat="37.595999892801046" lon="13.75762989744544">
        <ele>722.13</ele>
      </trkpt>
      <trkpt lat="37.596039958298206" lon="13.7576699629426">
        <ele>722.67</ele>
      </trkpt>
      <trkpt lat="37.59609988890588" lon="13.757719919085503">
        <ele>723.21</ele>
      </trkpt>
      <trkpt lat="37.59615001268685" lon="13.757810024544597">
        <ele>723.76</ele>
      </trkpt>
      <trkpt lat="37.59615998715162" lon="13.757859980687499">
        <ele>724.28</ele>
      </trkpt>
      <trkpt lat="37.5961699616164" lon="13.757940027862787">
        <ele>724.79</ele>
      </trkpt>
      <trkpt lat="37.5961699616164" lon="13.75798998400569">
        <ele>725.28</ele>
      </trkpt>
      <trkpt lat="37.59615998715162" lon="13.758039940148592">
        <ele>725.76</ele>
      </trkpt>
      <trkpt lat="37.59615001268685" lon="13.7580999545753">
        <ele>726.23</ele>
      </trkpt>
      <trkpt lat="37.59611992165446" lon="13.758180001750588">
        <ele>726.71</ele>
      </trkpt>
      <trkpt lat="37.59609988890588" lon="13.758200034499168">
        <ele>727.16</ele>
      </trkpt>
      <trkpt lat="37.59606996551156" lon="13.75824999064207">
        <ele>727.61</ele>
      </trkpt>
      <trkpt lat="37.59602000936866" lon="13.758289972320199">
        <ele>728.05</ele>
      </trkpt>
      <trkpt lat="37.59598991833627" lon="13.758319895714521">
        <ele>728.49</ele>
      </trkpt>
      <trkpt lat="37.595950020477176" lon="13.758339928463101">
        <ele>728.91</ele>
      </trkpt>
      <trkpt lat="37.595929987728596" lon="13.758339928463101">
        <ele>729.32</ele>
      </trkpt>
      <trkpt lat="37.59589998051524" lon="13.758349986746907">
        <ele>729.72</ele>
      </trkpt>
      <trkpt lat="37.59583996608853" lon="13.758339928463101">
        <ele>730.12</ele>
      </trkpt>
      <trkpt lat="37.59563997387886" lon="13.758299946784973">
        <ele>730.51</ele>
      </trkpt>
      <trkpt lat="37.59555992670357" lon="13.758279914036393">
        <ele>730.9</ele>
      </trkpt>
      <trkpt lat="37.59537996724248" lon="13.75824999064207">
        <ele>731.3</ele>
      </trkpt>
      <trkpt lat="37.595309978351" lon="13.75822995789349">
        <ele>731.69</ele>
      </trkpt>
      <trkpt lat="37.595220040529966" lon="13.758219983428717">
        <ele>732.11</ele>
      </trkpt>
      <trkpt lat="37.595200007781386" lon="13.758219983428717">
        <ele>732.51</ele>
      </trkpt>
      <trkpt lat="37.595179975032806" lon="13.758219983428717">
        <ele>732.91</ele>
      </trkpt>
      <trkpt lat="37.59513999335468" lon="13.75822995789349">
        <ele>733.33</ele>
      </trkpt>
      <trkpt lat="37.594925332814455" lon="13.758304808288813">
        <ele>733.85</ele>
      </trkpt>
      <trkpt lat="37.59471000172198" lon="13.75837991014123">
        <ele>734.3</ele>
      </trkpt>
      <trkpt lat="37.59467991068959" lon="13.758389968425035">
        <ele>734.71</ele>
      </trkpt>
      <trkpt lat="37.59454001672566" lon="13.75844000838697">
        <ele>735.13</ele>
      </trkpt>
      <trkpt lat="37.594510009512305" lon="13.75846004113555">
        <ele>735.55</ele>
      </trkpt>
      <trkpt lat="37.59432996623218" lon="13.758519971743226">
        <ele>735.95</ele>
      </trkpt>
      <trkpt lat="37.59421999566257" lon="13.758560037240386">
        <ele>736.37</ele>
      </trkpt>
      <trkpt lat="37.59415998123586" lon="13.75857001170516">
        <ele>736.8</ele>
      </trkpt>
      <trkpt lat="37.59415000677109" lon="13.75857001170516">
        <ele>737.23</ele>
      </trkpt>
      <trkpt lat="37.59395998902619" lon="13.758579902350903">
        <ele>737.74</ele>
      </trkpt>
      <trkpt lat="37.59385001845658" lon="13.758560037240386">
        <ele>738.23</ele>
      </trkpt>
      <trkpt lat="37.59379989467561" lon="13.758540004491806">
        <ele>738.71</ele>
      </trkpt>
      <trkpt lat="37.59366989135742" lon="13.758479990065098">
        <ele>739.21</ele>
      </trkpt>
      <trkpt lat="37.59355003014207" lon="13.75835987739265">
        <ele>739.68</ele>
      </trkpt>
      <trkpt lat="37.59343000128865" lon="13.758169943466783">
        <ele>740.16</ele>
      </trkpt>
      <trkpt lat="37.59340996854007" lon="13.758110012859106">
        <ele>740.63</ele>
      </trkpt>
      <trkpt lat="37.59336990304291" lon="13.757999874651432">
        <ele>741.15</ele>
      </trkpt>
      <trkpt lat="37.593269906938076" lon="13.757739951834083">
        <ele>741.72</ele>
      </trkpt>
      <trkpt lat="37.5932599324733" lon="13.757699886336923">
        <ele>742.23</ele>
      </trkpt>
      <trkpt lat="37.59323000907898" lon="13.757569883018732">
        <ele>742.77</ele>
      </trkpt>
      <trkpt lat="37.593220034614205" lon="13.757479945197701">
        <ele>743.29</ele>
      </trkpt>
      <trkpt lat="37.593220034614205" lon="13.757429989054799">
        <ele>743.82</ele>
      </trkpt>
      <trkpt lat="37.593200001865625" lon="13.757299985736609">
        <ele>744.36</ele>
      </trkpt>
      <trkpt lat="37.59319002740085" lon="13.757250029593706">
        <ele>744.93</ele>
      </trkpt>
      <trkpt lat="37.59319002740085" lon="13.757229996845126">
        <ele>745.52</ele>
      </trkpt>
      <trkpt lat="37.59316999465227" lon="13.757159924134612">
        <ele>746.12</ele>
      </trkpt>
      <trkpt lat="37.59306002408266" lon="13.756919950246811">
        <ele>746.78</ele>
      </trkpt>
      <trkpt lat="37.5930199585855" lon="13.756859935820103">
        <ele>747.43</ele>
      </trkpt>
      <trkpt lat="37.5929700024426" lon="13.75674988143146">
        <ele>748.08</ele>
      </trkpt>
      <trkpt lat="37.59293991141021" lon="13.756709899753332">
        <ele>748.76</ele>
      </trkpt>
      <trkpt lat="37.592779817059636" lon="13.75640974380076">
        <ele>749.51</ele>
      </trkpt>
      <trkpt lat="37.59261989034712" lon="13.756110006943345">
        <ele>750.33</ele>
      </trkpt>
      <trkpt lat="37.59252483956516" lon="13.755929796025157">
        <ele>751.06</ele>
      </trkpt>
      <trkpt lat="37.59243004024029" lon="13.755750004202127">
        <ele>751.74</ele>
      </trkpt>
      <trkpt lat="37.59238997474313" lon="13.755699880421162">
        <ele>752.44</ele>
      </trkpt>
      <trkpt lat="37.59232987649739" lon="13.755620000883937">
        <ele>753.14</ele>
      </trkpt>
      <trkpt lat="37.59225997142494" lon="13.755580019205809">
        <ele>753.87</ele>
      </trkpt>
      <trkpt lat="37.59217003360391" lon="13.75554003752768">
        <ele>754.63</ele>
      </trkpt>
      <trkpt lat="37.59192989207804" lon="13.755450015887618">
        <ele>755.5</ele>
      </trkpt>
      <trkpt lat="37.591869961470366" lon="13.75541003420949">
        <ele>756.2</ele>
      </trkpt>
      <trkpt lat="37.59184003807604" lon="13.755359994247556">
        <ele>756.87</ele>
      </trkpt>
      <trkpt lat="37.59181003086269" lon="13.755309954285622">
        <ele>757.53</ele>
      </trkpt>
      <trkpt lat="37.5917799398303" lon="13.755250023677945">
        <ele>758.18</ele>
      </trkpt>
      <trkpt lat="37.59175990708172" lon="13.755169976502657">
        <ele>758.8</ele>
      </trkpt>
      <trkpt lat="37.59173987433314" lon="13.7550900131464">
        <ele>759.4</ele>
      </trkpt>
      <trkpt lat="37.59172000922263" lon="13.754950035363436">
        <ele>760.0</ele>
      </trkpt>
      <trkpt lat="37.59169997647405" lon="13.754869988188148">
        <ele>760.62</ele>
      </trkpt>
      <trkpt lat="37.59169000200927" lon="13.754859929904342">
        <ele>761.24</ele>
      </trkpt>
      <trkpt lat="37.59164993651211" lon="13.75476990826428">
        <ele>761.83</ele>
      </trkpt>
      <trkpt lat="37.591610038653016" lon="13.754700003191829">
        <ele>762.42</ele>
      </trkpt>
      <trkpt lat="37.591569973155856" lon="13.7546600215137">
        <ele>763.01</ele>
      </trkpt>
      <trkpt lat="37.59155999869108" lon="13.754649879410863">
        <ele>763.59</ele>
      </trkpt>
      <trkpt lat="37.59152999147773" lon="13.754630014300346">
        <ele>764.17</ele>
      </trkpt>
      <trkpt lat="37.59146997705102" lon="13.754609981551766">
        <ele>764.76</ele>
      </trkpt>
      <trkpt lat="37.591439969837666" lon="13.754609981551766">
        <ele>765.34</ele>
      </trkpt>
      <trkpt lat="37.59142999537289" lon="13.754609981551766">
        <ele>765.9</ele>
      </trkpt>
      <trkpt lat="37.59139998815954" lon="13.754609981551766">
        <ele>766.46</ele>
      </trkpt>
      <trkpt lat="37.59136000648141" lon="13.754630014300346">
        <ele>767.01</ele>
      </trkpt>
      <trkpt lat="37.59132002480328" lon="13.754649879410863">
        <ele>767.55</ele>
      </trkpt>
      <trkpt lat="37.59126998484135" lon="13.754709893837571">
        <ele>768.13</ele>
      </trkpt>
      <trkpt lat="37.59119002148509" lon="13.754839897155762">
        <ele>768.77</ele>
      </trkpt>
      <trkpt lat="37.591160014271736" lon="13.75487987883389">
        <ele>769.33</ele>
      </trkpt>
      <trkpt lat="37.59111978113651" lon="13.754930002614856">
        <ele>769.89</ele>
      </trkpt>
      <trkpt lat="37.59107996709645" lon="13.754969900473952">
        <ele>770.45</ele>
      </trkpt>
      <trkpt lat="37.59103998541832" lon="13.754979958757758">
        <ele>770.97</ele>
      </trkpt>
      <trkpt lat="37.59099002927542" lon="13.754979958757758">
        <ele>771.49</ele>
      </trkpt>
      <trkpt lat="37.59093998931348" lon="13.754969900473952">
        <ele>771.99</ele>
      </trkpt>
      <trkpt lat="37.590870000422" lon="13.754930002614856">
        <ele>772.47</ele>
      </trkpt>
      <trkpt lat="37.59073991328478" lon="13.754779966548085">
        <ele>772.94</ele>
      </trkpt>
      <trkpt lat="37.59065994992852" lon="13.754679970443249">
        <ele>773.43</ele>
      </trkpt>
      <trkpt lat="37.590579986572266" lon="13.754569999873638">
        <ele>773.9</ele>
      </trkpt>
      <trkpt lat="37.59053003042936" lon="13.754500010982156">
        <ele>774.41</ele>
      </trkpt>
      <trkpt lat="37.59050002321601" lon="13.754429938271642">
        <ele>774.86</ele>
      </trkpt>
      <trkpt lat="37.59047999046743" lon="13.75435994938016">
        <ele>775.28</ele>
      </trkpt>
      <trkpt lat="37.59046004153788" lon="13.754319883883">
        <ele>775.71</ele>
      </trkpt>
      <trkpt lat="37.59039491415024" lon="13.754129698500037">
        <ele>776.15</ele>
      </trkpt>
      <trkpt lat="37.59033003821969" lon="13.753940016031265">
        <ele>776.57</ele>
      </trkpt>
      <trkpt lat="37.590300031006336" lon="13.753849910572171">
        <ele>776.96</ele>
      </trkpt>
      <trkpt lat="37.590259965509176" lon="13.75373994000256">
        <ele>777.36</ele>
      </trkpt>
      <trkpt lat="37.59024001657963" lon="13.753689983859658">
        <ele>777.74</ele>
      </trkpt>
      <trkpt lat="37.59020992554724" lon="13.753599962219596">
        <ele>778.13</ele>
      </trkpt>
      <trkpt lat="37.59017991833389" lon="13.75349996611476">
        <ele>778.52</ele>
      </trkpt>
      <trkpt lat="37.590170027688146" lon="13.753410028293729">
        <ele>778.87</ele>
      </trkpt>
      <trkpt lat="37.590170027688146" lon="13.753340039402246">
        <ele>779.21</ele>
      </trkpt>
      <trkpt lat="37.59017991833389" lon="13.75328991562128">
        <ele>779.55</ele>
      </trkpt>
      <trkpt lat="37.59018989279866" lon="13.753229901194572">
        <ele>779.88</ele>
      </trkpt>
      <trkpt lat="37.5902000349015" lon="13.75313987955451">
        <ele>780.22</ele>
      </trkpt>
      <trkpt lat="37.59020992554724" lon="13.75306997448206">
        <ele>780.57</ele>
      </trkpt>
      <trkpt lat="37.59020992554724" lon="13.75285992398858">
        <ele>780.98</ele>
      </trkpt>
      <trkpt lat="37.59020992554724" lon="13.752850033342838">
        <ele>781.38</ele>
      </trkpt>
      <trkpt lat="37.59018989279866" lon="13.752669906243682">
        <ele>781.8</ele>
      </trkpt>
      <trkpt lat="37.59017991833389" lon="13.75257988460362">
        <ele>782.25</ele>
      </trkpt>
      <trkpt lat="37.59015996940434" lon="13.75249003060162">
        <ele>782.7</ele>
      </trkpt>
      <trkpt lat="37.59004999883473" lon="13.75220999121666">
        <ele>783.22</ele>
      </trkpt>
      <trkpt lat="37.590019991621375" lon="13.752179984003305">
        <ele>783.7</ele>
      </trkpt>
      <trkpt lat="37.58998000994325" lon="13.752129944041371">
        <ele>784.19</ele>
      </trkpt>
      <trkpt lat="37.58994002826512" lon="13.752089878544211">
        <ele>784.7</ele>
      </trkpt>
      <trkpt lat="37.58989996276796" lon="13.75206003896892">
        <ele>785.22</ele>
      </trkpt>
      <trkpt lat="37.589850006625056" lon="13.75204000622034">
        <ele>785.77</ele>
      </trkpt>
      <trkpt lat="37.5898199994117" lon="13.752030031755567">
        <ele>786.32</ele>
      </trkpt>
      <trkpt lat="37.58977993391454" lon="13.75201997347176">
        <ele>786.89</ele>
      </trkpt>
      <trkpt lat="37.589699970558286" lon="13.75201997347176">
        <ele>787.5</ele>
      </trkpt>
      <trkpt lat="37.58959997445345" lon="13.75204000622034">
        <ele>788.14</ele>
      </trkpt>
      <trkpt lat="37.58947994560003" lon="13.752079987898469">
        <ele>788.8</ele>
      </trkpt>
      <trkpt lat="37.589390007779" lon="13.752119969576597">
        <ele>789.46</ele>
      </trkpt>
      <trkpt lat="37.58936000056565" lon="13.752140002325177">
        <ele>790.1</ele>
      </trkpt>
      <trkpt lat="37.58922999724746" lon="13.752179984003305">
        <ele>790.82</ele>
      </trkpt>
      <trkpt lat="37.58912002667785" lon="13.75218995846808">
        <ele>791.52</ele>
      </trkpt>
      <trkpt lat="37.58906001225114" lon="13.7521699257195">
        <ele>792.2</ele>
      </trkpt>
      <trkpt lat="37.58900988847017" lon="13.752140002325177">
        <ele>792.9</ele>
      </trkpt>
      <trkpt lat="37.58893998339772" lon="13.752089878544211">
        <ele>793.61</ele>
      </trkpt>
      <trkpt lat="37.58891995064914" lon="13.752069929614663">
        <ele>794.32</ele>
      </trkpt>
      <trkpt lat="37.58887988515198" lon="13.752030031755567">
        <ele>795.04</ele>
      </trkpt>
      <trkpt lat="37.588839987292886" lon="13.7519799079746">
        <ele>795.78</ele>
      </trkpt>
      <trkpt lat="37.58880998007953" lon="13.751919893547893">
        <ele>796.53</ele>
      </trkpt>
      <trkpt lat="37.58880000561476" lon="13.751900028437376">
        <ele>797.28</ele>
      </trkpt>
      <trkpt lat="37.58877997286618" lon="13.751859962940216">
        <ele>798.05</ele>
      </trkpt>
      <trkpt lat="37.58873999118805" lon="13.751699952408671">
        <ele>798.83</ele>
      </trkpt>
      <trkpt lat="37.58873999118805" lon="13.751689977943897">
        <ele>799.61</ele>
      </trkpt>
      <trkpt lat="37.58867989294231" lon="13.75137004069984">
        <ele>800.46</ele>
      </trkpt>
      <trkpt lat="37.58866002783179" lon="13.751249928027391">
        <ele>801.29</ele>
      </trkpt>
      <trkpt lat="37.58861996233463" lon="13.75102998688817">
        <ele>802.07</ele>
      </trkpt>
      <trkpt lat="37.58860998786986" lon="13.750999979674816">
        <ele>802.86</ele>
      </trkpt>
      <trkpt lat="37.58859003894031" lon="13.750929906964302">
        <ele>803.65</ele>
      </trkpt>
      <trkpt lat="37.58854997344315" lon="13.750850027427077">
        <ele>804.43</ele>
      </trkpt>
      <trkpt lat="37.58850999176502" lon="13.750799903646111">
        <ele>805.22</ele>
      </trkpt>
      <trkpt lat="37.58846003562212" lon="13.750759921967983">
        <ele>806.02</ele>
      </trkpt>
      <trkpt lat="37.58841997012496" lon="13.75072999857366">
        <ele>806.82</ele>
      </trkpt>
      <trkpt lat="37.58837001398206" lon="13.750720024108887">
        <ele>807.62</ele>
      </trkpt>
      <trkpt lat="37.58831997402012" lon="13.750699991360307">
        <ele>808.41</ele>
      </trkpt>
      <trkpt lat="37.58827001787722" lon="13.750699991360307">
        <ele>809.21</ele>
      </trkpt>
      <trkpt lat="37.58824001066387" lon="13.75070996582508">
        <ele>809.98</ele>
      </trkpt>
      <trkpt lat="37.58820002898574" lon="13.750720024108887">
        <ele>810.75</ele>
      </trkpt>
      <trkpt lat="37.58818997070193" lon="13.75072999857366">
        <ele>811.48</ele>
      </trkpt>
      <trkpt lat="37.58802996017039" lon="13.750809961929917">
        <ele>812.29</ele>
      </trkpt>
      <trkpt lat="37.587870033457875" lon="13.7508799508214">
        <ele>813.07</ele>
      </trkpt>
      <trkpt lat="37.58775997906923" lon="13.750910041853786">
        <ele>813.77</ele>
      </trkpt>
      <trkpt lat="37.5876599829644" lon="13.75092001631856">
        <ele>814.4</ele>
      </trkpt>
      <trkpt lat="37.58758991025388" lon="13.750910041853786">
        <ele>814.98</ele>
      </trkpt>
      <trkpt lat="37.587529979646206" lon="13.750890009105206">
        <ele>815.51</ele>
      </trkpt>
      <trkpt lat="37.5874699652195" lon="13.750850027427077">
        <ele>816.02</ele>
      </trkpt>
      <trkpt lat="37.58742998354137" lon="13.750819936394691">
        <ele>816.48</ele>
      </trkpt>
      <trkpt lat="37.58739000186324" lon="13.750779954716563">
        <ele>816.89</ele>
      </trkpt>
      <trkpt lat="37.58736996911466" lon="13.75075003132224">
        <ele>817.23</ele>
      </trkpt>
      <trkpt lat="37.58735002018511" lon="13.75072999857366">
        <ele>817.52</ele>
      </trkpt>
      <trkpt lat="37.58730995468795" lon="13.750669900327921">
        <ele>817.75</ele>
      </trkpt>
      <trkpt lat="37.58725999854505" lon="13.75059999525547">
        <ele>817.94</ele>
      </trkpt>
      <trkpt lat="37.58719998411834" lon="13.750530006363988">
        <ele>818.09</ele>
      </trkpt>
      <trkpt lat="37.58715002797544" lon="13.750499915331602">
        <ele>818.16</ele>
      </trkpt>
      <trkpt lat="37.58706998080015" lon="13.75046999193728">
        <ele>818.17</ele>
      </trkpt>
      <trkpt lat="37.58699999190867" lon="13.750479882583022">
        <ele>818.1</ele>
      </trkpt>
      <trkpt lat="37.58696001023054" lon="13.750479882583022">
        <ele>817.94</ele>
      </trkpt>
      <trkpt lat="37.58692002855241" lon="13.75049002468586">
        <ele>817.69</ele>
      </trkpt>
      <trkpt lat="37.58688993752003" lon="13.750509973615408">
        <ele>817.36</ele>
      </trkpt>
      <trkpt lat="37.58686998859048" lon="13.75053989700973">
        <ele>816.96</ele>
      </trkpt>
      <trkpt lat="37.58683989755809" lon="13.750569988042116">
        <ele>816.49</ele>
      </trkpt>
      <trkpt lat="37.58674995973706" lon="13.750769980251789">
        <ele>815.96</ele>
      </trkpt>
      <trkpt lat="37.586669996380806" lon="13.75096988864243">
        <ele>815.34</ele>
      </trkpt>
      <trkpt lat="37.58654996752739" lon="13.751110034063458">
        <ele>814.65</ele>
      </trkpt>
      <trkpt lat="37.58653001859784" lon="13.751129982993007">
        <ele>813.89</ele>
      </trkpt>
      <trkpt lat="37.58650001138449" lon="13.751169880852103">
        <ele>813.06</ele>
      </trkpt>
      <trkpt lat="37.58632977493107" lon="13.751320000737906">
        <ele>812.14</ele>
      </trkpt>
      <trkpt lat="37.58616004139185" lon="13.751450004056096">
        <ele>811.18</ele>
      </trkpt>
      <trkpt lat="37.58605996146798" lon="13.75139988027513">
        <ele>810.09</ele>
      </trkpt>
      <trkpt lat="37.58588000200689" lon="13.75128990970552">
        <ele>808.89</ele>
      </trkpt>
      <trkpt lat="37.58573994040489" lon="13.751169880852103">
        <ele>807.64</ele>
      </trkpt>
      <trkpt lat="37.58556995540857" lon="13.75102998688817">
        <ele>806.35</ele>
      </trkpt>
      <trkpt lat="37.58542997762561" lon="13.75092001631856">
        <ele>805.04</ele>
      </trkpt>
      <trkpt lat="37.58526988327503" lon="13.750819936394691">
        <ele>803.7</ele>
      </trkpt>
      <trkpt lat="37.58511004038155" lon="13.750759921967983">
        <ele>802.37</ele>
      </trkpt>
      <trkpt lat="37.58502001874149" lon="13.750739889219403">
        <ele>801.03</ele>
      </trkpt>
      <trkpt lat="37.584909964352846" lon="13.750720024108887">
        <ele>799.66</ele>
      </trkpt>
      <trkpt lat="37.58485003374517" lon="13.75070996582508">
        <ele>798.3</ele>
      </trkpt>
      <trkpt lat="37.58473000489175" lon="13.750689933076501">
        <ele>796.91</ele>
      </trkpt>
      <trkpt lat="37.58454996161163" lon="13.750649951398373">
        <ele>795.47</ele>
      </trkpt>
      <trkpt lat="37.5843598600477" lon="13.750629918649793">
        <ele>794.01</ele>
      </trkpt>
      <trkpt lat="37.58420001715422" lon="13.75055992975831">
        <ele>792.55</ele>
      </trkpt>
      <trkpt lat="37.58404000662267" lon="13.750499915331602">
        <ele>791.13</ele>
      </trkpt>
      <trkpt lat="37.58385996334255" lon="13.750420035794377">
        <ele>789.73</ele>
      </trkpt>
      <trkpt lat="37.58381998166442" lon="13.75040989369154">
        <ele>788.46</ele>
      </trkpt>
      <trkpt lat="37.58365988731384" lon="13.750349879264832">
        <ele>787.18</ele>
      </trkpt>
      <trkpt lat="37.58348001167178" lon="13.750329930335283">
        <ele>785.95</ele>
      </trkpt>
      <trkpt lat="37.58339996449649" lon="13.75033998861909">
        <ele>784.78</ele>
      </trkpt>
      <trkpt lat="37.5832200050354" lon="13.750360021367669">
        <ele>783.59</ele>
      </trkpt>
      <trkpt lat="37.58302001282573" lon="13.750360021367669">
        <ele>782.42</ele>
      </trkpt>
      <trkpt lat="37.58295999839902" lon="13.750379970297217">
        <ele>781.37</ele>
      </trkpt>
      <trkpt lat="37.58289998397231" lon="13.75040989369154">
        <ele>780.38</ele>
      </trkpt>
      <trkpt lat="37.58275003172457" lon="13.750499915331602">
        <ele>779.42</ele>
      </trkpt>
      <trkpt lat="37.58266990073025" lon="13.750550039112568">
        <ele>778.54</ele>
      </trkpt>
      <trkpt lat="37.58243001066148" lon="13.75075003132224">
        <ele>777.77</ele>
      </trkpt>
      <trkpt lat="37.58233998902142" lon="13.750819936394691">
        <ele>776.99</ele>
      </trkpt>
      <trkpt lat="37.582179978489876" lon="13.750984892249107">
        <ele>776.24</ele>
      </trkpt>
      <trkpt lat="37.58201996795833" lon="13.751150015741587">
        <ele>775.52</ele>
      </trkpt>
      <trkpt lat="37.58197001181543" lon="13.751169880852103">
        <ele>774.86</ele>
      </trkpt>
      <trkpt lat="37.58193992078304" lon="13.751220004633069">
        <ele>774.24</ele>
      </trkpt>
      <trkpt lat="37.58191988803446" lon="13.751259986311197">
        <ele>773.67</ele>
      </trkpt>
      <trkpt lat="37.58183481171727" lon="13.75149023719132">
        <ele>773.13</ele>
      </trkpt>
      <trkpt lat="37.581749986857176" lon="13.75171990133822">
        <ele>772.58</ele>
      </trkpt>
      <trkpt lat="37.58181997574866" lon="13.751879995688796">
        <ele>772.14</ele>
      </trkpt>
      <trkpt lat="37.58197001181543" lon="13.75218995846808">
        <ele>771.74</ele>
      </trkpt>
      <trkpt lat="37.582070007920265" lon="13.752379976212978">
        <ele>771.39</ele>
      </trkpt>
      <trkpt lat="37.58206003345549" lon="13.752590026706457">
        <ele>770.97</ele>
      </trkpt>
      <trkpt lat="37.58206003345549" lon="13.75263998284936">
        <ele>770.6</ele>
      </trkpt>
      <trkpt lat="37.582049975171685" lon="13.752699997276068">
        <ele>770.24</ele>
      </trkpt>
      <trkpt lat="37.58201996795833" lon="13.752819942310452">
        <ele>769.88</ele>
      </trkpt>
      <trkpt lat="37.582009909674525" lon="13.75285992398858">
        <ele>769.55</ele>
      </trkpt>
      <trkpt lat="37.5819799862802" lon="13.752939971163869">
        <ele>769.23</ele>
      </trkpt>
      <trkpt lat="37.58191988803446" lon="13.7530299089849">
        <ele>768.92</ele>
      </trkpt>
      <trkpt lat="37.58181997574866" lon="13.753150021657348">
        <ele>768.57</ele>
      </trkpt>
      <trkpt lat="37.581770019605756" lon="13.753229901194572">
        <ele>768.24</ele>
      </trkpt>
      <trkpt lat="37.5815000385046" lon="13.753229901194572">
        <ele>767.84</ele>
      </trkpt>
      <trkpt lat="37.581319995224476" lon="13.75319997780025">
        <ele>767.54</ele>
      </trkpt>
      <trkpt lat="37.58118001744151" lon="13.753150021657348">
        <ele>767.25</ele>
      </trkpt>
      <trkpt lat="37.58098999969661" lon="13.753099897876382">
        <ele>766.94</ele>
      </trkpt>
      <trkpt lat="37.580815237015486" lon="13.75304508022964">
        <ele>766.64</ele>
      </trkpt>
      <trkpt lat="37.58063997142017" lon="13.752989927306771">
        <ele>766.34</ele>
      </trkpt>
      <trkpt lat="37.58049001917243" lon="13.752949945628643">
        <ele>766.03</ele>
      </trkpt>
      <trkpt lat="37.58026706054807" lon="13.752890098839998">
        <ele>765.7</ele>
      </trkpt>
      <trkpt lat="37.580044185742736" lon="13.752830168232322">
        <ele>765.33</ele>
      </trkpt>
      <trkpt lat="37.5798199698329" lon="13.75276998616755">
        <ele>764.9</ele>
      </trkpt>
      <trkpt lat="37.57977998815477" lon="13.752760011702776">
        <ele>764.51</ele>
      </trkpt>
      <trkpt lat="37.57961000315845" lon="13.75270988792181">
        <ele>764.09</ele>
      </trkpt>
      <trkpt lat="37.57950992323458" lon="13.752669906243682">
        <ele>763.66</ele>
      </trkpt>
      <trkpt lat="37.57932024076581" lon="13.752570077776909">
        <ele>763.23</ele>
      </trkpt>
      <trkpt lat="37.579129971563816" lon="13.75246999785304">
        <ele>762.82</ele>
      </trkpt>
      <trkpt lat="37.57908998988569" lon="13.752569993957877">
        <ele>762.34</ele>
      </trkpt>
      <trkpt lat="37.57905000820756" lon="13.752699997276068">
        <ele>761.84</ele>
      </trkpt>
      <trkpt lat="37.57890994660556" lon="13.75304994173348">
        <ele>761.23</ele>
      </trkpt>
      <trkpt lat="37.578809866681695" lon="13.75337046571076">
        <ele>760.63</ele>
      </trkpt>
      <trkpt lat="37.57871003821492" lon="13.753689983859658">
        <ele>760.04</ele>
      </trkpt>
      <trkpt lat="37.57865999825299" lon="13.753809928894043">
        <ele>759.45</ele>
      </trkpt>
      <trkpt lat="37.578590009361506" lon="13.754030037671328">
        <ele>758.81</ele>
      </trkpt>
      <trkpt lat="37.57875991053879" lon="13.754129949957132">
        <ele>758.19</ele>
      </trkpt>
      <trkpt lat="37.57885999046266" lon="13.754249978810549">
        <ele>757.54</ele>
      </trkpt>
      <trkpt lat="37.57898001931608" lon="13.754349974915385">
        <ele>756.88</ele>
      </trkpt>
      <trkpt lat="37.57921999320388" lon="13.75453001819551">
        <ele>756.21</ele>
      </trkpt>
      <trkpt lat="37.57924002595246" lon="13.754539908841252">
        <ele>755.55</ele>
      </trkpt>
      <trkpt lat="37.57941998541355" lon="13.754669912159443">
        <ele>754.9</ele>
      </trkpt>
      <trkpt lat="37.57932996377349" lon="13.754969900473952">
        <ele>754.17</ele>
      </trkpt>
      <trkpt lat="37.579244803637266" lon="13.755240384489298">
        <ele>753.43</ele>
      </trkpt>
      <trkpt lat="37.57915997877717" lon="13.755510030314326">
        <ele>752.67</ele>
      </trkpt>
      <trkpt lat="37.57909988053143" lon="13.755710022524">
        <ele>751.91</ele>
      </trkpt>
      <trkpt lat="37.57902310229838" lon="13.755957037210464">
        <ele>751.1</ele>
      </trkpt>
      <trkpt lat="37.57894632406533" lon="13.75620405189693">
        <ele>750.22</ele>
      </trkpt>
      <trkpt lat="37.5788698811084" lon="13.756449893116951">
        <ele>749.35</ele>
      </trkpt>
      <trkpt lat="37.578789833933115" lon="13.75669028609991">
        <ele>748.51</ele>
      </trkpt>
      <trkpt lat="37.57871003821492" lon="13.756930008530617">
        <ele>747.7</ele>
      </trkpt>
      <trkpt lat="37.578699979931116" lon="13.756950041279197">
        <ele>746.91</ele>
      </trkpt>
      <trkpt lat="37.57865999825299" lon="13.75713000074029">
        <ele>746.09</ele>
      </trkpt>
      <trkpt lat="37.57865999825299" lon="13.75715003348887">
        <ele>745.3</ele>
      </trkpt>
      <trkpt lat="37.57865999825299" lon="13.757179956883192">
        <ele>744.51</ele>
      </trkpt>
      <trkpt lat="37.57865999825299" lon="13.757209964096546">
        <ele>743.72</ele>
      </trkpt>
      <trkpt lat="37.57866997271776" lon="13.757229996845126">
        <ele>742.93</ele>
      </trkpt>
      <trkpt lat="37.57866997271776" lon="13.757250029593706">
        <ele>742.14</ele>
      </trkpt>
      <trkpt lat="37.57869000546634" lon="13.757289927452803">
        <ele>741.35</ele>
      </trkpt>
      <trkpt lat="37.57871984504163" lon="13.757329909130931">
        <ele>740.56</ele>
      </trkpt>
      <trkpt lat="37.57873987779021" lon="13.75736997462809">
        <ele>739.78</ele>
      </trkpt>
      <trkpt lat="37.57884004153311" lon="13.757510036230087">
        <ele>738.98</ele>
      </trkpt>
      <trkpt lat="37.57902503013611" lon="13.757759984582663">
        <ele>738.13</ele>
      </trkpt>
      <trkpt lat="37.57920993492007" lon="13.75801001675427">
        <ele>737.31</ele>
      </trkpt>
      <trkpt lat="37.57922996766865" lon="13.75805988907814">
        <ele>736.54</ele>
      </trkpt>
      <trkpt lat="37.57925000041723" lon="13.758089980110526">
        <ele>735.78</ele>
      </trkpt>
      <trkpt lat="37.57927003316581" lon="13.758149910718203">
        <ele>735.02</ele>
      </trkpt>
      <trkpt lat="37.57931990548968" lon="13.758449899032712">
        <ele>734.19</ele>
      </trkpt>
      <trkpt lat="37.57931990548968" lon="13.758469931781292">
        <ele>733.46</ele>
      </trkpt>
      <trkpt lat="37.57933993823826" lon="13.758739996701479">
        <ele>732.69</ele>
      </trkpt>
      <trkpt lat="37.57933993823826" lon="13.75889003276825">
        <ele>731.93</ele>
      </trkpt>
      <trkpt lat="37.57931990548968" lon="13.75902003608644">
        <ele>731.19</ele>
      </trkpt>
      <trkpt lat="37.57927003316581" lon="13.759139897301793">
        <ele>730.47</ele>
      </trkpt>
      <trkpt lat="37.57918001152575" lon="13.759230002760887">
        <ele>729.72</ele>
      </trkpt>
      <trkpt lat="37.579129971563816" lon="13.75927995890379">
        <ele>729.01</ele>
      </trkpt>
      <trkpt lat="37.57905000820756" lon="13.759360006079078">
        <ele>728.32</ele>
      </trkpt>
      <trkpt lat="37.57898999378085" lon="13.75940996222198">
        <ele>727.6</ele>
      </trkpt>
      <trkpt lat="37.57884004153311" lon="13.75954482704401">
        <ele>726.85</ele>
      </trkpt>
      <trkpt lat="37.57869000546634" lon="13.759680027142167">
        <ele>726.13</ele>
      </trkpt>
      <trkpt lat="37.57855002768338" lon="13.759789997711778">
        <ele>725.42</ele>
      </trkpt>
      <trkpt lat="37.57844986394048" lon="13.759869877249002">
        <ele>724.75</ele>
      </trkpt>
      <trkpt lat="37.57839001715183" lon="13.75992989167571">
        <ele>724.09</ele>
      </trkpt>
      <trkpt lat="37.57834995165467" lon="13.75996995717287">
        <ele>723.44</ele>
      </trkpt>
      <trkpt lat="37.578290021046996" lon="13.760059894993901">
        <ele>722.79</ele>
      </trkpt>
      <trkpt lat="37.57823998108506" lon="13.76015997491777">
        <ele>722.15</ele>
      </trkpt>
      <trkpt lat="37.57817988283932" lon="13.760319901630282">
        <ele>721.5</ele>
      </trkpt>
      <trkpt lat="37.57810997776687" lon="13.760519977658987">
        <ele>720.86</ele>
      </trkpt>
      <trkpt lat="37.57800000719726" lon="13.76078987494111">
        <ele>720.23</ele>
      </trkpt>
      <trkpt lat="37.57794996723533" lon="13.76089003868401">
        <ele>719.58</ele>
      </trkpt>
      <trkpt lat="37.577839996665716" lon="13.761069914326072">
        <ele>718.94</ele>
      </trkpt>
      <trkpt lat="37.5777199678123" lon="13.761199917644262">
        <ele>718.28</ele>
      </trkpt>
      <trkpt lat="37.57767998613417" lon="13.76123989932239">
        <ele>717.62</ele>
      </trkpt>
      <trkpt lat="37.57758996449411" lon="13.761339979246259">
        <ele>716.95</ele>
      </trkpt>
      <trkpt lat="37.57735996507108" lon="13.76159998588264">
        <ele>716.19</ele>
      </trkpt>
      <trkpt lat="37.577280001714826" lon="13.76168992370367">
        <ele>715.49</ele>
      </trkpt>
      <trkpt lat="37.57714002393186" lon="13.76183987595141">
        <ele>714.79</ele>
      </trkpt>
      <trkpt lat="37.57705997675657" lon="13.76192000694573">
        <ele>714.08</ele>
      </trkpt>
      <trkpt lat="37.57703986018896" lon="13.761949930340052">
        <ele>713.37</ele>
      </trkpt>
      <trkpt lat="37.57697003893554" lon="13.762040035799146">
        <ele>712.63</ele>
      </trkpt>
      <trkpt lat="37.57691999897361" lon="13.76211991533637">
        <ele>711.89</ele>
      </trkpt>
      <trkpt lat="37.5768599845469" lon="13.762249918654561">
        <ele>711.15</ele>
      </trkpt>
      <trkpt lat="37.576810028404" lon="13.762399954721332">
        <ele>710.37</ele>
      </trkpt>
      <trkpt lat="37.57674993015826" lon="13.76258997246623">
        <ele>709.56</ele>
      </trkpt>
      <trkpt lat="37.57671003229916" lon="13.76275995746255">
        <ele>708.67</ele>
      </trkpt>
      <trkpt lat="37.57671003229916" lon="13.762949975207448">
        <ele>707.76</ele>
      </trkpt>
      <trkpt lat="37.576720006763935" lon="13.763100011274219">
        <ele>706.83</ele>
      </trkpt>
      <trkpt lat="37.576740039512515" lon="13.763249963521957">
        <ele>705.85</ele>
      </trkpt>
      <trkpt lat="37.57675998844206" lon="13.763349875807762">
        <ele>704.83</ele>
      </trkpt>
      <trkpt lat="37.57679997012019" lon="13.763660006225109">
        <ele>703.76</ele>
      </trkpt>
      <trkpt lat="37.576810028404" lon="13.763739969581366">
        <ele>702.69</ele>
      </trkpt>
      <trkpt lat="37.576810028404" lon="13.76383988186717">
        <ele>701.56</ele>
      </trkpt>
      <trkpt lat="37.576810028404" lon="13.763890005648136">
        <ele>700.4</ele>
      </trkpt>
      <trkpt lat="37.576810028404" lon="13.763969885185361">
        <ele>699.2</ele>
      </trkpt>
      <trkpt lat="37.57679997012019" lon="13.76405001617968">
        <ele>697.96</ele>
      </trkpt>
      <trkpt lat="37.57678999565542" lon="13.764150012284517">
        <ele>696.66</ele>
      </trkpt>
      <trkpt lat="37.57678538560867" lon="13.764140959829092">
        <ele>695.36</ele>
      </trkpt>
      <trkpt lat="37.57675093598664" lon="13.76439979299903">
        <ele>693.94</ele>
      </trkpt>
      <trkpt lat="37.57667491212487" lon="13.7647208198905">
        <ele>692.45</ele>
      </trkpt>
      <trkpt lat="37.57663367316127" lon="13.764980491250753">
        <ele>690.97</ele>
      </trkpt>
      <trkpt lat="37.57659260183573" lon="13.765239240601659">
        <ele>689.5</ele>
      </trkpt>
      <trkpt lat="37.57644943892956" lon="13.765530344098806">
        <ele>687.96</ele>
      </trkpt>
      <trkpt lat="37.57629906758666" lon="13.76584516838193">
        <ele>686.41</ele>
      </trkpt>
      <trkpt lat="37.57606730796397" lon="13.766042813658714">
        <ele>684.83</ele>
      </trkpt>
      <trkpt lat="37.575835548341274" lon="13.766240375116467">
        <ele>683.22</ele>
      </trkpt>
      <trkpt lat="37.57560387253761" lon="13.76643793657422">
        <ele>681.58</ele>
      </trkpt>
      <trkpt lat="37.57537211291492" lon="13.766635498031974">
        <ele>679.97</ele>
      </trkpt>
      <trkpt lat="37.57513951510191" lon="13.766833813861012">
        <ele>678.32</ele>
      </trkpt>
      <trkpt lat="37.574902307242155" lon="13.767047803848982">
        <ele>676.64</ele>
      </trkpt>
      <trkpt lat="37.57489124312997" lon="13.767318287864327">
        <ele>675.03</ele>
      </trkpt>
      <trkpt lat="37.575009344145656" lon="13.767649037763476">
        <ele>673.34</ele>
      </trkpt>
      <trkpt lat="37.57501680403948" lon="13.76765456981957">
        <ele>671.77</ele>
      </trkpt>
      <trkpt lat="37.57504681125283" lon="13.767681224271655">
        <ele>670.2</ele>
      </trkpt>
      <trkpt lat="37.5752608012408" lon="13.767957491800189">
        <ele>668.64</ele>
      </trkpt>
      <trkpt lat="37.57526859641075" lon="13.767972076311707">
        <ele>667.09</ele>
      </trkpt>
      <trkpt lat="37.57543430663645" lon="13.768241973593831">
        <ele>665.55</ele>
      </trkpt>
      <trkpt lat="37.57552717812359" lon="13.768456550315022">
        <ele>664.0</ele>
      </trkpt>
      <trkpt lat="37.57549683563411" lon="13.768848739564419">
        <ele>662.42</ele>
      </trkpt>
      <trkpt lat="37.57546649314463" lon="13.769240928813815">
        <ele>660.89</ele>
      </trkpt>
      <trkpt lat="37.57543615065515" lon="13.769633118063211">
        <ele>659.4</ele>
      </trkpt>
      <trkpt lat="37.57540597580373" lon="13.77002203837037">
        <ele>657.96</ele>
      </trkpt>
      <trkpt lat="37.57536825723946" lon="13.770341472700238">
        <ele>656.49</ele>
      </trkpt>
      <trkpt lat="37.57533062249422" lon="13.770659565925598">
        <ele>655.15</ele>
      </trkpt>
      <trkpt lat="37.57515041157603" lon="13.770967936143279">
        <ele>653.66</ele>
      </trkpt>
      <trkpt lat="37.574970200657845" lon="13.771276390179992">
        <ele>652.3</ele>
      </trkpt>
      <trkpt lat="37.57479032501578" lon="13.771584257483482">
        <ele>650.97</ele>
      </trkpt>
      <trkpt lat="37.57467867806554" lon="13.77177813090384">
        <ele>649.76</ele>
      </trkpt>
      <trkpt lat="37.57456728257239" lon="13.771971669048071">
        <ele>648.63</ele>
      </trkpt>
      <trkpt lat="37.57454817183316" lon="13.77198969013989">
        <ele>647.58</ele>
      </trkpt>
      <trkpt lat="37.57451757788658" lon="13.77202246338129">
        <ele>646.59</ele>
      </trkpt>
      <trkpt lat="37.5744872353971" lon="13.772042412310839">
        <ele>645.64</ele>
      </trkpt>
      <trkpt lat="37.57445697672665" lon="13.77206638455391">
        <ele>644.75</ele>
      </trkpt>
      <trkpt lat="37.574438117444515" lon="13.772075520828366">
        <ele>643.93</ele>
      </trkpt>
      <trkpt lat="37.57440819405019" lon="13.772082477807999">
        <ele>643.16</ele>
      </trkpt>
      <trkpt lat="37.57437449879944" lon="13.77208448946476">
        <ele>642.45</ele>
      </trkpt>
      <trkpt lat="37.57434859871864" lon="13.77205423079431">
        <ele>641.8</ele>
      </trkpt>
      <trkpt lat="37.57432269863784" lon="13.772028246894479">
        <ele>641.21</ele>
      </trkpt>
      <trkpt lat="37.57429713383317" lon="13.771994048729539">
        <ele>640.66</ele>
      </trkpt>
      <trkpt lat="37.57428606972098" lon="13.771966807544231">
        <ele>640.16</ele>
      </trkpt>
      <trkpt lat="37.57428246550262" lon="13.77194526605308">
        <ele>639.71</ele>
      </trkpt>
      <trkpt lat="37.57427517324686" lon="13.77191056497395">
        <ele>639.31</ele>
      </trkpt>
      <trkpt lat="37.57427517324686" lon="13.771906290203333">
        <ele>638.96</ele>
      </trkpt>
      <trkpt lat="37.57427517324686" lon="13.771876953542233">
        <ele>638.64</ele>
      </trkpt>
      <trkpt lat="37.574271485209465" lon="13.77183043397963">
        <ele>638.37</ele>
      </trkpt>
      <trkpt lat="37.574271485209465" lon="13.771809479221702">
        <ele>638.13</ele>
      </trkpt>
      <trkpt lat="37.574271485209465" lon="13.77178450115025">
        <ele>637.93</ele>
      </trkpt>
      <trkpt lat="37.5742715690285" lon="13.77175516448915">
        <ele>637.77</ele>
      </trkpt>
      <trkpt lat="37.5742715690285" lon="13.771730102598667">
        <ele>637.63</ele>
      </trkpt>
      <trkpt lat="37.5742715690285" lon="13.771700849756598">
        <ele>637.52</ele>
      </trkpt>
      <trkpt lat="37.5742715690285" lon="13.771675787866116">
        <ele>637.44</ele>
      </trkpt>
      <trkpt lat="37.5742715690285" lon="13.771650642156601">
        <ele>637.38</ele>
      </trkpt>
      <trkpt lat="37.5742715690285" lon="13.771629855036736">
        <ele>637.34</ele>
      </trkpt>
      <trkpt lat="37.5742715690285" lon="13.771604709327221">
        <ele>637.33</ele>
      </trkpt>
      <trkpt lat="37.57427525706589" lon="13.771584425121546">
        <ele>637.33</ele>
      </trkpt>
      <trkpt lat="37.574278861284256" lon="13.771559782326221">
        <ele>637.35</ele>
      </trkpt>
      <trkpt lat="37.57428623735905" lon="13.77153581008315">
        <ele>637.39</ele>
      </trkpt>
      <trkpt lat="37.57428623735905" lon="13.771510748192668">
        <ele>637.44</ele>
      </trkpt>
      <trkpt lat="37.57428623735905" lon="13.77146883867681">
        <ele>637.49</ele>
      </trkpt>
      <trkpt lat="37.57427894510329" lon="13.771434389054775">
        <ele>637.55</ele>
      </trkpt>
      <trkpt lat="37.57427165284753" lon="13.771395664662123">
        <ele>637.62</ele>
      </trkpt>
      <trkpt lat="37.57426436059177" lon="13.771365573629737">
        <ele>637.7</ele>
      </trkpt>
      <trkpt lat="37.57425329647958" lon="13.771334895864129">
        <ele>637.78</ele>
      </trkpt>
      <trkpt lat="37.57423887960613" lon="13.771307989954948">
        <ele>637.87</ele>
      </trkpt>
      <trkpt lat="37.57422789931297" lon="13.771281586959958">
        <ele>637.96</ele>
      </trkpt>
      <trkpt lat="37.57421708665788" lon="13.771255183964968">
        <ele>638.06</ele>
      </trkpt>
      <trkpt lat="37.57419906556606" lon="13.77121964469552">
        <ele>638.16</ele>
      </trkpt>
      <trkpt lat="37.57418825291097" lon="13.77119760029018">
        <ele>638.26</ele>
      </trkpt>
      <trkpt lat="37.57417023181915" lon="13.771166419610381">
        <ele>638.36</ele>
      </trkpt>
      <trkpt lat="37.574148690328" lon="13.771134987473488">
        <ele>638.47</ele>
      </trkpt>
      <trkpt lat="37.574127400293946" lon="13.77110774628818">
        <ele>638.57</ele>
      </trkpt>
      <trkpt lat="37.57410963065922" lon="13.771080924198031">
        <ele>638.67</ele>
      </trkpt>
      <trkpt lat="37.5740847364068" lon="13.771057706326246">
        <ele>638.78</ele>
      </trkpt>
      <trkpt lat="37.57407769560814" lon="13.77105695195496">
        <ele>638.88</ele>
      </trkpt>
      <trkpt lat="37.57405657321215" lon="13.771050497889519">
        <ele>638.98</ele>
      </trkpt>
      <trkpt lat="37.57403193041682" lon="13.771047899499536">
        <ele>639.08</ele>
      </trkpt>
      <trkpt lat="37.57401089183986" lon="13.771045552566648">
        <ele>639.17</ele>
      </trkpt>
      <trkpt lat="37.57399010472" lon="13.77104320563376">
        <ele>639.26</ele>
      </trkpt>
      <trkpt lat="37.57397275418043" lon="13.771041361615062">
        <ele>639.34</ele>
      </trkpt>
      <trkpt lat="37.573955403640866" lon="13.771043624728918">
        <ele>639.41</ele>
      </trkpt>
      <trkpt lat="37.57393470034003" lon="13.771049408242106">
        <ele>639.47</ele>
      </trkpt>
      <trkpt lat="37.57391751743853" lon="13.771055694669485">
        <ele>639.53</ele>
      </trkpt>
      <trkpt lat="37.57389010861516" lon="13.771080840379">
        <ele>639.57</ele>
      </trkpt>
      <trkpt lat="37.57387300953269" lon="13.771099196746945">
        <ele>639.6</ele>
      </trkpt>
      <trkpt lat="37.57384920492768" lon="13.77112870104611">
        <ele>639.62</ele>
      </trkpt>
      <trkpt lat="37.57381869480014" lon="13.771157199516892">
        <ele>639.61</ele>
      </trkpt>
      <trkpt lat="37.573798494413495" lon="13.771182848140597">
        <ele>639.6</ele>
      </trkpt>
      <trkpt lat="37.57378508336842" lon="13.77119718119502">
        <ele>639.56</ele>
      </trkpt>
      <trkpt lat="37.57376831956208" lon="13.771211178973317">
        <ele>639.5</ele>
      </trkpt>
      <trkpt lat="37.57375826127827" lon="13.771221907809377">
        <ele>639.43</ele>
      </trkpt>
      <trkpt lat="37.57374158129096" lon="13.7712396774441">
        <ele>639.32</ele>
      </trkpt>
      <trkpt lat="37.57372498512268" lon="13.771265493705869">
        <ele>639.2</ele>
      </trkpt>
      <trkpt lat="37.57371174171567" lon="13.7712914776057">
        <ele>639.05</ele>
      </trkpt>
      <trkpt lat="37.573688607662916" lon="13.771320227533579">
        <ele>638.87</ele>
      </trkpt>
      <trkpt lat="37.57366882637143" lon="13.771349228918552">
        <ele>638.66</ele>
      </trkpt>
      <trkpt lat="37.57364250719547" lon="13.771381247788668">
        <ele>638.41</ele>
      </trkpt>
      <trkpt lat="37.573619708418846" lon="13.771409494802356">
        <ele>638.14</ele>
      </trkpt>
      <trkpt lat="37.57359699346125" lon="13.771437657997012">
        <ele>637.83</ele>
      </trkpt>
      <trkpt lat="37.5735807325691" lon="13.771458948031068">
        <ele>637.48</ele>
      </trkpt>
      <trkpt lat="37.57356137037277" lon="13.77147956751287">
        <ele>637.1</ele>
      </trkpt>
      <trkpt lat="37.57353890687227" lon="13.77149960026145">
        <ele>636.67</ele>
      </trkpt>
      <trkpt lat="37.57351644337177" lon="13.77152357250452">
        <ele>636.21</ele>
      </trkpt>
      <trkpt lat="37.573500433936715" lon="13.771552238613367">
        <ele>635.71</ele>
      </trkpt>
      <trkpt lat="37.57347822189331" lon="13.771579815074801">
        <ele>635.17</ele>
      </trkpt>
      <trkpt lat="37.57345919497311" lon="13.771603954955935">
        <ele>634.58</ele>
      </trkpt>
      <trkpt lat="37.57344025187194" lon="13.771628011018038">
        <ele>633.96</ele>
      </trkpt>
      <trkpt lat="37.57342449389398" lon="13.771652486175299">
        <ele>633.29</ele>
      </trkpt>
      <trkpt lat="37.57341183722019" lon="13.77167746424675">
        <ele>632.59</ele>
      </trkpt>
      <trkpt lat="37.57340881973505" lon="13.771692467853427">
        <ele>631.84</ele>
      </trkpt>
      <trkpt lat="37.573399348184466" lon="13.77170629799366">
        <ele>631.05</ele>
      </trkpt>
      <trkpt lat="37.57339624688029" lon="13.77173655666411">
        <ele>630.22</ele>
      </trkpt>
      <trkpt lat="37.57323288358748" lon="13.771999245509505">
        <ele>629.25</ele>
      </trkpt>
      <trkpt lat="37.573069520294666" lon="13.77226185053587">
        <ele>628.27</ele>
      </trkpt>
      <trkpt lat="37.57290649227798" lon="13.772524120286107">
        <ele>627.27</ele>
      </trkpt>
      <trkpt lat="37.57271395996213" lon="13.772727632895112">
        <ele>626.25</ele>
      </trkpt>
      <trkpt lat="37.57252142764628" lon="13.772931145504117">
        <ele>625.18</ele>
      </trkpt>
      <trkpt lat="37.572328727692366" lon="13.773134909570217">
        <ele>624.07</ele>
      </trkpt>
      <trkpt lat="37.572206100448966" lon="13.77345853485167">
        <ele>622.94</ele>
      </trkpt>
      <trkpt lat="37.57208380848169" lon="13.773781405761838">
        <ele>621.74</ele>
      </trkpt>
      <trkpt lat="37.57189798168838" lon="13.774083405733109">
        <ele>620.49</ele>
      </trkpt>
      <trkpt lat="37.57171215489507" lon="13.774385405704379">
        <ele>619.2</ele>
      </trkpt>
      <trkpt lat="37.57152666337788" lon="13.77468690276146">
        <ele>617.89</ele>
      </trkpt>
      <trkpt lat="37.57134745828807" lon="13.774938695132732">
        <ele>616.54</ele>
      </trkpt>
      <trkpt lat="37.571168253198266" lon="13.775190403684974">
        <ele>615.2</ele>
      </trkpt>
      <trkpt lat="37.57098904810846" lon="13.775442196056247">
        <ele>613.92</ele>
      </trkpt>
      <trkpt lat="37.57080992683768" lon="13.775693653151393">
        <ele>612.64</ele>
      </trkpt>
      <trkpt lat="37.5707121938467" lon="13.775954246520996">
        <ele>611.35</ele>
      </trkpt>
      <trkpt lat="37.57061471231282" lon="13.776214169338346">
        <ele>610.06</ele>
      </trkpt>
      <trkpt lat="37.570622926577926" lon="13.77658816985786">
        <ele>608.75</ele>
      </trkpt>
      <trkpt lat="37.570631140843034" lon="13.776962170377374">
        <ele>607.4</ele>
      </trkpt>
      <trkpt lat="37.57063935510814" lon="13.777336170896888">
        <ele>605.98</ele>
      </trkpt>
      <trkpt lat="37.57064756937325" lon="13.777710255235434">
        <ele>604.54</ele>
      </trkpt>
      <trkpt lat="37.57065578363836" lon="13.778080400079489">
        <ele>603.06</ele>
      </trkpt>
      <trkpt lat="37.57060364820063" lon="13.778432356193662">
        <ele>601.63</ele>
      </trkpt>
      <trkpt lat="37.57040038704872" lon="13.77856370061636">
        <ele>600.16</ele>
      </trkpt>
      <trkpt lat="37.57015940733254" lon="13.77867509610951">
        <ele>598.65</ele>
      </trkpt>
      <trkpt lat="37.56986184976995" lon="13.77878506667912">
        <ele>597.15</ele>
      </trkpt>
      <trkpt lat="37.569676944985986" lon="13.77881532534957">
        <ele>595.71</ele>
      </trkpt>
      <trkpt lat="37.56949136964977" lon="13.778845751658082">
        <ele>594.28</ele>
      </trkpt>
      <trkpt lat="37.56920621730387" lon="13.778928648680449">
        <ele>592.82</ele>
      </trkpt>
      <trkpt lat="37.568896086886525" lon="13.778938539326191">
        <ele>591.31</ele>
      </trkpt>
      <trkpt lat="37.5685846991837" lon="13.778948513790965">
        <ele>589.75</ele>
      </trkpt>
      <trkpt lat="37.56844874471426" lon="13.779089162126184">
        <ele>588.21</ele>
      </trkpt>
      <trkpt lat="37.568312706425786" lon="13.779229978099465">
        <ele>586.72</ele>
      </trkpt>
      <trkpt lat="37.568183206021786" lon="13.7793939281255">
        <ele>585.25</ele>
      </trkpt>
      <trkpt lat="37.568053705617785" lon="13.779557961970568">
        <ele>583.86</ele>
      </trkpt>
      <trkpt lat="37.56798597984016" lon="13.779880665242672">
        <ele>582.43</ele>
      </trkpt>
      <trkpt lat="37.56791858933866" lon="13.780202195048332">
        <ele>581.02</ele>
      </trkpt>
      <trkpt lat="37.56785958074033" lon="13.78049329854548">
        <ele>579.65</ele>
      </trkpt>
      <trkpt lat="37.56780065596104" lon="13.780784318223596">
        <ele>578.24</ele>
      </trkpt>
      <trkpt lat="37.56774206645787" lon="13.781073745340109">
        <ele>576.87</ele>
      </trkpt>
      <trkpt lat="37.567691188305616" lon="13.781352695077658">
        <ele>575.55</ele>
      </trkpt>
      <trkpt lat="37.567640310153365" lon="13.781631728634238">
        <ele>574.2</ele>
      </trkpt>
      <trkpt lat="37.56758976727724" lon="13.781909253448248">
        <ele>572.91</ele>
      </trkpt>
      <trkpt lat="37.56763209588826" lon="13.782200440764427">
        <ele>571.66</ele>
      </trkpt>
      <trkpt lat="37.56767434068024" lon="13.782490454614162">
        <ele>570.45</ele>
      </trkpt>
      <trkpt lat="37.56793627515435" lon="13.782625906169415">
        <ele>569.22</ele>
      </trkpt>
      <trkpt lat="37.56819904781878" lon="13.782761776819825">
        <ele>567.99</ele>
      </trkpt>
      <trkpt lat="37.56844497285783" lon="13.782899742946029">
        <ele>566.79</ele>
      </trkpt>
      <trkpt lat="37.5686917360872" lon="13.78303812816739">
        <ele>565.61</ele>
      </trkpt>
      <trkpt lat="37.568911174312234" lon="13.783162934705615">
        <ele>564.43</ele>
      </trkpt>
      <trkpt lat="37.5691306963563" lon="13.78328774124384">
        <ele>563.25</ele>
      </trkpt>
      <trkpt lat="37.56935122422874" lon="13.783413134515285">
        <ele>562.11</ele>
      </trkpt>
      <trkpt lat="37.569537134841084" lon="13.783537102863193">
        <ele>561.03</ele>
      </trkpt>
      <trkpt lat="37.56972312927246" lon="13.783661155030131">
        <ele>559.97</ele>
      </trkpt>
      <trkpt lat="37.56990979425609" lon="13.783785626292229">
        <ele>558.93</ele>
      </trkpt>
      <trkpt lat="37.57005102932453" lon="13.783947564661503">
        <ele>557.9</ele>
      </trkpt>
      <trkpt lat="37.57019226439297" lon="13.78410967066884">
        <ele>556.84</ele>
      </trkpt>
      <trkpt lat="37.570381024852395" lon="13.784320810809731">
        <ele>555.77</ele>
      </trkpt>
      <trkpt lat="37.57056995294988" lon="13.784532118588686">
        <ele>554.71</ele>
      </trkpt>
      <trkpt lat="37.57075016386807" lon="13.784780474379659">
        <ele>553.7</ele>
      </trkpt>
      <trkpt lat="37.57093037478626" lon="13.785028830170631">
        <ele>552.6</ele>
      </trkpt>
      <trkpt lat="37.57098971866071" lon="13.78525790758431">
        <ele>551.55</ele>
      </trkpt>
      <trkpt lat="37.5710488948971" lon="13.78548614680767">
        <ele>550.47</ele>
      </trkpt>
      <trkpt lat="37.571015199646354" lon="13.78579149954021">
        <ele>549.44</ele>
      </trkpt>
      <trkpt lat="37.5709817558527" lon="13.786095762625337">
        <ele>548.44</ele>
      </trkpt>
      <trkpt lat="37.57103648968041" lon="13.78635442815721">
        <ele>547.38</ele>
      </trkpt>
      <trkpt lat="37.57109122350812" lon="13.786613093689084">
        <ele>546.36</ele>
      </trkpt>
      <trkpt lat="37.5711456220597" lon="13.78687041811645">
        <ele>545.33</ele>
      </trkpt>
      <trkpt lat="37.57120890542865" lon="13.787165880203247">
        <ele>544.3</ele>
      </trkpt>
      <trkpt lat="37.57127210497856" lon="13.787461342290044">
        <ele>543.28</ele>
      </trkpt>
      <trkpt lat="37.57133496925235" lon="13.787755044177175">
        <ele>542.28</ele>
      </trkpt>
      <trkpt lat="37.57133496925235" lon="13.787754960358143">
        <ele>542.28</ele>
      </trkpt>
      <trkpt lat="37.57133505307138" lon="13.78775529563427">
        <ele>541.31</ele>
      </trkpt>
      <trkpt lat="37.571381237357855" lon="13.788052266463637">
        <ele>540.29</ele>
      </trkpt>
      <trkpt lat="37.57142742164433" lon="13.788349237293005">
        <ele>539.28</ele>
      </trkpt>
      <trkpt lat="37.57147335447371" lon="13.788644531741738">
        <ele>538.3</ele>
      </trkpt>
      <trkpt lat="37.57155532948673" lon="13.788953991606832">
        <ele>537.27</ele>
      </trkpt>
      <trkpt lat="37.57163705304265" lon="13.789262529462576">
        <ele>536.16</ele>
      </trkpt>
      <trkpt lat="37.571738893166184" lon="13.789558159187436">
        <ele>535.07</ele>
      </trkpt>
      <trkpt lat="37.571840565651655" lon="13.78985303454101">
        <ele>534.12</ele>
      </trkpt>
      <trkpt lat="37.57194232195616" lon="13.790085213258862">
        <ele>533.17</ele>
      </trkpt>
      <trkpt lat="37.5720439106226" lon="13.790316805243492">
        <ele>532.16</ele>
      </trkpt>
      <trkpt lat="37.57216519676149" lon="13.790541104972363">
        <ele>531.14</ele>
      </trkpt>
      <trkpt lat="37.57228639908135" lon="13.790765153244138">
        <ele>530.08</ele>
      </trkpt>
      <trkpt lat="37.572406930848956" lon="13.790944274514914">
        <ele>528.96</ele>
      </trkpt>
      <trkpt lat="37.57252746261656" lon="13.791123311966658">
        <ele>527.82</ele>
      </trkpt>
      <trkpt lat="37.57259963080287" lon="13.791316598653793">
        <ele>526.73</ele>
      </trkpt>
      <trkpt lat="37.572671715170145" lon="13.791509382426739">
        <ele>525.65</ele>
      </trkpt>
      <trkpt lat="37.572759222239256" lon="13.791765114292502">
        <ele>524.58</ele>
      </trkpt>
      <trkpt lat="37.57279962301254" lon="13.792010201141238">
        <ele>523.5</ele>
      </trkpt>
      <trkpt lat="37.57284002378583" lon="13.792254198342562">
        <ele>522.41</ele>
      </trkpt>
      <trkpt lat="37.572921831160784" lon="13.792436420917511">
        <ele>521.27</ele>
      </trkpt>
      <trkpt lat="37.573003554716706" lon="13.792618224397302">
        <ele>520.12</ele>
      </trkpt>
      <trkpt lat="37.57310187444091" lon="13.792775301262736">
        <ele>518.97</ele>
      </trkpt>
      <trkpt lat="37.57320011034608" lon="13.792932210490108">
        <ele>517.83</ele>
      </trkpt>
      <trkpt lat="37.573258029296994" lon="13.793131532147527">
        <ele>516.75</ele>
      </trkpt>
      <trkpt lat="37.573315780609846" lon="13.793330183252692">
        <ele>515.64</ele>
      </trkpt>
      <trkpt lat="37.57330220192671" lon="13.793610725551844">
        <ele>514.54</ele>
      </trkpt>
      <trkpt lat="37.5732887070626" lon="13.793890094384551">
        <ele>513.42</ele>
      </trkpt>
      <trkpt lat="37.57334930822253" lon="13.794149095192552">
        <ele>512.2</ele>
      </trkpt>
      <trkpt lat="37.57340982556343" lon="13.794407257810235">
        <ele>510.97</ele>
      </trkpt>
      <trkpt lat="37.57340982556343" lon="13.79442946985364">
        <ele>509.8</ele>
      </trkpt>
      <trkpt lat="37.573531279340386" lon="13.794719986617565">
        <ele>508.54</ele>
      </trkpt>
      <trkpt lat="37.57365273311734" lon="13.795010419562459">
        <ele>507.26</ele>
      </trkpt>
      <trkpt lat="37.5737741868943" lon="13.795300852507353">
        <ele>505.99</ele>
      </trkpt>
      <trkpt lat="37.57389564067125" lon="13.795591285452247">
        <ele>504.71</ele>
      </trkpt>
      <trkpt lat="37.574016423895955" lon="13.795880042016506">
        <ele>503.41</ele>
      </trkpt>
      <trkpt lat="37.57414357736707" lon="13.796186484396458">
        <ele>502.12</ele>
      </trkpt>
      <trkpt lat="37.574270563200116" lon="13.796492256224155">
        <ele>500.82</ele>
      </trkpt>
      <trkpt lat="37.57438254542649" lon="13.796773049980402">
        <ele>499.51</ele>
      </trkpt>
      <trkpt lat="37.57449461147189" lon="13.797053843736649">
        <ele>498.19</ele>
      </trkpt>
      <trkpt lat="37.57460634224117" lon="13.797333547845483">
        <ele>496.82</ele>
      </trkpt>
      <trkpt lat="37.57467876188457" lon="13.7977091409266">
        <ele>495.45</ele>
      </trkpt>
      <trkpt lat="37.57475093007088" lon="13.798083309084177">
        <ele>494.04</ele>
      </trkpt>
      <trkpt lat="37.57471497170627" lon="13.798360582441092">
        <ele>492.64</ele>
      </trkpt>
      <trkpt lat="37.5746790971607" lon="13.798637939617038">
        <ele>491.25</ele>
      </trkpt>
      <trkpt lat="37.57464347407222" lon="13.79891362041235">
        <ele>489.8</ele>
      </trkpt>
      <trkpt lat="37.574556386098266" lon="13.799103554338217">
        <ele>488.38</ele>
      </trkpt>
      <trkpt lat="37.57446963340044" lon="13.799293236806989">
        <ele>486.95</ele>
      </trkpt>
      <trkpt lat="37.5743508618325" lon="13.799473783001304">
        <ele>485.48</ele>
      </trkpt>
      <trkpt lat="37.57423225790262" lon="13.799654245376587">
        <ele>483.99</ele>
      </trkpt>
      <trkpt lat="37.57398591376841" lon="13.799767652526498">
        <ele>482.52</ele>
      </trkpt>
      <trkpt lat="37.57369606755674" lon="13.799860859289765">
        <ele>481.08</ele>
      </trkpt>
      <trkpt lat="37.57349465042353" lon="13.799900589510798">
        <ele>479.62</ele>
      </trkpt>
      <trkpt lat="37.57329256273806" lon="13.799940571188927">
        <ele>478.11</ele>
      </trkpt>
      <trkpt lat="37.57300808094442" lon="13.80002573132515">
        <ele>476.6</ele>
      </trkpt>
      <trkpt lat="37.57289811037481" lon="13.800199907273054">
        <ele>475.05</ele>
      </trkpt>
      <trkpt lat="37.57278839126229" lon="13.800374083220959">
        <ele>473.55</ele>
      </trkpt>
      <trkpt lat="37.57266844622791" lon="13.800523448735476">
        <ele>472.02</ele>
      </trkpt>
      <trkpt lat="37.57254850119352" lon="13.800672814249992">
        <ele>470.44</ele>
      </trkpt>
      <trkpt lat="37.57240600883961" lon="13.80082712508738">
        <ele>468.84</ele>
      </trkpt>
      <trkpt lat="37.572266617789865" lon="13.800954362377524">
        <ele>467.21</ele>
      </trkpt>
      <trkpt lat="37.57212705910206" lon="13.801081767305732">
        <ele>465.63</ele>
      </trkpt>
      <trkpt lat="37.57189957424998" lon="13.80124831572175">
        <ele>464.01</ele>
      </trkpt>
      <trkpt lat="37.57167175412178" lon="13.801415283232927">
        <ele>462.42</ele>
      </trkpt>
      <trkpt lat="37.57148735225201" lon="13.801558949053288">
        <ele>460.84</ele>
      </trkpt>
      <trkpt lat="37.571302615106106" lon="13.801702866330743">
        <ele>459.27</ele>
      </trkpt>
      <trkpt lat="37.57111460901797" lon="13.80187226459384">
        <ele>457.67</ele>
      </trkpt>
      <trkpt lat="37.57092643529177" lon="13.802041830495">
        <ele>456.07</ele>
      </trkpt>
      <trkpt lat="37.57072577252984" lon="13.8021782040596">
        <ele>454.44</ele>
      </trkpt>
      <trkpt lat="37.570524690672755" lon="13.802314912900329">
        <ele>452.79</ele>
      </trkpt>
      <trkpt lat="37.57024213671684" lon="13.80221240222454">
        <ele>451.23</ele>
      </trkpt>
      <trkpt lat="37.56998263299465" lon="13.802090780809522">
        <ele>449.72</ele>
      </trkpt>
      <trkpt lat="37.56970242597163" lon="13.802029006183147">
        <ele>448.17</ele>
      </trkpt>
      <trkpt lat="37.56945298053324" lon="13.802087595686316">
        <ele>446.56</ele>
      </trkpt>
      <trkpt lat="37.56920269690454" lon="13.80214643664658">
        <ele>444.99</ele>
      </trkpt>
      <trkpt lat="37.56893833167851" lon="13.802132187411189">
        <ele>443.49</ele>
      </trkpt>
      <trkpt lat="37.5686729606241" lon="13.802117854356766">
        <ele>442.01</ele>
      </trkpt>
      <trkpt lat="37.568404572084546" lon="13.802244924008846">
        <ele>440.43</ele>
      </trkpt>
      <trkpt lat="37.568253027275205" lon="13.802372412756085">
        <ele>438.93</ele>
      </trkpt>
      <trkpt lat="37.5681013148278" lon="13.80250015296042">
        <ele>437.47</ele>
      </trkpt>
      <trkpt lat="37.56794004701078" lon="13.802658151835203">
        <ele>436.05</ele>
      </trkpt>
      <trkpt lat="37.567778611555696" lon="13.80281631834805">
        <ele>434.68</ele>
      </trkpt>
      <trkpt lat="37.567598819732666" lon="13.802936347201467">
        <ele>433.3</ele>
      </trkpt>
      <trkpt lat="37.56741860881448" lon="13.803056627511978">
        <ele>431.92</ele>
      </trkpt>
      <trkpt lat="37.56723755970597" lon="13.803068278357387">
        <ele>430.6</ele>
      </trkpt>
      <trkpt lat="37.56705575622618" lon="13.803080013021827">
        <ele>429.24</ele>
      </trkpt>
      <trkpt lat="37.56684788502753" lon="13.802854204550385">
        <ele>428.01</ele>
      </trkpt>
      <trkpt lat="37.56667563691735" lon="13.802539631724358">
        <ele>426.84</ele>
      </trkpt>
      <trkpt lat="37.56642568856478" lon="13.80229982547462">
        <ele>425.58</ele>
      </trkpt>
      <trkpt lat="37.56621957756579" lon="13.80231013521552">
        <ele>424.32</ele>
      </trkpt>
      <trkpt lat="37.56601254455745" lon="13.80232036113739">
        <ele>423.11</ele>
      </trkpt>
      <trkpt lat="37.565742982551455" lon="13.802335113286972">
        <ele>421.94</ele>
      </trkpt>
      <trkpt lat="37.56556872278452" lon="13.802325977012515">
        <ele>420.83</ele>
      </trkpt>
      <trkpt lat="37.56539387628436" lon="13.802316756919026">
        <ele>419.75</ele>
      </trkpt>
      <trkpt lat="37.565219113603234" lon="13.802293371409178">
        <ele>418.66</ele>
      </trkpt>
      <trkpt lat="37.565043764188886" lon="13.802269902080297">
        <ele>417.54</ele>
      </trkpt>
      <trkpt lat="37.5648117531091" lon="13.80206580273807">
        <ele>416.42</ele>
      </trkpt>
      <trkpt lat="37.56467311643064" lon="13.801725748926401">
        <ele>415.43</ele>
      </trkpt>
      <trkpt lat="37.56467311643064" lon="13.80170563235879">
        <ele>414.47</ele>
      </trkpt>
      <trkpt lat="37.564712008461356" lon="13.801499269902706">
        <ele>413.64</ele>
      </trkpt>
      <trkpt lat="37.56475081667304" lon="13.801293661817908">
        <ele>412.82</ele>
      </trkpt>
      <trkpt lat="37.56461394019425" lon="13.801118563860655">
        <ele>411.86</ele>
      </trkpt>
      <trkpt lat="37.56447714753449" lon="13.800943465903401">
        <ele>410.93</ele>
      </trkpt>
      <trkpt lat="37.56423231214285" lon="13.800754118710756">
        <ele>410.0</ele>
      </trkpt>
      <trkpt lat="37.56396300159395" lon="13.800956206396222">
        <ele>408.91</ele>
      </trkpt>
      <trkpt lat="37.563766026869416" lon="13.801167765632272">
        <ele>407.85</ele>
      </trkpt>
      <trkpt lat="37.56375110708177" lon="13.80116717889905">
        <ele>406.95</ele>
      </trkpt>
      <trkpt lat="37.56350534968078" lon="13.801195342093706">
        <ele>406.02</ele>
      </trkpt>
      <trkpt lat="37.56331826560199" lon="13.801144128665328">
        <ele>405.11</ele>
      </trkpt>
      <trkpt lat="37.56302984431386" lon="13.80106944590807">
        <ele>404.17</ele>
      </trkpt>
      <trkpt lat="37.56283496506512" lon="13.801012448966503">
        <ele>403.25</ele>
      </trkpt>
      <trkpt lat="37.56263949908316" lon="13.80095511674881">
        <ele>402.29</ele>
      </trkpt>
      <trkpt lat="37.56236935034394" lon="13.800820587202907">
        <ele>401.35</ele>
      </trkpt>
      <trkpt lat="37.56210666149855" lon="13.80084221251309">
        <ele>400.41</ele>
      </trkpt>
      <trkpt lat="37.5619241874665" lon="13.801004150882363">
        <ele>399.42</ele>
      </trkpt>
      <trkpt lat="37.56174146197736" lon="13.801166256889701">
        <ele>398.44</ele>
      </trkpt>
      <trkpt lat="37.56156351417303" lon="13.801342360675335">
        <ele>397.44</ele>
      </trkpt>
      <trkpt lat="37.56138565018773" lon="13.801518464460969">
        <ele>396.44</ele>
      </trkpt>
      <trkpt lat="37.561207534745336" lon="13.80169490352273">
        <ele>395.44</ele>
      </trkpt>
      <trkpt lat="37.5610142480582" lon="13.801896991208196">
        <ele>394.39</ele>
      </trkpt>
      <trkpt lat="37.56082087755203" lon="13.802099162712693">
        <ele>393.37</ele>
      </trkpt>
      <trkpt lat="37.560616778209805" lon="13.802282307296991">
        <ele>392.33</ele>
      </trkpt>
      <trkpt lat="37.56041234359145" lon="13.802465787157416">
        <ele>391.33</ele>
      </trkpt>
      <trkpt lat="37.56031461060047" lon="13.802628060802817">
        <ele>390.29</ele>
      </trkpt>
      <trkpt lat="37.56021712906659" lon="13.802790082991123">
        <ele>389.22</ele>
      </trkpt>
      <trkpt lat="37.5601265206933" lon="13.802975658327341">
        <ele>388.13</ele>
      </trkpt>
      <trkpt lat="37.56003616377711" lon="13.8031608145684">
        <ele>386.96</ele>
      </trkpt>
      <trkpt lat="37.55993239581585" lon="13.803314622491598">
        <ele>385.85</ele>
      </trkpt>
      <trkpt lat="37.55982879549265" lon="13.8034681789577">
        <ele>384.72</ele>
      </trkpt>
      <trkpt lat="37.55971513688564" lon="13.803663477301598">
        <ele>383.5</ele>
      </trkpt>
      <trkpt lat="37.5596016459167" lon="13.8038585241884">
        <ele>382.35</ele>
      </trkpt>
      <trkpt lat="37.5593701377511" lon="13.804075280204415">
        <ele>381.16</ele>
      </trkpt>
      <trkpt lat="37.55907107144594" lon="13.8041502982378">
        <ele>380.04</ele>
      </trkpt>
      <trkpt lat="37.55879798904061" lon="13.80404376424849">
        <ele>378.83</ele>
      </trkpt>
      <trkpt lat="37.55857645533979" lon="13.80380823276937">
        <ele>377.66</ele>
      </trkpt>
      <trkpt lat="37.55837604403496" lon="13.803567420691252">
        <ele>376.52</ele>
      </trkpt>
      <trkpt lat="37.55814830772579" lon="13.80356197245419">
        <ele>375.37</ele>
      </trkpt>
      <trkpt lat="37.5580442044884" lon="13.803713098168373">
        <ele>374.12</ele>
      </trkpt>
      <trkpt lat="37.5580286141485" lon="13.803898505866528">
        <ele>372.89</ele>
      </trkpt>
      <trkpt lat="37.5580542627722" lon="13.80404619500041">
        <ele>371.64</ele>
      </trkpt>
      <trkpt lat="37.55818460136652" lon="13.804254988208413">
        <ele>370.38</ele>
      </trkpt>
      <trkpt lat="37.55832047201693" lon="13.80445908755064">
        <ele>369.18</ele>
      </trkpt>
      <trkpt lat="37.55845625884831" lon="13.804662935435772">
        <ele>367.98</ele>
      </trkpt>
      <trkpt lat="37.55859062075615" lon="13.80486510694027">
        <ele>366.76</ele>
      </trkpt>
      <trkpt lat="37.55872489884496" lon="13.805067026987672">
        <ele>365.57</ele>
      </trkpt>
      <trkpt lat="37.55879740230739" lon="13.805382186546922">
        <ele>364.3</ele>
      </trkpt>
      <trkpt lat="37.558614006266" lon="13.805434992536902">
        <ele>363.05</ele>
      </trkpt>
      <trkpt lat="37.55843438208103" lon="13.80520180799067">
        <ele>361.91</ele>
      </trkpt>
      <trkpt lat="37.55823698826134" lon="13.80493501201272">
        <ele>360.79</ele>
      </trkpt>
      <trkpt lat="37.55796113982797" lon="13.804984297603369">
        <ele>359.53</ele>
      </trkpt>
      <trkpt lat="37.55773591808975" lon="13.805072475224733">
        <ele>358.31</ele>
      </trkpt>
      <trkpt lat="37.55750994198024" lon="13.805161071941257">
        <ele>357.1</ele>
      </trkpt>
      <trkpt lat="37.55728740245104" lon="13.805235838517547">
        <ele>355.97</ele>
      </trkpt>
      <trkpt lat="37.5570647791028" lon="13.805310605093837">
        <ele>354.86</ele>
      </trkpt>
      <trkpt lat="37.55684098228812" lon="13.805385874584317">
        <ele>353.76</ele>
      </trkpt>
      <trkpt lat="37.55668641999364" lon="13.805477740243077">
        <ele>352.58</ele>
      </trkpt>
      <trkpt lat="37.556531438604" lon="13.805569857358932">
        <ele>351.3</ele>
      </trkpt>
      <trkpt lat="37.55637142807245" lon="13.805702459067106">
        <ele>350.05</ele>
      </trkpt>
      <trkpt lat="37.55621116608381" lon="13.805835144594312">
        <ele>348.84</ele>
      </trkpt>
      <trkpt lat="37.555971862748265" lon="13.806015774607658">
        <ele>347.58</ele>
      </trkpt>
      <trkpt lat="37.5556852016598" lon="13.806067239493132">
        <ele>346.3</ele>
      </trkpt>
      <trkpt lat="37.55563675425947" lon="13.80603882484138">
        <ele>345.13</ele>
      </trkpt>
      <trkpt lat="37.55551194772124" lon="13.80594545044005">
        <ele>343.91</ele>
      </trkpt>
      <trkpt lat="37.55545746535063" lon="13.805676810443401">
        <ele>342.8</ele>
      </trkpt>
      <trkpt lat="37.55540323443711" lon="13.805409092456102">
        <ele>341.66</ele>
      </trkpt>
      <trkpt lat="37.55526786670089" lon="13.805288644507527">
        <ele>340.44</ele>
      </trkpt>
      <trkpt lat="37.555132415145636" lon="13.805168028920889">
        <ele>339.28</ele>
      </trkpt>
      <trkpt lat="37.55496712401509" lon="13.805146990343928">
        <ele>338.04</ele>
      </trkpt>
      <trkpt lat="37.55480124615133" lon="13.805125951766968">
        <ele>336.83</ele>
      </trkpt>
      <trkpt lat="37.55463427864015" lon="13.805146822705865">
        <ele>335.57</ele>
      </trkpt>
      <trkpt lat="37.55446672439575" lon="13.805167861282825">
        <ele>334.31</ele>
      </trkpt>
      <trkpt lat="37.55445540882647" lon="13.805207004770637">
        <ele>333.08</ele>
      </trkpt>
      <trkpt lat="37.55430939607322" lon="13.80539526231587">
        <ele>331.72</ele>
      </trkpt>
      <trkpt lat="37.55408928729594" lon="13.80555510520935">
        <ele>330.43</ele>
      </trkpt>
      <trkpt lat="37.55381075665355" lon="13.805647809058428">
        <ele>329.16</ele>
      </trkpt>
      <trkpt lat="37.55351998843253" lon="13.80562442354858">
        <ele>327.91</ele>
      </trkpt>
      <trkpt lat="37.55335955880582" lon="13.805527528747916">
        <ele>326.72</ele>
      </trkpt>
      <trkpt lat="37.55319879390299" lon="13.805430382490158">
        <ele>325.49</ele>
      </trkpt>
      <trkpt lat="37.55296058021486" lon="13.805210357531905">
        <ele>324.28</ele>
      </trkpt>
      <trkpt lat="37.55281372927129" lon="13.805102650076151">
        <ele>323.09</ele>
      </trkpt>
      <trkpt lat="37.55266662687063" lon="13.804994774982333">
        <ele>321.9</ele>
      </trkpt>
      <trkpt lat="37.552540646865964" lon="13.804861167445779">
        <ele>320.75</ele>
      </trkpt>
      <trkpt lat="37.55241449922323" lon="13.804727392271161">
        <ele>319.57</ele>
      </trkpt>
      <trkpt lat="37.55239253863692" lon="13.804490184411407">
        <ele>318.55</ele>
      </trkpt>
      <trkpt lat="37.55234853364527" lon="13.80418449640274">
        <ele>317.59</ele>
      </trkpt>
      <trkpt lat="37.552293967455626" lon="13.80389959551394">
        <ele>316.6</ele>
      </trkpt>
      <trkpt lat="37.55213060416281" lon="13.803868163377047">
        <ele>315.42</ele>
      </trkpt>
      <trkpt lat="37.55196665413678" lon="13.80383656360209">
        <ele>314.25</ele>
      </trkpt>
      <trkpt lat="37.55179105326533" lon="13.803856261074543">
        <ele>313.12</ele>
      </trkpt>
      <trkpt lat="37.55161486566067" lon="13.80387612618506">
        <ele>311.98</ele>
      </trkpt>
      <trkpt lat="37.55138453096151" lon="13.80384000018239">
        <ele>310.84</ele>
      </trkpt>
      <trkpt lat="37.55126986652613" lon="13.803700106218457">
        <ele>309.76</ele>
      </trkpt>
      <trkpt lat="37.55115528590977" lon="13.803560128435493">
        <ele>308.7</ele>
      </trkpt>
      <trkpt lat="37.551040621474385" lon="13.803223762661219">
        <ele>307.71</ele>
      </trkpt>
      <trkpt lat="37.55096283741295" lon="13.803016897290945">
        <ele>306.72</ele>
      </trkpt>
      <trkpt lat="37.55088530480862" lon="13.802810534834862">
        <ele>305.73</ele>
      </trkpt>
      <trkpt lat="37.550876000896096" lon="13.802785892039537">
        <ele>304.77</ele>
      </trkpt>
      <trkpt lat="37.55085756070912" lon="13.80241616629064">
        <ele>303.86</ele>
      </trkpt>
      <trkpt lat="37.5508205126971" lon="13.802127661183476">
        <ele>302.95</ele>
      </trkpt>
      <trkpt lat="37.550815902650356" lon="13.802103186026216">
        <ele>302.04</ele>
      </trkpt>
      <trkpt lat="37.55075597204268" lon="13.801853153854609">
        <ele>301.05</ele>
      </trkpt>
      <trkpt lat="37.55079025402665" lon="13.80161234177649">
        <ele>300.16</ele>
      </trkpt>
      <trkpt lat="37.55082445219159" lon="13.801372535526752">
        <ele>299.26</ele>
      </trkpt>
      <trkpt lat="37.55083509720862" lon="13.801123006269336">
        <ele>298.29</ele>
      </trkpt>
      <trkpt lat="37.550971722230315" lon="13.800886804237962">
        <ele>297.49</ele>
      </trkpt>
      <trkpt lat="37.55110843107104" lon="13.800650602206588">
        <ele>296.67</ele>
      </trkpt>
      <trkpt lat="37.551244888454676" lon="13.800414819270372">
        <ele>295.74</ele>
      </trkpt>
      <trkpt lat="37.55122569389641" lon="13.800199320539832">
        <ele>294.83</ele>
      </trkpt>
      <trkpt lat="37.55120666697621" lon="13.79998474381864">
        <ele>293.97</ele>
      </trkpt>
      <trkpt lat="37.55111949518323" lon="13.799604121595621">
        <ele>293.22</ele>
      </trkpt>
      <trkpt lat="37.55107347853482" lon="13.799409158527851">
        <ele>292.51</ele>
      </trkpt>
      <trkpt lat="37.5510277133435" lon="13.799214782193303">
        <ele>291.82</ele>
      </trkpt>
      <trkpt lat="37.550830822438" lon="13.799145296216011">
        <ele>291.02</ele>
      </trkpt>
      <trkpt lat="37.55066846497357" lon="13.79915158264339">
        <ele>290.17</ele>
      </trkpt>
      <trkpt lat="37.55050543695688" lon="13.7991579528898">
        <ele>289.31</ele>
      </trkpt>
      <trkpt lat="37.55027367733419" lon="13.799088466912508">
        <ele>288.45</ele>
      </trkpt>
      <trkpt lat="37.55011056549847" lon="13.798949746415019">
        <ele>287.72</ele>
      </trkpt>
      <trkpt lat="37.54994720220566" lon="13.798810942098498">
        <ele>286.93</ele>
      </trkpt>
      <trkpt lat="37.54982122220099" lon="13.798676831647754">
        <ele>286.18</ele>
      </trkpt>
      <trkpt lat="37.54969515837729" lon="13.798542721197009">
        <ele>285.39</ele>
      </trkpt>
      <trkpt lat="37.549708569422364" lon="13.798276344314218">
        <ele>284.76</ele>
      </trkpt>
      <trkpt lat="37.54972206428647" lon="13.79801114089787">
        <ele>284.15</ele>
      </trkpt>
      <trkpt lat="37.54973539151251" lon="13.797958418726921">
        <ele>283.61</ele>
      </trkpt>
      <trkpt lat="37.549739917740226" lon="13.797926483675838">
        <ele>283.08</ele>
      </trkpt>
      <trkpt lat="37.54976665601134" lon="13.79767988808453">
        <ele>282.59</ele>
      </trkpt>
      <trkpt lat="37.54978031851351" lon="13.797485679388046">
        <ele>282.11</ele>
      </trkpt>
      <trkpt lat="37.54978031851351" lon="13.79745852202177">
        <ele>281.67</ele>
      </trkpt>
      <trkpt lat="37.54978031851351" lon="13.797376966103911">
        <ele>281.24</ele>
      </trkpt>
      <trkpt lat="37.54977143369615" lon="13.79721905104816">
        <ele>280.8</ele>
      </trkpt>
      <trkpt lat="37.54977151751518" lon="13.79718099720776">
        <ele>280.44</ele>
      </trkpt>
      <trkpt lat="37.54977151751518" lon="13.7971374951303">
        <ele>280.1</ele>
      </trkpt>
      <trkpt lat="37.54977151751518" lon="13.79707245156169">
        <ele>279.78</ele>
      </trkpt>
      <trkpt lat="37.54975819028914" lon="13.79694152623415">
        <ele>279.49</ele>
      </trkpt>
      <trkpt lat="37.54975819028914" lon="13.796860221773386">
        <ele>279.26</ele>
      </trkpt>
      <trkpt lat="37.54975827410817" lon="13.79676265642047">
        <ele>279.05</ele>
      </trkpt>
      <trkpt lat="37.54975827410817" lon="13.79672460258007">
        <ele>278.86</ele>
      </trkpt>
      <trkpt lat="37.54977621138096" lon="13.796573225408792">
        <ele>278.71</ele>
      </trkpt>
      <trkpt lat="37.54978518001735" lon="13.79649200476706">
        <ele>278.57</ele>
      </trkpt>
      <trkpt lat="37.54978518001735" lon="13.796470295637846">
        <ele>278.45</ele>
      </trkpt>
      <trkpt lat="37.5497808214277" lon="13.796410448849201">
        <ele>278.33</ele>
      </trkpt>
      <trkpt lat="37.5497808214277" lon="13.79635076969862">
        <ele>278.23</ele>
      </trkpt>
      <trkpt lat="37.5497808214277" lon="13.796291006729007">
        <ele>278.15</ele>
      </trkpt>
      <trkpt lat="37.5497808214277" lon="13.796231327578425">
        <ele>278.09</ele>
      </trkpt>
      <trkpt lat="37.5497808214277" lon="13.796187909319997">
        <ele>278.05</ele>
      </trkpt>
      <trkpt lat="37.549785347655416" lon="13.796138959005475">
        <ele>278.02</ele>
      </trkpt>
      <trkpt lat="37.54978543147445" lon="13.796041142195463">
        <ele>277.99</ele>
      </trkpt>
      <trkpt lat="37.549803452566266" lon="13.79595941863954">
        <ele>278.01</ele>
      </trkpt>
      <trkpt lat="37.549803452566266" lon="13.795932345092297">
        <ele>278.0</ele>
      </trkpt>
      <trkpt lat="37.549803452566266" lon="13.795888843014836">
        <ele>278.01</ele>
      </trkpt>
      <trkpt lat="37.549803452566266" lon="13.795839808881283">
        <ele>278.01</ele>
      </trkpt>
      <trkpt lat="37.54979448392987" lon="13.79571508616209">
        <ele>278.01</ele>
      </trkpt>
      <trkpt lat="37.54979004152119" lon="13.795677116140723">
        <ele>278.02</ele>
      </trkpt>
      <trkpt lat="37.54977663047612" lon="13.795645013451576">
        <ele>278.01</ele>
      </trkpt>
      <trkpt lat="37.54974544979632" lon="13.795532193034887">
        <ele>278.0</ele>
      </trkpt>
      <trkpt lat="37.54974544979632" lon="13.795510483905673">
        <ele>278.01</ele>
      </trkpt>
      <trkpt lat="37.549732122570276" lon="13.79541895352304">
        <ele>278.02</ele>
      </trkpt>
      <trkpt lat="37.54970102570951" lon="13.795371847227216">
        <ele>277.99</ele>
      </trkpt>
      <trkpt lat="37.549670012667775" lon="13.79530319944024">
        <ele>277.96</ele>
      </trkpt>
      <trkpt lat="37.54965232685208" lon="13.79527185112238">
        <ele>277.93</ele>
      </trkpt>
      <trkpt lat="37.549621649086475" lon="13.795225247740746">
        <ele>277.88</ele>
      </trkpt>
      <trkpt lat="37.549599688500166" lon="13.79519959911704">
        <ele>277.82</ele>
      </trkpt>
      <trkpt lat="37.54958661273122" lon="13.795178979635239">
        <ele>277.78</ele>
      </trkpt>
      <trkpt lat="37.54956046119332" lon="13.795127011835575">
        <ele>277.72</ele>
      </trkpt>
      <trkpt lat="37.54955166019499" lon="13.79510622471571">
        <ele>277.67</ele>
      </trkpt>
      <trkpt lat="37.549543026834726" lon="13.79508526995778">
        <ele>277.6</ele>
      </trkpt>
      <trkpt lat="37.54951695911586" lon="13.795044450089335">
        <ele>277.53</ele>
      </trkpt>
      <trkpt lat="37.54947387613356" lon="13.794946298003197">
        <ele>277.46</ele>
      </trkpt>
      <trkpt lat="37.549439426511526" lon="13.794911680743098">
        <ele>277.36</ele>
      </trkpt>
      <trkpt lat="37.549405228346586" lon="13.794877231121063">
        <ele>277.26</ele>
      </trkpt>
      <trkpt lat="37.54937111400068" lon="13.794832471758127">
        <ele>277.15</ele>
      </trkpt>
      <trkpt lat="37.54934144206345" lon="13.794792657718062">
        <ele>277.04</ele>
      </trkpt>
      <trkpt lat="37.54931604489684" lon="13.794752759858966">
        <ele>276.92</ele>
      </trkpt>
      <trkpt lat="37.54930338822305" lon="13.794738091528416">
        <ele>276.8</ele>
      </trkpt>
      <trkpt lat="37.549278158694506" lon="13.79469827748835">
        <ele>276.66</ele>
      </trkpt>
      <trkpt lat="37.54924463108182" lon="13.79464890807867">
        <ele>276.51</ele>
      </trkpt>
      <trkpt lat="37.54922376014292" lon="13.79461957141757">
        <ele>276.36</ele>
      </trkpt>
      <trkpt lat="37.5492112711072" lon="13.794604986906052">
        <ele>276.2</ele>
      </trkpt>
      <trkpt lat="37.549177994951606" lon="13.794566597789526">
        <ele>276.03</ele>
      </trkpt>
      <trkpt lat="37.54914488643408" lon="13.794528208673">
        <ele>275.85</ele>
      </trkpt>
      <trkpt lat="37.54912015981972" lon="13.79449451342225">
        <ele>275.68</ele>
      </trkpt>
      <trkpt lat="37.549103731289506" lon="13.794470205903053">
        <ele>275.49</ele>
      </trkpt>
      <trkpt lat="37.54907908849418" lon="13.79441580735147">
        <ele>275.32</ele>
      </trkpt>
      <trkpt lat="37.549062743783" lon="13.79438647069037">
        <ele>275.13</ele>
      </trkpt>
      <trkpt lat="37.54905461333692" lon="13.794356463477015">
        <ele>274.94</ele>
      </trkpt>
      <trkpt lat="37.54901798442006" lon="13.794314134866">
        <ele>274.71</ele>
      </trkpt>
      <trkpt lat="37.54900172352791" lon="13.79427993670106">
        <ele>274.5</ele>
      </trkpt>
      <trkpt lat="37.54898143932223" lon="13.79423601552844">
        <ele>274.27</ele>
      </trkpt>
      <trkpt lat="37.54894522950053" lon="13.79418907687068">
        <ele>274.02</ele>
      </trkpt>
      <trkpt lat="37.54892913624644" lon="13.794155213981867">
        <ele>273.77</ele>
      </trkpt>
      <trkpt lat="37.54890105687082" lon="13.794123027473688">
        <ele>273.5</ele>
      </trkpt>
      <trkpt lat="37.54888513125479" lon="13.794099558144808">
        <ele>273.22</ele>
      </trkpt>
      <trkpt lat="37.54884925670922" lon="13.794058235362172">
        <ele>272.91</ele>
      </trkpt>
      <trkpt lat="37.54882151260972" lon="13.794011129066348">
        <ele>272.6</ele>
      </trkpt>
      <trkpt lat="37.548801731318235" lon="13.79398338496685">
        <ele>272.28</ele>
      </trkpt>
      <trkpt lat="37.54876242019236" lon="13.79393300972879">
        <ele>271.93</ele>
      </trkpt>
      <trkpt lat="37.54873501136899" lon="13.79389151930809">
        <ele>271.57</ele>
      </trkpt>
      <trkpt lat="37.54871154204011" lon="13.793849442154169">
        <ele>271.2</ele>
      </trkpt>
      <trkpt lat="37.54867650568485" lon="13.793804179877043">
        <ele>270.8</ele>
      </trkpt>
      <trkpt lat="37.54865328781307" lon="13.79376252181828">
        <ele>270.41</ele>
      </trkpt>
      <trkpt lat="37.54863006994128" lon="13.793705776333809">
        <ele>270.0</ele>
      </trkpt>
      <trkpt lat="37.54861087538302" lon="13.793683731928468">
        <ele>269.57</ele>
      </trkpt>
      <trkpt lat="37.54859536886215" lon="13.79366621375084">
        <ele>269.13</ele>
      </trkpt>
      <trkpt lat="37.54858396947384" lon="13.793642912060022">
        <ele>268.67</ele>
      </trkpt>
      <trkpt lat="37.54855714738369" lon="13.793612401932478">
        <ele>268.19</ele>
      </trkpt>
      <trkpt lat="37.54853040911257" lon="13.79357686266303">
        <ele>267.69</ele>
      </trkpt>
      <trkpt lat="37.54851909354329" lon="13.79354895092547">
        <ele>267.19</ele>
      </trkpt>
      <trkpt lat="37.54849621094763" lon="13.793512908741832">
        <ele>266.66</ele>
      </trkpt>
      <trkpt lat="37.54846611991525" lon="13.7934385612607">
        <ele>266.11</ele>
      </trkpt>
      <trkpt lat="37.548454804345965" lon="13.793410817161202">
        <ele>265.56</ele>
      </trkpt>
      <trkpt lat="37.54844726063311" lon="13.79338231869042">
        <ele>265.0</ele>
      </trkpt>
      <trkpt lat="37.54843594506383" lon="13.793339738622308">
        <ele>264.43</ele>
      </trkpt>
      <trkpt lat="37.54842471331358" lon="13.79333202727139">
        <ele>263.83</ele>
      </trkpt>
      <trkpt lat="37.54841725341976" lon="13.793328506872058">
        <ele>263.21</ele>
      </trkpt>
      <trkpt lat="37.54847911186516" lon="13.79304083995521">
        <ele>262.69</ele>
      </trkpt>
      <trkpt lat="37.54840384237468" lon="13.792818048968911">
        <ele>262.0</ele>
      </trkpt>
      <trkpt lat="37.54827191121876" lon="13.792648483067751">
        <ele>261.3</ele>
      </trkpt>
      <trkpt lat="37.548138219863176" lon="13.792584696784616">
        <ele>260.55</ele>
      </trkpt>
      <trkpt lat="37.548002852126956" lon="13.79246081225574">
        <ele>259.79</ele>
      </trkpt>
      <trkpt lat="37.54791660234332" lon="13.792222263291478">
        <ele>259.07</ele>
      </trkpt>
      <trkpt lat="37.54787393845618" lon="13.792023360729218">
        <ele>258.36</ele>
      </trkpt>
      <trkpt lat="37.5478314422071" lon="13.791825212538242">
        <ele>257.7</ele>
      </trkpt>
      <trkpt lat="37.54775474779308" lon="13.791597643867135">
        <ele>257.01</ele>
      </trkpt>
      <trkpt lat="37.547652488574386" lon="13.79149873740971">
        <ele>256.22</ele>
      </trkpt>
      <trkpt lat="37.547433553263545" lon="13.79143662750721">
        <ele>255.36</ele>
      </trkpt>
      <trkpt lat="37.54713976755738" lon="13.79139170050621">
        <ele>254.49</ele>
      </trkpt>
      <trkpt lat="37.54697456024587" lon="13.791343672201037">
        <ele>253.66</ele>
      </trkpt>
      <trkpt lat="37.54680868238211" lon="13.79129539243877">
        <ele>252.83</ele>
      </trkpt>
      <trkpt lat="37.54663844592869" lon="13.791180979460478">
        <ele>252.02</ele>
      </trkpt>
      <trkpt lat="37.54641892388463" lon="13.79103890620172">
        <ele>251.18</ele>
      </trkpt>
      <trkpt lat="37.54616972990334" lon="13.790830364450812">
        <ele>250.25</ele>
      </trkpt>
      <trkpt lat="37.54607778042555" lon="13.790633054450154">
        <ele>249.42</ele>
      </trkpt>
      <trkpt lat="37.54598608240485" lon="13.790436079725623">
        <ele>248.61</ele>
      </trkpt>
      <trkpt lat="37.545937383547425" lon="13.790220078080893">
        <ele>247.8</ele>
      </trkpt>
      <trkpt lat="37.54588885232806" lon="13.790004830807447">
        <ele>246.98</ele>
      </trkpt>
      <trkpt lat="37.54577334970236" lon="13.789699897170067">
        <ele>246.15</ele>
      </trkpt>
      <trkpt lat="37.54560822620988" lon="13.78954122774303">
        <ele>245.32</ele>
      </trkpt>
      <trkpt lat="37.54558936692774" lon="13.78945673815906">
        <ele>244.56</ele>
      </trkpt>
      <trkpt lat="37.54551996476948" lon="13.78937995992601">
        <ele>243.8</ele>
      </trkpt>
      <trkpt lat="37.5454999320209" lon="13.789350036531687">
        <ele>243.04</ele>
      </trkpt>
      <trkpt lat="37.545460034161806" lon="13.789330003783107">
        <ele>242.29</ele>
      </trkpt>
      <trkpt lat="37.54540991038084" lon="13.789299912750721">
        <ele>241.54</ele>
      </trkpt>
      <trkpt lat="37.545309998095036" lon="13.78923000767827">
        <ele>240.79</ele>
      </trkpt>
      <trkpt lat="37.545289965346456" lon="13.78920997492969">
        <ele>240.06</ele>
      </trkpt>
      <trkpt lat="37.5450699403882" lon="13.789049964398146">
        <ele>239.31</ele>
      </trkpt>
      <trkpt lat="37.544900039210916" lon="13.788939993828535">
        <ele>238.55</ele>
      </trkpt>
      <trkpt lat="37.54487003199756" lon="13.788919961079955">
        <ele>237.85</ele>
      </trkpt>
      <trkpt lat="37.544859973713756" lon="13.788919961079955">
        <ele>237.16</ele>
      </trkpt>
      <trkpt lat="37.54474002867937" lon="13.788860030472279">
        <ele>236.43</ele>
      </trkpt>
      <trkpt lat="37.5445400364697" lon="13.788790041580796">
        <ele>235.69</ele>
      </trkpt>
      <trkpt lat="37.54452000372112" lon="13.78877998329699">
        <ele>235.03</ele>
      </trkpt>
      <trkpt lat="37.54439000040293" lon="13.788749976083636">
        <ele>234.35</ele>
      </trkpt>
      <trkpt lat="37.54418992437422" lon="13.78871988505125">
        <ele>233.67</ele>
      </trkpt>
      <trkpt lat="37.54416989162564" lon="13.78871988505125">
        <ele>233.05</ele>
      </trkpt>
      <trkpt lat="37.54407995380461" lon="13.788730027154088">
        <ele>232.44</ele>
      </trkpt>
      <trkpt lat="37.54393997602165" lon="13.788730027154088">
        <ele>231.84</ele>
      </trkpt>
      <trkpt lat="37.543890019878745" lon="13.788730027154088">
        <ele>231.25</ele>
      </trkpt>
      <trkpt lat="37.54379999823868" lon="13.78871988505125">
        <ele>230.67</ele>
      </trkpt>
      <trkpt lat="37.543720034882426" lon="13.78871988505125">
        <ele>230.1</ele>
      </trkpt>
      <trkpt lat="37.54366002045572" lon="13.78871988505125">
        <ele>229.55</ele>
      </trkpt>
      <trkpt lat="37.5435399916023" lon="13.788730027154088">
        <ele>229.02</ele>
      </trkpt>
      <trkpt lat="37.54332994110882" lon="13.78873991779983">
        <ele>228.48</ele>
      </trkpt>
      <trkpt lat="37.54319993779063" lon="13.78871988505125">
        <ele>227.97</ele>
      </trkpt>
      <trkpt lat="37.54318996332586" lon="13.78871988505125">
        <ele>227.49</ele>
      </trkpt>
      <trkpt lat="37.54304001107812" lon="13.788640005514026">
        <ele>227.01</ele>
      </trkpt>
      <trkpt lat="37.5428700260818" lon="13.78854000940919">
        <ele>226.53</ele>
      </trkpt>
      <trkpt lat="37.54266031086445" lon="13.78842517733574">
        <ele>226.09</ele>
      </trkpt>
      <trkpt lat="37.54244992509484" lon="13.78830992616713">
        <ele>225.65</ele>
      </trkpt>
      <trkpt lat="37.54231992177665" lon="13.788229878991842">
        <ele>225.2</ele>
      </trkpt>
      <trkpt lat="37.54222000949085" lon="13.78817992284894">
        <ele>224.76</ele>
      </trkpt>
      <trkpt lat="37.5420599989593" lon="13.78808998502791">
        <ele>224.31</ele>
      </trkpt>
      <trkpt lat="37.54189521074295" lon="13.78800013102591">
        <ele>223.87</ele>
      </trkpt>
      <trkpt lat="37.54173000343144" lon="13.787910025566816">
        <ele>223.43</ele>
      </trkpt>
      <trkpt lat="37.54156521521509" lon="13.787820087745786">
        <ele>223.03</ele>
      </trkpt>
      <trkpt lat="37.541400007903576" lon="13.78772989846766">
        <ele>222.64</ele>
      </trkpt>
      <trkpt lat="37.54136002622545" lon="13.787709949538112">
        <ele>222.27</ele>
      </trkpt>
      <trkpt lat="37.54123002290726" lon="13.78763996064663">
        <ele>221.89</ele>
      </trkpt>
      <trkpt lat="37.54121996462345" lon="13.787629986181855">
        <ele>221.54</ele>
      </trkpt>
      <trkpt lat="37.54107001237571" lon="13.787550022825599">
        <ele>221.18</ele>
      </trkpt>
      <trkpt lat="37.54097999073565" lon="13.78751004114747">
        <ele>220.84</ele>
      </trkpt>
      <trkpt lat="37.540840012952685" lon="13.78744994290173">
        <ele>220.51</ele>
      </trkpt>
      <trkpt lat="37.54071998409927" lon="13.78740987740457">
        <ele>220.17</ele>
      </trkpt>
      <trkpt lat="37.54064002074301" lon="13.787399986758828">
        <ele>219.84</ele>
      </trkpt>
      <trkpt lat="37.54061001352966" lon="13.787399986758828">
        <ele>219.51</ele>
      </trkpt>
      <trkpt lat="37.54054999910295" lon="13.78740987740457">
        <ele>219.19</ele>
      </trkpt>
      <trkpt lat="37.54044991917908" lon="13.787420019507408">
        <ele>218.86</ele>
      </trkpt>
      <trkpt lat="37.54037003964186" lon="13.78744994290173">
        <ele>218.53</ele>
      </trkpt>
      <trkpt lat="37.54025990143418" lon="13.78746997565031">
        <ele>218.2</ele>
      </trkpt>
      <trkpt lat="37.54018999636173" lon="13.78749000839889">
        <ele>217.87</ele>
      </trkpt>
      <trkpt lat="37.54000023007393" lon="13.787569804117084">
        <ele>217.52</ele>
      </trkpt>
      <trkpt lat="37.5398098770529" lon="13.787650018930435">
        <ele>217.21</ele>
      </trkpt>
      <trkpt lat="37.53958532586694" lon="13.787749847397208">
        <ele>216.86</ele>
      </trkpt>
      <trkpt lat="37.53936002030969" lon="13.787850011140108">
        <ele>216.52</ele>
      </trkpt>
      <trkpt lat="37.53914996981621" lon="13.78794003278017">
        <ele>216.19</ele>
      </trkpt>
      <trkpt lat="37.5390399992466" lon="13.787980014458299">
        <ele>215.87</ele>
      </trkpt>
      <trkpt lat="37.53891997039318" lon="13.788009937852621">
        <ele>215.56</ele>
      </trkpt>
      <trkpt lat="37.53883003257215" lon="13.788040028885007">
        <ele>215.26</ele>
      </trkpt>
      <trkpt lat="37.53878996707499" lon="13.78804991953075">
        <ele>214.98</ele>
      </trkpt>
      <trkpt lat="37.538670022040606" lon="13.788080010563135">
        <ele>214.69</ele>
      </trkpt>
      <trkpt lat="37.53853993490338" lon="13.788099875673652">
        <ele>214.43</ele>
      </trkpt>
      <trkpt lat="37.538355365395546" lon="13.788104904815555">
        <ele>214.18</ele>
      </trkpt>
      <trkpt lat="37.53817004151642" lon="13.78811001777649">
        <ele>213.93</ele>
      </trkpt>
      <trkpt lat="37.53805001266301" lon="13.78811001777649">
        <ele>213.69</ele>
      </trkpt>
      <trkpt lat="37.53786996938288" lon="13.788119908422232">
        <ele>213.49</ele>
      </trkpt>
      <trkpt lat="37.53758054226637" lon="13.788129966706038">
        <ele>213.31</ele>
      </trkpt>
      <trkpt lat="37.53729002550244" lon="13.788139941170812">
        <ele>213.15</ele>
      </trkpt>
      <trkpt lat="37.53726001828909" lon="13.788139941170812">
        <ele>213.01</ele>
      </trkpt>
      <trkpt lat="37.5370055437088" lon="13.788149915635586">
        <ele>212.87</ele>
      </trkpt>
      <trkpt lat="37.5367499794811" lon="13.78815989010036">
        <ele>212.72</ele>
      </trkpt>
      <trkpt lat="37.53664000891149" lon="13.78815989010036">
        <ele>212.65</ele>
      </trkpt>
      <trkpt lat="37.53644999116659" lon="13.788129966706038">
        <ele>212.59</ele>
      </trkpt>
      <trkpt lat="37.53640992566943" lon="13.788099875673652">
        <ele>212.59</ele>
      </trkpt>
      <trkpt lat="37.536370027810335" lon="13.78806995227933">
        <ele>212.63</ele>
      </trkpt>
      <trkpt lat="37.536329962313175" lon="13.788040028885007">
        <ele>212.7</ele>
      </trkpt>
      <trkpt lat="37.53628000617027" lon="13.787999963387847">
        <ele>212.81</ele>
      </trkpt>
      <trkpt lat="37.53625997342169" lon="13.787949923425913">
        <ele>212.96</ele>
      </trkpt>
      <trkpt lat="37.53624999895692" lon="13.787929890677333">
        <ele>213.15</ele>
      </trkpt>
      <trkpt lat="37.53622996620834" lon="13.78789996728301">
        <ele>213.38</ele>
      </trkpt>
      <trkpt lat="37.53620993345976" lon="13.787829978391528">
        <ele>213.65</ele>
      </trkpt>
      <trkpt lat="37.53617003560066" lon="13.78772989846766">
        <ele>213.96</ele>
      </trkpt>
      <trkpt lat="37.53617003560066" lon="13.787720007821918">
        <ele>214.32</ele>
      </trkpt>
      <trkpt lat="37.53610993735492" lon="13.787499899044633">
        <ele>214.72</ele>
      </trkpt>
      <trkpt lat="37.53610993735492" lon="13.78749000839889">
        <ele>215.17</ele>
      </trkpt>
      <trkpt lat="37.53605998121202" lon="13.787290016189218">
        <ele>215.69</ele>
      </trkpt>
      <trkpt lat="37.536050006747246" lon="13.78720996901393">
        <ele>216.24</ele>
      </trkpt>
      <trkpt lat="37.53601002506912" lon="13.787069907411933">
        <ele>216.85</ele>
      </trkpt>
      <trkpt lat="37.53595990128815" lon="13.786869579926133">
        <ele>217.51</ele>
      </trkpt>
      <trkpt lat="37.53591002896428" lon="13.786670006811619">
        <ele>218.2</ele>
      </trkpt>
      <trkpt lat="37.535899970680475" lon="13.786639915779233">
        <ele>218.87</ele>
      </trkpt>
      <trkpt lat="37.53582000732422" lon="13.786319978535175">
        <ele>219.61</ele>
      </trkpt>
      <trkpt lat="37.53574482165277" lon="13.785974308848381">
        <ele>220.36</ele>
      </trkpt>
      <trkpt lat="37.53566997125745" lon="13.785629896447062">
        <ele>221.18</ele>
      </trkpt>
      <trkpt lat="37.53563988022506" lon="13.785550016909838">
        <ele>221.97</ele>
      </trkpt>
      <trkpt lat="37.53559000790119" lon="13.785399980843067">
        <ele>222.81</ele>
      </trkpt>
      <trkpt lat="37.535559916868806" lon="13.785349940881133">
        <ele>223.61</ele>
      </trkpt>
      <trkpt lat="37.53548003733158" lon="13.785219937562943">
        <ele>224.46</ele>
      </trkpt>
      <trkpt lat="37.53537995740771" lon="13.785099992528558">
        <ele>225.32</ele>
      </trkpt>
      <trkpt lat="37.535190023481846" lon="13.784959930926561">
        <ele>226.23</ele>
      </trkpt>
      <trkpt lat="37.535060020163655" lon="13.784909974783659">
        <ele>227.06</ele>
      </trkpt>
      <trkpt lat="37.53496999852359" lon="13.78489002585411">
        <ele>227.87</ele>
      </trkpt>
      <trkpt lat="37.53483002074063" lon="13.784860018640757">
        <ele>228.7</ele>
      </trkpt>
      <trkpt lat="37.5347900390625" lon="13.78484996035695">
        <ele>229.49</ele>
      </trkpt>
      <trkpt lat="37.534609995782375" lon="13.784820036962628">
        <ele>230.29</ele>
      </trkpt>
      <trkpt lat="37.53443003632128" lon="13.784789945930243">
        <ele>231.05</ele>
      </trkpt>
      <trkpt lat="37.5344100035727" lon="13.784779971465468">
        <ele>231.79</ele>
      </trkpt>
      <trkpt lat="37.53421990200877" lon="13.784730015322566">
        <ele>232.5</ele>
      </trkpt>
      <trkpt lat="37.53398537635803" lon="13.784620128571987">
        <ele>233.19</ele>
      </trkpt>
      <trkpt lat="37.533750012516975" lon="13.784509906545281">
        <ele>233.88</ele>
      </trkpt>
      <trkpt lat="37.53365999087691" lon="13.78446003422141">
        <ele>234.54</ele>
      </trkpt>
      <trkpt lat="37.53339998424053" lon="13.78430999815464">
        <ele>235.21</ele>
      </trkpt>
      <trkpt lat="37.53328003920615" lon="13.78417999483645">
        <ele>235.85</ele>
      </trkpt>
      <trkpt lat="37.53326000645757" lon="13.78415996208787">
        <ele>236.4</ele>
      </trkpt>
      <trkpt lat="37.53318993374705" lon="13.784070024266839">
        <ele>236.95</ele>
      </trkpt>
      <trkpt lat="37.53317995928228" lon="13.784049991518259">
        <ele>237.44</ele>
      </trkpt>
      <trkpt lat="37.53306998871267" lon="13.783959969878197">
        <ele>237.92</ele>
      </trkpt>
      <trkpt lat="37.53299002535641" lon="13.783940020948648">
        <ele>238.35</ele>
      </trkpt>
      <trkpt lat="37.53296999260783" lon="13.783940020948648">
        <ele>238.72</ele>
      </trkpt>
      <trkpt lat="37.53280998207629" lon="13.783929878845811">
        <ele>239.07</ele>
      </trkpt>
      <trkpt lat="37.53275994211435" lon="13.783919988200068">
        <ele>239.37</ele>
      </trkpt>
      <trkpt lat="37.53262993879616" lon="13.783940020948648">
        <ele>239.6</ele>
      </trkpt>
      <trkpt lat="37.53247001208365" lon="13.783959969878197">
        <ele>239.79</ele>
      </trkpt>
      <trkpt lat="37.53219994716346" lon="13.78394991159439">
        <ele>239.97</ele>
      </trkpt>
      <trkpt lat="37.53191001713276" lon="13.783929878845811">
        <ele>240.14</ele>
      </trkpt>
      <trkpt lat="37.53182996995747" lon="13.78401000984013">
        <ele>240.2</ele>
      </trkpt>
      <trkpt lat="37.53176995553076" lon="13.784039933234453">
        <ele>240.27</ele>
      </trkpt>
      <trkpt lat="37.53175998106599" lon="13.784039933234453">
        <ele>240.35</ele>
      </trkpt>
      <trkpt lat="37.531689992174506" lon="13.784079914912581">
        <ele>240.37</ele>
      </trkpt>
      <trkpt lat="37.53161002881825" lon="13.784099947661161">
        <ele>240.39</ele>
      </trkpt>
      <trkpt lat="37.53159988671541" lon="13.784099947661161">
        <ele>240.4</ele>
      </trkpt>
      <trkpt lat="37.531559988856316" lon="13.784110005944967">
        <ele>240.39</ele>
      </trkpt>
      <trkpt lat="37.53151003271341" lon="13.784099947661161">
        <ele>240.37</ele>
      </trkpt>
      <trkpt lat="37.531450018286705" lon="13.784099947661161">
        <ele>240.32</ele>
      </trkpt>
      <trkpt lat="37.53141003660858" lon="13.784079914912581">
        <ele>240.27</ele>
      </trkpt>
      <trkpt lat="37.53139000386" lon="13.784070024266839">
        <ele>240.19</ele>
      </trkpt>
      <trkpt lat="37.531260000541806" lon="13.78401000984013">
        <ele>240.12</ele>
      </trkpt>
      <trkpt lat="37.53123980015516" lon="13.784000035375357">
        <ele>240.01</ele>
      </trkpt>
      <trkpt lat="37.53114986233413" lon="13.78396994434297">
        <ele>239.9</ele>
      </trkpt>
      <trkpt lat="37.53106998279691" lon="13.783959969878197">
        <ele>239.77</ele>
      </trkpt>
      <trkpt lat="37.5310099683702" lon="13.783959969878197">
        <ele>239.62</ele>
      </trkpt>
      <trkpt lat="37.53095003776252" lon="13.78396994434297">
        <ele>239.45</ele>
      </trkpt>
      <trkpt lat="37.53088993951678" lon="13.784000035375357">
        <ele>239.25</ele>
      </trkpt>
      <trkpt lat="37.53087996505201" lon="13.78401000984013">
        <ele>239.03</ele>
      </trkpt>
      <trkpt lat="37.530809976160526" lon="13.784089973196387">
        <ele>238.75</ele>
      </trkpt>
      <trkpt lat="37.530769910663366" lon="13.784130038693547">
        <ele>238.47</ele>
      </trkpt>
      <trkpt lat="37.53075993619859" lon="13.784149987623096">
        <ele>238.19</ele>
      </trkpt>
      <trkpt lat="37.53073001280427" lon="13.78417999483645">
        <ele>237.9</ele>
      </trkpt>
      <trkpt lat="37.53069003112614" lon="13.78420002758503">
        <ele>237.6</ele>
      </trkpt>
      <trkpt lat="37.53064996562898" lon="13.784219976514578">
        <ele>237.29</ele>
      </trkpt>
      <trkpt lat="37.53060998395085" lon="13.784229950979352">
        <ele>236.97</ele>
      </trkpt>
      <trkpt lat="37.53056002780795" lon="13.784229950979352">
        <ele>236.64</ele>
      </trkpt>
      <trkpt lat="37.53050001338124" lon="13.784219976514578">
        <ele>236.28</ele>
      </trkpt>
      <trkpt lat="37.53044997341931" lon="13.784209918230772">
        <ele>235.92</ele>
      </trkpt>
      <trkpt lat="37.53040999174118" lon="13.784189885482192">
        <ele>235.54</ele>
      </trkpt>
      <trkpt lat="37.53034997731447" lon="13.784170020371675">
        <ele>235.15</ele>
      </trkpt>
      <trkpt lat="37.53031997010112" lon="13.78413992933929">
        <ele>234.76</ele>
      </trkpt>
      <trkpt lat="37.53028987906873" lon="13.784130038693547">
        <ele>234.35</ele>
      </trkpt>
      <trkpt lat="37.530249981209636" lon="13.784110005944967">
        <ele>233.94</ele>
      </trkpt>
      <trkpt lat="37.53023003228009" lon="13.784099947661161">
        <ele>233.51</ele>
      </trkpt>
      <trkpt lat="37.53018996678293" lon="13.784089973196387">
        <ele>233.07</ele>
      </trkpt>
      <trkpt lat="37.53015995956957" lon="13.784099947661161">
        <ele>232.61</ele>
      </trkpt>
      <trkpt lat="37.53008997067809" lon="13.78413992933929">
        <ele>232.11</ele>
      </trkpt>
      <trkpt lat="37.53007999621332" lon="13.784149987623096">
        <ele>231.64</ele>
      </trkpt>
      <trkpt lat="37.53001998178661" lon="13.784189885482192">
        <ele>231.13</ele>
      </trkpt>
      <trkpt lat="37.529970025643706" lon="13.784209918230772">
        <ele>230.63</ele>
      </trkpt>
      <trkpt lat="37.52991998568177" lon="13.7842498999089">
        <ele>230.16</ele>
      </trkpt>
      <trkpt lat="37.52971018664539" lon="13.784409826621413">
        <ele>229.62</ele>
      </trkpt>
      <trkpt lat="37.529499968513846" lon="13.78456992097199">
        <ele>229.1</ele>
      </trkpt>
      <trkpt lat="37.52926988527179" lon="13.784730015322566">
        <ele>228.49</ele>
      </trkpt>
      <trkpt lat="37.52919998019934" lon="13.784749880433083">
        <ele>227.99</ele>
      </trkpt>
      <trkpt lat="37.5291499402374" lon="13.78476002253592">
        <ele>227.5</ele>
      </trkpt>
      <trkpt lat="37.52910987474024" lon="13.78476002253592">
        <ele>227.02</ele>
      </trkpt>
      <trkpt lat="37.52903996966779" lon="13.78473998978734">
        <ele>226.55</ele>
      </trkpt>
      <trkpt lat="37.52901993691921" lon="13.78473998978734">
        <ele>226.09</ele>
      </trkpt>
      <trkpt lat="37.52895003184676" lon="13.78471995703876">
        <ele>225.64</ele>
      </trkpt>
      <trkpt lat="37.52879002131522" lon="13.7846798915416">
        <ele>225.16</ele>
      </trkpt>
      <trkpt lat="37.52876998856664" lon="13.7846798915416">
        <ele>224.72</ele>
      </trkpt>
      <trkpt lat="37.52859522588551" lon="13.784649968147278">
        <ele>224.27</ele>
      </trkpt>
      <trkpt lat="37.52841987647116" lon="13.784619877114892">
        <ele>223.84</ele>
      </trkpt>
      <trkpt lat="37.52833999693394" lon="13.78460998646915">
        <ele>223.42</ele>
      </trkpt>
      <trkpt lat="37.52821996808052" lon="13.78456992097199">
        <ele>222.98</ele>
      </trkpt>
      <trkpt lat="37.52811988815665" lon="13.784519964829087">
        <ele>222.57</ele>
      </trkpt>
      <trkpt lat="37.528079990297556" lon="13.784479983150959">
        <ele>222.19</ele>
      </trkpt>
      <trkpt lat="37.52807001583278" lon="13.78446003422141">
        <ele>221.82</ele>
      </trkpt>
      <trkpt lat="37.52798988483846" lon="13.78437990322709">
        <ele>221.45</ele>
      </trkpt>
      <trkpt lat="37.52784999087453" lon="13.784130038693547">
        <ele>221.15</ele>
      </trkpt>
      <trkpt lat="37.52782995812595" lon="13.784089973196387">
        <ele>220.81</ele>
      </trkpt>
      <trkpt lat="37.52775996923447" lon="13.78401000984013">
        <ele>220.48</ele>
      </trkpt>
      <trkpt lat="37.52762493677437" lon="13.783860057592392">
        <ele>220.15</ele>
      </trkpt>
      <trkpt lat="37.52748998813331" lon="13.78370993770659">
        <ele>219.83</ele>
      </trkpt>
      <trkpt lat="37.52745000645518" lon="13.783669956028461">
        <ele>219.5</ele>
      </trkpt>
      <trkpt lat="37.52731002867222" lon="13.783529978245497">
        <ele>219.18</ele>
      </trkpt>
      <trkpt lat="37.527199974283576" lon="13.78340994939208">
        <ele>218.87</ele>
      </trkpt>
      <trkpt lat="37.52716996707022" lon="13.7833899166435">
        <ele>218.54</ele>
      </trkpt>
      <trkpt lat="37.52701004035771" lon="13.78329997882247">
        <ele>218.24</ele>
      </trkpt>
      <trkpt lat="37.52682991325855" lon="13.78325991332531">
        <ele>217.85</ele>
      </trkpt>
      <trkpt lat="37.52670996822417" lon="13.78323988057673">
        <ele>217.45</ele>
      </trkpt>
      <trkpt lat="37.52664986997843" lon="13.783219931647182">
        <ele>217.06</ele>
      </trkpt>
      <trkpt lat="37.52641995437443" lon="13.78310987725854">
        <ele>216.6</ele>
      </trkpt>
      <trkpt lat="37.52630998380482" lon="13.783069895580411">
        <ele>216.2</ele>
      </trkpt>
      <trkpt lat="37.5261399988085" lon="13.78302002325654">
        <ele>215.76</ele>
      </trkpt>
      <trkpt lat="37.52610999159515" lon="13.783009881153703">
        <ele>215.38</ele>
      </trkpt>
      <trkpt lat="37.52601996995509" lon="13.782969983294606">
        <ele>214.95</ele>
      </trkpt>
      <trkpt lat="37.52597990445793" lon="13.782930001616478">
        <ele>214.56</ele>
      </trkpt>
      <trkpt lat="37.525930032134056" lon="13.782879877835512">
        <ele>214.16</ele>
      </trkpt>
      <trkpt lat="37.52587999217212" lon="13.782789940014482">
        <ele>213.77</ele>
      </trkpt>
      <trkpt lat="37.52587001770735" lon="13.78276001662016">
        <ele>213.4</ele>
      </trkpt>
      <trkpt lat="37.52583003602922" lon="13.782659936696291">
        <ele>213.02</ele>
      </trkpt>
      <trkpt lat="37.52581000328064" lon="13.782539991661906">
        <ele>212.65</ele>
      </trkpt>
      <trkpt lat="37.525779996067286" lon="13.782390039414167">
        <ele>212.29</ele>
      </trkpt>
      <trkpt lat="37.525759963318706" lon="13.78233002498746">
        <ele>211.92</ele>
      </trkpt>
      <trkpt lat="37.52570992335677" lon="13.782149897888303">
        <ele>211.58</ele>
      </trkpt>
      <trkpt lat="37.52568997442722" lon="13.78211997449398">
        <ele>211.2</ele>
      </trkpt>
      <trkpt lat="37.52554999664426" lon="13.78181990236044">
        <ele>210.87</ele>
      </trkpt>
      <trkpt lat="37.52538001164794" lon="13.78155997954309">
        <ele>210.53</ele>
      </trkpt>
      <trkpt lat="37.52534002996981" lon="13.781510023400187">
        <ele>210.17</ele>
      </trkpt>
      <trkpt lat="37.52525000832975" lon="13.78140994347632">
        <ele>209.78</ele>
      </trkpt>
      <trkpt lat="37.52514992840588" lon="13.781309947371483">
        <ele>209.36</ele>
      </trkpt>
      <trkpt lat="37.52510994672775" lon="13.78125999122858">
        <ele>208.97</ele>
      </trkpt>
      <trkpt lat="37.5250400416553" lon="13.781190002337098">
        <ele>208.56</ele>
      </trkpt>
      <trkpt lat="37.5248399656266" lon="13.78095991909504">
        <ele>208.12</ele>
      </trkpt>
      <trkpt lat="37.52480995841324" lon="13.780919937416911">
        <ele>207.73</ele>
      </trkpt>
      <trkpt lat="37.52462999895215" lon="13.780749952420592">
        <ele>207.36</ele>
      </trkpt>
      <trkpt lat="37.52454995177686" lon="13.78069999627769">
        <ele>206.97</ele>
      </trkpt>
      <trkpt lat="37.52443998120725" lon="13.78063989803195">
        <ele>206.58</ele>
      </trkpt>
      <trkpt lat="37.52437996678054" lon="13.780630007386208">
        <ele>206.19</ele>
      </trkpt>
      <trkpt lat="37.52411996014416" lon="13.780579883605242">
        <ele>205.77</ele>
      </trkpt>
      <trkpt lat="37.524019964039326" lon="13.780560018494725">
        <ele>205.36</ele>
      </trkpt>
      <trkpt lat="37.52384000457823" lon="13.780539985746145">
        <ele>204.92</ele>
      </trkpt>
      <trkpt lat="37.523760041221976" lon="13.780520036816597">
        <ele>204.53</ele>
      </trkpt>
      <trkpt lat="37.52371000126004" lon="13.780520036816597">
        <ele>204.14</ele>
      </trkpt>
      <trkpt lat="37.52366993576288" lon="13.78050989471376">
        <ele>203.76</ele>
      </trkpt>
      <trkpt lat="37.52350531518459" lon="13.780479971319437">
        <ele>203.36</ele>
      </trkpt>
      <trkpt lat="37.52334002405405" lon="13.780449880287051">
        <ele>202.98</ele>
      </trkpt>
      <trkpt lat="37.5232199113816" lon="13.780469913035631">
        <ele>202.59</ele>
      </trkpt>
      <trkpt lat="37.52312997356057" lon="13.780469913035631">
        <ele>202.22</ele>
      </trkpt>
      <trkpt lat="37.5229799374938" lon="13.780449880287051">
        <ele>201.85</ele>
      </trkpt>
      <trkpt lat="37.52291992306709" lon="13.780439989641309">
        <ele>201.52</ele>
      </trkpt>
      <trkpt lat="37.52282001078129" lon="13.780390033498406">
        <ele>201.21</ele>
      </trkpt>
      <trkpt lat="37.52280995249748" lon="13.7803799752146">
        <ele>200.91</ele>
      </trkpt>
      <trkpt lat="37.52270978875458" lon="13.780299928039312">
        <ele>200.67</ele>
      </trkpt>
      <trkpt lat="37.52266000024974" lon="13.78024997189641">
        <ele>200.42</ele>
      </trkpt>
      <trkpt lat="37.52256000414491" lon="13.78016003407538">
        <ele>200.2</ele>
      </trkpt>
      <trkpt lat="37.5223599281162" lon="13.780019888654351">
        <ele>199.94</ele>
      </trkpt>
      <trkpt lat="37.522299997508526" lon="13.779979906976223">
        <ele>199.67</ele>
      </trkpt>
      <trkpt lat="37.52220000140369" lon="13.779940009117126">
        <ele>199.4</ele>
      </trkpt>
      <trkpt lat="37.522190026938915" lon="13.779940009117126">
        <ele>199.15</ele>
      </trkpt>
      <trkpt lat="37.52213001251221" lon="13.779919976368546">
        <ele>198.9</ele>
      </trkpt>
      <trkpt lat="37.5220699980855" lon="13.779919976368546">
        <ele>198.66</ele>
      </trkpt>
      <trkpt lat="37.52200998365879" lon="13.779919976368546">
        <ele>198.41</ele>
      </trkpt>
      <trkpt lat="37.52199003472924" lon="13.779919976368546">
        <ele>198.18</ele>
      </trkpt>
      <trkpt lat="37.5219299364835" lon="13.779940009117126">
        <ele>197.94</ele>
      </trkpt>
      <trkpt lat="37.521890038624406" lon="13.7799499835819">
        <ele>197.71</ele>
      </trkpt>
      <trkpt lat="37.52185986377299" lon="13.779979906976223">
        <ele>197.49</ele>
      </trkpt>
      <trkpt lat="37.5218300241977" lon="13.780009998008609">
        <ele>197.28</ele>
      </trkpt>
      <trkpt lat="37.52173002809286" lon="13.780089961364865">
        <ele>197.04</ele>
      </trkpt>
      <trkpt lat="37.5216899625957" lon="13.78011996857822">
        <ele>196.84</ele>
      </trkpt>
      <trkpt lat="37.52167001366615" lon="13.780130026862025">
        <ele>196.67</ele>
      </trkpt>
      <trkpt lat="37.5216400064528" lon="13.780149891972542">
        <ele>196.5</ele>
      </trkpt>
      <trkpt lat="37.52160002477467" lon="13.78016003407538">
        <ele>196.34</ele>
      </trkpt>
      <trkpt lat="37.52156984992325" lon="13.780169924721122">
        <ele>196.18</ele>
      </trkpt>
      <trkpt lat="37.52151997759938" lon="13.780169924721122">
        <ele>196.04</ele>
      </trkpt>
      <trkpt lat="37.52147991210222" lon="13.780169924721122">
        <ele>195.91</ele>
      </trkpt>
      <trkpt lat="37.521440014243126" lon="13.78016003407538">
        <ele>195.78</ele>
      </trkpt>
      <trkpt lat="37.521419981494546" lon="13.780149891972542">
        <ele>195.67</ele>
      </trkpt>
      <trkpt lat="37.52135996706784" lon="13.780109994113445">
        <ele>195.56</ele>
      </trkpt>
      <trkpt lat="37.52134990878403" lon="13.78009993582964">
        <ele>195.45</ele>
      </trkpt>
      <trkpt lat="37.52124002203345" lon="13.779960041865706">
        <ele>195.35</ele>
      </trkpt>
      <trkpt lat="37.52114002592862" lon="13.77979994751513">
        <ele>195.27</ele>
      </trkpt>
      <trkpt lat="37.52109979279339" lon="13.779700035229325">
        <ele>195.17</ele>
      </trkpt>
      <trkpt lat="37.52108001150191" lon="13.779619988054037">
        <ele>195.07</ele>
      </trkpt>
      <trkpt lat="37.52105997875333" lon="13.779549915343523">
        <ele>194.97</ele>
      </trkpt>
      <trkpt lat="37.52105997875333" lon="13.77954002469778">
        <ele>194.86</ele>
      </trkpt>
      <trkpt lat="37.52104002982378" lon="13.779470035806298">
        <ele>194.76</ele>
      </trkpt>
      <trkpt lat="37.5210199970752" lon="13.779429970309138">
        <ele>194.64</ele>
      </trkpt>
      <trkpt lat="37.52098001539707" lon="13.77936995588243">
        <ele>194.51</ele>
      </trkpt>
      <trkpt lat="37.5209700409323" lon="13.77934992313385">
        <ele>194.38</ele>
      </trkpt>
      <trkpt lat="37.52095000818372" lon="13.779340032488108">
        <ele>194.24</ele>
      </trkpt>
      <trkpt lat="37.52089988440275" lon="13.779289908707142">
        <ele>194.09</ele>
      </trkpt>
      <trkpt lat="37.52085001207888" lon="13.77925998531282">
        <ele>193.92</ele>
      </trkpt>
      <trkpt lat="37.52081003040075" lon="13.77923995256424">
        <ele>193.75</ele>
      </trkpt>
      <trkpt lat="37.52079997211695" lon="13.779229978099465">
        <ele>193.58</ele>
      </trkpt>
      <trkpt lat="37.52061003819108" lon="13.779169963672757">
        <ele>193.37</ele>
      </trkpt>
      <trkpt lat="37.52048992551863" lon="13.779119923710823">
        <ele>193.16</ele>
      </trkpt>
      <trkpt lat="37.52038003876805" lon="13.77904993481934">
        <ele>192.94</ele>
      </trkpt>
      <trkpt lat="37.52031994052231" lon="13.778989920392632">
        <ele>192.74</ele>
      </trkpt>
      <trkpt lat="37.52009999938309" lon="13.778799986466765">
        <ele>192.49</ele>
      </trkpt>
      <trkpt lat="37.52009002491832" lon="13.77878992818296">
        <ele>192.28</ele>
      </trkpt>
      <trkpt lat="37.51994996331632" lon="13.778669899329543">
        <ele>192.06</ele>
      </trkpt>
      <trkpt lat="37.51988986507058" lon="13.77861994318664">
        <ele>191.85</ele>
      </trkpt>
      <trkpt lat="37.51983001828194" lon="13.77857987768948">
        <ele>191.63</ele>
      </trkpt>
      <trkpt lat="37.51975994557142" lon="13.778559928759933">
        <ele>191.4</ele>
      </trkpt>
      <trkpt lat="37.51959993503988" lon="13.778539896011353">
        <ele>191.14</ele>
      </trkpt>
      <trkpt lat="37.51953002996743" lon="13.778609968721867">
        <ele>190.86</ele>
      </trkpt>
      <trkpt lat="37.51948996447027" lon="13.77863997593522">
        <ele>190.6</ele>
      </trkpt>
      <trkpt lat="37.51944998279214" lon="13.77868004143238">
        <ele>190.33</ele>
      </trkpt>
      <trkpt lat="37.51941989175975" lon="13.778729913756251">
        <ele>190.07</ele>
      </trkpt>
      <trkpt lat="37.51940002664924" lon="13.778760004788637">
        <ele>189.81</ele>
      </trkpt>
      <trkpt lat="37.5193000305444" lon="13.77895999699831">
        <ele>189.51</ele>
      </trkpt>
      <trkpt lat="37.51921000890434" lon="13.779150014743209">
        <ele>189.24</ele>
      </trkpt>
      <trkpt lat="37.5191100127995" lon="13.779340032488108">
        <ele>189.0</ele>
      </trkpt>
      <trkpt lat="37.51900993287563" lon="13.779529882594943">
        <ele>188.81</ele>
      </trkpt>
      <trkpt lat="37.5189199950546" lon="13.779719900339842">
        <ele>188.63</ele>
      </trkpt>
      <trkpt lat="37.518819998949766" lon="13.77990991808474">
        <ele>188.43</ele>
      </trkpt>
      <trkpt lat="37.51872000284493" lon="13.78009993582964">
        <ele>188.18</ele>
      </trkpt>
      <trkpt lat="37.51862000674009" lon="13.78029003739357">
        <ele>187.95</ele>
      </trkpt>
      <trkpt lat="37.51858999952674" lon="13.78033990971744">
        <ele>187.72</ele>
      </trkpt>
      <trkpt lat="37.51852001063526" lon="13.780469913035631">
        <ele>187.52</ele>
      </trkpt>
      <trkpt lat="37.518410040065646" lon="13.78050989471376">
        <ele>187.28</ele>
      </trkpt>
      <trkpt lat="37.51819001510739" lon="13.780560018494725">
        <ele>187.03</ele>
      </trkpt>
      <trkpt lat="37.51799002289772" lon="13.780609974637628">
        <ele>186.78</ele>
      </trkpt>
      <trkpt lat="37.51784987747669" lon="13.780650040134788">
        <ele>186.55</ele>
      </trkpt>
      <trkpt lat="37.51766002736986" lon="13.780709886923432">
        <ele>186.34</ele>
      </trkpt>
      <trkpt lat="37.51760998740792" lon="13.78072002902627">
        <ele>186.12</ele>
      </trkpt>
      <trkpt lat="37.51747998408973" lon="13.780729919672012">
        <ele>185.9</ele>
      </trkpt>
      <trkpt lat="37.51743991859257" lon="13.780739977955818">
        <ele>185.68</ele>
      </trkpt>
      <trkpt lat="37.517270017415285" lon="13.780760010704398">
        <ele>185.46</ele>
      </trkpt>
      <trkpt lat="37.51713003963232" lon="13.78076990135014">
        <ele>185.24</ele>
      </trkpt>
      <trkpt lat="37.51694002188742" lon="13.780760010704398">
        <ele>185.01</ele>
      </trkpt>
      <trkpt lat="37.51678998582065" lon="13.780760010704398">
        <ele>184.84</ele>
      </trkpt>
      <trkpt lat="37.51657993532717" lon="13.780749952420592">
        <ele>184.65</ele>
      </trkpt>
      <trkpt lat="37.51627994701266" lon="13.780739977955818">
        <ele>184.46</ele>
      </trkpt>
      <trkpt lat="37.51621984876692" lon="13.780739977955818">
        <ele>184.28</ele>
      </trkpt>
      <trkpt lat="37.51603988930583" lon="13.780729919672012">
        <ele>184.08</ele>
      </trkpt>
      <trkpt lat="37.515960009768605" lon="13.780729919672012">
        <ele>183.91</ele>
      </trkpt>
      <trkpt lat="37.51573042944074" lon="13.780719945207238">
        <ele>183.73</ele>
      </trkpt>
      <trkpt lat="37.51550001092255" lon="13.780709886923432">
        <ele>183.56</ele>
      </trkpt>
      <trkpt lat="37.51531996764243" lon="13.78069999627769">
        <ele>183.4</ele>
      </trkpt>
      <trkpt lat="37.5152799859643" lon="13.78069999627769">
        <ele>183.27</ele>
      </trkpt>
      <trkpt lat="37.515059961006045" lon="13.780690021812916">
        <ele>183.15</ele>
      </trkpt>
      <trkpt lat="37.51500992104411" lon="13.78067996352911">
        <ele>183.03</ele>
      </trkpt>
      <trkpt lat="37.51496993936598" lon="13.780669989064336">
        <ele>182.92</ele>
      </trkpt>
      <trkpt lat="37.51494001597166" lon="13.78065993078053">
        <ele>182.83</ele>
      </trkpt>
      <trkpt lat="37.51487002708018" lon="13.780630007386208">
        <ele>182.74</ele>
      </trkpt>
      <trkpt lat="37.5146599765867" lon="13.780489945784211">
        <ele>182.66</ele>
      </trkpt>
      <trkpt lat="37.51464002765715" lon="13.780479971319437">
        <ele>182.59</ele>
      </trkpt>
      <trkpt lat="37.51448999159038" lon="13.78035994246602">
        <ele>182.52</ele>
      </trkpt>
      <trkpt lat="37.5144699588418" lon="13.780349968001246">
        <ele>182.47</ele>
      </trkpt>
      <trkpt lat="37.51432000659406" lon="13.78024997189641">
        <ele>182.45</ele>
      </trkpt>
      <trkpt lat="37.51416997052729" lon="13.7801400013268">
        <ele>182.45</ele>
      </trkpt>
      <trkpt lat="37.514159912243485" lon="13.780130026862025">
        <ele>182.44</ele>
      </trkpt>
      <trkpt lat="37.51405999995768" lon="13.780049979686737">
        <ele>182.44</ele>
      </trkpt>
      <trkpt lat="37.51386000774801" lon="13.77990991808474">
        <ele>182.47</ele>
      </trkpt>
      <trkpt lat="37.51382002606988" lon="13.77988988533616">
        <ele>182.48</ele>
      </trkpt>
      <trkpt lat="37.51370997168124" lon="13.77979994751513">
        <ele>182.5</ele>
      </trkpt>
      <trkpt lat="37.51363989897072" lon="13.779739933088422">
        <ele>182.53</ele>
      </trkpt>
      <trkpt lat="37.51352003775537" lon="13.77962987869978">
        <ele>182.57</ele>
      </trkpt>
      <trkpt lat="37.51343999058008" lon="13.779549915343523">
        <ele>182.63</ele>
      </trkpt>
      <trkpt lat="37.513360027223825" lon="13.779450003057718">
        <ele>182.68</ele>
      </trkpt>
      <trkpt lat="37.51320990733802" lon="13.77925998531282">
        <ele>182.78</ele>
      </trkpt>
      <trkpt lat="37.51316003501415" lon="13.779210029169917">
        <ele>182.84</ele>
      </trkpt>
      <trkpt lat="37.51303983852267" lon="13.77906996756792">
        <ele>182.9</ele>
      </trkpt>
      <trkpt lat="37.51303003169596" lon="13.779059993103147">
        <ele>182.97</ele>
      </trkpt>
      <trkpt lat="37.51291997730732" lon="13.77893996424973">
        <ele>183.04</ele>
      </trkpt>
      <trkpt lat="37.512889970093966" lon="13.778910040855408">
        <ele>183.12</ele>
      </trkpt>
      <trkpt lat="37.51278997398913" lon="13.778799986466765">
        <ele>183.19</ele>
      </trkpt>
      <trkpt lat="37.5127000361681" lon="13.778709881007671">
        <ele>183.26</ele>
      </trkpt>
      <trkpt lat="37.51253994181752" lon="13.77855003811419">
        <ele>183.3</ele>
      </trkpt>
      <trkpt lat="37.512459978461266" lon="13.778499998152256">
        <ele>183.41</ele>
      </trkpt>
      <trkpt lat="37.51241002231836" lon="13.778460016474128">
        <ele>183.53</ele>
      </trkpt>
      <trkpt lat="37.51231002621353" lon="13.77837996929884">
        <ele>183.67</ele>
      </trkpt>
      <trkpt lat="37.51226996071637" lon="13.77835993655026">
        <ele>183.81</ele>
      </trkpt>
      <trkpt lat="37.51210995018482" lon="13.778219874948263">
        <ele>183.98</ele>
      </trkpt>
      <trkpt lat="37.51199000515044" lon="13.77810001373291">
        <ele>184.16</ele>
      </trkpt>
      <trkpt lat="37.51186000183225" lon="13.778009992092848">
        <ele>184.33</ele>
      </trkpt>
      <trkpt lat="37.51182002015412" lon="13.777979901060462">
        <ele>184.49</ele>
      </trkpt>
      <trkpt lat="37.5116999913007" lon="13.7778898794204">
        <ele>184.65</ele>
      </trkpt>
      <trkpt lat="37.51155003905296" lon="13.77775995992124">
        <ele>184.79</ele>
      </trkpt>
      <trkpt lat="37.51136999577284" lon="13.777559967711568">
        <ele>184.9</ele>
      </trkpt>
      <trkpt lat="37.511300006881356" lon="13.777449997141957">
        <ele>185.1</ele>
      </trkpt>
      <trkpt lat="37.51117997802794" lon="13.777269953861833">
        <ele>185.32</ele>
      </trkpt>
      <trkpt lat="37.5110699236393" lon="13.777099885046482">
        <ele>185.57</ele>
      </trkpt>
      <trkpt lat="37.51090991310775" lon="13.776869969442487">
        <ele>185.86</ele>
      </trkpt>
      <trkpt lat="37.5108400080353" lon="13.77674994058907">
        <ele>186.08</ele>
      </trkpt>
      <trkpt lat="37.51081000082195" lon="13.77670987509191">
        <ele>186.29</ele>
      </trkpt>
      <trkpt lat="37.510719895362854" lon="13.776544835418463">
        <ele>186.49</ele>
      </trkpt>
      <trkpt lat="37.510630041360855" lon="13.776379963383079">
        <ele>186.66</ele>
      </trkpt>
      <trkpt lat="37.510589975863695" lon="13.776309974491596">
        <ele>186.83</ele>
      </trkpt>
      <trkpt lat="37.51045988872647" lon="13.776200003921986">
        <ele>187.03</ele>
      </trkpt>
      <trkpt lat="37.51034002751112" lon="13.776129931211472">
        <ele>187.23</ele>
      </trkpt>
      <trkpt lat="37.51017523929477" lon="13.776035131886601">
        <ele>187.44</ele>
      </trkpt>
      <trkpt lat="37.510010031983256" lon="13.775939913466573">
        <ele>187.66</ele>
      </trkpt>
      <trkpt lat="37.50991003587842" lon="13.775879982858896">
        <ele>187.82</ele>
      </trkpt>
      <trkpt lat="37.50985002145171" lon="13.775840001180768">
        <ele>187.96</ele>
      </trkpt>
      <trkpt lat="37.50969001092017" lon="13.7757399212569">
        <ele>188.09</ele>
      </trkpt>
      <trkpt lat="37.50959990546107" lon="13.775679906830192">
        <ele>188.2</ele>
      </trkpt>
      <trkpt lat="37.50937996432185" lon="13.77550003118813">
        <ele>188.23</ele>
      </trkpt>
      <trkpt lat="37.50933000817895" lon="13.77545996569097">
        <ele>188.32</ele>
      </trkpt>
      <trkpt lat="37.50923001207411" lon="13.775389976799488">
        <ele>188.39</ele>
      </trkpt>
      <trkpt lat="37.50914988107979" lon="13.77534999512136">
        <ele>188.49</ele>
      </trkpt>
      <trkpt lat="37.50907000154257" lon="13.7753099296242">
        <ele>188.59</ele>
      </trkpt>
      <trkpt lat="37.50905994325876" lon="13.775300038978457">
        <ele>188.7</ele>
      </trkpt>
      <trkpt lat="37.508979979902506" lon="13.775269947946072">
        <ele>188.82</ele>
      </trkpt>
      <trkpt lat="37.5089300237596" lon="13.775259973481297">
        <ele>188.93</ele>
      </trkpt>
      <trkpt lat="37.50888995826244" lon="13.775259973481297">
        <ele>189.06</ele>
      </trkpt>
      <trkpt lat="37.50886003486812" lon="13.775259973481297">
        <ele>189.17</ele>
      </trkpt>
      <trkpt lat="37.50883002765477" lon="13.775269947946072">
        <ele>189.29</ele>
      </trkpt>
      <trkpt lat="37.50877998769283" lon="13.775280006229877">
        <ele>189.4</ele>
      </trkpt>
      <trkpt lat="37.50873992219567" lon="13.775300038978457">
        <ele>189.52</ele>
      </trkpt>
      <trkpt lat="37.50857513397932" lon="13.775429874658585">
        <ele>189.71</ele>
      </trkpt>
      <trkpt lat="37.50841001048684" lon="13.775559961795807">
        <ele>189.79</ele>
      </trkpt>
      <trkpt lat="37.50825997442007" lon="13.775689965113997">
        <ele>189.86</ele>
      </trkpt>
      <trkpt lat="37.50824983231723" lon="13.775699939578772">
        <ele>189.91</ele>
      </trkpt>
      <trkpt lat="37.50810507684946" lon="13.775814855471253">
        <ele>189.94</ele>
      </trkpt>
      <trkpt lat="37.50795998610556" lon="13.77593002282083">
        <ele>189.95</ele>
      </trkpt>
      <trkpt lat="37.50786988064647" lon="13.775999927893281">
        <ele>189.97</ele>
      </trkpt>
      <trkpt lat="37.50781003385782" lon="13.776049967855215">
        <ele>189.95</ele>
      </trkpt>
      <trkpt lat="37.50776996836066" lon="13.77607997506857">
        <ele>189.93</ele>
      </trkpt>
      <trkpt lat="37.5076299905777" lon="13.776129931211472">
        <ele>189.87</ele>
      </trkpt>
      <trkpt lat="37.50746000558138" lon="13.776160022243857">
        <ele>189.78</ele>
      </trkpt>
      <trkpt lat="37.50727987848222" lon="13.77618994563818">
        <ele>189.7</ele>
      </trkpt>
      <trkpt lat="37.50707997009158" lon="13.776220036670566">
        <ele>189.59</ele>
      </trkpt>
      <trkpt lat="37.50693513080478" lon="13.776329839602113">
        <ele>189.5</ele>
      </trkpt>
      <trkpt lat="37.50679004006088" lon="13.776439977809787">
        <ele>189.42</ele>
      </trkpt>
      <trkpt lat="37.50667001120746" lon="13.77652999944985">
        <ele>189.32</ele>
      </trkpt>
      <trkpt lat="37.50661997124553" lon="13.776569981127977">
        <ele>189.19</ele>
      </trkpt>
      <trkpt lat="37.50647999346256" lon="13.77666000276804">
        <ele>189.04</ele>
      </trkpt>
      <trkpt lat="37.5062208250165" lon="13.776829317212105">
        <ele>188.83</ele>
      </trkpt>
      <trkpt lat="37.50622048974037" lon="13.7768295686692">
        <ele>188.75</ele>
      </trkpt>
      <trkpt lat="37.50621998682618" lon="13.776829987764359">
        <ele>188.65</ele>
      </trkpt>
      <trkpt lat="37.50613993965089" lon="13.776869969442487">
        <ele>188.44</ele>
      </trkpt>
      <trkpt lat="37.50605000182986" lon="13.776890002191067">
        <ele>188.22</ele>
      </trkpt>
      <trkpt lat="37.50598001293838" lon="13.776890002191067">
        <ele>187.98</ele>
      </trkpt>
      <trkpt lat="37.505970038473606" lon="13.776890002191067">
        <ele>187.74</ele>
      </trkpt>
      <trkpt lat="37.5059100240469" lon="13.776879943907261">
        <ele>187.48</ele>
      </trkpt>
      <trkpt lat="37.50585990026593" lon="13.776859911158681">
        <ele>187.21</ele>
      </trkpt>
      <trkpt lat="37.505809860304" lon="13.776829987764359">
        <ele>186.93</ele>
      </trkpt>
      <trkpt lat="37.50565010122955" lon="13.776730075478554">
        <ele>186.61</ele>
      </trkpt>
      <trkpt lat="37.50549000687897" lon="13.776629995554686">
        <ele>186.29</ele>
      </trkpt>
      <trkpt lat="37.50532999634743" lon="13.776539890095592">
        <ele>185.99</ele>
      </trkpt>
      <trkpt lat="37.50526998192072" lon="13.77649001777172">
        <ele>185.68</ele>
      </trkpt>
      <trkpt lat="37.50499991700053" lon="13.77631994895637">
        <ele>185.35</ele>
      </trkpt>
      <trkpt lat="37.504730354994535" lon="13.776145186275244">
        <ele>185.0</ele>
      </trkpt>
      <trkpt lat="37.50446003861725" lon="13.775970004498959">
        <ele>184.65</ele>
      </trkpt>
      <trkpt lat="37.50440999865532" lon="13.77593002282083">
        <ele>184.3</ele>
      </trkpt>
      <trkpt lat="37.50437001697719" lon="13.77588995732367">
        <ele>183.94</ele>
      </trkpt>
      <trkpt lat="37.504240013659" lon="13.7757399212569">
        <ele>183.58</ele>
      </trkpt>
      <trkpt lat="37.50413993373513" lon="13.775559961795807">
        <ele>183.2</ele>
      </trkpt>
      <trkpt lat="37.50398998148739" lon="13.77532996237278">
        <ele>182.8</ele>
      </trkpt>
      <trkpt lat="37.50385000370443" lon="13.775129970163107">
        <ele>182.38</ele>
      </trkpt>
      <trkpt lat="37.50383986160159" lon="13.775110021233559">
        <ele>182.0</ele>
      </trkpt>
      <trkpt lat="37.50368990935385" lon="13.774889996275306">
        <ele>181.59</ele>
      </trkpt>
      <trkpt lat="37.503499975427985" lon="13.77462001517415">
        <ele>181.22</ele>
      </trkpt>
      <trkpt lat="37.5033800303936" lon="13.7744499463588">
        <ele>180.87</ele>
      </trkpt>
      <trkpt lat="37.50325991772115" lon="13.77427987754345">
        <ele>180.53</ele>
      </trkpt>
      <trkpt lat="37.50312002375722" lon="13.774079969152808">
        <ele>180.2</ele>
      </trkpt>
      <trkpt lat="37.50305003486574" lon="13.77399992197752">
        <ele>179.85</ele>
      </trkpt>
      <trkpt lat="37.50286999158561" lon="13.773800013586879">
        <ele>179.44</ele>
      </trkpt>
      <trkpt lat="37.50273998826742" lon="13.773649977520108">
        <ele>179.04</ele>
      </trkpt>
      <trkpt lat="37.50260001048446" lon="13.773509915918112">
        <ele>178.64</ele>
      </trkpt>
      <trkpt lat="37.50246003270149" lon="13.773349989205599">
        <ele>178.23</ele>
      </trkpt>
      <trkpt lat="37.5023300293833" lon="13.773204982280731">
        <ele>177.84</ele>
      </trkpt>
      <trkpt lat="37.50220002606511" lon="13.773059891536832">
        <ele>177.45</ele>
      </trkpt>
      <trkpt lat="37.50211997888982" lon="13.772969953715801">
        <ele>177.11</ele>
      </trkpt>
      <trkpt lat="37.50192987732589" lon="13.772759903222322">
        <ele>176.77</ele>
      </trkpt>
      <trkpt lat="37.50178998336196" lon="13.772610034793615">
        <ele>176.5</ele>
      </trkpt>
      <trkpt lat="37.50165998004377" lon="13.772459914907813">
        <ele>176.25</ele>
      </trkpt>
      <trkpt lat="37.50161002390087" lon="13.77240995876491">
        <ele>175.99</ele>
      </trkpt>
      <trkpt lat="37.50144003890455" lon="13.772229999303818">
        <ele>175.77</ele>
      </trkpt>
      <trkpt lat="37.501350017264485" lon="13.772160010412335">
        <ele>175.54</ele>
      </trkpt>
      <trkpt lat="37.5012699700892" lon="13.772099995985627">
        <ele>175.3</ele>
      </trkpt>
      <trkpt lat="37.50121993012726" lon="13.772069904953241">
        <ele>175.08</ele>
      </trkpt>
      <trkpt lat="37.50121003948152" lon="13.772060014307499">
        <ele>174.89</ele>
      </trkpt>
      <trkpt lat="37.50108992680907" lon="13.77202003262937">
        <ele>174.69</ele>
      </trkpt>
      <trkpt lat="37.50086001120508" lon="13.77197996713221">
        <ele>174.51</ele>
      </trkpt>
      <trkpt lat="37.5006499607116" lon="13.771949959918857">
        <ele>174.39</ele>
      </trkpt>
      <trkpt lat="37.5005098991096" lon="13.771930010989308">
        <ele>174.29</ele>
      </trkpt>
      <trkpt lat="37.50024050474167" lon="13.771905032917857">
        <ele>174.21</ele>
      </trkpt>
      <trkpt lat="37.49997002072632" lon="13.771879887208343">
        <ele>174.14</ele>
      </trkpt>
      <trkpt lat="37.4997899774462" lon="13.771860022097826">
        <ele>174.09</ele>
      </trkpt>
      <trkpt lat="37.49951002188027" lon="13.771839989349246">
        <ele>174.03</ele>
      </trkpt>
      <trkpt lat="37.49941002577543" lon="13.77182993106544">
        <ele>173.96</ele>
      </trkpt>
      <trkpt lat="37.49925001524389" lon="13.77180989831686">
        <ele>173.9</ele>
      </trkpt>
      <trkpt lat="37.49909997917712" lon="13.771800007671118">
        <ele>173.84</ele>
      </trkpt>
      <trkpt lat="37.49906997196376" lon="13.771789949387312">
        <ele>173.82</ele>
      </trkpt>
      <trkpt lat="37.49889001250267" lon="13.771769916638732">
        <ele>173.77</ele>
      </trkpt>
      <trkpt lat="37.498709969222546" lon="13.771749883890152">
        <ele>173.75</ele>
      </trkpt>
      <trkpt lat="37.498549958691" lon="13.771730018779635">
        <ele>173.77</ele>
      </trkpt>
      <trkpt lat="37.49846002086997" lon="13.77169992774725">
        <ele>173.84</ele>
      </trkpt>
      <trkpt lat="37.49839003197849" lon="13.771670004352927">
        <ele>173.94</ele>
      </trkpt>
      <trkpt lat="37.498300010338426" lon="13.771599931642413">
        <ele>174.05</ele>
      </trkpt>
      <trkpt lat="37.49821996316314" lon="13.771519968286157">
        <ele>174.18</ele>
      </trkpt>
      <trkpt lat="37.49817998148501" lon="13.771469928324223">
        <ele>174.33</ele>
      </trkpt>
      <trkpt lat="37.498000022023916" lon="13.77126993611455">
        <ele>174.47</ele>
      </trkpt>
      <trkpt lat="37.49794998206198" lon="13.771209921687841">
        <ele>174.67</ele>
      </trkpt>
      <trkpt lat="37.49790991656482" lon="13.771169940009713">
        <ele>174.9</ele>
      </trkpt>
      <trkpt lat="37.49781000427902" lon="13.771070027723908">
        <ele>175.16</ele>
      </trkpt>
      <trkpt lat="37.49777999706566" lon="13.771029962226748">
        <ele>175.44</ele>
      </trkpt>
      <trkpt lat="37.49768000096083" lon="13.770919991657138">
        <ele>175.78</ele>
      </trkpt>
      <trkpt lat="37.49760992825031" lon="13.770850002765656">
        <ele>176.15</ele>
      </trkpt>
      <trkpt lat="37.49754002317786" lon="13.770789988338947">
        <ele>176.53</ele>
      </trkpt>
      <trkpt lat="37.497399961575866" lon="13.77068999223411">
        <ele>176.96</ele>
      </trkpt>
      <trkpt lat="37.49738001264632" lon="13.770680017769337">
        <ele>177.37</ele>
      </trkpt>
      <trkpt lat="37.497173734009266" lon="13.770616734400392">
        <ele>177.86</ele>
      </trkpt>
      <trkpt lat="37.496967455372214" lon="13.770553534850478">
        <ele>178.39</ele>
      </trkpt>
      <trkpt lat="37.49676000326872" lon="13.770490000024438">
        <ele>178.93</ele>
      </trkpt>
      <trkpt lat="37.496669981628656" lon="13.770469967275858">
        <ele>179.45</ele>
      </trkpt>
      <trkpt lat="37.49657987616956" lon="13.770439876243472">
        <ele>179.93</ele>
      </trkpt>
      <trkpt lat="37.49636999331415" lon="13.77036988735199">
        <ele>180.44</ele>
      </trkpt>
      <trkpt lat="37.49616991728544" lon="13.770289923995733">
        <ele>180.93</ele>
      </trkpt>
      <trkpt lat="37.4959700088948" lon="13.770159920677543">
        <ele>181.39</ele>
      </trkpt>
      <trkpt lat="37.49590999446809" lon="13.770120022818446">
        <ele>181.88</ele>
      </trkpt>
      <trkpt lat="37.49586003832519" lon="13.77008993178606">
        <ele>182.37</ele>
      </trkpt>
      <trkpt lat="37.49580999836326" lon="13.77006989903748">
        <ele>182.87</ele>
      </trkpt>
      <trkpt lat="37.49577001668513" lon="13.77006989903748">
        <ele>183.38</ele>
      </trkpt>
      <trkpt lat="37.495730035007" lon="13.770080041140318">
        <ele>183.9</ele>
      </trkpt>
      <trkpt lat="37.495700027793646" lon="13.77008993178606">
        <ele>184.41</ele>
      </trkpt>
      <trkpt lat="37.495659962296486" lon="13.770120022818446">
        <ele>184.94</ele>
      </trkpt>
      <trkpt lat="37.49563003890216" lon="13.770159920677543">
        <ele>185.48</ele>
      </trkpt>
      <trkpt lat="37.49561998061836" lon="13.770199902355671">
        <ele>186.01</ele>
      </trkpt>
      <trkpt lat="37.49561998061836" lon="13.770219935104251">
        <ele>186.51</ele>
      </trkpt>
      <trkpt lat="37.49561000615358" lon="13.770229993388057">
        <ele>187.0</ele>
      </trkpt>
      <trkpt lat="37.49561000615358" lon="13.770269891247153">
        <ele>187.5</ele>
      </trkpt>
      <trkpt lat="37.49561998061836" lon="13.770320015028119">
        <ele>188.01</ele>
      </trkpt>
      <trkpt lat="37.49563003890216" lon="13.77036988735199">
        <ele>188.5</ele>
      </trkpt>
      <trkpt lat="37.49566993676126" lon="13.770420011132956">
        <ele>188.98</ele>
      </trkpt>
      <trkpt lat="37.49566993676126" lon="13.77042998559773">
        <ele>189.43</ele>
      </trkpt>
      <trkpt lat="37.495730035007" lon="13.77049989067018">
        <ele>189.9</ele>
      </trkpt>
      <trkpt lat="37.49581997282803" lon="13.770550014451146">
        <ele>190.33</ele>
      </trkpt>
      <trkpt lat="37.49586992897093" lon="13.7705800216645">
        <ele>190.75</ele>
      </trkpt>
      <trkpt lat="37.49600999057293" lon="13.77066995948553">
        <ele>191.15</ele>
      </trkpt>
      <trkpt lat="37.49613991007209" lon="13.770729973912239">
        <ele>191.52</ele>
      </trkpt>
      <trkpt lat="37.49631995335221" lon="13.770789988338947">
        <ele>191.82</ele>
      </trkpt>
      <trkpt lat="37.49636001884937" lon="13.77079987898469">
        <ele>192.19</ele>
      </trkpt>
      <trkpt lat="37.496409974992275" lon="13.77083994448185">
        <ele>192.58</ele>
      </trkpt>
      <trkpt lat="37.49642992392182" lon="13.77085997723043">
        <ele>192.97</ele>
      </trkpt>
      <trkpt lat="37.49643998220563" lon="13.770899958908558">
        <ele>193.38</ele>
      </trkpt>
      <trkpt lat="37.496450040489435" lon="13.77092988230288">
        <ele>193.77</ele>
      </trkpt>
      <trkpt lat="37.49646001495421" lon="13.770959973335266">
        <ele>194.17</ele>
      </trkpt>
      <trkpt lat="37.49646001495421" lon="13.771019903942943">
        <ele>194.6</ele>
      </trkpt>
      <trkpt lat="37.49643998220563" lon="13.771089976653457">
        <ele>195.06</ele>
      </trkpt>
      <trkpt lat="37.49642003327608" lon="13.77114001661539">
        <ele>195.52</ele>
      </trkpt>
      <trkpt lat="37.4964000005275" lon="13.771179998293519">
        <ele>195.98</ele>
      </trkpt>
      <trkpt lat="37.49637996777892" lon="13.771189888939261">
        <ele>196.43</ele>
      </trkpt>
      <trkpt lat="37.49636001884937" lon="13.771209921687841">
        <ele>196.9</ele>
      </trkpt>
      <trkpt lat="37.49633990228176" lon="13.771219979971647">
        <ele>197.36</ele>
      </trkpt>
      <trkpt lat="37.49631995335221" lon="13.771219979971647">
        <ele>197.83</ele>
      </trkpt>
      <trkpt lat="37.49629992060363" lon="13.771219979971647">
        <ele>198.29</ele>
      </trkpt>
      <trkpt lat="37.496260022744536" lon="13.771219979971647">
        <ele>198.79</ele>
      </trkpt>
      <trkpt lat="37.49622004106641" lon="13.771209921687841">
        <ele>199.28</ele>
      </trkpt>
      <trkpt lat="37.49607997946441" lon="13.771159965544939">
        <ele>199.85</ele>
      </trkpt>
      <trkpt lat="37.49600999057293" lon="13.77114001661539">
        <ele>200.35</ele>
      </trkpt>
      <trkpt lat="37.49590999446809" lon="13.771089976653457">
        <ele>200.86</ele>
      </trkpt>
      <trkpt lat="37.49580002389848" lon="13.771039936691523">
        <ele>201.37</ele>
      </trkpt>
      <trkpt lat="37.4955799151212" lon="13.770899958908558">
        <ele>201.79</ele>
      </trkpt>
      <trkpt lat="37.49548000283539" lon="13.770850002765656">
        <ele>202.28</ele>
      </trkpt>
      <trkpt lat="37.49541990458965" lon="13.77081991173327">
        <ele>202.79</ele>
      </trkpt>
      <trkpt lat="37.49535997398198" lon="13.770810021087527">
        <ele>203.33</ele>
      </trkpt>
      <trkpt lat="37.49532996676862" lon="13.770810021087527">
        <ele>203.87</ele>
      </trkpt>
      <trkpt lat="37.49528990127146" lon="13.770810021087527">
        <ele>204.43</ele>
      </trkpt>
      <trkpt lat="37.495250003412366" lon="13.770829970017076">
        <ele>205.02</ele>
      </trkpt>
      <trkpt lat="37.4951998796314" lon="13.77085997723043">
        <ele>205.63</ele>
      </trkpt>
      <trkpt lat="37.49510994181037" lon="13.77092988230288">
        <ele>206.27</ele>
      </trkpt>
      <trkpt lat="37.49506996013224" lon="13.770959973335266">
        <ele>206.9</ele>
      </trkpt>
      <trkpt lat="37.49502997845411" lon="13.77098998054862">
        <ele>207.54</ele>
      </trkpt>
      <trkpt lat="37.49495998956263" lon="13.771049994975328">
        <ele>208.21</ele>
      </trkpt>
      <trkpt lat="37.49491003341973" lon="13.771070027723908">
        <ele>208.89</ele>
      </trkpt>
      <trkpt lat="37.49485990963876" lon="13.77107991836965">
        <ele>209.57</ele>
      </trkpt>
      <trkpt lat="37.49481003731489" lon="13.771089976653457">
        <ele>210.26</ele>
      </trkpt>
      <trkpt lat="37.49475999735296" lon="13.77107991836965">
        <ele>210.97</ele>
      </trkpt>
      <trkpt lat="37.494669975712895" lon="13.771049994975328">
        <ele>211.69</ele>
      </trkpt>
      <trkpt lat="37.49459001235664" lon="13.771000038832426">
        <ele>212.44</ele>
      </trkpt>
      <trkpt lat="37.49436529353261" lon="13.770865174010396">
        <ele>213.23</ele>
      </trkpt>
      <trkpt lat="37.49414057470858" lon="13.770730309188366">
        <ele>214.03</ele>
      </trkpt>
      <trkpt lat="37.49391585588455" lon="13.770595528185368">
        <ele>214.92</ele>
      </trkpt>
      <trkpt lat="37.49368996359408" lon="13.770459908992052">
        <ele>215.75</ele>
      </trkpt>
      <trkpt lat="37.49366004019976" lon="13.77045001834631">
        <ele>216.54</ele>
      </trkpt>
      <trkpt lat="37.49360991641879" lon="13.770420011132956">
        <ele>217.33</ele>
      </trkpt>
      <trkpt lat="37.49344998970628" lon="13.770320015028119">
        <ele>218.07</ele>
      </trkpt>
      <trkpt lat="37.49332996085286" lon="13.770250026136637">
        <ele>218.84</ele>
      </trkpt>
      <trkpt lat="37.49328000470996" lon="13.770219935104251">
        <ele>219.66</ele>
      </trkpt>
      <trkpt lat="37.49322988092899" lon="13.770199902355671">
        <ele>220.48</ele>
      </trkpt>
      <trkpt lat="37.49317003414035" lon="13.770179953426123">
        <ele>221.32</ele>
      </trkpt>
      <trkpt lat="37.49312996864319" lon="13.770179953426123">
        <ele>222.15</ele>
      </trkpt>
      <trkpt lat="37.49311001971364" lon="13.770179953426123">
        <ele>222.97</ele>
      </trkpt>
      <trkpt lat="37.49304003082216" lon="13.770179953426123">
        <ele>223.83</ele>
      </trkpt>
      <trkpt lat="37.492950009182096" lon="13.770209960639477">
        <ele>224.73</ele>
      </trkpt>
      <trkpt lat="37.49279988929629" lon="13.770250026136637">
        <ele>225.64</ele>
      </trkpt>
      <trkpt lat="37.49270995147526" lon="13.77028003334999">
        <ele>226.49</ele>
      </trkpt>
      <trkpt lat="37.49259000644088" lon="13.77028003334999">
        <ele>227.3</ele>
      </trkpt>
      <trkpt lat="37.49257986433804" lon="13.77028003334999">
        <ele>228.07</ele>
      </trkpt>
      <trkpt lat="37.49239998869598" lon="13.770269891247153">
        <ele>228.86</ele>
      </trkpt>
      <trkpt lat="37.49238993041217" lon="13.770269891247153">
        <ele>229.61</ele>
      </trkpt>
      <trkpt lat="37.492220029234886" lon="13.77026000060141">
        <ele>230.34</ele>
      </trkpt>
      <trkpt lat="37.49212003313005" lon="13.77026000060141">
        <ele>231.07</ele>
      </trkpt>
      <trkpt lat="37.49203998595476" lon="13.77023996785283">
        <ele>231.79</ele>
      </trkpt>
      <trkpt lat="37.49187000095844" lon="13.770219935104251">
        <ele>232.51</ele>
      </trkpt>
      <trkpt lat="37.49184996820986" lon="13.770209960639477">
        <ele>233.19</ele>
      </trkpt>
      <trkpt lat="37.49173999764025" lon="13.770190011709929">
        <ele>233.86</ele>
      </trkpt>
      <trkpt lat="37.49169004149735" lon="13.770169978961349">
        <ele>234.52</ele>
      </trkpt>
      <trkpt lat="37.49157001264393" lon="13.770139887928963">
        <ele>235.16</ele>
      </trkpt>
      <trkpt lat="37.4914700165391" lon="13.77008993178606">
        <ele>235.78</ele>
      </trkpt>
      <trkpt lat="37.49134998768568" lon="13.77002002671361">
        <ele>236.4</ele>
      </trkpt>
      <trkpt lat="37.49131000600755" lon="13.76999999396503">
        <ele>236.99</ele>
      </trkpt>
      <trkpt lat="37.49117011204362" lon="13.769905027002096">
        <ele>237.58</ele>
      </trkpt>
      <trkpt lat="37.49102996662259" lon="13.7698098924011">
        <ele>238.16</ele>
      </trkpt>
      <trkpt lat="37.49087003991008" lon="13.76970000565052">
        <ele>238.76</ele>
      </trkpt>
      <trkpt lat="37.49081991612911" lon="13.769669998437166">
        <ele>239.29</ele>
      </trkpt>
      <trkpt lat="37.49072000384331" lon="13.769599925726652">
        <ele>239.82</ele>
      </trkpt>
      <trkpt lat="37.49060986563563" lon="13.769519962370396">
        <ele>240.34</ele>
      </trkpt>
      <trkpt lat="37.49055999331176" lon="13.769489955157042">
        <ele>240.82</ele>
      </trkpt>
      <trkpt lat="37.49036000110209" lon="13.769349977374077">
        <ele>241.3</ele>
      </trkpt>
      <trkpt lat="37.49016998335719" lon="13.769260039553046">
        <ele>241.75</ele>
      </trkpt>
      <trkpt lat="37.49006001278758" lon="13.769219974055886">
        <ele>242.18</ele>
      </trkpt>
      <trkpt lat="37.49002003110945" lon="13.76920991577208">
        <ele>242.59</ele>
      </trkpt>
      <trkpt lat="37.48990997672081" lon="13.769169934093952">
        <ele>243.0</ele>
      </trkpt>
      <trkpt lat="37.489749966189265" lon="13.76914001069963">
        <ele>243.41</ele>
      </trkpt>
      <trkpt lat="37.489600013941526" lon="13.76909994520247">
        <ele>243.79</ele>
      </trkpt>
      <trkpt lat="37.48943002894521" lon="13.76905987970531">
        <ele>244.19</ele>
      </trkpt>
      <trkpt lat="37.489340007305145" lon="13.769019898027182">
        <ele>244.52</ele>
      </trkpt>
      <trkpt lat="37.48925996012986" lon="13.76898997463286">
        <ele>244.84</ele>
      </trkpt>
      <trkpt lat="37.48919986188412" lon="13.76892987638712">
        <ele>245.13</ele>
      </trkpt>
      <trkpt lat="37.48914998956025" lon="13.768869945779443">
        <ele>245.41</ele>
      </trkpt>
      <trkpt lat="37.48914001509547" lon="13.768849913030863">
        <ele>245.69</ele>
      </trkpt>
      <trkpt lat="37.48905988410115" lon="13.768750000745058">
        <ele>245.95</ele>
      </trkpt>
      <trkpt lat="37.48898000456393" lon="13.76866995356977">
        <ele>246.2</ele>
      </trkpt>
      <trkpt lat="37.48888000845909" lon="13.768599964678288">
        <ele>246.44</ele>
      </trkpt>
      <trkpt lat="37.48877992853522" lon="13.768570041283965">
        <ele>246.65</ele>
      </trkpt>
      <trkpt lat="37.48868001624942" lon="13.768550008535385">
        <ele>246.87</ele>
      </trkpt>
      <trkpt lat="37.48839000239968" lon="13.768510026857257">
        <ele>247.1</ele>
      </trkpt>
      <trkpt lat="37.48826997354627" lon="13.768510026857257">
        <ele>247.31</ele>
      </trkpt>
      <trkpt lat="37.4881299957633" lon="13.768510026857257">
        <ele>247.49</ele>
      </trkpt>
      <trkpt lat="37.48799999244511" lon="13.76853995025158">
        <ele>247.71</ele>
      </trkpt>
      <trkpt lat="37.4878900218755" lon="13.768570041283965">
        <ele>247.92</ele>
      </trkpt>
      <trkpt lat="37.48774987645447" lon="13.768609939143062">
        <ele>248.12</ele>
      </trkpt>
      <trkpt lat="37.48773998580873" lon="13.768609939143062">
        <ele>248.27</ele>
      </trkpt>
      <trkpt lat="37.48766999691725" lon="13.76862988807261">
        <ele>248.45</ele>
      </trkpt>
      <trkpt lat="37.48763990588486" lon="13.768640030175447">
        <ele>248.6</ele>
      </trkpt>
      <trkpt lat="37.48757000081241" lon="13.76864992082119">
        <ele>248.75</ele>
      </trkpt>
      <trkpt lat="37.48753999359906" lon="13.768659979104996">
        <ele>248.88</ele>
      </trkpt>
      <trkpt lat="37.4874600302428" lon="13.768659979104996">
        <ele>249.0</ele>
      </trkpt>
      <trkpt lat="37.48739004135132" lon="13.768659979104996">
        <ele>249.11</ele>
      </trkpt>
      <trkpt lat="37.48734997585416" lon="13.768659979104996">
        <ele>249.19</ele>
      </trkpt>
      <trkpt lat="37.48715995810926" lon="13.768609939143062">
        <ele>249.27</ele>
      </trkpt>
      <trkpt lat="37.48704998753965" lon="13.76858001574874">
        <ele>249.32</ele>
      </trkpt>
      <trkpt lat="37.4870300386101" lon="13.76858001574874">
        <ele>249.35</ele>
      </trkpt>
      <trkpt lat="37.48684982769191" lon="13.76855998300016">
        <ele>249.36</ele>
      </trkpt>
      <trkpt lat="37.48659996315837" lon="13.768570041283965">
        <ele>249.34</ele>
      </trkpt>
      <trkpt lat="37.48649996705353" lon="13.768599964678288">
        <ele>249.33</ele>
      </trkpt>
      <trkpt lat="37.48633526265621" lon="13.768634917214513">
        <ele>249.32</ele>
      </trkpt>
      <trkpt lat="37.48616997152567" lon="13.76866995356977">
        <ele>249.31</ele>
      </trkpt>
      <trkpt lat="37.4859800375998" lon="13.76871001906693">
        <ele>249.27</ele>
      </trkpt>
      <trkpt lat="37.4857953004539" lon="13.768754862248898">
        <ele>249.22</ele>
      </trkpt>
      <trkpt lat="37.48560997657478" lon="13.76879995688796">
        <ele>249.14</ele>
      </trkpt>
      <trkpt lat="37.485430017113686" lon="13.768829880282283">
        <ele>249.04</ele>
      </trkpt>
      <trkpt lat="37.48539003543556" lon="13.76884002238512">
        <ele>248.96</ele>
      </trkpt>
      <trkpt lat="37.48527000658214" lon="13.768859971314669">
        <ele>248.88</ele>
      </trkpt>
      <trkpt lat="37.48524997383356" lon="13.768859971314669">
        <ele>248.79</ele>
      </trkpt>
      <trkpt lat="37.48518995940685" lon="13.768869945779443">
        <ele>248.7</ele>
      </trkpt>
      <trkpt lat="37.48514000326395" lon="13.768869945779443">
        <ele>248.59</ele>
      </trkpt>
      <trkpt lat="37.48510002158582" lon="13.768859971314669">
        <ele>248.47</ele>
      </trkpt>
      <trkpt lat="37.48507998883724" lon="13.768849913030863">
        <ele>248.36</ele>
      </trkpt>
      <trkpt lat="37.48505995608866" lon="13.768849913030863">
        <ele>248.24</ele>
      </trkpt>
      <trkpt lat="37.484979992732406" lon="13.768810015171766">
        <ele>248.1</ele>
      </trkpt>
      <trkpt lat="37.484789891168475" lon="13.76871001906693">
        <ele>247.98</ele>
      </trkpt>
      <trkpt lat="37.48471001163125" lon="13.76866995356977">
        <ele>247.87</ele>
      </trkpt>
      <trkpt lat="37.48458000831306" lon="13.768589906394482">
        <ele>247.71</ele>
      </trkpt>
      <trkpt lat="37.48451999388635" lon="13.768570041283965">
        <ele>247.59</ele>
      </trkpt>
      <trkpt lat="37.48448001220822" lon="13.76855998300016">
        <ele>247.48</ele>
      </trkpt>
      <trkpt lat="37.48442997224629" lon="13.768550008535385">
        <ele>247.37</ele>
      </trkpt>
      <trkpt lat="37.484399965032935" lon="13.76853995025158">
        <ele>247.27</ele>
      </trkpt>
      <trkpt lat="37.48438001610339" lon="13.76853995025158">
        <ele>247.17</ele>
      </trkpt>
      <trkpt lat="37.48434003442526" lon="13.768550008535385">
        <ele>247.09</ele>
      </trkpt>
      <trkpt lat="37.48428001999855" lon="13.768570041283965">
        <ele>247.02</ele>
      </trkpt>
      <trkpt lat="37.48413987457752" lon="13.76864992082119">
        <ele>246.99</ele>
      </trkpt>
      <trkpt lat="37.48408002778888" lon="13.76871001906693">
        <ele>246.94</ele>
      </trkpt>
      <trkpt lat="37.48395002447069" lon="13.768869945779443">
        <ele>246.91</ele>
      </trkpt>
      <trkpt lat="37.483820021152496" lon="13.76903004013002">
        <ele>246.88</ele>
      </trkpt>
      <trkpt lat="37.483690017834306" lon="13.7691898830235">
        <ele>246.83</ele>
      </trkpt>
      <trkpt lat="37.483560014516115" lon="13.769339919090271">
        <ele>246.77</ele>
      </trkpt>
      <trkpt lat="37.48353000730276" lon="13.769389959052205">
        <ele>246.72</ele>
      </trkpt>
      <trkpt lat="37.48342992737889" lon="13.769500013440847">
        <ele>246.64</ele>
      </trkpt>
      <trkpt lat="37.48330998234451" lon="13.76965994015336">
        <ele>246.6</ele>
      </trkpt>
      <trkpt lat="37.48317997902632" lon="13.769820034503937">
        <ele>246.54</ele>
      </trkpt>
      <trkpt lat="37.48304997570813" lon="13.769974932074547">
        <ele>246.48</ele>
      </trkpt>
      <trkpt lat="37.482919972389936" lon="13.77012999728322">
        <ele>246.44</ele>
      </trkpt>
      <trkpt lat="37.48288996517658" lon="13.770190011709929">
        <ele>246.4</ele>
      </trkpt>
      <trkpt lat="37.48274998739362" lon="13.770339963957667">
        <ele>246.34</ele>
      </trkpt>
      <trkpt lat="37.48268997296691" lon="13.770420011132956">
        <ele>246.3</ele>
      </trkpt>
      <trkpt lat="37.482659965753555" lon="13.770490000024438">
        <ele>246.28</ele>
      </trkpt>
      <trkpt lat="37.48261000961065" lon="13.7705800216645">
        <ele>246.26</ele>
      </trkpt>
      <trkpt lat="37.48255996964872" lon="13.770750006660819">
        <ele>246.25</ele>
      </trkpt>
      <trkpt lat="37.48254991136491" lon="13.77079987898469">
        <ele>246.26</ele>
      </trkpt>
      <trkpt lat="37.48252987861633" lon="13.77092988230288">
        <ele>246.28</ele>
      </trkpt>
      <trkpt lat="37.48248000629246" lon="13.771240012720227">
        <ele>246.27</ele>
      </trkpt>
      <trkpt lat="37.48247003182769" lon="13.77131000161171">
        <ele>246.29</ele>
      </trkpt>
      <trkpt lat="37.48244999907911" lon="13.771389964967966">
        <ele>246.31</ele>
      </trkpt>
      <trkpt lat="37.48241001740098" lon="13.771579898893833">
        <ele>246.34</ele>
      </trkpt>
      <trkpt lat="37.4823899846524" lon="13.77167989499867">
        <ele>246.4</ele>
      </trkpt>
      <trkpt lat="37.482359977439046" lon="13.7718699965626">
        <ele>246.47</ele>
      </trkpt>
      <trkpt lat="37.48234991915524" lon="13.771899919956923">
        <ele>246.54</ele>
      </trkpt>
      <trkpt lat="37.48232997022569" lon="13.771990025416017">
        <ele>246.61</ele>
      </trkpt>
      <trkpt lat="37.48228990472853" lon="13.772099995985627">
        <ele>246.67</ele>
      </trkpt>
      <trkpt lat="37.48216995969415" lon="13.77232002094388">
        <ele>246.76</ele>
      </trkpt>
      <trkpt lat="37.48206996358931" lon="13.772479947656393">
        <ele>246.9</ele>
      </trkpt>
      <trkpt lat="37.48196988366544" lon="13.772639958187938">
        <ele>247.01</ele>
      </trkpt>
      <trkpt lat="37.4819599930197" lon="13.772659990936518">
        <ele>247.16</ele>
      </trkpt>
      <trkpt lat="37.48192001134157" lon="13.77275001257658">
        <ele>247.34</ele>
      </trkpt>
      <trkpt lat="37.48189000412822" lon="13.77285998314619">
        <ele>247.54</ele>
      </trkpt>
      <trkpt lat="37.48186997137964" lon="13.772899964824319">
        <ele>247.7</ele>
      </trkpt>
      <trkpt lat="37.48185002245009" lon="13.773019993677735">
        <ele>247.9</ele>
      </trkpt>
      <trkpt lat="37.48183988034725" lon="13.773079924285412">
        <ele>248.09</ele>
      </trkpt>
      <trkpt lat="37.481820015236735" lon="13.773219985887408">
        <ele>248.3</ele>
      </trkpt>
      <trkpt lat="37.481799982488155" lon="13.773399945348501">
        <ele>248.48</ele>
      </trkpt>
      <trkpt lat="37.48181004077196" lon="13.773509915918112">
        <ele>248.7</ele>
      </trkpt>
      <trkpt lat="37.48181004077196" lon="13.773529948666692">
        <ele>248.9</ele>
      </trkpt>
      <trkpt lat="37.481820015236735" lon="13.773649977520108">
        <ele>249.12</ele>
      </trkpt>
      <trkpt lat="37.481880029663444" lon="13.773870337754488">
        <ele>249.37</ele>
      </trkpt>
      <trkpt lat="37.48193996027112" lon="13.774089943617582">
        <ele>249.62</ele>
      </trkpt>
      <trkpt lat="37.481950018554926" lon="13.77412992529571">
        <ele>249.82</ele>
      </trkpt>
      <trkpt lat="37.48202998191118" lon="13.774389931932092">
        <ele>250.06</ele>
      </trkpt>
      <trkpt lat="37.48206996358931" lon="13.774509960785508">
        <ele>250.27</ele>
      </trkpt>
      <trkpt lat="37.48208999633789" lon="13.77459998242557">
        <ele>250.45</ele>
      </trkpt>
      <trkpt lat="37.48211991973221" lon="13.774699978530407">
        <ele>250.64</ele>
      </trkpt>
      <trkpt lat="37.48212997801602" lon="13.774759992957115">
        <ele>250.83</ele>
      </trkpt>
      <trkpt lat="37.48211991973221" lon="13.77485990524292">
        <ele>251.01</ele>
      </trkpt>
      <trkpt lat="37.48211002908647" lon="13.77494003623724">
        <ele>251.19</ele>
      </trkpt>
      <trkpt lat="37.48206996358931" lon="13.775019999593496">
        <ele>251.34</ele>
      </trkpt>
      <trkpt lat="37.48204004019499" lon="13.77507003955543">
        <ele>251.5</ele>
      </trkpt>
      <trkpt lat="37.48198002576828" lon="13.775150002911687">
        <ele>251.65</ele>
      </trkpt>
      <trkpt lat="37.48182998970151" lon="13.775249915197492">
        <ele>251.76</ele>
      </trkpt>
      <trkpt lat="37.48178003355861" lon="13.77528989687562">
        <ele>251.92</ele>
      </trkpt>
      <trkpt lat="37.48175002634525" lon="13.7753099296242">
        <ele>252.07</ele>
      </trkpt>
      <trkpt lat="37.4817200191319" lon="13.77532996237278">
        <ele>252.23</ele>
      </trkpt>
      <trkpt lat="37.48168992809951" lon="13.77537002786994">
        <ele>252.39</ele>
      </trkpt>
      <trkpt lat="37.48165003024042" lon="13.775410009548068">
        <ele>252.55</ele>
      </trkpt>
      <trkpt lat="37.48156998306513" lon="13.775529954582453">
        <ele>252.72</ele>
      </trkpt>
      <trkpt lat="37.481520026922226" lon="13.77560991793871">
        <ele>252.89</ele>
      </trkpt>
      <trkpt lat="37.48144995421171" lon="13.77571988850832">
        <ele>253.09</ele>
      </trkpt>
      <trkpt lat="37.481390023604035" lon="13.775819968432188">
        <ele>253.27</ele>
      </trkpt>
      <trkpt lat="37.481349958106875" lon="13.77593002282083">
        <ele>253.47</ele>
      </trkpt>
      <trkpt lat="37.48123990371823" lon="13.77618994563818">
        <ele>253.72</ele>
      </trkpt>
      <trkpt lat="37.48119003139436" lon="13.77631994895637">
        <ele>253.95</ele>
      </trkpt>
      <trkpt lat="37.48116002418101" lon="13.776389937847853">
        <ele>254.14</ele>
      </trkpt>
      <trkpt lat="37.48112993314862" lon="13.776449952274561">
        <ele>254.33</ele>
      </trkpt>
      <trkpt lat="37.48110990040004" lon="13.776479959487915">
        <ele>254.5</ele>
      </trkpt>
      <trkpt lat="37.48103999532759" lon="13.776579955592752">
        <ele>254.69</ele>
      </trkpt>
      <trkpt lat="37.48097000643611" lon="13.776650028303266">
        <ele>254.85</ele>
      </trkpt>
      <trkpt lat="37.48090001754463" lon="13.776689926162362">
        <ele>255.0</ele>
      </trkpt>
      <trkpt lat="37.48088995926082" lon="13.776699984446168">
        <ele>255.17</ele>
      </trkpt>
      <trkpt lat="37.48081997036934" lon="13.77672990784049">
        <ele>255.33</ele>
      </trkpt>
      <trkpt lat="37.48074998147786" lon="13.776759998872876">
        <ele>255.51</ele>
      </trkpt>
      <trkpt lat="37.48073003254831" lon="13.776759998872876">
        <ele>255.69</ele>
      </trkpt>
      <trkpt lat="37.48068996705115" lon="13.776780031621456">
        <ele>255.88</ele>
      </trkpt>
      <trkpt lat="37.48063003644347" lon="13.77679000608623">
        <ele>256.07</ele>
      </trkpt>
      <trkpt lat="37.48054990544915" lon="13.77679000608623">
        <ele>256.26</ele>
      </trkpt>
      <trkpt lat="37.48054001480341" lon="13.77679000608623">
        <ele>256.47</ele>
      </trkpt>
      <trkpt lat="37.48037992045283" lon="13.77676997333765">
        <ele>256.69</ele>
      </trkpt>
      <trkpt lat="37.480210019275546" lon="13.776759998872876">
        <ele>256.93</ele>
      </trkpt>
      <trkpt lat="37.480189986526966" lon="13.77674994058907">
        <ele>257.15</ele>
      </trkpt>
      <trkpt lat="37.48007004149258" lon="13.77674994058907">
        <ele>257.41</ele>
      </trkpt>
      <trkpt lat="37.47995998710394" lon="13.776759998872876">
        <ele>257.67</ele>
      </trkpt>
      <trkpt lat="37.47990986332297" lon="13.77676997333765">
        <ele>257.92</ele>
      </trkpt>
      <trkpt lat="37.47988002374768" lon="13.776780031621456">
        <ele>258.19</ele>
      </trkpt>
      <trkpt lat="37.47979000210762" lon="13.776819929480553">
        <ele>258.48</ele>
      </trkpt>
      <trkpt lat="37.47956997714937" lon="13.77693995833397">
        <ele>258.79</ele>
      </trkpt>
      <trkpt lat="37.47950996272266" lon="13.776980023831129">
        <ele>259.09</ele>
      </trkpt>
      <trkpt lat="37.479439890012145" lon="13.777009947225451">
        <ele>259.37</ele>
      </trkpt>
      <trkpt lat="37.479309970512986" lon="13.77711002714932">
        <ele>259.65</ele>
      </trkpt>
      <trkpt lat="37.479199999943376" lon="13.77719996497035">
        <ele>259.94</ele>
      </trkpt>
      <trkpt lat="37.479179967194796" lon="13.77721999771893">
        <ele>260.23</ele>
      </trkpt>
      <trkpt lat="37.47903998941183" lon="13.777340026572347">
        <ele>260.54</ele>
      </trkpt>
      <trkpt lat="37.47891987673938" lon="13.7774598877877">
        <ele>260.85</ele>
      </trkpt>
      <trkpt lat="37.47890998609364" lon="13.777470029890537">
        <ele>261.14</ele>
      </trkpt>
      <trkpt lat="37.47882993891835" lon="13.777529876679182">
        <ele>261.44</ele>
      </trkpt>
      <trkpt lat="37.478770008310676" lon="13.777569942176342">
        <ele>261.75</ele>
      </trkpt>
      <trkpt lat="37.478749975562096" lon="13.777580000460148">
        <ele>262.05</ele>
      </trkpt>
      <trkpt lat="37.47858988121152" lon="13.77767002210021">
        <ele>262.36</ele>
      </trkpt>
      <trkpt lat="37.478470019996166" lon="13.77773992717266">
        <ele>262.65</ele>
      </trkpt>
      <trkpt lat="37.478449987247586" lon="13.777749985456467">
        <ele>262.95</ele>
      </trkpt>
      <trkpt lat="37.47828503139317" lon="13.777884850278497">
        <ele>263.29</ele>
      </trkpt>
      <trkpt lat="37.47811990790069" lon="13.77801988273859">
        <ele>263.59</ele>
      </trkpt>
      <trkpt lat="37.47793667949736" lon="13.778189783915877">
        <ele>263.94</ele>
      </trkpt>
      <trkpt lat="37.47775345109403" lon="13.778359685093164">
        <ele>264.26</ele>
      </trkpt>
      <trkpt lat="37.477569971233606" lon="13.77853000536561">
        <ele>264.55</ele>
      </trkpt>
      <trkpt lat="37.477375008165836" lon="13.778754891827703">
        <ele>264.81</ele>
      </trkpt>
      <trkpt lat="37.47717987746" lon="13.77898002974689">
        <ele>265.09</ele>
      </trkpt>
      <trkpt lat="37.477030009031296" lon="13.779159905388951">
        <ele>265.38</ele>
      </trkpt>
      <trkpt lat="37.47693998739123" lon="13.77925998531282">
        <ele>265.62</ele>
      </trkpt>
      <trkpt lat="37.47684996575117" lon="13.779340032488108">
        <ele>265.85</ele>
      </trkpt>
      <trkpt lat="37.47677997685969" lon="13.77938998863101">
        <ele>266.08</ele>
      </trkpt>
      <trkpt lat="37.47673999518156" lon="13.779419912025332">
        <ele>266.29</ele>
      </trkpt>
      <trkpt lat="37.47667998075485" lon="13.779439944773912">
        <ele>266.48</ele>
      </trkpt>
      <trkpt lat="37.47661988250911" lon="13.779450003057718">
        <ele>266.68</ele>
      </trkpt>
      <trkpt lat="37.47656003572047" lon="13.779450003057718">
        <ele>266.88</ele>
      </trkpt>
      <trkpt lat="37.47648996300995" lon="13.779450003057718">
        <ele>267.07</ele>
      </trkpt>
      <trkpt lat="37.4764099996537" lon="13.779429970309138">
        <ele>267.26</ele>
      </trkpt>
      <trkpt lat="37.47631000354886" lon="13.77938998863101">
        <ele>267.43</ele>
      </trkpt>
      <trkpt lat="37.47625996358693" lon="13.77936995588243">
        <ele>267.6</ele>
      </trkpt>
      <trkpt lat="37.47618989087641" lon="13.779340032488108">
        <ele>267.77</ele>
      </trkpt>
      <trkpt lat="37.476129960268736" lon="13.779309941455722">
        <ele>267.93</ele>
      </trkpt>
      <trkpt lat="37.47607002966106" lon="13.7792800180614">
        <ele>268.1</ele>
      </trkpt>
      <trkpt lat="37.476040022447705" lon="13.779269875958562">
        <ele>268.27</ele>
      </trkpt>
      <trkpt lat="37.47595997527242" lon="13.779229978099465">
        <ele>268.45</ele>
      </trkpt>
      <trkpt lat="37.47587992809713" lon="13.779159905388951">
        <ele>268.64</ele>
      </trkpt>
      <trkpt lat="37.475699968636036" lon="13.778950022533536">
        <ele>268.9</ele>
      </trkpt>
      <trkpt lat="37.47566996142268" lon="13.77880996093154">
        <ele>269.03</ele>
      </trkpt>
      <trkpt lat="37.47562000527978" lon="13.778699990361929">
        <ele>269.19</ele>
      </trkpt>
      <trkpt lat="37.475569965317845" lon="13.77861994318664">
        <ele>269.34</ele>
      </trkpt>
      <trkpt lat="37.47551003471017" lon="13.77855003811419">
        <ele>269.48</ele>
      </trkpt>
      <trkpt lat="37.47540987096727" lon="13.778460016474128">
        <ele>269.61</ele>
      </trkpt>
      <trkpt lat="37.47536997310817" lon="13.778439983725548">
        <ele>269.76</ele>
      </trkpt>
      <trkpt lat="37.47532001696527" lon="13.778409892693162">
        <ele>269.91</ele>
      </trkpt>
      <trkpt lat="37.47526000253856" lon="13.77840000204742">
        <ele>270.06</ele>
      </trkpt>
      <trkpt lat="37.4752199370414" lon="13.778390027582645">
        <ele>270.21</ele>
      </trkpt>
      <trkpt lat="37.475180039182305" lon="13.77840000204742">
        <ele>270.37</ele>
      </trkpt>
      <trkpt lat="37.475139973685145" lon="13.778420034796">
        <ele>270.54</ele>
      </trkpt>
      <trkpt lat="37.474895222112536" lon="13.778579793870449">
        <ele>270.78</ele>
      </trkpt>
      <trkpt lat="37.474649883806705" lon="13.778739972040057">
        <ele>270.95</ele>
      </trkpt>
      <trkpt lat="37.47457000426948" lon="13.77882999368012">
        <ele>271.14</ele>
      </trkpt>
      <trkpt lat="37.4745499715209" lon="13.778859917074442">
        <ele>271.31</ele>
      </trkpt>
      <trkpt lat="37.47453002259135" lon="13.77889989875257">
        <ele>271.48</ele>
      </trkpt>
      <trkpt lat="37.47450998984277" lon="13.77895999699831">
        <ele>271.67</ele>
      </trkpt>
      <trkpt lat="37.474500015378" lon="13.779020011425018">
        <ele>271.85</ele>
      </trkpt>
      <trkpt lat="37.474500015378" lon="13.779080025851727">
        <ele>272.05</ele>
      </trkpt>
      <trkpt lat="37.474500015378" lon="13.779129981994629">
        <ele>272.25</ele>
      </trkpt>
      <trkpt lat="37.47451996430755" lon="13.779169963672757">
        <ele>272.46</ele>
      </trkpt>
      <trkpt lat="37.47453999705613" lon="13.77919988706708">
        <ele>272.68</ele>
      </trkpt>
      <trkpt lat="37.47466002590954" lon="13.779299966990948">
        <ele>272.96</ele>
      </trkpt>
      <trkpt lat="37.4746900331229" lon="13.77936995588243">
        <ele>273.21</ele>
      </trkpt>
      <trkpt lat="37.47477997094393" lon="13.779289908707142">
        <ele>273.45</ele>
      </trkpt>
      <trkpt lat="37.4749300070107" lon="13.779159905388951">
        <ele>273.71</ele>
      </trkpt>
      <trkpt lat="37.47493989765644" lon="13.779150014743209">
        <ele>273.98</ele>
      </trkpt>
      <trkpt lat="37.4750299192965" lon="13.779080025851727">
        <ele>274.25</ele>
      </trkpt>
      <trkpt lat="37.47507995925844" lon="13.779059993103147">
        <ele>274.55</ele>
      </trkpt>
      <trkpt lat="37.47512999922037" lon="13.779059993103147">
        <ele>274.87</ele>
      </trkpt>
      <trkpt lat="37.475160006433725" lon="13.779059993103147">
        <ele>275.21</ele>
      </trkpt>
      <trkpt lat="37.47519001364708" lon="13.77906996756792">
        <ele>275.58</ele>
      </trkpt>
      <trkpt lat="37.4752199370414" lon="13.779099890962243">
        <ele>275.97</ele>
      </trkpt>
      <trkpt lat="37.47525002807379" lon="13.779129981994629">
        <ele>276.4</ele>
      </trkpt>
      <trkpt lat="37.47528003528714" lon="13.77919988706708">
        <ele>276.86</ele>
      </trkpt>
      <trkpt lat="37.475290009751916" lon="13.779250010848045">
        <ele>277.34</ele>
      </trkpt>
      <trkpt lat="37.475290009751916" lon="13.779319999739528">
        <ele>277.85</ele>
      </trkpt>
      <trkpt lat="37.475290009751916" lon="13.779359981417656">
        <ele>278.38</ele>
      </trkpt>
      <trkpt lat="37.475269977003336" lon="13.77941002137959">
        <ele>278.95</ele>
      </trkpt>
      <trkpt lat="37.47523996978998" lon="13.779439944773912">
        <ele>279.53</ele>
      </trkpt>
      <trkpt lat="37.475180039182305" lon="13.779510017484426">
        <ele>280.15</ele>
      </trkpt>
      <trkpt lat="37.47500007972121" lon="13.779689893126488">
        <ele>280.81</ele>
      </trkpt>
      <trkpt lat="37.47482003644109" lon="13.779869936406612">
        <ele>281.48</ele>
      </trkpt>
      <trkpt lat="37.47476002201438" lon="13.779940009117126">
        <ele>282.19</ele>
      </trkpt>
      <trkpt lat="37.47457000426948" lon="13.780130026862025">
        <ele>282.98</ele>
      </trkpt>
      <trkpt lat="37.47439004480839" lon="13.78029489889741">
        <ele>283.8</ele>
      </trkpt>
      <trkpt lat="37.47421000152826" lon="13.780460022389889">
        <ele>284.62</ele>
      </trkpt>
      <trkpt lat="37.47402995824814" lon="13.780650040134788">
        <ele>285.43</ele>
      </trkpt>
      <trkpt lat="37.47387992218137" lon="13.780824970453978">
        <ele>286.25</ele>
      </trkpt>
      <trkpt lat="37.47372996993363" lon="13.7809999845922">
        <ele>287.12</ele>
      </trkpt>
      <trkpt lat="37.47362997382879" lon="13.78112998791039">
        <ele>287.98</ele>
      </trkpt>
      <trkpt lat="37.47348999604583" lon="13.781289914622903">
        <ele>288.88</ele>
      </trkpt>
      <trkpt lat="37.47334498912096" lon="13.781464928761125">
        <ele>289.81</ele>
      </trkpt>
      <trkpt lat="37.47319998219609" lon="13.781640026718378">
        <ele>290.76</ele>
      </trkpt>
      <trkpt lat="37.47304508462548" lon="13.781764833256602">
        <ele>291.72</ele>
      </trkpt>
      <trkpt lat="37.47289001941681" lon="13.781889891251922">
        <ele>292.64</ele>
      </trkpt>
      <trkpt lat="37.47280997224152" lon="13.781959963962436">
        <ele>293.61</ele>
      </trkpt>
      <trkpt lat="37.47264660894871" lon="13.782149897888303">
        <ele>294.59</ele>
      </trkpt>
      <trkpt lat="37.472483329474926" lon="13.782339915633202">
        <ele>295.62</ele>
      </trkpt>
      <trkpt lat="37.47231996618211" lon="13.7825299333781">
        <ele>296.68</ele>
      </trkpt>
      <trkpt lat="37.47217998839915" lon="13.782690027728677">
        <ele>297.74</ele>
      </trkpt>
      <trkpt lat="37.47204998508096" lon="13.782839979976416">
        <ele>298.82</ele>
      </trkpt>
      <trkpt lat="37.47191000729799" lon="13.78297995775938">
        <ele>299.88</ele>
      </trkpt>
      <trkpt lat="37.4717300478369" lon="13.783164862543344">
        <ele>300.97</ele>
      </trkpt>
      <trkpt lat="37.471550004556775" lon="13.783349934965372">
        <ele>301.99</ele>
      </trkpt>
      <trkpt lat="37.47145000845194" lon="13.783440040424466">
        <ele>303.01</ele>
      </trkpt>
      <trkpt lat="37.471310030668974" lon="13.7835799343884">
        <ele>304.02</ele>
      </trkpt>
      <trkpt lat="37.47116996906698" lon="13.783719995990396">
        <ele>305.06</ele>
      </trkpt>
      <trkpt lat="37.47098003514111" lon="13.78375000320375">
        <ele>306.04</ele>
      </trkpt>
      <trkpt lat="37.47083988972008" lon="13.783779926598072">
        <ele>306.99</ele>
      </trkpt>
      <trkpt lat="37.470547277480364" lon="13.783813202753663">
        <ele>307.92</ele>
      </trkpt>
      <trkpt lat="37.470254581421614" lon="13.783846478909254">
        <ele>308.84</ele>
      </trkpt>
      <trkpt lat="37.469960041344166" lon="13.78388000652194">
        <ele>309.75</ele>
      </trkpt>
      <trkpt lat="37.46991000138223" lon="13.78390003927052">
        <ele>310.55</ele>
      </trkpt>
      <trkpt lat="37.46975996531546" lon="13.783929878845811">
        <ele>311.32</ele>
      </trkpt>
      <trkpt lat="37.46967991814017" lon="13.78394991159439">
        <ele>312.02</ele>
      </trkpt>
      <trkpt lat="37.46941002085805" lon="13.78398997709155">
        <ele>312.71</ele>
      </trkpt>
      <trkpt lat="37.46935000643134" lon="13.784000035375357">
        <ele>313.31</ele>
      </trkpt>
      <trkpt lat="37.46931999921799" lon="13.784000035375357">
        <ele>313.84</ele>
      </trkpt>
      <trkpt lat="37.46926995925605" lon="13.784000035375357">
        <ele>314.32</ele>
      </trkpt>
      <trkpt lat="37.46925998479128" lon="13.784000035375357">
        <ele>314.73</ele>
      </trkpt>
      <trkpt lat="37.46925998479128" lon="13.78401000984013">
        <ele>315.07</ele>
      </trkpt>
      <trkpt lat="37.46924992650747" lon="13.78401000984013">
        <ele>315.35</ele>
      </trkpt>
      <trkpt lat="37.46924003586173" lon="13.78401000984013">
        <ele>315.57</ele>
      </trkpt>
      <trkpt lat="37.46922989375889" lon="13.78401000984013">
        <ele>315.72</ele>
      </trkpt>
      <trkpt lat="37.46922000311315" lon="13.78401000984013">
        <ele>315.8</ele>
      </trkpt>
      <trkpt lat="37.46920986101031" lon="13.78401000984013">
        <ele>315.81</ele>
      </trkpt>
      <trkpt lat="37.46920986101031" lon="13.784000035375357">
        <ele>315.75</ele>
      </trkpt>
      <trkpt lat="37.46919997036457" lon="13.784000035375357">
        <ele>315.62</ele>
      </trkpt>
      <trkpt lat="37.46919997036457" lon="13.78398997709155">
        <ele>315.42</ele>
      </trkpt>
      <trkpt lat="37.4691899958998" lon="13.78398997709155">
        <ele>315.16</ele>
      </trkpt>
      <trkpt lat="37.4691899958998" lon="13.783980002626777">
        <ele>314.82</ele>
      </trkpt>
      <trkpt lat="37.469039959833026" lon="13.78411989659071">
        <ele>314.45</ele>
      </trkpt>
      <trkpt lat="37.46898002922535" lon="13.78417999483645">
        <ele>313.98</ele>
      </trkpt>
      <trkpt lat="37.46891004033387" lon="13.784259958192706">
        <ele>313.44</ele>
      </trkpt>
      <trkpt lat="37.46883996762335" lon="13.784349979832768">
        <ele>312.84</ele>
      </trkpt>
      <trkpt lat="37.468719854950905" lon="13.784560114145279">
        <ele>312.13</ele>
      </trkpt>
      <trkpt lat="37.46859999373555" lon="13.784769913181663">
        <ele>311.35</ele>
      </trkpt>
      <trkpt lat="37.46855992823839" lon="13.784839985892177">
        <ele>310.58</ele>
      </trkpt>
      <trkpt lat="37.46846487745643" lon="13.785000080242753">
        <ele>309.77</ele>
      </trkpt>
      <trkpt lat="37.46836991049349" lon="13.785160006955266">
        <ele>308.86</ele>
      </trkpt>
      <trkpt lat="37.4682399071753" lon="13.785339966416359">
        <ele>307.89</ele>
      </trkpt>
      <trkpt lat="37.46812993660569" lon="13.78549000248313">
        <ele>306.83</ele>
      </trkpt>
      <trkpt lat="37.46801996603608" lon="13.785659987479448">
        <ele>305.73</ele>
      </trkpt>
      <trkpt lat="37.4679000210017" lon="13.785839946940541">
        <ele>304.64</ele>
      </trkpt>
      <trkpt lat="37.46787998825312" lon="13.785870037972927">
        <ele>303.6</ele>
      </trkpt>
      <trkpt lat="37.46781997382641" lon="13.78598989918828">
        <ele>302.51</ele>
      </trkpt>
      <trkpt lat="37.467749984934926" lon="13.786149993538857">
        <ele>301.42</ele>
      </trkpt>
      <trkpt lat="37.46765987947583" lon="13.78641989082098">
        <ele>300.36</ele>
      </trkpt>
      <trkpt lat="37.46757999993861" lon="13.786690039560199">
        <ele>299.26</ele>
      </trkpt>
      <trkpt lat="37.46752987615764" lon="13.786809900775552">
        <ele>298.14</ele>
      </trkpt>
      <trkpt lat="37.46748989447951" lon="13.786879973486066">
        <ele>297.01</ele>
      </trkpt>
      <trkpt lat="37.46742996387184" lon="13.786949962377548">
        <ele>295.85</ele>
      </trkpt>
      <trkpt lat="37.46737003326416" lon="13.78699991852045">
        <ele>294.67</ele>
      </trkpt>
      <trkpt lat="37.46735989116132" lon="13.787009976804256">
        <ele>293.53</ele>
      </trkpt>
      <trkpt lat="37.467189989984035" lon="13.787129921838641">
        <ele>292.29</ele>
      </trkpt>
      <trkpt lat="37.46705990284681" lon="13.78723000176251">
        <ele>291.08</ele>
      </trkpt>
      <trkpt lat="37.46688002720475" lon="13.787420019507408">
        <ele>289.87</ele>
      </trkpt>
      <trkpt lat="37.46669998392463" lon="13.78761992789805">
        <ele>288.7</ele>
      </trkpt>
      <trkpt lat="37.4666600022465" lon="13.78765999339521">
        <ele>287.59</ele>
      </trkpt>
      <trkpt lat="37.46647987514734" lon="13.78789996728301">
        <ele>286.44</ele>
      </trkpt>
      <trkpt lat="37.46637996286154" lon="13.788059977814555">
        <ele>285.38</ele>
      </trkpt>
      <trkpt lat="37.466330006718636" lon="13.788170032203197">
        <ele>284.34</ele>
      </trkpt>
      <trkpt lat="37.4662799667567" lon="13.78830992616713">
        <ele>283.29</ele>
      </trkpt>
      <trkpt lat="37.46623998507857" lon="13.78854000940919">
        <ele>282.25</ele>
      </trkpt>
      <trkpt lat="37.4662300106138" lon="13.788640005514026">
        <ele>281.25</ele>
      </trkpt>
      <trkpt lat="37.46620989404619" lon="13.78873991779983">
        <ele>280.26</ele>
      </trkpt>
      <trkpt lat="37.46620989404619" lon="13.788860030472279">
        <ele>279.3</ele>
      </trkpt>
      <trkpt lat="37.46620989404619" lon="13.788879979401827">
        <ele>278.41</ele>
      </trkpt>
      <trkpt lat="37.46621995232999" lon="13.788999924436212">
        <ele>277.51</ele>
      </trkpt>
      <trkpt lat="37.4662300106138" lon="13.789090029895306">
        <ele>276.63</ele>
      </trkpt>
      <trkpt lat="37.46623998507857" lon="13.78910000436008">
        <ele>275.82</ele>
      </trkpt>
      <trkpt lat="37.46626999229193" lon="13.78918994218111">
        <ele>275.02</ele>
      </trkpt>
      <trkpt lat="37.466309973970056" lon="13.789269989356399">
        <ele>274.25</ele>
      </trkpt>
      <trkpt lat="37.46632003225386" lon="13.789279880002141">
        <ele>273.52</ele>
      </trkpt>
      <trkpt lat="37.46637996286154" lon="13.78933989442885">
        <ele>272.82</ele>
      </trkpt>
      <trkpt lat="37.4664699845016" lon="13.789409883320332">
        <ele>272.15</ele>
      </trkpt>
      <trkpt lat="37.4665199406445" lon="13.789439974352717">
        <ele>271.49</ele>
      </trkpt>
      <trkpt lat="37.46662002056837" lon="13.789539886638522">
        <ele>270.85</ele>
      </trkpt>
      <trkpt lat="37.46662991121411" lon="13.789559919387102">
        <ele>270.19</ele>
      </trkpt>
      <trkpt lat="37.466679867357016" lon="13.78961993381381">
        <ele>269.56</ele>
      </trkpt>
      <trkpt lat="37.4667099583894" lon="13.78968003205955">
        <ele>268.92</ele>
      </trkpt>
      <trkpt lat="37.46672001667321" lon="13.789720013737679">
        <ele>268.29</ele>
      </trkpt>
      <trkpt lat="37.46672999113798" lon="13.789759995415807">
        <ele>267.66</ele>
      </trkpt>
      <trkpt lat="37.466739965602756" lon="13.789879940450191">
        <ele>267.02</ele>
      </trkpt>
      <trkpt lat="37.466739965602756" lon="13.789950013160706">
        <ele>266.39</ele>
      </trkpt>
      <trkpt lat="37.46675002388656" lon="13.790300041437149">
        <ele>265.72</ele>
      </trkpt>
      <trkpt lat="37.466759998351336" lon="13.79058988764882">
        <ele>265.06</ele>
      </trkpt>
      <trkpt lat="37.46675002388656" lon="13.790679909288883">
        <ele>264.42</ele>
      </trkpt>
      <trkpt lat="37.46672999113798" lon="13.790759956464171">
        <ele>263.78</ele>
      </trkpt>
      <trkpt lat="37.46669000945985" lon="13.790849894285202">
        <ele>263.15</ele>
      </trkpt>
      <trkpt lat="37.46664994396269" lon="13.790919966995716">
        <ele>262.52</ele>
      </trkpt>
      <trkpt lat="37.46659998781979" lon="13.790979897603393">
        <ele>261.87</ele>
      </trkpt>
      <trkpt lat="37.46655003167689" lon="13.791030021384358">
        <ele>261.23</ele>
      </trkpt>
      <trkpt lat="37.4664200283587" lon="13.791119959205389">
        <ele>260.57</ele>
      </trkpt>
      <trkpt lat="37.46619002893567" lon="13.791260020807385">
        <ele>259.91</ele>
      </trkpt>
      <trkpt lat="37.46604518964887" lon="13.791349874809384">
        <ele>259.3</ele>
      </trkpt>
      <trkpt lat="37.465900015085936" lon="13.791439980268478">
        <ele>258.69</ele>
      </trkpt>
      <trkpt lat="37.465715194121" lon="13.791554812341928">
        <ele>258.08</ele>
      </trkpt>
      <trkpt lat="37.46552995406091" lon="13.791669979691505">
        <ele>257.47</ele>
      </trkpt>
      <trkpt lat="37.46554998680949" lon="13.791890004649758">
        <ele>256.91</ele>
      </trkpt>
      <trkpt lat="37.465579994022846" lon="13.792169960215688">
        <ele>256.32</ele>
      </trkpt>
      <trkpt lat="37.46558996848762" lon="13.792319996282458">
        <ele>255.72</ele>
      </trkpt>
      <trkpt lat="37.465600026771426" lon="13.792340029031038">
        <ele>255.13</ele>
      </trkpt>
      <trkpt lat="37.465600026771426" lon="13.792429966852069">
        <ele>254.54</ele>
      </trkpt>
      <trkpt lat="37.465600026771426" lon="13.792529962956905">
        <ele>253.95</ele>
      </trkpt>
      <trkpt lat="37.465600026771426" lon="13.792609926313162">
        <ele>253.35</ele>
      </trkpt>
      <trkpt lat="37.46558996848762" lon="13.792719896882772">
        <ele>252.73</ele>
      </trkpt>
      <trkpt lat="37.46557001955807" lon="13.792789969593287">
        <ele>252.11</ele>
      </trkpt>
      <trkpt lat="37.465559961274266" lon="13.792830035090446">
        <ele>251.49</ele>
      </trkpt>
      <trkpt lat="37.46552995406091" lon="13.792960038408637">
        <ele>250.86</ele>
      </trkpt>
      <trkpt lat="37.46547999791801" lon="13.793049976229668">
        <ele>250.25</ele>
      </trkpt>
      <trkpt lat="37.46540003456175" lon="13.793189954012632">
        <ele>249.63</ele>
      </trkpt>
      <trkpt lat="37.465319987386465" lon="13.793309982866049">
        <ele>248.99</ele>
      </trkpt>
      <trkpt lat="37.46528998017311" lon="13.793359939008951">
        <ele>248.33</ele>
      </trkpt>
      <trkpt lat="37.4652698636055" lon="13.793390030041337">
        <ele>247.68</ele>
      </trkpt>
      <trkpt lat="37.4652299657464" lon="13.793489942327142">
        <ele>247.03</ele>
      </trkpt>
      <trkpt lat="37.46520993299782" lon="13.793560015037656">
        <ele>246.37</ele>
      </trkpt>
      <trkpt lat="37.46515997685492" lon="13.793729916214943">
        <ele>245.7</ele>
      </trkpt>
      <trkpt lat="37.46507003903389" lon="13.794080028310418">
        <ele>244.99</ele>
      </trkpt>
      <trkpt lat="37.4649899918586" lon="13.7943400349468">
        <ele>244.23</ele>
      </trkpt>
      <trkpt lat="37.46495998464525" lon="13.79440994001925">
        <ele>243.55</ele>
      </trkpt>
      <trkpt lat="37.46489997021854" lon="13.7945800088346">
        <ele>242.82</ele>
      </trkpt>
      <trkpt lat="37.46481003239751" lon="13.79481989890337">
        <ele>242.09</ele>
      </trkpt>
      <trkpt lat="37.46477994136512" lon="13.794909920543432">
        <ele>241.4</ele>
      </trkpt>
      <trkpt lat="37.46472998522222" lon="13.795079905539751">
        <ele>240.66</ele>
      </trkpt>
      <trkpt lat="37.46470986865461" lon="13.795229941606522">
        <ele>239.96</ele>
      </trkpt>
      <trkpt lat="37.464699978008866" lon="13.79526992328465">
        <ele>239.31</ele>
      </trkpt>
      <trkpt lat="37.46466997079551" lon="13.795430017635226">
        <ele>238.63</ele>
      </trkpt>
      <trkpt lat="37.46465999633074" lon="13.795469915494323">
        <ele>238.0</ele>
      </trkpt>
      <trkpt lat="37.46462990529835" lon="13.79554987885058">
        <ele>237.39</ele>
      </trkpt>
      <trkpt lat="37.464590007439256" lon="13.795639900490642">
        <ele>236.79</ele>
      </trkpt>
      <trkpt lat="37.464569974690676" lon="13.795669991523027">
        <ele>236.23</ele>
      </trkpt>
      <trkpt lat="37.46453996747732" lon="13.79569991491735">
        <ele>235.7</ele>
      </trkpt>
      <trkpt lat="37.46449001133442" lon="13.79576001316309">
        <ele>235.19</ele>
      </trkpt>
      <trkpt lat="37.46440996415913" lon="13.795799994841218">
        <ele>234.73</ele>
      </trkpt>
      <trkpt lat="37.46423989534378" lon="13.7958699837327">
        <ele>234.3</ele>
      </trkpt>
      <trkpt lat="37.464160015806556" lon="13.795909965410829">
        <ele>233.89</ele>
      </trkpt>
      <trkpt lat="37.46410000137985" lon="13.795939888805151">
        <ele>233.49</ele>
      </trkpt>
      <trkpt lat="37.46404996141791" lon="13.795969979837537">
        <ele>233.13</ele>
      </trkpt>
      <trkpt lat="37.46400000527501" lon="13.796009961515665">
        <ele>232.79</ele>
      </trkpt>
      <trkpt lat="37.46396002359688" lon="13.796069892123342">
        <ele>232.5</ele>
      </trkpt>
      <trkpt lat="37.46391995809972" lon="13.79612990655005">
        <ele>232.24</ele>
      </trkpt>
      <trkpt lat="37.46387989260256" lon="13.79619000479579">
        <ele>232.02</ele>
      </trkpt>
      <trkpt lat="37.46384996920824" lon="13.79627994261682">
        <ele>231.82</ele>
      </trkpt>
      <trkpt lat="37.4637848418206" lon="13.796610608696938">
        <ele>231.61</ele>
      </trkpt>
      <trkpt lat="37.46371996589005" lon="13.796940017491579">
        <ele>231.52</ele>
      </trkpt>
      <trkpt lat="37.46371996589005" lon="13.796959966421127">
        <ele>231.49</ele>
      </trkpt>
      <trkpt lat="37.4637000169605" lon="13.79713992588222">
        <ele>231.55</ele>
      </trkpt>
      <trkpt lat="37.46367990039289" lon="13.79726992920041">
        <ele>231.64</ele>
      </trkpt>
      <trkpt lat="37.463689958676696" lon="13.797370009124279">
        <ele>231.77</ele>
      </trkpt>
      <trkpt lat="37.4637000169605" lon="13.79747997969389">
        <ele>231.96</ele>
      </trkpt>
      <trkpt lat="37.463730024173856" lon="13.79760998301208">
        <ele>232.19</ele>
      </trkpt>
      <trkpt lat="37.46376003138721" lon="13.79771995358169">
        <ele>232.42</ele>
      </trkpt>
      <trkpt lat="37.463819961994886" lon="13.79788993857801">
        <ele>232.69</ele>
      </trkpt>
      <trkpt lat="37.46387000195682" lon="13.798069898039103">
        <ele>232.97</ele>
      </trkpt>
      <trkpt lat="37.4639399908483" lon="13.798290006816387">
        <ele>233.37</ele>
      </trkpt>
      <trkpt lat="37.46397997252643" lon="13.7984499335289">
        <ele>233.81</ele>
      </trkpt>
      <trkpt lat="37.46399003081024" lon="13.798539955168962">
        <ele>234.28</ele>
      </trkpt>
      <trkpt lat="37.46396999806166" lon="13.798629892989993">
        <ele>234.8</ele>
      </trkpt>
      <trkpt lat="37.463949881494045" lon="13.79874992184341">
        <ele>235.33</ele>
      </trkpt>
      <trkpt lat="37.46390998363495" lon="13.7988799251616">
        <ele>235.87</ele>
      </trkpt>
      <trkpt lat="37.46387000195682" lon="13.79898989573121">
        <ele>236.44</ele>
      </trkpt>
      <trkpt lat="37.46384996920824" lon="13.799059884622693">
        <ele>237.04</ele>
      </trkpt>
      <trkpt lat="37.46384996920824" lon="13.799139931797981">
        <ele>237.66</ele>
      </trkpt>
      <trkpt lat="37.46384996920824" lon="13.799230037257075">
        <ele>238.31</ele>
      </trkpt>
      <trkpt lat="37.46387000195682" lon="13.799319975078106">
        <ele>239.0</ele>
      </trkpt>
      <trkpt lat="37.4638900347054" lon="13.799360040575266">
        <ele>239.73</ele>
      </trkpt>
      <trkpt lat="37.46391995809972" lon="13.79941988736391">
        <ele>240.48</ele>
      </trkpt>
      <trkpt lat="37.464034957811236" lon="13.799600014463067">
        <ele>241.3</ele>
      </trkpt>
      <trkpt lat="37.46414987370372" lon="13.79977997392416">
        <ele>242.18</ele>
      </trkpt>
      <trkpt lat="37.46421994641423" lon="13.79986991174519">
        <ele>243.04</ele>
      </trkpt>
      <trkpt lat="37.464290019124746" lon="13.799949958920479">
        <ele>243.92</ele>
      </trkpt>
      <trkpt lat="37.46438004076481" lon="13.800009973347187">
        <ele>244.79</ele>
      </trkpt>
      <trkpt lat="37.464590007439256" lon="13.800129918381572">
        <ele>245.72</ele>
      </trkpt>
      <trkpt lat="37.464720010757446" lon="13.800199991092086">
        <ele>246.63</ele>
      </trkpt>
      <trkpt lat="37.4647500179708" lon="13.800220023840666">
        <ele>247.52</ele>
      </trkpt>
      <trkpt lat="37.46481003239751" lon="13.800259921699762">
        <ele>248.42</ele>
      </trkpt>
      <trkpt lat="37.46482998132706" lon="13.800279954448342">
        <ele>249.31</ele>
      </trkpt>
      <trkpt lat="37.464910028502345" lon="13.800350027158856">
        <ele>250.24</ele>
      </trkpt>
      <trkpt lat="37.465019999071956" lon="13.80046988837421">
        <ele>251.16</ele>
      </trkpt>
      <trkpt lat="37.46515997685492" lon="13.80063995718956">
        <ele>252.08</ele>
      </trkpt>
      <trkpt lat="37.46528998017311" lon="13.800850007683039">
        <ele>253.03</ele>
      </trkpt>
      <trkpt lat="37.4653700273484" lon="13.801019992679358">
        <ele>253.9</ele>
      </trkpt>
      <trkpt lat="37.465465078130364" lon="13.801215123385191">
        <ele>254.75</ele>
      </trkpt>
      <trkpt lat="37.465559961274266" lon="13.80141000263393">
        <ele>255.55</ele>
      </trkpt>
      <trkpt lat="37.4656100012362" lon="13.801509998738766">
        <ele>256.34</ele>
      </trkpt>
      <trkpt lat="37.46570002287626" lon="13.801699932664633">
        <ele>257.13</ele>
      </trkpt>
      <trkpt lat="37.465770011767745" lon="13.801879975944757">
        <ele>257.92</ele>
      </trkpt>
      <trkpt lat="37.46580999344587" lon="13.802030012011528">
        <ele>258.7</ele>
      </trkpt>
      <trkpt lat="37.465879982337356" lon="13.802239978685975">
        <ele>259.45</ele>
      </trkpt>
      <trkpt lat="37.46593002229929" lon="13.802319942042232">
        <ele>260.11</ele>
      </trkpt>
      <trkpt lat="37.46595994569361" lon="13.802390014752746">
        <ele>260.75</ele>
      </trkpt>
      <trkpt lat="37.46601996012032" lon="13.802460003644228">
        <ele>261.33</ele>
      </trkpt>
      <trkpt lat="37.4660399928689" lon="13.80248992703855">
        <ele>261.91</ele>
      </trkpt>
      <trkpt lat="37.46610000729561" lon="13.802569974213839">
        <ele>262.45</ele>
      </trkpt>
      <trkpt lat="37.46616999618709" lon="13.80263987928629">
        <ele>262.98</ele>
      </trkpt>
      <trkpt lat="37.46626999229193" lon="13.802739959210157">
        <ele>263.48</ele>
      </trkpt>
      <trkpt lat="37.466309973970056" lon="13.80278991535306">
        <ele>263.98</ele>
      </trkpt>
      <trkpt lat="37.466350039467216" lon="13.80282998085022">
        <ele>264.45</ele>
      </trkpt>
      <trkpt lat="37.46639999561012" lon="13.802910028025508">
        <ele>264.92</ele>
      </trkpt>
      <trkpt lat="37.4664200283587" lon="13.802999965846539">
        <ele>265.41</ele>
      </trkpt>
      <trkpt lat="37.46640997007489" lon="13.803059980273247">
        <ele>265.88</ele>
      </trkpt>
      <trkpt lat="37.46638993732631" lon="13.80311002023518">
        <ele>266.34</ele>
      </trkpt>
      <trkpt lat="37.46636990457773" lon="13.803150001913309">
        <ele>266.79</ele>
      </trkpt>
      <trkpt lat="37.466350039467216" lon="13.803170034661889">
        <ele>267.2</ele>
      </trkpt>
      <trkpt lat="37.46633998118341" lon="13.803170034661889">
        <ele>267.59</ele>
      </trkpt>
      <trkpt lat="37.46629002504051" lon="13.803210016340017">
        <ele>268.02</ele>
      </trkpt>
      <trkpt lat="37.46624995954335" lon="13.803210016340017">
        <ele>268.41</ele>
      </trkpt>
      <trkpt lat="37.46621995232999" lon="13.803199958056211">
        <ele>268.78</ele>
      </trkpt>
      <trkpt lat="37.46616999618709" lon="13.803179925307631">
        <ele>269.16</ele>
      </trkpt>
      <trkpt lat="37.46613998897374" lon="13.803150001913309">
        <ele>269.51</ele>
      </trkpt>
      <trkpt lat="37.46606002561748" lon="13.803019998595119">
        <ele>269.84</ele>
      </trkpt>
      <trkpt lat="37.46595994569361" lon="13.802859904244542">
        <ele>270.16</ele>
      </trkpt>
      <trkpt lat="37.4658000189811" lon="13.802590006962419">
        <ele>270.49</ele>
      </trkpt>
      <trkpt lat="37.46571997180581" lon="13.802460003644228">
        <ele>270.8</ele>
      </trkpt>
      <trkpt lat="37.46561989188194" lon="13.80222992040217">
        <ele>271.07</ele>
      </trkpt>
      <trkpt lat="37.465559961274266" lon="13.802139982581139">
        <ele>271.37</ele>
      </trkpt>
      <trkpt lat="37.46552995406091" lon="13.802090026438236">
        <ele>271.68</ele>
      </trkpt>
      <trkpt lat="37.46548988856375" lon="13.80205993540585">
        <ele>272.0</ele>
      </trkpt>
      <trkpt lat="37.46545996516943" lon="13.802030012011528">
        <ele>272.33</ele>
      </trkpt>
      <trkpt lat="37.46540003456175" lon="13.801999920979142">
        <ele>272.67</ele>
      </trkpt>
      <trkpt lat="37.46534999459982" lon="13.80196999758482">
        <ele>273.02</ele>
      </trkpt>
      <trkpt lat="37.46528000570834" lon="13.801960023120046">
        <ele>273.4</ele>
      </trkpt>
      <trkpt lat="37.46518990024924" lon="13.801939990371466">
        <ele>273.8</ele>
      </trkpt>
      <trkpt lat="37.465129969641566" lon="13.80192993208766">
        <ele>274.2</ele>
      </trkpt>
      <trkpt lat="37.46507992967963" lon="13.801939990371466">
        <ele>274.61</ele>
      </trkpt>
      <trkpt lat="37.46502997353673" lon="13.80194996483624">
        <ele>275.04</ele>
      </trkpt>
      <trkpt lat="37.46496995911002" lon="13.801960023120046">
        <ele>275.48</ele>
      </trkpt>
      <trkpt lat="37.464910028502345" lon="13.801999920979142">
        <ele>275.96</ele>
      </trkpt>
      <trkpt lat="37.464869963005185" lon="13.802030012011528">
        <ele>276.43</ele>
      </trkpt>
      <trkpt lat="37.46482998132706" lon="13.802069993689656">
        <ele>276.91</ele>
      </trkpt>
      <trkpt lat="37.46478999964893" lon="13.80212003365159">
        <ele>277.4</ele>
      </trkpt>
      <trkpt lat="37.46475990861654" lon="13.802179964259267">
        <ele>277.9</ele>
      </trkpt>
      <trkpt lat="37.46473987586796" lon="13.802220029756427">
        <ele>278.39</ele>
      </trkpt>
      <trkpt lat="37.464720010757446" lon="13.80226998589933">
        <ele>278.88</ele>
      </trkpt>
      <trkpt lat="37.46470986865461" lon="13.802330000326037">
        <ele>279.38</ele>
      </trkpt>
      <trkpt lat="37.464699978008866" lon="13.80237995646894">
        <ele>279.88</ele>
      </trkpt>
      <trkpt lat="37.46470986865461" lon="13.802429912611842">
        <ele>280.36</ele>
      </trkpt>
      <trkpt lat="37.464720010757446" lon="13.802480036392808">
        <ele>280.84</ele>
      </trkpt>
      <trkpt lat="37.46473987586796" lon="13.80255002528429">
        <ele>281.34</ele>
      </trkpt>
      <trkpt lat="37.46477994136512" lon="13.80263987928629">
        <ele>281.84</ele>
      </trkpt>
      <trkpt lat="37.46485001407564" lon="13.802759991958737">
        <ele>282.35</ele>
      </trkpt>
      <trkpt lat="37.46488002128899" lon="13.80280994810164">
        <ele>282.84</ele>
      </trkpt>
      <trkpt lat="37.46489997021854" lon="13.802859904244542">
        <ele>283.34</ele>
      </trkpt>
      <trkpt lat="37.46492997743189" lon="13.802910028025508">
        <ele>283.84</ele>
      </trkpt>
      <trkpt lat="37.46495001018047" lon="13.802969874814153">
        <ele>284.35</ele>
      </trkpt>
      <trkpt lat="37.46495998464525" lon="13.803009940311313">
        <ele>284.85</ele>
      </trkpt>
      <trkpt lat="37.4649899918586" lon="13.8030899874866">
        <ele>285.36</ele>
      </trkpt>
      <trkpt lat="37.465019999071956" lon="13.803210016340017">
        <ele>285.88</ele>
      </trkpt>
      <trkpt lat="37.46505000628531" lon="13.80330003798008">
        <ele>286.37</ele>
      </trkpt>
      <trkpt lat="37.46509996242821" lon="13.803419899195433">
        <ele>286.86</ele>
      </trkpt>
      <trkpt lat="37.46511002071202" lon="13.803419899195433">
        <ele>287.34</ele>
      </trkpt>
      <trkpt lat="37.46520993299782" lon="13.803609916940331">
        <ele>287.85</ele>
      </trkpt>
      <trkpt lat="37.465319987386465" lon="13.803789960220456">
        <ele>288.36</ele>
      </trkpt>
      <trkpt lat="37.465340020135045" lon="13.803830025717616">
        <ele>288.84</ele>
      </trkpt>
      <trkpt lat="37.46535988524556" lon="13.803879981860518">
        <ele>289.32</ele>
      </trkpt>
      <trkpt lat="37.46543004177511" lon="13.804009985178709">
        <ele>289.82</ele>
      </trkpt>
      <trkpt lat="37.465470023453236" lon="13.80409992299974">
        <ele>290.3</ele>
      </trkpt>
      <trkpt lat="37.46550003066659" lon="13.804200002923608">
        <ele>290.79</ele>
      </trkpt>
      <trkpt lat="37.46551997959614" lon="13.80426999181509">
        <ele>291.26</ele>
      </trkpt>
      <trkpt lat="37.46558996848762" lon="13.804650027304888">
        <ele>291.83</ele>
      </trkpt>
      <trkpt lat="37.46561989188194" lon="13.804749939590693">
        <ele>292.32</ele>
      </trkpt>
      <trkpt lat="37.46563003398478" lon="13.80476988852024">
        <ele>292.77</ele>
      </trkpt>
      <trkpt lat="37.4656599573791" lon="13.804820012301207">
        <ele>293.23</ele>
      </trkpt>
      <trkpt lat="37.46567999012768" lon="13.80485001951456">
        <ele>293.69</ele>
      </trkpt>
      <trkpt lat="37.46571997180581" lon="13.804890001192689">
        <ele>294.14</ele>
      </trkpt>
      <trkpt lat="37.46581996791065" lon="13.804989997297525">
        <ele>294.59</ele>
      </trkpt>
      <trkpt lat="37.46587000787258" lon="13.805029895156622">
        <ele>295.06</ele>
      </trkpt>
      <trkpt lat="37.46610000729561" lon="13.80521991290152">
        <ele>295.53</ele>
      </trkpt>
      <trkpt lat="37.46616002172232" lon="13.805270036682487">
        <ele>296.0</ele>
      </trkpt>
      <trkpt lat="37.46619991958141" lon="13.805319992825389">
        <ele>296.5</ele>
      </trkpt>
      <trkpt lat="37.46624995954335" lon="13.80538989789784">
        <ele>297.0</ele>
      </trkpt>
      <trkpt lat="37.46629002504051" lon="13.80547002889216">
        <ele>297.51</ele>
      </trkpt>
      <trkpt lat="37.466330006718636" lon="13.80553993396461">
        <ele>298.02</ele>
      </trkpt>
      <trkpt lat="37.46636990457773" lon="13.805629955604672">
        <ele>298.55</ele>
      </trkpt>
      <trkpt lat="37.46638993732631" lon="13.805700028315187">
        <ele>299.1</ele>
      </trkpt>
      <trkpt lat="37.46640997007489" lon="13.805789966136217">
        <ele>299.66</ele>
      </trkpt>
      <trkpt lat="37.4664200283587" lon="13.805849980562925">
        <ele>300.23</ele>
      </trkpt>
      <trkpt lat="37.4664200283587" lon="13.805870013311505">
        <ele>300.81</ele>
      </trkpt>
      <trkpt lat="37.4664200283587" lon="13.805909911170602">
        <ele>301.41</ele>
      </trkpt>
      <trkpt lat="37.4664200283587" lon="13.805979983881116">
        <ele>302.03</ele>
      </trkpt>
      <trkpt lat="37.46640997007489" lon="13.806039914488792">
        <ele>302.66</ele>
      </trkpt>
      <trkpt lat="37.46638993732631" lon="13.80611996166408">
        <ele>303.32</ele>
      </trkpt>
      <trkpt lat="37.46636001393199" lon="13.806179976090789">
        <ele>303.99</ele>
      </trkpt>
      <trkpt lat="37.46629002504051" lon="13.80626991391182">
        <ele>304.68</ele>
      </trkpt>
      <trkpt lat="37.46614996343851" lon="13.80641994997859">
        <ele>305.38</ele>
      </trkpt>
      <trkpt lat="37.46592675335705" lon="13.806633185595274">
        <ele>306.1</ele>
      </trkpt>
      <trkpt lat="37.465703543275595" lon="13.806846337392926">
        <ele>306.84</ele>
      </trkpt>
      <trkpt lat="37.46547999791801" lon="13.807059992104769">
        <ele>307.58</ele>
      </trkpt>
      <trkpt lat="37.46538997627795" lon="13.807140039280057">
        <ele>308.29</ele>
      </trkpt>
      <trkpt lat="37.465340020135045" lon="13.80716996267438">
        <ele>309.03</ele>
      </trkpt>
      <trkpt lat="37.46531001292169" lon="13.807180020958185">
        <ele>309.76</ele>
      </trkpt>
      <trkpt lat="37.46525997295976" lon="13.80718999542296">
        <ele>310.5</ele>
      </trkpt>
      <trkpt lat="37.46520993299782" lon="13.80718999542296">
        <ele>311.23</ele>
      </trkpt>
      <trkpt lat="37.465170035138726" lon="13.807180020958185">
        <ele>311.95</ele>
      </trkpt>
      <trkpt lat="37.46511002071202" lon="13.807159988209605">
        <ele>312.68</ele>
      </trkpt>
      <trkpt lat="37.46507003903389" lon="13.80712989717722">
        <ele>313.4</ele>
      </trkpt>
      <trkpt lat="37.465019999071956" lon="13.807069882750511">
        <ele>314.14</ele>
      </trkpt>
      <trkpt lat="37.46498001739383" lon="13.806990003213286">
        <ele>314.86</ele>
      </trkpt>
      <trkpt lat="37.464869963005185" lon="13.806769894436002">
        <ele>315.55</ele>
      </trkpt>
      <trkpt lat="37.46477994136512" lon="13.806579876691103">
        <ele>316.31</ele>
      </trkpt>
      <trkpt lat="37.46468002907932" lon="13.80637988448143">
        <ele>317.08</ele>
      </trkpt>
      <trkpt lat="37.46455002576113" lon="13.806130019947886">
        <ele>317.86</ele>
      </trkpt>
      <trkpt lat="37.46452999301255" lon="13.8060999289155">
        <ele>318.59</ele>
      </trkpt>
      <trkpt lat="37.46452001854777" lon="13.806070005521178">
        <ele>319.33</ele>
      </trkpt>
      <trkpt lat="37.46449998579919" lon="13.806039914488792">
        <ele>320.07</ele>
      </trkpt>
      <trkpt lat="37.46445002965629" lon="13.806000016629696">
        <ele>320.82</ele>
      </trkpt>
      <trkpt lat="37.464419938623905" lon="13.80596992559731">
        <ele>321.57</ele>
      </trkpt>
      <trkpt lat="37.46438004076481" lon="13.80594989284873">
        <ele>322.32</ele>
      </trkpt>
      <trkpt lat="37.46433997526765" lon="13.805940002202988">
        <ele>323.08</ele>
      </trkpt>
      <trkpt lat="37.46429999358952" lon="13.805929943919182">
        <ele>323.84</ele>
      </trkpt>
      <trkpt lat="37.46423000469804" lon="13.805940002202988">
        <ele>324.6</ele>
      </trkpt>
      <trkpt lat="37.46417988091707" lon="13.80594989284873">
        <ele>325.37</ele>
      </trkpt>
      <trkpt lat="37.464139983057976" lon="13.80596992559731">
        <ele>326.15</ele>
      </trkpt>
      <trkpt lat="37.46407996863127" lon="13.80600999109447">
        <ele>326.96</ele>
      </trkpt>
      <trkpt lat="37.463940074667335" lon="13.806114848703146">
        <ele>327.8</ele>
      </trkpt>
      <trkpt lat="37.46380001306534" lon="13.806220041587949">
        <ele>328.63</ele>
      </trkpt>
      <trkpt lat="37.463689958676696" lon="13.806300004944205">
        <ele>329.43</ele>
      </trkpt>
      <trkpt lat="37.46360999532044" lon="13.80637988448143">
        <ele>330.22</ele>
      </trkpt>
      <trkpt lat="37.46356003917754" lon="13.80643998272717">
        <ele>330.99</ele>
      </trkpt>
      <trkpt lat="37.46350002475083" lon="13.806520029902458">
        <ele>331.76</ele>
      </trkpt>
      <trkpt lat="37.46333003975451" lon="13.806789927184582">
        <ele>332.55</ele>
      </trkpt>
      <trkpt lat="37.46320003643632" lon="13.806990003213286">
        <ele>333.35</ele>
      </trkpt>
      <trkpt lat="37.46306659653783" lon="13.807200053706765">
        <ele>334.18</ele>
      </trkpt>
      <trkpt lat="37.46293315663934" lon="13.807410104200244">
        <ele>334.98</ele>
      </trkpt>
      <trkpt lat="37.46279996819794" lon="13.80761998705566">
        <ele>335.77</ele>
      </trkpt>
      <trkpt lat="37.4626899138093" lon="13.807795001193881">
        <ele>336.5</ele>
      </trkpt>
      <trkpt lat="37.46258002705872" lon="13.807969931513071">
        <ele>337.24</ele>
      </trkpt>
      <trkpt lat="37.46249000541866" lon="13.808109993115067">
        <ele>337.98</ele>
      </trkpt>
      <trkpt lat="37.462359918281436" lon="13.80833001807332">
        <ele>338.72</ele>
      </trkpt>
      <trkpt lat="37.46233996935189" lon="13.808369999751449">
        <ele>339.39</ele>
      </trkpt>
      <trkpt lat="37.46232002042234" lon="13.808409981429577">
        <ele>340.04</ele>
      </trkpt>
      <trkpt lat="37.462290013208985" lon="13.80850000306964">
        <ele>340.67</ele>
      </trkpt>
      <trkpt lat="37.46226000599563" lon="13.80858994089067">
        <ele>341.29</ele>
      </trkpt>
      <trkpt lat="37.46222999878228" lon="13.808639897033572">
        <ele>341.88</ele>
      </trkpt>
      <trkpt lat="37.4622099660337" lon="13.808659929782152">
        <ele>342.45</ele>
      </trkpt>
      <trkpt lat="37.46216998435557" lon="13.808709969744086">
        <ele>342.99</ele>
      </trkpt>
      <trkpt lat="37.46213000267744" lon="13.80871994420886">
        <ele>343.51</ele>
      </trkpt>
      <trkpt lat="37.46209999546409" lon="13.808730002492666">
        <ele>344.01</ele>
      </trkpt>
      <trkpt lat="37.46206998825073" lon="13.80873997695744">
        <ele>344.5</ele>
      </trkpt>
      <trkpt lat="37.46202992275357" lon="13.80873997695744">
        <ele>344.96</ele>
      </trkpt>
      <trkpt lat="37.46197988279164" lon="13.808730002492666">
        <ele>345.41</ele>
      </trkpt>
      <trkpt lat="37.46191995218396" lon="13.808690020814538">
        <ele>345.83</ele>
      </trkpt>
      <trkpt lat="37.46189991943538" lon="13.808669988065958">
        <ele>346.24</ele>
      </trkpt>
      <trkpt lat="37.46184996329248" lon="13.808599999174476">
        <ele>346.64</ele>
      </trkpt>
      <trkpt lat="37.46182003989816" lon="13.808509893715382">
        <ele>347.02</ele>
      </trkpt>
      <trkpt lat="37.46172993443906" lon="13.80830998532474">
        <ele>347.39</ele>
      </trkpt>
      <trkpt lat="37.46170001104474" lon="13.808239996433258">
        <ele>347.76</ele>
      </trkpt>
      <trkpt lat="37.46159984730184" lon="13.807914443314075">
        <ele>348.1</ele>
      </trkpt>
      <trkpt lat="37.46150001883507" lon="13.807589979842305">
        <ele>348.45</ele>
      </trkpt>
      <trkpt lat="37.4614498950541" lon="13.80747003480792">
        <ele>348.78</ele>
      </trkpt>
      <trkpt lat="37.46144000440836" lon="13.807440027594566">
        <ele>349.1</ele>
      </trkpt>
      <trkpt lat="37.461389964446425" lon="13.807349922135472">
        <ele>349.41</ele>
      </trkpt>
      <trkpt lat="37.4613600410521" lon="13.807310024276376">
        <ele>349.72</ele>
      </trkpt>
      <trkpt lat="37.46134000830352" lon="13.80729996599257">
        <ele>350.01</ele>
      </trkpt>
      <trkpt lat="37.46131997555494" lon="13.80727993324399">
        <ele>350.3</ele>
      </trkpt>
      <trkpt lat="37.46127991005778" lon="13.80725990049541">
        <ele>350.59</ele>
      </trkpt>
      <trkpt lat="37.46121000498533" lon="13.80725990049541">
        <ele>350.89</ele>
      </trkpt>
      <trkpt lat="37.4611599650234" lon="13.807269958779216">
        <ele>351.18</ele>
      </trkpt>
      <trkpt lat="37.461110008880496" lon="13.80729996599257">
        <ele>351.47</ele>
      </trkpt>
      <trkpt lat="37.46108000166714" lon="13.807329889386892">
        <ele>351.75</ele>
      </trkpt>
      <trkpt lat="37.46104999445379" lon="13.807369954884052">
        <ele>352.03</ele>
      </trkpt>
      <trkpt lat="37.46102996170521" lon="13.80740993656218">
        <ele>352.3</ele>
      </trkpt>
      <trkpt lat="37.46101001277566" lon="13.807459892705083">
        <ele>352.57</ele>
      </trkpt>
      <trkpt lat="37.46098998002708" lon="13.807510016486049">
        <ele>352.83</ele>
      </trkpt>
      <trkpt lat="37.460980005562305" lon="13.8075799215585">
        <ele>353.08</ele>
      </trkpt>
      <trkpt lat="37.46097003109753" lon="13.80761998705566">
        <ele>353.32</ele>
      </trkpt>
      <trkpt lat="37.460959972813725" lon="13.80768989212811">
        <ele>353.57</ele>
      </trkpt>
      <trkpt lat="37.460959972813725" lon="13.807779913768172">
        <ele>353.82</ele>
      </trkpt>
      <trkpt lat="37.460959972813725" lon="13.80790002644062">
        <ele>354.08</ele>
      </trkpt>
      <trkpt lat="37.46097003109753" lon="13.807979989796877">
        <ele>354.32</ele>
      </trkpt>
      <trkpt lat="37.460980005562305" lon="13.80804997868836">
        <ele>354.55</ele>
      </trkpt>
      <trkpt lat="37.461000038310885" lon="13.808099934831262">
        <ele>354.78</ele>
      </trkpt>
      <trkpt lat="37.4610199034214" lon="13.808149974793196">
        <ele>355.01</ele>
      </trkpt>
      <trkpt lat="37.46105996891856" lon="13.808249887079">
        <ele>355.23</ele>
      </trkpt>
      <trkpt lat="37.46108000166714" lon="13.80830998532474">
        <ele>355.46</ele>
      </trkpt>
      <trkpt lat="37.46110003441572" lon="13.808359941467643">
        <ele>355.69</ele>
      </trkpt>
      <trkpt lat="37.461110008880496" lon="13.808409981429577">
        <ele>355.93</ele>
      </trkpt>
      <trkpt lat="37.461110008880496" lon="13.80845993757248">
        <ele>356.17</ele>
      </trkpt>
      <trkpt lat="37.46110003441572" lon="13.808509893715382">
        <ele>356.43</ele>
      </trkpt>
      <trkpt lat="37.461089976131916" lon="13.808560017496347">
        <ele>356.7</ele>
      </trkpt>
      <trkpt lat="37.46105996891856" lon="13.808599999174476">
        <ele>356.98</ele>
      </trkpt>
      <trkpt lat="37.46103993616998" lon="13.80863000638783">
        <ele>357.26</ele>
      </trkpt>
      <trkpt lat="37.46101001277566" lon="13.80865003913641">
        <ele>357.56</ele>
      </trkpt>
      <trkpt lat="37.461000038310885" lon="13.808659929782152">
        <ele>357.85</ele>
      </trkpt>
      <trkpt lat="37.460980005562305" lon="13.808669988065958">
        <ele>358.16</ele>
      </trkpt>
      <trkpt lat="37.46094991452992" lon="13.8086798787117">
        <ele>358.48</ele>
      </trkpt>
      <trkpt lat="37.4609199911356" lon="13.8086798787117">
        <ele>358.82</ele>
      </trkpt>
      <trkpt lat="37.46088000945747" lon="13.808669988065958">
        <ele>359.16</ele>
      </trkpt>
      <trkpt lat="37.46084002777934" lon="13.808659929782152">
        <ele>359.52</ele>
      </trkpt>
      <trkpt lat="37.46078998781741" lon="13.808639897033572">
        <ele>359.89</ele>
      </trkpt>
      <trkpt lat="37.46075998060405" lon="13.808599999174476">
        <ele>360.26</ele>
      </trkpt>
      <trkpt lat="37.46071002446115" lon="13.80854987539351">
        <ele>360.65</ele>
      </trkpt>
      <trkpt lat="37.460659984499216" lon="13.80847997032106">
        <ele>361.04</ele>
      </trkpt>
      <trkpt lat="37.46059997007251" lon="13.808379890397191">
        <ele>361.45</ele>
      </trkpt>
      <trkpt lat="37.46054003946483" lon="13.808279978111386">
        <ele>361.87</ele>
      </trkpt>
      <trkpt lat="37.46051003225148" lon="13.808229938149452">
        <ele>362.28</ele>
      </trkpt>
      <trkpt lat="37.4604899995029" lon="13.80813991650939">
        <ele>362.7</ele>
      </trkpt>
      <trkpt lat="37.46041481383145" lon="13.80793472751975">
        <ele>363.12</ele>
      </trkpt>
      <trkpt lat="37.46033996343613" lon="13.80772995762527">
        <ele>363.55</ele>
      </trkpt>
      <trkpt lat="37.46023996733129" lon="13.807440027594566">
        <ele>363.97</ele>
      </trkpt>
      <trkpt lat="37.4601099640131" lon="13.807140039280057">
        <ele>364.37</ele>
      </trkpt>
      <trkpt lat="37.460099989548326" lon="13.80712989717722">
        <ele>364.84</ele>
      </trkpt>
      <trkpt lat="37.46008004061878" lon="13.807099973782897">
        <ele>365.31</ele>
      </trkpt>
      <trkpt lat="37.46003997512162" lon="13.807069882750511">
        <ele>365.81</ele>
      </trkpt>
      <trkpt lat="37.46003000065684" lon="13.807059992104769">
        <ele>366.32</ele>
      </trkpt>
      <trkpt lat="37.45998993515968" lon="13.807059992104769">
        <ele>366.85</ele>
      </trkpt>
      <trkpt lat="37.45996001176536" lon="13.807080024853349">
        <ele>367.4</ele>
      </trkpt>
      <trkpt lat="37.45993997901678" lon="13.807080024853349">
        <ele>367.93</ele>
      </trkpt>
      <trkpt lat="37.45990997180343" lon="13.807089915499091">
        <ele>368.49</ele>
      </trkpt>
      <trkpt lat="37.4598699901253" lon="13.807099973782897">
        <ele>369.05</ele>
      </trkpt>
      <trkpt lat="37.45985004119575" lon="13.807109948247671">
        <ele>369.61</ele>
      </trkpt>
      <trkpt lat="37.45979002676904" lon="13.807120006531477">
        <ele>370.19</ele>
      </trkpt>
      <trkpt lat="37.45974996127188" lon="13.807140039280057">
        <ele>370.78</ele>
      </trkpt>
      <trkpt lat="37.45970000512898" lon="13.807180020958185">
        <ele>371.38</ele>
      </trkpt>
      <trkpt lat="37.45962004177272" lon="13.80725990049541">
        <ele>371.98</ele>
      </trkpt>
      <trkpt lat="37.45957000181079" lon="13.807310024276376">
        <ele>372.57</ele>
      </trkpt>
      <trkpt lat="37.45947000570595" lon="13.8073899038136">
        <ele>373.15</ele>
      </trkpt>
      <trkpt lat="37.45938987471163" lon="13.807440027594566">
        <ele>373.75</ele>
      </trkpt>
      <trkpt lat="37.45928996242583" lon="13.80747003480792">
        <ele>374.32</ele>
      </trkpt>
      <trkpt lat="37.4592499807477" lon="13.80747003480792">
        <ele>374.82</ele>
      </trkpt>
      <trkpt lat="37.45915995910764" lon="13.807479925453663">
        <ele>375.33</ele>
      </trkpt>
      <trkpt lat="37.45911997742951" lon="13.807479925453663">
        <ele>375.81</ele>
      </trkpt>
      <trkpt lat="37.459089970216155" lon="13.807479925453663">
        <ele>376.26</ele>
      </trkpt>
      <trkpt lat="37.45899994857609" lon="13.807459892705083">
        <ele>376.71</ele>
      </trkpt>
      <trkpt lat="37.45890003629029" lon="13.807419994845986">
        <ele>377.11</ele>
      </trkpt>
      <trkpt lat="37.45878000743687" lon="13.807329889386892">
        <ele>377.49</ele>
      </trkpt>
      <trkpt lat="37.45871999301016" lon="13.80727993324399">
        <ele>377.85</ele>
      </trkpt>
      <trkpt lat="37.45865000411868" lon="13.80721002817154">
        <ele>378.21</ele>
      </trkpt>
      <trkpt lat="37.45861002244055" lon="13.80712989717722">
        <ele>378.52</ele>
      </trkpt>
      <trkpt lat="37.45858998969197" lon="13.807059992104769">
        <ele>378.8</ele>
      </trkpt>
      <trkpt lat="37.4585800152272" lon="13.80702001042664">
        <ele>379.05</ele>
      </trkpt>
      <trkpt lat="37.4585800152272" lon="13.80693987943232">
        <ele>379.28</ele>
      </trkpt>
      <trkpt lat="37.45858998969197" lon="13.80691003985703">
        <ele>379.48</ele>
      </trkpt>
      <trkpt lat="37.45864002965391" lon="13.806669982150197">
        <ele>379.6</ele>
      </trkpt>
      <trkpt lat="37.45865000411868" lon="13.806520029902458">
        <ele>379.76</ele>
      </trkpt>
      <trkpt lat="37.45864002965391" lon="13.806430008262396">
        <ele>379.95</ele>
      </trkpt>
      <trkpt lat="37.4586299713701" lon="13.806359935551882">
        <ele>380.12</ele>
      </trkpt>
      <trkpt lat="37.45861999690533" lon="13.806320037692785">
        <ele>380.3</ele>
      </trkpt>
      <trkpt lat="37.45861999690533" lon="13.80630997940898">
        <ele>380.46</ele>
      </trkpt>
      <trkpt lat="37.458599880337715" lon="13.806279972195625">
        <ele>380.64</ele>
      </trkpt>
      <trkpt lat="37.45856995694339" lon="13.806239990517497">
        <ele>380.81</ele>
      </trkpt>
      <trkpt lat="37.45852989144623" lon="13.806189950555563">
        <ele>380.97</ele>
      </trkpt>
      <trkpt lat="37.45848001912236" lon="13.80616002716124">
        <ele>381.14</ele>
      </trkpt>
      <trkpt lat="37.45841992087662" lon="13.80613999441266">
        <ele>381.32</ele>
      </trkpt>
      <trkpt lat="37.4583899974823" lon="13.80613999441266">
        <ele>381.52</ele>
      </trkpt>
      <trkpt lat="37.4583400413394" lon="13.806149885058403">
        <ele>381.75</ele>
      </trkpt>
      <trkpt lat="37.45832000859082" lon="13.806149885058403">
        <ele>381.96</ele>
      </trkpt>
      <trkpt lat="37.45829997584224" lon="13.80616002716124">
        <ele>382.19</ele>
      </trkpt>
      <trkpt lat="37.45826996862888" lon="13.806179976090789">
        <ele>382.43</ele>
      </trkpt>
      <trkpt lat="37.45818003080785" lon="13.806260023266077">
        <ele>382.69</ele>
      </trkpt>
      <trkpt lat="37.458080034703016" lon="13.806369993835688">
        <ele>383.0</ele>
      </trkpt>
      <trkpt lat="37.45794986374676" lon="13.806560011580586">
        <ele>383.33</ele>
      </trkpt>
      <trkpt lat="37.457909965887666" lon="13.806599909439683">
        <ele>383.65</ele>
      </trkpt>
      <trkpt lat="37.45786998420954" lon="13.806650033220649">
        <ele>384.01</ele>
      </trkpt>
      <trkpt lat="37.45783000253141" lon="13.80669990554452">
        <ele>384.39</ele>
      </trkpt>
      <trkpt lat="37.457799995318055" lon="13.80673997104168">
        <ele>384.8</ele>
      </trkpt>
      <trkpt lat="37.45779002085328" lon="13.806750029325485">
        <ele>385.24</ele>
      </trkpt>
      <trkpt lat="37.45775003917515" lon="13.806789927184582">
        <ele>385.72</ele>
      </trkpt>
      <trkpt lat="37.4577200319618" lon="13.806839967146516">
        <ele>386.25</ele>
      </trkpt>
      <trkpt lat="37.45768994092941" lon="13.80689000710845">
        <ele>386.8</ele>
      </trkpt>
      <trkpt lat="37.45766990818083" lon="13.80697994492948">
        <ele>387.42</ele>
      </trkpt>
      <trkpt lat="37.45766001753509" lon="13.807089915499091">
        <ele>388.06</ele>
      </trkpt>
      <trkpt lat="37.45764987543225" lon="13.807250009849668">
        <ele>388.74</ele>
      </trkpt>
      <trkpt lat="37.45766001753509" lon="13.80745000205934">
        <ele>389.44</ele>
      </trkpt>
      <trkpt lat="37.45769999921322" lon="13.807700034230947">
        <ele>390.17</ele>
      </trkpt>
      <trkpt lat="37.45770997367799" lon="13.807759881019592">
        <ele>390.84</ele>
      </trkpt>
      <trkpt lat="37.45776001363993" lon="13.807919975370169">
        <ele>391.56</ele>
      </trkpt>
      <trkpt lat="37.457779962569475" lon="13.807960040867329">
        <ele>392.25</ele>
      </trkpt>
      <trkpt lat="37.45785992592573" lon="13.808170007541776">
        <ele>392.97</ele>
      </trkpt>
      <trkpt lat="37.45793997310102" lon="13.808339908719063">
        <ele>393.7</ele>
      </trkpt>
      <trkpt lat="37.45806997641921" lon="13.80858994089067">
        <ele>394.47</ele>
      </trkpt>
      <trkpt lat="37.45822001248598" lon="13.808839973062277">
        <ele>395.31</ele>
      </trkpt>
      <trkpt lat="37.45826996862888" lon="13.80892999470234">
        <ele>396.15</ele>
      </trkpt>
      <trkpt lat="37.45831003412604" lon="13.80901993252337">
        <ele>397.02</ele>
      </trkpt>
      <trkpt lat="37.45832989923656" lon="13.809089921414852">
        <ele>397.91</ele>
      </trkpt>
      <trkpt lat="37.45835001580417" lon="13.809180026873946">
        <ele>398.82</ele>
      </trkpt>
      <trkpt lat="37.458359990268946" lon="13.809350011870265">
        <ele>399.76</ele>
      </trkpt>
      <trkpt lat="37.458359990268946" lon="13.80946995690465">
        <ele>400.68</ele>
      </trkpt>
      <trkpt lat="37.45835001580417" lon="13.809589985758066">
        <ele>401.61</ele>
      </trkpt>
      <trkpt lat="37.45831003412604" lon="13.809819901362062">
        <ele>402.56</ele>
      </trkpt>
      <trkpt lat="37.458250019699335" lon="13.809959962964058">
        <ele>403.54</ele>
      </trkpt>
      <trkpt lat="37.45818003080785" lon="13.810089966282248">
        <ele>404.56</ele>
      </trkpt>
      <trkpt lat="37.45816997252405" lon="13.810109999030828">
        <ele>405.52</ele>
      </trkpt>
      <trkpt lat="37.45809989981353" lon="13.810240002349019">
        <ele>406.59</ele>
      </trkpt>
      <trkpt lat="37.45803980156779" lon="13.810409987345338">
        <ele>407.62</ele>
      </trkpt>
      <trkpt lat="37.45799998752773" lon="13.81047997623682">
        <ele>408.6</ele>
      </trkpt>
      <trkpt lat="37.45796989649534" lon="13.810579972341657">
        <ele>409.58</ele>
      </trkpt>
      <trkpt lat="37.45793997310102" lon="13.810699917376041">
        <ele>410.57</ele>
      </trkpt>
      <trkpt lat="37.45792002417147" lon="13.81086990237236">
        <ele>411.57</ele>
      </trkpt>
      <trkpt lat="37.45792002417147" lon="13.811029996722937">
        <ele>412.6</ele>
      </trkpt>
      <trkpt lat="37.45793997310102" lon="13.81122998893261">
        <ele>413.7</ele>
      </trkpt>
      <trkpt lat="37.45798003859818" lon="13.811440039426088">
        <ele>414.89</ele>
      </trkpt>
      <trkpt lat="37.4580099619925" lon="13.811740027740598">
        <ele>416.11</ele>
      </trkpt>
      <trkpt lat="37.45802002027631" lon="13.81187992170453">
        <ele>417.26</ele>
      </trkpt>
      <trkpt lat="37.4580099619925" lon="13.81206993944943">
        <ele>418.44</ele>
      </trkpt>
      <trkpt lat="37.45798992924392" lon="13.81219994276762">
        <ele>419.62</ele>
      </trkpt>
      <trkpt lat="37.45789999142289" lon="13.81249993108213">
        <ele>420.89</ele>
      </trkpt>
      <trkpt lat="37.45785003527999" lon="13.812730014324188">
        <ele>422.14</ele>
      </trkpt>
      <trkpt lat="37.45783000253141" lon="13.812860017642379">
        <ele>423.39</ele>
      </trkpt>
      <trkpt lat="37.45783000253141" lon="13.813019944354892">
        <ele>424.62</ele>
      </trkpt>
      <trkpt lat="37.45783000253141" lon="13.81305992603302">
        <ele>425.87</ele>
      </trkpt>
      <trkpt lat="37.45783997699618" lon="13.813199987635016">
        <ele>427.13</ele>
      </trkpt>
      <trkpt lat="37.45787995867431" lon="13.813449935987592">
        <ele>428.45</ele>
      </trkpt>
      <trkpt lat="37.457929998636246" lon="13.81361992098391">
        <ele>429.77</ele>
      </trkpt>
      <trkpt lat="37.4579600058496" lon="13.813780015334487">
        <ele>431.09</ele>
      </trkpt>
      <trkpt lat="37.45796989649534" lon="13.814019989222288">
        <ele>432.46</ele>
      </trkpt>
      <trkpt lat="37.45798992924392" lon="13.8143699336797">
        <ele>433.77</ele>
      </trkpt>
      <trkpt lat="37.45785992592573" lon="13.81451996974647">
        <ele>435.18</ele>
      </trkpt>
      <trkpt lat="37.457714919000864" lon="13.81468995474279">
        <ele>436.54</ele>
      </trkpt>
      <trkpt lat="37.457569912075996" lon="13.81486002355814">
        <ele>437.88</ele>
      </trkpt>
      <trkpt lat="37.45740998536348" lon="13.815130004659295">
        <ele>439.02</ele>
      </trkpt>
      <trkpt lat="37.45730998925865" lon="13.815299905836582">
        <ele>440.07</ele>
      </trkpt>
      <trkpt lat="37.45712994597852" lon="13.81539998576045">
        <ele>441.13</ele>
      </trkpt>
      <trkpt lat="37.456970270723104" lon="13.815479781478643">
        <ele>442.13</ele>
      </trkpt>
      <trkpt lat="37.45680992491543" lon="13.815559996291995">
        <ele>443.13</ele>
      </trkpt>
      <trkpt lat="37.45678000152111" lon="13.81556997075677">
        <ele>444.05</ele>
      </trkpt>
      <trkpt lat="37.4566700309515" lon="13.815619926899672">
        <ele>444.96</ele>
      </trkpt>
      <trkpt lat="37.45649996213615" lon="13.81567994132638">
        <ele>445.77</ele>
      </trkpt>
      <trkpt lat="37.45631002821028" lon="13.81574003957212">
        <ele>446.55</ele>
      </trkpt>
      <trkpt lat="37.456059996038675" lon="13.81585001014173">
        <ele>447.23</ele>
      </trkpt>
      <trkpt lat="37.45595999993384" lon="13.815869959071279">
        <ele>447.85</ele>
      </trkpt>
      <trkpt lat="37.45592001825571" lon="13.815879933536053">
        <ele>448.42</ele>
      </trkpt>
      <trkpt lat="37.45583997108042" lon="13.815899882465601">
        <ele>448.94</ele>
      </trkpt>
      <trkpt lat="37.45581993833184" lon="13.815910024568439">
        <ele>449.41</ele>
      </trkpt>
      <trkpt lat="37.45580996386707" lon="13.815919915214181">
        <ele>449.82</ele>
      </trkpt>
      <trkpt lat="37.45579001493752" lon="13.815929973497987">
        <ele>450.19</ele>
      </trkpt>
      <trkpt lat="37.45576998218894" lon="13.81598001345992">
        <ele>450.51</ele>
      </trkpt>
      <trkpt lat="37.455609971657395" lon="13.81601999513805">
        <ele>450.79</ele>
      </trkpt>
      <trkpt lat="37.45546001940966" lon="13.816069951280951">
        <ele>451.02</ele>
      </trkpt>
      <trkpt lat="37.4553298484534" lon="13.816119991242886">
        <ele>451.24</ele>
      </trkpt>
      <trkpt lat="37.455175118520856" lon="13.816204816102982">
        <ele>451.41</ele>
      </trkpt>
      <trkpt lat="37.45501996949315" lon="13.816289892420173">
        <ele>451.53</ele>
      </trkpt>
      <trkpt lat="37.45491980575025" lon="13.816064754500985">
        <ele>451.7</ele>
      </trkpt>
      <trkpt lat="37.45481997728348" lon="13.815840035676956">
        <ele>451.82</ele>
      </trkpt>
      <trkpt lat="37.45480002835393" lon="13.81576987914741">
        <ele>451.86</ele>
      </trkpt>
      <trkpt lat="37.45461990125477" lon="13.815859900787473">
        <ele>451.83</ele>
      </trkpt>
      <trkpt lat="37.45458997786045" lon="13.815879933536053">
        <ele>451.81</ele>
      </trkpt>
      <trkpt lat="37.45458997786045" lon="13.815869959071279">
        <ele>451.79</ele>
      </trkpt>
      <trkpt lat="37.45458997786045" lon="13.815859900787473">
        <ele>451.74</ele>
      </trkpt>
      <trkpt lat="37.45458000339568" lon="13.815859900787473">
        <ele>451.66</ele>
      </trkpt>
      <trkpt lat="37.45458000339568" lon="13.81585001014173">
        <ele>451.57</ele>
      </trkpt>
      <trkpt lat="37.45458000339568" lon="13.815840035676956">
        <ele>451.46</ele>
      </trkpt>
      <trkpt lat="37.45456986129284" lon="13.815840035676956">
        <ele>451.34</ele>
      </trkpt>
      <trkpt lat="37.45456986129284" lon="13.81582997739315">
        <ele>451.2</ele>
      </trkpt>
      <trkpt lat="37.4545599706471" lon="13.81582997739315">
        <ele>451.05</ele>
      </trkpt>
      <trkpt lat="37.4545599706471" lon="13.815820002928376">
        <ele>450.89</ele>
      </trkpt>
      <trkpt lat="37.45454999618232" lon="13.815820002928376">
        <ele>450.72</ele>
      </trkpt>
      <trkpt lat="37.45454999618232" lon="13.81580994464457">
        <ele>450.55</ele>
      </trkpt>
      <trkpt lat="37.45454002171755" lon="13.81580994464457">
        <ele>450.38</ele>
      </trkpt>
      <trkpt lat="37.45452996343374" lon="13.81580994464457">
        <ele>450.2</ele>
      </trkpt>
      <trkpt lat="37.45452996343374" lon="13.815799970179796">
        <ele>450.02</ele>
      </trkpt>
      <trkpt lat="37.45451998896897" lon="13.815799970179796">
        <ele>449.85</ele>
      </trkpt>
      <trkpt lat="37.45450993068516" lon="13.815799970179796">
        <ele>449.67</ele>
      </trkpt>
      <trkpt lat="37.45450993068516" lon="13.81580994464457">
        <ele>449.51</ele>
      </trkpt>
      <trkpt lat="37.45450004003942" lon="13.81580994464457">
        <ele>449.35</ele>
      </trkpt>
      <trkpt lat="37.45448989793658" lon="13.81580994464457">
        <ele>449.2</ele>
      </trkpt>
      <trkpt lat="37.45447992347181" lon="13.81580994464457">
        <ele>449.06</ele>
      </trkpt>
      <trkpt lat="37.45447992347181" lon="13.815820002928376">
        <ele>448.93</ele>
      </trkpt>
      <trkpt lat="37.454470032826066" lon="13.815820002928376">
        <ele>448.82</ele>
      </trkpt>
      <trkpt lat="37.454470032826066" lon="13.81582997739315">
        <ele>448.72</ele>
      </trkpt>
      <trkpt lat="37.45445997454226" lon="13.81582997739315">
        <ele>448.64</ele>
      </trkpt>
      <trkpt lat="37.45445997454226" lon="13.815840035676956">
        <ele>448.57</ele>
      </trkpt>
      <trkpt lat="37.45445997454226" lon="13.81585001014173">
        <ele>448.53</ele>
      </trkpt>
      <trkpt lat="37.454450000077486" lon="13.81585001014173">
        <ele>448.5</ele>
      </trkpt>
      <trkpt lat="37.454450000077486" lon="13.815859900787473">
        <ele>448.49</ele>
      </trkpt>
      <trkpt lat="37.454450000077486" lon="13.815869959071279">
        <ele>448.49</ele>
      </trkpt>
      <trkpt lat="37.454450000077486" lon="13.815879933536053">
        <ele>448.52</ele>
      </trkpt>
      <trkpt lat="37.45444002561271" lon="13.815879933536053">
        <ele>448.56</ele>
      </trkpt>
      <trkpt lat="37.45444002561271" lon="13.815889991819859">
        <ele>448.61</ele>
      </trkpt>
      <trkpt lat="37.45444002561271" lon="13.815899882465601">
        <ele>448.68</ele>
      </trkpt>
      <trkpt lat="37.45444002561271" lon="13.815910024568439">
        <ele>448.75</ele>
      </trkpt>
      <trkpt lat="37.454450000077486" lon="13.815919915214181">
        <ele>448.84</ele>
      </trkpt>
      <trkpt lat="37.454450000077486" lon="13.815929973497987">
        <ele>448.92</ele>
      </trkpt>
      <trkpt lat="37.454450000077486" lon="13.815939947962761">
        <ele>449.0</ele>
      </trkpt>
      <trkpt lat="37.45417373254895" lon="13.816096438094974">
        <ele>449.07</ele>
      </trkpt>
      <trkpt lat="37.45389746502042" lon="13.816252844408154">
        <ele>449.15</ele>
      </trkpt>
      <trkpt lat="37.45362086221576" lon="13.81640950217843">
        <ele>449.22</ele>
      </trkpt>
      <trkpt lat="37.45362111367285" lon="13.81640899926424">
        <ele>449.21</ele>
      </trkpt>
      <trkpt lat="37.45363712310791" lon="13.816380500793457">
        <ele>449.12</ele>
      </trkpt>
      <trkpt lat="37.45368003845215" lon="13.816337585449219">
        <ele>448.96</ele>
      </trkpt>
      <trkpt lat="37.453486835584044" lon="13.816037010401487">
        <ele>448.83</ele>
      </trkpt>
      <trkpt lat="37.453293884173036" lon="13.815736770629883">
        <ele>448.59</ele>
      </trkpt>
      <trkpt lat="37.453293800354004" lon="13.815736770629883">
        <ele>448.23</ele>
      </trkpt>
      <trkpt lat="37.45318651199341" lon="13.815844058990479">
        <ele>447.8</ele>
      </trkpt>
      <trkpt lat="37.453079307451844" lon="13.815736770629883">
        <ele>447.33</ele>
      </trkpt>
      <trkpt lat="37.45295056141913" lon="13.815844058990479">
        <ele>446.75</ele>
      </trkpt>
      <trkpt lat="37.452821815386415" lon="13.815994262695312">
        <ele>446.13</ele>
      </trkpt>
      <trkpt lat="37.45297193527222" lon="13.8163161277771">
        <ele>445.56</ele>
      </trkpt>
      <trkpt lat="37.452800273895264" lon="13.816444873809814">
        <ele>444.95</ele>
      </trkpt>
      <trkpt lat="37.452735900878906" lon="13.81657361984253">
        <ele>444.45</ele>
      </trkpt>
      <trkpt lat="37.45271452702582" lon="13.816616535186768">
        <ele>444.03</ele>
      </trkpt>
      <trkpt lat="37.45269298553467" lon="13.81678819656372">
        <ele>443.61</ele>
      </trkpt>
      <trkpt lat="37.45276867412031" lon="13.817027918994427">
        <ele>443.28</ele>
      </trkpt>
      <trkpt lat="37.452844278886914" lon="13.817267306149006">
        <ele>442.97</ele>
      </trkpt>
    </trkseg>
  </trk>
</gpx>
