<?xml version="1.0" encoding="UTF-8"?>
<gpx creator="Garmin Connect" version="1.1"
  xsi:schemaLocation="http://www.topografix.com/GPX/1/1 http://www.topografix.com/GPX/11.xsd"
  xmlns:ns3="http://www.garmin.com/xmlschemas/TrackPointExtension/v1"
  xmlns="http://www.topografix.com/GPX/1/1"
  xmlns:xsi="http://www.w3.org/2001/XMLSchema-instance" xmlns:ns2="http://www.garmin.com/xmlschemas/GpxExtensions/v3">
  <metadata>
    <name>SD07 / Regalbuto - Catania</name>
    <link href="connect.garmin.com">
      <text>Garmin Connect</text>
    </link>
    <time>2026-09-02T17:30:37.000Z</time>
  </metadata>
  <trk>
    <name>SD07 / Regalbuto - Catania</name>
    <trkseg>
      <trkpt lat="37.65191003680229" lon="14.640799853950739">
        <ele>527.43</ele>
      </trkpt>
      <trkpt lat="37.65197776257992" lon="14.640919547528028">
        <ele>527.92</ele>
      </trkpt>
      <trkpt lat="37.65202721580863" lon="14.641031948849559">
        <ele>528.44</ele>
      </trkpt>
      <trkpt lat="37.65197994187474" lon="14.641109984368086">
        <ele>529.08</ele>
      </trkpt>
      <trkpt lat="37.65189000405371" lon="14.641330009326339">
        <ele>529.68</ele>
      </trkpt>
      <trkpt lat="37.65183996409178" lon="14.641430005431175">
        <ele>530.33</ele>
      </trkpt>
      <trkpt lat="37.65163988806307" lon="14.64167995378375">
        <ele>531.15</ele>
      </trkpt>
      <trkpt lat="37.65147996135056" lon="14.641899894922972">
        <ele>531.97</ele>
      </trkpt>
      <trkpt lat="37.65139002352953" lon="14.642219915986061">
        <ele>532.77</ele>
      </trkpt>
      <trkpt lat="37.65137988142669" lon="14.642529962584376">
        <ele>533.89</ele>
      </trkpt>
      <trkpt lat="37.65141248703003" lon="14.64262836612761">
        <ele>534.71</ele>
      </trkpt>
      <trkpt lat="37.65141692943871" lon="14.642759962007403">
        <ele>535.59</ele>
      </trkpt>
      <trkpt lat="37.65146805904806" lon="14.642898682504892">
        <ele>536.32</ele>
      </trkpt>
      <trkpt lat="37.65149504877627" lon="14.643010161817074">
        <ele>537.02</ele>
      </trkpt>
      <trkpt lat="37.651522206142545" lon="14.643120300024748">
        <ele>537.66</ele>
      </trkpt>
      <trkpt lat="37.65156042762101" lon="14.64320344850421">
        <ele>538.18</ele>
      </trkpt>
      <trkpt lat="37.651560762897134" lon="14.643207807093859">
        <ele>538.62</ele>
      </trkpt>
      <trkpt lat="37.65161876566708" lon="14.6433627884835">
        <ele>538.97</ele>
      </trkpt>
      <trkpt lat="37.65163720585406" lon="14.643498407676816">
        <ele>539.26</ele>
      </trkpt>
      <trkpt lat="37.65167341567576" lon="14.64359337463975">
        <ele>539.45</ele>
      </trkpt>
      <trkpt lat="37.65170241706073" lon="14.64372094720602">
        <ele>539.55</ele>
      </trkpt>
      <trkpt lat="37.65171591192484" lon="14.643794456496835">
        <ele>539.63</ele>
      </trkpt>
      <trkpt lat="37.65173762105405" lon="14.643884478136897">
        <ele>539.64</ele>
      </trkpt>
      <trkpt lat="37.651760671287775" lon="14.644054463133216">
        <ele>539.63</ele>
      </trkpt>
      <trkpt lat="37.65176243148744" lon="14.644173234701157">
        <ele>539.6</ele>
      </trkpt>
      <trkpt lat="37.6517646946013" lon="14.644217072054744">
        <ele>539.56</ele>
      </trkpt>
      <trkpt lat="37.651648353785276" lon="14.6442383620888">
        <ele>539.64</ele>
      </trkpt>
      <trkpt lat="37.65154249034822" lon="14.644225873053074">
        <ele>539.77</ele>
      </trkpt>
      <trkpt lat="37.6514433324337" lon="14.644213719293475">
        <ele>539.93</ele>
      </trkpt>
      <trkpt lat="37.65134937129915" lon="14.644223190844059">
        <ele>540.05</ele>
      </trkpt>
      <trkpt lat="37.65126848593354" lon="14.644239787012339">
        <ele>540.14</ele>
      </trkpt>
      <trkpt lat="37.651175782084465" lon="14.644280774518847">
        <ele>540.21</ele>
      </trkpt>
      <trkpt lat="37.65109137631953" lon="14.644361324608326">
        <ele>540.2</ele>
      </trkpt>
      <trkpt lat="37.65101468190551" lon="14.644399713724852">
        <ele>540.15</ele>
      </trkpt>
      <trkpt lat="37.65092524699867" lon="14.644454447552562">
        <ele>540.04</ele>
      </trkpt>
      <trkpt lat="37.65087177045643" lon="14.644466936588287">
        <ele>539.9</ele>
      </trkpt>
      <trkpt lat="37.65084067359567" lon="14.644364761188626">
        <ele>539.75</ele>
      </trkpt>
      <trkpt lat="37.650805385783315" lon="14.644264597445726">
        <ele>539.58</ele>
      </trkpt>
      <trkpt lat="37.650630036368966" lon="14.644180024042726">
        <ele>539.34</ele>
      </trkpt>
      <trkpt lat="37.650480000302196" lon="14.644139958545566">
        <ele>538.99</ele>
      </trkpt>
      <trkpt lat="37.65034002251923" lon="14.644289994612336">
        <ele>538.65</ele>
      </trkpt>
      <trkpt lat="37.65008990652859" lon="14.6444299723953">
        <ele>538.38</ele>
      </trkpt>
      <trkpt lat="37.65001002699137" lon="14.644459895789623">
        <ele>538.01</ele>
      </trkpt>
      <trkpt lat="37.64975052326918" lon="14.644494848325849">
        <ele>537.4</ele>
      </trkpt>
      <trkpt lat="37.649490013718605" lon="14.644529968500137">
        <ele>536.83</ele>
      </trkpt>
      <trkpt lat="37.64940996654332" lon="14.644539942964911">
        <ele>536.48</ele>
      </trkpt>
      <trkpt lat="37.64910997822881" lon="14.64447003789246">
        <ele>536.02</ele>
      </trkpt>
      <trkpt lat="37.64887545257807" lon="14.64445000514388">
        <ele>535.26</ele>
      </trkpt>
      <trkpt lat="37.64864000491798" lon="14.6444299723953">
        <ele>534.39</ele>
      </trkpt>
      <trkpt lat="37.64856004156172" lon="14.64445000514388">
        <ele>533.92</ele>
      </trkpt>
      <trkpt lat="37.6483799982816" lon="14.64459995739162">
        <ele>533.81</ele>
      </trkpt>
      <trkpt lat="37.648159973323345" lon="14.644799949601293">
        <ele>533.72</ele>
      </trkpt>
      <trkpt lat="37.64791991561651" lon="14.644870022311807">
        <ele>533.5</ele>
      </trkpt>
      <trkpt lat="37.64772000722587" lon="14.645000025629997">
        <ele>533.5</ele>
      </trkpt>
      <trkpt lat="37.64759008772671" lon="14.64511988684535">
        <ele>533.51</ele>
      </trkpt>
      <trkpt lat="37.64746000058949" lon="14.645239999517798">
        <ele>533.48</ele>
      </trkpt>
      <trkpt lat="37.64736997894943" lon="14.64543990790844">
        <ele>533.6</ele>
      </trkpt>
      <trkpt lat="37.64735003001988" lon="14.645529929548502">
        <ele>533.84</ele>
      </trkpt>
      <trkpt lat="37.64736000448465" lon="14.64560997672379">
        <ele>534.17</ele>
      </trkpt>
      <trkpt lat="37.64739001169801" lon="14.645709972828627">
        <ele>534.57</ele>
      </trkpt>
      <trkpt lat="37.64754499308765" lon="14.645965117961168">
        <ele>535.16</ele>
      </trkpt>
      <trkpt lat="37.64769997447729" lon="14.646219927817583">
        <ele>535.76</ele>
      </trkpt>
      <trkpt lat="37.64785001054406" lon="14.64655989781022">
        <ele>536.41</ele>
      </trkpt>
      <trkpt lat="37.64795679599047" lon="14.646823592483997">
        <ele>537.04</ele>
      </trkpt>
      <trkpt lat="37.64806358143687" lon="14.647087203338742">
        <ele>537.68</ele>
      </trkpt>
      <trkpt lat="37.64817003160715" lon="14.64734997600317">
        <ele>538.38</ele>
      </trkpt>
      <trkpt lat="37.64828729443252" lon="14.647374954074621">
        <ele>539.28</ele>
      </trkpt>
      <trkpt lat="37.64826977625489" lon="14.647119892761111">
        <ele>540.21</ele>
      </trkpt>
      <trkpt lat="37.64819475822151" lon="14.646879583597183">
        <ele>541.12</ele>
      </trkpt>
      <trkpt lat="37.64811999164522" lon="14.64664002880454">
        <ele>542.08</ele>
      </trkpt>
      <trkpt lat="37.648059809580445" lon="14.646444646641612">
        <ele>543.1</ele>
      </trkpt>
      <trkpt lat="37.6479999627918" lon="14.646250018849969">
        <ele>544.09</ele>
      </trkpt>
      <trkpt lat="37.64788982458413" lon="14.645974589511752">
        <ele>544.98</ele>
      </trkpt>
      <trkpt lat="37.64778002165258" lon="14.64569991454482">
        <ele>545.83</ele>
      </trkpt>
      <trkpt lat="37.64778002165258" lon="14.645620035007596">
        <ele>546.82</ele>
      </trkpt>
      <trkpt lat="37.647799886763096" lon="14.645560020580888">
        <ele>547.84</ele>
      </trkpt>
      <trkpt lat="37.64785001054406" lon="14.645509896799922">
        <ele>548.94</ele>
      </trkpt>
      <trkpt lat="37.64793994836509" lon="14.6454799734056">
        <ele>550.14</ele>
      </trkpt>
      <trkpt lat="37.647989988327026" lon="14.645490031689405">
        <ele>551.33</ele>
      </trkpt>
      <trkpt lat="37.6480499189347" lon="14.645539987832308">
        <ele>552.55</ele>
      </trkpt>
      <trkpt lat="37.64808000996709" lon="14.64560997672379">
        <ele>553.76</ele>
      </trkpt>
      <trkpt lat="37.6481899805367" lon="14.645979953929782">
        <ele>555.18</ele>
      </trkpt>
      <trkpt lat="37.64825996942818" lon="14.646139964461327">
        <ele>556.5</ele>
      </trkpt>
      <trkpt lat="37.64841000549495" lon="14.646436180919409">
        <ele>557.84</ele>
      </trkpt>
      <trkpt lat="37.648560125380754" lon="14.646732481196523">
        <ele>559.17</ele>
      </trkpt>
      <trkpt lat="37.64871024526656" lon="14.647028697654605">
        <ele>560.45</ele>
      </trkpt>
      <trkpt lat="37.64886036515236" lon="14.647324997931719">
        <ele>561.84</ele>
      </trkpt>
      <trkpt lat="37.64900989830494" lon="14.647620040923357">
        <ele>563.23</ele>
      </trkpt>
      <trkpt lat="37.64907997101545" lon="14.647809891030192">
        <ele>564.46</ele>
      </trkpt>
      <trkpt lat="37.64913998544216" lon="14.64803989045322">
        <ele>565.64</ele>
      </trkpt>
      <trkpt lat="37.64922003261745" lon="14.648390589281917">
        <ele>566.71</ele>
      </trkpt>
      <trkpt lat="37.64929982833564" lon="14.648740030825138">
        <ele>567.56</ele>
      </trkpt>
      <trkpt lat="37.64933000318706" lon="14.64898000471294">
        <ele>568.44</ele>
      </trkpt>
      <trkpt lat="37.64935749582946" lon="14.649288039654493">
        <ele>569.28</ele>
      </trkpt>
      <trkpt lat="37.6493850722909" lon="14.64959615841508">
        <ele>570.1</ele>
      </trkpt>
      <trkpt lat="37.64941264875233" lon="14.649904277175665">
        <ele>570.92</ele>
      </trkpt>
      <trkpt lat="37.64943997375667" lon="14.6502098813653">
        <ele>571.81</ele>
      </trkpt>
      <trkpt lat="37.64943997375667" lon="14.650329994037747">
        <ele>572.63</ele>
      </trkpt>
      <trkpt lat="37.64943997375667" lon="14.65068002231419">
        <ele>573.55</ele>
      </trkpt>
      <trkpt lat="37.64942002482712" lon="14.65080994181335">
        <ele>574.32</ele>
      </trkpt>
      <trkpt lat="37.64937995932996" lon="14.650910021737218">
        <ele>575.02</ele>
      </trkpt>
      <trkpt lat="37.64929982833564" lon="14.651040025055408">
        <ele>575.7</ele>
      </trkpt>
      <trkpt lat="37.64916001819074" lon="14.65121990069747">
        <ele>576.35</ele>
      </trkpt>
      <trkpt lat="37.64903990551829" lon="14.651354933157563">
        <ele>577.02</ele>
      </trkpt>
      <trkpt lat="37.64891987666488" lon="14.651489965617657">
        <ele>577.7</ele>
      </trkpt>
      <trkpt lat="37.64887997880578" lon="14.651579987257719">
        <ele>578.33</ele>
      </trkpt>
      <trkpt lat="37.648870004341006" lon="14.651679983362556">
        <ele>579.01</ele>
      </trkpt>
      <trkpt lat="37.6488599460572" lon="14.652035711333156">
        <ele>579.67</ele>
      </trkpt>
      <trkpt lat="37.648849971592426" lon="14.652390014380217">
        <ele>580.17</ele>
      </trkpt>
      <trkpt lat="37.64881988056004" lon="14.652650523930788">
        <ele>580.64</ele>
      </trkpt>
      <trkpt lat="37.64879004098475" lon="14.652910027652979">
        <ele>581.11</ele>
      </trkpt>
      <trkpt lat="37.648719968274236" lon="14.653179924935102">
        <ele>581.6</ele>
      </trkpt>
      <trkpt lat="37.648630030453205" lon="14.653349909931421">
        <ele>582.08</ele>
      </trkpt>
      <trkpt lat="37.64844998717308" lon="14.653597511351109">
        <ele>582.54</ele>
      </trkpt>
      <trkpt lat="37.648269943892956" lon="14.653845028951764">
        <ele>583.01</ele>
      </trkpt>
      <trkpt lat="37.64808990061283" lon="14.65409254655242">
        <ele>583.5</ele>
      </trkpt>
      <trkpt lat="37.64791002497077" lon="14.654339896515012">
        <ele>584.03</ele>
      </trkpt>
      <trkpt lat="37.647859985008836" lon="14.65443997643888">
        <ele>584.4</ele>
      </trkpt>
      <trkpt lat="37.64776644296944" lon="14.654787154868245">
        <ele>584.89</ele>
      </trkpt>
      <trkpt lat="37.64767298474908" lon="14.655134417116642">
        <ele>585.03</ele>
      </trkpt>
      <trkpt lat="37.647580029442906" lon="14.655479919165373">
        <ele>585.11</ele>
      </trkpt>
      <trkpt lat="37.6475699711591" lon="14.65559994801879">
        <ele>585.23</ele>
      </trkpt>
      <trkpt lat="37.647559996694326" lon="14.655740009620786">
        <ele>585.25</ele>
      </trkpt>
      <trkpt lat="37.647580029442906" lon="14.655889878049493">
        <ele>585.26</ele>
      </trkpt>
      <trkpt lat="37.64763677492738" lon="14.656147034838796">
        <ele>585.19</ele>
      </trkpt>
      <trkpt lat="37.64769352041185" lon="14.656404191628098">
        <ele>585.12</ele>
      </trkpt>
      <trkpt lat="37.647750014439225" lon="14.656659923493862">
        <ele>585.1</ele>
      </trkpt>
      <trkpt lat="37.647759988904" lon="14.656809875741601">
        <ele>584.9</ele>
      </trkpt>
      <trkpt lat="37.647759988904" lon="14.656959911808372">
        <ele>584.62</ele>
      </trkpt>
      <trkpt lat="37.64769997447729" lon="14.657310023903847">
        <ele>584.12</ele>
      </trkpt>
      <trkpt lat="37.647669883444905" lon="14.657585537061095">
        <ele>583.66</ele>
      </trkpt>
      <trkpt lat="37.64763996005058" lon="14.6578598767519">
        <ele>583.2</ele>
      </trkpt>
      <trkpt lat="37.64763996005058" lon="14.658040003851056">
        <ele>582.7</ele>
      </trkpt>
      <trkpt lat="37.64765001833439" lon="14.6582000143826">
        <ele>582.16</ele>
      </trkpt>
      <trkpt lat="37.647685054689646" lon="14.658430432900786">
        <ele>581.63</ele>
      </trkpt>
      <trkpt lat="37.64772000722587" lon="14.658659929409623">
        <ele>581.07</ele>
      </trkpt>
      <trkpt lat="37.64772000722587" lon="14.65886989608407">
        <ele>580.54</ele>
      </trkpt>
      <trkpt lat="37.64765999279916" lon="14.65903996489942">
        <ele>579.98</ele>
      </trkpt>
      <trkpt lat="37.64759989455342" lon="14.659139961004257">
        <ele>579.4</ele>
      </trkpt>
      <trkpt lat="37.64743653126061" lon="14.659373313188553">
        <ele>578.77</ele>
      </trkpt>
      <trkpt lat="37.647273167967796" lon="14.65960674919188">
        <ele>578.21</ele>
      </trkpt>
      <trkpt lat="37.64710997231305" lon="14.659839933738112">
        <ele>577.44</ele>
      </trkpt>
      <trkpt lat="37.64706999063492" lon="14.65994001366198">
        <ele>576.76</ele>
      </trkpt>
      <trkpt lat="37.64703000895679" lon="14.66013003140688">
        <ele>576.06</ele>
      </trkpt>
      <trkpt lat="37.647039983421564" lon="14.660425577312708">
        <ele>575.37</ele>
      </trkpt>
      <trkpt lat="37.64705004170537" lon="14.660719949752092">
        <ele>574.63</ele>
      </trkpt>
      <trkpt lat="37.64703989960253" lon="14.660939974710345">
        <ele>573.97</ele>
      </trkpt>
      <trkpt lat="37.64703487046063" lon="14.661295702680945">
        <ele>573.38</ele>
      </trkpt>
      <trkpt lat="37.64703000895679" lon="14.661650005728006">
        <ele>572.82</ele>
      </trkpt>
      <trkpt lat="37.64703989960253" lon="14.661740027368069">
        <ele>572.28</ele>
      </trkpt>
      <trkpt lat="37.64706999063492" lon="14.661819990724325">
        <ele>571.77</ele>
      </trkpt>
      <trkpt lat="37.64712003059685" lon="14.661879921332002">
        <ele>571.33</ele>
      </trkpt>
      <trkpt lat="37.64730476774275" lon="14.66200984083116">
        <ele>571.01</ele>
      </trkpt>
      <trkpt lat="37.64748992398381" lon="14.662139927968383">
        <ele>570.62</ele>
      </trkpt>
      <trkpt lat="37.647580029442906" lon="14.662270015105605">
        <ele>570.22</ele>
      </trkpt>
      <trkpt lat="37.64761003665626" lon="14.662360036745667">
        <ele>569.95</ele>
      </trkpt>
      <trkpt lat="37.64763996005058" lon="14.6626899484545">
        <ele>569.66</ele>
      </trkpt>
      <trkpt lat="37.64768002554774" lon="14.662879966199398">
        <ele>569.49</ele>
      </trkpt>
      <trkpt lat="37.64777507632971" lon="14.663095213472843">
        <ele>569.42</ele>
      </trkpt>
      <trkpt lat="37.64786995947361" lon="14.66331004165113">
        <ele>569.38</ele>
      </trkpt>
      <trkpt lat="37.64793994836509" lon="14.663459993898869">
        <ele>569.36</ele>
      </trkpt>
      <trkpt lat="37.64795998111367" lon="14.663559990003705">
        <ele>569.32</ele>
      </trkpt>
      <trkpt lat="37.64795998111367" lon="14.663639953359962">
        <ele>569.3</ele>
      </trkpt>
      <trkpt lat="37.647929890081286" lon="14.663860397413373">
        <ele>569.32</ele>
      </trkpt>
      <trkpt lat="37.64789988286793" lon="14.664080003276467">
        <ele>569.36</ele>
      </trkpt>
      <trkpt lat="37.64788320288062" lon="14.664373872801661">
        <ele>569.46</ele>
      </trkpt>
      <trkpt lat="37.64786652289331" lon="14.664667826145887">
        <ele>569.56</ele>
      </trkpt>
      <trkpt lat="37.64785001054406" lon="14.664960019290447">
        <ele>569.73</ele>
      </trkpt>
      <trkpt lat="37.647880017757416" lon="14.665150037035346">
        <ele>569.9</ele>
      </trkpt>
      <trkpt lat="37.64791991561651" lon="14.665239974856377">
        <ele>570.08</ele>
      </trkpt>
      <trkpt lat="37.64797003939748" lon="14.665329996496439">
        <ele>570.29</ele>
      </trkpt>
      <trkpt lat="37.6481865439564" lon="14.665543148294091">
        <ele>570.63</ele>
      </trkpt>
      <trkpt lat="37.64840304851532" lon="14.665756383910775">
        <ele>570.97</ele>
      </trkpt>
      <trkpt lat="37.6486199721694" lon="14.665970038622618">
        <ele>571.25</ele>
      </trkpt>
      <trkpt lat="37.64873983338475" lon="14.666179921478033">
        <ele>571.42</ele>
      </trkpt>
      <trkpt lat="37.64877000823617" lon="14.666289975866675">
        <ele>571.59</ele>
      </trkpt>
      <trkpt lat="37.64879004098475" lon="14.666459877043962">
        <ele>571.73</ele>
      </trkpt>
      <trkpt lat="37.64877000823617" lon="14.666669927537441">
        <ele>571.89</ele>
      </trkpt>
      <trkpt lat="37.648699851706624" lon="14.666915349662304">
        <ele>572.09</ele>
      </trkpt>
      <trkpt lat="37.648630030453205" lon="14.66715993359685">
        <ele>572.25</ele>
      </trkpt>
      <trkpt lat="37.64860002323985" lon="14.66728993691504">
        <ele>572.34</ele>
      </trkpt>
      <trkpt lat="37.648589964956045" lon="14.66743997298181">
        <ele>572.38</ele>
      </trkpt>
      <trkpt lat="37.648589964956045" lon="14.667640384286642">
        <ele>572.35</ele>
      </trkpt>
      <trkpt lat="37.648589964956045" lon="14.667840041220188">
        <ele>572.27</ele>
      </trkpt>
      <trkpt lat="37.64854998327792" lon="14.66801991686225">
        <ele>572.22</ele>
      </trkpt>
      <trkpt lat="37.64849994331598" lon="14.668119996786118">
        <ele>572.14</ele>
      </trkpt>
      <trkpt lat="37.648419979959726" lon="14.668239941820502">
        <ele>572.07</ele>
      </trkpt>
      <trkpt lat="37.64821998775005" lon="14.668473294004798">
        <ele>572.06</ele>
      </trkpt>
      <trkpt lat="37.64801999554038" lon="14.668706562370062">
        <ele>572.08</ele>
      </trkpt>
      <trkpt lat="37.64782000333071" lon="14.66893999837339">
        <ele>571.94</ele>
      </trkpt>
      <trkpt lat="37.64778002165258" lon="14.669060027226806">
        <ele>571.87</ele>
      </trkpt>
      <trkpt lat="37.64776996336877" lon="14.66917997226119">
        <ele>571.84</ele>
      </trkpt>
      <trkpt lat="37.64780198223889" lon="14.669534610584378">
        <ele>571.9</ele>
      </trkpt>
      <trkpt lat="37.647834084928036" lon="14.669889332726598">
        <ele>571.84</ele>
      </trkpt>
      <trkpt lat="37.64786610379815" lon="14.670244054868817">
        <ele>571.74</ele>
      </trkpt>
      <trkpt lat="37.6478982064873" lon="14.670598777011037">
        <ele>571.51</ele>
      </trkpt>
      <trkpt lat="37.64792997390032" lon="14.670949894934893">
        <ele>571.27</ele>
      </trkpt>
      <trkpt lat="37.6479500066489" lon="14.671339988708496">
        <ele>571.14</ele>
      </trkpt>
      <trkpt lat="37.64792997390032" lon="14.671599995344877">
        <ele>571.09</ele>
      </trkpt>
      <trkpt lat="37.64789988286793" lon="14.671729998663068">
        <ele>570.99</ele>
      </trkpt>
      <trkpt lat="37.64780977740884" lon="14.672060497105122">
        <ele>570.83</ele>
      </trkpt>
      <trkpt lat="37.64772000722587" lon="14.672389905899763">
        <ele>570.74</ele>
      </trkpt>
      <trkpt lat="37.64766996726394" lon="14.67257003299892">
        <ele>570.65</ele>
      </trkpt>
      <trkpt lat="37.64765001833439" lon="14.67278997413814">
        <ele>570.56</ele>
      </trkpt>
      <trkpt lat="37.64766996726394" lon="14.672910002991557">
        <ele>570.49</ele>
      </trkpt>
      <trkpt lat="37.64772000722587" lon="14.67304989695549">
        <ele>570.47</ele>
      </trkpt>
      <trkpt lat="37.64788177795708" lon="14.673366900533438">
        <ele>570.45</ele>
      </trkpt>
      <trkpt lat="37.64804354868829" lon="14.673683820292354">
        <ele>570.38</ele>
      </trkpt>
      <trkpt lat="37.6482053194195" lon="14.67400074005127">
        <ele>570.33</ele>
      </trkpt>
      <trkpt lat="37.648367173969746" lon="14.674317659810185">
        <ele>570.34</ele>
      </trkpt>
      <trkpt lat="37.648528944700956" lon="14.674634579569101">
        <ele>570.37</ele>
      </trkpt>
      <trkpt lat="37.64868996106088" lon="14.674949990585446">
        <ele>570.41</ele>
      </trkpt>
      <trkpt lat="37.64874997548759" lon="14.675040012225509">
        <ele>570.43</ele>
      </trkpt>
      <trkpt lat="37.648870004341006" lon="14.67510991729796">
        <ele>570.49</ele>
      </trkpt>
      <trkpt lat="37.64893999323249" lon="14.675119975581765">
        <ele>570.51</ele>
      </trkpt>
      <trkpt lat="37.6490000076592" lon="14.675100026652217">
        <ele>570.46</ele>
      </trkpt>
      <trkpt lat="37.64912003651261" lon="14.675029953941703">
        <ele>570.44</ele>
      </trkpt>
      <trkpt lat="37.6493398938328" lon="14.67484999448061">
        <ele>570.48</ele>
      </trkpt>
      <trkpt lat="37.6494299992919" lon="14.67480992898345">
        <ele>570.37</ele>
      </trkpt>
      <trkpt lat="37.64952002093196" lon="14.674800038337708">
        <ele>570.21</ele>
      </trkpt>
      <trkpt lat="37.64959000982344" lon="14.67480992898345">
        <ele>570.03</ele>
      </trkpt>
      <trkpt lat="37.64965991489589" lon="14.67484999448061">
        <ele>569.77</ele>
      </trkpt>
      <trkpt lat="37.64972001314163" lon="14.674910008907318">
        <ele>569.45</ele>
      </trkpt>
      <trkpt lat="37.64975999481976" lon="14.674970023334026">
        <ele>569.06</ele>
      </trkpt>
      <trkpt lat="37.649830067530274" lon="14.67522039078176">
        <ele>568.52</ele>
      </trkpt>
      <trkpt lat="37.649899972602725" lon="14.675470003858209">
        <ele>567.91</ele>
      </trkpt>
      <trkpt lat="37.65002008527517" lon="14.675710229203105">
        <ele>567.34</ele>
      </trkpt>
      <trkpt lat="37.65014003030956" lon="14.675949951633811">
        <ele>566.78</ele>
      </trkpt>
      <trkpt lat="37.65017003752291" lon="14.67613996937871">
        <ele>566.09</ele>
      </trkpt>
      <trkpt lat="37.650180011987686" lon="14.676509946584702">
        <ele>565.39</ele>
      </trkpt>
      <trkpt lat="37.65017003752291" lon="14.676619917154312">
        <ele>564.64</ele>
      </trkpt>
      <trkpt lat="37.650070041418076" lon="14.676859974861145">
        <ele>563.67</ele>
      </trkpt>
      <trkpt lat="37.650029975920916" lon="14.67697991989553">
        <ele>562.76</ele>
      </trkpt>
      <trkpt lat="37.64999996870756" lon="14.6771299559623">
        <ele>561.84</ele>
      </trkpt>
      <trkpt lat="37.64995998702943" lon="14.67747000977397">
        <ele>560.86</ele>
      </trkpt>
      <trkpt lat="37.64995998702943" lon="14.67768995091319">
        <ele>559.82</ele>
      </trkpt>
      <trkpt lat="37.64998999424279" lon="14.678010642528534">
        <ele>558.76</ele>
      </trkpt>
      <trkpt lat="37.65002008527517" lon="14.678331250324845">
        <ele>557.59</ele>
      </trkpt>
      <trkpt lat="37.650050008669496" lon="14.678650014102459">
        <ele>556.29</ele>
      </trkpt>
      <trkpt lat="37.6500999648124" lon="14.67891002073884">
        <ele>554.97</ele>
      </trkpt>
      <trkpt lat="37.650200044736266" lon="14.679150246083736">
        <ele>553.68</ele>
      </trkpt>
      <trkpt lat="37.6503000408411" lon="14.67938988469541">
        <ele>552.32</ele>
      </trkpt>
      <trkpt lat="37.65032988041639" lon="14.679509997367859">
        <ele>550.86</ele>
      </trkpt>
      <trkpt lat="37.65034991316497" lon="14.679719964042306">
        <ele>549.37</ele>
      </trkpt>
      <trkpt lat="37.65032988041639" lon="14.679830018430948">
        <ele>547.79</ele>
      </trkpt>
      <trkpt lat="37.65022368170321" lon="14.680144423618913">
        <ele>546.02</ele>
      </trkpt>
      <trkpt lat="37.65011756680906" lon="14.680458912625909">
        <ele>544.1</ele>
      </trkpt>
      <trkpt lat="37.65001145191491" lon="14.680773317813873">
        <ele>542.12</ele>
      </trkpt>
      <trkpt lat="37.649905337020755" lon="14.68108780682087">
        <ele>540.23</ele>
      </trkpt>
      <trkpt lat="37.64979997649789" lon="14.68140003271401">
        <ele>538.32</ele>
      </trkpt>
      <trkpt lat="37.64971003867686" lon="14.68159994110465">
        <ele>536.34</ele>
      </trkpt>
      <trkpt lat="37.64956989325583" lon="14.68180999159813">
        <ele>534.27</ele>
      </trkpt>
      <trkpt lat="37.6494299992919" lon="14.682019958272576">
        <ele>532.18</ele>
      </trkpt>
      <trkpt lat="37.6493398938328" lon="14.682139903306961">
        <ele>530.18</ele>
      </trkpt>
      <trkpt lat="37.64926998876035" lon="14.682190027087927">
        <ele>528.19</ele>
      </trkpt>
      <trkpt lat="37.64913998544216" lon="14.682209976017475">
        <ele>526.18</ele>
      </trkpt>
      <trkpt lat="37.64902004040778" lon="14.68217988498509">
        <ele>524.18</ele>
      </trkpt>
      <trkpt lat="37.64897000044584" lon="14.682149961590767">
        <ele>522.17</ele>
      </trkpt>
      <trkpt lat="37.648870004341006" lon="14.68202993273735">
        <ele>520.13</ele>
      </trkpt>
      <trkpt lat="37.6487148553133" lon="14.681734722107649">
        <ele>518.05</ele>
      </trkpt>
      <trkpt lat="37.64856004156172" lon="14.681440014392138">
        <ele>515.88</ele>
      </trkpt>
      <trkpt lat="37.64840983785689" lon="14.681147234514356">
        <ele>513.78</ele>
      </trkpt>
      <trkpt lat="37.64825971797109" lon="14.680854454636574">
        <ele>511.72</ele>
      </trkpt>
      <trkpt lat="37.648109598085284" lon="14.680561674758792">
        <ele>509.61</ele>
      </trkpt>
      <trkpt lat="37.64795998111367" lon="14.68026990070939">
        <ele>507.42</ele>
      </trkpt>
      <trkpt lat="37.64785001054406" lon="14.680130006745458">
        <ele>505.2</ele>
      </trkpt>
      <trkpt lat="37.64778002165258" lon="14.68009002506733">
        <ele>502.95</ele>
      </trkpt>
      <trkpt lat="37.64765001833439" lon="14.680060017853975">
        <ele>500.57</ele>
      </trkpt>
      <trkpt lat="37.6475200150162" lon="14.680099915713072">
        <ele>498.18</ele>
      </trkpt>
      <trkpt lat="37.647450026124716" lon="14.680150039494038">
        <ele>495.86</ele>
      </trkpt>
      <trkpt lat="37.64739001169801" lon="14.68022002838552">
        <ele>493.54</ele>
      </trkpt>
      <trkpt lat="37.64729001559317" lon="14.680419936776161">
        <ele>491.14</ele>
      </trkpt>
      <trkpt lat="37.647239891812205" lon="14.68065002001822">
        <ele>488.78</ele>
      </trkpt>
      <trkpt lat="37.64720980077982" lon="14.681002646684647">
        <ele>486.49</ele>
      </trkpt>
      <trkpt lat="37.647179793566465" lon="14.681355357170105">
        <ele>484.19</ele>
      </trkpt>
      <trkpt lat="37.64714978635311" lon="14.681708067655563">
        <ele>481.8</ele>
      </trkpt>
      <trkpt lat="37.647119695320725" lon="14.682060778141022">
        <ele>479.45</ele>
      </trkpt>
      <trkpt lat="37.6470900233835" lon="14.682409968227148">
        <ele>477.16</ele>
      </trkpt>
      <trkpt lat="37.64705004170537" lon="14.682589927688241">
        <ele>474.82</ele>
      </trkpt>
      <trkpt lat="37.647000001743436" lon="14.682660000398755">
        <ele>472.47</ele>
      </trkpt>
      <trkpt lat="37.64687997289002" lon="14.682750022038817">
        <ele>470.01</ele>
      </trkpt>
      <trkpt lat="37.64681995846331" lon="14.682769970968366">
        <ele>467.71</ele>
      </trkpt>
      <trkpt lat="37.64670001342893" lon="14.682750022038817">
        <ele>465.35</ele>
      </trkpt>
      <trkpt lat="37.64658987522125" lon="14.68266997486353">
        <ele>463.09</ele>
      </trkpt>
      <trkpt lat="37.64650999568403" lon="14.682509880512953">
        <ele>460.91</ele>
      </trkpt>
      <trkpt lat="37.646449813619256" lon="14.682179298251867">
        <ele>458.83</ele>
      </trkpt>
      <trkpt lat="37.64638988301158" lon="14.681849973276258">
        <ele>456.81</ele>
      </trkpt>
      <trkpt lat="37.64635995961726" lon="14.681760035455227">
        <ele>454.85</ele>
      </trkpt>
      <trkpt lat="37.64625996351242" lon="14.68161997385323">
        <ele>452.82</ele>
      </trkpt>
      <trkpt lat="37.646119985729456" lon="14.68157990835607">
        <ele>450.84</ele>
      </trkpt>
      <trkpt lat="37.645989982411265" lon="14.681630032137036">
        <ele>449.03</ele>
      </trkpt>
      <trkpt lat="37.6458999607712" lon="14.681729944422841">
        <ele>447.32</ele>
      </trkpt>
      <trkpt lat="37.64587003737688" lon="14.681819882243872">
        <ele>445.75</ele>
      </trkpt>
      <trkpt lat="37.645846568048" lon="14.68211056664586">
        <ele>444.28</ele>
      </trkpt>
      <trkpt lat="37.64582318253815" lon="14.682401167228818">
        <ele>442.84</ele>
      </trkpt>
      <trkpt lat="37.64579996466637" lon="14.68269000761211">
        <ele>441.5</ele>
      </trkpt>
      <trkpt lat="37.64576995745301" lon="14.682899974286556">
        <ele>440.29</ele>
      </trkpt>
      <trkpt lat="37.64568001963198" lon="14.683069959282875">
        <ele>439.16</ele>
      </trkpt>
      <trkpt lat="37.64543761499226" lon="14.683317309245467">
        <ele>438.07</ele>
      </trkpt>
      <trkpt lat="37.64519521035254" lon="14.683564743027091">
        <ele>437.25</ele>
      </trkpt>
      <trkpt lat="37.64495280571282" lon="14.683812176808715">
        <ele>436.63</ele>
      </trkpt>
      <trkpt lat="37.64470998197794" lon="14.684060029685497">
        <ele>436.08</ele>
      </trkpt>
      <trkpt lat="37.64454988762736" lon="14.6843499597162">
        <ele>435.48</ele>
      </trkpt>
      <trkpt lat="37.64446481131017" lon="14.684550203382969">
        <ele>435.04</ele>
      </trkpt>
      <trkpt lat="37.644379986450076" lon="14.684750027954578">
        <ele>434.72</ele>
      </trkpt>
      <trkpt lat="37.64431997202337" lon="14.68499000184238">
        <ele>434.62</ele>
      </trkpt>
      <trkpt lat="37.64427999034524" lon="14.685220001265407">
        <ele>434.62</ele>
      </trkpt>
      <trkpt lat="37.64422584325075" lon="14.685572627931833">
        <ele>434.69</ele>
      </trkpt>
      <trkpt lat="37.644171779975295" lon="14.685925338417292">
        <ele>434.8</ele>
      </trkpt>
      <trkpt lat="37.64411763288081" lon="14.68627804890275">
        <ele>435.11</ele>
      </trkpt>
      <trkpt lat="37.64406356960535" lon="14.686630759388208">
        <ele>435.57</ele>
      </trkpt>
      <trkpt lat="37.64400992542505" lon="14.686980033293366">
        <ele>436.16</ele>
      </trkpt>
      <trkpt lat="37.64396483078599" lon="14.687290582805872">
        <ele>436.87</ele>
      </trkpt>
      <trkpt lat="37.64391998760402" lon="14.687599875032902">
        <ele>437.67</ele>
      </trkpt>
      <trkpt lat="37.64389492571354" lon="14.68787052668631">
        <ele>438.64</ele>
      </trkpt>
      <trkpt lat="37.64387003146112" lon="14.688140004873276">
        <ele>439.76</ele>
      </trkpt>
      <trkpt lat="37.643864918500185" lon="14.688395485281944">
        <ele>441.0</ele>
      </trkpt>
      <trkpt lat="37.64385988935828" lon="14.6886498760432">
        <ele>442.37</ele>
      </trkpt>
      <trkpt lat="37.64385653659701" lon="14.68903242610395">
        <ele>443.86</ele>
      </trkpt>
      <trkpt lat="37.643853183835745" lon="14.689414892345667">
        <ele>445.44</ele>
      </trkpt>
      <trkpt lat="37.64384991489351" lon="14.689797358587384">
        <ele>447.06</ele>
      </trkpt>
      <trkpt lat="37.64384656213224" lon="14.690179824829102">
        <ele>448.77</ele>
      </trkpt>
      <trkpt lat="37.64384329319" lon="14.690562291070819">
        <ele>450.55</ele>
      </trkpt>
      <trkpt lat="37.643840024247766" lon="14.690939979627728">
        <ele>452.4</ele>
      </trkpt>
      <trkpt lat="37.64383491128683" lon="14.691335773095489">
        <ele>454.33</ele>
      </trkpt>
      <trkpt lat="37.64382996596396" lon="14.691729974001646">
        <ele>456.38</ele>
      </trkpt>
      <trkpt lat="37.64378998428583" lon="14.692089892923832">
        <ele>458.43</ele>
      </trkpt>
      <trkpt lat="37.64371999539435" lon="14.692349899560213">
        <ele>460.48</ele>
      </trkpt>
      <trkpt lat="37.64362997375429" lon="14.69250999391079">
        <ele>462.48</ele>
      </trkpt>
      <trkpt lat="37.64339997433126" lon="14.69277000054717">
        <ele>464.53</ele>
      </trkpt>
      <trkpt lat="37.64317810535431" lon="14.692963790148497">
        <ele>466.52</ele>
      </trkpt>
      <trkpt lat="37.64295623637736" lon="14.693157663568854">
        <ele>468.56</ele>
      </trkpt>
      <trkpt lat="37.64273445121944" lon="14.693351536989212">
        <ele>470.6</ele>
      </trkpt>
      <trkpt lat="37.64251258224249" lon="14.69354541040957">
        <ele>472.53</ele>
      </trkpt>
      <trkpt lat="37.64228995889425" lon="14.693739954382181">
        <ele>474.45</ele>
      </trkpt>
      <trkpt lat="37.64214998111129" lon="14.693899964913726">
        <ele>476.38</ele>
      </trkpt>
      <trkpt lat="37.64198485761881" lon="14.69414253719151">
        <ele>478.12</ele>
      </trkpt>
      <trkpt lat="37.64181981794536" lon="14.694385109469295">
        <ele>479.65</ele>
      </trkpt>
      <trkpt lat="37.64165477827191" lon="14.694627681747079">
        <ele>481.06</ele>
      </trkpt>
      <trkpt lat="37.64148999005556" lon="14.694870002567768">
        <ele>482.34</ele>
      </trkpt>
      <trkpt lat="37.64131656847894" lon="14.695120034739375">
        <ele>483.65</ele>
      </trkpt>
      <trkpt lat="37.64114314690232" lon="14.695370066910982">
        <ele>484.93</ele>
      </trkpt>
      <trkpt lat="37.640969809144735" lon="14.69562018290162">
        <ele>486.16</ele>
      </trkpt>
      <trkpt lat="37.640796387568116" lon="14.695870215073228">
        <ele>487.26</ele>
      </trkpt>
      <trkpt lat="37.64062304981053" lon="14.696120331063867">
        <ele>488.21</ele>
      </trkpt>
      <trkpt lat="37.64044996351004" lon="14.696370027959347">
        <ele>488.96</ele>
      </trkpt>
      <trkpt lat="37.640319960191846" lon="14.696519980207086">
        <ele>489.43</ele>
      </trkpt>
      <trkpt lat="37.64021996408701" lon="14.696610001847148">
        <ele>489.78</ele>
      </trkpt>
      <trkpt lat="37.6401099935174" lon="14.696670016273856">
        <ele>490.0</ele>
      </trkpt>
      <trkpt lat="37.63984998688102" lon="14.696749895811081">
        <ele>490.1</ele>
      </trkpt>
      <trkpt lat="37.639800030738115" lon="14.696800019592047">
        <ele>490.05</ele>
      </trkpt>
      <trkpt lat="37.63974999077618" lon="14.696890041232109">
        <ele>489.87</ele>
      </trkpt>
      <trkpt lat="37.63973004184663" lon="14.696990037336946">
        <ele>489.55</ele>
      </trkpt>
      <trkpt lat="37.63973004184663" lon="14.697120040655136">
        <ele>489.16</ele>
      </trkpt>
      <trkpt lat="37.639759965240955" lon="14.697209978476167">
        <ele>488.61</ele>
      </trkpt>
      <trkpt lat="37.63984998688102" lon="14.697349956259131">
        <ele>487.87</ele>
      </trkpt>
      <trkpt lat="37.64007478952408" lon="14.69756486825645">
        <ele>486.86</ele>
      </trkpt>
      <trkpt lat="37.6403000112623" lon="14.697779947891831">
        <ele>485.69</ele>
      </trkpt>
      <trkpt lat="37.6403898652643" lon="14.697909951210022">
        <ele>484.6</ele>
      </trkpt>
      <trkpt lat="37.640552474185824" lon="14.69819518737495">
        <ele>483.33</ele>
      </trkpt>
      <trkpt lat="37.64071508310735" lon="14.698480339720845">
        <ele>482.03</ele>
      </trkpt>
      <trkpt lat="37.64087769202888" lon="14.698765492066741">
        <ele>480.78</ele>
      </trkpt>
      <trkpt lat="37.64103988185525" lon="14.699049890041351">
        <ele>479.45</ele>
      </trkpt>
      <trkpt lat="37.641110038384795" lon="14.699209984391928">
        <ele>478.14</ele>
      </trkpt>
      <trkpt lat="37.64116996899247" lon="14.699439899995923">
        <ele>476.85</ele>
      </trkpt>
      <trkpt lat="37.641220008954406" lon="14.699715496972203">
        <ele>475.54</ele>
      </trkpt>
      <trkpt lat="37.64126996509731" lon="14.69998992048204">
        <ele>474.16</ele>
      </trkpt>
      <trkpt lat="37.64131003059447" lon="14.700354030355811">
        <ele>472.78</ele>
      </trkpt>
      <trkpt lat="37.64135009609163" lon="14.700718056410551">
        <ele>471.4</ele>
      </trkpt>
      <trkpt lat="37.64138991013169" lon="14.701079986989498">
        <ele>470.1</ele>
      </trkpt>
      <trkpt lat="37.641450092196465" lon="14.701360445469618">
        <ele>468.72</ele>
      </trkpt>
      <trkpt lat="37.641510190442204" lon="14.70164098776877">
        <ele>467.28</ele>
      </trkpt>
      <trkpt lat="37.64157003723085" lon="14.70192002132535">
        <ele>465.86</ele>
      </trkpt>
      <trkpt lat="37.6415899861604" lon="14.70205002464354">
        <ele>464.48</ele>
      </trkpt>
      <trkpt lat="37.64158001169562" lon="14.70215991139412">
        <ele>463.14</ele>
      </trkpt>
      <trkpt lat="37.641540030017495" lon="14.702359903603792">
        <ele>461.78</ele>
      </trkpt>
      <trkpt lat="37.641499964520335" lon="14.70243995077908">
        <ele>460.48</ele>
      </trkpt>
      <trkpt lat="37.64141991734505" lon="14.702519997954369">
        <ele>459.21</ele>
      </trkpt>
      <trkpt lat="37.64125009998679" lon="14.702669866383076">
        <ele>458.02</ele>
      </trkpt>
      <trkpt lat="37.64108003117144" lon="14.702819986268878">
        <ele>456.9</ele>
      </trkpt>
      <trkpt lat="37.64095497317612" lon="14.702959964051843">
        <ele>455.59</ele>
      </trkpt>
      <trkpt lat="37.6408299151808" lon="14.703100025653839">
        <ele>454.3</ele>
      </trkpt>
      <trkpt lat="37.640643920749426" lon="14.703344022855163">
        <ele>452.83</ele>
      </trkpt>
      <trkpt lat="37.64045792631805" lon="14.703588020056486">
        <ele>451.49</ele>
      </trkpt>
      <trkpt lat="37.64027193188667" lon="14.70383201725781">
        <ele>450.15</ele>
      </trkpt>
      <trkpt lat="37.6400859374553" lon="14.704076014459133">
        <ele>448.82</ele>
      </trkpt>
      <trkpt lat="37.63990002684295" lon="14.704320011660457">
        <ele>447.55</ele>
      </trkpt>
      <trkpt lat="37.63971327804029" lon="14.7045733127743">
        <ele>446.24</ele>
      </trkpt>
      <trkpt lat="37.63952661305666" lon="14.704826697707176">
        <ele>445.06</ele>
      </trkpt>
      <trkpt lat="37.63934003189206" lon="14.70507999882102">
        <ele>443.91</ele>
      </trkpt>
      <trkpt lat="37.63915194198489" lon="14.705348052084446">
        <ele>442.56</ele>
      </trkpt>
      <trkpt lat="37.63896385207772" lon="14.705616105347872">
        <ele>441.29</ele>
      </trkpt>
      <trkpt lat="37.638775845989585" lon="14.705884158611298">
        <ele>440.03</ele>
      </trkpt>
      <trkpt lat="37.638587756082416" lon="14.706152211874723">
        <ele>438.81</ele>
      </trkpt>
      <trkpt lat="37.63840000145137" lon="14.706419929862022">
        <ele>437.77</ele>
      </trkpt>
      <trkpt lat="37.63830000534654" lon="14.706549933180213">
        <ele>436.7</ele>
      </trkpt>
      <trkpt lat="37.63811996206641" lon="14.706659987568855">
        <ele>435.69</ele>
      </trkpt>
      <trkpt lat="37.6380099914968" lon="14.70668999478221">
        <ele>434.72</ele>
      </trkpt>
      <trkpt lat="37.63778996653855" lon="14.70668999478221">
        <ele>433.77</ele>
      </trkpt>
      <trkpt lat="37.6375799998641" lon="14.706620005890727">
        <ele>432.94</ele>
      </trkpt>
      <trkpt lat="37.63744999654591" lon="14.706539958715439">
        <ele>432.23</ele>
      </trkpt>
      <trkpt lat="37.63727003708482" lon="14.70641003921628">
        <ele>431.61</ele>
      </trkpt>
      <trkpt lat="37.63712000101805" lon="14.70634994097054">
        <ele>430.96</ele>
      </trkpt>
      <trkpt lat="37.637029979377985" lon="14.70632990822196">
        <ele>430.36</ele>
      </trkpt>
      <trkpt lat="37.63673552311957" lon="14.706349857151508">
        <ele>429.7</ele>
      </trkpt>
      <trkpt lat="37.63643997721374" lon="14.70636997371912">
        <ele>429.19</ele>
      </trkpt>
      <trkpt lat="37.63619706965983" lon="14.70642319880426">
        <ele>428.73</ele>
      </trkpt>
      <trkpt lat="37.63595424592495" lon="14.706476423889399">
        <ele>428.39</ele>
      </trkpt>
      <trkpt lat="37.63570999726653" lon="14.706529900431633">
        <ele>428.15</ele>
      </trkpt>
      <trkpt lat="37.63559985905886" lon="14.706559991464019">
        <ele>428.01</ele>
      </trkpt>
      <trkpt lat="37.63547002337873" lon="14.70662989653647">
        <ele>427.97</ele>
      </trkpt>
      <trkpt lat="37.63528000563383" lon="14.70679996535182">
        <ele>428.02</ele>
      </trkpt>
      <trkpt lat="37.63515989296138" lon="14.706949917599559">
        <ele>428.09</ele>
      </trkpt>
      <trkpt lat="37.635039864107966" lon="14.70709995366633">
        <ele>428.29</ele>
      </trkpt>
      <trkpt lat="37.63492997735739" lon="14.707180000841618">
        <ele>428.58</ele>
      </trkpt>
      <trkpt lat="37.63482998125255" lon="14.707219982519746">
        <ele>428.9</ele>
      </trkpt>
      <trkpt lat="37.63465002179146" lon="14.707259880378842">
        <ele>429.34</ele>
      </trkpt>
      <trkpt lat="37.63461993075907" lon="14.70722995698452">
        <ele>429.83</ele>
      </trkpt>
      <trkpt lat="37.63459000736475" lon="14.70720992423594">
        <ele>430.39</ele>
      </trkpt>
      <trkpt lat="37.63455002568662" lon="14.707219982519746">
        <ele>431.02</ele>
      </trkpt>
      <trkpt lat="37.63452001847327" lon="14.707259880378842">
        <ele>431.71</ele>
      </trkpt>
      <trkpt lat="37.63452001847327" lon="14.707330036908388">
        <ele>432.46</ele>
      </trkpt>
      <trkpt lat="37.63446997851133" lon="14.707349985837936">
        <ele>433.32</ele>
      </trkpt>
      <trkpt lat="37.63436000794172" lon="14.707469930872321">
        <ele>434.27</ele>
      </trkpt>
      <trkpt lat="37.634239979088306" lon="14.707719963043928">
        <ele>435.26</ele>
      </trkpt>
      <trkpt lat="37.634109975770116" lon="14.70806990750134">
        <ele>436.31</ele>
      </trkpt>
      <trkpt lat="37.63406001962721" lon="14.708139896392822">
        <ele>437.47</ele>
      </trkpt>
      <trkpt lat="37.63393001630902" lon="14.70826000906527">
        <ele>438.74</ele>
      </trkpt>
      <trkpt lat="37.633755169808865" lon="14.708364782854915">
        <ele>440.15</ele>
      </trkpt>
      <trkpt lat="37.63357998803258" lon="14.708469975739717">
        <ele>441.59</ele>
      </trkpt>
      <trkpt lat="37.633346216753125" lon="14.70861372537911">
        <ele>443.06</ele>
      </trkpt>
      <trkpt lat="37.6331125292927" lon="14.708757558837533">
        <ele>444.52</ele>
      </trkpt>
      <trkpt lat="37.63287884183228" lon="14.708901392295957">
        <ele>446.07</ele>
      </trkpt>
      <trkpt lat="37.63264515437186" lon="14.70904522575438">
        <ele>447.68</ele>
      </trkpt>
      <trkpt lat="37.63240987434983" lon="14.709189897403121">
        <ele>449.49</ele>
      </trkpt>
      <trkpt lat="37.63235002756119" lon="14.70924991182983">
        <ele>451.22</ele>
      </trkpt>
      <trkpt lat="37.632280038669705" lon="14.70941998064518">
        <ele>453.02</ele>
      </trkpt>
      <trkpt lat="37.632280038669705" lon="14.709729943424463">
        <ele>454.87</ele>
      </trkpt>
      <trkpt lat="37.63230501674116" lon="14.709975449368358">
        <ele>456.77</ele>
      </trkpt>
      <trkpt lat="37.63232999481261" lon="14.710219949483871">
        <ele>458.66</ele>
      </trkpt>
      <trkpt lat="37.63232999481261" lon="14.710309887304902">
        <ele>460.55</ele>
      </trkpt>
      <trkpt lat="37.63229001313448" lon="14.710420025512576">
        <ele>462.48</ele>
      </trkpt>
      <trkpt lat="37.63209345750511" lon="14.710599817335606">
        <ele>464.56</ele>
      </trkpt>
      <trkpt lat="37.631896901875734" lon="14.710779692977667">
        <ele>466.6</ele>
      </trkpt>
      <trkpt lat="37.6316999271512" lon="14.710959987714887">
        <ele>468.54</ele>
      </trkpt>
      <trkpt lat="37.63147688470781" lon="14.711109772324562">
        <ele>470.57</ele>
      </trkpt>
      <trkpt lat="37.631253842264414" lon="14.71125964075327">
        <ele>472.62</ele>
      </trkpt>
      <trkpt lat="37.6310299616307" lon="14.711410012096167">
        <ele>474.66</ele>
      </trkpt>
      <trkpt lat="37.63088998384774" lon="14.71156993880868">
        <ele>476.62</ele>
      </trkpt>
      <trkpt lat="37.63078001327813" lon="14.7117898799479">
        <ele>478.47</ele>
      </trkpt>
      <trkpt lat="37.630689824" lon="14.71205365844071">
        <ele>480.36</ele>
      </trkpt>
      <trkpt lat="37.63059971854091" lon="14.712317353114486">
        <ele>482.27</ele>
      </trkpt>
      <trkpt lat="37.63051003217697" lon="14.71257995814085">
        <ele>484.13</ele>
      </trkpt>
      <trkpt lat="37.63038480654359" lon="14.7129141446203">
        <ele>486.12</ele>
      </trkpt>
      <trkpt lat="37.63025966472924" lon="14.713248331099749">
        <ele>487.99</ele>
      </trkpt>
      <trkpt lat="37.63013452291489" lon="14.713582517579198">
        <ele>489.7</ele>
      </trkpt>
      <trkpt lat="37.630009297281504" lon="14.713916704058647">
        <ele>491.31</ele>
      </trkpt>
      <trkpt lat="37.62988415546715" lon="14.714250890538096">
        <ele>493.01</ele>
      </trkpt>
      <trkpt lat="37.6297590136528" lon="14.714585160836577">
        <ele>494.66</ele>
      </trkpt>
      <trkpt lat="37.62963378801942" lon="14.714919347316027">
        <ele>496.16</ele>
      </trkpt>
      <trkpt lat="37.629509987309575" lon="14.715249929577112">
        <ele>497.66</ele>
      </trkpt>
      <trkpt lat="37.62944997288287" lon="14.715340035036206">
        <ele>498.96</ele>
      </trkpt>
      <trkpt lat="37.629360035061836" lon="14.715359900146723">
        <ele>500.25</ele>
      </trkpt>
      <trkpt lat="37.62928996235132" lon="14.715320002287626">
        <ele>501.48</ele>
      </trkpt>
      <trkpt lat="37.62924000620842" lon="14.71522000618279">
        <ele>502.66</ele>
      </trkpt>
      <trkpt lat="37.629230031743646" lon="14.715009955689311">
        <ele>503.78</ele>
      </trkpt>
      <trkpt lat="37.62927671894431" lon="14.71462924964726">
        <ele>504.77</ele>
      </trkpt>
      <trkpt lat="37.62932348996401" lon="14.714248459786177">
        <ele>505.48</ele>
      </trkpt>
      <trkpt lat="37.62937000952661" lon="14.71386993303895">
        <ele>506.15</ele>
      </trkpt>
      <trkpt lat="37.62937000952661" lon="14.71373992972076">
        <ele>506.92</ele>
      </trkpt>
      <trkpt lat="37.629340002313256" lon="14.713629959151149">
        <ele>507.66</ele>
      </trkpt>
      <trkpt lat="37.62926992960274" lon="14.71354991197586">
        <ele>508.38</ele>
      </trkpt>
      <trkpt lat="37.62926967814565" lon="14.713549828156829">
        <ele>508.38</ele>
      </trkpt>
      <trkpt lat="37.62915995903313" lon="14.713540021330118">
        <ele>509.09</ele>
      </trkpt>
      <trkpt lat="37.62903003953397" lon="14.71358997747302">
        <ele>509.77</ele>
      </trkpt>
      <trkpt lat="37.62897999957204" lon="14.713639933615923">
        <ele>510.48</ele>
      </trkpt>
      <trkpt lat="37.62894001789391" lon="14.713710006326437">
        <ele>511.18</ele>
      </trkpt>
      <trkpt lat="37.628910010680556" lon="14.713809918612242">
        <ele>511.85</ele>
      </trkpt>
      <trkpt lat="37.62881990522146" lon="14.714109906926751">
        <ele>512.56</ele>
      </trkpt>
      <trkpt lat="37.62874991632998" lon="14.714259942993522">
        <ele>513.26</ele>
      </trkpt>
      <trkpt lat="37.62855000793934" lon="14.714509975165129">
        <ele>513.92</ele>
      </trkpt>
      <trkpt lat="37.62829997576773" lon="14.714720025658607">
        <ele>514.5</ele>
      </trkpt>
      <trkpt lat="37.62815002351999" lon="14.714799905195832">
        <ele>515.15</ele>
      </trkpt>
      <trkpt lat="37.62797023169696" lon="14.71490484662354">
        <ele>515.9</ele>
      </trkpt>
      <trkpt lat="37.627790020778775" lon="14.715009955689311">
        <ele>516.8</ele>
      </trkpt>
      <trkpt lat="37.62759673409164" lon="14.715219922363758">
        <ele>517.77</ele>
      </trkpt>
      <trkpt lat="37.627403447404504" lon="14.715429889038205">
        <ele>518.77</ele>
      </trkpt>
      <trkpt lat="37.62720990926027" lon="14.715640023350716">
        <ele>519.72</ele>
      </trkpt>
      <trkpt lat="37.62714000418782" lon="14.715770026668906">
        <ele>520.58</ele>
      </trkpt>
      <trkpt lat="37.627060040831566" lon="14.71610002219677">
        <ele>521.39</ele>
      </trkpt>
      <trkpt lat="37.62703003361821" lon="14.71616992726922">
        <ele>522.25</ele>
      </trkpt>
      <trkpt lat="37.626959877088666" lon="14.71623002551496">
        <ele>523.18</ele>
      </trkpt>
      <trkpt lat="37.626910004764795" lon="14.71623002551496">
        <ele>524.12</ele>
      </trkpt>
      <trkpt lat="37.626869939267635" lon="14.71620999276638">
        <ele>525.06</ele>
      </trkpt>
      <trkpt lat="37.62684999033809" lon="14.71616992726922">
        <ele>525.97</ele>
      </trkpt>
      <trkpt lat="37.62684001587331" lon="14.716109912842512">
        <ele>526.87</ele>
      </trkpt>
      <trkpt lat="37.62689005583525" lon="14.715894581750035">
        <ele>527.72</ele>
      </trkpt>
      <trkpt lat="37.62694001197815" lon="14.715679921209812">
        <ele>528.61</ele>
      </trkpt>
      <trkpt lat="37.62698007747531" lon="14.71538269892335">
        <ele>529.52</ele>
      </trkpt>
      <trkpt lat="37.62702014297247" lon="14.715085476636887">
        <ele>530.34</ele>
      </trkpt>
      <trkpt lat="37.627060040831566" lon="14.71479001455009">
        <ele>531.16</ele>
      </trkpt>
      <trkpt lat="37.627040008082986" lon="14.714739974588156">
        <ele>532.09</ele>
      </trkpt>
      <trkpt lat="37.6269700191915" lon="14.714669901877642">
        <ele>533.11</ele>
      </trkpt>
      <trkpt lat="37.626869939267635" lon="14.714679960161448">
        <ele>534.23</ele>
      </trkpt>
      <trkpt lat="37.62681000865996" lon="14.71476998180151">
        <ele>535.39</ele>
      </trkpt>
      <trkpt lat="37.62679995037615" lon="14.715015487745404">
        <ele>536.52</ele>
      </trkpt>
      <trkpt lat="37.62678997591138" lon="14.715259987860918">
        <ele>537.65</ele>
      </trkpt>
      <trkpt lat="37.62674999423325" lon="14.715429972857237">
        <ele>538.77</ele>
      </trkpt>
      <trkpt lat="37.62666986323893" lon="14.715675311163068">
        <ele>539.94</ele>
      </trkpt>
      <trkpt lat="37.626589983701706" lon="14.715919978916645">
        <ele>541.13</ele>
      </trkpt>
      <trkpt lat="37.626464841887355" lon="14.716145116835833">
        <ele>542.38</ele>
      </trkpt>
      <trkpt lat="37.62634003534913" lon="14.716369919478893">
        <ele>543.57</ele>
      </trkpt>
      <trkpt lat="37.62626996263862" lon="14.716429933905602">
        <ele>544.81</ele>
      </trkpt>
      <trkpt lat="37.62621992267668" lon="14.716429933905602">
        <ele>546.05</ele>
      </trkpt>
      <trkpt lat="37.626139959320426" lon="14.71636002883315">
        <ele>547.4</ele>
      </trkpt>
      <trkpt lat="37.62612001039088" lon="14.716299930587411">
        <ele>548.66</ele>
      </trkpt>
      <trkpt lat="37.62612998485565" lon="14.71623002551496">
        <ele>549.9</ele>
      </trkpt>
      <trkpt lat="37.62626510113478" lon="14.71588452346623">
        <ele>551.12</ele>
      </trkpt>
      <trkpt lat="37.626399882137775" lon="14.71554002724588">
        <ele>552.23</ele>
      </trkpt>
      <trkpt lat="37.62641488574445" lon="14.715334502980113">
        <ele>553.55</ele>
      </trkpt>
      <trkpt lat="37.62642997317016" lon="14.715129984542727">
        <ele>554.82</ele>
      </trkpt>
      <trkpt lat="37.62641002424061" lon="14.714949941262603">
        <ele>556.09</ele>
      </trkpt>
      <trkpt lat="37.62629996985197" lon="14.714699992910028">
        <ele>557.39</ele>
      </trkpt>
      <trkpt lat="37.62626996263862" lon="14.7146600112319">
        <ele>558.77</ele>
      </trkpt>
      <trkpt lat="37.62622998096049" lon="14.7146600112319">
        <ele>560.26</ele>
      </trkpt>
      <trkpt lat="37.62618999928236" lon="14.714669901877642">
        <ele>561.78</ele>
      </trkpt>
      <trkpt lat="37.62615001760423" lon="14.71470988355577">
        <ele>563.37</ele>
      </trkpt>
      <trkpt lat="37.626139959320426" lon="14.714760007336736">
        <ele>564.96</ele>
      </trkpt>
      <trkpt lat="37.626180024817586" lon="14.714999981224537">
        <ele>566.61</ele>
      </trkpt>
      <trkpt lat="37.62616996653378" lon="14.71517994068563">
        <ele>568.24</ele>
      </trkpt>
      <trkpt lat="37.62605999596417" lon="14.715470038354397">
        <ele>570.14</ele>
      </trkpt>
      <trkpt lat="37.625909792259336" lon="14.715765248984098">
        <ele>572.09</ele>
      </trkpt>
      <trkpt lat="37.62576000764966" lon="14.71605995669961">
        <ele>573.61</ele>
      </trkpt>
      <trkpt lat="37.625644924119115" lon="14.716215021908283">
        <ele>575.26</ele>
      </trkpt>
      <trkpt lat="37.62553000822663" lon="14.716369919478893">
        <ele>576.92</ele>
      </trkpt>
      <trkpt lat="37.625474855303764" lon="14.716575276106596">
        <ele>578.43</ele>
      </trkpt>
      <trkpt lat="37.62542003765702" lon="14.716779878363013">
        <ele>580.02</ele>
      </trkpt>
      <trkpt lat="37.6253399066627" lon="14.71693997271359">
        <ele>581.66</ele>
      </trkpt>
      <trkpt lat="37.62517997995019" lon="14.71722001209855">
        <ele>583.32</ele>
      </trkpt>
      <trkpt lat="37.625024914741516" lon="14.717420004308224">
        <ele>585.13</ele>
      </trkpt>
      <trkpt lat="37.624870017170906" lon="14.717619996517897">
        <ele>586.65</ele>
      </trkpt>
      <trkpt lat="37.624809918925166" lon="14.71784002147615">
        <ele>588.12</ele>
      </trkpt>
      <trkpt lat="37.62474998831749" lon="14.718089886009693">
        <ele>589.51</ele>
      </trkpt>
      <trkpt lat="37.62471000663936" lon="14.718169933184981">
        <ele>590.96</ele>
      </trkpt>
      <trkpt lat="37.62465996667743" lon="14.71822994761169">
        <ele>592.42</ele>
      </trkpt>
      <trkpt lat="37.62441001832485" lon="14.718419965356588">
        <ele>594.03</ele>
      </trkpt>
      <trkpt lat="37.62432988733053" lon="14.71848995424807">
        <ele>595.49</ele>
      </trkpt>
      <trkpt lat="37.62422000057995" lon="14.718630015850067">
        <ele>597.0</ele>
      </trkpt>
      <trkpt lat="37.62409997172654" lon="14.71885004080832">
        <ele>598.57</ele>
      </trkpt>
      <trkpt lat="37.62408002279699" lon="14.719029916450381">
        <ele>600.08</ele>
      </trkpt>
      <trkpt lat="37.62412000447512" lon="14.71923996694386">
        <ele>601.45</ele>
      </trkpt>
      <trkpt lat="37.62422511354089" lon="14.719565436244011">
        <ele>602.62</ele>
      </trkpt>
      <trkpt lat="37.62432988733053" lon="14.719889899715781">
        <ele>603.96</ele>
      </trkpt>
      <trkpt lat="37.62445000000298" lon="14.720080085098743">
        <ele>605.26</ele>
      </trkpt>
      <trkpt lat="37.6245700288564" lon="14.72027001902461">
        <ele>606.65</ele>
      </trkpt>
      <trkpt lat="37.62477002106607" lon="14.72044000402093">
        <ele>607.87</ele>
      </trkpt>
      <trkpt lat="37.6248599588871" lon="14.7204898763448">
        <ele>609.17</ele>
      </trkpt>
      <trkpt lat="37.62494998052716" lon="14.72050990909338">
        <ele>610.38</ele>
      </trkpt>
      <trkpt lat="37.625169502571225" lon="14.720490043982863">
        <ele>611.49</ele>
      </trkpt>
      <trkpt lat="37.62539003044367" lon="14.720469927415252">
        <ele>612.57</ele>
      </trkpt>
      <trkpt lat="37.62544987723231" lon="14.7204898763448">
        <ele>613.74</ele>
      </trkpt>
      <trkpt lat="37.62550997547805" lon="14.720540000125766">
        <ele>614.99</ele>
      </trkpt>
      <trkpt lat="37.62567996047437" lon="14.720839988440275">
        <ele>616.12</ele>
      </trkpt>
      <trkpt lat="37.62572002597153" lon="14.720990024507046">
        <ele>617.19</ele>
      </trkpt>
      <trkpt lat="37.62572002597153" lon="14.721120027825236">
        <ele>618.43</ele>
      </trkpt>
      <trkpt lat="37.62565003708005" lon="14.7214500233531">
        <ele>620.06</ele>
      </trkpt>
      <trkpt lat="37.62559002265334" lon="14.721569884568453">
        <ele>621.27</ele>
      </trkpt>
      <trkpt lat="37.62548994272947" lon="14.72166988067329">
        <ele>622.47</ele>
      </trkpt>
      <trkpt lat="37.62529003433883" lon="14.72179988399148">
        <ele>623.85</ele>
      </trkpt>
      <trkpt lat="37.625149972736835" lon="14.72196995280683">
        <ele>624.96</ele>
      </trkpt>
      <trkpt lat="37.62511996552348" lon="14.722070032730699">
        <ele>626.0</ele>
      </trkpt>
      <trkpt lat="37.62503991834819" lon="14.722389969974756">
        <ele>626.9</ele>
      </trkpt>
      <trkpt lat="37.62497001327574" lon="14.722519973292947">
        <ele>627.93</ele>
      </trkpt>
      <trkpt lat="37.62489994056523" lon="14.72254989668727">
        <ele>629.06</ele>
      </trkpt>
      <trkpt lat="37.62474998831749" lon="14.72260999493301">
        <ele>630.26</ele>
      </trkpt>
      <trkpt lat="37.62464001774788" lon="14.722689958289266">
        <ele>631.22</ele>
      </trkpt>
      <trkpt lat="37.62445008382201" lon="14.722864804789424">
        <ele>632.28</ele>
      </trkpt>
      <trkpt lat="37.62425998225808" lon="14.72303998656571">
        <ele>633.37</ele>
      </trkpt>
      <trkpt lat="37.6241899933666" lon="14.72312992438674">
        <ele>634.39</ele>
      </trkpt>
      <trkpt lat="37.62412997893989" lon="14.72323989495635">
        <ele>635.41</ele>
      </trkpt>
      <trkpt lat="37.62406988069415" lon="14.72344022244215">
        <ele>636.41</ele>
      </trkpt>
      <trkpt lat="37.624010033905506" lon="14.723639963194728">
        <ele>637.45</ele>
      </trkpt>
      <trkpt lat="37.62393996119499" lon="14.723789999261498">
        <ele>638.52</ele>
      </trkpt>
      <trkpt lat="37.62374491430819" lon="14.724080096930265">
        <ele>639.51</ele>
      </trkpt>
      <trkpt lat="37.62355003505945" lon="14.724370026960969">
        <ele>640.33</ele>
      </trkpt>
      <trkpt lat="37.6235200278461" lon="14.724459964782">
        <ele>641.21</ele>
      </trkpt>
      <trkpt lat="37.62346990406513" lon="14.724655263125896">
        <ele>642.1</ele>
      </trkpt>
      <trkpt lat="37.62342003174126" lon="14.72484989091754">
        <ele>643.09</ele>
      </trkpt>
      <trkpt lat="37.623324897140265" lon="14.725045105442405">
        <ele>644.19</ele>
      </trkpt>
      <trkpt lat="37.62323001399636" lon="14.725239900872111">
        <ele>645.23</ele>
      </trkpt>
      <trkpt lat="37.62320000678301" lon="14.72549001686275">
        <ele>646.13</ele>
      </trkpt>
      <trkpt lat="37.62326002120972" lon="14.725829986855388">
        <ele>646.94</ele>
      </trkpt>
      <trkpt lat="37.623279970139265" lon="14.72589997574687">
        <ele>647.83</ele>
      </trkpt>
      <trkpt lat="37.62344006448984" lon="14.726190157234669">
        <ele>648.83</ele>
      </trkpt>
      <trkpt lat="37.62359990738332" lon="14.72648000344634">
        <ele>649.91</ele>
      </trkpt>
      <trkpt lat="37.62366998009384" lon="14.726559966802597">
        <ele>650.82</ele>
      </trkpt>
      <trkpt lat="37.623824793845415" lon="14.726674798876047">
        <ele>651.66</ele>
      </trkpt>
      <trkpt lat="37.62398002669215" lon="14.726789882406592">
        <ele>652.55</ele>
      </trkpt>
      <trkpt lat="37.624010033905506" lon="14.726840006187558">
        <ele>653.48</ele>
      </trkpt>
      <trkpt lat="37.624175073578954" lon="14.72715524956584">
        <ele>654.55</ele>
      </trkpt>
      <trkpt lat="37.624339861795306" lon="14.7274699062109">
        <ele>655.54</ele>
      </trkpt>
      <trkpt lat="37.6244799233973" lon="14.72776997834444">
        <ele>656.47</ele>
      </trkpt>
      <trkpt lat="37.624613447114825" lon="14.728117072954774">
        <ele>657.43</ele>
      </trkpt>
      <trkpt lat="37.62474697083235" lon="14.728464167565107">
        <ele>658.49</ele>
      </trkpt>
      <trkpt lat="37.62487999163568" lon="14.728810004889965">
        <ele>659.57</ele>
      </trkpt>
      <trkpt lat="37.62494000606239" lon="14.72901988774538">
        <ele>660.46</ele>
      </trkpt>
      <trkpt lat="37.62494998052716" lon="14.729200014844537">
        <ele>661.28</ele>
      </trkpt>
      <trkpt lat="37.62494000606239" lon="14.729330018162727">
        <ele>662.07</ele>
      </trkpt>
      <trkpt lat="37.62488988228142" lon="14.729579882696271">
        <ele>662.73</ele>
      </trkpt>
      <trkpt lat="37.62484000995755" lon="14.729720028117299">
        <ele>663.44</ele>
      </trkpt>
      <trkpt lat="37.624740013852715" lon="14.729950027540326">
        <ele>664.1</ele>
      </trkpt>
      <trkpt lat="37.62456483207643" lon="14.730245154350996">
        <ele>664.64</ele>
      </trkpt>
      <trkpt lat="37.62438998557627" lon="14.73054002970457">
        <ele>665.36</ele>
      </trkpt>
      <trkpt lat="37.62422000057995" lon="14.730739938095212">
        <ele>666.11</ele>
      </trkpt>
      <trkpt lat="37.62403517961502" lon="14.730879832059145">
        <ele>666.71</ele>
      </trkpt>
      <trkpt lat="37.62385002337396" lon="14.731019893661141">
        <ele>667.27</ele>
      </trkpt>
      <trkpt lat="37.62374994345009" lon="14.731169929727912">
        <ele>667.99</ele>
      </trkpt>
      <trkpt lat="37.62363980524242" lon="14.731540493667126">
        <ele>668.91</ele>
      </trkpt>
      <trkpt lat="37.62353000231087" lon="14.731909967958927">
        <ele>669.76</ele>
      </trkpt>
      <trkpt lat="37.62342891655862" lon="14.732157401740551">
        <ele>670.42</ele>
      </trkpt>
      <trkpt lat="37.623327830806375" lon="14.732404919341207">
        <ele>671.0</ele>
      </trkpt>
      <trkpt lat="37.623227164149284" lon="14.732651514932513">
        <ele>671.51</ele>
      </trkpt>
      <trkpt lat="37.6231899484992" lon="14.732810016721487">
        <ele>671.9</ele>
      </trkpt>
      <trkpt lat="37.62317997403443" lon="14.73281990736723">
        <ele>672.29</ele>
      </trkpt>
      <trkpt lat="37.62316991575062" lon="14.73283994011581">
        <ele>672.63</ele>
      </trkpt>
      <trkpt lat="37.62314988300204" lon="14.73285997286439">
        <ele>672.92</ele>
      </trkpt>
      <trkpt lat="37.62310001067817" lon="14.732919987291098">
        <ele>673.18</ele>
      </trkpt>
      <trkpt lat="37.62301987968385" lon="14.73298997618258">
        <ele>673.4</ele>
      </trkpt>
      <trkpt lat="37.62287998571992" lon="14.73314001224935">
        <ele>673.62</ele>
      </trkpt>
      <trkpt lat="37.62281997129321" lon="14.73324989899993">
        <ele>673.67</ele>
      </trkpt>
      <trkpt lat="37.62277001515031" lon="14.733349978923798">
        <ele>673.66</ele>
      </trkpt>
      <trkpt lat="37.622700026258826" lon="14.73354997113347">
        <ele>673.57</ele>
      </trkpt>
      <trkpt lat="37.62267001904547" lon="14.733619876205921">
        <ele>673.46</ele>
      </trkpt>
      <trkpt lat="37.622639928013086" lon="14.733690032735467">
        <ele>673.29</ele>
      </trkpt>
      <trkpt lat="37.62260003015399" lon="14.73376002162695">
        <ele>673.04</ele>
      </trkpt>
      <trkpt lat="37.62254982255399" lon="14.733820036053658">
        <ele>672.84</ele>
      </trkpt>
      <trkpt lat="37.62248000130057" lon="14.73389002494514">
        <ele>672.51</ele>
      </trkpt>
      <trkpt lat="37.62238997966051" lon="14.733969988301396">
        <ele>672.19</ele>
      </trkpt>
      <trkpt lat="37.622229969128966" lon="14.734209962189198">
        <ele>671.79</ele>
      </trkpt>
      <trkpt lat="37.62219996191561" lon="14.734290009364486">
        <ele>671.43</ele>
      </trkpt>
      <trkpt lat="37.622169870883226" lon="14.7342599183321">
        <ele>671.03</ele>
      </trkpt>
      <trkpt lat="37.62215000577271" lon="14.73423988558352">
        <ele>670.6</ele>
      </trkpt>
      <trkpt lat="37.622119998559356" lon="14.734209962189198">
        <ele>670.16</ele>
      </trkpt>
      <trkpt lat="37.62211002409458" lon="14.73419001325965">
        <ele>669.69</ele>
      </trkpt>
      <trkpt lat="37.62206995859742" lon="14.734089933335781">
        <ele>669.2</ele>
      </trkpt>
      <trkpt lat="37.621949929744005" lon="14.734244998544455">
        <ele>668.73</ele>
      </trkpt>
      <trkpt lat="37.62182998470962" lon="14.734399979934096">
        <ele>668.15</ele>
      </trkpt>
      <trkpt lat="37.62169998139143" lon="14.73455990664661">
        <ele>667.75</ele>
      </trkpt>
      <trkpt lat="37.62165002524853" lon="14.73457993939519">
        <ele>667.23</ele>
      </trkpt>
      <trkpt lat="37.62162001803517" lon="14.734589997678995">
        <ele>666.74</ele>
      </trkpt>
      <trkpt lat="37.621609875932336" lon="14.734589997678995">
        <ele>666.29</ele>
      </trkpt>
      <trkpt lat="37.62159998528659" lon="14.73459997214377">
        <ele>665.87</ele>
      </trkpt>
      <trkpt lat="37.62156997807324" lon="14.73462000489235">
        <ele>665.45</ele>
      </trkpt>
      <trkpt lat="37.62148004025221" lon="14.734699968248606">
        <ele>665.07</ele>
      </trkpt>
      <trkpt lat="37.62143997475505" lon="14.734720000997186">
        <ele>664.71</ele>
      </trkpt>
      <trkpt lat="37.62133000418544" lon="14.734789989888668">
        <ele>664.36</ele>
      </trkpt>
      <trkpt lat="37.62127988040447" lon="14.734810022637248">
        <ele>664.05</ele>
      </trkpt>
      <trkpt lat="37.621239982545376" lon="14.73483994603157">
        <ele>663.81</ele>
      </trkpt>
      <trkpt lat="37.62113990262151" lon="14.734899960458279">
        <ele>663.58</ele>
      </trkpt>
      <trkpt lat="37.62112003751099" lon="14.734909934923053">
        <ele>663.42</ele>
      </trkpt>
      <trkpt lat="37.62097000144422" lon="14.73502996377647">
        <ele>663.34</ele>
      </trkpt>
      <trkpt lat="37.62090998701751" lon="14.73507002927363">
        <ele>663.29</ele>
      </trkpt>
      <trkpt lat="37.62086003087461" lon="14.735129959881306">
        <ele>663.27</ele>
      </trkpt>
      <trkpt lat="37.620830023661256" lon="14.735170025378466">
        <ele>663.28</ele>
      </trkpt>
      <trkpt lat="37.620809990912676" lon="14.73520003259182">
        <ele>663.34</ele>
      </trkpt>
      <trkpt lat="37.62073002755642" lon="14.735339926555753">
        <ele>663.47</ele>
      </trkpt>
      <trkpt lat="37.62070999480784" lon="14.735409999266267">
        <ele>663.64</ele>
      </trkpt>
      <trkpt lat="37.620700020343065" lon="14.73545995540917">
        <ele>663.85</ele>
      </trkpt>
      <trkpt lat="37.62070999480784" lon="14.735540002584457">
        <ele>664.12</ele>
      </trkpt>
      <trkpt lat="37.62070999480784" lon="14.735579984262586">
        <ele>664.39</ele>
      </trkpt>
      <trkpt lat="37.62073002755642" lon="14.735619882121682">
        <ele>664.74</ele>
      </trkpt>
      <trkpt lat="37.62074997648597" lon="14.735670005902648">
        <ele>665.09</ele>
      </trkpt>
      <trkpt lat="37.6208000164479" lon="14.735769918188453">
        <ele>665.49</ele>
      </trkpt>
      <trkpt lat="37.620830023661256" lon="14.735809899866581">
        <ele>665.9</ele>
      </trkpt>
      <trkpt lat="37.62084988877177" lon="14.73584988154471">
        <ele>666.31</ele>
      </trkpt>
      <trkpt lat="37.62090001255274" lon="14.735900005325675">
        <ele>666.78</ele>
      </trkpt>
      <trkpt lat="37.620939994230866" lon="14.735949961468577">
        <ele>667.25</ele>
      </trkpt>
      <trkpt lat="37.6209900341928" lon="14.73599991761148">
        <ele>667.73</ele>
      </trkpt>
      <trkpt lat="37.62103001587093" lon="14.736050041392446">
        <ele>668.19</ele>
      </trkpt>
      <trkpt lat="37.62106002308428" lon="14.736089939251542">
        <ele>668.64</ele>
      </trkpt>
      <trkpt lat="37.62107997201383" lon="14.736099997535348">
        <ele>669.07</ele>
      </trkpt>
      <trkpt lat="37.62114996090531" lon="14.736199909821153">
        <ele>669.53</ele>
      </trkpt>
      <trkpt lat="37.62117996811867" lon="14.736259924247861">
        <ele>669.88</ele>
      </trkpt>
      <trkpt lat="37.62120000086725" lon="14.736269982531667">
        <ele>670.27</ele>
      </trkpt>
      <trkpt lat="37.621239982545376" lon="14.7363200224936">
        <ele>670.62</ele>
      </trkpt>
      <trkpt lat="37.62126998975873" lon="14.736369894817472">
        <ele>670.94</ele>
      </trkpt>
      <trkpt lat="37.62131994590163" lon="14.736439967527986">
        <ele>671.25</ele>
      </trkpt>
      <trkpt lat="37.62140988372266" lon="14.736590003594756">
        <ele>671.55</ele>
      </trkpt>
      <trkpt lat="37.62146000750363" lon="14.73668991588056">
        <ele>671.77</ele>
      </trkpt>
      <trkpt lat="37.62148004025221" lon="14.736740039661527">
        <ele>671.98</ele>
      </trkpt>
      <trkpt lat="37.62149001471698" lon="14.736759904772043">
        <ele>672.2</ele>
      </trkpt>
      <trkpt lat="37.62149001471698" lon="14.736799886450171">
        <ele>672.36</ele>
      </trkpt>
      <trkpt lat="37.62149001471698" lon="14.736839951947331">
        <ele>672.51</ele>
      </trkpt>
      <trkpt lat="37.62149001471698" lon="14.73687993362546">
        <ele>672.66</ele>
      </trkpt>
      <trkpt lat="37.62149998918176" lon="14.736910024657845">
        <ele>672.82</ele>
      </trkpt>
      <trkpt lat="37.62150996364653" lon="14.7369400318712">
        <ele>672.98</ele>
      </trkpt>
      <trkpt lat="37.621519938111305" lon="14.736969955265522">
        <ele>673.13</ele>
      </trkpt>
      <trkpt lat="37.62152999639511" lon="14.736999962478876">
        <ele>673.27</ele>
      </trkpt>
      <trkpt lat="37.62155002914369" lon="14.73702996969223">
        <ele>673.43</ele>
      </trkpt>
      <trkpt lat="37.621580036357045" lon="14.737089984118938">
        <ele>673.55</ele>
      </trkpt>
      <trkpt lat="37.621609875932336" lon="14.737129965797067">
        <ele>673.71</ele>
      </trkpt>
      <trkpt lat="37.62165002524853" lon="14.73715997301042">
        <ele>673.89</ele>
      </trkpt>
      <trkpt lat="37.621690006926656" lon="14.737180005759">
        <ele>674.08</ele>
      </trkpt>
      <trkpt lat="37.62173996306956" lon="14.737189896404743">
        <ele>674.31</ele>
      </trkpt>
      <trkpt lat="37.621799977496266" lon="14.737209929153323">
        <ele>674.54</ele>
      </trkpt>
      <trkpt lat="37.62183987535536" lon="14.737219987437129">
        <ele>674.76</ele>
      </trkpt>
      <trkpt lat="37.62187994085252" lon="14.737219987437129">
        <ele>674.98</ele>
      </trkpt>
      <trkpt lat="37.62191003188491" lon="14.737219987437129">
        <ele>675.18</ele>
      </trkpt>
      <trkpt lat="37.62192998081446" lon="14.737219987437129">
        <ele>675.36</ele>
      </trkpt>
      <trkpt lat="37.62195998802781" lon="14.737209929153323">
        <ele>675.54</ele>
      </trkpt>
      <trkpt lat="37.62198002077639" lon="14.737209929153323">
        <ele>675.7</ele>
      </trkpt>
      <trkpt lat="37.622010027989745" lon="14.737209929153323">
        <ele>675.83</ele>
      </trkpt>
      <trkpt lat="37.62202997691929" lon="14.737209929153323">
        <ele>675.93</ele>
      </trkpt>
      <trkpt lat="37.62206995859742" lon="14.737209929153323">
        <ele>676.04</ele>
      </trkpt>
      <trkpt lat="37.62211002409458" lon="14.737219987437129">
        <ele>676.11</ele>
      </trkpt>
      <trkpt lat="37.62215989641845" lon="14.737240020185709">
        <ele>676.15</ele>
      </trkpt>
      <trkpt lat="37.622270034626126" lon="14.737280001863837">
        <ele>676.18</ele>
      </trkpt>
      <trkpt lat="37.6223299652338" lon="14.737300034612417">
        <ele>676.2</ele>
      </trkpt>
      <trkpt lat="37.62241001240909" lon="14.737340016290545">
        <ele>676.2</ele>
      </trkpt>
      <trkpt lat="37.62245988473296" lon="14.737359881401062">
        <ele>676.16</ele>
      </trkpt>
      <trkpt lat="37.62248000130057" lon="14.737410005182028">
        <ele>676.07</ele>
      </trkpt>
      <trkpt lat="37.62251000851393" lon="14.73745996132493">
        <ele>675.95</ele>
      </trkpt>
      <trkpt lat="37.62253004126251" lon="14.73750002682209">
        <ele>675.81</ele>
      </trkpt>
      <trkpt lat="37.62255996465683" lon="14.73754989914596">
        <ele>675.67</ele>
      </trkpt>
      <trkpt lat="37.62258988805115" lon="14.73758996464312">
        <ele>675.5</ele>
      </trkpt>
      <trkpt lat="37.622639928013086" lon="14.737679902464151">
        <ele>675.3</ele>
      </trkpt>
      <trkpt lat="37.622679993510246" lon="14.737730026245117">
        <ele>675.11</ele>
      </trkpt>
      <trkpt lat="37.62271989136934" lon="14.737790040671825">
        <ele>674.88</ele>
      </trkpt>
      <trkpt lat="37.62273992411792" lon="14.73784988746047">
        <ele>674.62</ele>
      </trkpt>
      <trkpt lat="37.6227599568665" lon="14.73788995295763">
        <ele>674.37</ele>
      </trkpt>
      <trkpt lat="37.62277001515031" lon="14.73793001845479">
        <ele>674.1</ele>
      </trkpt>
      <trkpt lat="37.62277998961508" lon="14.737990032881498">
        <ele>673.81</ele>
      </trkpt>
      <trkpt lat="37.62277998961508" lon="14.7380399890244">
        <ele>673.52</ele>
      </trkpt>
      <trkpt lat="37.62277998961508" lon="14.738069912418723">
        <ele>673.25</ele>
      </trkpt>
      <trkpt lat="37.62277998961508" lon="14.738100003451109">
        <ele>672.98</ele>
      </trkpt>
      <trkpt lat="37.62277001515031" lon="14.738120036199689">
        <ele>672.7</ele>
      </trkpt>
      <trkpt lat="37.6227599568665" lon="14.738139985129237">
        <ele>672.47</ele>
      </trkpt>
      <trkpt lat="37.62274998240173" lon="14.738160017877817">
        <ele>672.26</ele>
      </trkpt>
      <trkpt lat="37.62273992411792" lon="14.738179966807365">
        <ele>672.08</ele>
      </trkpt>
      <trkpt lat="37.62271989136934" lon="14.738199999555945">
        <ele>671.9</ele>
      </trkpt>
      <trkpt lat="37.6227100007236" lon="14.738259930163622">
        <ele>671.79</ele>
      </trkpt>
      <trkpt lat="37.6227100007236" lon="14.73829991184175">
        <ele>671.72</ele>
      </trkpt>
      <trkpt lat="37.62268996797502" lon="14.738369900733232">
        <ele>671.58</ele>
      </trkpt>
      <trkpt lat="37.622659960761666" lon="14.7384699806571">
        <ele>671.55</ele>
      </trkpt>
      <trkpt lat="37.622570022940636" lon="14.73868003115058">
        <ele>671.61</ele>
      </trkpt>
      <trkpt lat="37.62254001572728" lon="14.73876996897161">
        <ele>671.76</ele>
      </trkpt>
      <trkpt lat="37.62251000851393" lon="14.73874993622303">
        <ele>671.8</ele>
      </trkpt>
      <trkpt lat="37.6224198192358" lon="14.738950179889798">
        <ele>672.1</ele>
      </trkpt>
      <trkpt lat="37.6223299652338" lon="14.739150004461408">
        <ele>672.43</ele>
      </trkpt>
      <trkpt lat="37.622184958308935" lon="14.739340022206306">
        <ele>672.74</ele>
      </trkpt>
      <trkpt lat="37.6220400352031" lon="14.739530039951205">
        <ele>673.02</ele>
      </trkpt>
      <trkpt lat="37.62194003909826" lon="14.739619977772236">
        <ele>673.34</ele>
      </trkpt>
      <trkpt lat="37.62179511599243" lon="14.739724835380912">
        <ele>673.62</ele>
      </trkpt>
      <trkpt lat="37.62165002524853" lon="14.739829944446683">
        <ele>674.0</ele>
      </trkpt>
      <trkpt lat="37.62145531363785" lon="14.739909823983908">
        <ele>674.51</ele>
      </trkpt>
      <trkpt lat="37.621260015293956" lon="14.73999003879726">
        <ele>675.14</ele>
      </trkpt>
      <trkpt lat="37.62107024900615" lon="14.740079808980227">
        <ele>675.96</ele>
      </trkpt>
      <trkpt lat="37.62087997980416" lon="14.74016991443932">
        <ele>676.7</ele>
      </trkpt>
      <trkpt lat="37.62060002423823" lon="14.74020997993648">
        <ele>677.16</ele>
      </trkpt>
      <trkpt lat="37.62031998485327" lon="14.74023001268506">
        <ele>677.55</ele>
      </trkpt>
      <trkpt lat="37.62015528045595" lon="14.74020997993648">
        <ele>678.13</ele>
      </trkpt>
      <trkpt lat="37.61998990550637" lon="14.7401899471879">
        <ele>678.73</ele>
      </trkpt>
      <trkpt lat="37.61982997879386" lon="14.74016991443932">
        <ele>679.33</ele>
      </trkpt>
      <trkpt lat="37.61957047507167" lon="14.740189863368869">
        <ele>680.12</ele>
      </trkpt>
      <trkpt lat="37.6193099655211" lon="14.74020997993648">
        <ele>680.82</ele>
      </trkpt>
      <trkpt lat="37.61910385452211" lon="14.740191455930471">
        <ele>681.39</ele>
      </trkpt>
      <trkpt lat="37.61889682151377" lon="14.740172931924462">
        <ele>681.92</ele>
      </trkpt>
      <trkpt lat="37.61886002495885" lon="14.74016991443932">
        <ele>682.53</ele>
      </trkpt>
      <trkpt lat="37.61863002553582" lon="14.740070002153516">
        <ele>682.95</ele>
      </trkpt>
      <trkpt lat="37.618640000000596" lon="14.740030020475388">
        <ele>683.46</ele>
      </trkpt>
      <trkpt lat="37.61844000779092" lon="14.739939998835325">
        <ele>684.28</ele>
      </trkpt>
      <trkpt lat="37.61841997504234" lon="14.73992994055152">
        <ele>684.92</ele>
      </trkpt>
      <trkpt lat="37.61841000057757" lon="14.73992994055152">
        <ele>685.57</ele>
      </trkpt>
      <trkpt lat="37.61839994229376" lon="14.73992994055152">
        <ele>686.22</ele>
      </trkpt>
      <trkpt lat="37.61838996782899" lon="14.73992994055152">
        <ele>686.88</ele>
      </trkpt>
      <trkpt lat="37.61837990954518" lon="14.73992994055152">
        <ele>687.54</ele>
      </trkpt>
      <trkpt lat="37.61837001889944" lon="14.73992994055152">
        <ele>688.22</ele>
      </trkpt>
      <trkpt lat="37.6183598767966" lon="14.739939998835325">
        <ele>688.91</ele>
      </trkpt>
      <trkpt lat="37.61834001168609" lon="14.7399499733001">
        <ele>689.63</ele>
      </trkpt>
      <trkpt lat="37.61831997893751" lon="14.73999003879726">
        <ele>690.39</ele>
      </trkpt>
      <trkpt lat="37.61847001500428" lon="14.740049969404936">
        <ele>690.93</ele>
      </trkpt>
      <trkpt lat="37.61856992729008" lon="14.740109900012612">
        <ele>691.57</ele>
      </trkpt>
      <trkpt lat="37.61870998889208" lon="14.740179972723126">
        <ele>692.3</ele>
      </trkpt>
      <trkpt lat="37.61877997778356" lon="14.740220038220286">
        <ele>693.1</ele>
      </trkpt>
      <trkpt lat="37.61886999942362" lon="14.740290027111769">
        <ele>693.97</ele>
      </trkpt>
      <trkpt lat="37.618899922817945" lon="14.740299917757511">
        <ele>694.69</ele>
      </trkpt>
      <trkpt lat="37.618939988315105" lon="14.740330008789897">
        <ele>695.46</ele>
      </trkpt>
      <trkpt lat="37.61906001716852" lon="14.74035993218422">
        <ele>696.24</ele>
      </trkpt>
      <trkpt lat="37.61923989281058" lon="14.74039999768138">
        <ele>697.01</ele>
      </trkpt>
      <trkpt lat="37.61933997273445" lon="14.74042003042996">
        <ele>697.72</ele>
      </trkpt>
      <trkpt lat="37.61942991055548" lon="14.740429921075702">
        <ele>698.39</ele>
      </trkpt>
      <trkpt lat="37.61943996883929" lon="14.740429921075702">
        <ele>699.06</ele>
      </trkpt>
      <trkpt lat="37.61966988444328" lon="14.740460012108088">
        <ele>699.71</ele>
      </trkpt>
      <trkpt lat="37.619820004329085" lon="14.74046990275383">
        <ele>700.34</ele>
      </trkpt>
      <trkpt lat="37.6199796795845" lon="14.740504855290055">
        <ele>700.97</ele>
      </trkpt>
      <trkpt lat="37.62013994157314" lon="14.740539891645312">
        <ele>701.49</ele>
      </trkpt>
      <trkpt lat="37.62030003592372" lon="14.740569982677698">
        <ele>702.02</ele>
      </trkpt>
      <trkpt lat="37.62054000981152" lon="14.740629997104406">
        <ele>702.97</ele>
      </trkpt>
      <trkpt lat="37.62070999480784" lon="14.740669894963503">
        <ele>703.82</ele>
      </trkpt>
      <trkpt lat="37.62093001976609" lon="14.740689927712083">
        <ele>704.58</ele>
      </trkpt>
      <trkpt lat="37.62100998312235" lon="14.740699985995889">
        <ele>705.24</ele>
      </trkpt>
      <trkpt lat="37.62103001587093" lon="14.740699985995889">
        <ele>705.87</ele>
      </trkpt>
      <trkpt lat="37.62107997201383" lon="14.740689927712083">
        <ele>706.48</ele>
      </trkpt>
      <trkpt lat="37.62130997143686" lon="14.74063997156918">
        <ele>707.07</ele>
      </trkpt>
      <trkpt lat="37.62144994921982" lon="14.740590015426278">
        <ele>707.61</ele>
      </trkpt>
      <trkpt lat="37.62148004025221" lon="14.740569982677698">
        <ele>708.17</ele>
      </trkpt>
      <trkpt lat="37.62163996696472" lon="14.74046990275383">
        <ele>708.64</ele>
      </trkpt>
      <trkpt lat="37.62173996306956" lon="14.74039999768138">
        <ele>709.15</ele>
      </trkpt>
      <trkpt lat="37.62181003578007" lon="14.740369990468025">
        <ele>709.84</ele>
      </trkpt>
      <trkpt lat="37.62198002077639" lon="14.740319950506091">
        <ele>710.73</ele>
      </trkpt>
      <trkpt lat="37.622140031307936" lon="14.740279885008931">
        <ele>711.21</ele>
      </trkpt>
      <trkpt lat="37.62217992916703" lon="14.740279885008931">
        <ele>711.72</ele>
      </trkpt>
      <trkpt lat="37.62235997244716" lon="14.740279885008931">
        <ele>712.17</ele>
      </trkpt>
      <trkpt lat="37.62251000851393" lon="14.74014988169074">
        <ele>712.53</ele>
      </trkpt>
      <trkpt lat="37.62254982255399" lon="14.74023001268506">
        <ele>713.01</ele>
      </trkpt>
      <trkpt lat="37.62254001572728" lon="14.740350041538477">
        <ele>713.45</ele>
      </trkpt>
      <trkpt lat="37.62253004126251" lon="14.74039999768138">
        <ele>713.83</ele>
      </trkpt>
      <trkpt lat="37.62251000851393" lon="14.740429921075702">
        <ele>714.19</ele>
      </trkpt>
      <trkpt lat="37.62251000851393" lon="14.740439979359508">
        <ele>714.53</ele>
      </trkpt>
      <trkpt lat="37.62248997576535" lon="14.74046990275383">
        <ele>714.84</ele>
      </trkpt>
      <trkpt lat="37.62245988473296" lon="14.74050996825099">
        <ele>715.12</ele>
      </trkpt>
      <trkpt lat="37.62238997966051" lon="14.740559924393892">
        <ele>715.41</ele>
      </trkpt>
      <trkpt lat="37.62235997244716" lon="14.740579957142472">
        <ele>715.64</ele>
      </trkpt>
      <trkpt lat="37.622140031307936" lon="14.740749942138791">
        <ele>715.77</ele>
      </trkpt>
      <trkpt lat="37.62205998413265" lon="14.74082998931408">
        <ele>715.92</ele>
      </trkpt>
      <trkpt lat="37.622010027989745" lon="14.740879945456982">
        <ele>716.05</ele>
      </trkpt>
      <trkpt lat="37.62192998081446" lon="14.74098002538085">
        <ele>716.13</ele>
      </trkpt>
      <trkpt lat="37.62182998470962" lon="14.741129977628589">
        <ele>716.16</ele>
      </trkpt>
      <trkpt lat="37.62181003578007" lon="14.741150010377169">
        <ele>716.16</ele>
      </trkpt>
      <trkpt lat="37.62172990478575" lon="14.741289904341102">
        <ele>716.11</ele>
      </trkpt>
      <trkpt lat="37.62169998139143" lon="14.74132988601923">
        <ele>716.03</ele>
      </trkpt>
      <trkpt lat="37.6216599997133" lon="14.741399874910712">
        <ele>715.91</ele>
      </trkpt>
      <trkpt lat="37.621609875932336" lon="14.741529878228903">
        <ele>715.78</ele>
      </trkpt>
      <trkpt lat="37.621609875932336" lon="14.74154002033174">
        <ele>715.53</ele>
      </trkpt>
      <trkpt lat="37.62156997807324" lon="14.74164990708232">
        <ele>715.27</ele>
      </trkpt>
      <trkpt lat="37.62155002914369" lon="14.74175987765193">
        <ele>714.93</ele>
      </trkpt>
      <trkpt lat="37.62152555398643" lon="14.741859873756766">
        <ele>714.54</ele>
      </trkpt>
      <trkpt lat="37.621580455452204" lon="14.741768511012197">
        <ele>713.95</ele>
      </trkpt>
      <trkpt lat="37.621662598103285" lon="14.74161478690803">
        <ele>713.26</ele>
      </trkpt>
      <trkpt lat="37.62174834497273" lon="14.741449244320393">
        <ele>712.62</ele>
      </trkpt>
      <trkpt lat="37.621891759335995" lon="14.74123902618885">
        <ele>711.93</ele>
      </trkpt>
      <trkpt lat="37.62195127084851" lon="14.741141460835934">
        <ele>711.22</ele>
      </trkpt>
      <trkpt lat="37.622059313580394" lon="14.741021012887359">
        <ele>710.43</ele>
      </trkpt>
      <trkpt lat="37.62219870463014" lon="14.740876760333776">
        <ele>709.62</ele>
      </trkpt>
      <trkpt lat="37.622366175055504" lon="14.740723622962832">
        <ele>708.71</ele>
      </trkpt>
      <trkpt lat="37.62241428717971" lon="14.740765867754817">
        <ele>707.66</ele>
      </trkpt>
      <trkpt lat="37.62217573821545" lon="14.74100106395781">
        <ele>706.67</ele>
      </trkpt>
      <trkpt lat="37.62204732745886" lon="14.741175910457969">
        <ele>705.58</ele>
      </trkpt>
      <trkpt lat="37.621996868401766" lon="14.74132502451539">
        <ele>704.41</ele>
      </trkpt>
      <trkpt lat="37.62195412069559" lon="14.741457710042596">
        <ele>703.19</ele>
      </trkpt>
      <trkpt lat="37.621935764327645" lon="14.741602297872305">
        <ele>701.93</ele>
      </trkpt>
      <trkpt lat="37.62193065136671" lon="14.741706568747759">
        <ele>700.63</ele>
      </trkpt>
      <trkpt lat="37.62191263027489" lon="14.74186833947897">
        <ele>699.24</ele>
      </trkpt>
      <trkpt lat="37.62189821340144" lon="14.74199641495943">
        <ele>697.84</ele>
      </trkpt>
      <trkpt lat="37.62189008295536" lon="14.742190120741725">
        <ele>696.24</ele>
      </trkpt>
      <trkpt lat="37.62174331583083" lon="14.742492204532027">
        <ele>694.62</ele>
      </trkpt>
      <trkpt lat="37.62164046987891" lon="14.742713989689946">
        <ele>693.25</ele>
      </trkpt>
      <trkpt lat="37.62153812684119" lon="14.742898223921657">
        <ele>691.9</ele>
      </trkpt>
      <trkpt lat="37.6214443333447" lon="14.743194859474897">
        <ele>690.4</ele>
      </trkpt>
      <trkpt lat="37.621329417452216" lon="14.743449836969376">
        <ele>688.91</ele>
      </trkpt>
      <trkpt lat="37.62121475301683" lon="14.743704227730632">
        <ele>687.31</ele>
      </trkpt>
      <trkpt lat="37.62112649157643" lon="14.743920313194394">
        <ele>685.7</ele>
      </trkpt>
      <trkpt lat="37.6210383977741" lon="14.744135895743966">
        <ele>684.02</ele>
      </trkpt>
      <trkpt lat="37.62095818296075" lon="14.744310742244124">
        <ele>682.32</ele>
      </trkpt>
      <trkpt lat="37.62087805196643" lon="14.744485253468156">
        <ele>680.57</ele>
      </trkpt>
      <trkpt lat="37.62075240723789" lon="14.744747607037425">
        <ele>678.71</ele>
      </trkpt>
      <trkpt lat="37.62070236727595" lon="14.744951957836747">
        <ele>677.04</ele>
      </trkpt>
      <trkpt lat="37.62060262262821" lon="14.745126133784652">
        <ele>675.43</ele>
      </trkpt>
      <trkpt lat="37.620486952364445" lon="14.74527801387012">
        <ele>673.83</ele>
      </trkpt>
      <trkpt lat="37.62043297290802" lon="14.745359402149916">
        <ele>672.2</ele>
      </trkpt>
      <trkpt lat="37.62029425241053" lon="14.745455039665103">
        <ele>670.7</ele>
      </trkpt>
      <trkpt lat="37.62015528045595" lon="14.745551012456417">
        <ele>669.18</ele>
      </trkpt>
      <trkpt lat="37.619947995990515" lon="14.74568646401167">
        <ele>667.66</ele>
      </trkpt>
      <trkpt lat="37.619813214987516" lon="14.745826525613666">
        <ele>666.17</ele>
      </trkpt>
      <trkpt lat="37.619678350165486" lon="14.745966754853725">
        <ele>664.75</ele>
      </trkpt>
      <trkpt lat="37.61955136433244" lon="14.746128525584936">
        <ele>663.35</ele>
      </trkpt>
      <trkpt lat="37.61942429468036" lon="14.746290296316147">
        <ele>662.05</ele>
      </trkpt>
      <trkpt lat="37.61925581842661" lon="14.746551560238004">
        <ele>660.83</ele>
      </trkpt>
      <trkpt lat="37.619148613885045" lon="14.746766639873385">
        <ele>659.6</ele>
      </trkpt>
      <trkpt lat="37.61903780512512" lon="14.746972750872374">
        <ele>658.2</ele>
      </trkpt>
      <trkpt lat="37.61899949982762" lon="14.747161343693733">
        <ele>656.73</ele>
      </trkpt>
      <trkpt lat="37.61895205825567" lon="14.747327892109752">
        <ele>655.31</ele>
      </trkpt>
      <trkpt lat="37.61888609267771" lon="14.747420847415924">
        <ele>654.03</ele>
      </trkpt>
      <trkpt lat="37.618668330833316" lon="14.7474221047014">
        <ele>652.98</ele>
      </trkpt>
      <trkpt lat="37.61841595172882" lon="14.747404418885708">
        <ele>651.75</ele>
      </trkpt>
      <trkpt lat="37.618223670870066" lon="14.747367287054658">
        <ele>650.45</ele>
      </trkpt>
      <trkpt lat="37.61801437474787" lon="14.747353037819266">
        <ele>649.18</ele>
      </trkpt>
      <trkpt lat="37.617816058918834" lon="14.74734147079289">
        <ele>647.93</ele>
      </trkpt>
      <trkpt lat="37.61761698871851" lon="14.747329819947481">
        <ele>646.67</ele>
      </trkpt>
      <trkpt lat="37.61736989021301" lon="14.747333507984877">
        <ele>645.41</ele>
      </trkpt>
      <trkpt lat="37.61722119525075" lon="14.747417410835624">
        <ele>644.25</ele>
      </trkpt>
      <trkpt lat="37.617071913555264" lon="14.747501648962498">
        <ele>643.12</ele>
      </trkpt>
      <trkpt lat="37.61687317863107" lon="14.747648751363158">
        <ele>641.98</ele>
      </trkpt>
      <trkpt lat="37.61667402461171" lon="14.747796105220914">
        <ele>640.79</ele>
      </trkpt>
      <trkpt lat="37.61644151061773" lon="14.748003138229251">
        <ele>639.52</ele>
      </trkpt>
      <trkpt lat="37.6162582822144" lon="14.748198352754116">
        <ele>638.15</ele>
      </trkpt>
      <trkpt lat="37.616132302209735" lon="14.74848149344325">
        <ele>636.93</ele>
      </trkpt>
      <trkpt lat="37.61601629666984" lon="14.748634966090322">
        <ele>635.68</ele>
      </trkpt>
      <trkpt lat="37.61580800637603" lon="14.748776452615857">
        <ele>634.32</ele>
      </trkpt>
      <trkpt lat="37.61559938080609" lon="14.74891827441752">
        <ele>633.07</ele>
      </trkpt>
      <trkpt lat="37.6154278870672" lon="14.749009888619184">
        <ele>631.94</ele>
      </trkpt>
      <trkpt lat="37.61525597423315" lon="14.749101921916008">
        <ele>630.89</ele>
      </trkpt>
      <trkpt lat="37.615009462460876" lon="14.749083733186126">
        <ele>629.72</ele>
      </trkpt>
      <trkpt lat="37.6147629506886" lon="14.749065628275275">
        <ele>628.51</ele>
      </trkpt>
      <trkpt lat="37.61451484635472" lon="14.749047355726361">
        <ele>627.42</ele>
      </trkpt>
      <trkpt lat="37.61449506506324" lon="14.74904727190733">
        <ele>626.34</ele>
      </trkpt>
      <trkpt lat="37.61425375007093" lon="14.749018270522356">
        <ele>625.19</ele>
      </trkpt>
      <trkpt lat="37.61401251889765" lon="14.748989269137383">
        <ele>623.97</ele>
      </trkpt>
      <trkpt lat="37.61376969516277" lon="14.748960100114346">
        <ele>622.87</ele>
      </trkpt>
      <trkpt lat="37.61359300464392" lon="14.74889631383121">
        <ele>621.81</ele>
      </trkpt>
      <trkpt lat="37.61341564357281" lon="14.74883227609098">
        <ele>620.84</ele>
      </trkpt>
      <trkpt lat="37.61314348317683" lon="14.74890067242086">
        <ele>619.84</ele>
      </trkpt>
      <trkpt lat="37.61287031695247" lon="14.748969236388803">
        <ele>618.54</ele>
      </trkpt>
      <trkpt lat="37.61259354650974" lon="14.749084739014506">
        <ele>617.39</ele>
      </trkpt>
      <trkpt lat="37.61231585405767" lon="14.749200576916337">
        <ele>616.1</ele>
      </trkpt>
      <trkpt lat="37.61221904307604" lon="14.749489082023501">
        <ele>615.03</ele>
      </trkpt>
      <trkpt lat="37.612122651189566" lon="14.74977683275938">
        <ele>613.88</ele>
      </trkpt>
      <trkpt lat="37.612067917361856" lon="14.749996019527316">
        <ele>612.78</ele>
      </trkpt>
      <trkpt lat="37.61201343499124" lon="14.750214535742998">
        <ele>611.65</ele>
      </trkpt>
      <trkpt lat="37.611842108890414" lon="14.750476470217109">
        <ele>610.21</ele>
      </trkpt>
      <trkpt lat="37.61167086660862" lon="14.750738488510251">
        <ele>608.81</ele>
      </trkpt>
      <trkpt lat="37.61149987578392" lon="14.751000171527267">
        <ele>607.53</ele>
      </trkpt>
      <trkpt lat="37.61129326187074" lon="14.751239558681846">
        <ele>606.09</ele>
      </trkpt>
      <trkpt lat="37.611086731776595" lon="14.751479113474488">
        <ele>604.67</ele>
      </trkpt>
      <trkpt lat="37.61102747172117" lon="14.751549437642097">
        <ele>603.3</ele>
      </trkpt>
      <trkpt lat="37.610783809795976" lon="14.751693354919553">
        <ele>601.87</ele>
      </trkpt>
      <trkpt lat="37.61047611013055" lon="14.751745071262121">
        <ele>600.34</ele>
      </trkpt>
      <trkpt lat="37.61016723699868" lon="14.751796871423721">
        <ele>598.84</ele>
      </trkpt>
      <trkpt lat="37.610070426017046" lon="14.751796871423721">
        <ele>597.38</ele>
      </trkpt>
      <trkpt lat="37.609888119623065" lon="14.751817071810365">
        <ele>595.84</ele>
      </trkpt>
      <trkpt lat="37.60970514267683" lon="14.75183735601604">
        <ele>594.31</ele>
      </trkpt>
      <trkpt lat="37.60950917378068" lon="14.751760242506862">
        <ele>592.67</ele>
      </trkpt>
      <trkpt lat="37.609312534332275" lon="14.751682877540588">
        <ele>591.07</ele>
      </trkpt>
      <trkpt lat="37.60909644886851" lon="14.751455057412386">
        <ele>589.4</ele>
      </trkpt>
      <trkpt lat="37.60888027958572" lon="14.75122706964612">
        <ele>587.9</ele>
      </trkpt>
      <trkpt lat="37.60883082635701" lon="14.75091584958136">
        <ele>586.29</ele>
      </trkpt>
      <trkpt lat="37.60878170840442" lon="14.750605886802077">
        <ele>584.69</ele>
      </trkpt>
      <trkpt lat="37.60877827182412" lon="14.750548973679543">
        <ele>583.21</ele>
      </trkpt>
      <trkpt lat="37.60872789658606" lon="14.750293074175715">
        <ele>581.72</ele>
      </trkpt>
      <trkpt lat="37.608677856624126" lon="14.750038096681237">
        <ele>580.27</ele>
      </trkpt>
      <trkpt lat="37.60854039341211" lon="14.749895688146353">
        <ele>578.78</ele>
      </trkpt>
      <trkpt lat="37.60845037177205" lon="14.7499018907547">
        <ele>577.34</ele>
      </trkpt>
      <trkpt lat="37.60844358243048" lon="14.749903734773397">
        <ele>575.95</ele>
      </trkpt>
      <trkpt lat="37.60831894353032" lon="14.74994882941246">
        <ele>574.44</ele>
      </trkpt>
      <trkpt lat="37.608309388160706" lon="14.749963916838169">
        <ele>573.08</ele>
      </trkpt>
      <trkpt lat="37.60822556912899" lon="14.75010716356337">
        <ele>571.65</ele>
      </trkpt>
      <trkpt lat="37.60822255164385" lon="14.750110600143671">
        <ele>570.33</ele>
      </trkpt>
      <trkpt lat="37.6081819832325" lon="14.750322997570038">
        <ele>569.02</ele>
      </trkpt>
      <trkpt lat="37.608176032081246" lon="14.750338839367032">
        <ele>567.74</ele>
      </trkpt>
      <trkpt lat="37.608124231919646" lon="14.75063388235867">
        <ele>566.44</ele>
      </trkpt>
      <trkpt lat="37.60807251557708" lon="14.750928925350308">
        <ele>565.16</ele>
      </trkpt>
      <trkpt lat="37.608021134510636" lon="14.75122220814228">
        <ele>563.92</ele>
      </trkpt>
      <trkpt lat="37.607939494773746" lon="14.751565111801028">
        <ele>562.66</ele>
      </trkpt>
      <trkpt lat="37.60785793885589" lon="14.751907931640744">
        <ele>561.22</ele>
      </trkpt>
      <trkpt lat="37.60777688585222" lon="14.752248907461762">
        <ele>560.02</ele>
      </trkpt>
      <trkpt lat="37.607603715732694" lon="14.75245107896626">
        <ele>558.75</ele>
      </trkpt>
      <trkpt lat="37.60743054561317" lon="14.75265333428979">
        <ele>557.5</ele>
      </trkpt>
      <trkpt lat="37.60718101635575" lon="14.75275106728077">
        <ele>556.13</ele>
      </trkpt>
      <trkpt lat="37.60693157091737" lon="14.752848884090781">
        <ele>554.83</ele>
      </trkpt>
      <trkpt lat="37.606680784374475" lon="14.752947287634015">
        <ele>553.62</ele>
      </trkpt>
      <trkpt lat="37.60638113133609" lon="14.753040997311473">
        <ele>552.62</ele>
      </trkpt>
      <trkpt lat="37.60619102977216" lon="14.75291769951582">
        <ele>551.58</ele>
      </trkpt>
      <trkpt lat="37.60618566535413" lon="14.75291091017425">
        <ele>550.48</ele>
      </trkpt>
      <trkpt lat="37.60606907308102" lon="14.752805884927511">
        <ele>549.41</ele>
      </trkpt>
      <trkpt lat="37.60606236755848" lon="14.752801358699799">
        <ele>548.32</ele>
      </trkpt>
      <trkpt lat="37.60595533065498" lon="14.752665990963578">
        <ele>547.23</ele>
      </trkpt>
      <trkpt lat="37.605782663449645" lon="14.75234068930149">
        <ele>546.16</ele>
      </trkpt>
      <trkpt lat="37.60570311918855" lon="14.751983117312193">
        <ele>545.07</ele>
      </trkpt>
      <trkpt lat="37.6057883631438" lon="14.751694109290838">
        <ele>543.8</ele>
      </trkpt>
      <trkpt lat="37.60589975863695" lon="14.751490345224738">
        <ele>542.49</ele>
      </trkpt>
      <trkpt lat="37.6060111541301" lon="14.751287000253797">
        <ele>541.21</ele>
      </trkpt>
      <trkpt lat="37.60603780858219" lon="14.750898582860827">
        <ele>540.11</ele>
      </trkpt>
      <trkpt lat="37.605981985107064" lon="14.750619046390057">
        <ele>539.01</ele>
      </trkpt>
      <trkpt lat="37.60592649690807" lon="14.75034068338573">
        <ele>537.83</ele>
      </trkpt>
      <trkpt lat="37.60581283830106" lon="14.750040108337998">
        <ele>536.58</ele>
      </trkpt>
      <trkpt lat="37.60560714639723" lon="14.749852437525988">
        <ele>535.26</ele>
      </trkpt>
      <trkpt lat="37.605475382879376" lon="14.749579355120659">
        <ele>533.96</ele>
      </trkpt>
      <trkpt lat="37.60548745281994" lon="14.749219100922346">
        <ele>532.63</ele>
      </trkpt>
      <trkpt lat="37.60549960657954" lon="14.748858846724033">
        <ele>531.45</ele>
      </trkpt>
      <trkpt lat="37.60551176033914" lon="14.748500855639577">
        <ele>530.29</ele>
      </trkpt>
      <trkpt lat="37.60551335290074" lon="14.74847319535911">
        <ele>529.09</ele>
      </trkpt>
      <trkpt lat="37.60553522966802" lon="14.748118137940764">
        <ele>527.84</ele>
      </trkpt>
      <trkpt lat="37.6055571064353" lon="14.747764505445957">
        <ele>526.57</ele>
      </trkpt>
      <trkpt lat="37.60557018220425" lon="14.747435683384538">
        <ele>525.33</ele>
      </trkpt>
      <trkpt lat="37.605583341792226" lon="14.747108286246657">
        <ele>524.1</ele>
      </trkpt>
      <trkpt lat="37.60560597293079" lon="14.746766472235322">
        <ele>522.9</ele>
      </trkpt>
      <trkpt lat="37.60562860406935" lon="14.746426083147526">
        <ele>521.65</ele>
      </trkpt>
      <trkpt lat="37.60567235760391" lon="14.746154928579926">
        <ele>520.44</ele>
      </trkpt>
      <trkpt lat="37.605716194957495" lon="14.745883774012327">
        <ele>519.27</ele>
      </trkpt>
      <trkpt lat="37.60575978085399" lon="14.74561421200633">
        <ele>518.21</ele>
      </trkpt>
      <trkpt lat="37.60583681054413" lon="14.74530240520835">
        <ele>517.09</ele>
      </trkpt>
      <trkpt lat="37.60577763430774" lon="14.745075339451432">
        <ele>515.98</ele>
      </trkpt>
      <trkpt lat="37.605662466958165" lon="14.744881130754948">
        <ele>514.86</ele>
      </trkpt>
      <trkpt lat="37.60546004399657" lon="14.74484265781939">
        <ele>513.85</ele>
      </trkpt>
      <trkpt lat="37.60544923134148" lon="14.744846597313881">
        <ele>512.98</ele>
      </trkpt>
      <trkpt lat="37.60541511699557" lon="14.744858415797353">
        <ele>512.16</ele>
      </trkpt>
      <trkpt lat="37.60540287941694" lon="14.744864199310541">
        <ele>511.39</ele>
      </trkpt>
      <trkpt lat="37.60539382696152" lon="14.74486998282373">
        <ele>510.67</ele>
      </trkpt>
      <trkpt lat="37.60538024827838" lon="14.74488322623074">
        <ele>510.0</ele>
      </trkpt>
      <trkpt lat="37.605374213308096" lon="14.74488515406847">
        <ele>509.37</ele>
      </trkpt>
      <trkpt lat="37.60535627603531" lon="14.74489831365645">
        <ele>508.8</ele>
      </trkpt>
      <trkpt lat="37.605342948809266" lon="14.744911305606365">
        <ele>508.27</ele>
      </trkpt>
      <trkpt lat="37.605328280478716" lon="14.744927817955613">
        <ele>507.79</ele>
      </trkpt>
      <trkpt lat="37.605313612148166" lon="14.744942570105195">
        <ele>507.35</ele>
      </trkpt>
      <trkpt lat="37.60530204512179" lon="14.744955142959952">
        <ele>506.95</ele>
      </trkpt>
      <trkpt lat="37.60529047809541" lon="14.744967799633741">
        <ele>506.57</ele>
      </trkpt>
      <trkpt lat="37.60528318583965" lon="14.7449750918895">
        <ele>506.24</ele>
      </trkpt>
      <trkpt lat="37.60514471679926" lon="14.745103921741247">
        <ele>505.92</ele>
      </trkpt>
      <trkpt lat="37.60500599630177" lon="14.745233003050089">
        <ele>505.64</ele>
      </trkpt>
      <trkpt lat="37.604751186445355" lon="14.745461326092482">
        <ele>505.3</ele>
      </trkpt>
      <trkpt lat="37.60449646040797" lon="14.745689649134874">
        <ele>504.98</ele>
      </trkpt>
      <trkpt lat="37.60424114763737" lon="14.745918558910489">
        <ele>504.8</ele>
      </trkpt>
      <trkpt lat="37.60399363003671" lon="14.746163478121161">
        <ele>504.68</ele>
      </trkpt>
      <trkpt lat="37.60374594479799" lon="14.74640873260796">
        <ele>504.6</ele>
      </trkpt>
      <trkpt lat="37.60355676524341" lon="14.74660855717957">
        <ele>504.48</ele>
      </trkpt>
      <trkpt lat="37.60336758568883" lon="14.746808465570211">
        <ele>504.36</ele>
      </trkpt>
      <trkpt lat="37.60330606251955" lon="14.746878873556852">
        <ele>504.21</ele>
      </trkpt>
      <trkpt lat="37.60312518104911" lon="14.747062772512436">
        <ele>504.08</ele>
      </trkpt>
      <trkpt lat="37.60294429957867" lon="14.74724667146802">
        <ele>503.99</ele>
      </trkpt>
      <trkpt lat="37.60276325047016" lon="14.747430821880698">
        <ele>503.9</ele>
      </trkpt>
      <trkpt lat="37.60268881917" lon="14.74762394092977">
        <ele>503.78</ele>
      </trkpt>
      <trkpt lat="37.602682365104556" lon="14.74791219457984">
        <ele>503.68</ele>
      </trkpt>
      <trkpt lat="37.6027752365917" lon="14.748138003051281">
        <ele>503.69</ele>
      </trkpt>
      <trkpt lat="37.60290440171957" lon="14.748344784602523">
        <ele>503.63</ele>
      </trkpt>
      <trkpt lat="37.602906161919236" lon="14.748349394649267">
        <ele>503.51</ele>
      </trkpt>
      <trkpt lat="37.6030339859426" lon="14.748583668842912">
        <ele>503.3</ele>
      </trkpt>
      <trkpt lat="37.60313004255295" lon="14.74881324917078">
        <ele>503.03</ele>
      </trkpt>
      <trkpt lat="37.603191984817386" lon="14.74900670349598">
        <ele>502.78</ele>
      </trkpt>
      <trkpt lat="37.60325375944376" lon="14.749199571087956">
        <ele>502.56</ele>
      </trkpt>
      <trkpt lat="37.60331695899367" lon="14.749547587707639">
        <ele>502.29</ele>
      </trkpt>
      <trkpt lat="37.60338024236262" lon="14.749895688146353">
        <ele>501.98</ele>
      </trkpt>
      <trkpt lat="37.603443525731564" lon="14.750243704766035">
        <ele>501.69</ele>
      </trkpt>
      <trkpt lat="37.60350630618632" lon="14.750589206814766">
        <ele>501.49</ele>
      </trkpt>
      <trkpt lat="37.603487111628056" lon="14.75079850293696">
        <ele>501.13</ele>
      </trkpt>
      <trkpt lat="37.60346791706979" lon="14.751006960868835">
        <ele>500.7</ele>
      </trkpt>
      <trkpt lat="37.60330908000469" lon="14.751219861209393">
        <ele>500.07</ele>
      </trkpt>
      <trkpt lat="37.60315024293959" lon="14.75143276154995">
        <ele>499.53</ele>
      </trkpt>
      <trkpt lat="37.60304203256965" lon="14.751617331057787">
        <ele>499.0</ele>
      </trkpt>
      <trkpt lat="37.6029340736568" lon="14.75180173292756">
        <ele>498.36</ele>
      </trkpt>
      <trkpt lat="37.602907083928585" lon="14.752045813947916">
        <ele>497.71</ele>
      </trkpt>
      <trkpt lat="37.60288034565747" lon="14.75228888913989">
        <ele>496.92</ele>
      </trkpt>
      <trkpt lat="37.60287053883076" lon="14.752648808062077">
        <ele>496.14</ele>
      </trkpt>
      <trkpt lat="37.60286081582308" lon="14.753007218241692">
        <ele>495.37</ele>
      </trkpt>
      <trkpt lat="37.6027422118932" lon="14.753178795799613">
        <ele>494.45</ele>
      </trkpt>
      <trkpt lat="37.60262377560139" lon="14.75335012190044">
        <ele>493.6</ele>
      </trkpt>
      <trkpt lat="37.602444402873516" lon="14.753587748855352">
        <ele>492.76</ele>
      </trkpt>
      <trkpt lat="37.602265030145645" lon="14.753825375810266">
        <ele>491.71</ele>
      </trkpt>
      <trkpt lat="37.60208582505584" lon="14.754062918946147">
        <ele>490.63</ele>
      </trkpt>
      <trkpt lat="37.601915169507265" lon="14.754291577264667">
        <ele>489.42</ele>
      </trkpt>
      <trkpt lat="37.60174451395869" lon="14.754520319402218">
        <ele>488.23</ele>
      </trkpt>
      <trkpt lat="37.60167544707656" lon="14.754712348803878">
        <ele>486.95</ele>
      </trkpt>
      <trkpt lat="37.60160654783249" lon="14.754903875291348">
        <ele>485.5</ele>
      </trkpt>
      <trkpt lat="37.60167980566621" lon="14.755118871107697">
        <ele>484.2</ele>
      </trkpt>
      <trkpt lat="37.601752979680896" lon="14.755333280190825">
        <ele>482.75</ele>
      </trkpt>
      <trkpt lat="37.60185490362346" lon="14.755525477230549">
        <ele>481.31</ele>
      </trkpt>
      <trkpt lat="37.60195682756603" lon="14.755717506632209">
        <ele>479.82</ele>
      </trkpt>
      <trkpt lat="37.60195783339441" lon="14.756084717810154">
        <ele>478.24</ele>
      </trkpt>
      <trkpt lat="37.60195883922279" lon="14.756450420245528">
        <ele>476.7</ele>
      </trkpt>
      <trkpt lat="37.60207476094365" lon="14.756771950051188">
        <ele>475.04</ele>
      </trkpt>
      <trkpt lat="37.60219051502645" lon="14.757092641666532">
        <ele>473.12</ele>
      </trkpt>
      <trkpt lat="37.60227735154331" lon="14.757436970248818">
        <ele>470.99</ele>
      </trkpt>
      <trkpt lat="37.60236393660307" lon="14.75778004154563">
        <ele>468.82</ele>
      </trkpt>
      <trkpt lat="37.60219638235867" lon="14.758083634078503">
        <ele>466.77</ele>
      </trkpt>
      <trkpt lat="37.6020291633904" lon="14.758386723697186">
        <ele>464.65</ele>
      </trkpt>
      <trkpt lat="37.60176454670727" lon="14.758452521637082">
        <ele>462.49</ele>
      </trkpt>
      <trkpt lat="37.60154351592064" lon="14.758397955447435">
        <ele>460.33</ele>
      </trkpt>
      <trkpt lat="37.60154301300645" lon="14.758397787809372">
        <ele>460.32</ele>
      </trkpt>
      <trkpt lat="37.60132256895304" lon="14.758343305438757">
        <ele>458.05</ele>
      </trkpt>
      <trkpt lat="37.60110028088093" lon="14.758288320153952">
        <ele>455.78</ele>
      </trkpt>
      <trkpt lat="37.60079056955874" lon="14.758316650986671">
        <ele>453.55</ele>
      </trkpt>
      <trkpt lat="37.60048085823655" lon="14.758344981819391">
        <ele>451.4</ele>
      </trkpt>
      <trkpt lat="37.600169302895665" lon="14.758373396471143">
        <ele>449.33</ele>
      </trkpt>
      <trkpt lat="37.59993343614042" lon="14.758349424228072">
        <ele>447.29</ele>
      </trkpt>
      <trkpt lat="37.59969756938517" lon="14.758325451985002">
        <ele>445.23</ele>
      </trkpt>
      <trkpt lat="37.59946019388735" lon="14.7583013959229">
        <ele>443.18</ele>
      </trkpt>
      <trkpt lat="37.59939271956682" lon="14.75829896517098">
        <ele>441.2</ele>
      </trkpt>
      <trkpt lat="37.599372854456306" lon="14.758296115323901">
        <ele>439.31</ele>
      </trkpt>
      <trkpt lat="37.599146626889706" lon="14.758265353739262">
        <ele>437.31</ele>
      </trkpt>
      <trkpt lat="37.59891956113279" lon="14.758234424516559">
        <ele>435.34</ele>
      </trkpt>
      <trkpt lat="37.5986463110894" lon="14.75835906341672">
        <ele>433.45</ele>
      </trkpt>
      <trkpt lat="37.59837230667472" lon="14.75848420523107">
        <ele>431.64</ele>
      </trkpt>
      <trkpt lat="37.59811255149543" lon="14.75843139924109">
        <ele>429.91</ele>
      </trkpt>
      <trkpt lat="37.5978172570467" lon="14.75836149416864">
        <ele>428.2</ele>
      </trkpt>
      <trkpt lat="37.59752078913152" lon="14.758291253820062">
        <ele>426.61</ele>
      </trkpt>
      <trkpt lat="37.59734435006976" lon="14.758240208029747">
        <ele>425.13</ele>
      </trkpt>
      <trkpt lat="37.59716732427478" lon="14.758188910782337">
        <ele>423.67</ele>
      </trkpt>
      <trkpt lat="37.597000021487474" lon="14.757912810891867">
        <ele>422.21</ele>
      </trkpt>
      <trkpt lat="37.59683271870017" lon="14.757636794820428">
        <ele>420.81</ele>
      </trkpt>
      <trkpt lat="37.5966654997319" lon="14.757360778748989">
        <ele>419.44</ele>
      </trkpt>
      <trkpt lat="37.59649861603975" lon="14.75708526559174">
        <ele>418.13</ele>
      </trkpt>
      <trkpt lat="37.596460143104196" lon="14.75703882984817">
        <ele>416.77</ele>
      </trkpt>
      <trkpt lat="37.59630599990487" lon="14.756792485713959">
        <ele>415.49</ele>
      </trkpt>
      <trkpt lat="37.596151856705546" lon="14.756546141579747">
        <ele>414.2</ele>
      </trkpt>
      <trkpt lat="37.59599804878235" lon="14.756300132721663">
        <ele>412.8</ele>
      </trkpt>
      <trkpt lat="37.59581523947418" lon="14.756125286221504">
        <ele>411.34</ele>
      </trkpt>
      <trkpt lat="37.59563251398504" lon="14.755950439721346">
        <ele>409.75</ele>
      </trkpt>
      <trkpt lat="37.5954495370388" lon="14.75577525794506">
        <ele>407.96</ele>
      </trkpt>
      <trkpt lat="37.59521484375" lon="14.755716165527701">
        <ele>406.17</ele>
      </trkpt>
      <trkpt lat="37.59498023428023" lon="14.755657073110342">
        <ele>404.43</ele>
      </trkpt>
      <trkpt lat="37.59474562481046" lon="14.755598064512014">
        <ele>402.64</ele>
      </trkpt>
      <trkpt lat="37.59450917132199" lon="14.755538552999496">
        <ele>400.79</ele>
      </trkpt>
      <trkpt lat="37.59428193792701" lon="14.755765199661255">
        <ele>399.03</ele>
      </trkpt>
      <trkpt lat="37.59405445307493" lon="14.755992097780108">
        <ele>397.24</ele>
      </trkpt>
      <trkpt lat="37.593800062313676" lon="14.756149090826511">
        <ele>395.17</ele>
      </trkpt>
      <trkpt lat="37.59357366710901" lon="14.756040377542377">
        <ele>392.89</ele>
      </trkpt>
      <trkpt lat="37.59334668517113" lon="14.755931161344051">
        <ele>390.61</ele>
      </trkpt>
      <trkpt lat="37.59314501658082" lon="14.755842899903655">
        <ele>388.34</ele>
      </trkpt>
      <trkpt lat="37.59294267743826" lon="14.755754303187132">
        <ele>385.99</ele>
      </trkpt>
      <trkpt lat="37.592678647488356" lon="14.755946164950728">
        <ele>383.77</ele>
      </trkpt>
      <trkpt lat="37.592560881748796" lon="14.75624036975205">
        <ele>381.68</ele>
      </trkpt>
      <trkpt lat="37.592443116009235" lon="14.75653457455337">
        <ele>379.52</ele>
      </trkpt>
      <trkpt lat="37.592325350269675" lon="14.756828779354692">
        <ele>377.25</ele>
      </trkpt>
      <trkpt lat="37.59220825508237" lon="14.757121643051505">
        <ele>375.02</ele>
      </trkpt>
      <trkpt lat="37.59213826619089" lon="14.757377123460174">
        <ele>372.94</ele>
      </trkpt>
      <trkpt lat="37.592068361118436" lon="14.757632687687874">
        <ele>370.94</ele>
      </trkpt>
      <trkpt lat="37.59199879132211" lon="14.757886994630098">
        <ele>368.94</ele>
      </trkpt>
      <trkpt lat="37.5920270383358" lon="14.758223360404372">
        <ele>366.9</ele>
      </trkpt>
      <trkpt lat="37.59205528534949" lon="14.758558385074139">
        <ele>365.04</ele>
      </trkpt>
      <trkpt lat="37.59192595258355" lon="14.758719317615032">
        <ele>363.31</ele>
      </trkpt>
      <trkpt lat="37.59179653599858" lon="14.75888041779399">
        <ele>361.7</ele>
      </trkpt>
      <trkpt lat="37.59154809638858" lon="14.759056521579623">
        <ele>360.17</ele>
      </trkpt>
      <trkpt lat="37.591299656778574" lon="14.759232625365257">
        <ele>358.72</ele>
      </trkpt>
      <trkpt lat="37.59105121716857" lon="14.759408729150891">
        <ele>357.4</ele>
      </trkpt>
      <trkpt lat="37.59080269373953" lon="14.759584832936525">
        <ele>356.32</ele>
      </trkpt>
      <trkpt lat="37.59055291302502" lon="14.75976194255054">
        <ele>355.49</ele>
      </trkpt>
      <trkpt lat="37.59032911621034" lon="14.75988071411848">
        <ele>354.81</ele>
      </trkpt>
      <trkpt lat="37.59010473266244" lon="14.75999990478158">
        <ele>354.35</ele>
      </trkpt>
      <trkpt lat="37.58986325003207" lon="14.760021781548858">
        <ele>354.08</ele>
      </trkpt>
      <trkpt lat="37.589621767401695" lon="14.760043658316135">
        <ele>353.97</ele>
      </trkpt>
      <trkpt lat="37.58937877602875" lon="14.760065702721477">
        <ele>354.05</ele>
      </trkpt>
      <trkpt lat="37.58914961479604" lon="14.760058913379908">
        <ele>354.3</ele>
      </trkpt>
      <trkpt lat="37.588920537382364" lon="14.76005220785737">
        <ele>354.68</ele>
      </trkpt>
      <trkpt lat="37.58869003504515" lon="14.76004533469677">
        <ele>355.2</ele>
      </trkpt>
      <trkpt lat="37.58852491155267" lon="14.76005514152348">
        <ele>355.82</ele>
      </trkpt>
      <trkpt lat="37.5883590336889" lon="14.760064948350191">
        <ele>356.55</ele>
      </trkpt>
      <trkpt lat="37.58819751441479" lon="14.760111970826983">
        <ele>357.43</ele>
      </trkpt>
      <trkpt lat="37.58803532458842" lon="14.76015916094184">
        <ele>358.39</ele>
      </trkpt>
      <trkpt lat="37.58798905648291" lon="14.760366529226303">
        <ele>359.39</ele>
      </trkpt>
      <trkpt lat="37.58796030655503" lon="14.760745642706752">
        <ele>360.56</ele>
      </trkpt>
      <trkpt lat="37.58793172426522" lon="14.761123163625598">
        <ele>361.82</ele>
      </trkpt>
      <trkpt lat="37.58794513531029" lon="14.7613441105932">
        <ele>363.01</ele>
      </trkpt>
      <trkpt lat="37.58795854635537" lon="14.761564135551453">
        <ele>364.2</ele>
      </trkpt>
      <trkpt lat="37.5878479052335" lon="14.761927323415875">
        <ele>365.46</ele>
      </trkpt>
      <trkpt lat="37.58765713311732" lon="14.76219336502254">
        <ele>366.74</ele>
      </trkpt>
      <trkpt lat="37.58758597075939" lon="14.762395704165101">
        <ele>367.95</ele>
      </trkpt>
      <trkpt lat="37.58766467683017" lon="14.762670798227191">
        <ele>369.11</ele>
      </trkpt>
      <trkpt lat="37.58766853250563" lon="14.762697871774435">
        <ele>370.38</ele>
      </trkpt>
      <trkpt lat="37.587676076218486" lon="14.762747408822179">
        <ele>371.65</ele>
      </trkpt>
      <trkpt lat="37.58767984807491" lon="14.762774398550391">
        <ele>372.92</ele>
      </trkpt>
      <trkpt lat="37.58767984807491" lon="14.76279677823186">
        <ele>374.19</ele>
      </trkpt>
      <trkpt lat="37.58767984807491" lon="14.7628412861377">
        <ele>375.46</ele>
      </trkpt>
      <trkpt lat="37.58767984807491" lon="14.762886045500636">
        <ele>376.71</ele>
      </trkpt>
      <trkpt lat="37.58767984807491" lon="14.762912867590785">
        <ele>377.95</ele>
      </trkpt>
      <trkpt lat="37.587676076218486" lon="14.762943796813488">
        <ele>379.18</ele>
      </trkpt>
      <trkpt lat="37.587676076218486" lon="14.76298394612968">
        <ele>380.38</ele>
      </trkpt>
      <trkpt lat="37.587676076218486" lon="14.76301521062851">
        <ele>381.57</ele>
      </trkpt>
      <trkpt lat="37.58767230436206" lon="14.7630416136235">
        <ele>382.74</ele>
      </trkpt>
      <trkpt lat="37.58766467683017" lon="14.763072291389108">
        <ele>383.89</ele>
      </trkpt>
      <trkpt lat="37.58765344507992" lon="14.763102550059557">
        <ele>385.01</ele>
      </trkpt>
      <trkpt lat="37.587638441473246" lon="14.763136832043529">
        <ele>386.11</ele>
      </trkpt>
      <trkpt lat="37.58762704208493" lon="14.763158038258553">
        <ele>387.16</ele>
      </trkpt>
      <trkpt lat="37.58761581033468" lon="14.763179328292608">
        <ele>388.17</ele>
      </trkpt>
      <trkpt lat="37.58760457858443" lon="14.76319600827992">
        <ele>389.15</ele>
      </trkpt>
      <trkpt lat="37.587582282721996" lon="14.763224925845861">
        <ele>390.11</ele>
      </trkpt>
      <trkpt lat="37.58756736293435" lon="14.76325904019177">
        <ele>391.03</ele>
      </trkpt>
      <trkpt lat="37.58754875510931" lon="14.763288209214807">
        <ele>391.9</ele>
      </trkpt>
      <trkpt lat="37.5875339191407" lon="14.7633265145123">
        <ele>392.71</ele>
      </trkpt>
      <trkpt lat="37.58752285502851" lon="14.76336071267724">
        <ele>393.46</ele>
      </trkpt>
      <trkpt lat="37.58751170709729" lon="14.763381583616138">
        <ele>394.14</ele>
      </trkpt>
      <trkpt lat="37.58750072680414" lon="14.763406896963716">
        <ele>394.75</ele>
      </trkpt>
      <trkpt lat="37.58748228661716" lon="14.763440005481243">
        <ele>395.29</ele>
      </trkpt>
      <trkpt lat="37.58747491054237" lon="14.763470096513629">
        <ele>395.75</ele>
      </trkpt>
      <trkpt lat="37.587471306324005" lon="14.76348283700645">
        <ele>396.13</ele>
      </trkpt>
      <trkpt lat="37.58746024221182" lon="14.763503624126315">
        <ele>396.42</ele>
      </trkpt>
      <trkpt lat="37.58745294995606" lon="14.763533547520638">
        <ele>396.63</ele>
      </trkpt>
      <trkpt lat="37.58745294995606" lon="14.763537989929318">
        <ele>396.72</ele>
      </trkpt>
      <trkpt lat="37.58733484894037" lon="14.763867817819118">
        <ele>396.84</ele>
      </trkpt>
      <trkpt lat="37.587216747924685" lon="14.764197645708919">
        <ele>396.75</ele>
      </trkpt>
      <trkpt lat="37.58709873072803" lon="14.76452755741775">
        <ele>396.49</ele>
      </trkpt>
      <trkpt lat="37.58698062971234" lon="14.76485738530755">
        <ele>396.27</ele>
      </trkpt>
      <trkpt lat="37.586863450706005" lon="14.765185033902526">
        <ele>395.85</ele>
      </trkpt>
      <trkpt lat="37.58673084899783" lon="14.765518885105848">
        <ele>395.3</ele>
      </trkpt>
      <trkpt lat="37.58659833110869" lon="14.765852820128202">
        <ele>394.61</ele>
      </trkpt>
      <trkpt lat="37.58646581321955" lon="14.766186755150557">
        <ele>393.7</ele>
      </trkpt>
      <trkpt lat="37.586333295330405" lon="14.76652069017291">
        <ele>392.67</ele>
      </trkpt>
      <trkpt lat="37.58620161563158" lon="14.76685244590044">
        <ele>391.53</ele>
      </trkpt>
      <trkpt lat="37.58608737029135" lon="14.767141873016953">
        <ele>390.2</ele>
      </trkpt>
      <trkpt lat="37.58597354404628" lon="14.76743046194315">
        <ele>388.65</ele>
      </trkpt>
      <trkpt lat="37.58582384325564" lon="14.767614863812923">
        <ele>387.11</ele>
      </trkpt>
      <trkpt lat="37.585674142464995" lon="14.767799349501729">
        <ele>385.5</ele>
      </trkpt>
      <trkpt lat="37.58557179942727" lon="14.768053321167827">
        <ele>383.68</ele>
      </trkpt>
      <trkpt lat="37.58547465316951" lon="14.768385663628578">
        <ele>381.59</ele>
      </trkpt>
      <trkpt lat="37.58526787161827" lon="14.768615160137415">
        <ele>379.52</ele>
      </trkpt>
      <trkpt lat="37.585061006248" lon="14.768844740465283">
        <ele>377.28</ele>
      </trkpt>
      <trkpt lat="37.58485397323966" lon="14.769074572250247">
        <ele>374.9</ele>
      </trkpt>
      <trkpt lat="37.584701757878065" lon="14.76919393055141">
        <ele>372.59</ele>
      </trkpt>
      <trkpt lat="37.58454937487841" lon="14.769313540309668">
        <ele>370.19</ele>
      </trkpt>
      <trkpt lat="37.58440210483968" lon="14.769548065960407">
        <ele>367.74</ele>
      </trkpt>
      <trkpt lat="37.58425491861999" lon="14.769782591611147">
        <ele>365.21</ele>
      </trkpt>
      <trkpt lat="37.5841077324003" lon="14.770017117261887">
        <ele>362.65</ele>
      </trkpt>
      <trkpt lat="37.5839607976377" lon="14.7702513076365">
        <ele>360.11</ele>
      </trkpt>
      <trkpt lat="37.58386163972318" lon="14.770445264875889">
        <ele>357.54</ele>
      </trkpt>
      <trkpt lat="37.58390514180064" lon="14.77076637558639">
        <ele>354.95</ele>
      </trkpt>
      <trkpt lat="37.58399600163102" lon="14.771072315052152">
        <ele>352.31</ele>
      </trkpt>
      <trkpt lat="37.5840868614614" lon="14.771378254517913">
        <ele>349.63</ele>
      </trkpt>
      <trkpt lat="37.58417730219662" lon="14.771682685241103">
        <ele>346.85</ele>
      </trkpt>
      <trkpt lat="37.58420269936323" lon="14.77199281565845">
        <ele>344.03</ele>
      </trkpt>
      <trkpt lat="37.58422818034887" lon="14.772302862256765">
        <ele>341.18</ele>
      </trkpt>
      <trkpt lat="37.58425357751548" lon="14.772610981017351">
        <ele>338.31</ele>
      </trkpt>
      <trkpt lat="37.584333373233676" lon="14.772930331528187">
        <ele>335.33</ele>
      </trkpt>
      <trkpt lat="37.5844132527709" lon="14.77324959821999">
        <ele>332.41</ele>
      </trkpt>
      <trkpt lat="37.584492797032" lon="14.77356718853116">
        <ele>329.49</ele>
      </trkpt>
      <trkpt lat="37.58451668545604" lon="14.773924760520458">
        <ele>326.62</ele>
      </trkpt>
      <trkpt lat="37.58454065769911" lon="14.774282248690724">
        <ele>323.88</ele>
      </trkpt>
      <trkpt lat="37.58456462994218" lon="14.77463973686099">
        <ele>321.03</ele>
      </trkpt>
      <trkpt lat="37.58458860218525" lon="14.774997225031257">
        <ele>318.2</ele>
      </trkpt>
      <trkpt lat="37.58461257442832" lon="14.775354713201523">
        <ele>315.61</ele>
      </trkpt>
      <trkpt lat="37.584636295214295" lon="14.77570784278214">
        <ele>313.13</ele>
      </trkpt>
      <trkpt lat="37.584709553048015" lon="14.776072204113007">
        <ele>310.75</ele>
      </trkpt>
      <trkpt lat="37.584782810881734" lon="14.776436649262905">
        <ele>308.49</ele>
      </trkpt>
      <trkpt lat="37.58485606871545" lon="14.776801010593772">
        <ele>306.46</ele>
      </trkpt>
      <trkpt lat="37.58492932654917" lon="14.77716545574367">
        <ele>304.47</ele>
      </trkpt>
      <trkpt lat="37.58500199764967" lon="14.7775265481323">
        <ele>302.69</ele>
      </trkpt>
      <trkpt lat="37.5848450884223" lon="14.77776643820107">
        <ele>301.18</ele>
      </trkpt>
      <trkpt lat="37.58468843065202" lon="14.778006244450808">
        <ele>299.93</ele>
      </trkpt>
      <trkpt lat="37.584578627720475" lon="14.778324756771326">
        <ele>298.98</ele>
      </trkpt>
      <trkpt lat="37.58446890860796" lon="14.778643269091845">
        <ele>298.17</ele>
      </trkpt>
      <trkpt lat="37.58435910567641" lon="14.778961865231395">
        <ele>297.51</ele>
      </trkpt>
      <trkpt lat="37.58425005711615" lon="14.779278617352247">
        <ele>297.03</ele>
      </trkpt>
      <trkpt lat="37.58419121615589" lon="14.779588161036372">
        <ele>296.6</ele>
      </trkpt>
      <trkpt lat="37.584132459014654" lon="14.779897788539529">
        <ele>296.26</ele>
      </trkpt>
      <trkpt lat="37.58407370187342" lon="14.780207416042686">
        <ele>296.08</ele>
      </trkpt>
      <trkpt lat="37.58401536382735" lon="14.780514780431986">
        <ele>296.01</ele>
      </trkpt>
      <trkpt lat="37.584020644426346" lon="14.780903700739145">
        <ele>296.02</ele>
      </trkpt>
      <trkpt lat="37.584025925025344" lon="14.781292704865336">
        <ele>296.32</ele>
      </trkpt>
      <trkpt lat="37.58403120562434" lon="14.781679278239608">
        <ele>296.67</ele>
      </trkpt>
      <trkpt lat="37.584141260012984" lon="14.781875582411885">
        <ele>297.19</ele>
      </trkpt>
      <trkpt lat="37.58425114676356" lon="14.7820717189461">
        <ele>297.7</ele>
      </trkpt>
      <trkpt lat="37.58432532660663" lon="14.78231462650001">
        <ele>298.11</ele>
      </trkpt>
      <trkpt lat="37.58432909846306" lon="14.782319068908691">
        <ele>298.62</ele>
      </trkpt>
      <trkpt lat="37.58443797938526" lon="14.78244018740952">
        <ele>299.18</ele>
      </trkpt>
      <trkpt lat="37.58446077816188" lon="14.78244949132204">
        <ele>299.76</ele>
      </trkpt>
      <trkpt lat="37.58447972126305" lon="14.782454185187817">
        <ele>300.36</ele>
      </trkpt>
      <trkpt lat="37.58450260385871" lon="14.78247245773673">
        <ele>300.97</ele>
      </trkpt>
      <trkpt lat="37.58452171459794" lon="14.7824861202389">
        <ele>301.58</ele>
      </trkpt>
      <trkpt lat="37.5845409091562" lon="14.782504476606846">
        <ele>302.18</ele>
      </trkpt>
      <trkpt lat="37.58456773124635" lon="14.782522916793823">
        <ele>302.77</ele>
      </trkpt>
      <trkpt lat="37.58459094911814" lon="14.7825413569808">
        <ele>303.34</ele>
      </trkpt>
      <trkpt lat="37.58461802266538" lon="14.782564574852586">
        <ele>303.89</ele>
      </trkpt>
      <trkpt lat="37.58463352918625" lon="14.782582931220531">
        <ele>304.41</ele>
      </trkpt>
      <trkpt lat="37.58465297520161" lon="14.78259701281786">
        <ele>304.9</ele>
      </trkpt>
      <trkpt lat="37.584668565541506" lon="14.78261997923255">
        <ele>305.34</ele>
      </trkpt>
      <trkpt lat="37.584680300205946" lon="14.782633977010846">
        <ele>305.75</ele>
      </trkpt>
      <trkpt lat="37.58468423970044" lon="14.78265224955976">
        <ele>306.11</ele>
      </trkpt>
      <trkpt lat="37.584692034870386" lon="14.78267521597445">
        <ele>306.43</ele>
      </trkpt>
      <trkpt lat="37.58471164852381" lon="14.78272114880383">
        <ele>306.69</ele>
      </trkpt>
      <trkpt lat="37.58472338318825" lon="14.782748892903328">
        <ele>306.91</ele>
      </trkpt>
      <trkpt lat="37.58473520167172" lon="14.782772026956081">
        <ele>307.1</ele>
      </trkpt>
      <trkpt lat="37.58475883863866" lon="14.78281402029097">
        <ele>307.22</ele>
      </trkpt>
      <trkpt lat="37.58477074094117" lon="14.782828101888299">
        <ele>307.32</ele>
      </trkpt>
      <trkpt lat="37.58478658273816" lon="14.78284235112369">
        <ele>307.38</ele>
      </trkpt>
      <trkpt lat="37.58480644784868" lon="14.782861461862922">
        <ele>307.39</ele>
      </trkpt>
      <trkpt lat="37.58483427576721" lon="14.78288090787828">
        <ele>307.37</ele>
      </trkpt>
      <trkpt lat="37.58486629463732" lon="14.782905299216509">
        <ele>307.3</ele>
      </trkpt>
      <trkpt lat="37.58489026688039" lon="14.78292927145958">
        <ele>307.2</ele>
      </trkpt>
      <trkpt lat="37.5849225372076" lon="14.782949220389128">
        <ele>307.07</ele>
      </trkpt>
      <trkpt lat="37.58493863046169" lon="14.782963804900646">
        <ele>306.91</ele>
      </trkpt>
      <trkpt lat="37.584971152246" lon="14.782983837649226">
        <ele>306.73</ele>
      </trkpt>
      <trkpt lat="37.58498741313815" lon="14.782993812114">
        <ele>306.52</ele>
      </trkpt>
      <trkpt lat="37.585003757849336" lon="14.783022478222847">
        <ele>306.28</ele>
      </trkpt>
      <trkpt lat="37.58501188829541" lon="14.78304611518979">
        <ele>306.02</ele>
      </trkpt>
      <trkpt lat="37.585015995427966" lon="14.78306950069964">
        <ele>305.75</ele>
      </trkpt>
      <trkpt lat="37.58502001874149" lon="14.783088359981775">
        <ele>305.46</ele>
      </trkpt>
      <trkpt lat="37.58502412587404" lon="14.783120965585113">
        <ele>305.16</ele>
      </trkpt>
      <trkpt lat="37.58502412587404" lon="14.783148961141706">
        <ele>304.85</ele>
      </trkpt>
      <trkpt lat="37.58502412587404" lon="14.783186092972755">
        <ele>304.54</ele>
      </trkpt>
      <trkpt lat="37.58502412587404" lon="14.78321853093803">
        <ele>304.22</ele>
      </trkpt>
      <trkpt lat="37.58502001874149" lon="14.783246191218495">
        <ele>303.9</ele>
      </trkpt>
      <trkpt lat="37.58502001874149" lon="14.783292626962066">
        <ele>303.58</ele>
      </trkpt>
      <trkpt lat="37.58502001874149" lon="14.783320538699627">
        <ele>303.27</ele>
      </trkpt>
      <trkpt lat="37.58502001874149" lon="14.78334367275238">
        <ele>302.97</ele>
      </trkpt>
      <trkpt lat="37.58502412587404" lon="14.783362615853548">
        <ele>302.68</ele>
      </trkpt>
      <trkpt lat="37.58502412587404" lon="14.783390443772078">
        <ele>302.4</ele>
      </trkpt>
      <trkpt lat="37.58502412587404" lon="14.783418355509639">
        <ele>302.13</ele>
      </trkpt>
      <trkpt lat="37.58502412587404" lon="14.783450793474913">
        <ele>301.88</ele>
      </trkpt>
      <trkpt lat="37.58502806536853" lon="14.783483650535345">
        <ele>301.65</ele>
      </trkpt>
      <trkpt lat="37.58503225632012" lon="14.783507287502289">
        <ele>301.42</ele>
      </trkpt>
      <trkpt lat="37.58503225632012" lon="14.783539725467563">
        <ele>301.22</ele>
      </trkpt>
      <trkpt lat="37.58503225632012" lon="14.78356302715838">
        <ele>301.02</ele>
      </trkpt>
      <trkpt lat="37.58503225632012" lon="14.783586161211133">
        <ele>300.84</ele>
      </trkpt>
      <trkpt lat="37.58503225632012" lon="14.783604852855206">
        <ele>300.68</ele>
      </trkpt>
      <trkpt lat="37.58503225632012" lon="14.78363729082048">
        <ele>300.52</ele>
      </trkpt>
      <trkpt lat="37.58502806536853" lon="14.78366956114769">
        <ele>300.39</ele>
      </trkpt>
      <trkpt lat="37.58502806536853" lon="14.78369738906622">
        <ele>300.26</ele>
      </trkpt>
      <trkpt lat="37.58502806536853" lon="14.78372530080378">
        <ele>300.14</ele>
      </trkpt>
      <trkpt lat="37.58502806536853" lon="14.783767126500607">
        <ele>300.03</ele>
      </trkpt>
      <trkpt lat="37.58502404205501" lon="14.783794535323977">
        <ele>299.94</ele>
      </trkpt>
      <trkpt lat="37.58501993492246" lon="14.783826554194093">
        <ele>299.85</ele>
      </trkpt>
      <trkpt lat="37.58501993492246" lon="14.78385915979743">
        <ele>299.78</ele>
      </trkpt>
      <trkpt lat="37.58501993492246" lon="14.783900985494256">
        <ele>299.71</ele>
      </trkpt>
      <trkpt lat="37.5850158277899" lon="14.783928394317627">
        <ele>299.65</ele>
      </trkpt>
      <trkpt lat="37.58501180447638" lon="14.783969633281231">
        <ele>299.6</ele>
      </trkpt>
      <trkpt lat="37.585007697343826" lon="14.784015566110611">
        <ele>299.57</ele>
      </trkpt>
      <trkpt lat="37.585007697343826" lon="14.784024870023131">
        <ele>299.53</ele>
      </trkpt>
      <trkpt lat="37.58500359021127" lon="14.784047668799758">
        <ele>299.51</ele>
      </trkpt>
      <trkpt lat="37.58499956689775" lon="14.784074993804097">
        <ele>299.49</ele>
      </trkpt>
      <trkpt lat="37.58499956689775" lon="14.78409812785685">
        <ele>299.48</ele>
      </trkpt>
      <trkpt lat="37.584995459765196" lon="14.784120842814445">
        <ele>299.47</ele>
      </trkpt>
      <trkpt lat="37.584983222186565" lon="14.784151772037148">
        <ele>299.47</ele>
      </trkpt>
      <trkpt lat="37.58497509174049" lon="14.784173900261521">
        <ele>299.48</ele>
      </trkpt>
      <trkpt lat="37.58496696129441" lon="14.784196112304926">
        <ele>299.48</ele>
      </trkpt>
      <trkpt lat="37.58495472371578" lon="14.78423148393631">
        <ele>299.5</ele>
      </trkpt>
      <trkpt lat="37.58493863046169" lon="14.78427104651928">
        <ele>299.52</ele>
      </trkpt>
      <trkpt lat="37.584930500015616" lon="14.784293007105589">
        <ele>299.54</ele>
      </trkpt>
      <trkpt lat="37.58491440676153" lon="14.784323181957006">
        <ele>299.58</ele>
      </trkpt>
      <trkpt lat="37.584898229688406" lon="14.784366935491562">
        <ele>299.63</ele>
      </trkpt>
      <trkpt lat="37.584878196939826" lon="14.784414796158671">
        <ele>299.68</ele>
      </trkpt>
      <trkpt lat="37.58487015031278" lon="14.78443675674498">
        <ele>299.74</ele>
      </trkpt>
      <trkpt lat="37.58486612699926" lon="14.784468356519938">
        <ele>299.82</ele>
      </trkpt>
      <trkpt lat="37.58485799655318" lon="14.78449928574264">
        <ele>299.9</ele>
      </trkpt>
      <trkpt lat="37.58485405705869" lon="14.784526191651821">
        <ele>300.0</ele>
      </trkpt>
      <trkpt lat="37.58484609425068" lon="14.784552594646811">
        <ele>300.11</ele>
      </trkpt>
      <trkpt lat="37.58483016863465" lon="14.784586876630783">
        <ele>300.23</ele>
      </trkpt>
      <trkpt lat="37.58482212200761" lon="14.78461311198771">
        <ele>300.37</ele>
      </trkpt>
      <trkpt lat="37.584814159199595" lon="14.784639431163669">
        <ele>300.53</ele>
      </trkpt>
      <trkpt lat="37.58480225689709" lon="14.784669606015086">
        <ele>300.71</ele>
      </trkpt>
      <trkpt lat="37.58479035459459" lon="14.78468595072627">
        <ele>300.91</ele>
      </trkpt>
      <trkpt lat="37.5847705733031" lon="14.78472844697535">
        <ele>301.13</ele>
      </trkpt>
      <trkpt lat="37.58476261049509" lon="14.784749988466501">
        <ele>301.38</ele>
      </trkpt>
      <trkpt lat="37.58474685251713" lon="14.78478854522109">
        <ele>301.65</ele>
      </trkpt>
      <trkpt lat="37.58473897352815" lon="14.784819139167666">
        <ele>301.94</ele>
      </trkpt>
      <trkpt lat="37.58471919223666" lon="14.78484763763845">
        <ele>302.26</ele>
      </trkpt>
      <trkpt lat="37.58469572290778" lon="14.784884434193373">
        <ele>302.6</ele>
      </trkpt>
      <trkpt lat="37.58467619307339" lon="14.784917375072837">
        <ele>302.97</ele>
      </trkpt>
      <trkpt lat="37.58466445840895" lon="14.78494243696332">
        <ele>303.38</ele>
      </trkpt>
      <trkpt lat="37.58464492857456" lon="14.784966241568327">
        <ele>303.8</ele>
      </trkpt>
      <trkpt lat="37.58463319391012" lon="14.78497764095664">
        <ele>304.26</ele>
      </trkpt>
      <trkpt lat="37.584617771208286" lon="14.78500647470355">
        <ele>304.76</ele>
      </trkpt>
      <trkpt lat="37.58460612036288" lon="14.785022484138608">
        <ele>305.28</ele>
      </trkpt>
      <trkpt lat="37.58458684198558" lon="14.785059532150626">
        <ele>305.83</ele>
      </trkpt>
      <trkpt lat="37.58457527495921" lon="14.785084426403046">
        <ele>306.4</ele>
      </trkpt>
      <trkpt lat="37.58455985225737" lon="14.785104040056467">
        <ele>307.0</ele>
      </trkpt>
      <trkpt lat="37.584544429555535" lon="14.78513253852725">
        <ele>307.62</ele>
      </trkpt>
      <trkpt lat="37.58452523499727" lon="14.785146787762642">
        <ele>308.26</ele>
      </trkpt>
      <trkpt lat="37.584498496726155" lon="14.785181991755962">
        <ele>308.94</ele>
      </trkpt>
      <trkpt lat="37.58446807041764" lon="14.785220799967647">
        <ele>309.64</ele>
      </trkpt>
      <trkpt lat="37.5844528991729" lon="14.785244520753622">
        <ele>310.34</ele>
      </trkpt>
      <trkpt lat="37.58443772792816" lon="14.78527276776731">
        <ele>311.05</ele>
      </trkpt>
      <trkpt lat="37.58443018421531" lon="14.785298081114888">
        <ele>311.76</ele>
      </trkpt>
      <trkpt lat="37.58442255668342" lon="14.78530545718968">
        <ele>312.47</ele>
      </trkpt>
      <trkpt lat="37.58426849730313" lon="14.78559035807848">
        <ele>313.3</ele>
      </trkpt>
      <trkpt lat="37.58411452174187" lon="14.785875342786312">
        <ele>314.2</ele>
      </trkpt>
      <trkpt lat="37.58396088145673" lon="14.78615965694189">
        <ele>315.07</ele>
      </trkpt>
      <trkpt lat="37.58374035358429" lon="14.78622704744339">
        <ele>315.75</ele>
      </trkpt>
      <trkpt lat="37.58351898752153" lon="14.786294605582952">
        <ele>316.44</ele>
      </trkpt>
      <trkpt lat="37.58349702693522" lon="14.786313632503152">
        <ele>317.05</ele>
      </trkpt>
      <trkpt lat="37.58332930505276" lon="14.786474984139204">
        <ele>317.77</ele>
      </trkpt>
      <trkpt lat="37.58316149935126" lon="14.78663650341332">
        <ele>318.36</ele>
      </trkpt>
      <trkpt lat="37.582979863509536" lon="14.786850241944194">
        <ele>318.84</ele>
      </trkpt>
      <trkpt lat="37.58279831148684" lon="14.787063896656036">
        <ele>319.2</ele>
      </trkpt>
      <trkpt lat="37.582616759464145" lon="14.787277551367879">
        <ele>319.49</ele>
      </trkpt>
      <trkpt lat="37.58243512362242" lon="14.787491289898753">
        <ele>319.65</ele>
      </trkpt>
      <trkpt lat="37.58234032429755" lon="14.787726989015937">
        <ele>319.84</ele>
      </trkpt>
      <trkpt lat="37.58224678225815" lon="14.788065869361162">
        <ele>319.95</ele>
      </trkpt>
      <trkpt lat="37.58223647251725" lon="14.788081040605903">
        <ele>320.1</ele>
      </trkpt>
      <trkpt lat="37.58221258409321" lon="14.78811071254313">
        <ele>320.19</ele>
      </trkpt>
      <trkpt lat="37.58219883777201" lon="14.788125297054648">
        <ele>320.24</ele>
      </trkpt>
      <trkpt lat="37.58217838592827" lon="14.78815957903862">
        <ele>320.23</ele>
      </trkpt>
      <trkpt lat="37.582151228562" lon="14.788184054195881">
        <ele>320.17</ele>
      </trkpt>
      <trkpt lat="37.58213429711759" lon="14.788206266239285">
        <ele>320.09</ele>
      </trkpt>
      <trkpt lat="37.58210722357035" lon="14.788230573758483">
        <ele>319.94</ele>
      </trkpt>
      <trkpt lat="37.5820870231837" lon="14.78825194761157">
        <ele>319.77</ele>
      </trkpt>
      <trkpt lat="37.58206690661609" lon="14.788264771923423">
        <ele>319.57</ele>
      </trkpt>
      <trkpt lat="37.58205022662878" lon="14.788274075835943">
        <ele>319.33</ele>
      </trkpt>
      <trkpt lat="37.5820301938802" lon="14.788278602063656">
        <ele>319.05</ele>
      </trkpt>
      <trkpt lat="37.58201351389289" lon="14.788275333121419">
        <ele>318.73</ele>
      </trkpt>
      <trkpt lat="37.58199356496334" lon="14.788271393626928">
        <ele>318.37</ele>
      </trkpt>
      <trkpt lat="37.58196380920708" lon="14.78826954960823">
        <ele>317.97</ele>
      </trkpt>
      <trkpt lat="37.581957187503576" lon="14.788268376141787">
        <ele>317.55</ele>
      </trkpt>
      <trkpt lat="37.58193740621209" lon="14.788272734731436">
        <ele>317.09</ele>
      </trkpt>
      <trkpt lat="37.58191770873964" lon="14.788268879055977">
        <ele>316.59</ele>
      </trkpt>
      <trkpt lat="37.58189809508622" lon="14.788273237645626">
        <ele>316.05</ele>
      </trkpt>
      <trkpt lat="37.58188175037503" lon="14.788274075835943">
        <ele>315.46</ele>
      </trkpt>
      <trkpt lat="37.581858951598406" lon="14.78827784769237">
        <ele>314.84</ele>
      </trkpt>
      <trkpt lat="37.58183288387954" lon="14.788285056129098">
        <ele>314.17</ele>
      </trkpt>
      <trkpt lat="37.58182005956769" lon="14.788290672004223">
        <ele>313.47</ele>
      </trkpt>
      <trkpt lat="37.58179424330592" lon="14.788301903754473">
        <ele>312.7</ele>
      </trkpt>
      <trkpt lat="37.58178452029824" lon="14.788308190181851">
        <ele>311.91</ele>
      </trkpt>
      <trkpt lat="37.58176205679774" lon="14.788320176303387">
        <ele>311.06</ele>
      </trkpt>
      <trkpt lat="37.581752417609096" lon="14.78832227177918">
        <ele>310.18</ele>
      </trkpt>
      <trkpt lat="37.58173649199307" lon="14.788331240415573">
        <ele>309.25</ele>
      </trkpt>
      <trkpt lat="37.58172685280442" lon="14.788333419710398">
        <ele>308.27</ele>
      </trkpt>
      <trkpt lat="37.5817141123116" lon="14.788338951766491">
        <ele>307.25</ele>
      </trkpt>
      <trkpt lat="37.5816950853914" lon="14.788343226537108">
        <ele>306.19</ele>
      </trkpt>
      <trkpt lat="37.5816760584712" lon="14.788347501307726">
        <ele>305.08</ele>
      </trkpt>
      <trkpt lat="37.58166658692062" lon="14.78835353627801">
        <ele>303.93</ele>
      </trkpt>
      <trkpt lat="37.58165066130459" lon="14.78835848160088">
        <ele>302.75</ele>
      </trkpt>
      <trkpt lat="37.58149995468557" lon="14.78841707110405">
        <ele>301.46</ele>
      </trkpt>
      <trkpt lat="37.58134866133332" lon="14.788475995883346">
        <ele>300.13</ele>
      </trkpt>
      <trkpt lat="37.581206085160375" lon="14.788687890395522">
        <ele>298.74</ele>
      </trkpt>
      <trkpt lat="37.58106359280646" lon="14.788899784907699">
        <ele>297.31</ele>
      </trkpt>
      <trkpt lat="37.580921268090606" lon="14.789111511781812">
        <ele>295.94</ele>
      </trkpt>
      <trkpt lat="37.58083904162049" lon="14.789405297487974">
        <ele>294.57</ele>
      </trkpt>
      <trkpt lat="37.58075715042651" lon="14.789698161184788">
        <ele>293.29</ele>
      </trkpt>
      <trkpt lat="37.5807058531791" lon="14.790042405948043">
        <ele>291.9</ele>
      </trkpt>
      <trkpt lat="37.58065455593169" lon="14.79038673453033">
        <ele>290.48</ele>
      </trkpt>
      <trkpt lat="37.580603677779436" lon="14.790729135274887">
        <ele>289.02</ele>
      </trkpt>
      <trkpt lat="37.580541986972094" lon="14.790996015071869">
        <ele>287.61</ele>
      </trkpt>
      <trkpt lat="37.58048029616475" lon="14.79126289486885">
        <ele>286.18</ele>
      </trkpt>
      <trkpt lat="37.58041902445257" lon="14.791528433561325">
        <ele>284.85</ele>
      </trkpt>
      <trkpt lat="37.580293379724026" lon="14.791809814050794">
        <ele>283.6</ele>
      </trkpt>
      <trkpt lat="37.580167734995484" lon="14.792091194540262">
        <ele>282.34</ele>
      </trkpt>
      <trkpt lat="37.580042174085975" lon="14.792372658848763">
        <ele>281.13</ele>
      </trkpt>
      <trkpt lat="37.579917116090655" lon="14.792652865871787">
        <ele>280.01</ele>
      </trkpt>
      <trkpt lat="37.57980932481587" lon="14.792921589687467">
        <ele>278.92</ele>
      </trkpt>
      <trkpt lat="37.57970195263624" lon="14.793189810588956">
        <ele>277.86</ele>
      </trkpt>
      <trkpt lat="37.57953490130603" lon="14.793390892446041">
        <ele>276.93</ele>
      </trkpt>
      <trkpt lat="37.579367849975824" lon="14.793592058122158">
        <ele>276.06</ele>
      </trkpt>
      <trkpt lat="37.579200798645616" lon="14.793793307617307">
        <ele>275.25</ele>
      </trkpt>
      <trkpt lat="37.57899519056082" lon="14.794025234878063">
        <ele>274.5</ele>
      </trkpt>
      <trkpt lat="37.57878949865699" lon="14.794257329776883">
        <ele>273.67</ele>
      </trkpt>
      <trkpt lat="37.57877583615482" lon="14.794273423030972">
        <ele>273.0</ele>
      </trkpt>
      <trkpt lat="37.57875882089138" lon="14.794285157695413">
        <ele>272.4</ele>
      </trkpt>
      <trkpt lat="37.57873501628637" lon="14.79430066421628">
        <ele>271.84</ele>
      </trkpt>
      <trkpt lat="37.5787078589201" lon="14.79431583546102">
        <ele>271.35</ele>
      </trkpt>
      <trkpt lat="37.57868413813412" lon="14.794331258162856">
        <ele>270.9</ele>
      </trkpt>
      <trkpt lat="37.57867081090808" lon="14.794334527105093">
        <ele>270.51</ele>
      </trkpt>
      <trkpt lat="37.578650610521436" lon="14.79434173554182">
        <ele>270.17</ele>
      </trkpt>
      <trkpt lat="37.57863384671509" lon="14.794344753026962">
        <ele>269.88</ele>
      </trkpt>
      <trkpt lat="37.578610545024276" lon="14.794351626187563">
        <ele>269.63</ele>
      </trkpt>
      <trkpt lat="37.57858389057219" lon="14.794358247891068">
        <ele>269.43</ele>
      </trkpt>
      <trkpt lat="37.57855740375817" lon="14.794364785775542">
        <ele>269.27</ele>
      </trkpt>
      <trkpt lat="37.57853753864765" lon="14.794363528490067">
        <ele>269.15</ele>
      </trkpt>
      <trkpt lat="37.57851448841393" lon="14.794361852109432">
        <ele>269.06</ele>
      </trkpt>
      <trkpt lat="37.57849479094148" lon="14.794360594823956">
        <ele>269.01</ele>
      </trkpt>
      <trkpt lat="37.57846863940358" lon="14.79435053654015">
        <ele>268.99</ele>
      </trkpt>
      <trkpt lat="37.578445840626955" lon="14.79434072971344">
        <ele>268.99</ele>
      </trkpt>
      <trkpt lat="37.57842304185033" lon="14.79433092288673">
        <ele>269.02</ele>
      </trkpt>
      <trkpt lat="37.57839714176953" lon="14.794321032240987">
        <ele>269.08</ele>
      </trkpt>
      <trkpt lat="37.5783777795732" lon="14.794315584003925">
        <ele>269.14</ele>
      </trkpt>
      <trkpt lat="37.5783553160727" lon="14.794314159080386">
        <ele>269.22</ele>
      </trkpt>
      <trkpt lat="37.57833922281861" lon="14.794312985613942">
        <ele>269.29</ele>
      </trkpt>
      <trkpt lat="37.57832639850676" lon="14.79431633837521">
        <ele>269.38</ele>
      </trkpt>
      <trkpt lat="37.578323213383555" lon="14.79432849213481">
        <ele>269.47</ele>
      </trkpt>
      <trkpt lat="37.57830401882529" lon="14.794351793825626">
        <ele>269.56</ele>
      </trkpt>
      <trkpt lat="37.57829454727471" lon="14.794367551803589">
        <ele>269.65</ele>
      </trkpt>
      <trkpt lat="37.57828180678189" lon="14.794407617300749">
        <ele>269.74</ele>
      </trkpt>
      <trkpt lat="37.57827862165868" lon="14.794419687241316">
        <ele>269.84</ele>
      </trkpt>
      <trkpt lat="37.57826277986169" lon="14.794447096064687">
        <ele>269.93</ele>
      </trkpt>
      <trkpt lat="37.57824375294149" lon="14.794478360563517">
        <ele>270.01</ele>
      </trkpt>
      <trkpt lat="37.57823746651411" lon="14.794485988095403">
        <ele>270.11</ele>
      </trkpt>
      <trkpt lat="37.5782310962677" lon="14.794501829892397">
        <ele>270.19</ele>
      </trkpt>
      <trkpt lat="37.57821533828974" lon="14.79452496394515">
        <ele>270.28</ele>
      </trkpt>
      <trkpt lat="37.578205950558186" lon="14.794544577598572">
        <ele>270.36</ele>
      </trkpt>
      <trkpt lat="37.57819966413081" lon="14.794560419395566">
        <ele>270.45</ele>
      </trkpt>
      <trkpt lat="37.5781777035445" lon="14.794578775763512">
        <ele>270.53</ele>
      </trkpt>
      <trkpt lat="37.57816521450877" lon="14.79458992369473">
        <ele>270.61</ele>
      </trkpt>
      <trkpt lat="37.57816202938557" lon="14.794593779370189">
        <ele>270.7</ele>
      </trkpt>
      <trkpt lat="37.57813395000994" lon="14.79459528811276">
        <ele>270.8</ele>
      </trkpt>
      <trkpt lat="37.5781309325248" lon="14.794595120474696">
        <ele>270.9</ele>
      </trkpt>
      <trkpt lat="37.57810302078724" lon="14.794592689722776">
        <ele>271.01</ele>
      </trkpt>
      <trkpt lat="37.578090615570545" lon="14.794591516256332">
        <ele>271.11</ele>
      </trkpt>
      <trkpt lat="37.57807519286871" lon="14.794590258970857">
        <ele>271.22</ele>
      </trkpt>
      <trkpt lat="37.578059853985906" lon="14.79458891786635">
        <ele>271.33</ele>
      </trkpt>
      <trkpt lat="37.57804753258824" lon="14.794583721086383">
        <ele>271.44</ele>
      </trkpt>
      <trkpt lat="37.5780291762203" lon="14.79457818903029">
        <ele>271.55</ele>
      </trkpt>
      <trkpt lat="37.57801081985235" lon="14.794576680287719">
        <ele>271.67</ele>
      </trkpt>
      <trkpt lat="37.57799254730344" lon="14.794570980593562">
        <ele>271.8</ele>
      </trkpt>
      <trkpt lat="37.57797125726938" lon="14.794565113261342">
        <ele>271.93</ele>
      </trkpt>
      <trkpt lat="37.57795608602464" lon="14.794559916481376">
        <ele>272.07</ele>
      </trkpt>
      <trkpt lat="37.57793496362865" lon="14.794554132968187">
        <ele>272.21</ele>
      </trkpt>
      <trkpt lat="37.57791987620294" lon="14.79455279186368">
        <ele>272.36</ele>
      </trkpt>
      <trkpt lat="37.57789883762598" lon="14.79453912936151">
        <ele>272.51</ele>
      </trkpt>
      <trkpt lat="37.57777654565871" lon="14.794628312811255">
        <ele>272.63</ele>
      </trkpt>
      <trkpt lat="37.57775743491948" lon="14.794650189578533">
        <ele>272.8</ele>
      </trkpt>
      <trkpt lat="37.57773455232382" lon="14.79466762393713">
        <ele>272.98</ele>
      </trkpt>
      <trkpt lat="37.57769658230245" lon="14.79469788260758">
        <ele>273.17</ele>
      </trkpt>
      <trkpt lat="37.5776890385896" lon="14.794702073559165">
        <ele>273.36</ele>
      </trkpt>
      <trkpt lat="37.577666323632" lon="14.794705845415592">
        <ele>273.57</ele>
      </trkpt>
      <trkpt lat="37.57763254456222" lon="14.794713808223605">
        <ele>273.8</ele>
      </trkpt>
      <trkpt lat="37.57761754095554" lon="14.794713221490383">
        <ele>274.01</ele>
      </trkpt>
      <trkpt lat="37.57759884931147" lon="14.794721519574523">
        <ele>274.23</ele>
      </trkpt>
      <trkpt lat="37.577583929523826" lon="14.794730069115758">
        <ele>274.44</ele>
      </trkpt>
      <trkpt lat="37.57756900973618" lon="14.794742809608579">
        <ele>274.65</ele>
      </trkpt>
      <trkpt lat="37.57756154984236" lon="14.794751442968845">
        <ele>274.85</ele>
      </trkpt>
      <trkpt lat="37.57754663005471" lon="14.794768625870347">
        <ele>275.05</ele>
      </trkpt>
      <trkpt lat="37.57752450183034" lon="14.794781031087041">
        <ele>275.25</ele>
      </trkpt>
      <trkpt lat="37.57750606164336" lon="14.79479368776083">
        <ele>275.44</ele>
      </trkpt>
      <trkpt lat="37.57748753763735" lon="14.794806260615587">
        <ele>275.62</ele>
      </trkpt>
      <trkpt lat="37.57746926508844" lon="14.794823108240962">
        <ele>275.79</ele>
      </trkpt>
      <trkpt lat="37.57744730450213" lon="14.794848673045635">
        <ele>275.95</ele>
      </trkpt>
      <trkpt lat="37.57743624038994" lon="14.794874573126435">
        <ele>276.09</ele>
      </trkpt>
      <trkpt lat="37.577421739697456" lon="14.79489142075181">
        <ele>276.22</ele>
      </trkpt>
      <trkpt lat="37.57740715518594" lon="14.794912794604897">
        <ele>276.34</ele>
      </trkpt>
      <trkpt lat="37.57739257067442" lon="14.79493835940957">
        <ele>276.45</ele>
      </trkpt>
      <trkpt lat="37.57738175801933" lon="14.794959733262658">
        <ele>276.54</ele>
      </trkpt>
      <trkpt lat="37.57737446576357" lon="14.794976832345128">
        <ele>276.61</ele>
      </trkpt>
      <trkpt lat="37.57736725732684" lon="14.795007091015577">
        <ele>276.67</ele>
      </trkpt>
      <trkpt lat="37.57735636085272" lon="14.79504145681858">
        <ele>276.71</ele>
      </trkpt>
      <trkpt lat="37.57734915241599" lon="14.7950629144907">
        <ele>276.73</ele>
      </trkpt>
      <trkpt lat="37.57734554819763" lon="14.79507565498352">
        <ele>276.74</ele>
      </trkpt>
      <trkpt lat="37.577334735542536" lon="14.795114295557141">
        <ele>276.73</ele>
      </trkpt>
      <trkpt lat="37.577334735542536" lon="14.79512745514512">
        <ele>276.71</ele>
      </trkpt>
      <trkpt lat="37.57732031866908" lon="14.795152684673667">
        <ele>276.67</ele>
      </trkpt>
      <trkpt lat="37.57731671445072" lon="14.795174226164818">
        <ele>276.61</ele>
      </trkpt>
      <trkpt lat="37.57730229757726" lon="14.795199371874332">
        <ele>276.53</ele>
      </trkpt>
      <trkpt lat="37.5772915687412" lon="14.795224769040942">
        <ele>276.44</ele>
      </trkpt>
      <trkpt lat="37.57727371528745" lon="14.79524957947433">
        <ele>276.33</ele>
      </trkpt>
      <trkpt lat="37.57726659066975" lon="14.795275144279003">
        <ele>276.2</ele>
      </trkpt>
      <trkpt lat="37.57725586183369" lon="14.7952960152179">
        <ele>276.07</ele>
      </trkpt>
      <trkpt lat="37.57723809219897" lon="14.79531210847199">
        <ele>275.92</ele>
      </trkpt>
      <trkpt lat="37.57722744718194" lon="14.79532434605062">
        <ele>275.77</ele>
      </trkpt>
      <trkpt lat="37.57720607332885" lon="14.79534002020955">
        <ele>275.59</ele>
      </trkpt>
      <trkpt lat="37.57718143053353" lon="14.795359801501036">
        <ele>275.4</ele>
      </trkpt>
      <trkpt lat="37.57718143053353" lon="14.795363992452621">
        <ele>275.21</ele>
      </trkpt>
      <trkpt lat="37.57715326733887" lon="14.79537907987833">
        <ele>275.0</ele>
      </trkpt>
      <trkpt lat="37.577139269560575" lon="14.79539081454277">
        <ele>274.77</ele>
      </trkpt>
      <trkpt lat="37.57712175138295" lon="14.795415205881">
        <ele>274.54</ele>
      </trkpt>
      <trkpt lat="37.57711471058428" lon="14.79543180204928">
        <ele>274.29</ele>
      </trkpt>
      <trkpt lat="37.57711127400398" lon="14.795448817312717">
        <ele>274.03</ele>
      </trkpt>
      <trkpt lat="37.57710431702435" lon="14.7954738792032">
        <ele>273.76</ele>
      </trkpt>
      <trkpt lat="37.57710079662502" lon="14.795495001599193">
        <ele>273.49</ele>
      </trkpt>
      <trkpt lat="37.577093839645386" lon="14.795520147308707">
        <ele>273.21</ele>
      </trkpt>
      <trkpt lat="37.57709023542702" lon="14.79553691111505">
        <ele>272.92</ele>
      </trkpt>
      <trkpt lat="37.57707992568612" lon="14.79557890444994">
        <ele>272.62</ele>
      </trkpt>
      <trkpt lat="37.57707992568612" lon="14.795583179220557">
        <ele>272.33</ele>
      </trkpt>
      <trkpt lat="37.57707640528679" lon="14.795604217797518">
        <ele>272.02</ele>
      </trkpt>
      <trkpt lat="37.57707640528679" lon="14.79562140069902">
        <ele>271.71</ele>
      </trkpt>
      <trkpt lat="37.57707640528679" lon="14.79565124027431">
        <ele>271.39</ele>
      </trkpt>
      <trkpt lat="37.57707640528679" lon="14.795676972717047">
        <ele>271.08</ele>
      </trkpt>
      <trkpt lat="37.57707984186709" lon="14.795715780928731">
        <ele>270.75</ele>
      </trkpt>
      <trkpt lat="37.57708679884672" lon="14.795742183923721">
        <ele>270.42</ele>
      </trkpt>
      <trkpt lat="37.57709023542702" lon="14.79575970210135">
        <ele>270.09</ele>
      </trkpt>
      <trkpt lat="37.57709367200732" lon="14.795781578868628">
        <ele>269.76</ele>
      </trkpt>
      <trkpt lat="37.57710423320532" lon="14.795808484777808">
        <ele>269.41</ele>
      </trkpt>
      <trkpt lat="37.57711814716458" lon="14.795835725963116">
        <ele>269.06</ele>
      </trkpt>
      <trkpt lat="37.57712518796325" lon="14.795853579416871">
        <ele>268.71</ele>
      </trkpt>
      <trkpt lat="37.57713910192251" lon="14.795872438699007">
        <ele>268.35</ele>
      </trkpt>
      <trkpt lat="37.577163744717836" lon="14.79590529575944">
        <ele>267.98</ele>
      </trkpt>
      <trkpt lat="37.57718838751316" lon="14.7959297709167">
        <ele>267.6</ele>
      </trkpt>
      <trkpt lat="37.57721311412752" lon="14.795962879434228">
        <ele>267.2</ele>
      </trkpt>
      <trkpt lat="37.57723784074187" lon="14.79598743841052">
        <ele>266.81</ele>
      </trkpt>
      <trkpt lat="37.577262902632356" lon="14.796003447845578">
        <ele>266.41</ele>
      </trkpt>
      <trkpt lat="37.57728427648544" lon="14.79601476341486">
        <ele>266.01</ele>
      </trkpt>
      <trkpt lat="37.577309338375926" lon="14.7960264980793">
        <ele>265.61</ele>
      </trkpt>
      <trkpt lat="37.57732727564871" lon="14.796032952144742">
        <ele>265.22</ele>
      </trkpt>
      <trkpt lat="37.57734898477793" lon="14.796044435352087">
        <ele>264.82</ele>
      </trkpt>
      <trkpt lat="37.577367005869746" lon="14.79605533182621">
        <ele>264.42</ele>
      </trkpt>
      <trkpt lat="37.57740329951048" lon="14.7960817348212">
        <ele>264.01</ele>
      </trkpt>
      <trkpt lat="37.5774141959846" lon="14.79609196074307">
        <ele>263.62</ele>
      </trkpt>
      <trkpt lat="37.57742878049612" lon="14.796098163351417">
        <ele>263.24</ele>
      </trkpt>
      <trkpt lat="37.57743967697024" lon="14.796112580224872">
        <ele>262.87</ele>
      </trkpt>
      <trkpt lat="37.57745803333819" lon="14.7961369715631">
        <ele>262.49</ele>
      </trkpt>
      <trkpt lat="37.57746892981231" lon="14.7961559984833">
        <ele>262.12</ele>
      </trkpt>
      <trkpt lat="37.5774799939245" lon="14.79618382640183">
        <ele>261.76</ele>
      </trkpt>
      <trkpt lat="37.57748736999929" lon="14.79621559381485">
        <ele>261.41</ele>
      </trkpt>
      <trkpt lat="37.577498434111476" lon="14.796252306550741">
        <ele>261.06</ele>
      </trkpt>
      <trkpt lat="37.577505726367235" lon="14.796279883012176">
        <ele>260.74</ele>
      </trkpt>
      <trkpt lat="37.57750941440463" lon="14.796306788921356">
        <ele>260.42</ele>
      </trkpt>
      <trkpt lat="37.577513102442026" lon="14.79632942005992">
        <ele>260.11</ele>
      </trkpt>
      <trkpt lat="37.57752416655421" lon="14.796361774206161">
        <ele>259.81</ele>
      </trkpt>
      <trkpt lat="37.57752785459161" lon="14.796384489163756">
        <ele>259.53</ele>
      </trkpt>
      <trkpt lat="37.577531626448035" lon="14.79641592130065">
        <ele>259.25</ele>
      </trkpt>
      <trkpt lat="37.577531542629" lon="14.796442408114672">
        <ele>258.99</ele>
      </trkpt>
      <trkpt lat="37.57753531448543" lon="14.796473924070597">
        <ele>258.73</ele>
      </trkpt>
      <trkpt lat="37.5775352306664" lon="14.79650929570198">
        <ele>258.49</ele>
      </trkpt>
      <trkpt lat="37.5775352306664" lon="14.79653125628829">
        <ele>258.26</ele>
      </trkpt>
      <trkpt lat="37.5775352306664" lon="14.796557910740376">
        <ele>258.04</ele>
      </trkpt>
      <trkpt lat="37.577531542629" lon="14.796597054228187">
        <ele>257.83</ele>
      </trkpt>
      <trkpt lat="37.577531542629" lon="14.79661918245256">
        <ele>257.63</ele>
      </trkpt>
      <trkpt lat="37.57752416655421" lon="14.796648854389787">
        <ele>257.46</ele>
      </trkpt>
      <trkpt lat="37.57751679047942" lon="14.796665282920003">
        <ele>257.29</ele>
      </trkpt>
      <trkpt lat="37.5775093305856" lon="14.79669931344688">
        <ele>257.13</ele>
      </trkpt>
      <trkpt lat="37.5775056425482" lon="14.79672521352768">
        <ele>256.99</ele>
      </trkpt>
      <trkpt lat="37.57750195451081" lon="14.79677315801382">
        <ele>256.85</ele>
      </trkpt>
      <trkpt lat="37.57749826647341" lon="14.796798974275589">
        <ele>256.74</ele>
      </trkpt>
      <trkpt lat="37.57749826647341" lon="14.79682537727058">
        <ele>256.64</ele>
      </trkpt>
      <trkpt lat="37.57749826647341" lon="14.79684297926724">
        <ele>256.55</ele>
      </trkpt>
      <trkpt lat="37.57749457843602" lon="14.796864353120327">
        <ele>256.48</ele>
      </trkpt>
      <trkpt lat="37.57749457843602" lon="14.79689964093268">
        <ele>256.41</ele>
      </trkpt>
      <trkpt lat="37.57749089039862" lon="14.796921014785767">
        <ele>256.35</ele>
      </trkpt>
      <trkpt lat="37.577487202361226" lon="14.796959906816483">
        <ele>256.3</ele>
      </trkpt>
      <trkpt lat="37.577487202361226" lon="14.796973066404462">
        <ele>256.26</ele>
      </trkpt>
      <trkpt lat="37.577487202361226" lon="14.797012712806463">
        <ele>256.22</ele>
      </trkpt>
      <trkpt lat="37.577487202361226" lon="14.797017239034176">
        <ele>256.2</ele>
      </trkpt>
      <trkpt lat="37.57746532559395" lon="14.797198036685586">
        <ele>256.17</ele>
      </trkpt>
      <trkpt lat="37.57743816822767" lon="14.797275569289923">
        <ele>256.17</ele>
      </trkpt>
      <trkpt lat="37.57741503417492" lon="14.797316808253527">
        <ele>256.17</ele>
      </trkpt>
      <trkpt lat="37.57741117849946" lon="14.797330303117633">
        <ele>256.17</ele>
      </trkpt>
      <trkpt lat="37.57739961147308" lon="14.797348659485579">
        <ele>256.17</ele>
      </trkpt>
      <trkpt lat="37.57738427259028" lon="14.797380426898599">
        <ele>256.17</ele>
      </trkpt>
      <trkpt lat="37.57736876606941" lon="14.7974166367203">
        <ele>256.17</ele>
      </trkpt>
      <trkpt lat="37.57735359482467" lon="14.79744840413332">
        <ele>256.18</ele>
      </trkpt>
      <trkpt lat="37.57734579965472" lon="14.797479836270213">
        <ele>256.18</ele>
      </trkpt>
      <trkpt lat="37.57733825594187" lon="14.797502299770713">
        <ele>256.19</ele>
      </trkpt>
      <trkpt lat="37.57732677273452" lon="14.797520488500595">
        <ele>256.2</ele>
      </trkpt>
      <trkpt lat="37.57731545716524" lon="14.797542868182063">
        <ele>256.21</ele>
      </trkpt>
      <trkpt lat="37.57730020210147" lon="14.797569941729307">
        <ele>256.21</ele>
      </trkpt>
      <trkpt lat="37.5772812590003" lon="14.797601290047169">
        <ele>256.19</ele>
      </trkpt>
      <trkpt lat="37.57726608775556" lon="14.79763699695468">
        <ele>256.17</ele>
      </trkpt>
      <trkpt lat="37.57725477218628" lon="14.797663819044828">
        <ele>256.15</ele>
      </trkpt>
      <trkpt lat="37.577243456617" lon="14.797694999724627">
        <ele>256.12</ele>
      </trkpt>
      <trkpt lat="37.57722468115389" lon="14.797726012766361">
        <ele>256.06</ele>
      </trkpt>
      <trkpt lat="37.577220909297466" lon="14.797730455175042">
        <ele>256.01</ele>
      </trkpt>
      <trkpt lat="37.57721336558461" lon="14.797752751037478">
        <ele>255.94</ele>
      </trkpt>
      <trkpt lat="37.57720213383436" lon="14.79777043685317">
        <ele>255.87</ele>
      </trkpt>
      <trkpt lat="37.57718704640865" lon="14.797796923667192">
        <ele>255.78</ele>
      </trkpt>
      <trkpt lat="37.57716475054622" lon="14.797836653888226">
        <ele>255.69</ele>
      </trkpt>
      <trkpt lat="37.57713868282735" lon="14.797867247834802">
        <ele>255.59</ele>
      </trkpt>
      <trkpt lat="37.57711647078395" lon="14.797889040783048">
        <ele>255.48</ele>
      </trkpt>
      <trkpt lat="37.57709794677794" lon="14.797910749912262">
        <ele>255.36</ele>
      </trkpt>
      <trkpt lat="37.577068442478776" lon="14.797932207584381">
        <ele>255.24</ele>
      </trkpt>
      <trkpt lat="37.57705746218562" lon="14.79794092476368">
        <ele>255.11</ele>
      </trkpt>
      <trkpt lat="37.577039105817676" lon="14.79795802384615">
        <ele>254.97</ele>
      </trkpt>
      <trkpt lat="37.57702812552452" lon="14.797971099615097">
        <ele>254.83</ele>
      </trkpt>
      <trkpt lat="37.577017145231366" lon="14.79798836633563">
        <ele>254.68</ele>
      </trkpt>
      <trkpt lat="37.57700256071985" lon="14.7980054654181">
        <ele>254.52</ele>
      </trkpt>
      <trkpt lat="37.5769842043519" lon="14.7980313654989">
        <ele>254.35</ele>
      </trkpt>
      <trkpt lat="37.57696978747845" lon="14.7980572655797">
        <ele>254.18</ele>
      </trkpt>
      <trkpt lat="37.57695528678596" lon="14.798087440431118">
        <ele>253.99</ele>
      </trkpt>
      <trkpt lat="37.57694807834923" lon="14.7981090657413">
        <ele>253.79</ele>
      </trkpt>
      <trkpt lat="37.57692268118262" lon="14.798151897266507">
        <ele>253.58</ele>
      </trkpt>
      <trkpt lat="37.57691555656493" lon="14.79816472157836">
        <ele>253.37</ele>
      </trkpt>
      <trkpt lat="37.5769083481282" lon="14.79818182066083">
        <ele>253.16</ele>
      </trkpt>
      <trkpt lat="37.57689384743571" lon="14.798207385465503">
        <ele>252.94</ele>
      </trkpt>
      <trkpt lat="37.57688311859965" lon="14.798246193677187">
        <ele>252.71</ele>
      </trkpt>
      <trkpt lat="37.57687599398196" lon="14.798271842300892">
        <ele>252.48</ele>
      </trkpt>
      <trkpt lat="37.5768581405282" lon="14.798310231417418">
        <ele>252.25</ele>
      </trkpt>
      <trkpt lat="37.57684028707445" lon="14.79834409430623">
        <ele>252.03</ele>
      </trkpt>
      <trkpt lat="37.57682955823839" lon="14.79836949147284">
        <ele>251.81</ele>
      </trkpt>
      <trkpt lat="37.57681891322136" lon="14.7983992472291">
        <ele>251.59</ele>
      </trkpt>
      <trkpt lat="37.576801143586636" lon="14.79843302629888">
        <ele>251.36</ele>
      </trkpt>
      <trkpt lat="37.57679401896894" lon="14.798454148694873">
        <ele>251.13</ele>
      </trkpt>
      <trkpt lat="37.57678337395191" lon="14.7984838206321">
        <ele>250.9</ele>
      </trkpt>
      <trkpt lat="37.576772812753916" lon="14.798509133979678">
        <ele>250.67</ele>
      </trkpt>
      <trkpt lat="37.57675169035792" lon="14.798550875857472">
        <ele>250.48</ele>
      </trkpt>
      <trkpt lat="37.57674112915993" lon="14.798576105386019">
        <ele>250.29</ele>
      </trkpt>
      <trkpt lat="37.57673056796193" lon="14.798596976324916">
        <ele>250.11</ele>
      </trkpt>
      <trkpt lat="37.57672352716327" lon="14.79860938154161">
        <ele>249.92</ele>
      </trkpt>
      <trkpt lat="37.5767130497843" lon="14.79863871820271">
        <ele>249.75</ele>
      </trkpt>
      <trkpt lat="37.576699052006006" lon="14.79865925386548">
        <ele>249.58</ele>
      </trkpt>
      <trkpt lat="37.57669201120734" lon="14.798684483394027">
        <ele>249.41</ele>
      </trkpt>
      <trkpt lat="37.576671140268445" lon="14.798717256635427">
        <ele>249.23</ele>
      </trkpt>
      <trkpt lat="37.57666066288948" lon="14.79875061661005">
        <ele>249.06</ele>
      </trkpt>
      <trkpt lat="37.576639875769615" lon="14.79878330603242">
        <ele>248.89</ele>
      </trkpt>
      <trkpt lat="37.57662252523005" lon="14.798824544996023">
        <ele>248.72</ele>
      </trkpt>
      <trkpt lat="37.57660525850952" lon="14.798857234418392">
        <ele>248.57</ele>
      </trkpt>
      <trkpt lat="37.57659134455025" lon="14.798881625756621">
        <ele>248.43</ele>
      </trkpt>
      <trkpt lat="37.57658111862838" lon="14.79890207760036">
        <ele>248.31</ele>
      </trkpt>
      <trkpt lat="37.57655027322471" lon="14.79893334209919">
        <ele>248.19</ele>
      </trkpt>
      <trkpt lat="37.57654004730284" lon="14.798949351534247">
        <ele>248.09</ele>
      </trkpt>
      <trkpt lat="37.57652638480067" lon="14.798965025693178">
        <ele>248.0</ele>
      </trkpt>
      <trkpt lat="37.5765058491379" lon="14.79898857884109">
        <ele>247.92</ele>
      </trkpt>
      <trkpt lat="37.576488917693496" lon="14.799016490578651">
        <ele>247.85</ele>
      </trkpt>
      <trkpt lat="37.57646184414625" lon="14.79904767125845">
        <ele>247.8</ele>
      </trkpt>
      <trkpt lat="37.576448349282146" lon="14.799067284911871">
        <ele>247.76</ele>
      </trkpt>
      <trkpt lat="37.5764281488955" lon="14.799094861373305">
        <ele>247.74</ele>
      </trkpt>
      <trkpt lat="37.57640794850886" lon="14.799122102558613">
        <ele>247.73</ele>
      </trkpt>
      <trkpt lat="37.576391184702516" lon="14.79914984665811">
        <ele>247.71</ele>
      </trkpt>
      <trkpt lat="37.576371151953936" lon="14.79918111115694">
        <ele>247.71</ele>
      </trkpt>
      <trkpt lat="37.576354555785656" lon="14.799200221896172">
        <ele>247.72</ele>
      </trkpt>
      <trkpt lat="37.57633460685611" lon="14.799218997359276">
        <ele>247.73</ele>
      </trkpt>
      <trkpt lat="37.57631465792656" lon="14.799237605184317">
        <ele>247.76</ele>
      </trkpt>
      <trkpt lat="37.57629479281604" lon="14.799260320141912">
        <ele>247.79</ele>
      </trkpt>
      <trkpt lat="37.57627182640135" lon="14.799278425052762">
        <ele>247.82</ele>
      </trkpt>
      <trkpt lat="37.5762521289289" lon="14.79929686523974">
        <ele>247.86</ele>
      </trkpt>
      <trkpt lat="37.57623243145645" lon="14.799311114475131">
        <ele>247.91</ele>
      </trkpt>
      <trkpt lat="37.57621943950653" lon="14.799322094768286">
        <ele>247.97</ele>
      </trkpt>
      <trkpt lat="37.576203094795346" lon="14.799336595460773">
        <ele>248.03</ele>
      </trkpt>
      <trkpt lat="37.57618037983775" lon="14.7993628308177">
        <ele>248.1</ele>
      </trkpt>
      <trkpt lat="37.57616093382239" lon="14.799376912415028">
        <ele>248.17</ele>
      </trkpt>
      <trkpt lat="37.57613830268383" lon="14.79940289631486">
        <ele>248.24</ele>
      </trkpt>
      <trkpt lat="37.5761157553643" lon="14.799420582130551">
        <ele>248.3</ele>
      </trkpt>
      <trkpt lat="37.57609639316797" lon="14.79943860322237">
        <ele>248.35</ele>
      </trkpt>
      <trkpt lat="37.576074097305536" lon="14.799452181905508">
        <ele>248.4</ele>
      </trkpt>
      <trkpt lat="37.57604543119669" lon="14.799477076157928">
        <ele>248.43</ele>
      </trkpt>
      <trkpt lat="37.57603269070387" lon="14.799487553536892">
        <ele>248.45</ele>
      </trkpt>
      <trkpt lat="37.57600737735629" lon="14.799500545486808">
        <ele>248.44</ele>
      </trkpt>
      <trkpt lat="37.57598835043609" lon="14.799510184675455">
        <ele>248.42</ele>
      </trkpt>
      <trkpt lat="37.57597259245813" lon="14.79952015914023">
        <ele>248.38</ele>
      </trkpt>
      <trkpt lat="37.57595373317599" lon="14.799529798328876">
        <ele>248.3</ele>
      </trkpt>
      <trkpt lat="37.57593495771289" lon="14.799543293192983">
        <ele>248.19</ele>
      </trkpt>
      <trkpt lat="37.57590997964144" lon="14.79956416413188">
        <ele>248.04</ele>
      </trkpt>
      <trkpt lat="37.57589438930154" lon="14.799574054777622">
        <ele>247.86</ele>
      </trkpt>
      <trkpt lat="37.57588190026581" lon="14.799588555470109">
        <ele>247.64</ele>
      </trkpt>
      <trkpt lat="37.57587259635329" lon="14.799595344811678">
        <ele>247.38</ele>
      </trkpt>
      <trkpt lat="37.57585717365146" lon="14.799613282084465">
        <ele>247.07</ele>
      </trkpt>
      <trkpt lat="37.57583864964545" lon="14.79962669312954">
        <ele>246.7</ele>
      </trkpt>
      <trkpt lat="37.5758324470371" lon="14.799633817747235">
        <ele>246.27</ele>
      </trkpt>
      <trkpt lat="37.575826328247786" lon="14.79965703561902">
        <ele>245.78</ele>
      </trkpt>
      <trkpt lat="37.57557931356132" lon="14.799814447760582">
        <ele>245.22</ele>
      </trkpt>
      <trkpt lat="37.57533171214163" lon="14.79997219517827">
        <ele>244.55</ele>
      </trkpt>
      <trkpt lat="37.57510305382311" lon="14.800156177952886">
        <ele>243.83</ele>
      </trkpt>
      <trkpt lat="37.57487406022847" lon="14.80034057982266">
        <ele>243.07</ele>
      </trkpt>
      <trkpt lat="37.57471036165953" lon="14.800614668056369">
        <ele>242.15</ele>
      </trkpt>
      <trkpt lat="37.57454691454768" lon="14.800888504832983">
        <ele>241.14</ele>
      </trkpt>
      <trkpt lat="37.5744370277971" lon="14.801119845360518">
        <ele>240.19</ele>
      </trkpt>
      <trkpt lat="37.574327224865556" lon="14.80135110206902">
        <ele>239.14</ele>
      </trkpt>
      <trkpt lat="37.574217757210135" lon="14.80158168822527">
        <ele>238.0</ele>
      </trkpt>
      <trkpt lat="37.57409336976707" lon="14.801741363480687">
        <ele>236.72</ele>
      </trkpt>
      <trkpt lat="37.573969066143036" lon="14.801900871098042">
        <ele>235.34</ele>
      </trkpt>
      <trkpt lat="37.57373462431133" lon="14.802054595202208">
        <ele>233.91</ele>
      </trkpt>
      <trkpt lat="37.57349967956543" lon="14.8022086545825">
        <ele>232.34</ele>
      </trkpt>
      <trkpt lat="37.57336523383856" lon="14.802544265985489">
        <ele>230.76</ele>
      </trkpt>
      <trkpt lat="37.57323078811169" lon="14.802879877388477">
        <ele>229.07</ele>
      </trkpt>
      <trkpt lat="37.573096845299006" lon="14.80321423150599">
        <ele>227.27</ele>
      </trkpt>
      <trkpt lat="37.57298679091036" lon="14.803500724956393">
        <ele>225.38</ele>
      </trkpt>
      <trkpt lat="37.57297983393073" lon="14.803820913657546">
        <ele>223.5</ele>
      </trkpt>
      <trkpt lat="37.57297304458916" lon="14.80413967743516">
        <ele>221.72</ele>
      </trkpt>
      <trkpt lat="37.57311671040952" lon="14.80434394441545">
        <ele>219.82</ele>
      </trkpt>
      <trkpt lat="37.57326037622988" lon="14.804548043757677">
        <ele>217.92</ele>
      </trkpt>
      <trkpt lat="37.57348266430199" lon="14.804653823375702">
        <ele>215.92</ele>
      </trkpt>
      <trkpt lat="37.5737049523741" lon="14.804759686812758">
        <ele>213.89</ele>
      </trkpt>
      <trkpt lat="37.57392732426524" lon="14.804865550249815">
        <ele>211.8</ele>
      </trkpt>
      <trkpt lat="37.57415112107992" lon="14.804972168058157">
        <ele>209.65</ele>
      </trkpt>
      <trkpt lat="37.574362764135" lon="14.805063446983695">
        <ele>207.55</ele>
      </trkpt>
      <trkpt lat="37.574574407190084" lon="14.805154809728265">
        <ele>205.48</ele>
      </trkpt>
      <trkpt lat="37.57478722371161" lon="14.805246591567993">
        <ele>203.36</ele>
      </trkpt>
      <trkpt lat="37.575014708563685" lon="14.805395286530256">
        <ele>201.23</ele>
      </trkpt>
      <trkpt lat="37.575279995799065" lon="14.805448930710554">
        <ele>199.19</ele>
      </trkpt>
      <trkpt lat="37.57554645650089" lon="14.805502910166979">
        <ele>197.24</ele>
      </trkpt>
      <trkpt lat="37.575579565018415" lon="14.805526211857796">
        <ele>195.42</ele>
      </trkpt>
      <trkpt lat="37.575734965503216" lon="14.805642887949944">
        <ele>193.74</ele>
      </trkpt>
      <trkpt lat="37.57589070126414" lon="14.805759815499187">
        <ele>191.88</ele>
      </trkpt>
      <trkpt lat="37.575805708765984" lon="14.806098779663444">
        <ele>190.15</ele>
      </trkpt>
      <trkpt lat="37.57572096772492" lon="14.80643673799932">
        <ele>188.36</ele>
      </trkpt>
      <trkpt lat="37.57562172599137" lon="14.806723399087787">
        <ele>186.68</ele>
      </trkpt>
      <trkpt lat="37.57552248425782" lon="14.807010060176253">
        <ele>185.09</ele>
      </trkpt>
      <trkpt lat="37.575423242524266" lon="14.80729672126472">
        <ele>183.56</ele>
      </trkpt>
      <trkpt lat="37.57532458752394" lon="14.807581705972552">
        <ele>181.99</ele>
      </trkpt>
      <trkpt lat="37.575108082965016" lon="14.807747164741158">
        <ele>180.7</ele>
      </trkpt>
      <trkpt lat="37.57489124312997" lon="14.80791287496686">
        <ele>179.45</ele>
      </trkpt>
      <trkpt lat="37.57487380877137" lon="14.807950090616941">
        <ele>178.29</ele>
      </trkpt>
      <trkpt lat="37.5748479925096" lon="14.80799593962729">
        <ele>177.19</ele>
      </trkpt>
      <trkpt lat="37.5747877266258" lon="14.808036088943481">
        <ele>176.19</ele>
      </trkpt>
      <trkpt lat="37.57474481128156" lon="14.80808881111443">
        <ele>175.24</ele>
      </trkpt>
      <trkpt lat="37.57471924647689" lon="14.80813424102962">
        <ele>174.37</ele>
      </trkpt>
      <trkpt lat="37.574693681672215" lon="14.808179503306746">
        <ele>173.57</ele>
      </trkpt>
      <trkpt lat="37.57468513213098" lon="14.808217640966177">
        <ele>172.85</ele>
      </trkpt>
      <trkpt lat="37.574676582589746" lon="14.80827547609806">
        <ele>172.18</ele>
      </trkpt>
      <trkpt lat="37.57469351403415" lon="14.808337586000562">
        <ele>171.56</ele>
      </trkpt>
      <trkpt lat="37.57472762838006" lon="14.808353511616588">
        <ele>171.02</ele>
      </trkpt>
      <trkpt lat="37.574736177921295" lon="14.808355020359159">
        <ele>170.57</ele>
      </trkpt>
      <trkpt lat="37.57481329143047" lon="14.80838829651475">
        <ele>170.15</ele>
      </trkpt>
      <trkpt lat="37.574856374412775" lon="14.808395756408572">
        <ele>169.8</ele>
      </trkpt>
      <trkpt lat="37.57491705939174" lon="14.808376478031278">
        <ele>169.51</ele>
      </trkpt>
      <trkpt lat="37.574969278648496" lon="14.808355439454317">
        <ele>169.27</ele>
      </trkpt>
      <trkpt lat="37.57501303218305" lon="14.80832283385098">
        <ele>169.05</ele>
      </trkpt>
      <trkpt lat="37.57504815235734" lon="14.808298693969846">
        <ele>168.87</ele>
      </trkpt>
      <trkpt lat="37.575065754354" lon="14.808271452784538">
        <ele>168.72</ele>
      </trkpt>
      <trkpt lat="37.57510104216635" lon="14.808227028697729">
        <ele>168.59</ele>
      </trkpt>
      <trkpt lat="37.575127612799406" lon="14.808190986514091">
        <ele>168.48</ele>
      </trkpt>
      <trkpt lat="37.575172036886215" lon="14.808147735893726">
        <ele>168.36</ele>
      </trkpt>
      <trkpt lat="37.57521662861109" lon="14.808104233816266">
        <ele>168.26</ele>
      </trkpt>
      <trkpt lat="37.57523448206484" lon="14.8080765735358">
        <ele>168.18</ele>
      </trkpt>
      <trkpt lat="37.57526130415499" lon="14.808050338178873">
        <ele>168.08</ele>
      </trkpt>
      <trkpt lat="37.57531528361142" lon="14.807997783645988">
        <ele>167.96</ele>
      </trkpt>
      <trkpt lat="37.57536951452494" lon="14.807924525812268">
        <ele>167.84</ele>
      </trkpt>
      <trkpt lat="37.575414944440126" lon="14.80788018554449">
        <ele>167.69</ele>
      </trkpt>
      <trkpt lat="37.57546054199338" lon="14.807825367897749">
        <ele>167.54</ele>
      </trkpt>
      <trkpt lat="37.57547881454229" lon="14.807787062600255">
        <ele>167.39</ele>
      </trkpt>
      <trkpt lat="37.5755337998271" lon="14.807743392884731">
        <ele>167.14</ele>
      </trkpt>
      <trkpt lat="37.57556137628853" lon="14.80768564157188">
        <ele>166.9</ele>
      </trkpt>
      <trkpt lat="37.57562616840005" lon="14.807601571083069">
        <ele>166.63</ele>
      </trkpt>
      <trkpt lat="37.57565408013761" lon="14.807553626596928">
        <ele>166.35</ele>
      </trkpt>
      <trkpt lat="37.57569129578769" lon="14.807506771758199">
        <ele>166.04</ele>
      </trkpt>
      <trkpt lat="37.57572867907584" lon="14.807459749281406">
        <ele>165.7</ele>
      </trkpt>
      <trkpt lat="37.57576606236398" lon="14.80741255916655">
        <ele>165.28</ele>
      </trkpt>
      <trkpt lat="37.5757943931967" lon="14.807384731248021">
        <ele>164.82</ele>
      </trkpt>
      <trkpt lat="37.57583789527416" lon="14.80733972042799">
        <ele>164.33</ele>
      </trkpt>
      <trkpt lat="37.575943591073155" lon="14.807196892797947">
        <ele>163.83</ele>
      </trkpt>
      <trkpt lat="37.57610326632857" lon="14.807004611939192">
        <ele>163.21</ele>
      </trkpt>
      <trkpt lat="37.57626302540302" lon="14.806812414899468">
        <ele>162.59</ele>
      </trkpt>
      <trkpt lat="37.57642278447747" lon="14.806620050221682">
        <ele>161.81</ele>
      </trkpt>
      <trkpt lat="37.576571982353926" lon="14.806433971971273">
        <ele>161.06</ele>
      </trkpt>
      <trkpt lat="37.57672118023038" lon="14.806247809901834">
        <ele>160.35</ele>
      </trkpt>
      <trkpt lat="37.57687037810683" lon="14.806061564013362">
        <ele>159.68</ele>
      </trkpt>
      <trkpt lat="37.57706475444138" lon="14.805876910686493">
        <ele>158.95</ele>
      </trkpt>
      <trkpt lat="37.57723951712251" lon="14.80577222071588">
        <ele>158.28</ele>
      </trkpt>
      <trkpt lat="37.577414866536856" lon="14.805667195469141">
        <ele>157.67</ele>
      </trkpt>
      <trkpt lat="37.57770152762532" lon="14.80569845996797">
        <ele>157.07</ele>
      </trkpt>
      <trkpt lat="37.577910320833325" lon="14.805784542113543">
        <ele>156.46</ele>
      </trkpt>
      <trkpt lat="37.577954325824976" lon="14.805838773027062">
        <ele>155.85</ele>
      </trkpt>
      <trkpt lat="37.57798299193382" lon="14.80586308054626">
        <ele>155.27</ele>
      </trkpt>
      <trkpt lat="37.57803563028574" lon="14.805896608158946">
        <ele>154.7</ele>
      </trkpt>
      <trkpt lat="37.578098494559526" lon="14.805912282317877">
        <ele>154.15</ele>
      </trkpt>
      <trkpt lat="37.57813286036253" lon="14.805936925113201">
        <ele>153.6</ele>
      </trkpt>
      <trkpt lat="37.57817879319191" lon="14.80599693953991">
        <ele>153.06</ele>
      </trkpt>
      <trkpt lat="37.57821341045201" lon="14.80604488402605">
        <ele>152.54</ele>
      </trkpt>
      <trkpt lat="37.57822489365935" lon="14.806080088019371">
        <ele>152.03</ele>
      </trkpt>
      <trkpt lat="37.57824802771211" lon="14.806150747463107">
        <ele>151.52</ele>
      </trkpt>
      <trkpt lat="37.57828272879124" lon="14.806222161278129">
        <ele>151.04</ele>
      </trkpt>
      <trkpt lat="37.57830594666302" lon="14.806281421333551">
        <ele>150.59</ele>
      </trkpt>
      <trkpt lat="37.578352550044656" lon="14.806319307535887">
        <ele>150.14</ele>
      </trkpt>
      <trkpt lat="37.57837585173547" lon="14.806332467123866">
        <ele>149.69</ele>
      </trkpt>
      <trkpt lat="37.578458078205585" lon="14.806372867897153">
        <ele>149.23</ele>
      </trkpt>
      <trkpt lat="37.57848171517253" lon="14.806374544277787">
        <ele>148.78</ele>
      </trkpt>
      <trkpt lat="37.57854080758989" lon="14.806401953101158">
        <ele>148.33</ele>
      </trkpt>
      <trkpt lat="37.57862403988838" lon="14.806431205943227">
        <ele>147.87</ele>
      </trkpt>
      <trkpt lat="37.57867190055549" lon="14.806434642523527">
        <ele>147.41</ele>
      </trkpt>
      <trkpt lat="37.5787319149822" lon="14.806438833475113">
        <ele>146.95</ele>
      </trkpt>
      <trkpt lat="37.578792180866" lon="14.80644310824573">
        <ele>146.48</ele>
      </trkpt>
      <trkpt lat="37.57885278202593" lon="14.80645920149982">
        <ele>146.0</ele>
      </trkpt>
      <trkpt lat="37.5788664445281" lon="14.80646506883204">
        <ele>145.53</ele>
      </trkpt>
      <trkpt lat="37.57914338260889" lon="14.806613679975271">
        <ele>145.16</ele>
      </trkpt>
      <trkpt lat="37.57929710671306" lon="14.806680316105485">
        <ele>144.67</ele>
      </trkpt>
      <trkpt lat="37.57945133373141" lon="14.80674703605473">
        <ele>144.13</ele>
      </trkpt>
      <trkpt lat="37.579677226021886" lon="14.806898245587945">
        <ele>143.55</ele>
      </trkpt>
      <trkpt lat="37.57990362122655" lon="14.807049790397286">
        <ele>142.98</ele>
      </trkpt>
      <trkpt lat="37.58001074194908" lon="14.807201670482755">
        <ele>142.41</ele>
      </trkpt>
      <trkpt lat="37.58011777885258" lon="14.807353550568223">
        <ele>141.81</ele>
      </trkpt>
      <trkpt lat="37.58021769113839" lon="14.807596877217293">
        <ele>141.21</ele>
      </trkpt>
      <trkpt lat="37.58031760342419" lon="14.807840203866363">
        <ele>140.54</ele>
      </trkpt>
      <trkpt lat="37.58041718043387" lon="14.808082692325115">
        <ele>139.84</ele>
      </trkpt>
      <trkpt lat="37.58056629449129" lon="14.80836390517652">
        <ele>139.12</ele>
      </trkpt>
      <trkpt lat="37.58071540854871" lon="14.808645118027925">
        <ele>138.5</ele>
      </trkpt>
      <trkpt lat="37.58086427114904" lon="14.808925744146109">
        <ele>137.89</ele>
      </trkpt>
      <trkpt lat="37.58100416511297" lon="14.809240568429232">
        <ele>137.32</ele>
      </trkpt>
      <trkpt lat="37.581144059076905" lon="14.809555476531386">
        <ele>136.65</ele>
      </trkpt>
      <trkpt lat="37.58128361776471" lon="14.80986937880516">
        <ele>135.97</ele>
      </trkpt>
      <trkpt lat="37.58139928802848" lon="14.810181688517332">
        <ele>135.33</ele>
      </trkpt>
      <trkpt lat="37.58151504211128" lon="14.810494082048535">
        <ele>134.63</ele>
      </trkpt>
      <trkpt lat="37.58163037709892" lon="14.810805218294263">
        <ele>133.89</ele>
      </trkpt>
      <trkpt lat="37.58165745064616" lon="14.811005797237158">
        <ele>133.25</ele>
      </trkpt>
      <trkpt lat="37.58168435655534" lon="14.811205621808767">
        <ele>132.62</ele>
      </trkpt>
      <trkpt lat="37.58168167434633" lon="14.811571072787046">
        <ele>131.98</ele>
      </trkpt>
      <trkpt lat="37.58167899213731" lon="14.811936523765326">
        <ele>131.38</ele>
      </trkpt>
      <trkpt lat="37.58167639374733" lon="14.81229979544878">
        <ele>130.86</ele>
      </trkpt>
      <trkpt lat="37.5816763099283" lon="14.812456537038088">
        <ele>130.32</ele>
      </trkpt>
      <trkpt lat="37.581676226109266" lon="14.81248495168984">
        <ele>129.8</ele>
      </trkpt>
      <trkpt lat="37.58170732297003" lon="14.812702378258109">
        <ele>129.31</ele>
      </trkpt>
      <trkpt lat="37.5817384198308" lon="14.812918966636062">
        <ele>128.85</ele>
      </trkpt>
      <trkpt lat="37.58180748671293" lon="14.813197664916515">
        <ele>128.35</ele>
      </trkpt>
      <trkpt lat="37.581876385957" lon="14.813475357368588">
        <ele>127.85</ele>
      </trkpt>
      <trkpt lat="37.58199599571526" lon="14.8137476015836">
        <ele>127.41</ele>
      </trkpt>
      <trkpt lat="37.58211535401642" lon="14.81401925906539">
        <ele>127.0</ele>
      </trkpt>
      <trkpt lat="37.58235717192292" lon="14.814248336479068">
        <ele>126.64</ele>
      </trkpt>
      <trkpt lat="37.58259898982942" lon="14.814477330073714">
        <ele>126.31</ele>
      </trkpt>
      <trkpt lat="37.58284080773592" lon="14.814706407487392">
        <ele>125.97</ele>
      </trkpt>
      <trkpt lat="37.58308262564242" lon="14.814935401082039">
        <ele>125.72</ele>
      </trkpt>
      <trkpt lat="37.58332452736795" lon="14.815164478495717">
        <ele>125.55</ele>
      </trkpt>
      <trkpt lat="37.5835672672838" lon="14.81539431028068">
        <ele>125.33</ele>
      </trkpt>
      <trkpt lat="37.58378142490983" lon="14.815659513697028">
        <ele>125.15</ele>
      </trkpt>
      <trkpt lat="37.583995666354895" lon="14.815924717113376">
        <ele>124.97</ele>
      </trkpt>
      <trkpt lat="37.58420999161899" lon="14.816189920529723">
        <ele>124.85</ele>
      </trkpt>
      <trkpt lat="37.58414000272751" lon="14.816340040415525">
        <ele>124.75</ele>
      </trkpt>
      <trkpt lat="37.584049981087446" lon="14.816650003194809">
        <ele>124.66</ele>
      </trkpt>
      <trkpt lat="37.584049981087446" lon="14.816939933225513">
        <ele>124.63</ele>
      </trkpt>
      <trkpt lat="37.58405501022935" lon="14.81723053380847">
        <ele>124.59</ele>
      </trkpt>
      <trkpt lat="37.58406003937125" lon="14.817519877105951">
        <ele>124.59</ele>
      </trkpt>
      <trkpt lat="37.5840799883008" lon="14.817740404978395">
        <ele>124.66</ele>
      </trkpt>
      <trkpt lat="37.58410002104938" lon="14.817960010841489">
        <ele>124.79</ele>
      </trkpt>
      <trkpt lat="37.58414503186941" lon="14.818160338327289">
        <ele>124.91</ele>
      </trkpt>
      <trkpt lat="37.58418995887041" lon="14.818359911441803">
        <ele>124.96</ele>
      </trkpt>
      <trkpt lat="37.58424997329712" lon="14.818529896438122">
        <ele>125.04</ele>
      </trkpt>
      <trkpt lat="37.58440990000963" lon="14.818799961358309">
        <ele>125.17</ele>
      </trkpt>
      <trkpt lat="37.58453504182398" lon="14.819035157561302">
        <ele>125.31</ele>
      </trkpt>
      <trkpt lat="37.58466001600027" lon="14.819270018488169">
        <ele>125.44</ele>
      </trkpt>
      <trkpt lat="37.58476009592414" lon="14.819526923820376">
        <ele>125.51</ele>
      </trkpt>
      <trkpt lat="37.58486025966704" lon="14.819783912971616">
        <ele>125.48</ele>
      </trkpt>
      <trkpt lat="37.58496000431478" lon="14.820039980113506">
        <ele>125.45</ele>
      </trkpt>
      <trkpt lat="37.58502999320626" lon="14.820399899035692">
        <ele>125.47</ele>
      </trkpt>
      <trkpt lat="37.58507005870342" lon="14.820714555680752">
        <ele>125.48</ele>
      </trkpt>
      <trkpt lat="37.58511012420058" lon="14.821029212325811">
        <ele>125.56</ele>
      </trkpt>
      <trkpt lat="37.58515018969774" lon="14.82134378515184">
        <ele>125.6</ele>
      </trkpt>
      <trkpt lat="37.5851902551949" lon="14.821658441796899">
        <ele>125.53</ele>
      </trkpt>
      <trkpt lat="37.585229985415936" lon="14.821969913318753">
        <ele>125.43</ele>
      </trkpt>
      <trkpt lat="37.58525504730642" lon="14.822255484759808">
        <ele>125.29</ele>
      </trkpt>
      <trkpt lat="37.58528002537787" lon="14.82253996655345">
        <ele>125.17</ele>
      </trkpt>
      <trkpt lat="37.58529997430742" lon="14.822775414213538">
        <ele>125.04</ele>
      </trkpt>
      <trkpt lat="37.585320007056" lon="14.82301002368331">
        <ele>124.95</ele>
      </trkpt>
      <trkpt lat="37.585314977914095" lon="14.82321035116911">
        <ele>124.88</ele>
      </trkpt>
      <trkpt lat="37.58530994877219" lon="14.823410008102655">
        <ele>124.81</ele>
      </trkpt>
      <trkpt lat="37.585274912416935" lon="14.823630368337035">
        <ele>124.73</ele>
      </trkpt>
      <trkpt lat="37.58523995988071" lon="14.82384997420013">
        <ele>124.62</ele>
      </trkpt>
      <trkpt lat="37.58512177504599" lon="14.824180388823152">
        <ele>124.46</ele>
      </trkpt>
      <trkpt lat="37.58500359021127" lon="14.824510887265205">
        <ele>124.24</ele>
      </trkpt>
      <trkpt lat="37.584885489195585" lon="14.824841301888227">
        <ele>124.02</ele>
      </trkpt>
      <trkpt lat="37.58476730436087" lon="14.825171800330281">
        <ele>123.8</ele>
      </trkpt>
      <trkpt lat="37.5846500415355" lon="14.825500035658479">
        <ele>123.63</ele>
      </trkpt>
      <trkpt lat="37.58453730493784" lon="14.82581041753292">
        <ele>123.48</ele>
      </trkpt>
      <trkpt lat="37.584424652159214" lon="14.826120799407363">
        <ele>123.3</ele>
      </trkpt>
      <trkpt lat="37.58431199938059" lon="14.826431181281805">
        <ele>123.06</ele>
      </trkpt>
      <trkpt lat="37.58420001715422" lon="14.826739886775613">
        <ele>122.84</ele>
      </trkpt>
      <trkpt lat="37.5840799883008" lon="14.826949937269092">
        <ele>122.64</ele>
      </trkpt>
      <trkpt lat="37.58391494862735" lon="14.827165016904473">
        <ele>122.52</ele>
      </trkpt>
      <trkpt lat="37.58374999277294" lon="14.827379928901792">
        <ele>122.34</ele>
      </trkpt>
      <trkpt lat="37.58374982513487" lon="14.827380096539855">
        <ele>122.33</ele>
      </trkpt>
      <trkpt lat="37.58359325118363" lon="14.827596684917808">
        <ele>122.13</ele>
      </trkpt>
      <trkpt lat="37.58343659341335" lon="14.827813357114792">
        <ele>121.86</ele>
      </trkpt>
      <trkpt lat="37.58328001946211" lon="14.828030029311776">
        <ele>121.62</ele>
      </trkpt>
      <trkpt lat="37.58316485211253" lon="14.82829020358622">
        <ele>121.36</ele>
      </trkpt>
      <trkpt lat="37.58305002003908" lon="14.828549958765507">
        <ele>121.06</ele>
      </trkpt>
      <trkpt lat="37.58293996565044" lon="14.828660013154149">
        <ele>120.85</ele>
      </trkpt>
      <trkpt lat="37.58280987851322" lon="14.82887509278953">
        <ele>120.5</ele>
      </trkpt>
      <trkpt lat="37.58267995901406" lon="14.829090004786849">
        <ele>120.15</ele>
      </trkpt>
      <trkpt lat="37.58258482441306" lon="14.829285135492682">
        <ele>119.78</ele>
      </trkpt>
      <trkpt lat="37.58249002508819" lon="14.82948001474142">
        <ele>119.44</ele>
      </trkpt>
      <trkpt lat="37.5824099779129" lon="14.829749995842576">
        <ele>119.14</ele>
      </trkpt>
      <trkpt lat="37.58238491602242" lon="14.830035483464599">
        <ele>118.83</ele>
      </trkpt>
      <trkpt lat="37.58236002177" lon="14.83031996525824">
        <ele>118.51</ele>
      </trkpt>
      <trkpt lat="37.582309981808066" lon="14.830549964681268">
        <ele>118.21</ele>
      </trkpt>
      <trkpt lat="37.5822548288852" lon="14.830745263025165">
        <ele>117.93</ele>
      </trkpt>
      <trkpt lat="37.582200011238456" lon="14.83093997463584">
        <ele>117.66</ele>
      </trkpt>
      <trkpt lat="37.58212985470891" lon="14.831120185554028">
        <ele>117.38</ele>
      </trkpt>
      <trkpt lat="37.58206003345549" lon="14.831299977377057">
        <ele>117.09</ele>
      </trkpt>
      <trkpt lat="37.58204000070691" lon="14.83156987465918">
        <ele>116.81</ele>
      </trkpt>
      <trkpt lat="37.58206003345549" lon="14.831739943474531">
        <ele>116.56</ele>
      </trkpt>
      <trkpt lat="37.58216002956033" lon="14.83205996453762">
        <ele>116.27</ele>
      </trkpt>
      <trkpt lat="37.582179978489876" lon="14.832260040566325">
        <ele>116.04</ele>
      </trkpt>
      <trkpt lat="37.58216740563512" lon="14.832558101043105">
        <ele>115.82</ele>
      </trkpt>
      <trkpt lat="37.58215491659939" lon="14.832856245338917">
        <ele>115.59</ele>
      </trkpt>
      <trkpt lat="37.58214242756367" lon="14.833154305815697">
        <ele>115.33</ele>
      </trkpt>
      <trkpt lat="37.58213002234697" lon="14.833450019359589">
        <ele>115.04</ele>
      </trkpt>
      <trkpt lat="37.58212398737669" lon="14.83381069265306">
        <ele>114.75</ele>
      </trkpt>
      <trkpt lat="37.582117952406406" lon="14.834171449765563">
        <ele>114.57</ele>
      </trkpt>
      <trkpt lat="37.58211191743612" lon="14.834532206878066">
        <ele>114.45</ele>
      </trkpt>
      <trkpt lat="37.58210588246584" lon="14.83489296399057">
        <ele>114.19</ele>
      </trkpt>
      <trkpt lat="37.58209993131459" lon="14.835250033065677">
        <ele>113.91</ele>
      </trkpt>
      <trkpt lat="37.582049975171685" lon="14.83542999252677">
        <ele>113.73</ele>
      </trkpt>
      <trkpt lat="37.58198996074498" lon="14.83553996309638">
        <ele>113.54</ele>
      </trkpt>
      <trkpt lat="37.581900022923946" lon="14.835609951987863">
        <ele>113.41</ele>
      </trkpt>
      <trkpt lat="37.58167999796569" lon="14.835739955306053">
        <ele>113.42</ele>
      </trkpt>
      <trkpt lat="37.581619983538985" lon="14.83579988591373">
        <ele>113.3</ele>
      </trkpt>
      <trkpt lat="37.58158997632563" lon="14.835889907553792">
        <ele>113.17</ele>
      </trkpt>
      <trkpt lat="37.58157002739608" lon="14.83611999079585">
        <ele>112.98</ele>
      </trkpt>
      <trkpt lat="37.58158000186086" lon="14.836349990218878">
        <ele>112.8</ele>
      </trkpt>
      <trkpt lat="37.58160003460944" lon="14.836479993537068">
        <ele>112.71</ele>
      </trkpt>
      <trkpt lat="37.58167999796569" lon="14.836659952998161">
        <ele>112.61</ele>
      </trkpt>
      <trkpt lat="37.581830034032464" lon="14.836945189163089">
        <ele>112.53</ele>
      </trkpt>
      <trkpt lat="37.5819799862802" lon="14.837230006232858">
        <ele>112.46</ele>
      </trkpt>
      <trkpt lat="37.582009909674525" lon="14.837479954585433">
        <ele>112.41</ele>
      </trkpt>
      <trkpt lat="37.58198317140341" lon="14.83775052241981">
        <ele>112.37</ele>
      </trkpt>
      <trkpt lat="37.58195651695132" lon="14.838021090254188">
        <ele>112.37</ele>
      </trkpt>
      <trkpt lat="37.5819300301373" lon="14.83828998170793">
        <ele>112.33</ele>
      </trkpt>
      <trkpt lat="37.58190999738872" lon="14.83841990120709">
        <ele>112.27</ele>
      </trkpt>
      <trkpt lat="37.58186004124582" lon="14.838579995557666">
        <ele>112.2</ele>
      </trkpt>
      <trkpt lat="37.58178988471627" lon="14.838709998875856">
        <ele>112.12</ele>
      </trkpt>
      <trkpt lat="37.58160514757037" lon="14.838849809020758">
        <ele>112.09</ele>
      </trkpt>
      <trkpt lat="37.58141999132931" lon="14.838990038260818">
        <ele>112.03</ele>
      </trkpt>
      <trkpt lat="37.581319995224476" lon="14.839199921116233">
        <ele>111.98</ele>
      </trkpt>
      <trkpt lat="37.58127003908157" lon="14.83940988779068">
        <ele>111.93</ele>
      </trkpt>
      <trkpt lat="37.58127003908157" lon="14.839649945497513">
        <ele>111.76</ele>
      </trkpt>
      <trkpt lat="37.581355115398765" lon="14.839920345693827">
        <ele>111.55</ele>
      </trkpt>
      <trkpt lat="37.58144002407789" lon="14.840189991518855">
        <ele>111.42</ele>
      </trkpt>
      <trkpt lat="37.5814498309046" lon="14.840410016477108">
        <ele>111.3</ele>
      </trkpt>
      <trkpt lat="37.58141001686454" lon="14.84060992486775">
        <ele>111.14</ele>
      </trkpt>
      <trkpt lat="37.581340027973056" lon="14.840789884328842">
        <ele>110.99</ele>
      </trkpt>
      <trkpt lat="37.581210024654865" lon="14.841009993106127">
        <ele>110.82</ele>
      </trkpt>
      <trkpt lat="37.581084966659546" lon="14.841174948960543">
        <ele>110.64</ele>
      </trkpt>
      <trkpt lat="37.58095999248326" lon="14.84133998863399">
        <ele>110.38</ele>
      </trkpt>
      <trkpt lat="37.58079989813268" lon="14.841580046340823">
        <ele>110.1</ele>
      </trkpt>
      <trkpt lat="37.58063997142017" lon="14.841819936409593">
        <ele>109.79</ele>
      </trkpt>
      <trkpt lat="37.58060988038778" lon="14.841959998011589">
        <ele>109.47</ele>
      </trkpt>
      <trkpt lat="37.58063997142017" lon="14.842099891975522">
        <ele>109.1</ele>
      </trkpt>
      <trkpt lat="37.58068003691733" lon="14.842139957472682">
        <ele>108.73</ele>
      </trkpt>
      <trkpt lat="37.58081004023552" lon="14.842189997434616">
        <ele>108.3</ele>
      </trkpt>
      <trkpt lat="37.58098455145955" lon="14.84222486615181">
        <ele>107.87</ele>
      </trkpt>
      <trkpt lat="37.5811599008739" lon="14.842259986326098">
        <ele>107.43</ele>
      </trkpt>
      <trkpt lat="37.58137456141412" lon="14.842354785650969">
        <ele>106.93</ele>
      </trkpt>
      <trkpt lat="37.58158997632563" lon="14.842450004070997">
        <ele>106.42</ele>
      </trkpt>
      <trkpt lat="37.58188996464014" lon="14.84245989471674">
        <ele>105.94</ele>
      </trkpt>
      <trkpt lat="37.582156006246805" lon="14.842486549168825">
        <ele>105.51</ele>
      </trkpt>
      <trkpt lat="37.5824221316725" lon="14.84251320362091">
        <ele>105.06</ele>
      </trkpt>
      <trkpt lat="37.58268993347883" lon="14.84254002571106">
        <ele>104.64</ele>
      </trkpt>
      <trkpt lat="37.58265992626548" lon="14.842887371778488">
        <ele>104.2</ele>
      </trkpt>
      <trkpt lat="37.58262983523309" lon="14.843234717845917">
        <ele>103.75</ele>
      </trkpt>
      <trkpt lat="37.5825999956578" lon="14.84357988461852">
        <ele>103.37</ele>
      </trkpt>
      <trkpt lat="37.5825431663543" lon="14.84392723068595">
        <ele>103.05</ele>
      </trkpt>
      <trkpt lat="37.58248642086983" lon="14.844274576753378">
        <ele>102.74</ele>
      </trkpt>
      <trkpt lat="37.58243001066148" lon="14.844619994983077">
        <ele>102.36</ele>
      </trkpt>
      <trkpt lat="37.58243998512626" lon="14.844829877838492">
        <ele>102.02</ele>
      </trkpt>
      <trkpt lat="37.582499999552965" lon="14.845169931650162">
        <ele>101.69</ele>
      </trkpt>
      <trkpt lat="37.58256177417934" lon="14.845527336001396">
        <ele>101.36</ele>
      </trkpt>
      <trkpt lat="37.582623548805714" lon="14.845884656533599">
        <ele>101.05</ele>
      </trkpt>
      <trkpt lat="37.58268532343209" lon="14.846241977065802">
        <ele>100.76</ele>
      </trkpt>
      <trkpt lat="37.58274709805846" lon="14.846599297598004">
        <ele>100.41</ele>
      </trkpt>
      <trkpt lat="37.582808872684836" lon="14.846956701949239">
        <ele>100.04</ele>
      </trkpt>
      <trkpt lat="37.58286997675896" lon="14.84730999916792">
        <ele>99.8</ele>
      </trkpt>
      <trkpt lat="37.58286997675896" lon="14.847660697996616">
        <ele>99.61</ele>
      </trkpt>
      <trkpt lat="37.58286997675896" lon="14.848011396825314">
        <ele>99.34</ele>
      </trkpt>
      <trkpt lat="37.58286997675896" lon="14.848360000178218">
        <ele>99.04</ele>
      </trkpt>
      <trkpt lat="37.58286654017866" lon="14.848670633509755">
        <ele>98.78</ele>
      </trkpt>
      <trkpt lat="37.58286318741739" lon="14.848981266841292">
        <ele>98.53</ele>
      </trkpt>
      <trkpt lat="37.58285991847515" lon="14.8492899723351">
        <ele>98.29</ele>
      </trkpt>
      <trkpt lat="37.58281993679702" lon="14.849579986184835">
        <ele>98.08</ele>
      </trkpt>
      <trkpt lat="37.58270979858935" lon="14.849922470748425">
        <ele>97.88</ele>
      </trkpt>
      <trkpt lat="37.582599660381675" lon="14.850264955312014">
        <ele>97.57</ele>
      </trkpt>
      <trkpt lat="37.58248943835497" lon="14.850607439875603">
        <ele>97.36</ele>
      </trkpt>
      <trkpt lat="37.582379300147295" lon="14.850950008258224">
        <ele>97.07</ele>
      </trkpt>
      <trkpt lat="37.58227000012994" lon="14.85128989443183">
        <ele>96.73</ele>
      </trkpt>
      <trkpt lat="37.58214980363846" lon="14.851560210809112">
        <ele>96.43</ele>
      </trkpt>
      <trkpt lat="37.58203002624214" lon="14.851829940453172">
        <ele>96.14</ele>
      </trkpt>
      <trkpt lat="37.58191988803446" lon="14.852079972624779">
        <ele>95.9</ele>
      </trkpt>
      <trkpt lat="37.58181972429156" lon="14.852350289002061">
        <ele>95.61</ele>
      </trkpt>
      <trkpt lat="37.581719644367695" lon="14.852620689198375">
        <ele>95.29</ele>
      </trkpt>
      <trkpt lat="37.58161956444383" lon="14.852891005575657">
        <ele>94.89</ele>
      </trkpt>
      <trkpt lat="37.58151998743415" lon="14.8531598970294">
        <ele>94.57</ele>
      </trkpt>
      <trkpt lat="37.581423092633486" lon="14.853493832051754">
        <ele>94.28</ele>
      </trkpt>
      <trkpt lat="37.581326281651855" lon="14.853827683255076">
        <ele>93.92</ele>
      </trkpt>
      <trkpt lat="37.58122997358441" lon="14.854160025715828">
        <ele>93.52</ele>
      </trkpt>
      <trkpt lat="37.58109971880913" lon="14.854507120326161">
        <ele>93.11</ele>
      </trkpt>
      <trkpt lat="37.580969547852874" lon="14.854854214936495">
        <ele>92.64</ele>
      </trkpt>
      <trkpt lat="37.58083996362984" lon="14.85519996844232">
        <ele>92.21</ele>
      </trkpt>
      <trkpt lat="37.58070417679846" lon="14.855549242347479">
        <ele>91.81</ele>
      </trkpt>
      <trkpt lat="37.580568473786116" lon="14.855898600071669">
        <ele>91.39</ele>
      </trkpt>
      <trkpt lat="37.58043277077377" lon="14.856247957795858">
        <ele>91.0</ele>
      </trkpt>
      <trkpt lat="37.58029706776142" lon="14.856597315520048">
        <ele>90.62</ele>
      </trkpt>
      <trkpt lat="37.58016128093004" lon="14.856946589425206">
        <ele>90.25</ele>
      </trkpt>
      <trkpt lat="37.580025577917695" lon="14.857295947149396">
        <ele>89.85</ele>
      </trkpt>
      <trkpt lat="37.57988987490535" lon="14.857645304873586">
        <ele>89.54</ele>
      </trkpt>
      <trkpt lat="37.579754171893" lon="14.857994662597775">
        <ele>89.21</ele>
      </trkpt>
      <trkpt lat="37.57961989380419" lon="14.858339913189411">
        <ele>88.86</ele>
      </trkpt>
      <trkpt lat="37.57952995598316" lon="14.85856999643147">
        <ele>88.49</ele>
      </trkpt>
      <trkpt lat="37.57947991602123" lon="14.85872003249824">
        <ele>88.13</ele>
      </trkpt>
      <trkpt lat="37.57946491241455" lon="14.85892035998404">
        <ele>87.77</ele>
      </trkpt>
      <trkpt lat="37.579449992626905" lon="14.859120016917586">
        <ele>87.39</ele>
      </trkpt>
      <trkpt lat="37.579400036484" lon="14.85932000912726">
        <ele>87.0</ele>
      </trkpt>
      <trkpt lat="37.57931990548968" lon="14.859479935839772">
        <ele>86.63</ele>
      </trkpt>
      <trkpt lat="37.57911999709904" lon="14.85972996801138">
        <ele>86.26</ele>
      </trkpt>
      <trkpt lat="37.57892654277384" lon="14.860016712918878">
        <ele>85.89</ele>
      </trkpt>
      <trkpt lat="37.578733088448644" lon="14.860303457826376">
        <ele>85.59</ele>
      </trkpt>
      <trkpt lat="37.57853988558054" lon="14.86058995127678">
        <ele>85.36</ele>
      </trkpt>
      <trkpt lat="37.57840996608138" lon="14.860779969021678">
        <ele>85.0</ele>
      </trkpt>
      <trkpt lat="37.57836998440325" lon="14.860820034518838">
        <ele>84.69</ele>
      </trkpt>
      <trkpt lat="37.57827996276319" lon="14.860839983448386">
        <ele>84.42</ele>
      </trkpt>
      <trkpt lat="37.57823998108506" lon="14.86082992516458">
        <ele>84.18</ele>
      </trkpt>
      <trkpt lat="37.57817988283932" lon="14.860769910737872">
        <ele>83.98</ele>
      </trkpt>
      <trkpt lat="37.578139984980226" lon="14.860769910737872">
        <ele>83.78</ele>
      </trkpt>
      <trkpt lat="37.5781000033021" lon="14.860809892416">
        <ele>83.58</ele>
      </trkpt>
      <trkpt lat="37.57809002883732" lon="14.86084995791316">
        <ele>83.41</ele>
      </trkpt>
      <trkpt lat="37.57812003605068" lon="14.861060008406639">
        <ele>83.19</ele>
      </trkpt>
      <trkpt lat="37.57814006879926" lon="14.861450772732496">
        <ele>82.95</ele>
      </trkpt>
      <trkpt lat="37.57816010154784" lon="14.861841537058353">
        <ele>82.8</ele>
      </trkpt>
      <trkpt lat="37.57818013429642" lon="14.862232385203242">
        <ele>82.77</ele>
      </trkpt>
      <trkpt lat="37.578200167045" lon="14.8626231495291">
        <ele>82.87</ele>
      </trkpt>
      <trkpt lat="37.57821994833648" lon="14.863009974360466">
        <ele>83.12</ele>
      </trkpt>
      <trkpt lat="37.57821332663298" lon="14.863360673189163">
        <ele>83.4</ele>
      </trkpt>
      <trkpt lat="37.57820662111044" lon="14.86371137201786">
        <ele>83.66</ele>
      </trkpt>
      <trkpt lat="37.5781999155879" lon="14.864059891551733">
        <ele>84.0</ele>
      </trkpt>
      <trkpt lat="37.57823000662029" lon="14.86432995647192">
        <ele>84.44</ele>
      </trkpt>
      <trkpt lat="37.578269988298416" lon="14.86443992704153">
        <ele>84.96</ele>
      </trkpt>
      <trkpt lat="37.57844005711377" lon="14.864723486825824">
        <ele>85.59</ele>
      </trkpt>
      <trkpt lat="37.57861012592912" lon="14.865006962791085">
        <ele>86.29</ele>
      </trkpt>
      <trkpt lat="37.57877994328737" lon="14.865290019661188">
        <ele>87.07</ele>
      </trkpt>
      <trkpt lat="37.57885999046266" lon="14.865399990230799">
        <ele>87.89</ele>
      </trkpt>
      <trkpt lat="37.57898999378085" lon="14.86550996080041">
        <ele>88.77</ele>
      </trkpt>
      <trkpt lat="37.57921999320388" lon="14.865590007975698">
        <ele>89.75</ele>
      </trkpt>
      <trkpt lat="37.57928000763059" lon="14.865629989653826">
        <ele>90.78</ele>
      </trkpt>
      <trkpt lat="37.57938000373542" lon="14.86574993468821">
        <ele>91.87</ele>
      </trkpt>
      <trkpt lat="37.57941001094878" lon="14.865829981863499">
        <ele>93.03</ele>
      </trkpt>
      <trkpt lat="37.57941998541355" lon="14.866019999608397">
        <ele>94.26</ele>
      </trkpt>
      <trkpt lat="37.57935988716781" lon="14.866370614618063">
        <ele>95.61</ele>
      </trkpt>
      <trkpt lat="37.57930004037917" lon="14.866719888523221">
        <ele>97.05</ele>
      </trkpt>
      <trkpt lat="37.57928998209536" lon="14.866900015622377">
        <ele>98.5</ele>
      </trkpt>
      <trkpt lat="37.57930004037917" lon="14.866999927908182">
        <ele>100.02</ele>
      </trkpt>
      <trkpt lat="37.57938679307699" lon="14.867250295355916">
        <ele>101.6</ele>
      </trkpt>
      <trkpt lat="37.57947354577482" lon="14.86750066280365">
        <ele>103.23</ele>
      </trkpt>
      <trkpt lat="37.579559963196516" lon="14.867749940603971">
        <ele>104.94</ele>
      </trkpt>
      <trkpt lat="37.579600028693676" lon="14.86804992891848">
        <ele>106.75</ele>
      </trkpt>
      <trkpt lat="37.579619977623224" lon="14.868405656889081">
        <ele>108.72</ele>
      </trkpt>
      <trkpt lat="37.57963992655277" lon="14.86875987611711">
        <ele>110.73</ele>
      </trkpt>
      <trkpt lat="37.579624922946095" lon="14.869075622409582">
        <ele>112.73</ele>
      </trkpt>
      <trkpt lat="37.57961000315845" lon="14.869390027597547">
        <ele>114.69</ele>
      </trkpt>
      <trkpt lat="37.57963992655277" lon="14.869619943201542">
        <ele>116.65</ele>
      </trkpt>
      <trkpt lat="37.57974000647664" lon="14.8699398804456">
        <ele>118.65</ele>
      </trkpt>
      <trkpt lat="37.57976003922522" lon="14.870039960369468">
        <ele>120.53</ele>
      </trkpt>
      <trkpt lat="37.57976003922522" lon="14.870159905403852">
        <ele>122.39</ele>
      </trkpt>
      <trkpt lat="37.57970999926329" lon="14.870319999754429">
        <ele>124.23</ele>
      </trkpt>
      <trkpt lat="37.579600028693676" lon="14.87045000307262">
        <ele>126.13</ele>
      </trkpt>
      <trkpt lat="37.57945016026497" lon="14.870544886216521">
        <ele>127.96</ele>
      </trkpt>
      <trkpt lat="37.57930004037917" lon="14.870640020817518">
        <ele>129.76</ele>
      </trkpt>
      <trkpt lat="37.57924002595246" lon="14.870710009709">
        <ele>131.48</ele>
      </trkpt>
      <trkpt lat="37.579150004312396" lon="14.870810005813837">
        <ele>133.16</ele>
      </trkpt>
      <trkpt lat="37.578999884426594" lon="14.87105006352067">
        <ele>134.79</ele>
      </trkpt>
      <trkpt lat="37.57884976454079" lon="14.871290205046535">
        <ele>136.33</ele>
      </trkpt>
      <trkpt lat="37.578699979931116" lon="14.87152992747724">
        <ele>137.78</ele>
      </trkpt>
      <trkpt lat="37.578579783439636" lon="14.871855396777391">
        <ele>139.24</ele>
      </trkpt>
      <trkpt lat="37.57845992222428" lon="14.872180027887225">
        <ele>140.76</ele>
      </trkpt>
      <trkpt lat="37.57844986394048" lon="14.872289998456836">
        <ele>142.11</ele>
      </trkpt>
      <trkpt lat="37.57846998050809" lon="14.87238991074264">
        <ele>143.37</ele>
      </trkpt>
      <trkpt lat="37.57849998772144" lon="14.872479932382703">
        <ele>144.55</ele>
      </trkpt>
      <trkpt lat="37.578679863363504" lon="14.872664837166667">
        <ele>145.68</ele>
      </trkpt>
      <trkpt lat="37.57885999046266" lon="14.872849993407726">
        <ele>146.76</ele>
      </trkpt>
      <trkpt lat="37.5789599865675" lon="14.873110000044107">
        <ele>147.78</ele>
      </trkpt>
      <trkpt lat="37.57867558859289" lon="14.87313992343843">
        <ele>148.56</ele>
      </trkpt>
      <trkpt lat="37.57839001715183" lon="14.873170014470816">
        <ele>149.36</ele>
      </trkpt>
      <trkpt lat="37.57821994833648" lon="14.873219970613718">
        <ele>150.2</ele>
      </trkpt>
      <trkpt lat="37.57810997776687" lon="14.8732899595052">
        <ele>150.95</ele>
      </trkpt>
      <trkpt lat="37.57788182236254" lon="14.873483078554273">
        <ele>151.65</ele>
      </trkpt>
      <trkpt lat="37.57765366695821" lon="14.873676281422377">
        <ele>152.28</ele>
      </trkpt>
      <trkpt lat="37.57742551155388" lon="14.87386948429048">
        <ele>152.81</ele>
      </trkpt>
      <trkpt lat="37.577197356149554" lon="14.874062687158585">
        <ele>153.21</ele>
      </trkpt>
      <trkpt lat="37.57696928456426" lon="14.874255806207657">
        <ele>153.6</ele>
      </trkpt>
      <trkpt lat="37.576740039512515" lon="14.87444993108511">
        <ele>153.95</ele>
      </trkpt>
      <trkpt lat="37.576529989019036" lon="14.87461999990046">
        <ele>154.21</ele>
      </trkpt>
      <trkpt lat="37.576370146125555" lon="14.874704824760556">
        <ele>154.41</ele>
      </trkpt>
      <trkpt lat="37.57620996795595" lon="14.874789984896779">
        <ele>154.53</ele>
      </trkpt>
      <trkpt lat="37.57601014338434" lon="14.874939769506454">
        <ele>154.65</ele>
      </trkpt>
      <trkpt lat="37.5758099835366" lon="14.875089973211288">
        <ele>154.76</ele>
      </trkpt>
      <trkpt lat="37.57563999854028" lon="14.875249899923801">
        <ele>154.78</ele>
      </trkpt>
      <trkpt lat="37.575479820370674" lon="14.875565227121115">
        <ele>154.78</ele>
      </trkpt>
      <trkpt lat="37.57531997747719" lon="14.875879967585206">
        <ele>154.75</ele>
      </trkpt>
      <trkpt lat="37.57520003244281" lon="14.87601994536817">
        <ele>154.68</ele>
      </trkpt>
      <trkpt lat="37.57498998194933" lon="14.87626662477851">
        <ele>154.57</ele>
      </trkpt>
      <trkpt lat="37.57478001527488" lon="14.876513220369816">
        <ele>154.38</ele>
      </trkpt>
      <trkpt lat="37.5745699647814" lon="14.876759983599186">
        <ele>154.2</ele>
      </trkpt>
      <trkpt lat="37.57434499450028" lon="14.87700984813273">
        <ele>153.97</ele>
      </trkpt>
      <trkpt lat="37.57412010803819" lon="14.877259796485305">
        <ele>153.72</ele>
      </trkpt>
      <trkpt lat="37.57389513775706" lon="14.87750974483788">
        <ele>153.51</ele>
      </trkpt>
      <trkpt lat="37.573669999837875" lon="14.87775994464755">
        <ele>153.26</ele>
      </trkpt>
      <trkpt lat="37.57349004037678" lon="14.877964882180095">
        <ele>152.99</ele>
      </trkpt>
      <trkpt lat="37.57330999709666" lon="14.87816990353167">
        <ele>152.67</ele>
      </trkpt>
      <trkpt lat="37.57316004484892" lon="14.878289848566055">
        <ele>152.38</ele>
      </trkpt>
      <trkpt lat="37.57300992496312" lon="14.878409877419472">
        <ele>152.07</ele>
      </trkpt>
      <trkpt lat="37.57272535935044" lon="14.878554716706276">
        <ele>151.83</ele>
      </trkpt>
      <trkpt lat="37.57243995554745" lon="14.878699975088239">
        <ele>151.58</ele>
      </trkpt>
      <trkpt lat="37.57229997776449" lon="14.878799971193075">
        <ele>151.29</ele>
      </trkpt>
      <trkpt lat="37.57215991616249" lon="14.878950007259846">
        <ele>151.02</ele>
      </trkpt>
      <trkpt lat="37.57202999666333" lon="14.879159890115261">
        <ele>150.76</ele>
      </trkpt>
      <trkpt lat="37.57192228920758" lon="14.87948041409254">
        <ele>150.51</ele>
      </trkpt>
      <trkpt lat="37.57181458175182" lon="14.879800854250789">
        <ele>150.25</ele>
      </trkpt>
      <trkpt lat="37.5717069581151" lon="14.880121294409037">
        <ele>150.01</ele>
      </trkpt>
      <trkpt lat="37.5715999212116" lon="14.880439974367619">
        <ele>149.81</ele>
      </trkpt>
      <trkpt lat="37.57144728675485" lon="14.880757732316852">
        <ele>149.63</ele>
      </trkpt>
      <trkpt lat="37.57129465229809" lon="14.881075574085116">
        <ele>149.45</ele>
      </trkpt>
      <trkpt lat="37.57114201784134" lon="14.88139333203435">
        <ele>149.39</ele>
      </trkpt>
      <trkpt lat="37.57098997011781" lon="14.88171000033617">
        <ele>149.34</ele>
      </trkpt>
      <trkpt lat="37.57086977362633" lon="14.88198023289442">
        <ele>149.31</ele>
      </trkpt>
      <trkpt lat="37.57074982859194" lon="14.88224996253848">
        <ele>149.28</ele>
      </trkpt>
      <trkpt lat="37.57064304314554" lon="14.882540311664343">
        <ele>149.16</ele>
      </trkpt>
      <trkpt lat="37.57053625769913" lon="14.882830744609237">
        <ele>149.12</ele>
      </trkpt>
      <trkpt lat="37.57042997516692" lon="14.883120004087687">
        <ele>149.17</ele>
      </trkpt>
      <trkpt lat="37.570320004597306" lon="14.88334002904594">
        <ele>149.3</ele>
      </trkpt>
      <trkpt lat="37.57013987749815" lon="14.883622583001852">
        <ele>149.45</ele>
      </trkpt>
      <trkpt lat="37.569959834218025" lon="14.883905220776796">
        <ele>149.63</ele>
      </trkpt>
      <trkpt lat="37.56977970711887" lon="14.88418785855174">
        <ele>149.97</ele>
      </trkpt>
      <trkpt lat="37.56959999911487" lon="14.884469909593463">
        <ele>150.34</ele>
      </trkpt>
      <trkpt lat="37.569445353001356" lon="14.884776854887605">
        <ele>150.71</ele>
      </trkpt>
      <trkpt lat="37.56929079070687" lon="14.885083800181746">
        <ele>151.06</ele>
      </trkpt>
      <trkpt lat="37.56913622841239" lon="14.885390745475888">
        <ele>151.56</ele>
      </trkpt>
      <trkpt lat="37.56898166611791" lon="14.88569769077003">
        <ele>152.11</ele>
      </trkpt>
      <trkpt lat="37.56882710382342" lon="14.886004636064172">
        <ele>152.74</ele>
      </trkpt>
      <trkpt lat="37.56867254152894" lon="14.886311581358314">
        <ele>153.36</ele>
      </trkpt>
      <trkpt lat="37.56851797923446" lon="14.886618526652455">
        <ele>154.09</ele>
      </trkpt>
      <trkpt lat="37.56836333312094" lon="14.886925471946597">
        <ele>154.86</ele>
      </trkpt>
      <trkpt lat="37.5682099442929" lon="14.88722998648882">
        <ele>155.63</ele>
      </trkpt>
      <trkpt lat="37.56818991154432" lon="14.887269968166947">
        <ele>156.44</ele>
      </trkpt>
      <trkpt lat="37.56814003922045" lon="14.88731992430985">
        <ele>157.29</ele>
      </trkpt>
      <trkpt lat="37.567869974300265" lon="14.887519916519523">
        <ele>158.14</ele>
      </trkpt>
      <trkpt lat="37.56769998930395" lon="14.887610021978617">
        <ele>159.07</ele>
      </trkpt>
      <trkpt lat="37.56760988384485" lon="14.887629887089133">
        <ele>160.07</ele>
      </trkpt>
      <trkpt lat="37.56762002594769" lon="14.887709934264421">
        <ele>161.18</ele>
      </trkpt>
      <trkpt lat="37.56775002926588" lon="14.887936832383275">
        <ele>162.46</ele>
      </trkpt>
      <trkpt lat="37.5678801164031" lon="14.888163646683097">
        <ele>163.77</ele>
      </trkpt>
      <trkpt lat="37.56801003590226" lon="14.88839004188776">
        <ele>165.13</ele>
      </trkpt>
      <trkpt lat="37.56808999925852" lon="14.888449972495437">
        <ele>166.46</ele>
      </trkpt>
      <trkpt lat="37.56824003532529" lon="14.88850001245737">
        <ele>167.84</ele>
      </trkpt>
      <trkpt lat="37.56841002032161" lon="14.888470005244017">
        <ele>169.23</ele>
      </trkpt>
      <trkpt lat="37.56867002695799" lon="14.888319969177246">
        <ele>170.59</ele>
      </trkpt>
      <trkpt lat="37.5687300413847" lon="14.88839004188776">
        <ele>172.11</ele>
      </trkpt>
      <trkpt lat="37.56861479021609" lon="14.888708805665374">
        <ele>173.8</ele>
      </trkpt>
      <trkpt lat="37.56849962286651" lon="14.889027569442987">
        <ele>175.46</ele>
      </trkpt>
      <trkpt lat="37.568384455516934" lon="14.889346333220601">
        <ele>177.17</ele>
      </trkpt>
      <trkpt lat="37.56826928816736" lon="14.889665096998215">
        <ele>178.88</ele>
      </trkpt>
      <trkpt lat="37.56815412081778" lon="14.889983860775828">
        <ele>180.64</ele>
      </trkpt>
      <trkpt lat="37.56803987547755" lon="14.890300026163459">
        <ele>182.47</ele>
      </trkpt>
      <trkpt lat="37.56793971173465" lon="14.890580400824547">
        <ele>184.41</ele>
      </trkpt>
      <trkpt lat="37.56783988326788" lon="14.89086002111435">
        <ele>186.43</ele>
      </trkpt>
      <trkpt lat="37.56776997819543" lon="14.8909299261868">
        <ele>188.35</ele>
      </trkpt>
      <trkpt lat="37.56769001483917" lon="14.890939984470606">
        <ele>190.26</ele>
      </trkpt>
      <trkpt lat="37.56745984777808" lon="14.89077989012003">
        <ele>192.14</ele>
      </trkpt>
      <trkpt lat="37.56714996881783" lon="14.890769999474287">
        <ele>194.1</ele>
      </trkpt>
      <trkpt lat="37.56708995439112" lon="14.89077989012003">
        <ele>196.03</ele>
      </trkpt>
      <trkpt lat="37.56701996549964" lon="14.890849879011512">
        <ele>198.02</ele>
      </trkpt>
      <trkpt lat="37.5668700132519" lon="14.891069987788796">
        <ele>200.1</ele>
      </trkpt>
      <trkpt lat="37.56680991500616" lon="14.89122991450131">
        <ele>202.16</ele>
      </trkpt>
      <trkpt lat="37.566759791225195" lon="14.89150551147759">
        <ele>204.19</ele>
      </trkpt>
      <trkpt lat="37.566710002720356" lon="14.891780018806458">
        <ele>206.21</ele>
      </trkpt>
      <trkpt lat="37.566710002720356" lon="14.891970036551356">
        <ele>208.24</ele>
      </trkpt>
      <trkpt lat="37.566770100966096" lon="14.892322663217783">
        <ele>210.36</ele>
      </trkpt>
      <trkpt lat="37.566830199211836" lon="14.89267528988421">
        <ele>212.37</ele>
      </trkpt>
      <trkpt lat="37.566890297457576" lon="14.893028000369668">
        <ele>214.23</ele>
      </trkpt>
      <trkpt lat="37.566950395703316" lon="14.893380627036095">
        <ele>216.04</ele>
      </trkpt>
      <trkpt lat="37.567009991034865" lon="14.893729900941253">
        <ele>217.8</ele>
      </trkpt>
      <trkpt lat="37.56701996549964" lon="14.894007174298167">
        <ele>219.57</ele>
      </trkpt>
      <trkpt lat="37.567030023783445" lon="14.894284447655082">
        <ele>221.28</ele>
      </trkpt>
      <trkpt lat="37.56703999824822" lon="14.89455996081233">
        <ele>222.92</ele>
      </trkpt>
      <trkpt lat="37.567029939964414" lon="14.894805466756225">
        <ele>224.45</ele>
      </trkpt>
      <trkpt lat="37.56701996549964" lon="14.895049966871738">
        <ele>225.87</ele>
      </trkpt>
      <trkpt lat="37.56688007153571" lon="14.895164798945189">
        <ele>227.32</ele>
      </trkpt>
      <trkpt lat="37.56674000993371" lon="14.895279966294765">
        <ele>228.65</ele>
      </trkpt>
      <trkpt lat="37.56674990057945" lon="14.895489932969213">
        <ele>229.7</ele>
      </trkpt>
      <trkpt lat="37.5667198933661" lon="14.895809954032302">
        <ele>230.67</ele>
      </trkpt>
      <trkpt lat="37.56658997386694" lon="14.896120000630617">
        <ele>231.64</ele>
      </trkpt>
      <trkpt lat="37.56665342487395" lon="14.896407164633274">
        <ele>232.47</ele>
      </trkpt>
      <trkpt lat="37.56671687588096" lon="14.896694328635931">
        <ele>233.26</ele>
      </trkpt>
      <trkpt lat="37.56677999161184" lon="14.896979983896017">
        <ele>233.98</ele>
      </trkpt>
      <trkpt lat="37.56677999161184" lon="14.89715994335711">
        <ele>234.63</ele>
      </trkpt>
      <trkpt lat="37.566689969971776" lon="14.897390026599169">
        <ele>235.17</ele>
      </trkpt>
      <trkpt lat="37.56667002104223" lon="14.897539978846908">
        <ele>235.63</ele>
      </trkpt>
      <trkpt lat="37.5667198933661" lon="14.897849941626191">
        <ele>236.01</ele>
      </trkpt>
      <trkpt lat="37.566770017147064" lon="14.898120509460568">
        <ele>236.37</ele>
      </trkpt>
      <trkpt lat="37.56682014092803" lon="14.898390993475914">
        <ele>236.7</ele>
      </trkpt>
      <trkpt lat="37.5668700132519" lon="14.898659968748689">
        <ele>236.95</ele>
      </trkpt>
      <trkpt lat="37.56692508235574" lon="14.898990551009774">
        <ele>237.12</ele>
      </trkpt>
      <trkpt lat="37.566980235278606" lon="14.899321217089891">
        <ele>237.22</ele>
      </trkpt>
      <trkpt lat="37.56703530438244" lon="14.899651883170009">
        <ele>237.33</ele>
      </trkpt>
      <trkpt lat="37.56708995439112" lon="14.899979950860143">
        <ele>237.34</ele>
      </trkpt>
      <trkpt lat="37.56714007817209" lon="14.900297289714217">
        <ele>237.34</ele>
      </trkpt>
      <trkpt lat="37.56719011813402" lon="14.90061454474926">
        <ele>237.38</ele>
      </trkpt>
      <trkpt lat="37.56723999045789" lon="14.900930039584637">
        <ele>237.33</ele>
      </trkpt>
      <trkpt lat="37.56724996492267" lon="14.901009919121861">
        <ele>237.13</ele>
      </trkpt>
      <trkpt lat="37.56723001599312" lon="14.901019977405667">
        <ele>236.88</ele>
      </trkpt>
      <trkpt lat="37.56718986667693" lon="14.901079991832376">
        <ele>236.58</ele>
      </trkpt>
      <trkpt lat="37.56717989221215" lon="14.90110999904573">
        <ele>236.23</ele>
      </trkpt>
      <trkpt lat="37.567119961604476" lon="14.90113003179431">
        <ele>235.85</ele>
      </trkpt>
      <trkpt lat="37.56682056002319" lon="14.9011598713696">
        <ele>235.42</ele>
      </trkpt>
      <trkpt lat="37.56651998497546" lon="14.901189962401986">
        <ele>234.87</ele>
      </trkpt>
      <trkpt lat="37.566236509010196" lon="14.9012238252908">
        <ele>234.21</ele>
      </trkpt>
      <trkpt lat="37.565953116863966" lon="14.901257771998644">
        <ele>233.58</ele>
      </trkpt>
      <trkpt lat="37.565669724717736" lon="14.901291718706489">
        <ele>233.07</ele>
      </trkpt>
      <trkpt lat="37.56538633257151" lon="14.901325665414333">
        <ele>232.58</ele>
      </trkpt>
      <trkpt lat="37.56510000675917" lon="14.901360031217337">
        <ele>232.02</ele>
      </trkpt>
      <trkpt lat="37.56482851691544" lon="14.901387942954898">
        <ele>231.38</ele>
      </trkpt>
      <trkpt lat="37.564557110890746" lon="14.901415854692459">
        <ele>230.79</ele>
      </trkpt>
      <trkpt lat="37.56428562104702" lon="14.90144376643002">
        <ele>230.22</ele>
      </trkpt>
      <trkpt lat="37.564014215022326" lon="14.901471761986613">
        <ele>229.63</ele>
      </trkpt>
      <trkpt lat="37.56373995915055" lon="14.90149992518127">
        <ele>229.02</ele>
      </trkpt>
      <trkpt lat="37.56343058310449" lon="14.901535883545876">
        <ele>228.39</ele>
      </trkpt>
      <trkpt lat="37.56312120705843" lon="14.901571841910481">
        <ele>227.79</ele>
      </trkpt>
      <trkpt lat="37.5628119148314" lon="14.901607716456056">
        <ele>227.2</ele>
      </trkpt>
      <trkpt lat="37.56250253878534" lon="14.901643674820662">
        <ele>226.68</ele>
      </trkpt>
      <trkpt lat="37.56218997761607" lon="14.901679884642363">
        <ele>226.16</ele>
      </trkpt>
      <trkpt lat="37.56195000372827" lon="14.901709975674748">
        <ele>225.64</ele>
      </trkpt>
      <trkpt lat="37.56178739480674" lon="14.901932431384921">
        <ele>225.27</ele>
      </trkpt>
      <trkpt lat="37.56162486970425" lon="14.902154970914125">
        <ele>224.82</ele>
      </trkpt>
      <trkpt lat="37.56146234460175" lon="14.90237751044333">
        <ele>224.38</ele>
      </trkpt>
      <trkpt lat="37.56129998713732" lon="14.90259988233447">
        <ele>224.03</ele>
      </trkpt>
      <trkpt lat="37.56113997660577" lon="14.90280993282795">
        <ele>223.72</ele>
      </trkpt>
      <trkpt lat="37.56106998771429" lon="14.90287003107369">
        <ele>223.38</ele>
      </trkpt>
      <trkpt lat="37.560989940539" lon="14.902929961681366">
        <ele>223.05</ele>
      </trkpt>
      <trkpt lat="37.5608398206532" lon="14.903183430433273">
        <ele>222.81</ele>
      </trkpt>
      <trkpt lat="37.56068978458643" lon="14.90343689918518">
        <ele>222.53</ele>
      </trkpt>
      <trkpt lat="37.56053991615772" lon="14.90368994884193">
        <ele>222.27</ele>
      </trkpt>
      <trkpt lat="37.560369931161404" lon="14.903960097581148">
        <ele>221.92</ele>
      </trkpt>
      <trkpt lat="37.56020002998412" lon="14.90422991104424">
        <ele>221.6</ele>
      </trkpt>
      <trkpt lat="37.56001998670399" lon="14.90446594543755">
        <ele>221.39</ele>
      </trkpt>
      <trkpt lat="37.55983994342387" lon="14.904701979830861">
        <ele>221.22</ele>
      </trkpt>
      <trkpt lat="37.55965990014374" lon="14.904938014224172">
        <ele>221.16</ele>
      </trkpt>
      <trkpt lat="37.55947994068265" lon="14.905174048617482">
        <ele>221.14</ele>
      </trkpt>
      <trkpt lat="37.55929998122156" lon="14.90540991537273">
        <ele>221.11</ele>
      </trkpt>
      <trkpt lat="37.55906009115279" lon="14.905634801834822">
        <ele>221.02</ele>
      </trkpt>
      <trkpt lat="37.55881994962692" lon="14.90585993975401">
        <ele>220.95</ele>
      </trkpt>
      <trkpt lat="37.558630015701056" lon="14.905979968607426">
        <ele>220.87</ele>
      </trkpt>
      <trkpt lat="37.55848014727235" lon="14.906074851751328">
        <ele>220.87</ele>
      </trkpt>
      <trkpt lat="37.558330027386546" lon="14.906169902533293">
        <ele>220.84</ele>
      </trkpt>
      <trkpt lat="37.558049988001585" lon="14.906260007992387">
        <ele>220.9</ele>
      </trkpt>
      <trkpt lat="37.55784002132714" lon="14.90628993138671">
        <ele>220.98</ele>
      </trkpt>
      <trkpt lat="37.557645393535495" lon="14.906279956921935">
        <ele>221.09</ele>
      </trkpt>
      <trkpt lat="37.557450011372566" lon="14.90626989863813">
        <ele>221.2</ele>
      </trkpt>
      <trkpt lat="37.55728002637625" lon="14.90630996413529">
        <ele>221.34</ele>
      </trkpt>
      <trkpt lat="37.55709998309612" lon="14.90643996745348">
        <ele>221.5</ele>
      </trkpt>
      <trkpt lat="37.5569233763963" lon="14.906593104824424">
        <ele>221.66</ele>
      </trkpt>
      <trkpt lat="37.556746853515506" lon="14.9067463260144">
        <ele>221.82</ele>
      </trkpt>
      <trkpt lat="37.556569995358586" lon="14.906899882480502">
        <ele>222.03</ele>
      </trkpt>
      <trkpt lat="37.55637000314891" lon="14.907059976831079">
        <ele>222.24</ele>
      </trkpt>
      <trkpt lat="37.55616020411253" lon="14.907189728692174">
        <ele>222.55</ele>
      </trkpt>
      <trkpt lat="37.55595048889518" lon="14.907319564372301">
        <ele>222.85</ele>
      </trkpt>
      <trkpt lat="37.55574001930654" lon="14.90744998678565">
        <ele>223.19</ele>
      </trkpt>
      <trkpt lat="37.555550169199705" lon="14.907576469704509">
        <ele>223.54</ele>
      </trkpt>
      <trkpt lat="37.55536031909287" lon="14.907702952623367">
        <ele>223.93</ele>
      </trkpt>
      <trkpt lat="37.55516988225281" lon="14.907830022275448">
        <ele>224.35</ele>
      </trkpt>
      <trkpt lat="37.555020013824105" lon="14.90785994566977">
        <ele>224.7</ele>
      </trkpt>
      <trkpt lat="37.554715583100915" lon="14.907879894599319">
        <ele>225.09</ele>
      </trkpt>
      <trkpt lat="37.55440997891128" lon="14.90790001116693">
        <ele>225.44</ele>
      </trkpt>
      <trkpt lat="37.55430000834167" lon="14.907929934561253">
        <ele>225.8</ele>
      </trkpt>
      <trkpt lat="37.55404989235103" lon="14.90798994898796">
        <ele>226.18</ele>
      </trkpt>
      <trkpt lat="37.55376532673836" lon="14.90814476273954">
        <ele>226.57</ele>
      </trkpt>
      <trkpt lat="37.5534800067544" lon="14.908299995586276">
        <ele>226.9</ele>
      </trkpt>
      <trkpt lat="37.55331002175808" lon="14.908409966155887">
        <ele>227.15</ele>
      </trkpt>
      <trkpt lat="37.553170043975115" lon="14.908539801836014">
        <ele>227.4</ele>
      </trkpt>
      <trkpt lat="37.55302998237312" lon="14.908669972792268">
        <ele>227.57</ele>
      </trkpt>
      <trkpt lat="37.5529099535197" lon="14.908814895898104">
        <ele>227.73</ele>
      </trkpt>
      <trkpt lat="37.55279000848532" lon="14.908959902822971">
        <ele>227.88</ele>
      </trkpt>
      <trkpt lat="37.5525766890496" lon="14.90920658223331">
        <ele>227.99</ele>
      </trkpt>
      <trkpt lat="37.552363369613886" lon="14.909453177824616">
        <ele>228.0</ele>
      </trkpt>
      <trkpt lat="37.55214996635914" lon="14.909700024873018">
        <ele>227.94</ele>
      </trkpt>
      <trkpt lat="37.551949974149466" lon="14.90987990051508">
        <ele>227.92</ele>
      </trkpt>
      <trkpt lat="37.55170991644263" lon="14.910060027614236">
        <ele>227.92</ele>
      </trkpt>
      <trkpt lat="37.55170974880457" lon="14.910060111433268">
        <ele>227.91</ele>
      </trkpt>
      <trkpt lat="37.55147530697286" lon="14.910199753940105">
        <ele>227.79</ele>
      </trkpt>
      <trkpt lat="37.551240026950836" lon="14.910339983180165">
        <ele>227.61</ele>
      </trkpt>
      <trkpt lat="37.55102360621095" lon="14.910463113337755">
        <ele>227.38</ele>
      </trkpt>
      <trkpt lat="37.55080726929009" lon="14.910586243495345">
        <ele>227.08</ele>
      </trkpt>
      <trkpt lat="37.55059001035988" lon="14.910709960386157">
        <ele>226.82</ele>
      </trkpt>
      <trkpt lat="37.55039001815021" lon="14.91088991984725">
        <ele>226.49</ele>
      </trkpt>
      <trkpt lat="37.55023998208344" lon="14.911089912056923">
        <ele>226.14</ele>
      </trkpt>
      <trkpt lat="37.55017996765673" lon="14.91120994091034">
        <ele>225.85</ele>
      </trkpt>
      <trkpt lat="37.5500831566751" lon="14.911560555920005">
        <ele>225.6</ele>
      </trkpt>
      <trkpt lat="37.54998634569347" lon="14.911911087110639">
        <ele>225.42</ele>
      </trkpt>
      <trkpt lat="37.54989003762603" lon="14.91226002573967">
        <ele>225.14</ele>
      </trkpt>
      <trkpt lat="37.54981988109648" lon="14.912550039589405">
        <ele>224.9</ele>
      </trkpt>
      <trkpt lat="37.54979004152119" lon="14.91275992244482">
        <ele>224.7</ele>
      </trkpt>
      <trkpt lat="37.549800015985966" lon="14.912920016795397">
        <ele>224.54</ele>
      </trkpt>
      <trkpt lat="37.54979004152119" lon="14.913029987365007">
        <ele>224.4</ele>
      </trkpt>
      <trkpt lat="37.54985994659364" lon="14.913339950144291">
        <ele>224.31</ele>
      </trkpt>
      <trkpt lat="37.5499000120908" lon="14.913459978997707">
        <ele>224.23</ele>
      </trkpt>
      <trkpt lat="37.54997997544706" lon="14.913629963994026">
        <ele>224.2</ele>
      </trkpt>
      <trkpt lat="37.550156749784946" lon="14.913943447172642">
        <ele>224.23</ele>
      </trkpt>
      <trkpt lat="37.550333524122834" lon="14.914257014170289">
        <ele>224.31</ele>
      </trkpt>
      <trkpt lat="37.550509963184595" lon="14.914569910615683">
        <ele>224.49</ele>
      </trkpt>
      <trkpt lat="37.55065253935754" lon="14.914825139567256">
        <ele>224.59</ele>
      </trkpt>
      <trkpt lat="37.55079511553049" lon="14.915080284699798">
        <ele>224.78</ele>
      </trkpt>
      <trkpt lat="37.55093777552247" lon="14.91533542983234">
        <ele>225.01</ele>
      </trkpt>
      <trkpt lat="37.55108001641929" lon="14.915589988231659">
        <ele>225.24</ele>
      </trkpt>
      <trkpt lat="37.55111999809742" lon="14.915729882195592">
        <ele>225.46</ele>
      </trkpt>
      <trkpt lat="37.551139863207936" lon="14.91593993268907">
        <ele>225.72</ele>
      </trkpt>
      <trkpt lat="37.55109996534884" lon="14.91612995043397">
        <ele>225.93</ele>
      </trkpt>
      <trkpt lat="37.551049925386906" lon="14.916209997609258">
        <ele>226.18</ele>
      </trkpt>
      <trkpt lat="37.550980020314455" lon="14.91630001924932">
        <ele>226.45</ele>
      </trkpt>
      <trkpt lat="37.55089997313917" lon="14.916360033676028">
        <ele>226.76</ele>
      </trkpt>
      <trkpt lat="37.55068522877991" lon="14.916474781930447">
        <ele>227.11</ele>
      </trkpt>
      <trkpt lat="37.55046998150647" lon="14.916590033099055">
        <ele>227.61</ele>
      </trkpt>
      <trkpt lat="37.55020041950047" lon="14.916724730283022">
        <ele>228.2</ele>
      </trkpt>
      <trkpt lat="37.549930019304156" lon="14.91686001420021">
        <ele>228.74</ele>
      </trkpt>
      <trkpt lat="37.5497099943459" lon="14.91698993369937">
        <ele>229.24</ele>
      </trkpt>
      <trkpt lat="37.54944018088281" lon="14.917174754664302">
        <ele>229.87</ele>
      </trkpt>
      <trkpt lat="37.54916986450553" lon="14.917359910905361">
        <ele>230.56</ele>
      </trkpt>
      <trkpt lat="37.5490349996835" lon="14.917464852333069">
        <ele>231.22</ele>
      </trkpt>
      <trkpt lat="37.548899967223406" lon="14.91756996139884">
        <ele>231.91</ele>
      </trkpt>
      <trkpt lat="37.548676170408726" lon="14.917737767100334">
        <ele>232.55</ele>
      </trkpt>
      <trkpt lat="37.548452373594046" lon="14.917905572801828">
        <ele>233.3</ele>
      </trkpt>
      <trkpt lat="37.5482286605984" lon="14.918073462322354">
        <ele>234.1</ele>
      </trkpt>
      <trkpt lat="37.54800486378372" lon="14.918241268023849">
        <ele>234.88</ele>
      </trkpt>
      <trkpt lat="37.54777989350259" lon="14.91840991191566">
        <ele>235.56</ele>
      </trkpt>
      <trkpt lat="37.54757009446621" lon="14.918579813092947">
        <ele>236.17</ele>
      </trkpt>
      <trkpt lat="37.5473599601537" lon="14.91874996572733">
        <ele>236.88</ele>
      </trkpt>
      <trkpt lat="37.54727999679744" lon="14.918819954618812">
        <ele>237.64</ele>
      </trkpt>
      <trkpt lat="37.547159967944026" lon="14.918954987078905">
        <ele>238.41</ele>
      </trkpt>
      <trkpt lat="37.54704002290964" lon="14.919090019538999">
        <ele>239.15</ele>
      </trkpt>
      <trkpt lat="37.54685997962952" lon="14.919379949569702">
        <ele>239.86</ele>
      </trkpt>
      <trkpt lat="37.54672385752201" lon="14.919660240411758">
        <ele>240.62</ele>
      </trkpt>
      <trkpt lat="37.546587735414505" lon="14.919940531253815">
        <ele>241.36</ele>
      </trkpt>
      <trkpt lat="37.546451613307" lon="14.92022073827684">
        <ele>242.13</ele>
      </trkpt>
      <trkpt lat="37.54631549119949" lon="14.920501029118896">
        <ele>243.02</ele>
      </trkpt>
      <trkpt lat="37.54618003964424" lon="14.920779895037413">
        <ele>243.89</ele>
      </trkpt>
      <trkpt lat="37.546027824282646" lon="14.921112321317196">
        <ele>244.8</ele>
      </trkpt>
      <trkpt lat="37.54587569274008" lon="14.921444663777947">
        <ele>245.77</ele>
      </trkpt>
      <trkpt lat="37.54572347737849" lon="14.921777006238699">
        <ele>246.65</ele>
      </trkpt>
      <trkpt lat="37.545571345835924" lon="14.92210934869945">
        <ele>247.64</ele>
      </trkpt>
      <trkpt lat="37.545419968664646" lon="14.922440014779568">
        <ele>248.8</ele>
      </trkpt>
      <trkpt lat="37.54534000530839" lon="14.92266003973782">
        <ele>249.84</ele>
      </trkpt>
      <trkpt lat="37.545289965346456" lon="14.922859948128462">
        <ele>250.82</ele>
      </trkpt>
      <trkpt lat="37.545229867100716" lon="14.923230009153485">
        <ele>251.86</ele>
      </trkpt>
      <trkpt lat="37.54522483795881" lon="14.923540642485023">
        <ele>252.94</ele>
      </trkpt>
      <trkpt lat="37.54521997645497" lon="14.923849934712052">
        <ele>254.03</ele>
      </trkpt>
      <trkpt lat="37.5452100019902" lon="14.92420993745327">
        <ele>255.09</ele>
      </trkpt>
      <trkpt lat="37.5452599581331" lon="14.924559881910682">
        <ele>256.01</ele>
      </trkpt>
      <trkpt lat="37.54531988874078" lon="14.92478996515274">
        <ele>256.94</ele>
      </trkpt>
      <trkpt lat="37.54542005248368" lon="14.925082828849554">
        <ele>257.94</ele>
      </trkpt>
      <trkpt lat="37.54552021622658" lon="14.9253757763654">
        <ele>258.86</ele>
      </trkpt>
      <trkpt lat="37.54562037996948" lon="14.925668723881245">
        <ele>259.67</ele>
      </trkpt>
      <trkpt lat="37.54572004079819" lon="14.925959995016456">
        <ele>260.26</ele>
      </trkpt>
      <trkpt lat="37.54579992033541" lon="14.92628999054432">
        <ele>260.84</ele>
      </trkpt>
      <trkpt lat="37.54584669135511" lon="14.92656709626317">
        <ele>261.35</ele>
      </trkpt>
      <trkpt lat="37.545893462374806" lon="14.926844285801053">
        <ele>261.78</ele>
      </trkpt>
      <trkpt lat="37.54593998193741" lon="14.927119882777333">
        <ele>262.14</ele>
      </trkpt>
      <trkpt lat="37.54599002189934" lon="14.927475610747933">
        <ele>262.34</ele>
      </trkpt>
      <trkpt lat="37.54604014568031" lon="14.927831338718534">
        <ele>262.55</ele>
      </trkpt>
      <trkpt lat="37.546090269461274" lon="14.928186982870102">
        <ele>262.73</ele>
      </trkpt>
      <trkpt lat="37.54614030942321" lon="14.928542710840702">
        <ele>262.81</ele>
      </trkpt>
      <trkpt lat="37.546190433204174" lon="14.92889835499227">
        <ele>262.88</ele>
      </trkpt>
      <trkpt lat="37.54623997025192" lon="14.929249975830317">
        <ele>262.92</ele>
      </trkpt>
      <trkpt lat="37.54627333022654" lon="14.929620707407594">
        <ele>262.88</ele>
      </trkpt>
      <trkpt lat="37.54630669020116" lon="14.929991438984871">
        <ele>262.81</ele>
      </trkpt>
      <trkpt lat="37.54633988253772" lon="14.930359907448292">
        <ele>262.69</ele>
      </trkpt>
      <trkpt lat="37.546320017427206" lon="14.930489910766482">
        <ele>262.57</ele>
      </trkpt>
      <trkpt lat="37.54636997357011" lon="14.930559983476996">
        <ele>262.44</ele>
      </trkpt>
      <trkpt lat="37.54642998799682" lon="14.9308499135077">
        <ele>262.28</ele>
      </trkpt>
      <trkpt lat="37.54647667519748" lon="14.931150488555431">
        <ele>262.1</ele>
      </trkpt>
      <trkpt lat="37.54652344621718" lon="14.931451063603163">
        <ele>261.9</ele>
      </trkpt>
      <trkpt lat="37.54656996577978" lon="14.93174996227026">
        <ele>261.69</ele>
      </trkpt>
      <trkpt lat="37.54661003127694" lon="14.93185993283987">
        <ele>261.47</ele>
      </trkpt>
      <trkpt lat="37.54669996909797" lon="14.93200988508761">
        <ele>261.23</ele>
      </trkpt>
      <trkpt lat="37.54678001627326" lon="14.93209001608193">
        <ele>261.02</ele>
      </trkpt>
      <trkpt lat="37.547044632956386" lon="14.932256396859884">
        <ele>260.87</ele>
      </trkpt>
      <trkpt lat="37.54730924963951" lon="14.932422861456871">
        <ele>260.75</ele>
      </trkpt>
      <trkpt lat="37.54757395014167" lon="14.932589326053858">
        <ele>260.57</ele>
      </trkpt>
      <trkpt lat="37.547838566824794" lon="14.932755706831813">
        <ele>260.35</ele>
      </trkpt>
      <trkpt lat="37.54810318350792" lon="14.9329221714288">
        <ele>260.11</ele>
      </trkpt>
      <trkpt lat="37.54836997948587" lon="14.933089893311262">
        <ele>259.84</ele>
      </trkpt>
      <trkpt lat="37.54849998280406" lon="14.93318997323513">
        <ele>259.63</ele>
      </trkpt>
      <trkpt lat="37.54862998612225" lon="14.933349899947643">
        <ele>259.4</ele>
      </trkpt>
      <trkpt lat="37.54872998222709" lon="14.933559950441122">
        <ele>259.2</ele>
      </trkpt>
      <trkpt lat="37.54882997833192" lon="14.93391995318234">
        <ele>259.05</ele>
      </trkpt>
      <trkpt lat="37.54886996001005" lon="14.934119945392013">
        <ele>258.9</ele>
      </trkpt>
      <trkpt lat="37.54888999275863" lon="14.9343900103122">
        <ele>258.76</ele>
      </trkpt>
      <trkpt lat="37.5488465745002" lon="14.934777421876788">
        <ele>258.59</ele>
      </trkpt>
      <trkpt lat="37.548803156241775" lon="14.935164833441377">
        <ele>258.39</ele>
      </trkpt>
      <trkpt lat="37.548759737983346" lon="14.935552328824997">
        <ele>258.17</ele>
      </trkpt>
      <trkpt lat="37.54871631972492" lon="14.935939740389585">
        <ele>257.98</ele>
      </trkpt>
      <trkpt lat="37.54867290146649" lon="14.936327235773206">
        <ele>257.77</ele>
      </trkpt>
      <trkpt lat="37.54862998612225" lon="14.93671003729105">
        <ele>257.46</ele>
      </trkpt>
      <trkpt lat="37.54843996837735" lon="14.93671003729105">
        <ele>257.11</ele>
      </trkpt>
      <trkpt lat="37.54816043190658" lon="14.936789833009243">
        <ele>256.75</ele>
      </trkpt>
      <trkpt lat="37.54788097925484" lon="14.936869628727436">
        <ele>256.39</ele>
      </trkpt>
      <trkpt lat="37.5476015266031" lon="14.93694950826466">
        <ele>256.03</ele>
      </trkpt>
      <trkpt lat="37.54731997847557" lon="14.937029974535108">
        <ele>255.68</ele>
      </trkpt>
      <trkpt lat="37.5470404420048" lon="14.937114799395204">
        <ele>255.34</ele>
      </trkpt>
      <trkpt lat="37.54676098935306" lon="14.9371996242553">
        <ele>254.95</ele>
      </trkpt>
      <trkpt lat="37.54648153670132" lon="14.937284449115396">
        <ele>254.61</ele>
      </trkpt>
      <trkpt lat="37.54619998857379" lon="14.937370028346777">
        <ele>254.23</ele>
      </trkpt>
      <trkpt lat="37.54622329026461" lon="14.937660545110703">
        <ele>253.88</ele>
      </trkpt>
      <trkpt lat="37.546246675774455" lon="14.93795114569366">
        <ele>253.48</ele>
      </trkpt>
      <trkpt lat="37.54626997746527" lon="14.93823990225792">
        <ele>253.06</ele>
      </trkpt>
      <trkpt lat="37.54630501382053" lon="14.93853553198278">
        <ele>252.62</ele>
      </trkpt>
      <trkpt lat="37.54633988253772" lon="14.938829988241196">
        <ele>252.21</ele>
      </trkpt>
      <trkpt lat="37.54641003906727" lon="14.939189907163382">
        <ele>251.8</ele>
      </trkpt>
      <trkpt lat="37.546493439003825" lon="14.939547227695584">
        <ele>251.36</ele>
      </trkpt>
      <trkpt lat="37.546576922759414" lon="14.939904548227787">
        <ele>250.87</ele>
      </trkpt>
      <trkpt lat="37.54665990360081" lon="14.94025994092226">
        <ele>250.42</ele>
      </trkpt>
      <trkpt lat="37.54671505652368" lon="14.94061566889286">
        <ele>250.07</ele>
      </trkpt>
      <trkpt lat="37.546770041808486" lon="14.94096988812089">
        <ele>249.72</ele>
      </trkpt>
      <trkpt lat="37.54675998352468" lon="14.94109989143908">
        <ele>249.37</ele>
      </trkpt>
      <trkpt lat="37.54671002738178" lon="14.941319916397333">
        <ele>249.02</ele>
      </trkpt>
      <trkpt lat="37.54671002738178" lon="14.9416100140661">
        <ele>248.65</ele>
      </trkpt>
      <trkpt lat="37.54667490720749" lon="14.94198577478528">
        <ele>248.37</ele>
      </trkpt>
      <trkpt lat="37.5466397870332" lon="14.94236153550446">
        <ele>248.13</ele>
      </trkpt>
      <trkpt lat="37.54660475067794" lon="14.94273729622364">
        <ele>247.9</ele>
      </trkpt>
      <trkpt lat="37.54656996577978" lon="14.943110039457679">
        <ele>247.66</ele>
      </trkpt>
      <trkpt lat="37.54658002406359" lon="14.943499965593219">
        <ele>247.52</ele>
      </trkpt>
      <trkpt lat="37.54662998020649" lon="14.94362996891141">
        <ele>247.43</ele>
      </trkpt>
      <trkpt lat="37.54667499102652" lon="14.943865416571498">
        <ele>247.38</ele>
      </trkpt>
      <trkpt lat="37.54672000184655" lon="14.94410002604127">
        <ele>247.34</ele>
      </trkpt>
      <trkpt lat="37.54671002738178" lon="14.944330025464296">
        <ele>247.33</ele>
      </trkpt>
      <trkpt lat="37.54665990360081" lon="14.944630013778806">
        <ele>247.31</ele>
      </trkpt>
      <trkpt lat="37.54642001353204" lon="14.944859929382801">
        <ele>247.33</ele>
      </trkpt>
      <trkpt lat="37.54628984257579" lon="14.945090096443892">
        <ele>247.46</ele>
      </trkpt>
      <trkpt lat="37.54616000689566" lon="14.945320012047887">
        <ele>247.6</ele>
      </trkpt>
      <trkpt lat="37.54609001800418" lon="14.94536996819079">
        <ele>247.76</ele>
      </trkpt>
      <trkpt lat="37.54590989090502" lon="14.945690156891942">
        <ele>247.91</ele>
      </trkpt>
      <trkpt lat="37.54573001526296" lon="14.946010010316968">
        <ele>248.12</ele>
      </trkpt>
      <trkpt lat="37.54553002305329" lon="14.946299940347672">
        <ele>248.38</ele>
      </trkpt>
      <trkpt lat="37.54536003805697" lon="14.94646992534399">
        <ele>248.67</ele>
      </trkpt>
      <trkpt lat="37.54517521709204" lon="14.94659984484315">
        <ele>248.92</ele>
      </trkpt>
      <trkpt lat="37.544989977031946" lon="14.946729931980371">
        <ele>249.1</ele>
      </trkpt>
      <trkpt lat="37.54479518160224" lon="14.946854822337627">
        <ele>249.32</ele>
      </trkpt>
      <trkpt lat="37.54459988325834" lon="14.946979964151978">
        <ele>249.52</ele>
      </trkpt>
      <trkpt lat="37.54446501843631" lon="14.947094796225429">
        <ele>249.77</ele>
      </trkpt>
      <trkpt lat="37.54432998597622" lon="14.947209963575006">
        <ele>250.06</ele>
      </trkpt>
      <trkpt lat="37.544133346527815" lon="14.947426551952958">
        <ele>250.28</ele>
      </trkpt>
      <trkpt lat="37.54393670707941" lon="14.94764314033091">
        <ele>250.5</ele>
      </trkpt>
      <trkpt lat="37.54373989999294" lon="14.947859980165958">
        <ele>250.66</ele>
      </trkpt>
      <trkpt lat="37.5435349624604" lon="14.948119902983308">
        <ele>250.79</ele>
      </trkpt>
      <trkpt lat="37.54332994110882" lon="14.94837999343872">
        <ele>250.92</ele>
      </trkpt>
      <trkpt lat="37.54317001439631" lon="14.948609992861748">
        <ele>251.05</ele>
      </trkpt>
      <trkpt lat="37.54304001107812" lon="14.948890032246709">
        <ele>251.19</ele>
      </trkpt>
      <trkpt lat="37.54297320730984" lon="14.949260680004954">
        <ele>251.19</ele>
      </trkpt>
      <trkpt lat="37.542906403541565" lon="14.9496313277632">
        <ele>251.18</ele>
      </trkpt>
      <trkpt lat="37.542840018868446" lon="14.949999880045652">
        <ele>251.22</ele>
      </trkpt>
      <trkpt lat="37.54274991340935" lon="14.950339933857322">
        <ele>251.27</ele>
      </trkpt>
      <trkpt lat="37.54266735166311" lon="14.950670516118407">
        <ele>251.3</ele>
      </trkpt>
      <trkpt lat="37.54258470609784" lon="14.951001098379493">
        <ele>251.16</ele>
      </trkpt>
      <trkpt lat="37.54250206053257" lon="14.951331680640578">
        <ele>250.93</ele>
      </trkpt>
      <trkpt lat="37.54242000170052" lon="14.951659999787807">
        <ele>250.72</ele>
      </trkpt>
      <trkpt lat="37.54231782630086" lon="14.95200851932168">
        <ele>250.51</ele>
      </trkpt>
      <trkpt lat="37.5422156509012" lon="14.952357038855553">
        <ele>250.31</ele>
      </trkpt>
      <trkpt lat="37.54211347550154" lon="14.952705642208457">
        <ele>250.12</ele>
      </trkpt>
      <trkpt lat="37.542011300101876" lon="14.95305416174233">
        <ele>249.93</ele>
      </trkpt>
      <trkpt lat="37.54190996289253" lon="14.953399999067187">
        <ele>249.69</ele>
      </trkpt>
      <trkpt lat="37.54179999232292" lon="14.95362002402544">
        <ele>249.47</ele>
      </trkpt>
      <trkpt lat="37.541637383401394" lon="14.953872570767999">
        <ele>249.28</ele>
      </trkpt>
      <trkpt lat="37.541474774479866" lon="14.954125117510557">
        <ele>249.03</ele>
      </trkpt>
      <trkpt lat="37.54131224937737" lon="14.954377748072147">
        <ele>248.74</ele>
      </trkpt>
      <trkpt lat="37.54114997573197" lon="14.954629959538579">
        <ele>248.45</ele>
      </trkpt>
      <trkpt lat="37.540995832532644" lon="14.954892061650753">
        <ele>248.19</ele>
      </trkpt>
      <trkpt lat="37.54084177315235" lon="14.955154247581959">
        <ele>247.86</ele>
      </trkpt>
      <trkpt lat="37.54068771377206" lon="14.955416349694133">
        <ele>247.55</ele>
      </trkpt>
      <trkpt lat="37.540533570572734" lon="14.955678535625339">
        <ele>247.21</ele>
      </trkpt>
      <trkpt lat="37.54038001410663" lon="14.955939967185259">
        <ele>246.87</ele>
      </trkpt>
      <trkpt lat="37.54025990143418" lon="14.956249929964542">
        <ele>246.55</ele>
      </trkpt>
      <trkpt lat="37.5403299741447" lon="14.956410024315119">
        <ele>246.25</ele>
      </trkpt>
      <trkpt lat="37.540540024638176" lon="14.956659888848662">
        <ele>245.98</ele>
      </trkpt>
      <trkpt lat="37.54059995524585" lon="14.957030033692718">
        <ele>245.66</ele>
      </trkpt>
      <trkpt lat="37.54059995524585" lon="14.95707998983562">
        <ele>245.33</ele>
      </trkpt>
      <trkpt lat="37.54062996245921" lon="14.957219883799553">
        <ele>244.99</ele>
      </trkpt>
      <trkpt lat="37.54068000242114" lon="14.95733991265297">
        <ele>244.64</ele>
      </trkpt>
      <trkpt lat="37.54078997299075" lon="14.95748994871974">
        <ele>244.32</ele>
      </trkpt>
      <trkpt lat="37.54081981256604" lon="14.95761995203793">
        <ele>244.0</ele>
      </trkpt>
      <trkpt lat="37.54081000573933" lon="14.957839893177152">
        <ele>243.71</ele>
      </trkpt>
      <trkpt lat="37.54076415672898" lon="14.958193525671959">
        <ele>243.36</ele>
      </trkpt>
      <trkpt lat="37.540718391537666" lon="14.958547074347734">
        <ele>242.97</ele>
      </trkpt>
      <trkpt lat="37.54067254252732" lon="14.95890062302351">
        <ele>242.63</ele>
      </trkpt>
      <trkpt lat="37.540626777336" lon="14.959254171699286">
        <ele>242.4</ele>
      </trkpt>
      <trkpt lat="37.54058092832565" lon="14.959607720375061">
        <ele>242.17</ele>
      </trkpt>
      <trkpt lat="37.54053516313434" lon="14.959961352869868">
        <ele>241.86</ele>
      </trkpt>
      <trkpt lat="37.54048998467624" lon="14.960309956222773">
        <ele>241.54</ele>
      </trkpt>
      <trkpt lat="37.54044405184686" lon="14.96067238971591">
        <ele>241.31</ele>
      </trkpt>
      <trkpt lat="37.54039811901748" lon="14.961034739390016">
        <ele>241.13</ele>
      </trkpt>
      <trkpt lat="37.5403521861881" lon="14.961397172883153">
        <ele>240.96</ele>
      </trkpt>
      <trkpt lat="37.54030625335872" lon="14.961759522557259">
        <ele>240.8</ele>
      </trkpt>
      <trkpt lat="37.54026032052934" lon="14.962121956050396">
        <ele>240.67</ele>
      </trkpt>
      <trkpt lat="37.54021438769996" lon="14.962484305724502">
        <ele>240.56</ele>
      </trkpt>
      <trkpt lat="37.54016853868961" lon="14.962846655398607">
        <ele>240.43</ele>
      </trkpt>
      <trkpt lat="37.54012260586023" lon="14.963209088891745">
        <ele>240.34</ele>
      </trkpt>
      <trkpt lat="37.54007667303085" lon="14.96357143856585">
        <ele>240.28</ele>
      </trkpt>
      <trkpt lat="37.54003074020147" lon="14.963933872058988">
        <ele>240.31</ele>
      </trkpt>
      <trkpt lat="37.53998480737209" lon="14.964296221733093">
        <ele>240.38</ele>
      </trkpt>
      <trkpt lat="37.539939964190125" lon="14.964649938046932">
        <ele>240.44</ele>
      </trkpt>
      <trkpt lat="37.539899982512" lon="14.964910028502345">
        <ele>240.51</ele>
      </trkpt>
      <trkpt lat="37.53982001915574" lon="14.965170035138726">
        <ele>240.62</ele>
      </trkpt>
      <trkpt lat="37.53967484459281" lon="14.965505311265588">
        <ele>240.81</ele>
      </trkpt>
      <trkpt lat="37.53952967002988" lon="14.965840671211481">
        <ele>240.99</ele>
      </trkpt>
      <trkpt lat="37.53938449546695" lon="14.966176031157374">
        <ele>241.2</ele>
      </trkpt>
      <trkpt lat="37.53923999145627" lon="14.966509966179729">
        <ele>241.45</ele>
      </trkpt>
      <trkpt lat="37.53909984603524" lon="14.966835267841816">
        <ele>241.73</ele>
      </trkpt>
      <trkpt lat="37.53896003589034" lon="14.96715989895165">
        <ele>242.04</ele>
      </trkpt>
      <trkpt lat="37.53883003257215" lon="14.96728990226984">
        <ele>242.34</ele>
      </trkpt>
      <trkpt lat="37.53872995264828" lon="14.96735000051558">
        <ele>242.66</ele>
      </trkpt>
      <trkpt lat="37.53855988383293" lon="14.967410014942288">
        <ele>242.97</ele>
      </trkpt>
      <trkpt lat="37.53831001929939" lon="14.96745997108519">
        <ele>243.28</ele>
      </trkpt>
      <trkpt lat="37.53821002319455" lon="14.967519985511899">
        <ele>243.62</ele>
      </trkpt>
      <trkpt lat="37.53817004151642" lon="14.96760992333293">
        <ele>243.97</ele>
      </trkpt>
      <trkpt lat="37.538143219426274" lon="14.967883843928576">
        <ele>244.34</ele>
      </trkpt>
      <trkpt lat="37.53811648115516" lon="14.968157764524221">
        <ele>244.75</ele>
      </trkpt>
      <trkpt lat="37.5380899105221" lon="14.968429924920201">
        <ele>245.17</ele>
      </trkpt>
      <trkpt lat="37.538054874166846" lon="14.968680460005999">
        <ele>245.6</ele>
      </trkpt>
      <trkpt lat="37.53802000544965" lon="14.968929989263415">
        <ele>246.0</ele>
      </trkpt>
      <trkpt lat="37.53795730881393" lon="14.969263086095452">
        <ele>246.44</ele>
      </trkpt>
      <trkpt lat="37.53789469599724" lon="14.96959618292749">
        <ele>246.91</ele>
      </trkpt>
      <trkpt lat="37.53783208318055" lon="14.969929363578558">
        <ele>247.33</ele>
      </trkpt>
      <trkpt lat="37.537769973278046" lon="14.970260029658675">
        <ele>247.78</ele>
      </trkpt>
      <trkpt lat="37.537680035457015" lon="14.970609974116087">
        <ele>248.19</ele>
      </trkpt>
      <trkpt lat="37.53757484257221" lon="14.970835195854306">
        <ele>248.65</ele>
      </trkpt>
      <trkpt lat="37.537469984963536" lon="14.971059998497367">
        <ele>249.04</ele>
      </trkpt>
      <trkpt lat="37.53730980679393" lon="14.9713000562042">
        <ele>249.34</ele>
      </trkpt>
      <trkpt lat="37.537149880081415" lon="14.97153994627297">
        <ele>249.65</ele>
      </trkpt>
      <trkpt lat="37.53702490590513" lon="14.971699956804514">
        <ele>250.01</ele>
      </trkpt>
      <trkpt lat="37.53690001554787" lon="14.971859967336059">
        <ele>250.36</ele>
      </trkpt>
      <trkpt lat="37.536739921197295" lon="14.972069934010506">
        <ele>250.76</ele>
      </trkpt>
      <trkpt lat="37.53657999448478" lon="14.972279900684953">
        <ele>251.06</ele>
      </trkpt>
      <trkpt lat="37.53647002391517" lon="14.97252993285656">
        <ele>251.3</ele>
      </trkpt>
      <trkpt lat="37.53644001670182" lon="14.972769906744361">
        <ele>251.6</ele>
      </trkpt>
      <trkpt lat="37.536459965631366" lon="14.972969982773066">
        <ele>251.9</ele>
      </trkpt>
      <trkpt lat="37.53653992898762" lon="14.973210040479898">
        <ele>252.2</ele>
      </trkpt>
      <trkpt lat="37.53674000501633" lon="14.973510028794408">
        <ele>252.53</ele>
      </trkpt>
      <trkpt lat="37.53691996447742" lon="14.973739944398403">
        <ele>252.87</ele>
      </trkpt>
      <trkpt lat="37.53709992393851" lon="14.97396994382143">
        <ele>253.1</ele>
      </trkpt>
      <trkpt lat="37.53722003661096" lon="14.974300023168325">
        <ele>253.21</ele>
      </trkpt>
      <trkpt lat="37.53722003661096" lon="14.97441996820271">
        <ele>253.36</ele>
      </trkpt>
      <trkpt lat="37.537161530926824" lon="14.974793968722224">
        <ele>253.46</ele>
      </trkpt>
      <trkpt lat="37.53710310906172" lon="14.97516805306077">
        <ele>253.61</ele>
      </trkpt>
      <trkpt lat="37.53704468719661" lon="14.975542137399316">
        <ele>253.71</ele>
      </trkpt>
      <trkpt lat="37.536986181512475" lon="14.975916221737862">
        <ele>253.81</ele>
      </trkpt>
      <trkpt lat="37.53692775964737" lon="14.976290222257376">
        <ele>253.92</ele>
      </trkpt>
      <trkpt lat="37.53687000833452" lon="14.976659948006272">
        <ele>254.03</ele>
      </trkpt>
      <trkpt lat="37.536804880946875" lon="14.97703562490642">
        <ele>254.11</ele>
      </trkpt>
      <trkpt lat="37.53674000501633" lon="14.97740987688303">
        <ele>254.16</ele>
      </trkpt>
      <trkpt lat="37.536681834608316" lon="14.977754624560475">
        <ele>254.25</ele>
      </trkpt>
      <trkpt lat="37.53662374801934" lon="14.978099288418889">
        <ele>254.41</ele>
      </trkpt>
      <trkpt lat="37.53656566143036" lon="14.978443952277303">
        <ele>254.53</ele>
      </trkpt>
      <trkpt lat="37.53650749102235" lon="14.978788616135716">
        <ele>254.54</ele>
      </trkpt>
      <trkpt lat="37.53644999116659" lon="14.979129927232862">
        <ele>254.51</ele>
      </trkpt>
      <trkpt lat="37.53638000227511" lon="14.979420024901628">
        <ele>254.6</ele>
      </trkpt>
      <trkpt lat="37.53627648577094" lon="14.979735435917974">
        <ele>254.7</ele>
      </trkpt>
      <trkpt lat="37.53617296926677" lon="14.98005093075335">
        <ele>254.76</ele>
      </trkpt>
      <trkpt lat="37.536069536581635" lon="14.980366341769695">
        <ele>254.8</ele>
      </trkpt>
      <trkpt lat="37.53596602007747" lon="14.980681836605072">
        <ele>254.87</ele>
      </trkpt>
      <trkpt lat="37.5358625035733" lon="14.980997247621417">
        <ele>254.9</ele>
      </trkpt>
      <trkpt lat="37.53575999289751" lon="14.981309976428747">
        <ele>254.93</ele>
      </trkpt>
      <trkpt lat="37.5355998147279" lon="14.981630248948932">
        <ele>254.97</ele>
      </trkpt>
      <trkpt lat="37.535439720377326" lon="14.981950521469116">
        <ele>255.06</ele>
      </trkpt>
      <trkpt lat="37.53527954220772" lon="14.9822707939893">
        <ele>255.13</ele>
      </trkpt>
      <trkpt lat="37.53511944785714" lon="14.982591066509485">
        <ele>255.14</ele>
      </trkpt>
      <trkpt lat="37.53496002405882" lon="14.98290991410613">
        <ele>255.18</ele>
      </trkpt>
      <trkpt lat="37.53479992970824" lon="14.983150055631995">
        <ele>255.18</ele>
      </trkpt>
      <trkpt lat="37.53464000299573" lon="14.983390029519796">
        <ele>255.16</ele>
      </trkpt>
      <trkpt lat="37.53447001799941" lon="14.983630003407598">
        <ele>255.11</ele>
      </trkpt>
      <trkpt lat="37.53440002910793" lon="14.98378993012011">
        <ele>255.09</ele>
      </trkpt>
      <trkpt lat="37.53435996361077" lon="14.984049936756492">
        <ele>255.08</ele>
      </trkpt>
      <trkpt lat="37.53436993807554" lon="14.984315559267998">
        <ele>255.08</ele>
      </trkpt>
      <trkpt lat="37.53437999635935" lon="14.98458000831306">
        <ele>255.14</ele>
      </trkpt>
      <trkpt lat="37.53436993807554" lon="14.984759883955121">
        <ele>255.09</ele>
      </trkpt>
      <trkpt lat="37.53430003300309" lon="14.98500999994576">
        <ele>255.14</ele>
      </trkpt>
      <trkpt lat="37.53417648375034" lon="14.985296912491322">
        <ele>255.12</ele>
      </trkpt>
      <trkpt lat="37.53405301831663" lon="14.985583908855915">
        <ele>254.96</ele>
      </trkpt>
      <trkpt lat="37.53392997197807" lon="14.98586998321116">
        <ele>254.73</ele>
      </trkpt>
      <trkpt lat="37.533779852092266" lon="14.986127642914653">
        <ele>254.6</ele>
      </trkpt>
      <trkpt lat="37.533629732206464" lon="14.986385302618146">
        <ele>254.41</ele>
      </trkpt>
      <trkpt lat="37.53347969613969" lon="14.986642962321639">
        <ele>254.28</ele>
      </trkpt>
      <trkpt lat="37.53332999534905" lon="14.98690003529191">
        <ele>254.14</ele>
      </trkpt>
      <trkpt lat="37.53317501395941" lon="14.987079994753003">
        <ele>253.99</ele>
      </trkpt>
      <trkpt lat="37.533020032569766" lon="14.987260038033128">
        <ele>253.83</ele>
      </trkpt>
      <trkpt lat="37.53296999260783" lon="14.987409990280867">
        <ele>253.65</ele>
      </trkpt>
      <trkpt lat="37.53306998871267" lon="14.987529935315251">
        <ele>253.46</ele>
      </trkpt>
      <trkpt lat="37.53329982049763" lon="14.987754821777344">
        <ele>253.26</ele>
      </trkpt>
      <trkpt lat="37.53352998755872" lon="14.9879798758775">
        <ele>253.11</ele>
      </trkpt>
      <trkpt lat="37.53368999809027" lon="14.988160002976656">
        <ele>252.94</ele>
      </trkpt>
      <trkpt lat="37.53383483737707" lon="14.988264860585332">
        <ele>252.78</ele>
      </trkpt>
      <trkpt lat="37.53398001194" lon="14.988369885832071">
        <ele>252.6</ele>
      </trkpt>
      <trkpt lat="37.53385981544852" lon="14.98867029324174">
        <ele>252.39</ele>
      </trkpt>
      <trkpt lat="37.533739702776074" lon="14.988970700651407">
        <ele>252.13</ele>
      </trkpt>
      <trkpt lat="37.533619506284595" lon="14.989271024242043">
        <ele>251.93</ele>
      </trkpt>
      <trkpt lat="37.533499393612146" lon="14.989571431651711">
        <ele>251.78</ele>
      </trkpt>
      <trkpt lat="37.53337995149195" lon="14.98986991122365">
        <ele>251.6</ele>
      </trkpt>
      <trkpt lat="37.53329001367092" lon="14.990079961717129">
        <ele>251.37</ele>
      </trkpt>
      <trkpt lat="37.53316001035273" lon="14.990309961140156">
        <ele>251.06</ele>
      </trkpt>
      <trkpt lat="37.53307996317744" lon="14.990409957244992">
        <ele>250.82</ele>
      </trkpt>
      <trkpt lat="37.53290000371635" lon="14.990529986098409">
        <ele>250.59</ele>
      </trkpt>
      <trkpt lat="37.53274996764958" lon="14.990579942241311">
        <ele>250.4</ele>
      </trkpt>
      <trkpt lat="37.53245383501053" lon="14.990673149004579">
        <ele>250.19</ele>
      </trkpt>
      <trkpt lat="37.53215770237148" lon="14.990766271948814">
        <ele>250.03</ele>
      </trkpt>
      <trkpt lat="37.531859977170825" lon="14.99085989780724">
        <ele>249.86</ele>
      </trkpt>
      <trkpt lat="37.531580524519086" lon="14.990943130105734">
        <ele>249.68</ele>
      </trkpt>
      <trkpt lat="37.53130107186735" lon="14.991026278585196">
        <ele>249.51</ele>
      </trkpt>
      <trkpt lat="37.531020026654005" lon="14.99111001379788">
        <ele>249.47</ele>
      </trkpt>
      <trkpt lat="37.530765468254685" lon="14.991174805909395">
        <ele>249.45</ele>
      </trkpt>
      <trkpt lat="37.53050998784602" lon="14.99124001711607">
        <ele>249.44</ele>
      </trkpt>
      <trkpt lat="37.53029993735254" lon="14.99124001711607">
        <ele>249.4</ele>
      </trkpt>
      <trkpt lat="37.5300099235028" lon="14.99134998768568">
        <ele>249.39</ele>
      </trkpt>
      <trkpt lat="37.5299599673599" lon="14.991389969363809">
        <ele>249.4</ele>
      </trkpt>
      <trkpt lat="37.52974337898195" lon="14.991608150303364">
        <ele>249.39</ele>
      </trkpt>
      <trkpt lat="37.529526790603995" lon="14.99182641506195">
        <ele>249.38</ele>
      </trkpt>
      <trkpt lat="37.529310286045074" lon="14.992044596001506">
        <ele>249.45</ele>
      </trkpt>
      <trkpt lat="37.52909369766712" lon="14.992262860760093">
        <ele>249.54</ele>
      </trkpt>
      <trkpt lat="37.5288771931082" lon="14.992481041699648">
        <ele>249.62</ele>
      </trkpt>
      <trkpt lat="37.528660017997026" lon="14.992699977010489">
        <ele>249.71</ele>
      </trkpt>
      <trkpt lat="37.52849003300071" lon="14.992879936471581">
        <ele>249.81</ele>
      </trkpt>
      <trkpt lat="37.5284799747169" lon="14.993019998073578">
        <ele>249.87</ele>
      </trkpt>
      <trkpt lat="37.528594974428415" lon="14.993240106850863">
        <ele>249.91</ele>
      </trkpt>
      <trkpt lat="37.5287098903209" lon="14.99345988035202">
        <ele>249.98</ele>
      </trkpt>
      <trkpt lat="37.52873000688851" lon="14.993579993024468">
        <ele>250.08</ele>
      </trkpt>
      <trkpt lat="37.5287098903209" lon="14.99392993748188">
        <ele>250.16</ele>
      </trkpt>
      <trkpt lat="37.52869991585612" lon="14.99428566545248">
        <ele>250.21</ele>
      </trkpt>
      <trkpt lat="37.52869002521038" lon="14.99463988468051">
        <ele>250.29</ele>
      </trkpt>
      <trkpt lat="37.5286699924618" lon="14.995009945705533">
        <ele>250.43</ele>
      </trkpt>
      <trkpt lat="37.52863998524845" lon="14.995179930701852">
        <ele>250.54</ele>
      </trkpt>
      <trkpt lat="37.52854644320905" lon="14.995507160201669">
        <ele>250.76</ele>
      </trkpt>
      <trkpt lat="37.52845298498869" lon="14.995834389701486">
        <ele>250.95</ele>
      </trkpt>
      <trkpt lat="37.52836002968252" lon="14.9961600266397">
        <ele>251.02</ele>
      </trkpt>
      <trkpt lat="37.52831996418536" lon="14.99622993171215">
        <ele>251.11</ele>
      </trkpt>
      <trkpt lat="37.528204964473844" lon="14.996369909495115">
        <ele>251.22</ele>
      </trkpt>
      <trkpt lat="37.52808996476233" lon="14.99650988727808">
        <ele>251.24</ele>
      </trkpt>
      <trkpt lat="37.52794001251459" lon="14.996659839525819">
        <ele>251.25</ele>
      </trkpt>
      <trkpt lat="37.52778997644782" lon="14.99680987559259">
        <ele>251.27</ele>
      </trkpt>
      <trkpt lat="37.52755989320576" lon="14.996950021013618">
        <ele>251.38</ele>
      </trkpt>
      <trkpt lat="37.52751002088189" lon="14.99699997715652">
        <ele>251.47</ele>
      </trkpt>
      <trkpt lat="37.52734489738941" lon="14.99725503847003">
        <ele>251.51</ele>
      </trkpt>
      <trkpt lat="37.52718002535403" lon="14.997510015964508">
        <ele>251.53</ele>
      </trkpt>
      <trkpt lat="37.52696025185287" lon="14.997609844431281">
        <ele>251.7</ele>
      </trkpt>
      <trkpt lat="37.52673989161849" lon="14.99770992435515">
        <ele>251.8</ele>
      </trkpt>
      <trkpt lat="37.52659002318978" lon="14.99774998985231">
        <ele>251.89</ele>
      </trkpt>
      <trkpt lat="37.52649002708495" lon="14.997849985957146">
        <ele>251.95</ele>
      </trkpt>
      <trkpt lat="37.52643998712301" lon="14.9978799931705">
        <ele>252.01</ele>
      </trkpt>
      <trkpt lat="37.52626991830766" lon="14.997909916564822">
        <ele>252.01</ele>
      </trkpt>
      <trkpt lat="37.526230020448565" lon="14.997889883816242">
        <ele>252.04</ele>
      </trkpt>
      <trkpt lat="37.52602013759315" lon="14.997700117528439">
        <ele>252.04</ele>
      </trkpt>
      <trkpt lat="37.52581000328064" lon="14.997510015964508">
        <ele>252.08</ele>
      </trkpt>
      <trkpt lat="37.5256600510329" lon="14.997375067323446">
        <ele>252.11</ele>
      </trkpt>
      <trkpt lat="37.52551001496613" lon="14.997239951044321">
        <ele>252.13</ele>
      </trkpt>
      <trkpt lat="37.525370037183166" lon="14.99715001322329">
        <ele>252.1</ele>
      </trkpt>
      <trkpt lat="37.525123693048954" lon="14.997016824781895">
        <ele>252.05</ele>
      </trkpt>
      <trkpt lat="37.52487734891474" lon="14.99688372015953">
        <ele>252.01</ele>
      </trkpt>
      <trkpt lat="37.52462999895215" lon="14.996749944984913">
        <ele>251.96</ele>
      </trkpt>
      <trkpt lat="37.52440368756652" lon="14.996676770970225">
        <ele>251.87</ele>
      </trkpt>
      <trkpt lat="37.52417745999992" lon="14.996603596955538">
        <ele>251.74</ele>
      </trkpt>
      <trkpt lat="37.52417637035251" lon="14.99660317786038">
        <ele>251.73</ele>
      </trkpt>
      <trkpt lat="37.52394997514784" lon="14.99652992002666">
        <ele>251.64</ele>
      </trkpt>
      <trkpt lat="37.52375517971814" lon="14.996405113488436">
        <ele>251.5</ele>
      </trkpt>
      <trkpt lat="37.52355996519327" lon="14.996279887855053">
        <ele>251.31</ele>
      </trkpt>
      <trkpt lat="37.52348997630179" lon="14.996260022744536">
        <ele>251.09</ele>
      </trkpt>
      <trkpt lat="37.52323994413018" lon="14.996200008317828">
        <ele>250.81</ele>
      </trkpt>
      <trkpt lat="37.52311002463102" lon="14.99620989896357">
        <ele>250.56</ele>
      </trkpt>
      <trkpt lat="37.52301002852619" lon="14.996239989995956">
        <ele>250.28</ele>
      </trkpt>
      <trkpt lat="37.522862926125526" lon="14.996581887826324">
        <ele>249.94</ele>
      </trkpt>
      <trkpt lat="37.522715823724866" lon="14.99692378565669">
        <ele>249.61</ele>
      </trkpt>
      <trkpt lat="37.522568721324205" lon="14.99726576730609">
        <ele>249.28</ele>
      </trkpt>
      <trkpt lat="37.522421618923545" lon="14.997607665136456">
        <ele>248.9</ele>
      </trkpt>
      <trkpt lat="37.522274516522884" lon="14.997949562966824">
        <ele>248.43</ele>
      </trkpt>
      <trkpt lat="37.522127414122224" lon="14.998291544616222">
        <ele>247.86</ele>
      </trkpt>
      <trkpt lat="37.52198031172156" lon="14.99863344244659">
        <ele>247.26</ele>
      </trkpt>
      <trkpt lat="37.5218332093209" lon="14.998975340276957">
        <ele>246.72</ele>
      </trkpt>
      <trkpt lat="37.52168610692024" lon="14.999317321926355">
        <ele>246.12</ele>
      </trkpt>
      <trkpt lat="37.52153900451958" lon="14.999659219756722">
        <ele>245.5</ele>
      </trkpt>
      <trkpt lat="37.52139190211892" lon="15.00000111758709">
        <ele>244.8</ele>
      </trkpt>
      <trkpt lat="37.52124488353729" lon="15.000343099236488">
        <ele>244.15</ele>
      </trkpt>
      <trkpt lat="37.52109979279339" lon="15.00067988410592">
        <ele>243.35</ele>
      </trkpt>
      <trkpt lat="37.52101982943714" lon="15.000895215198398">
        <ele>242.49</ele>
      </trkpt>
      <trkpt lat="37.52093994989991" lon="15.00110987573862">
        <ele>241.63</ele>
      </trkpt>
      <trkpt lat="37.5208749063313" lon="15.001295199617743">
        <ele>240.81</ele>
      </trkpt>
      <trkpt lat="37.52081003040075" lon="15.001480020582676">
        <ele>239.98</ele>
      </trkpt>
      <trkpt lat="37.52076996490359" lon="15.00176995061338">
        <ele>239.07</ele>
      </trkpt>
      <trkpt lat="37.52072738483548" lon="15.002153255045414">
        <ele>238.15</ele>
      </trkpt>
      <trkpt lat="37.52068480476737" lon="15.002536559477448">
        <ele>237.22</ele>
      </trkpt>
      <trkpt lat="37.52064222469926" lon="15.002919780090451">
        <ele>236.27</ele>
      </trkpt>
      <trkpt lat="37.52059964463115" lon="15.003303084522486">
        <ele>235.29</ele>
      </trkpt>
      <trkpt lat="37.520557064563036" lon="15.003686305135489">
        <ele>234.31</ele>
      </trkpt>
      <trkpt lat="37.520514484494925" lon="15.004069609567523">
        <ele>233.29</ele>
      </trkpt>
      <trkpt lat="37.52047190442681" lon="15.004452830180526">
        <ele>232.2</ele>
      </trkpt>
      <trkpt lat="37.5204293243587" lon="15.00483613461256">
        <ele>231.08</ele>
      </trkpt>
      <trkpt lat="37.52038674429059" lon="15.005219355225563">
        <ele>230.02</ele>
      </trkpt>
      <trkpt lat="37.52034416422248" lon="15.005602575838566">
        <ele>228.97</ele>
      </trkpt>
      <trkpt lat="37.52030158415437" lon="15.0059858802706">
        <ele>227.92</ele>
      </trkpt>
      <trkpt lat="37.52026000991464" lon="15.006359964609146">
        <ele>226.89</ele>
      </trkpt>
      <trkpt lat="37.52018993720412" lon="15.006589880213141">
        <ele>225.85</ele>
      </trkpt>
      <trkpt lat="37.52007485367358" lon="15.006930436939001">
        <ele>224.82</ele>
      </trkpt>
      <trkpt lat="37.51996002160013" lon="15.00726998783648">
        <ele>223.84</ele>
      </trkpt>
      <trkpt lat="37.519919872283936" lon="15.007540471851826">
        <ele>222.75</ele>
      </trkpt>
      <trkpt lat="37.51987997442484" lon="15.00780995003879">
        <ele>221.62</ele>
      </trkpt>
      <trkpt lat="37.51979003660381" lon="15.008069956675172">
        <ele>220.46</ele>
      </trkpt>
      <trkpt lat="37.51970990560949" lon="15.00827020034194">
        <ele>219.32</ele>
      </trkpt>
      <trkpt lat="37.51962994225323" lon="15.00847002491355">
        <ele>218.19</ele>
      </trkpt>
      <trkpt lat="37.51954486593604" lon="15.00873539596796">
        <ele>217.06</ele>
      </trkpt>
      <trkpt lat="37.51945995725691" lon="15.009000012651086">
        <ele>215.92</ele>
      </trkpt>
      <trkpt lat="37.519364822655916" lon="15.009378120303154">
        <ele>214.74</ele>
      </trkpt>
      <trkpt lat="37.51926968805492" lon="15.009756227955222">
        <ele>213.53</ele>
      </trkpt>
      <trkpt lat="37.51917446963489" lon="15.010134419426322">
        <ele>212.28</ele>
      </trkpt>
      <trkpt lat="37.51908000558615" lon="15.010510012507439">
        <ele>210.95</ele>
      </trkpt>
      <trkpt lat="37.51903994008899" lon="15.01061998307705">
        <ele>209.67</ele>
      </trkpt>
      <trkpt lat="37.518937764689326" lon="15.010954421013594">
        <ele>208.29</ele>
      </trkpt>
      <trkpt lat="37.518835589289665" lon="15.01128894276917">
        <ele>206.87</ele>
      </trkpt>
      <trkpt lat="37.518733497709036" lon="15.011623464524746">
        <ele>205.47</ele>
      </trkpt>
      <trkpt lat="37.518631322309375" lon="15.011957986280322">
        <ele>204.08</ele>
      </trkpt>
      <trkpt lat="37.51852998510003" lon="15.012289993464947">
        <ele>202.76</ele>
      </trkpt>
      <trkpt lat="37.51846997067332" lon="15.012649912387133">
        <ele>201.46</ele>
      </trkpt>
      <trkpt lat="37.51840484328568" lon="15.012855269014835">
        <ele>200.13</ele>
      </trkpt>
      <trkpt lat="37.51833996735513" lon="15.013060038909316">
        <ele>198.8</ele>
      </trkpt>
      <trkpt lat="37.518264865502715" lon="15.013250224292278">
        <ele>197.47</ele>
      </trkpt>
      <trkpt lat="37.51819001510739" lon="15.01343990676105">
        <ele>196.16</ele>
      </trkpt>
      <trkpt lat="37.518105525523424" lon="15.013810638338327">
        <ele>194.89</ele>
      </trkpt>
      <trkpt lat="37.51802111975849" lon="15.014181286096573">
        <ele>193.61</ele>
      </trkpt>
      <trkpt lat="37.51793671399355" lon="15.014551933854818">
        <ele>192.38</ele>
      </trkpt>
      <trkpt lat="37.51785222440958" lon="15.014922581613064">
        <ele>191.09</ele>
      </trkpt>
      <trkpt lat="37.51776781864464" lon="15.01529322937131">
        <ele>189.74</ele>
      </trkpt>
      <trkpt lat="37.517683412879705" lon="15.015663877129555">
        <ele>188.51</ele>
      </trkpt>
      <trkpt lat="37.51760001294315" lon="15.016029998660088">
        <ele>187.31</ele>
      </trkpt>
      <trkpt lat="37.51751996576786" lon="15.01612002030015">
        <ele>186.09</ele>
      </trkpt>
      <trkpt lat="37.51734000630677" lon="15.016220016404986">
        <ele>184.85</ele>
      </trkpt>
      <trkpt lat="37.51726482063532" lon="15.016590664163232">
        <ele>183.55</ele>
      </trkpt>
      <trkpt lat="37.51718997024" lon="15.01695997081697">
        <ele>182.38</ele>
      </trkpt>
      <trkpt lat="37.51714998856187" lon="15.017199944704771">
        <ele>181.25</ele>
      </trkpt>
      <trkpt lat="37.51713993027806" lon="15.0174799002707">
        <ele>180.1</ele>
      </trkpt>
      <trkpt lat="37.51710992306471" lon="15.017780559137464">
        <ele>178.87</ele>
      </trkpt>
      <trkpt lat="37.517079999670386" lon="15.01807987689972">
        <ele>177.69</ele>
      </trkpt>
      <trkpt lat="37.51704999245703" lon="15.018130000680685">
        <ele>176.47</ele>
      </trkpt>
      <trkpt lat="37.51686508767307" lon="15.018284814432263">
        <ele>175.19</ele>
      </trkpt>
      <trkpt lat="37.51668001525104" lon="15.018439963459969">
        <ele>173.87</ele>
      </trkpt>
      <trkpt lat="37.51654984429479" lon="15.018680104985833">
        <ele>172.52</ele>
      </trkpt>
      <trkpt lat="37.51641992479563" lon="15.018919911235571">
        <ele>171.2</ele>
      </trkpt>
      <trkpt lat="37.51627994701266" lon="15.018950002267957">
        <ele>169.9</ele>
      </trkpt>
      <trkpt lat="37.5162398815155" lon="15.01921989955008">
        <ele>168.7</ele>
      </trkpt>
      <trkpt lat="37.516141813248396" lon="15.019522402435541">
        <ele>167.54</ele>
      </trkpt>
      <trkpt lat="37.51604366116226" lon="15.01982482150197">
        <ele>166.29</ele>
      </trkpt>
      <trkpt lat="37.51594550907612" lon="15.020127324387431">
        <ele>164.97</ele>
      </trkpt>
      <trkpt lat="37.51584735698998" lon="15.02042974345386">
        <ele>163.71</ele>
      </trkpt>
      <trkpt lat="37.51574995927513" lon="15.020729899406433">
        <ele>162.5</ele>
      </trkpt>
      <trkpt lat="37.51563479192555" lon="15.021050339564681">
        <ele>161.34</ele>
      </trkpt>
      <trkpt lat="37.51551962457597" lon="15.021370779722929">
        <ele>160.21</ele>
      </trkpt>
      <trkpt lat="37.515404457226396" lon="15.021691219881177">
        <ele>159.12</ele>
      </trkpt>
      <trkpt lat="37.51528996042907" lon="15.02200998365879">
        <ele>158.09</ele>
      </trkpt>
      <trkpt lat="37.515209997072816" lon="15.022109979763627">
        <ele>157.1</ele>
      </trkpt>
      <trkpt lat="37.515079993754625" lon="15.022169994190335">
        <ele>156.12</ele>
      </trkpt>
      <trkpt lat="37.51504998654127" lon="15.02217996865511">
        <ele>155.23</ele>
      </trkpt>
      <trkpt lat="37.51497999764979" lon="15.022249957546592">
        <ele>154.36</ele>
      </trkpt>
      <trkpt lat="37.51495996490121" lon="15.022320030257106">
        <ele>153.55</ele>
      </trkpt>
      <trkpt lat="37.51494496129453" lon="15.022580455988646">
        <ele>152.75</ele>
      </trkpt>
      <trkpt lat="37.51493004150689" lon="15.022839959710836">
        <ele>152.03</ele>
      </trkpt>
      <trkpt lat="37.51488997600973" lon="15.023050010204315">
        <ele>151.36</ele>
      </trkpt>
      <trkpt lat="37.51477807760239" lon="15.023382101207972">
        <ele>150.76</ele>
      </trkpt>
      <trkpt lat="37.51466626301408" lon="15.02371427603066">
        <ele>150.2</ele>
      </trkpt>
      <trkpt lat="37.51455444842577" lon="15.024046450853348">
        <ele>149.59</ele>
      </trkpt>
      <trkpt lat="37.51444263383746" lon="15.024378541857004">
        <ele>149.04</ele>
      </trkpt>
      <trkpt lat="37.51433081924915" lon="15.024710716679692">
        <ele>148.56</ele>
      </trkpt>
      <trkpt lat="37.514220010489225" lon="15.02503995783627">
        <ele>148.14</ele>
      </trkpt>
      <trkpt lat="37.51410241238773" lon="15.025386298075318">
        <ele>147.81</ele>
      </trkpt>
      <trkpt lat="37.513984898105264" lon="15.025732554495335">
        <ele>147.48</ele>
      </trkpt>
      <trkpt lat="37.5138673838228" lon="15.026078894734383">
        <ele>147.2</ele>
      </trkpt>
      <trkpt lat="37.513749869540334" lon="15.026425151154399">
        <ele>146.98</ele>
      </trkpt>
      <trkpt lat="37.51363235525787" lon="15.026771491393447">
        <ele>146.76</ele>
      </trkpt>
      <trkpt lat="37.51351475715637" lon="15.027117747813463">
        <ele>146.61</ele>
      </trkpt>
      <trkpt lat="37.51339724287391" lon="15.027464088052511">
        <ele>146.54</ele>
      </trkpt>
      <trkpt lat="37.51327972859144" lon="15.027810344472528">
        <ele>146.49</ele>
      </trkpt>
      <trkpt lat="37.51316221430898" lon="15.028156684711576">
        <ele>146.48</ele>
      </trkpt>
      <trkpt lat="37.51304470002651" lon="15.028502941131592">
        <ele>146.47</ele>
      </trkpt>
      <trkpt lat="37.51292718574405" lon="15.028849197551608">
        <ele>146.53</ele>
      </trkpt>
      <trkpt lat="37.51280958764255" lon="15.029195537790656">
        <ele>146.51</ele>
      </trkpt>
      <trkpt lat="37.512692073360085" lon="15.029541794210672">
        <ele>146.48</ele>
      </trkpt>
      <trkpt lat="37.51257455907762" lon="15.02988813444972">
        <ele>146.49</ele>
      </trkpt>
      <trkpt lat="37.512457044795156" lon="15.030234390869737">
        <ele>146.58</ele>
      </trkpt>
      <trkpt lat="37.51233953051269" lon="15.030580647289753">
        <ele>146.72</ele>
      </trkpt>
      <trkpt lat="37.512222016230226" lon="15.030926987528801">
        <ele>146.89</ele>
      </trkpt>
      <trkpt lat="37.51210441812873" lon="15.031273243948817">
        <ele>147.0</ele>
      </trkpt>
      <trkpt lat="37.51199000515044" lon="15.03161002881825">
        <ele>147.08</ele>
      </trkpt>
      <trkpt lat="37.51186980865896" lon="15.031950417906046">
        <ele>147.11</ele>
      </trkpt>
      <trkpt lat="37.511750031262636" lon="15.032289884984493">
        <ele>147.19</ele>
      </trkpt>
      <trkpt lat="37.51169487833977" lon="15.032530361786485">
        <ele>147.3</ele>
      </trkpt>
      <trkpt lat="37.51163989305496" lon="15.032770000398159">
        <ele>147.43</ele>
      </trkpt>
      <trkpt lat="37.51156982034445" lon="15.033120615407825">
        <ele>147.57</ele>
      </trkpt>
      <trkpt lat="37.51149999909103" lon="15.033469889312983">
        <ele>147.6</ele>
      </trkpt>
      <trkpt lat="37.51146487891674" lon="15.033805668354034">
        <ele>147.54</ele>
      </trkpt>
      <trkpt lat="37.51143001019955" lon="15.034140022471547">
        <ele>147.54</ele>
      </trkpt>
      <trkpt lat="37.51140000298619" lon="15.03440991975367">
        <ele>147.57</ele>
      </trkpt>
      <trkpt lat="37.51133990474045" lon="15.034719966351986">
        <ele>147.64</ele>
      </trkpt>
      <trkpt lat="37.511300006881356" lon="15.034830020740628">
        <ele>147.62</ele>
      </trkpt>
      <trkpt lat="37.51121995970607" lon="15.034979972988367">
        <ele>147.57</ele>
      </trkpt>
      <trkpt lat="37.51111191697419" lon="15.03515456803143">
        <ele>147.44</ele>
      </trkpt>
      <trkpt lat="37.51100404188037" lon="15.03532899543643">
        <ele>147.3</ele>
      </trkpt>
      <trkpt lat="37.51073976047337" lon="15.035444246605039">
        <ele>147.11</ele>
      </trkpt>
      <trkpt lat="37.51047774218023" lon="15.03559872508049">
        <ele>146.97</ele>
      </trkpt>
      <trkpt lat="37.51032183878124" lon="15.035752700641751">
        <ele>146.81</ele>
      </trkpt>
      <trkpt lat="37.510207928717136" lon="15.03582545556128">
        <ele>146.61</ele>
      </trkpt>
      <trkpt lat="37.5103098526597" lon="15.036059562116861">
        <ele>146.38</ele>
      </trkpt>
      <trkpt lat="37.510411608964205" lon="15.036293249577284">
        <ele>146.06</ele>
      </trkpt>
      <trkpt lat="37.51054052263498" lon="15.0365686789155">
        <ele>145.66</ele>
      </trkpt>
      <trkpt lat="37.5106692686677" lon="15.036843605339527">
        <ele>145.32</ele>
      </trkpt>
      <trkpt lat="37.510759038850665" lon="15.037045357748866">
        <ele>144.91</ele>
      </trkpt>
      <trkpt lat="37.51084864139557" lon="15.037246774882078">
        <ele>144.46</ele>
      </trkpt>
      <trkpt lat="37.511128010228276" lon="15.037393290549517">
        <ele>143.9</ele>
      </trkpt>
      <trkpt lat="37.51135013066232" lon="15.037405528128147">
        <ele>143.34</ele>
      </trkpt>
      <trkpt lat="37.511572167277336" lon="15.037417681887746">
        <ele>142.74</ele>
      </trkpt>
      <trkpt lat="37.51179562881589" lon="15.037430003285408">
        <ele>142.14</ele>
      </trkpt>
      <trkpt lat="37.51179177314043" lon="15.037727979943156">
        <ele>141.53</ele>
      </trkpt>
      <trkpt lat="37.51178783364594" lon="15.038025872781873">
        <ele>141.01</ele>
      </trkpt>
      <trkpt lat="37.51178397797048" lon="15.038321921601892">
        <ele>140.47</ele>
      </trkpt>
      <trkpt lat="37.511789593845606" lon="15.038671363145113">
        <ele>139.85</ele>
      </trkpt>
      <trkpt lat="37.51179529353976" lon="15.039020720869303">
        <ele>139.19</ele>
      </trkpt>
      <trkpt lat="37.51180099323392" lon="15.0393679831177">
        <ele>138.56</ele>
      </trkpt>
      <trkpt lat="37.51179940067232" lon="15.039756735786796">
        <ele>137.89</ele>
      </trkpt>
      <trkpt lat="37.51179797574878" lon="15.04014397971332">
        <ele>137.17</ele>
      </trkpt>
      <trkpt lat="37.51178196631372" lon="15.040447572246194">
        <ele>136.49</ele>
      </trkpt>
      <trkpt lat="37.51176595687866" lon="15.040749907493591">
        <ele>135.87</ele>
      </trkpt>
      <trkpt lat="37.511671828106046" lon="15.04100781865418">
        <ele>135.3</ele>
      </trkpt>
      <trkpt lat="37.511578034609556" lon="15.04126489162445">
        <ele>134.76</ele>
      </trkpt>
      <trkpt lat="37.51143537461758" lon="15.041498076170683">
        <ele>134.27</ele>
      </trkpt>
      <trkpt lat="37.51129296608269" lon="15.04173100925982">
        <ele>133.82</ele>
      </trkpt>
      <trkpt lat="37.51126002520323" lon="15.041809966787696">
        <ele>133.37</ele>
      </trkpt>
      <trkpt lat="37.511149970814586" lon="15.041980035603046">
        <ele>132.97</ele>
      </trkpt>
      <trkpt lat="37.511019967496395" lon="15.04218002781272">
        <ele>132.57</ele>
      </trkpt>
      <trkpt lat="37.51089985482395" lon="15.042365016415715">
        <ele>132.16</ele>
      </trkpt>
      <trkpt lat="37.51077990978956" lon="15.04254992119968">
        <ele>131.76</ele>
      </trkpt>
      <trkpt lat="37.51073003746569" lon="15.042619910091162">
        <ele>131.41</ele>
      </trkpt>
      <trkpt lat="37.5106898881495" lon="15.04267992451787">
        <ele>131.09</ele>
      </trkpt>
      <trkpt lat="37.51051981933415" lon="15.042940098792315">
        <ele>130.71</ele>
      </trkpt>
      <trkpt lat="37.51034991815686" lon="15.043199937790632">
        <ele>130.39</ele>
      </trkpt>
      <trkpt lat="37.51034002751112" lon="15.043209996074438">
        <ele>130.16</ele>
      </trkpt>
      <trkpt lat="37.51025998033583" lon="15.043339999392629">
        <ele>129.97</ele>
      </trkpt>
      <trkpt lat="37.51012000255287" lon="15.04353990778327">
        <ele>129.82</ele>
      </trkpt>
      <trkpt lat="37.51002000644803" lon="15.043679969385266">
        <ele>129.69</ele>
      </trkpt>
      <trkpt lat="37.50995001755655" lon="15.043799914419651">
        <ele>129.56</ele>
      </trkpt>
      <trkpt lat="37.50989000312984" lon="15.043890019878745">
        <ele>129.44</ele>
      </trkpt>
      <trkpt lat="37.50975999981165" lon="15.044090012088418">
        <ele>129.36</ele>
      </trkpt>
      <trkpt lat="37.50965991988778" lon="15.044249938800931">
        <ele>129.28</ele>
      </trkpt>
      <trkpt lat="37.50961993820965" lon="15.044339876621962">
        <ele>129.2</ele>
      </trkpt>
      <trkpt lat="37.50959990546107" lon="15.044379942119122">
        <ele>129.15</ele>
      </trkpt>
      <trkpt lat="37.50959001481533" lon="15.044410033151507">
        <ele>129.11</ele>
      </trkpt>
      <trkpt lat="37.509539974853396" lon="15.044580018147826">
        <ele>129.06</ele>
      </trkpt>
      <trkpt lat="37.50947987660766" lon="15.0447903200984">
        <ele>129.01</ele>
      </trkpt>
      <trkpt lat="37.50942002981901" lon="15.04499995149672">
        <ele>128.99</ele>
      </trkpt>
      <trkpt lat="37.50939002260566" lon="15.045109922066331">
        <ele>128.97</ele>
      </trkpt>
      <trkpt lat="37.50929002650082" lon="15.045460034161806">
        <ele>128.98</ele>
      </trkpt>
      <trkpt lat="37.50926999375224" lon="15.04553991369903">
        <ele>128.95</ele>
      </trkpt>
      <trkpt lat="37.50920000486076" lon="15.04579002968967">
        <ele>128.91</ele>
      </trkpt>
      <trkpt lat="37.50917997211218" lon="15.04583990201354">
        <ele>128.86</ele>
      </trkpt>
      <trkpt lat="37.50914988107979" lon="15.04596990533173">
        <ele>128.8</ele>
      </trkpt>
      <trkpt lat="37.5091099832207" lon="15.046090018004179">
        <ele>128.72</ele>
      </trkpt>
      <trkpt lat="37.50909003429115" lon="15.046119941398501">
        <ele>128.63</ele>
      </trkpt>
      <trkpt lat="37.50907000154257" lon="15.04615992307663">
        <ele>128.53</ele>
      </trkpt>
      <trkpt lat="37.50903991051018" lon="15.046190014109015">
        <ele>128.42</ele>
      </trkpt>
      <trkpt lat="37.509000012651086" lon="15.046229911968112">
        <ele>128.29</ele>
      </trkpt>
      <trkpt lat="37.50890001654625" lon="15.04626989364624">
        <ele>128.13</ele>
      </trkpt>
      <trkpt lat="37.50881996937096" lon="15.04628992639482">
        <ele>127.95</ele>
      </trkpt>
      <trkpt lat="37.50873992219567" lon="15.0463099591434">
        <ele>127.76</ele>
      </trkpt>
      <trkpt lat="37.508570021018386" lon="15.04635002464056">
        <ele>127.51</ele>
      </trkpt>
      <trkpt lat="37.50842995941639" lon="15.046369973570108">
        <ele>127.26</ele>
      </trkpt>
      <trkpt lat="37.50830003991723" lon="15.04639989696443">
        <ele>127.02</ele>
      </trkpt>
      <trkpt lat="37.5080599822104" lon="15.046450020745397">
        <ele>126.74</ele>
      </trkpt>
      <trkpt lat="37.50794003717601" lon="15.04648002795875">
        <ele>126.49</ele>
      </trkpt>
      <trkpt lat="37.507669972255826" lon="15.046580024063587">
        <ele>126.26</ele>
      </trkpt>
      <trkpt lat="37.507539968937635" lon="15.04662998020649">
        <ele>126.04</ele>
      </trkpt>
      <trkpt lat="37.50730988569558" lon="15.046710027381778">
        <ele>125.8</ele>
      </trkpt>
      <trkpt lat="37.50720997340977" lon="15.0467399507761">
        <ele>125.53</ele>
      </trkpt>
      <trkpt lat="37.50716001726687" lon="15.046750009059906">
        <ele>125.25</ele>
      </trkpt>
      <trkpt lat="37.50712003558874" lon="15.046770041808486">
        <ele>124.97</ele>
      </trkpt>
      <trkpt lat="37.50710000284016" lon="15.04678001627326">
        <ele>124.69</ele>
      </trkpt>
      <trkpt lat="37.50707997009158" lon="15.046789906919003">
        <ele>124.4</ele>
      </trkpt>
      <trkpt lat="37.50703001394868" lon="15.04684992134571">
        <ele>124.08</ele>
      </trkpt>
      <trkpt lat="37.5070099812001" lon="15.046859979629517">
        <ele>123.76</ele>
      </trkpt>
      <trkpt lat="37.50696999952197" lon="15.04684992134571">
        <ele>123.43</ele>
      </trkpt>
      <trkpt lat="37.50691995956004" lon="15.04684992134571">
        <ele>123.07</ele>
      </trkpt>
      <trkpt lat="37.506809988990426" lon="15.046880012378097">
        <ele>122.67</ele>
      </trkpt>
      <trkpt lat="37.50661997124553" lon="15.046959891915321">
        <ele>122.25</ele>
      </trkpt>
      <trkpt lat="37.50651997514069" lon="15.046989982947707">
        <ele>121.85</ele>
      </trkpt>
      <trkpt lat="37.506270026788116" lon="15.04708000458777">
        <ele>121.41</ele>
      </trkpt>
      <trkpt lat="37.50608998350799" lon="15.04714990966022">
        <ele>120.96</ele>
      </trkpt>
      <trkpt lat="37.50598990358412" lon="15.047200033441186">
        <ele>120.45</ele>
      </trkpt>
      <trkpt lat="37.505929972976446" lon="15.047239931300282">
        <ele>119.92</ele>
      </trkpt>
      <trkpt lat="37.50591999851167" lon="15.04725988022983">
        <ele>119.38</ele>
      </trkpt>
      <trkpt lat="37.50586995854974" lon="15.047310004010797">
        <ele>118.79</ele>
      </trkpt>
      <trkpt lat="37.50578999519348" lon="15.047389883548021">
        <ele>118.17</ele>
      </trkpt>
      <trkpt lat="37.50561003573239" lon="15.04757990129292">
        <ele>117.54</ele>
      </trkpt>
      <trkpt lat="37.505520014092326" lon="15.047689955681562">
        <ele>116.86</ele>
      </trkpt>
      <trkpt lat="37.50529998913407" lon="15.047859940677881">
        <ele>116.01</ele>
      </trkpt>
      <trkpt lat="37.50523000024259" lon="15.04791995510459">
        <ele>115.17</ele>
      </trkpt>
      <trkpt lat="37.50519001856446" lon="15.04796002060175">
        <ele>114.29</ele>
      </trkpt>
      <trkpt lat="37.50513997860253" lon="15.048039983958006">
        <ele>113.36</ele>
      </trkpt>
      <trkpt lat="37.50507996417582" lon="15.04815992899239">
        <ele>112.4</ele>
      </trkpt>
      <trkpt lat="37.504939986392856" lon="15.048469975590706">
        <ele>111.33</ele>
      </trkpt>
      <trkpt lat="37.50484485179186" lon="15.048675164580345">
        <ele>110.23</ele>
      </trkpt>
      <trkpt lat="37.50474996864796" lon="15.048880018293858">
        <ele>109.08</ele>
      </trkpt>
      <trkpt lat="37.504619965329766" lon="15.04918989725411">
        <ele>107.94</ele>
      </trkpt>
      <trkpt lat="37.50449985265732" lon="15.049450239166617">
        <ele>106.78</ele>
      </trkpt>
      <trkpt lat="37.504379991441965" lon="15.049709910526872">
        <ele>105.58</ele>
      </trkpt>
      <trkpt lat="37.50434000976384" lon="15.049800015985966">
        <ele>104.37</ele>
      </trkpt>
      <trkpt lat="37.50424990430474" lon="15.049969917163253">
        <ele>103.05</ele>
      </trkpt>
      <trkpt lat="37.504230039194226" lon="15.050009898841381">
        <ele>101.8</ele>
      </trkpt>
      <trkpt lat="37.504109842702746" lon="15.050240149721503">
        <ele>100.41</ele>
      </trkpt>
      <trkpt lat="37.50398998148739" lon="15.050469981506467">
        <ele>99.07</ele>
      </trkpt>
      <trkpt lat="37.50388998538256" lon="15.050659999251366">
        <ele>97.83</ele>
      </trkpt>
      <trkpt lat="37.50385000370443" lon="15.050729988142848">
        <ele>96.58</ele>
      </trkpt>
      <trkpt lat="37.5037148874253" lon="15.05098513327539">
        <ele>95.25</ele>
      </trkpt>
      <trkpt lat="37.50358002260327" lon="15.051240026950836">
        <ele>93.89</ele>
      </trkpt>
      <trkpt lat="37.50348002649844" lon="15.051429877057672">
        <ele>92.58</ele>
      </trkpt>
      <trkpt lat="37.5033800303936" lon="15.05163992755115">
        <ele>91.29</ele>
      </trkpt>
      <trkpt lat="37.5032848957926" lon="15.05182508379221">
        <ele>90.03</ele>
      </trkpt>
      <trkpt lat="37.50318992882967" lon="15.052009904757142">
        <ele>88.76</ele>
      </trkpt>
      <trkpt lat="37.50312999822199" lon="15.05213001742959">
        <ele>87.51</ele>
      </trkpt>
      <trkpt lat="37.503090016543865" lon="15.05219992250204">
        <ele>86.29</ele>
      </trkpt>
      <trkpt lat="37.50306000933051" lon="15.052269911393523">
        <ele>85.08</ele>
      </trkpt>
      <trkpt lat="37.50292983837426" lon="15.052520111203194">
        <ele>83.83</ele>
      </trkpt>
      <trkpt lat="37.50280000269413" lon="15.052769975736737">
        <ele>82.58</ele>
      </trkpt>
      <trkpt lat="37.502769995480776" lon="15.05281993187964">
        <ele>81.42</ele>
      </trkpt>
      <trkpt lat="37.50267997384071" lon="15.05299000069499">
        <ele>80.27</ele>
      </trkpt>
      <trkpt lat="37.50263001769781" lon="15.053089996799827">
        <ele>79.15</ele>
      </trkpt>
      <trkpt lat="37.502490039914846" lon="15.053350003436208">
        <ele>78.0</ele>
      </trkpt>
      <trkpt lat="37.50240999273956" lon="15.053519988432527">
        <ele>76.89</ele>
      </trkpt>
      <trkpt lat="37.50238995999098" lon="15.05354999564588">
        <ele>75.82</ele>
      </trkpt>
      <trkpt lat="37.502299854531884" lon="15.053725093603134">
        <ele>74.73</ele>
      </trkpt>
      <trkpt lat="37.502210000529885" lon="15.053899940103292">
        <ele>73.61</ele>
      </trkpt>
      <trkpt lat="37.50211000442505" lon="15.05412993952632">
        <ele>72.46</ele>
      </trkpt>
      <trkpt lat="37.50203004106879" lon="15.054290033876896">
        <ele>71.37</ele>
      </trkpt>
      <trkpt lat="37.50186977908015" lon="15.05459999665618">
        <ele>70.37</ele>
      </trkpt>
      <trkpt lat="37.50175980851054" lon="15.054820105433464">
        <ele>69.44</ele>
      </trkpt>
      <trkpt lat="37.50164992175996" lon="15.055039878934622">
        <ele>68.46</ele>
      </trkpt>
      <trkpt lat="37.50161999836564" lon="15.055090002715588">
        <ele>67.52</ele>
      </trkpt>
      <trkpt lat="37.50144984573126" lon="15.055420249700546">
        <ele>66.43</ele>
      </trkpt>
      <trkpt lat="37.501280028373" lon="15.055749909952283">
        <ele>65.41</ele>
      </trkpt>
      <trkpt lat="37.5011748354882" lon="15.055955182760954">
        <ele>64.53</ele>
      </trkpt>
      <trkpt lat="37.50106989406049" lon="15.056160036474466">
        <ele>63.67</ele>
      </trkpt>
      <trkpt lat="37.50101993791759" lon="15.056259948760271">
        <ele>62.84</ele>
      </trkpt>
      <trkpt lat="37.50088473781943" lon="15.05652523599565">
        <ele>62.05</ele>
      </trkpt>
      <trkpt lat="37.5007498729974" lon="15.05679002031684">
        <ele>61.2</ele>
      </trkpt>
      <trkpt lat="37.50067996792495" lon="15.05692002363503">
        <ele>60.44</ele>
      </trkpt>
      <trkpt lat="37.50063990242779" lon="15.05700996145606">
        <ele>59.68</ele>
      </trkpt>
      <trkpt lat="37.50052004121244" lon="15.057239960879087">
        <ele>58.92</ele>
      </trkpt>
      <trkpt lat="37.500449968501925" lon="15.057369964197278">
        <ele>58.21</ele>
      </trkpt>
      <trkpt lat="37.50040001235902" lon="15.05745998583734">
        <ele>57.51</ele>
      </trkpt>
      <trkpt lat="37.50024997629225" lon="15.05775997415185">
        <ele>56.88</ele>
      </trkpt>
      <trkpt lat="37.50014486722648" lon="15.057955104857683">
        <ele>56.24</ele>
      </trkpt>
      <trkpt lat="37.500040009617805" lon="15.05814990028739">
        <ele>55.58</ele>
      </trkpt>
      <trkpt lat="37.49995996244252" lon="15.05829993635416">
        <ele>54.89</ele>
      </trkpt>
      <trkpt lat="37.49994001351297" lon="15.05834000185132">
        <ele>54.22</ele>
      </trkpt>
      <trkpt lat="37.49987002462149" lon="15.05849003791809">
        <ele>53.53</ele>
      </trkpt>
      <trkpt lat="37.49974999576807" lon="15.05872992798686">
        <ele>52.8</ele>
      </trkpt>
      <trkpt lat="37.49968000687659" lon="15.05885993130505">
        <ele>52.17</ele>
      </trkpt>
      <trkpt lat="37.499589901417494" lon="15.059035113081336">
        <ele>51.56</ele>
      </trkpt>
      <trkpt lat="37.49949996359646" lon="15.059209875762463">
        <ele>50.96</ele>
      </trkpt>
      <trkpt lat="37.49948998913169" lon="15.059229908511043">
        <ele>50.35</ele>
      </trkpt>
      <trkpt lat="37.49934992752969" lon="15.059489998966455">
        <ele>49.71</ele>
      </trkpt>
      <trkpt lat="37.499180026352406" lon="15.059819994494319">
        <ele>48.95</ele>
      </trkpt>
      <trkpt lat="37.49909997917712" lon="15.05997003056109">
        <ele>48.35</ele>
      </trkpt>
      <trkpt lat="37.498966539278626" lon="15.060223499312997">
        <ele>47.74</ele>
      </trkpt>
      <trkpt lat="37.498833099380136" lon="15.060477051883936">
        <ele>47.17</ele>
      </trkpt>
      <trkpt lat="37.49869999475777" lon="15.060729933902621">
        <ele>46.63</ele>
      </trkpt>
      <trkpt lat="37.498549958691" lon="15.06100988946855">
        <ele>46.09</ele>
      </trkpt>
      <trkpt lat="37.49843982048333" lon="15.061245169490576">
        <ele>45.55</ele>
      </trkpt>
      <trkpt lat="37.49833001755178" lon="15.06147994659841">
        <ele>45.07</ele>
      </trkpt>
      <trkpt lat="37.498300010338426" lon="15.061539961025119">
        <ele>44.62</ele>
      </trkpt>
      <trkpt lat="37.498159781098366" lon="15.06181019358337">
        <ele>44.14</ele>
      </trkpt>
      <trkpt lat="37.49801988713443" lon="15.06207992322743">
        <ele>43.69</ele>
      </trkpt>
      <trkpt lat="37.49800999648869" lon="15.06209995597601">
        <ele>43.33</ele>
      </trkpt>
      <trkpt lat="37.49794000759721" lon="15.0622299592942">
        <ele>42.98</ele>
      </trkpt>
      <trkpt lat="37.49779986217618" lon="15.062495162710547">
        <ele>42.69</ele>
      </trkpt>
      <trkpt lat="37.49765996821225" lon="15.062760030850768">
        <ele>42.45</ele>
      </trkpt>
      <trkpt lat="37.49763993546367" lon="15.062800012528896">
        <ele>42.21</ele>
      </trkpt>
      <trkpt lat="37.49762996099889" lon="15.062839910387993">
        <ele>41.99</ele>
      </trkpt>
      <trkpt lat="37.49760992825031" lon="15.062890034168959">
        <ele>41.81</ele>
      </trkpt>
      <trkpt lat="37.49760003760457" lon="15.06293990649283">
        <ele>41.64</ele>
      </trkpt>
      <trkpt lat="37.49760003760457" lon="15.062969997525215">
        <ele>41.5</ele>
      </trkpt>
      <trkpt lat="37.49758989550173" lon="15.06302003748715">
        <ele>41.38</ele>
      </trkpt>
      <trkpt lat="37.49758989550173" lon="15.063079968094826">
        <ele>41.28</ele>
      </trkpt>
      <trkpt lat="37.49760003760457" lon="15.06313000805676">
        <ele>41.2</ele>
      </trkpt>
      <trkpt lat="37.49767002649605" lon="15.06349990144372">
        <ele>41.16</ele>
      </trkpt>
      <trkpt lat="37.497715037316084" lon="15.063735349103808">
        <ele>41.18</ele>
      </trkpt>
      <trkpt lat="37.49775996431708" lon="15.06396995857358">
        <ele>41.19</ele>
      </trkpt>
      <trkpt lat="37.4978300370276" lon="15.06431001238525">
        <ele>41.19</ele>
      </trkpt>
      <trkpt lat="37.4978799931705" lon="15.064579909667373">
        <ele>41.2</ele>
      </trkpt>
      <trkpt lat="37.49794998206198" lon="15.06493991240859">
        <ele>41.2</ele>
      </trkpt>
      <trkpt lat="37.498000022023916" lon="15.065230010077357">
        <ele>41.2</ele>
      </trkpt>
      <trkpt lat="37.498060036450624" lon="15.06555556319654">
        <ele>41.19</ele>
      </trkpt>
      <trkpt lat="37.4981199670583" lon="15.06588002666831">
        <ele>41.24</ele>
      </trkpt>
      <trkpt lat="37.49813002534211" lon="15.06592989899218">
        <ele>41.3</ele>
      </trkpt>
      <trkpt lat="37.498190039768815" lon="15.06623382680118">
        <ele>41.4</ele>
      </trkpt>
      <trkpt lat="37.498250138014555" lon="15.06653775461018">
        <ele>41.48</ele>
      </trkpt>
      <trkpt lat="37.49830990098417" lon="15.066840006038547">
        <ele>41.55</ele>
      </trkpt>
      <trkpt lat="37.49837502837181" lon="15.06716555915773">
        <ele>41.61</ele>
      </trkpt>
      <trkpt lat="37.49843998812139" lon="15.0674900226295">
        <ele>41.65</ele>
      </trkpt>
      <trkpt lat="37.4985000025481" lon="15.067829992622137">
        <ele>41.66</ele>
      </trkpt>
      <trkpt lat="37.49855004251003" lon="15.068080360069871">
        <ele>41.66</ele>
      </trkpt>
      <trkpt lat="37.498599998652935" lon="15.06832997314632">
        <ele>41.63</ele>
      </trkpt>
      <trkpt lat="37.49850997701287" lon="15.06837003864348">
        <ele>41.6</ele>
      </trkpt>
      <trkpt lat="37.4983202945441" lon="15.068429885432124">
        <ele>41.56</ele>
      </trkpt>
      <trkpt lat="37.49813002534211" lon="15.068489899858832">
        <ele>41.5</ele>
      </trkpt>
      <trkpt lat="37.498149974271655" lon="15.0685899797827">
        <ele>41.46</ele>
      </trkpt>
      <trkpt lat="37.49821996316314" lon="15.06893003359437">
        <ele>41.43</ele>
      </trkpt>
      <trkpt lat="37.49827000312507" lon="15.06923002190888">
        <ele>41.39</ele>
      </trkpt>
      <trkpt lat="37.49833001755178" lon="15.069530010223389">
        <ele>41.26</ele>
      </trkpt>
      <trkpt lat="37.49837997369468" lon="15.06976998411119">
        <ele>41.01</ele>
      </trkpt>
      <trkpt lat="37.49843998812139" lon="15.07004993967712">
        <ele>40.75</ele>
      </trkpt>
      <trkpt lat="37.49850503169" lon="15.070375576615334">
        <ele>40.59</ele>
      </trkpt>
      <trkpt lat="37.49856999143958" lon="15.070699956268072">
        <ele>40.48</ele>
      </trkpt>
      <trkpt lat="37.49859002418816" lon="15.070840017870069">
        <ele>40.33</ele>
      </trkpt>
      <trkpt lat="37.49866680242121" lon="15.07119725458324">
        <ele>40.17</ele>
      </trkpt>
      <trkpt lat="37.49874358065426" lon="15.071554575115442">
        <ele>39.93</ele>
      </trkpt>
      <trkpt lat="37.49882002361119" lon="15.071909967809916">
        <ele>39.61</ele>
      </trkpt>
      <trkpt lat="37.498860005289316" lon="15.07200988009572">
        <ele>39.37</ele>
      </trkpt>
      <trkpt lat="37.49895002692938" lon="15.07222001440823">
        <ele>39.14</ele>
      </trkpt>
      <trkpt lat="37.49902001582086" lon="15.072299977764487">
        <ele>38.96</ele>
      </trkpt>
      <trkpt lat="37.4991200119257" lon="15.072399890050292">
        <ele>38.8</ele>
      </trkpt>
      <trkpt lat="37.49911003746092" lon="15.072429981082678">
        <ele>38.64</ele>
      </trkpt>
      <trkpt lat="37.49909000471234" lon="15.072469962760806">
        <ele>38.49</ele>
      </trkpt>
      <trkpt lat="37.49908003024757" lon="15.07249996997416">
        <ele>38.36</ele>
      </trkpt>
      <trkpt lat="37.49908003024757" lon="15.072529893368483">
        <ele>38.24</ele>
      </trkpt>
      <trkpt lat="37.49908003024757" lon="15.072559984400868">
        <ele>38.14</ele>
      </trkpt>
      <trkpt lat="37.49908003024757" lon="15.07258990779519">
        <ele>38.06</ele>
      </trkpt>
      <trkpt lat="37.49909000471234" lon="15.072659896686673">
        <ele>38.0</ele>
      </trkpt>
      <trkpt lat="37.49912998639047" lon="15.072679929435253">
        <ele>37.97</ele>
      </trkpt>
      <trkpt lat="37.49919000081718" lon="15.072689987719059">
        <ele>37.96</ele>
      </trkpt>
      <trkpt lat="37.49925998970866" lon="15.072699878364801">
        <ele>37.97</ele>
      </trkpt>
      <trkpt lat="37.49945000745356" lon="15.072719911113381">
        <ele>38.03</ele>
      </trkpt>
      <trkpt lat="37.49951002188027" lon="15.072679929435253">
        <ele>38.07</ele>
      </trkpt>
      <trkpt lat="37.49955997802317" lon="15.072640031576157">
        <ele>38.14</ele>
      </trkpt>
      <trkpt lat="37.49962988309562" lon="15.072580017149448">
        <ele>38.22</ele>
      </trkpt>
      <trkpt lat="37.499719988554716" lon="15.07247993722558">
        <ele>38.31</ele>
      </trkpt>
      <trkpt lat="37.49975988641381" lon="15.072439955547452">
        <ele>38.45</ele>
      </trkpt>
      <trkpt lat="37.49972996301949" lon="15.07236996665597">
        <ele>38.6</ele>
      </trkpt>
      <trkpt lat="37.49968998134136" lon="15.072320010513067">
        <ele>38.8</ele>
      </trkpt>
      <trkpt lat="37.49965997412801" lon="15.072280028834939">
        <ele>39.03</ele>
      </trkpt>
      <trkpt lat="37.49964002519846" lon="15.072269886732101">
        <ele>39.29</ele>
      </trkpt>
      <trkpt lat="37.4995999597013" lon="15.072239963337779">
        <ele>39.58</ele>
      </trkpt>
      <trkpt lat="37.49971001408994" lon="15.07189990952611">
        <ele>39.88</ele>
      </trkpt>
      <trkpt lat="37.49975988641381" lon="15.071649877354503">
        <ele>40.29</ele>
      </trkpt>
      <trkpt lat="37.49977002851665" lon="15.071559939533472">
        <ele>40.65</ele>
      </trkpt>
      <trkpt lat="37.49977991916239" lon="15.071429936215281">
        <ele>41.03</ele>
      </trkpt>
      <trkpt lat="37.49977991916239" lon="15.071369921788573">
        <ele>41.4</ele>
      </trkpt>
      <trkpt lat="37.4997899774462" lon="15.071289958432317">
        <ele>41.76</ele>
      </trkpt>
      <trkpt lat="37.4997899774462" lon="15.07114989683032">
        <ele>42.11</ele>
      </trkpt>
      <trkpt lat="37.49975485727191" lon="15.070839347317815">
        <ele>42.47</ele>
      </trkpt>
      <trkpt lat="37.499719988554716" lon="15.070529887452722">
        <ele>42.86</ele>
      </trkpt>
      <trkpt lat="37.49995275400579" lon="15.070493342354894">
        <ele>43.21</ele>
      </trkpt>
      <trkpt lat="37.500185603275895" lon="15.070456797257066">
        <ele>43.55</ele>
      </trkpt>
      <trkpt lat="37.50041996128857" lon="15.070419916883111">
        <ele>43.87</ele>
      </trkpt>
      <trkpt lat="37.500669406726956" lon="15.070380019024014">
        <ele>44.17</ele>
      </trkpt>
      <trkpt lat="37.500920025631785" lon="15.070340037345886">
        <ele>44.45</ele>
      </trkpt>
      <trkpt lat="37.50092991627753" lon="15.070470040664077">
        <ele>44.64</ele>
      </trkpt>
      <trkpt lat="37.5009398907423" lon="15.07051999680698">
        <ele>44.81</ele>
      </trkpt>
      <trkpt lat="37.50096998177469" lon="15.070529887452722">
        <ele>44.96</ele>
      </trkpt>
      <trkpt lat="37.50099001452327" lon="15.07080003619194">
        <ele>45.1</ele>
      </trkpt>
      <trkpt lat="37.50101993791759" lon="15.071140006184578">
        <ele>45.17</ele>
      </trkpt>
      <trkpt lat="37.50105497427285" lon="15.071445610374212">
        <ele>45.06</ele>
      </trkpt>
      <trkpt lat="37.50108992680907" lon="15.07174995727837">
        <ele>44.97</ele>
      </trkpt>
      <trkpt lat="37.50109998509288" lon="15.071869986131787">
        <ele>45.06</ele>
      </trkpt>
      <trkpt lat="37.50109998509288" lon="15.07187987677753">
        <ele>45.17</ele>
      </trkpt>
      <trkpt lat="37.50110995955765" lon="15.071989931166172">
        <ele>45.28</ele>
      </trkpt>
      <trkpt lat="37.50112001784146" lon="15.072150025516748">
        <ele>45.38</ele>
      </trkpt>
      <trkpt lat="37.50112999230623" lon="15.072269886732101">
        <ele>45.44</ele>
      </trkpt>
      <trkpt lat="37.50117005780339" lon="15.072585549205542">
        <ele>45.49</ele>
      </trkpt>
      <trkpt lat="37.50121003948152" lon="15.072900038212538">
        <ele>45.5</ele>
      </trkpt>
      <trkpt lat="37.50123501755297" lon="15.07316549308598">
        <ele>45.54</ele>
      </trkpt>
      <trkpt lat="37.50125999562442" lon="15.073429942131042">
        <ele>45.52</ele>
      </trkpt>
      <trkpt lat="37.50129997730255" lon="15.07376991212368">
        <ele>45.42</ele>
      </trkpt>
      <trkpt lat="37.50133995898068" lon="15.074159922078252">
        <ele>45.28</ele>
      </trkpt>
      <trkpt lat="37.501369966194034" lon="15.07439042441547">
        <ele>45.18</ele>
      </trkpt>
      <trkpt lat="37.501399889588356" lon="15.074620004743338">
        <ele>45.08</ele>
      </trkpt>
      <trkpt lat="37.50142495147884" lon="15.07482536137104">
        <ele>44.95</ele>
      </trkpt>
      <trkpt lat="37.50145001336932" lon="15.075029963627458">
        <ele>44.73</ele>
      </trkpt>
      <trkpt lat="37.50148991122842" lon="15.075349984690547">
        <ele>44.44</ele>
      </trkpt>
      <trkpt lat="37.50151002779603" lon="15.075579900294542">
        <ele>44.05</ele>
      </trkpt>
      <trkpt lat="37.50155000947416" lon="15.075945686548948">
        <ele>43.63</ele>
      </trkpt>
      <trkpt lat="37.50158999115229" lon="15.076309880241752">
        <ele>43.18</ele>
      </trkpt>
      <trkpt lat="37.501625027507544" lon="15.076555386185646">
        <ele>42.68</ele>
      </trkpt>
      <trkpt lat="37.50165998004377" lon="15.07679988630116">
        <ele>42.16</ele>
      </trkpt>
      <trkpt lat="37.501695016399026" lon="15.077130552381277">
        <ele>41.67</ele>
      </trkpt>
      <trkpt lat="37.50172996893525" lon="15.077459961175919">
        <ele>41.22</ele>
      </trkpt>
      <trkpt lat="37.50174002721906" lon="15.077619887888432">
        <ele>40.71</ele>
      </trkpt>
      <trkpt lat="37.50175000168383" lon="15.07774000056088">
        <ele>40.19</ele>
      </trkpt>
      <trkpt lat="37.50177003443241" lon="15.077919876202941">
        <ele>39.61</ele>
      </trkpt>
      <trkpt lat="37.50177984125912" lon="15.077990032732487">
        <ele>39.06</ele>
      </trkpt>
      <trkpt lat="37.50181001611054" lon="15.07827552035451">
        <ele>38.46</ele>
      </trkpt>
      <trkpt lat="37.50184002332389" lon="15.07855991832912">
        <ele>37.85</ele>
      </trkpt>
      <trkpt lat="37.50187505967915" lon="15.078920675441623">
        <ele>37.2</ele>
      </trkpt>
      <trkpt lat="37.501910012215376" lon="15.079280007630587">
        <ele>36.58</ele>
      </trkpt>
      <trkpt lat="37.50193499028683" lon="15.079530458897352">
        <ele>35.99</ele>
      </trkpt>
      <trkpt lat="37.50195988453925" lon="15.079779988154769">
        <ele>35.37</ele>
      </trkpt>
      <trkpt lat="37.50199659727514" lon="15.080093890428543">
        <ele>34.75</ele>
      </trkpt>
      <trkpt lat="37.50203339383006" lon="15.080407876521349">
        <ele>34.04</ele>
      </trkpt>
      <trkpt lat="37.50207002274692" lon="15.080720018595457">
        <ele>33.23</ele>
      </trkpt>
      <trkpt lat="37.50207002274692" lon="15.080799898132682">
        <ele>32.43</ele>
      </trkpt>
      <trkpt lat="37.50209994614124" lon="15.080999974161386">
        <ele>31.57</ele>
      </trkpt>
      <trkpt lat="37.5021400116384" lon="15.08137003518641">
        <ele>30.74</ele>
      </trkpt>
      <trkpt lat="37.50217504799366" lon="15.081675555557013">
        <ele>29.92</ele>
      </trkpt>
      <trkpt lat="37.502210000529885" lon="15.081979902461171">
        <ele>29.01</ele>
      </trkpt>
      <trkpt lat="37.50224000774324" lon="15.082265557721257">
        <ele>28.05</ele>
      </trkpt>
      <trkpt lat="37.50227001495659" lon="15.0825500395149">
        <ele>27.11</ele>
      </trkpt>
      <trkpt lat="37.50230002216995" lon="15.082775428891182">
        <ele>26.24</ele>
      </trkpt>
      <trkpt lat="37.5023300293833" lon="15.082999980077147">
        <ele>25.4</ele>
      </trkpt>
      <trkpt lat="37.50235500745475" lon="15.083290580660105">
        <ele>24.66</ele>
      </trkpt>
      <trkpt lat="37.50237990170717" lon="15.083580007776618">
        <ele>23.94</ele>
      </trkpt>
      <trkpt lat="37.50238995999098" lon="15.083689978346229">
        <ele>23.21</ele>
      </trkpt>
      <trkpt lat="37.50238995999098" lon="15.083729960024357">
        <ele>22.43</ele>
      </trkpt>
      <trkpt lat="37.50241996720433" lon="15.084020476788282">
        <ele>21.63</ele>
      </trkpt>
      <trkpt lat="37.50244997441769" lon="15.084309987723827">
        <ele>20.7</ele>
      </trkpt>
      <trkpt lat="37.50247998163104" lon="15.08461995050311">
        <ele>19.82</ele>
      </trkpt>
      <trkpt lat="37.502490039914846" lon="15.084720030426979">
        <ele>19.11</ele>
      </trkpt>
      <trkpt lat="37.50250001437962" lon="15.08480996824801">
        <ele>18.39</ele>
      </trkpt>
      <trkpt lat="37.50253672711551" lon="15.085150608792901">
        <ele>17.65</ele>
      </trkpt>
      <trkpt lat="37.5025734398514" lon="15.085491249337792">
        <ele>16.93</ele>
      </trkpt>
      <trkpt lat="37.50260998494923" lon="15.085829878225923">
        <ele>16.34</ele>
      </trkpt>
      <trkpt lat="37.50263001769781" lon="15.086070019751787">
        <ele>15.73</ele>
      </trkpt>
      <trkpt lat="37.50264996662736" lon="15.086279902607203">
        <ele>15.1</ele>
      </trkpt>
      <trkpt lat="37.502660024911165" lon="15.08631988428533">
        <ele>14.46</ele>
      </trkpt>
      <trkpt lat="37.50267997384071" lon="15.086545357480645">
        <ele>13.78</ele>
      </trkpt>
      <trkpt lat="37.50270000658929" lon="15.08676990866661">
        <ele>13.17</ele>
      </trkpt>
      <trkpt lat="37.50271987169981" lon="15.086930003017187">
        <ele>12.64</ele>
      </trkpt>
      <trkpt lat="37.50273998826742" lon="15.087099988013506">
        <ele>12.16</ele>
      </trkpt>
      <trkpt lat="37.50264602713287" lon="15.087137958034873">
        <ele>11.65</ele>
      </trkpt>
      <trkpt lat="37.5025700032711" lon="15.087147010490298">
        <ele>11.25</ele>
      </trkpt>
      <trkpt lat="37.502534966915846" lon="15.087139885872602">
        <ele>10.93</ele>
      </trkpt>
    </trkseg>
  </trk>
</gpx>
