<?xml version="1.0" encoding="UTF-8"?>
<gpx creator="StravaGPX" version="1.1" xmlns="http://www.topografix.com/GPX/1/1" xmlns:xsi="http://www.w3.org/2001/XMLSchema-instance" xsi:schemaLocation="http://www.topografix.com/GPX/1/1 http://www.topografix.com/GPX/1/1/gpx.xsd">
 <trk>
  <name>Stage 1 / Modica - Catania</name>
  <type>mountain_biking</type>
  <trkseg>
   <trkpt lat="36.8625480" lon="14.7646680">
    <ele>341.2</ele>
   </trkpt>
   <trkpt lat="36.8625220" lon="14.7647480">
    <ele>341.2</ele>
   </trkpt>
   <trkpt lat="36.8624970" lon="14.7648250">
    <ele>341.4</ele>
   </trkpt>
   <trkpt lat="36.8624780" lon="14.7648580">
    <ele>341.6</ele>
   </trkpt>
   <trkpt lat="36.8624320" lon="14.7649930">
    <ele>342.4</ele>
   </trkpt>
   <trkpt lat="36.8624280" lon="14.7650190">
    <ele>342.6</ele>
   </trkpt>
   <trkpt lat="36.8624070" lon="14.7650980">
    <ele>342.8</ele>
   </trkpt>
   <trkpt lat="36.8623610" lon="14.7652090">
    <ele>343.2</ele>
   </trkpt>
   <trkpt lat="36.8623440" lon="14.7653150">
    <ele>343.6</ele>
   </trkpt>
   <trkpt lat="36.8623450" lon="14.7653520">
    <ele>343.8</ele>
   </trkpt>
   <trkpt lat="36.8623500" lon="14.7654920">
    <ele>344.0</ele>
   </trkpt>
   <trkpt lat="36.8623900" lon="14.7657430">
    <ele>344.6</ele>
   </trkpt>
   <trkpt lat="36.8623940" lon="14.7657750">
    <ele>344.6</ele>
   </trkpt>
   <trkpt lat="36.8624310" lon="14.7659320">
    <ele>345.2</ele>
   </trkpt>
   <trkpt lat="36.8624580" lon="14.7659840">
    <ele>345.6</ele>
   </trkpt>
   <trkpt lat="36.8624590" lon="14.7659970">
    <ele>345.6</ele>
   </trkpt>
   <trkpt lat="36.8624610" lon="14.7659980">
    <ele>345.8</ele>
   </trkpt>
   <trkpt lat="36.8625010" lon="14.7660490">
    <ele>345.6</ele>
   </trkpt>
   <trkpt lat="36.8625140" lon="14.7660730">
    <ele>345.6</ele>
   </trkpt>
   <trkpt lat="36.8626030" lon="14.7662230">
    <ele>345.6</ele>
   </trkpt>
   <trkpt lat="36.8626920" lon="14.7663290">
    <ele>346.2</ele>
   </trkpt>
   <trkpt lat="36.8627040" lon="14.7663430">
    <ele>346.4</ele>
   </trkpt>
   <trkpt lat="36.8628060" lon="14.7664710">
    <ele>346.6</ele>
   </trkpt>
   <trkpt lat="36.8629020" lon="14.7666240">
    <ele>347.2</ele>
   </trkpt>
   <trkpt lat="36.8629080" lon="14.7666380">
    <ele>347.2</ele>
   </trkpt>
   <trkpt lat="36.8629170" lon="14.7666820">
    <ele>347.4</ele>
   </trkpt>
   <trkpt lat="36.8629240" lon="14.7667220">
    <ele>347.4</ele>
   </trkpt>
   <trkpt lat="36.8629320" lon="14.7667600">
    <ele>347.6</ele>
   </trkpt>
   <trkpt lat="36.8629600" lon="14.7668680">
    <ele>348.0</ele>
   </trkpt>
   <trkpt lat="36.8629910" lon="14.7669520">
    <ele>348.2</ele>
   </trkpt>
   <trkpt lat="36.8629990" lon="14.7669740">
    <ele>348.4</ele>
   </trkpt>
   <trkpt lat="36.8630090" lon="14.7670010">
    <ele>348.4</ele>
   </trkpt>
   <trkpt lat="36.8630890" lon="14.7671520">
    <ele>348.8</ele>
   </trkpt>
   <trkpt lat="36.8631820" lon="14.7673290">
    <ele>349.2</ele>
   </trkpt>
   <trkpt lat="36.8632050" lon="14.7673570">
    <ele>349.2</ele>
   </trkpt>
   <trkpt lat="36.8632710" lon="14.7674500">
    <ele>349.4</ele>
   </trkpt>
   <trkpt lat="36.8633020" lon="14.7675140">
    <ele>349.4</ele>
   </trkpt>
   <trkpt lat="36.8633270" lon="14.7675830">
    <ele>349.6</ele>
   </trkpt>
   <trkpt lat="36.8633810" lon="14.7677120">
    <ele>349.8</ele>
   </trkpt>
   <trkpt lat="36.8634610" lon="14.7679430">
    <ele>350.0</ele>
   </trkpt>
   <trkpt lat="36.8634770" lon="14.7680150">
    <ele>350.2</ele>
   </trkpt>
   <trkpt lat="36.8635040" lon="14.7680740">
    <ele>350.4</ele>
   </trkpt>
   <trkpt lat="36.8635760" lon="14.7682150">
    <ele>350.8</ele>
   </trkpt>
   <trkpt lat="36.8635990" lon="14.7682420">
    <ele>350.8</ele>
   </trkpt>
   <trkpt lat="36.8637120" lon="14.7684040">
    <ele>351.0</ele>
   </trkpt>
   <trkpt lat="36.8638510" lon="14.7685290">
    <ele>351.8</ele>
   </trkpt>
   <trkpt lat="36.8639790" lon="14.7686020">
    <ele>352.2</ele>
   </trkpt>
   <trkpt lat="36.8641060" lon="14.7686900">
    <ele>352.8</ele>
   </trkpt>
   <trkpt lat="36.8641730" lon="14.7686950">
    <ele>353.0</ele>
   </trkpt>
   <trkpt lat="36.8642260" lon="14.7687180">
    <ele>353.0</ele>
   </trkpt>
   <trkpt lat="36.8642770" lon="14.7687540">
    <ele>353.0</ele>
   </trkpt>
   <trkpt lat="36.8643690" lon="14.7687830">
    <ele>353.2</ele>
   </trkpt>
   <trkpt lat="36.8644030" lon="14.7687940">
    <ele>353.8</ele>
   </trkpt>
   <trkpt lat="36.8644310" lon="14.7687880">
    <ele>354.2</ele>
   </trkpt>
   <trkpt lat="36.8644530" lon="14.7687970">
    <ele>355.0</ele>
   </trkpt>
   <trkpt lat="36.8645320" lon="14.7688560">
    <ele>355.4</ele>
   </trkpt>
   <trkpt lat="36.8645680" lon="14.7688590">
    <ele>355.4</ele>
   </trkpt>
   <trkpt lat="36.8646720" lon="14.7688290">
    <ele>355.6</ele>
   </trkpt>
   <trkpt lat="36.8649080" lon="14.7688090">
    <ele>356.0</ele>
   </trkpt>
   <trkpt lat="36.8650300" lon="14.7687350">
    <ele>356.0</ele>
   </trkpt>
   <trkpt lat="36.8650710" lon="14.7687060">
    <ele>356.0</ele>
   </trkpt>
   <trkpt lat="36.8651170" lon="14.7686920">
    <ele>356.0</ele>
   </trkpt>
   <trkpt lat="36.8652630" lon="14.7685860">
    <ele>356.0</ele>
   </trkpt>
   <trkpt lat="36.8654380" lon="14.7685570">
    <ele>355.8</ele>
   </trkpt>
   <trkpt lat="36.8654630" lon="14.7685550">
    <ele>355.6</ele>
   </trkpt>
   <trkpt lat="36.8655320" lon="14.7685970">
    <ele>355.6</ele>
   </trkpt>
   <trkpt lat="36.8655470" lon="14.7685990">
    <ele>355.6</ele>
   </trkpt>
   <trkpt lat="36.8656630" lon="14.7684810">
    <ele>355.6</ele>
   </trkpt>
   <trkpt lat="36.8657880" lon="14.7684030">
    <ele>356.0</ele>
   </trkpt>
   <trkpt lat="36.8658130" lon="14.7684270">
    <ele>356.2</ele>
   </trkpt>
   <trkpt lat="36.8658600" lon="14.7684750">
    <ele>356.2</ele>
   </trkpt>
   <trkpt lat="36.8658880" lon="14.7684660">
    <ele>356.2</ele>
   </trkpt>
   <trkpt lat="36.8659670" lon="14.7683870">
    <ele>356.0</ele>
   </trkpt>
   <trkpt lat="36.8659640" lon="14.7683850">
    <ele>356.0</ele>
   </trkpt>
   <trkpt lat="36.8661850" lon="14.7682640">
    <ele>340.6</ele>
   </trkpt>
   <trkpt lat="36.8663230" lon="14.7681280">
    <ele>343.4</ele>
   </trkpt>
   <trkpt lat="36.8664480" lon="14.7679590">
    <ele>343.4</ele>
   </trkpt>
   <trkpt lat="36.8666280" lon="14.7678470">
    <ele>343.4</ele>
   </trkpt>
   <trkpt lat="36.8668710" lon="14.7676650">
    <ele>343.6</ele>
   </trkpt>
   <trkpt lat="36.8670350" lon="14.7676060">
    <ele>343.8</ele>
   </trkpt>
   <trkpt lat="36.8671950" lon="14.7676060">
    <ele>345.0</ele>
   </trkpt>
   <trkpt lat="36.8673220" lon="14.7675940">
    <ele>345.8</ele>
   </trkpt>
   <trkpt lat="36.8673920" lon="14.7675880">
    <ele>346.0</ele>
   </trkpt>
   <trkpt lat="36.8675280" lon="14.7675870">
    <ele>346.6</ele>
   </trkpt>
   <trkpt lat="36.8676420" lon="14.7675690">
    <ele>347.0</ele>
   </trkpt>
   <trkpt lat="36.8677370" lon="14.7675810">
    <ele>347.4</ele>
   </trkpt>
   <trkpt lat="36.8677670" lon="14.7675740">
    <ele>347.6</ele>
   </trkpt>
   <trkpt lat="36.8678360" lon="14.7675660">
    <ele>348.2</ele>
   </trkpt>
   <trkpt lat="36.8678920" lon="14.7675570">
    <ele>348.4</ele>
   </trkpt>
   <trkpt lat="36.8680320" lon="14.7675460">
    <ele>349.2</ele>
   </trkpt>
   <trkpt lat="36.8681740" lon="14.7674640">
    <ele>349.8</ele>
   </trkpt>
   <trkpt lat="36.8682920" lon="14.7674870">
    <ele>350.2</ele>
   </trkpt>
   <trkpt lat="36.8683190" lon="14.7674900">
    <ele>350.2</ele>
   </trkpt>
   <trkpt lat="36.8685410" lon="14.7674990">
    <ele>350.8</ele>
   </trkpt>
   <trkpt lat="36.8685590" lon="14.7674900">
    <ele>351.0</ele>
   </trkpt>
   <trkpt lat="36.8685750" lon="14.7674810">
    <ele>351.4</ele>
   </trkpt>
   <trkpt lat="36.8686590" lon="14.7674620">
    <ele>351.8</ele>
   </trkpt>
   <trkpt lat="36.8687600" lon="14.7674490">
    <ele>352.4</ele>
   </trkpt>
   <trkpt lat="36.8688050" lon="14.7674450">
    <ele>352.6</ele>
   </trkpt>
   <trkpt lat="36.8689690" lon="14.7674390">
    <ele>353.4</ele>
   </trkpt>
   <trkpt lat="36.8689870" lon="14.7674380">
    <ele>353.4</ele>
   </trkpt>
   <trkpt lat="36.8690350" lon="14.7674180">
    <ele>353.8</ele>
   </trkpt>
   <trkpt lat="36.8690470" lon="14.7674050">
    <ele>353.6</ele>
   </trkpt>
   <trkpt lat="36.8691180" lon="14.7673550">
    <ele>354.2</ele>
   </trkpt>
   <trkpt lat="36.8691570" lon="14.7673470">
    <ele>354.4</ele>
   </trkpt>
   <trkpt lat="36.8691840" lon="14.7673430">
    <ele>354.6</ele>
   </trkpt>
   <trkpt lat="36.8692010" lon="14.7673430">
    <ele>354.8</ele>
   </trkpt>
   <trkpt lat="36.8693400" lon="14.7673590">
    <ele>355.4</ele>
   </trkpt>
   <trkpt lat="36.8693740" lon="14.7673540">
    <ele>355.6</ele>
   </trkpt>
   <trkpt lat="36.8693880" lon="14.7673480">
    <ele>355.6</ele>
   </trkpt>
   <trkpt lat="36.8694090" lon="14.7673210">
    <ele>355.8</ele>
   </trkpt>
   <trkpt lat="36.8694180" lon="14.7673020">
    <ele>356.0</ele>
   </trkpt>
   <trkpt lat="36.8694370" lon="14.7672890">
    <ele>356.0</ele>
   </trkpt>
   <trkpt lat="36.8694840" lon="14.7672650">
    <ele>356.4</ele>
   </trkpt>
   <trkpt lat="36.8696630" lon="14.7672960">
    <ele>356.6</ele>
   </trkpt>
   <trkpt lat="36.8696800" lon="14.7672910">
    <ele>356.8</ele>
   </trkpt>
   <trkpt lat="36.8698050" lon="14.7672670">
    <ele>357.2</ele>
   </trkpt>
   <trkpt lat="36.8698830" lon="14.7672870">
    <ele>357.8</ele>
   </trkpt>
   <trkpt lat="36.8699370" lon="14.7672970">
    <ele>358.0</ele>
   </trkpt>
   <trkpt lat="36.8700520" lon="14.7673580">
    <ele>358.8</ele>
   </trkpt>
   <trkpt lat="36.8700670" lon="14.7673720">
    <ele>358.8</ele>
   </trkpt>
   <trkpt lat="36.8702170" lon="14.7675200">
    <ele>359.8</ele>
   </trkpt>
   <trkpt lat="36.8702370" lon="14.7675430">
    <ele>359.8</ele>
   </trkpt>
   <trkpt lat="36.8703280" lon="14.7676760">
    <ele>360.4</ele>
   </trkpt>
   <trkpt lat="36.8703390" lon="14.7677000">
    <ele>360.6</ele>
   </trkpt>
   <trkpt lat="36.8703640" lon="14.7677740">
    <ele>361.0</ele>
   </trkpt>
   <trkpt lat="36.8703960" lon="14.7679000">
    <ele>361.8</ele>
   </trkpt>
   <trkpt lat="36.8703970" lon="14.7679240">
    <ele>362.0</ele>
   </trkpt>
   <trkpt lat="36.8703980" lon="14.7680540">
    <ele>362.4</ele>
   </trkpt>
   <trkpt lat="36.8703830" lon="14.7681940">
    <ele>363.2</ele>
   </trkpt>
   <trkpt lat="36.8703790" lon="14.7682220">
    <ele>363.4</ele>
   </trkpt>
   <trkpt lat="36.8703400" lon="14.7683990">
    <ele>363.6</ele>
   </trkpt>
   <trkpt lat="36.8703490" lon="14.7685460">
    <ele>364.2</ele>
   </trkpt>
   <trkpt lat="36.8703360" lon="14.7686110">
    <ele>364.4</ele>
   </trkpt>
   <trkpt lat="36.8703360" lon="14.7688040">
    <ele>365.4</ele>
   </trkpt>
   <trkpt lat="36.8703820" lon="14.7690010">
    <ele>365.8</ele>
   </trkpt>
   <trkpt lat="36.8705080" lon="14.7693220">
    <ele>366.4</ele>
   </trkpt>
   <trkpt lat="36.8706380" lon="14.7695330">
    <ele>366.4</ele>
   </trkpt>
   <trkpt lat="36.8707630" lon="14.7697690">
    <ele>366.4</ele>
   </trkpt>
   <trkpt lat="36.8709210" lon="14.7700630">
    <ele>367.2</ele>
   </trkpt>
   <trkpt lat="36.8710120" lon="14.7702520">
    <ele>367.4</ele>
   </trkpt>
   <trkpt lat="36.8710570" lon="14.7703500">
    <ele>367.6</ele>
   </trkpt>
   <trkpt lat="36.8711740" lon="14.7705910">
    <ele>368.2</ele>
   </trkpt>
   <trkpt lat="36.8712170" lon="14.7706820">
    <ele>368.4</ele>
   </trkpt>
   <trkpt lat="36.8712750" lon="14.7707980">
    <ele>369.0</ele>
   </trkpt>
   <trkpt lat="36.8713730" lon="14.7709950">
    <ele>369.4</ele>
   </trkpt>
   <trkpt lat="36.8714180" lon="14.7710980">
    <ele>369.8</ele>
   </trkpt>
   <trkpt lat="36.8714890" lon="14.7712790">
    <ele>370.4</ele>
   </trkpt>
   <trkpt lat="36.8714980" lon="14.7713060">
    <ele>370.4</ele>
   </trkpt>
   <trkpt lat="36.8715490" lon="14.7714700">
    <ele>370.8</ele>
   </trkpt>
   <trkpt lat="36.8716070" lon="14.7716910">
    <ele>371.6</ele>
   </trkpt>
   <trkpt lat="36.8716150" lon="14.7717180">
    <ele>371.6</ele>
   </trkpt>
   <trkpt lat="36.8716730" lon="14.7719640">
    <ele>372.2</ele>
   </trkpt>
   <trkpt lat="36.8716880" lon="14.7720540">
    <ele>372.6</ele>
   </trkpt>
   <trkpt lat="36.8717240" lon="14.7722150">
    <ele>373.0</ele>
   </trkpt>
   <trkpt lat="36.8717650" lon="14.7723970">
    <ele>373.6</ele>
   </trkpt>
   <trkpt lat="36.8717720" lon="14.7724250">
    <ele>373.8</ele>
   </trkpt>
   <trkpt lat="36.8718300" lon="14.7726820">
    <ele>374.6</ele>
   </trkpt>
   <trkpt lat="36.8718430" lon="14.7727350">
    <ele>374.8</ele>
   </trkpt>
   <trkpt lat="36.8718810" lon="14.7728750">
    <ele>375.0</ele>
   </trkpt>
   <trkpt lat="36.8719400" lon="14.7731330">
    <ele>375.6</ele>
   </trkpt>
   <trkpt lat="36.8719470" lon="14.7731830">
    <ele>375.6</ele>
   </trkpt>
   <trkpt lat="36.8719970" lon="14.7734140">
    <ele>376.2</ele>
   </trkpt>
   <trkpt lat="36.8720470" lon="14.7736010">
    <ele>376.6</ele>
   </trkpt>
   <trkpt lat="36.8720520" lon="14.7736290">
    <ele>376.8</ele>
   </trkpt>
   <trkpt lat="36.8721030" lon="14.7738140">
    <ele>377.2</ele>
   </trkpt>
   <trkpt lat="36.8721090" lon="14.7738360">
    <ele>377.4</ele>
   </trkpt>
   <trkpt lat="36.8721350" lon="14.7739540">
    <ele>377.8</ele>
   </trkpt>
   <trkpt lat="36.8721540" lon="14.7740390">
    <ele>378.2</ele>
   </trkpt>
   <trkpt lat="36.8721860" lon="14.7742340">
    <ele>378.8</ele>
   </trkpt>
   <trkpt lat="36.8721950" lon="14.7742590">
    <ele>378.8</ele>
   </trkpt>
   <trkpt lat="36.8722520" lon="14.7744420">
    <ele>379.6</ele>
   </trkpt>
   <trkpt lat="36.8722790" lon="14.7745590">
    <ele>380.0</ele>
   </trkpt>
   <trkpt lat="36.8723090" lon="14.7746550">
    <ele>380.2</ele>
   </trkpt>
   <trkpt lat="36.8723870" lon="14.7748850">
    <ele>381.0</ele>
   </trkpt>
   <trkpt lat="36.8724960" lon="14.7750940">
    <ele>381.4</ele>
   </trkpt>
   <trkpt lat="36.8725680" lon="14.7752170">
    <ele>382.0</ele>
   </trkpt>
   <trkpt lat="36.8726520" lon="14.7753560">
    <ele>382.4</ele>
   </trkpt>
   <trkpt lat="36.8727660" lon="14.7755280">
    <ele>383.0</ele>
   </trkpt>
   <trkpt lat="36.8728250" lon="14.7755940">
    <ele>383.2</ele>
   </trkpt>
   <trkpt lat="36.8730040" lon="14.7757460">
    <ele>384.0</ele>
   </trkpt>
   <trkpt lat="36.8730300" lon="14.7757640">
    <ele>384.2</ele>
   </trkpt>
   <trkpt lat="36.8732840" lon="14.7759590">
    <ele>384.6</ele>
   </trkpt>
   <trkpt lat="36.8734050" lon="14.7760410">
    <ele>385.2</ele>
   </trkpt>
   <trkpt lat="36.8734670" lon="14.7760750">
    <ele>385.4</ele>
   </trkpt>
   <trkpt lat="36.8736050" lon="14.7761520">
    <ele>386.0</ele>
   </trkpt>
   <trkpt lat="36.8736620" lon="14.7761730">
    <ele>386.2</ele>
   </trkpt>
   <trkpt lat="36.8737760" lon="14.7762290">
    <ele>386.8</ele>
   </trkpt>
   <trkpt lat="36.8739150" lon="14.7762800">
    <ele>387.4</ele>
   </trkpt>
   <trkpt lat="36.8740100" lon="14.7763200">
    <ele>387.6</ele>
   </trkpt>
   <trkpt lat="36.8742030" lon="14.7763760">
    <ele>388.0</ele>
   </trkpt>
   <trkpt lat="36.8744090" lon="14.7764520">
    <ele>388.4</ele>
   </trkpt>
   <trkpt lat="36.8744850" lon="14.7764860">
    <ele>388.6</ele>
   </trkpt>
   <trkpt lat="36.8746980" lon="14.7765260">
    <ele>389.2</ele>
   </trkpt>
   <trkpt lat="36.8747680" lon="14.7765080">
    <ele>389.4</ele>
   </trkpt>
   <trkpt lat="36.8748470" lon="14.7764950">
    <ele>389.6</ele>
   </trkpt>
   <trkpt lat="36.8750900" lon="14.7764500">
    <ele>390.2</ele>
   </trkpt>
   <trkpt lat="36.8752460" lon="14.7764330">
    <ele>390.4</ele>
   </trkpt>
   <trkpt lat="36.8753110" lon="14.7764380">
    <ele>390.8</ele>
   </trkpt>
   <trkpt lat="36.8754990" lon="14.7765250">
    <ele>391.2</ele>
   </trkpt>
   <trkpt lat="36.8756330" lon="14.7767250">
    <ele>391.4</ele>
   </trkpt>
   <trkpt lat="36.8756930" lon="14.7768860">
    <ele>391.6</ele>
   </trkpt>
   <trkpt lat="36.8757530" lon="14.7770460">
    <ele>391.8</ele>
   </trkpt>
   <trkpt lat="36.8758490" lon="14.7773080">
    <ele>392.0</ele>
   </trkpt>
   <trkpt lat="36.8759450" lon="14.7775710">
    <ele>392.2</ele>
   </trkpt>
   <trkpt lat="36.8760330" lon="14.7778330">
    <ele>392.4</ele>
   </trkpt>
   <trkpt lat="36.8761060" lon="14.7780110">
    <ele>392.6</ele>
   </trkpt>
   <trkpt lat="36.8761330" lon="14.7780780">
    <ele>392.8</ele>
   </trkpt>
   <trkpt lat="36.8761860" lon="14.7782110">
    <ele>393.0</ele>
   </trkpt>
   <trkpt lat="36.8763050" lon="14.7783500">
    <ele>393.2</ele>
   </trkpt>
   <trkpt lat="36.8765100" lon="14.7785690">
    <ele>393.4</ele>
   </trkpt>
   <trkpt lat="36.8767280" lon="14.7787580">
    <ele>393.6</ele>
   </trkpt>
   <trkpt lat="36.8769190" lon="14.7789370">
    <ele>393.8</ele>
   </trkpt>
   <trkpt lat="36.8769470" lon="14.7789620">
    <ele>394.0</ele>
   </trkpt>
   <trkpt lat="36.8771670" lon="14.7792140">
    <ele>394.2</ele>
   </trkpt>
   <trkpt lat="36.8773360" lon="14.7794500">
    <ele>394.2</ele>
   </trkpt>
   <trkpt lat="36.8775300" lon="14.7797230">
    <ele>394.6</ele>
   </trkpt>
   <trkpt lat="36.8776360" lon="14.7798950">
    <ele>395.0</ele>
   </trkpt>
   <trkpt lat="36.8776720" lon="14.7799670">
    <ele>395.0</ele>
   </trkpt>
   <trkpt lat="36.8777630" lon="14.7801550">
    <ele>395.2</ele>
   </trkpt>
   <trkpt lat="36.8778870" lon="14.7803730">
    <ele>395.4</ele>
   </trkpt>
   <trkpt lat="36.8780320" lon="14.7806720">
    <ele>395.6</ele>
   </trkpt>
   <trkpt lat="36.8781500" lon="14.7809900">
    <ele>396.0</ele>
   </trkpt>
   <trkpt lat="36.8782350" lon="14.7812240">
    <ele>396.2</ele>
   </trkpt>
   <trkpt lat="36.8782880" lon="14.7813830">
    <ele>396.6</ele>
   </trkpt>
   <trkpt lat="36.8783940" lon="14.7816290">
    <ele>396.8</ele>
   </trkpt>
   <trkpt lat="36.8784730" lon="14.7819000">
    <ele>397.0</ele>
   </trkpt>
   <trkpt lat="36.8785360" lon="14.7820980">
    <ele>397.4</ele>
   </trkpt>
   <trkpt lat="36.8786460" lon="14.7824410">
    <ele>397.8</ele>
   </trkpt>
   <trkpt lat="36.8788200" lon="14.7826860">
    <ele>398.2</ele>
   </trkpt>
   <trkpt lat="36.8790860" lon="14.7829170">
    <ele>398.4</ele>
   </trkpt>
   <trkpt lat="36.8793720" lon="14.7831770">
    <ele>398.8</ele>
   </trkpt>
   <trkpt lat="36.8796320" lon="14.7833990">
    <ele>399.0</ele>
   </trkpt>
   <trkpt lat="36.8797450" lon="14.7835020">
    <ele>399.2</ele>
   </trkpt>
   <trkpt lat="36.8798590" lon="14.7836040">
    <ele>399.2</ele>
   </trkpt>
   <trkpt lat="36.8801400" lon="14.7838540">
    <ele>399.8</ele>
   </trkpt>
   <trkpt lat="36.8803680" lon="14.7840600">
    <ele>400.2</ele>
   </trkpt>
   <trkpt lat="36.8803970" lon="14.7840850">
    <ele>400.2</ele>
   </trkpt>
   <trkpt lat="36.8806290" lon="14.7842800">
    <ele>400.6</ele>
   </trkpt>
   <trkpt lat="36.8809390" lon="14.7845150">
    <ele>401.2</ele>
   </trkpt>
   <trkpt lat="36.8809680" lon="14.7845350">
    <ele>401.2</ele>
   </trkpt>
   <trkpt lat="36.8812270" lon="14.7847790">
    <ele>401.6</ele>
   </trkpt>
   <trkpt lat="36.8814800" lon="14.7850750">
    <ele>402.0</ele>
   </trkpt>
   <trkpt lat="36.8816010" lon="14.7852170">
    <ele>402.2</ele>
   </trkpt>
   <trkpt lat="36.8817470" lon="14.7853920">
    <ele>402.4</ele>
   </trkpt>
   <trkpt lat="36.8818750" lon="14.7856270">
    <ele>402.8</ele>
   </trkpt>
   <trkpt lat="36.8820330" lon="14.7858760">
    <ele>403.2</ele>
   </trkpt>
   <trkpt lat="36.8821010" lon="14.7859700">
    <ele>403.2</ele>
   </trkpt>
   <trkpt lat="36.8822690" lon="14.7862350">
    <ele>403.6</ele>
   </trkpt>
   <trkpt lat="36.8824130" lon="14.7864940">
    <ele>404.0</ele>
   </trkpt>
   <trkpt lat="36.8824600" lon="14.7866320">
    <ele>404.6</ele>
   </trkpt>
   <trkpt lat="36.8824740" lon="14.7866630">
    <ele>404.6</ele>
   </trkpt>
   <trkpt lat="36.8825990" lon="14.7868420">
    <ele>405.0</ele>
   </trkpt>
   <trkpt lat="36.8827380" lon="14.7869810">
    <ele>405.2</ele>
   </trkpt>
   <trkpt lat="36.8829880" lon="14.7871580">
    <ele>405.2</ele>
   </trkpt>
   <trkpt lat="36.8831630" lon="14.7872750">
    <ele>405.6</ele>
   </trkpt>
   <trkpt lat="36.8831970" lon="14.7873020">
    <ele>405.6</ele>
   </trkpt>
   <trkpt lat="36.8833740" lon="14.7874400">
    <ele>405.8</ele>
   </trkpt>
   <trkpt lat="36.8836450" lon="14.7876280">
    <ele>406.4</ele>
   </trkpt>
   <trkpt lat="36.8838160" lon="14.7877800">
    <ele>406.6</ele>
   </trkpt>
   <trkpt lat="36.8838380" lon="14.7878110">
    <ele>406.8</ele>
   </trkpt>
   <trkpt lat="36.8840180" lon="14.7880820">
    <ele>407.6</ele>
   </trkpt>
   <trkpt lat="36.8840580" lon="14.7881420">
    <ele>407.8</ele>
   </trkpt>
   <trkpt lat="36.8842270" lon="14.7884010">
    <ele>408.4</ele>
   </trkpt>
   <trkpt lat="36.8843410" lon="14.7885680">
    <ele>408.8</ele>
   </trkpt>
   <trkpt lat="36.8844090" lon="14.7886510">
    <ele>409.2</ele>
   </trkpt>
   <trkpt lat="36.8845670" lon="14.7888700">
    <ele>409.8</ele>
   </trkpt>
   <trkpt lat="36.8846080" lon="14.7889290">
    <ele>410.0</ele>
   </trkpt>
   <trkpt lat="36.8847250" lon="14.7890740">
    <ele>410.4</ele>
   </trkpt>
   <trkpt lat="36.8848910" lon="14.7892830">
    <ele>411.0</ele>
   </trkpt>
   <trkpt lat="36.8849170" lon="14.7893120">
    <ele>411.2</ele>
   </trkpt>
   <trkpt lat="36.8850980" lon="14.7895150">
    <ele>411.6</ele>
   </trkpt>
   <trkpt lat="36.8853110" lon="14.7897060">
    <ele>412.0</ele>
   </trkpt>
   <trkpt lat="36.8853420" lon="14.7897320">
    <ele>412.2</ele>
   </trkpt>
   <trkpt lat="36.8854860" lon="14.7898700">
    <ele>412.4</ele>
   </trkpt>
   <trkpt lat="36.8856260" lon="14.7899950">
    <ele>412.6</ele>
   </trkpt>
   <trkpt lat="36.8858450" lon="14.7902070">
    <ele>413.0</ele>
   </trkpt>
   <trkpt lat="36.8858740" lon="14.7902320">
    <ele>413.2</ele>
   </trkpt>
   <trkpt lat="36.8860630" lon="14.7904160">
    <ele>414.0</ele>
   </trkpt>
   <trkpt lat="36.8862010" lon="14.7905440">
    <ele>414.0</ele>
   </trkpt>
   <trkpt lat="36.8863280" lon="14.7906600">
    <ele>414.4</ele>
   </trkpt>
   <trkpt lat="36.8865240" lon="14.7908480">
    <ele>414.8</ele>
   </trkpt>
   <trkpt lat="36.8866060" lon="14.7909210">
    <ele>415.2</ele>
   </trkpt>
   <trkpt lat="36.8867170" lon="14.7910260">
    <ele>415.8</ele>
   </trkpt>
   <trkpt lat="36.8867890" lon="14.7910960">
    <ele>416.2</ele>
   </trkpt>
   <trkpt lat="36.8868930" lon="14.7912030">
    <ele>416.8</ele>
   </trkpt>
   <trkpt lat="36.8870550" lon="14.7913810">
    <ele>417.2</ele>
   </trkpt>
   <trkpt lat="36.8870990" lon="14.7914360">
    <ele>417.4</ele>
   </trkpt>
   <trkpt lat="36.8871940" lon="14.7915720">
    <ele>418.2</ele>
   </trkpt>
   <trkpt lat="36.8872130" lon="14.7916010">
    <ele>418.4</ele>
   </trkpt>
   <trkpt lat="36.8873210" lon="14.7917590">
    <ele>418.8</ele>
   </trkpt>
   <trkpt lat="36.8873860" lon="14.7918710">
    <ele>419.4</ele>
   </trkpt>
   <trkpt lat="36.8874970" lon="14.7920340">
    <ele>420.0</ele>
   </trkpt>
   <trkpt lat="36.8875470" lon="14.7921130">
    <ele>420.4</ele>
   </trkpt>
   <trkpt lat="36.8876550" lon="14.7922720">
    <ele>421.0</ele>
   </trkpt>
   <trkpt lat="36.8877610" lon="14.7924230">
    <ele>421.4</ele>
   </trkpt>
   <trkpt lat="36.8878320" lon="14.7925310">
    <ele>421.6</ele>
   </trkpt>
   <trkpt lat="36.8879830" lon="14.7927820">
    <ele>422.6</ele>
   </trkpt>
   <trkpt lat="36.8880380" lon="14.7928720">
    <ele>423.0</ele>
   </trkpt>
   <trkpt lat="36.8881240" lon="14.7930110">
    <ele>423.6</ele>
   </trkpt>
   <trkpt lat="36.8881960" lon="14.7931440">
    <ele>424.2</ele>
   </trkpt>
   <trkpt lat="36.8882350" lon="14.7932230">
    <ele>424.6</ele>
   </trkpt>
   <trkpt lat="36.8882920" lon="14.7933360">
    <ele>425.6</ele>
   </trkpt>
   <trkpt lat="36.8883070" lon="14.7933610">
    <ele>425.6</ele>
   </trkpt>
   <trkpt lat="36.8884850" lon="14.7936600">
    <ele>426.6</ele>
   </trkpt>
   <trkpt lat="36.8885160" lon="14.7937200">
    <ele>426.8</ele>
   </trkpt>
   <trkpt lat="36.8885970" lon="14.7938510">
    <ele>427.4</ele>
   </trkpt>
   <trkpt lat="36.8886580" lon="14.7939330">
    <ele>427.8</ele>
   </trkpt>
   <trkpt lat="36.8887890" lon="14.7940830">
    <ele>428.6</ele>
   </trkpt>
   <trkpt lat="36.8888390" lon="14.7941370">
    <ele>429.0</ele>
   </trkpt>
   <trkpt lat="36.8889280" lon="14.7942240">
    <ele>429.6</ele>
   </trkpt>
   <trkpt lat="36.8890280" lon="14.7943200">
    <ele>430.0</ele>
   </trkpt>
   <trkpt lat="36.8891370" lon="14.7944140">
    <ele>430.4</ele>
   </trkpt>
   <trkpt lat="36.8892830" lon="14.7945530">
    <ele>430.8</ele>
   </trkpt>
   <trkpt lat="36.8893300" lon="14.7946000">
    <ele>431.0</ele>
   </trkpt>
   <trkpt lat="36.8894530" lon="14.7947210">
    <ele>431.6</ele>
   </trkpt>
   <trkpt lat="36.8895490" lon="14.7948180">
    <ele>432.2</ele>
   </trkpt>
   <trkpt lat="36.8896450" lon="14.7949260">
    <ele>432.6</ele>
   </trkpt>
   <trkpt lat="36.8897720" lon="14.7950980">
    <ele>433.0</ele>
   </trkpt>
   <trkpt lat="36.8898350" lon="14.7951920">
    <ele>433.2</ele>
   </trkpt>
   <trkpt lat="36.8900590" lon="14.7955220">
    <ele>434.0</ele>
   </trkpt>
   <trkpt lat="36.8902670" lon="14.7958300">
    <ele>435.0</ele>
   </trkpt>
   <trkpt lat="36.8904460" lon="14.7960160">
    <ele>435.8</ele>
   </trkpt>
   <trkpt lat="36.8905280" lon="14.7960850">
    <ele>436.2</ele>
   </trkpt>
   <trkpt lat="36.8906400" lon="14.7961690">
    <ele>436.4</ele>
   </trkpt>
   <trkpt lat="36.8908710" lon="14.7963570">
    <ele>437.2</ele>
   </trkpt>
   <trkpt lat="36.8909450" lon="14.7964230">
    <ele>437.6</ele>
   </trkpt>
   <trkpt lat="36.8911350" lon="14.7965520">
    <ele>438.4</ele>
   </trkpt>
   <trkpt lat="36.8911570" lon="14.7965710">
    <ele>438.4</ele>
   </trkpt>
   <trkpt lat="36.8913050" lon="14.7967020">
    <ele>439.4</ele>
   </trkpt>
   <trkpt lat="36.8913300" lon="14.7967230">
    <ele>439.4</ele>
   </trkpt>
   <trkpt lat="36.8915110" lon="14.7969250">
    <ele>440.2</ele>
   </trkpt>
   <trkpt lat="36.8915500" lon="14.7969750">
    <ele>440.6</ele>
   </trkpt>
   <trkpt lat="36.8916430" lon="14.7971250">
    <ele>441.4</ele>
   </trkpt>
   <trkpt lat="36.8917070" lon="14.7972360">
    <ele>441.8</ele>
   </trkpt>
   <trkpt lat="36.8917720" lon="14.7973510">
    <ele>442.6</ele>
   </trkpt>
   <trkpt lat="36.8917990" lon="14.7974140">
    <ele>442.8</ele>
   </trkpt>
   <trkpt lat="36.8918900" lon="14.7975950">
    <ele>443.6</ele>
   </trkpt>
   <trkpt lat="36.8919250" lon="14.7976850">
    <ele>444.0</ele>
   </trkpt>
   <trkpt lat="36.8919590" lon="14.7978180">
    <ele>444.2</ele>
   </trkpt>
   <trkpt lat="36.8919970" lon="14.7980720">
    <ele>444.8</ele>
   </trkpt>
   <trkpt lat="36.8920020" lon="14.7981090">
    <ele>445.0</ele>
   </trkpt>
   <trkpt lat="36.8920150" lon="14.7983310">
    <ele>445.4</ele>
   </trkpt>
   <trkpt lat="36.8920180" lon="14.7984650">
    <ele>446.0</ele>
   </trkpt>
   <trkpt lat="36.8920180" lon="14.7986680">
    <ele>447.0</ele>
   </trkpt>
   <trkpt lat="36.8920190" lon="14.7987380">
    <ele>447.2</ele>
   </trkpt>
   <trkpt lat="36.8920100" lon="14.7989720">
    <ele>447.8</ele>
   </trkpt>
   <trkpt lat="36.8920070" lon="14.7990360">
    <ele>448.2</ele>
   </trkpt>
   <trkpt lat="36.8919820" lon="14.7991980">
    <ele>449.2</ele>
   </trkpt>
   <trkpt lat="36.8919780" lon="14.7992310">
    <ele>449.4</ele>
   </trkpt>
   <trkpt lat="36.8919650" lon="14.7994960">
    <ele>450.4</ele>
   </trkpt>
   <trkpt lat="36.8919670" lon="14.7995320">
    <ele>450.4</ele>
   </trkpt>
   <trkpt lat="36.8919790" lon="14.7997330">
    <ele>451.4</ele>
   </trkpt>
   <trkpt lat="36.8919830" lon="14.7997630">
    <ele>451.4</ele>
   </trkpt>
   <trkpt lat="36.8920140" lon="14.7999620">
    <ele>452.6</ele>
   </trkpt>
   <trkpt lat="36.8920320" lon="14.8000500">
    <ele>452.8</ele>
   </trkpt>
   <trkpt lat="36.8920670" lon="14.8002000">
    <ele>453.8</ele>
   </trkpt>
   <trkpt lat="36.8920910" lon="14.8003020">
    <ele>454.2</ele>
   </trkpt>
   <trkpt lat="36.8921660" lon="14.8005330">
    <ele>454.8</ele>
   </trkpt>
   <trkpt lat="36.8921780" lon="14.8005630">
    <ele>454.8</ele>
   </trkpt>
   <trkpt lat="36.8922940" lon="14.8007850">
    <ele>455.8</ele>
   </trkpt>
   <trkpt lat="36.8923240" lon="14.8008380">
    <ele>456.2</ele>
   </trkpt>
   <trkpt lat="36.8924020" lon="14.8009710">
    <ele>457.0</ele>
   </trkpt>
   <trkpt lat="36.8925070" lon="14.8011270">
    <ele>458.0</ele>
   </trkpt>
   <trkpt lat="36.8925260" lon="14.8011550">
    <ele>458.2</ele>
   </trkpt>
   <trkpt lat="36.8926300" lon="14.8012970">
    <ele>458.6</ele>
   </trkpt>
   <trkpt lat="36.8927040" lon="14.8013960">
    <ele>459.2</ele>
   </trkpt>
   <trkpt lat="36.8927560" lon="14.8014680">
    <ele>459.6</ele>
   </trkpt>
   <trkpt lat="36.8928270" lon="14.8015610">
    <ele>460.2</ele>
   </trkpt>
   <trkpt lat="36.8929010" lon="14.8016550">
    <ele>460.6</ele>
   </trkpt>
   <trkpt lat="36.8929630" lon="14.8017490">
    <ele>461.4</ele>
   </trkpt>
   <trkpt lat="36.8930110" lon="14.8018180">
    <ele>462.0</ele>
   </trkpt>
   <trkpt lat="36.8930850" lon="14.8019040">
    <ele>462.6</ele>
   </trkpt>
   <trkpt lat="36.8931570" lon="14.8019790">
    <ele>463.2</ele>
   </trkpt>
   <trkpt lat="36.8932060" lon="14.8020510">
    <ele>463.6</ele>
   </trkpt>
   <trkpt lat="36.8933130" lon="14.8021980">
    <ele>464.4</ele>
   </trkpt>
   <trkpt lat="36.8933430" lon="14.8022460">
    <ele>464.6</ele>
   </trkpt>
   <trkpt lat="36.8934580" lon="14.8023900">
    <ele>465.6</ele>
   </trkpt>
   <trkpt lat="36.8934730" lon="14.8024110">
    <ele>465.8</ele>
   </trkpt>
   <trkpt lat="36.8935530" lon="14.8025380">
    <ele>466.8</ele>
   </trkpt>
   <trkpt lat="36.8935930" lon="14.8025970">
    <ele>467.4</ele>
   </trkpt>
   <trkpt lat="36.8936550" lon="14.8026790">
    <ele>468.0</ele>
   </trkpt>
   <trkpt lat="36.8937080" lon="14.8027640">
    <ele>468.6</ele>
   </trkpt>
   <trkpt lat="36.8937470" lon="14.8028400">
    <ele>469.2</ele>
   </trkpt>
   <trkpt lat="36.8937890" lon="14.8029140">
    <ele>469.8</ele>
   </trkpt>
   <trkpt lat="36.8937980" lon="14.8029380">
    <ele>470.0</ele>
   </trkpt>
   <trkpt lat="36.8938050" lon="14.8029640">
    <ele>470.4</ele>
   </trkpt>
   <trkpt lat="36.8938450" lon="14.8031240">
    <ele>471.6</ele>
   </trkpt>
   <trkpt lat="36.8938690" lon="14.8032270">
    <ele>472.2</ele>
   </trkpt>
   <trkpt lat="36.8938980" lon="14.8033500">
    <ele>473.0</ele>
   </trkpt>
   <trkpt lat="36.8939060" lon="14.8033960">
    <ele>473.2</ele>
   </trkpt>
   <trkpt lat="36.8939280" lon="14.8035070">
    <ele>474.0</ele>
   </trkpt>
   <trkpt lat="36.8939510" lon="14.8036370">
    <ele>474.6</ele>
   </trkpt>
   <trkpt lat="36.8939680" lon="14.8037180">
    <ele>475.0</ele>
   </trkpt>
   <trkpt lat="36.8939920" lon="14.8038630">
    <ele>476.0</ele>
   </trkpt>
   <trkpt lat="36.8940000" lon="14.8038850">
    <ele>476.2</ele>
   </trkpt>
   <trkpt lat="36.8940400" lon="14.8040680">
    <ele>477.0</ele>
   </trkpt>
   <trkpt lat="36.8940560" lon="14.8041230">
    <ele>477.2</ele>
   </trkpt>
   <trkpt lat="36.8940830" lon="14.8042360">
    <ele>478.2</ele>
   </trkpt>
   <trkpt lat="36.8940880" lon="14.8042640">
    <ele>478.4</ele>
   </trkpt>
   <trkpt lat="36.8941160" lon="14.8045220">
    <ele>479.4</ele>
   </trkpt>
   <trkpt lat="36.8941340" lon="14.8047500">
    <ele>480.4</ele>
   </trkpt>
   <trkpt lat="36.8941480" lon="14.8050170">
    <ele>481.6</ele>
   </trkpt>
   <trkpt lat="36.8941440" lon="14.8050480">
    <ele>481.6</ele>
   </trkpt>
   <trkpt lat="36.8941480" lon="14.8053230">
    <ele>482.6</ele>
   </trkpt>
   <trkpt lat="36.8941460" lon="14.8053870">
    <ele>482.8</ele>
   </trkpt>
   <trkpt lat="36.8941420" lon="14.8056100">
    <ele>483.8</ele>
   </trkpt>
   <trkpt lat="36.8941310" lon="14.8057360">
    <ele>484.2</ele>
   </trkpt>
   <trkpt lat="36.8941150" lon="14.8058860">
    <ele>484.8</ele>
   </trkpt>
   <trkpt lat="36.8941010" lon="14.8060090">
    <ele>485.4</ele>
   </trkpt>
   <trkpt lat="36.8940860" lon="14.8062040">
    <ele>486.0</ele>
   </trkpt>
   <trkpt lat="36.8940690" lon="14.8063060">
    <ele>486.0</ele>
   </trkpt>
   <trkpt lat="36.8940440" lon="14.8065730">
    <ele>487.0</ele>
   </trkpt>
   <trkpt lat="36.8940430" lon="14.8067230">
    <ele>487.2</ele>
   </trkpt>
   <trkpt lat="36.8940960" lon="14.8069400">
    <ele>487.6</ele>
   </trkpt>
   <trkpt lat="36.8942070" lon="14.8070310">
    <ele>488.2</ele>
   </trkpt>
   <trkpt lat="36.8944530" lon="14.8071420">
    <ele>489.2</ele>
   </trkpt>
   <trkpt lat="36.8945050" lon="14.8071810">
    <ele>489.6</ele>
   </trkpt>
   <trkpt lat="36.8946850" lon="14.8073170">
    <ele>490.4</ele>
   </trkpt>
   <trkpt lat="36.8947470" lon="14.8073700">
    <ele>490.8</ele>
   </trkpt>
   <trkpt lat="36.8948890" lon="14.8074820">
    <ele>491.4</ele>
   </trkpt>
   <trkpt lat="36.8949300" lon="14.8075160">
    <ele>491.6</ele>
   </trkpt>
   <trkpt lat="36.8951240" lon="14.8076650">
    <ele>492.6</ele>
   </trkpt>
   <trkpt lat="36.8952540" lon="14.8077420">
    <ele>493.6</ele>
   </trkpt>
   <trkpt lat="36.8953260" lon="14.8077800">
    <ele>494.0</ele>
   </trkpt>
   <trkpt lat="36.8953990" lon="14.8078120">
    <ele>494.8</ele>
   </trkpt>
   <trkpt lat="36.8955780" lon="14.8078570">
    <ele>496.0</ele>
   </trkpt>
   <trkpt lat="36.8956060" lon="14.8078620">
    <ele>496.2</ele>
   </trkpt>
   <trkpt lat="36.8957080" lon="14.8078740">
    <ele>497.0</ele>
   </trkpt>
   <trkpt lat="36.8958460" lon="14.8078670">
    <ele>497.8</ele>
   </trkpt>
   <trkpt lat="36.8958690" lon="14.8078650">
    <ele>498.2</ele>
   </trkpt>
   <trkpt lat="36.8960040" lon="14.8078230">
    <ele>499.4</ele>
   </trkpt>
   <trkpt lat="36.8960490" lon="14.8078060">
    <ele>499.6</ele>
   </trkpt>
   <trkpt lat="36.8961560" lon="14.8077640">
    <ele>500.4</ele>
   </trkpt>
   <trkpt lat="36.8962110" lon="14.8077320">
    <ele>501.0</ele>
   </trkpt>
   <trkpt lat="36.8962920" lon="14.8076820">
    <ele>501.4</ele>
   </trkpt>
   <trkpt lat="36.8963890" lon="14.8076070">
    <ele>502.4</ele>
   </trkpt>
   <trkpt lat="36.8964260" lon="14.8075720">
    <ele>502.6</ele>
   </trkpt>
   <trkpt lat="36.8965480" lon="14.8074180">
    <ele>503.6</ele>
   </trkpt>
   <trkpt lat="36.8965620" lon="14.8073990">
    <ele>503.8</ele>
   </trkpt>
   <trkpt lat="36.8966370" lon="14.8072890">
    <ele>504.4</ele>
   </trkpt>
   <trkpt lat="36.8966540" lon="14.8072680">
    <ele>504.6</ele>
   </trkpt>
   <trkpt lat="36.8966700" lon="14.8072460">
    <ele>504.8</ele>
   </trkpt>
   <trkpt lat="36.8967550" lon="14.8070920">
    <ele>506.2</ele>
   </trkpt>
   <trkpt lat="36.8967650" lon="14.8070600">
    <ele>506.4</ele>
   </trkpt>
   <trkpt lat="36.8968350" lon="14.8069470">
    <ele>507.4</ele>
   </trkpt>
   <trkpt lat="36.8968600" lon="14.8069070">
    <ele>507.6</ele>
   </trkpt>
   <trkpt lat="36.8969510" lon="14.8067610">
    <ele>508.6</ele>
   </trkpt>
   <trkpt lat="36.8969660" lon="14.8067400">
    <ele>508.8</ele>
   </trkpt>
   <trkpt lat="36.8970500" lon="14.8066380">
    <ele>509.6</ele>
   </trkpt>
   <trkpt lat="36.8971400" lon="14.8065560">
    <ele>510.2</ele>
   </trkpt>
   <trkpt lat="36.8972140" lon="14.8065150">
    <ele>509.8</ele>
   </trkpt>
   <trkpt lat="36.8973230" lon="14.8064920">
    <ele>511.8</ele>
   </trkpt>
   <trkpt lat="36.8973430" lon="14.8064890">
    <ele>512.0</ele>
   </trkpt>
   <trkpt lat="36.8974640" lon="14.8065090">
    <ele>513.0</ele>
   </trkpt>
   <trkpt lat="36.8974830" lon="14.8065190">
    <ele>513.2</ele>
   </trkpt>
   <trkpt lat="36.8975660" lon="14.8065790">
    <ele>514.2</ele>
   </trkpt>
   <trkpt lat="36.8976050" lon="14.8066190">
    <ele>514.6</ele>
   </trkpt>
   <trkpt lat="36.8976510" lon="14.8066740">
    <ele>515.2</ele>
   </trkpt>
   <trkpt lat="36.8977580" lon="14.8068260">
    <ele>516.4</ele>
   </trkpt>
   <trkpt lat="36.8978440" lon="14.8069550">
    <ele>517.4</ele>
   </trkpt>
   <trkpt lat="36.8978870" lon="14.8070160">
    <ele>518.0</ele>
   </trkpt>
   <trkpt lat="36.8979310" lon="14.8070640">
    <ele>518.4</ele>
   </trkpt>
   <trkpt lat="36.8979970" lon="14.8071780">
    <ele>519.0</ele>
   </trkpt>
   <trkpt lat="36.8980760" lon="14.8072810">
    <ele>519.4</ele>
   </trkpt>
   <trkpt lat="36.8981150" lon="14.8073340">
    <ele>519.8</ele>
   </trkpt>
   <trkpt lat="36.8982130" lon="14.8074700">
    <ele>520.6</ele>
   </trkpt>
   <trkpt lat="36.8983160" lon="14.8076150">
    <ele>521.2</ele>
   </trkpt>
   <trkpt lat="36.8984720" lon="14.8078370">
    <ele>521.8</ele>
   </trkpt>
   <trkpt lat="36.8985420" lon="14.8079330">
    <ele>521.8</ele>
   </trkpt>
   <trkpt lat="36.8986840" lon="14.8081580">
    <ele>522.0</ele>
   </trkpt>
   <trkpt lat="36.8988380" lon="14.8084220">
    <ele>522.4</ele>
   </trkpt>
   <trkpt lat="36.8989960" lon="14.8086880">
    <ele>522.4</ele>
   </trkpt>
   <trkpt lat="36.8991540" lon="14.8089880">
    <ele>522.6</ele>
   </trkpt>
   <trkpt lat="36.8991970" lon="14.8090740">
    <ele>522.8</ele>
   </trkpt>
   <trkpt lat="36.8993130" lon="14.8093320">
    <ele>523.0</ele>
   </trkpt>
   <trkpt lat="36.8994690" lon="14.8096400">
    <ele>523.0</ele>
   </trkpt>
   <trkpt lat="36.8994910" lon="14.8096880">
    <ele>523.0</ele>
   </trkpt>
   <trkpt lat="36.8996840" lon="14.8100810">
    <ele>522.4</ele>
   </trkpt>
   <trkpt lat="36.8998300" lon="14.8103810">
    <ele>521.6</ele>
   </trkpt>
   <trkpt lat="36.8999670" lon="14.8106660">
    <ele>520.4</ele>
   </trkpt>
   <trkpt lat="36.9000860" lon="14.8108800">
    <ele>519.2</ele>
   </trkpt>
   <trkpt lat="36.9002680" lon="14.8111430">
    <ele>518.4</ele>
   </trkpt>
   <trkpt lat="36.9003200" lon="14.8112030">
    <ele>518.0</ele>
   </trkpt>
   <trkpt lat="36.9004320" lon="14.8113230">
    <ele>517.4</ele>
   </trkpt>
   <trkpt lat="36.9005530" lon="14.8114410">
    <ele>516.4</ele>
   </trkpt>
   <trkpt lat="36.9006710" lon="14.8115430">
    <ele>515.4</ele>
   </trkpt>
   <trkpt lat="36.9007520" lon="14.8116120">
    <ele>515.0</ele>
   </trkpt>
   <trkpt lat="36.9008910" lon="14.8117310">
    <ele>514.2</ele>
   </trkpt>
   <trkpt lat="36.9011770" lon="14.8119660">
    <ele>512.8</ele>
   </trkpt>
   <trkpt lat="36.9013280" lon="14.8120870">
    <ele>512.2</ele>
   </trkpt>
   <trkpt lat="36.9014830" lon="14.8122090">
    <ele>511.2</ele>
   </trkpt>
   <trkpt lat="36.9017240" lon="14.8123930">
    <ele>509.8</ele>
   </trkpt>
   <trkpt lat="36.9018870" lon="14.8125110">
    <ele>509.2</ele>
   </trkpt>
   <trkpt lat="36.9019660" lon="14.8125670">
    <ele>508.6</ele>
   </trkpt>
   <trkpt lat="36.9022870" lon="14.8127740">
    <ele>507.6</ele>
   </trkpt>
   <trkpt lat="36.9025950" lon="14.8129660">
    <ele>506.6</ele>
   </trkpt>
   <trkpt lat="36.9027460" lon="14.8130550">
    <ele>506.2</ele>
   </trkpt>
   <trkpt lat="36.9030370" lon="14.8132080">
    <ele>506.0</ele>
   </trkpt>
   <trkpt lat="36.9033810" lon="14.8133240">
    <ele>505.8</ele>
   </trkpt>
   <trkpt lat="36.9038040" lon="14.8133950">
    <ele>505.8</ele>
   </trkpt>
   <trkpt lat="36.9042470" lon="14.8133770">
    <ele>506.2</ele>
   </trkpt>
   <trkpt lat="36.9047320" lon="14.8132750">
    <ele>506.6</ele>
   </trkpt>
   <trkpt lat="36.9052790" lon="14.8131460">
    <ele>506.4</ele>
   </trkpt>
   <trkpt lat="36.9058710" lon="14.8130490">
    <ele>505.4</ele>
   </trkpt>
   <trkpt lat="36.9059910" lon="14.8130480">
    <ele>505.2</ele>
   </trkpt>
   <trkpt lat="36.9062930" lon="14.8130880">
    <ele>504.4</ele>
   </trkpt>
   <trkpt lat="36.9064120" lon="14.8131100">
    <ele>504.2</ele>
   </trkpt>
   <trkpt lat="36.9067620" lon="14.8131870">
    <ele>503.8</ele>
   </trkpt>
   <trkpt lat="36.9072430" lon="14.8132950">
    <ele>503.4</ele>
   </trkpt>
   <trkpt lat="36.9075760" lon="14.8133700">
    <ele>503.8</ele>
   </trkpt>
   <trkpt lat="36.9080140" lon="14.8134780">
    <ele>504.4</ele>
   </trkpt>
   <trkpt lat="36.9084740" lon="14.8135810">
    <ele>504.8</ele>
   </trkpt>
   <trkpt lat="36.9086960" lon="14.8136320">
    <ele>505.4</ele>
   </trkpt>
   <trkpt lat="36.9089440" lon="14.8136790">
    <ele>505.6</ele>
   </trkpt>
   <trkpt lat="36.9091150" lon="14.8137170">
    <ele>506.4</ele>
   </trkpt>
   <trkpt lat="36.9093120" lon="14.8137590">
    <ele>506.8</ele>
   </trkpt>
   <trkpt lat="36.9096650" lon="14.8138420">
    <ele>507.4</ele>
   </trkpt>
   <trkpt lat="36.9097000" lon="14.8138580">
    <ele>507.4</ele>
   </trkpt>
   <trkpt lat="36.9099160" lon="14.8139730">
    <ele>507.8</ele>
   </trkpt>
   <trkpt lat="36.9101460" lon="14.8142340">
    <ele>508.4</ele>
   </trkpt>
   <trkpt lat="36.9103540" lon="14.8145670">
    <ele>508.8</ele>
   </trkpt>
   <trkpt lat="36.9106490" lon="14.8150240">
    <ele>509.4</ele>
   </trkpt>
   <trkpt lat="36.9109460" lon="14.8154800">
    <ele>509.0</ele>
   </trkpt>
   <trkpt lat="36.9112170" lon="14.8158410">
    <ele>509.0</ele>
   </trkpt>
   <trkpt lat="36.9116300" lon="14.8162860">
    <ele>508.2</ele>
   </trkpt>
   <trkpt lat="36.9120910" lon="14.8166960">
    <ele>508.2</ele>
   </trkpt>
   <trkpt lat="36.9124880" lon="14.8170460">
    <ele>508.4</ele>
   </trkpt>
   <trkpt lat="36.9129220" lon="14.8174370">
    <ele>509.2</ele>
   </trkpt>
   <trkpt lat="36.9132960" lon="14.8177690">
    <ele>509.2</ele>
   </trkpt>
   <trkpt lat="36.9137500" lon="14.8181690">
    <ele>508.8</ele>
   </trkpt>
   <trkpt lat="36.9142180" lon="14.8185760">
    <ele>508.8</ele>
   </trkpt>
   <trkpt lat="36.9143120" lon="14.8186610">
    <ele>508.8</ele>
   </trkpt>
   <trkpt lat="36.9147020" lon="14.8189890">
    <ele>508.4</ele>
   </trkpt>
   <trkpt lat="36.9150240" lon="14.8192660">
    <ele>508.2</ele>
   </trkpt>
   <trkpt lat="36.9153800" lon="14.8195750">
    <ele>508.0</ele>
   </trkpt>
   <trkpt lat="36.9158060" lon="14.8199430">
    <ele>507.8</ele>
   </trkpt>
   <trkpt lat="36.9161660" lon="14.8203040">
    <ele>507.8</ele>
   </trkpt>
   <trkpt lat="36.9165290" lon="14.8207400">
    <ele>508.4</ele>
   </trkpt>
   <trkpt lat="36.9167980" lon="14.8211090">
    <ele>508.6</ele>
   </trkpt>
   <trkpt lat="36.9171390" lon="14.8215760">
    <ele>508.6</ele>
   </trkpt>
   <trkpt lat="36.9175280" lon="14.8221140">
    <ele>508.8</ele>
   </trkpt>
   <trkpt lat="36.9178540" lon="14.8224540">
    <ele>508.8</ele>
   </trkpt>
   <trkpt lat="36.9181620" lon="14.8226700">
    <ele>508.6</ele>
   </trkpt>
   <trkpt lat="36.9186200" lon="14.8229560">
    <ele>507.6</ele>
   </trkpt>
   <trkpt lat="36.9187300" lon="14.8230190">
    <ele>507.4</ele>
   </trkpt>
   <trkpt lat="36.9190650" lon="14.8232250">
    <ele>506.2</ele>
   </trkpt>
   <trkpt lat="36.9194960" lon="14.8234810">
    <ele>505.2</ele>
   </trkpt>
   <trkpt lat="36.9195610" lon="14.8235190">
    <ele>505.2</ele>
   </trkpt>
   <trkpt lat="36.9198960" lon="14.8237090">
    <ele>504.0</ele>
   </trkpt>
   <trkpt lat="36.9199370" lon="14.8237420">
    <ele>503.8</ele>
   </trkpt>
   <trkpt lat="36.9200080" lon="14.8238470">
    <ele>503.6</ele>
   </trkpt>
   <trkpt lat="36.9200360" lon="14.8238860">
    <ele>503.6</ele>
   </trkpt>
   <trkpt lat="36.9201250" lon="14.8239160">
    <ele>503.4</ele>
   </trkpt>
   <trkpt lat="36.9202060" lon="14.8238770">
    <ele>503.2</ele>
   </trkpt>
   <trkpt lat="36.9202370" lon="14.8237700">
    <ele>502.8</ele>
   </trkpt>
   <trkpt lat="36.9202400" lon="14.8237100">
    <ele>502.6</ele>
   </trkpt>
   <trkpt lat="36.9202460" lon="14.8236060">
    <ele>502.4</ele>
   </trkpt>
   <trkpt lat="36.9202780" lon="14.8235160">
    <ele>502.2</ele>
   </trkpt>
   <trkpt lat="36.9204220" lon="14.8232580">
    <ele>502.2</ele>
   </trkpt>
   <trkpt lat="36.9205650" lon="14.8228730">
    <ele>502.6</ele>
   </trkpt>
   <trkpt lat="36.9206200" lon="14.8226650">
    <ele>502.2</ele>
   </trkpt>
   <trkpt lat="36.9206690" lon="14.8224600">
    <ele>502.2</ele>
   </trkpt>
   <trkpt lat="36.9207610" lon="14.8222150">
    <ele>501.8</ele>
   </trkpt>
   <trkpt lat="36.9208000" lon="14.8221220">
    <ele>501.6</ele>
   </trkpt>
   <trkpt lat="36.9209240" lon="14.8217960">
    <ele>501.2</ele>
   </trkpt>
   <trkpt lat="36.9209440" lon="14.8217470">
    <ele>501.0</ele>
   </trkpt>
   <trkpt lat="36.9210690" lon="14.8213920">
    <ele>500.6</ele>
   </trkpt>
   <trkpt lat="36.9212300" lon="14.8208810">
    <ele>500.6</ele>
   </trkpt>
   <trkpt lat="36.9213970" lon="14.8203810">
    <ele>500.8</ele>
   </trkpt>
   <trkpt lat="36.9215520" lon="14.8199580">
    <ele>500.8</ele>
   </trkpt>
   <trkpt lat="36.9216750" lon="14.8195750">
    <ele>501.4</ele>
   </trkpt>
   <trkpt lat="36.9217180" lon="14.8194190">
    <ele>502.0</ele>
   </trkpt>
   <trkpt lat="36.9217620" lon="14.8192670">
    <ele>502.6</ele>
   </trkpt>
   <trkpt lat="36.9218310" lon="14.8190180">
    <ele>503.2</ele>
   </trkpt>
   <trkpt lat="36.9218910" lon="14.8187940">
    <ele>503.6</ele>
   </trkpt>
   <trkpt lat="36.9219310" lon="14.8183800">
    <ele>503.6</ele>
   </trkpt>
   <trkpt lat="36.9219350" lon="14.8182230">
    <ele>503.6</ele>
   </trkpt>
   <trkpt lat="36.9219440" lon="14.8180130">
    <ele>503.4</ele>
   </trkpt>
   <trkpt lat="36.9219400" lon="14.8177480">
    <ele>503.2</ele>
   </trkpt>
   <trkpt lat="36.9219240" lon="14.8176440">
    <ele>503.2</ele>
   </trkpt>
   <trkpt lat="36.9217970" lon="14.8172890">
    <ele>502.8</ele>
   </trkpt>
   <trkpt lat="36.9216460" lon="14.8170130">
    <ele>502.4</ele>
   </trkpt>
   <trkpt lat="36.9215760" lon="14.8168750">
    <ele>502.2</ele>
   </trkpt>
   <trkpt lat="36.9215560" lon="14.8168270">
    <ele>502.2</ele>
   </trkpt>
   <trkpt lat="36.9215260" lon="14.8167220">
    <ele>502.0</ele>
   </trkpt>
   <trkpt lat="36.9214910" lon="14.8165540">
    <ele>501.6</ele>
   </trkpt>
   <trkpt lat="36.9214400" lon="14.8163070">
    <ele>501.0</ele>
   </trkpt>
   <trkpt lat="36.9213850" lon="14.8160480">
    <ele>500.4</ele>
   </trkpt>
   <trkpt lat="36.9213560" lon="14.8159210">
    <ele>500.0</ele>
   </trkpt>
   <trkpt lat="36.9212810" lon="14.8155940">
    <ele>499.0</ele>
   </trkpt>
   <trkpt lat="36.9212710" lon="14.8155260">
    <ele>498.8</ele>
   </trkpt>
   <trkpt lat="36.9212670" lon="14.8154580">
    <ele>498.8</ele>
   </trkpt>
   <trkpt lat="36.9212690" lon="14.8153870">
    <ele>498.6</ele>
   </trkpt>
   <trkpt lat="36.9212990" lon="14.8150920">
    <ele>497.8</ele>
   </trkpt>
   <trkpt lat="36.9213120" lon="14.8150170">
    <ele>497.6</ele>
   </trkpt>
   <trkpt lat="36.9213990" lon="14.8147300">
    <ele>496.6</ele>
   </trkpt>
   <trkpt lat="36.9214490" lon="14.8145920">
    <ele>496.2</ele>
   </trkpt>
   <trkpt lat="36.9215460" lon="14.8143580">
    <ele>495.6</ele>
   </trkpt>
   <trkpt lat="36.9215700" lon="14.8142940">
    <ele>495.4</ele>
   </trkpt>
   <trkpt lat="36.9216190" lon="14.8141790">
    <ele>495.2</ele>
   </trkpt>
   <trkpt lat="36.9216930" lon="14.8139670">
    <ele>494.6</ele>
   </trkpt>
   <trkpt lat="36.9217140" lon="14.8139180">
    <ele>494.6</ele>
   </trkpt>
   <trkpt lat="36.9217510" lon="14.8138190">
    <ele>494.4</ele>
   </trkpt>
   <trkpt lat="36.9218010" lon="14.8136580">
    <ele>494.2</ele>
   </trkpt>
   <trkpt lat="36.9219690" lon="14.8131530">
    <ele>493.8</ele>
   </trkpt>
   <trkpt lat="36.9221350" lon="14.8126830">
    <ele>493.6</ele>
   </trkpt>
   <trkpt lat="36.9222970" lon="14.8122280">
    <ele>493.8</ele>
   </trkpt>
   <trkpt lat="36.9224410" lon="14.8117110">
    <ele>494.0</ele>
   </trkpt>
   <trkpt lat="36.9225380" lon="14.8113460">
    <ele>494.2</ele>
   </trkpt>
   <trkpt lat="36.9226380" lon="14.8108970">
    <ele>494.8</ele>
   </trkpt>
   <trkpt lat="36.9227040" lon="14.8105960">
    <ele>495.6</ele>
   </trkpt>
   <trkpt lat="36.9227240" lon="14.8105160">
    <ele>495.6</ele>
   </trkpt>
   <trkpt lat="36.9227630" lon="14.8102860">
    <ele>496.2</ele>
   </trkpt>
   <trkpt lat="36.9228060" lon="14.8100220">
    <ele>496.6</ele>
   </trkpt>
   <trkpt lat="36.9228130" lon="14.8099840">
    <ele>496.8</ele>
   </trkpt>
   <trkpt lat="36.9228470" lon="14.8097080">
    <ele>497.2</ele>
   </trkpt>
   <trkpt lat="36.9228810" lon="14.8094640">
    <ele>497.6</ele>
   </trkpt>
   <trkpt lat="36.9228990" lon="14.8093610">
    <ele>498.0</ele>
   </trkpt>
   <trkpt lat="36.9229250" lon="14.8091810">
    <ele>498.8</ele>
   </trkpt>
   <trkpt lat="36.9229350" lon="14.8091010">
    <ele>499.2</ele>
   </trkpt>
   <trkpt lat="36.9229500" lon="14.8090040">
    <ele>499.8</ele>
   </trkpt>
   <trkpt lat="36.9229700" lon="14.8088930">
    <ele>500.2</ele>
   </trkpt>
   <trkpt lat="36.9229880" lon="14.8087750">
    <ele>501.0</ele>
   </trkpt>
   <trkpt lat="36.9229920" lon="14.8087070">
    <ele>501.4</ele>
   </trkpt>
   <trkpt lat="36.9230020" lon="14.8086270">
    <ele>502.0</ele>
   </trkpt>
   <trkpt lat="36.9230280" lon="14.8084390">
    <ele>503.0</ele>
   </trkpt>
   <trkpt lat="36.9230320" lon="14.8084130">
    <ele>503.2</ele>
   </trkpt>
   <trkpt lat="36.9230510" lon="14.8082990">
    <ele>504.2</ele>
   </trkpt>
   <trkpt lat="36.9230680" lon="14.8081620">
    <ele>505.2</ele>
   </trkpt>
   <trkpt lat="36.9230720" lon="14.8081400">
    <ele>505.2</ele>
   </trkpt>
   <trkpt lat="36.9230910" lon="14.8080020">
    <ele>506.4</ele>
   </trkpt>
   <trkpt lat="36.9231040" lon="14.8079170">
    <ele>507.2</ele>
   </trkpt>
   <trkpt lat="36.9231040" lon="14.8078950">
    <ele>507.4</ele>
   </trkpt>
   <trkpt lat="36.9231330" lon="14.8077390">
    <ele>508.6</ele>
   </trkpt>
   <trkpt lat="36.9231340" lon="14.8077180">
    <ele>508.8</ele>
   </trkpt>
   <trkpt lat="36.9231660" lon="14.8075750">
    <ele>509.8</ele>
   </trkpt>
   <trkpt lat="36.9231710" lon="14.8075530">
    <ele>510.0</ele>
   </trkpt>
   <trkpt lat="36.9232130" lon="14.8073890">
    <ele>510.8</ele>
   </trkpt>
   <trkpt lat="36.9232200" lon="14.8073420">
    <ele>511.2</ele>
   </trkpt>
   <trkpt lat="36.9232580" lon="14.8071860">
    <ele>511.8</ele>
   </trkpt>
   <trkpt lat="36.9232650" lon="14.8071630">
    <ele>512.0</ele>
   </trkpt>
   <trkpt lat="36.9233050" lon="14.8069960">
    <ele>513.0</ele>
   </trkpt>
   <trkpt lat="36.9233550" lon="14.8068260">
    <ele>513.8</ele>
   </trkpt>
   <trkpt lat="36.9233610" lon="14.8068060">
    <ele>514.0</ele>
   </trkpt>
   <trkpt lat="36.9234000" lon="14.8066270">
    <ele>515.0</ele>
   </trkpt>
   <trkpt lat="36.9234090" lon="14.8065830">
    <ele>515.2</ele>
   </trkpt>
   <trkpt lat="36.9234450" lon="14.8064570">
    <ele>516.0</ele>
   </trkpt>
   <trkpt lat="36.9234600" lon="14.8064170">
    <ele>516.4</ele>
   </trkpt>
   <trkpt lat="36.9234960" lon="14.8062930">
    <ele>517.2</ele>
   </trkpt>
   <trkpt lat="36.9235180" lon="14.8062060">
    <ele>517.8</ele>
   </trkpt>
   <trkpt lat="36.9235310" lon="14.8061630">
    <ele>518.2</ele>
   </trkpt>
   <trkpt lat="36.9235640" lon="14.8060290">
    <ele>519.0</ele>
   </trkpt>
   <trkpt lat="36.9235710" lon="14.8060080">
    <ele>519.2</ele>
   </trkpt>
   <trkpt lat="36.9235990" lon="14.8058770">
    <ele>520.0</ele>
   </trkpt>
   <trkpt lat="36.9236050" lon="14.8058330">
    <ele>520.2</ele>
   </trkpt>
   <trkpt lat="36.9236440" lon="14.8056660">
    <ele>521.2</ele>
   </trkpt>
   <trkpt lat="36.9236490" lon="14.8056430">
    <ele>521.2</ele>
   </trkpt>
   <trkpt lat="36.9236820" lon="14.8055260">
    <ele>522.0</ele>
   </trkpt>
   <trkpt lat="36.9236870" lon="14.8054840">
    <ele>522.4</ele>
   </trkpt>
   <trkpt lat="36.9237290" lon="14.8053070">
    <ele>523.4</ele>
   </trkpt>
   <trkpt lat="36.9237570" lon="14.8051900">
    <ele>524.6</ele>
   </trkpt>
   <trkpt lat="36.9237640" lon="14.8050760">
    <ele>525.2</ele>
   </trkpt>
   <trkpt lat="36.9237570" lon="14.8050080">
    <ele>525.6</ele>
   </trkpt>
   <trkpt lat="36.9237460" lon="14.8049470">
    <ele>526.0</ele>
   </trkpt>
   <trkpt lat="36.9237360" lon="14.8048850">
    <ele>526.6</ele>
   </trkpt>
   <trkpt lat="36.9237280" lon="14.8047920">
    <ele>527.4</ele>
   </trkpt>
   <trkpt lat="36.9237280" lon="14.8047400">
    <ele>527.6</ele>
   </trkpt>
   <trkpt lat="36.9237280" lon="14.8046450">
    <ele>528.2</ele>
   </trkpt>
   <trkpt lat="36.9237270" lon="14.8045060">
    <ele>529.0</ele>
   </trkpt>
   <trkpt lat="36.9237230" lon="14.8044290">
    <ele>529.4</ele>
   </trkpt>
   <trkpt lat="36.9237220" lon="14.8043260">
    <ele>530.2</ele>
   </trkpt>
   <trkpt lat="36.9237440" lon="14.8041240">
    <ele>531.2</ele>
   </trkpt>
   <trkpt lat="36.9237470" lon="14.8040970">
    <ele>531.4</ele>
   </trkpt>
   <trkpt lat="36.9237730" lon="14.8039220">
    <ele>532.6</ele>
   </trkpt>
   <trkpt lat="36.9237750" lon="14.8038960">
    <ele>532.6</ele>
   </trkpt>
   <trkpt lat="36.9238140" lon="14.8036790">
    <ele>533.8</ele>
   </trkpt>
   <trkpt lat="36.9238200" lon="14.8036520">
    <ele>534.0</ele>
   </trkpt>
   <trkpt lat="36.9238690" lon="14.8034640">
    <ele>534.8</ele>
   </trkpt>
   <trkpt lat="36.9238840" lon="14.8034140">
    <ele>535.0</ele>
   </trkpt>
   <trkpt lat="36.9239910" lon="14.8031980">
    <ele>535.8</ele>
   </trkpt>
   <trkpt lat="36.9240250" lon="14.8031380">
    <ele>536.0</ele>
   </trkpt>
   <trkpt lat="36.9241940" lon="14.8028240">
    <ele>536.6</ele>
   </trkpt>
   <trkpt lat="36.9243800" lon="14.8025050">
    <ele>536.8</ele>
   </trkpt>
   <trkpt lat="36.9244610" lon="14.8023610">
    <ele>537.0</ele>
   </trkpt>
   <trkpt lat="36.9245380" lon="14.8022170">
    <ele>537.4</ele>
   </trkpt>
   <trkpt lat="36.9246170" lon="14.8020790">
    <ele>538.2</ele>
   </trkpt>
   <trkpt lat="36.9247120" lon="14.8019150">
    <ele>538.8</ele>
   </trkpt>
   <trkpt lat="36.9247510" lon="14.8018480">
    <ele>539.2</ele>
   </trkpt>
   <trkpt lat="36.9248610" lon="14.8016700">
    <ele>540.4</ele>
   </trkpt>
   <trkpt lat="36.9249980" lon="14.8014550">
    <ele>541.2</ele>
   </trkpt>
   <trkpt lat="36.9250320" lon="14.8014060">
    <ele>541.6</ele>
   </trkpt>
   <trkpt lat="36.9251620" lon="14.8012120">
    <ele>542.4</ele>
   </trkpt>
   <trkpt lat="36.9251740" lon="14.8011920">
    <ele>542.6</ele>
   </trkpt>
   <trkpt lat="36.9253360" lon="14.8009490">
    <ele>543.8</ele>
   </trkpt>
   <trkpt lat="36.9254730" lon="14.8007510">
    <ele>544.6</ele>
   </trkpt>
   <trkpt lat="36.9255040" lon="14.8007040">
    <ele>544.8</ele>
   </trkpt>
   <trkpt lat="36.9256350" lon="14.8005150">
    <ele>545.6</ele>
   </trkpt>
   <trkpt lat="36.9256670" lon="14.8004710">
    <ele>546.0</ele>
   </trkpt>
   <trkpt lat="36.9257840" lon="14.8002930">
    <ele>546.8</ele>
   </trkpt>
   <trkpt lat="36.9258180" lon="14.8002470">
    <ele>547.0</ele>
   </trkpt>
   <trkpt lat="36.9259130" lon="14.8001220">
    <ele>548.2</ele>
   </trkpt>
   <trkpt lat="36.9259470" lon="14.8000780">
    <ele>548.6</ele>
   </trkpt>
   <trkpt lat="36.9260010" lon="14.7999930">
    <ele>549.4</ele>
   </trkpt>
   <trkpt lat="36.9260580" lon="14.7999050">
    <ele>549.8</ele>
   </trkpt>
   <trkpt lat="36.9261210" lon="14.7998150">
    <ele>550.4</ele>
   </trkpt>
   <trkpt lat="36.9262010" lon="14.7996980">
    <ele>551.0</ele>
   </trkpt>
   <trkpt lat="36.9262720" lon="14.7996020">
    <ele>551.4</ele>
   </trkpt>
   <trkpt lat="36.9263940" lon="14.7994260">
    <ele>552.2</ele>
   </trkpt>
   <trkpt lat="36.9264300" lon="14.7993720">
    <ele>552.4</ele>
   </trkpt>
   <trkpt lat="36.9265900" lon="14.7991140">
    <ele>553.6</ele>
   </trkpt>
   <trkpt lat="36.9266050" lon="14.7990910">
    <ele>553.6</ele>
   </trkpt>
   <trkpt lat="36.9266840" lon="14.7989370">
    <ele>554.6</ele>
   </trkpt>
   <trkpt lat="36.9267490" lon="14.7987780">
    <ele>555.2</ele>
   </trkpt>
   <trkpt lat="36.9267920" lon="14.7986800">
    <ele>555.6</ele>
   </trkpt>
   <trkpt lat="36.9268680" lon="14.7984690">
    <ele>555.6</ele>
   </trkpt>
   <trkpt lat="36.9269980" lon="14.7981120">
    <ele>556.4</ele>
   </trkpt>
   <trkpt lat="36.9270490" lon="14.7979610">
    <ele>556.6</ele>
   </trkpt>
   <trkpt lat="36.9270840" lon="14.7978780">
    <ele>556.8</ele>
   </trkpt>
   <trkpt lat="36.9272100" lon="14.7975400">
    <ele>557.4</ele>
   </trkpt>
   <trkpt lat="36.9272710" lon="14.7973660">
    <ele>557.6</ele>
   </trkpt>
   <trkpt lat="36.9273620" lon="14.7971110">
    <ele>558.2</ele>
   </trkpt>
   <trkpt lat="36.9274030" lon="14.7969870">
    <ele>558.6</ele>
   </trkpt>
   <trkpt lat="36.9274730" lon="14.7967830">
    <ele>559.2</ele>
   </trkpt>
   <trkpt lat="36.9275000" lon="14.7966990">
    <ele>559.8</ele>
   </trkpt>
   <trkpt lat="36.9275440" lon="14.7965600">
    <ele>561.0</ele>
   </trkpt>
   <trkpt lat="36.9276400" lon="14.7962770">
    <ele>561.8</ele>
   </trkpt>
   <trkpt lat="36.9277190" lon="14.7960560">
    <ele>563.0</ele>
   </trkpt>
   <trkpt lat="36.9277260" lon="14.7960290">
    <ele>563.0</ele>
   </trkpt>
   <trkpt lat="36.9277360" lon="14.7960020">
    <ele>563.2</ele>
   </trkpt>
   <trkpt lat="36.9277900" lon="14.7958550">
    <ele>563.6</ele>
   </trkpt>
   <trkpt lat="36.9278330" lon="14.7957760">
    <ele>564.0</ele>
   </trkpt>
   <trkpt lat="36.9278930" lon="14.7956620">
    <ele>564.6</ele>
   </trkpt>
   <trkpt lat="36.9279330" lon="14.7955910">
    <ele>565.0</ele>
   </trkpt>
   <trkpt lat="36.9279630" lon="14.7955400">
    <ele>565.4</ele>
   </trkpt>
   <trkpt lat="36.9279850" lon="14.7954800">
    <ele>565.6</ele>
   </trkpt>
   <trkpt lat="36.9280290" lon="14.7954060">
    <ele>566.2</ele>
   </trkpt>
   <trkpt lat="36.9280720" lon="14.7953250">
    <ele>566.6</ele>
   </trkpt>
   <trkpt lat="36.9282020" lon="14.7951440">
    <ele>567.0</ele>
   </trkpt>
   <trkpt lat="36.9283030" lon="14.7950810">
    <ele>567.2</ele>
   </trkpt>
   <trkpt lat="36.9283850" lon="14.7950520">
    <ele>567.4</ele>
   </trkpt>
   <trkpt lat="36.9285980" lon="14.7950050">
    <ele>568.0</ele>
   </trkpt>
   <trkpt lat="36.9288420" lon="14.7949390">
    <ele>568.0</ele>
   </trkpt>
   <trkpt lat="36.9288820" lon="14.7949280">
    <ele>568.0</ele>
   </trkpt>
   <trkpt lat="36.9291160" lon="14.7948430">
    <ele>568.0</ele>
   </trkpt>
   <trkpt lat="36.9294010" lon="14.7946790">
    <ele>568.0</ele>
   </trkpt>
   <trkpt lat="36.9298340" lon="14.7943630">
    <ele>568.2</ele>
   </trkpt>
   <trkpt lat="36.9299620" lon="14.7942530">
    <ele>568.4</ele>
   </trkpt>
   <trkpt lat="36.9301810" lon="14.7940360">
    <ele>568.4</ele>
   </trkpt>
   <trkpt lat="36.9303930" lon="14.7937150">
    <ele>568.6</ele>
   </trkpt>
   <trkpt lat="36.9305200" lon="14.7933690">
    <ele>569.0</ele>
   </trkpt>
   <trkpt lat="36.9305520" lon="14.7932380">
    <ele>569.4</ele>
   </trkpt>
   <trkpt lat="36.9306170" lon="14.7929630">
    <ele>570.4</ele>
   </trkpt>
   <trkpt lat="36.9306250" lon="14.7929260">
    <ele>570.4</ele>
   </trkpt>
   <trkpt lat="36.9306990" lon="14.7926090">
    <ele>571.4</ele>
   </trkpt>
   <trkpt lat="36.9307070" lon="14.7925760">
    <ele>571.4</ele>
   </trkpt>
   <trkpt lat="36.9307420" lon="14.7924320">
    <ele>572.4</ele>
   </trkpt>
   <trkpt lat="36.9307710" lon="14.7923060">
    <ele>573.6</ele>
   </trkpt>
   <trkpt lat="36.9307940" lon="14.7922120">
    <ele>574.6</ele>
   </trkpt>
   <trkpt lat="36.9308110" lon="14.7921380">
    <ele>575.2</ele>
   </trkpt>
   <trkpt lat="36.9308210" lon="14.7920830">
    <ele>575.6</ele>
   </trkpt>
   <trkpt lat="36.9308400" lon="14.7919710">
    <ele>576.8</ele>
   </trkpt>
   <trkpt lat="36.9308470" lon="14.7919360">
    <ele>577.2</ele>
   </trkpt>
   <trkpt lat="36.9308700" lon="14.7918630">
    <ele>577.8</ele>
   </trkpt>
   <trkpt lat="36.9308910" lon="14.7917920">
    <ele>578.8</ele>
   </trkpt>
   <trkpt lat="36.9308950" lon="14.7917730">
    <ele>578.8</ele>
   </trkpt>
   <trkpt lat="36.9309120" lon="14.7916740">
    <ele>580.0</ele>
   </trkpt>
   <trkpt lat="36.9309560" lon="14.7915650">
    <ele>580.8</ele>
   </trkpt>
   <trkpt lat="36.9309790" lon="14.7915260">
    <ele>581.2</ele>
   </trkpt>
   <trkpt lat="36.9310560" lon="14.7914260">
    <ele>581.8</ele>
   </trkpt>
   <trkpt lat="36.9310920" lon="14.7913680">
    <ele>582.4</ele>
   </trkpt>
   <trkpt lat="36.9311260" lon="14.7913140">
    <ele>583.0</ele>
   </trkpt>
   <trkpt lat="36.9311860" lon="14.7912200">
    <ele>583.6</ele>
   </trkpt>
   <trkpt lat="36.9312470" lon="14.7911250">
    <ele>584.2</ele>
   </trkpt>
   <trkpt lat="36.9312680" lon="14.7910920">
    <ele>584.6</ele>
   </trkpt>
   <trkpt lat="36.9313270" lon="14.7910020">
    <ele>585.2</ele>
   </trkpt>
   <trkpt lat="36.9313840" lon="14.7909200">
    <ele>585.8</ele>
   </trkpt>
   <trkpt lat="36.9314680" lon="14.7907870">
    <ele>586.6</ele>
   </trkpt>
   <trkpt lat="36.9315000" lon="14.7907500">
    <ele>586.8</ele>
   </trkpt>
   <trkpt lat="36.9316040" lon="14.7906160">
    <ele>587.4</ele>
   </trkpt>
   <trkpt lat="36.9316840" lon="14.7905040">
    <ele>587.8</ele>
   </trkpt>
   <trkpt lat="36.9317750" lon="14.7903760">
    <ele>588.0</ele>
   </trkpt>
   <trkpt lat="36.9319670" lon="14.7901550">
    <ele>588.4</ele>
   </trkpt>
   <trkpt lat="36.9322900" lon="14.7898910">
    <ele>588.6</ele>
   </trkpt>
   <trkpt lat="36.9326250" lon="14.7897140">
    <ele>589.4</ele>
   </trkpt>
   <trkpt lat="36.9328260" lon="14.7896260">
    <ele>589.8</ele>
   </trkpt>
   <trkpt lat="36.9330100" lon="14.7895560">
    <ele>590.2</ele>
   </trkpt>
   <trkpt lat="36.9334000" lon="14.7893940">
    <ele>589.8</ele>
   </trkpt>
   <trkpt lat="36.9337900" lon="14.7892380">
    <ele>588.8</ele>
   </trkpt>
   <trkpt lat="36.9339890" lon="14.7891920">
    <ele>588.6</ele>
   </trkpt>
   <trkpt lat="36.9341000" lon="14.7891810">
    <ele>588.2</ele>
   </trkpt>
   <trkpt lat="36.9341560" lon="14.7891890">
    <ele>588.0</ele>
   </trkpt>
   <trkpt lat="36.9342730" lon="14.7892230">
    <ele>587.4</ele>
   </trkpt>
   <trkpt lat="36.9345010" lon="14.7893170">
    <ele>586.6</ele>
   </trkpt>
   <trkpt lat="36.9345580" lon="14.7893460">
    <ele>586.4</ele>
   </trkpt>
   <trkpt lat="36.9348940" lon="14.7895380">
    <ele>585.4</ele>
   </trkpt>
   <trkpt lat="36.9350580" lon="14.7896310">
    <ele>584.8</ele>
   </trkpt>
   <trkpt lat="36.9353330" lon="14.7897890">
    <ele>584.2</ele>
   </trkpt>
   <trkpt lat="36.9355540" lon="14.7899120">
    <ele>583.8</ele>
   </trkpt>
   <trkpt lat="36.9357760" lon="14.7900330">
    <ele>583.2</ele>
   </trkpt>
   <trkpt lat="36.9362320" lon="14.7902790">
    <ele>582.6</ele>
   </trkpt>
   <trkpt lat="36.9364030" lon="14.7903740">
    <ele>582.0</ele>
   </trkpt>
   <trkpt lat="36.9368150" lon="14.7906070">
    <ele>581.4</ele>
   </trkpt>
   <trkpt lat="36.9371280" lon="14.7907780">
    <ele>581.0</ele>
   </trkpt>
   <trkpt lat="36.9374370" lon="14.7909480">
    <ele>579.8</ele>
   </trkpt>
   <trkpt lat="36.9379770" lon="14.7912410">
    <ele>579.0</ele>
   </trkpt>
   <trkpt lat="36.9380370" lon="14.7912770">
    <ele>578.8</ele>
   </trkpt>
   <trkpt lat="36.9380980" lon="14.7913170">
    <ele>578.8</ele>
   </trkpt>
   <trkpt lat="36.9383390" lon="14.7915260">
    <ele>578.2</ele>
   </trkpt>
   <trkpt lat="36.9384600" lon="14.7916500">
    <ele>577.8</ele>
   </trkpt>
   <trkpt lat="36.9387180" lon="14.7919170">
    <ele>576.4</ele>
   </trkpt>
   <trkpt lat="36.9387870" lon="14.7919840">
    <ele>576.0</ele>
   </trkpt>
   <trkpt lat="36.9389260" lon="14.7921180">
    <ele>575.2</ele>
   </trkpt>
   <trkpt lat="36.9391900" lon="14.7923910">
    <ele>573.6</ele>
   </trkpt>
   <trkpt lat="36.9393810" lon="14.7925940">
    <ele>573.2</ele>
   </trkpt>
   <trkpt lat="36.9396400" lon="14.7928550">
    <ele>572.4</ele>
   </trkpt>
   <trkpt lat="36.9399540" lon="14.7931720">
    <ele>571.4</ele>
   </trkpt>
   <trkpt lat="36.9404400" lon="14.7936330">
    <ele>570.2</ele>
   </trkpt>
   <trkpt lat="36.9409140" lon="14.7940270">
    <ele>569.2</ele>
   </trkpt>
   <trkpt lat="36.9409740" lon="14.7940670">
    <ele>569.2</ele>
   </trkpt>
   <trkpt lat="36.9413710" lon="14.7943490">
    <ele>568.6</ele>
   </trkpt>
   <trkpt lat="36.9416390" lon="14.7945410">
    <ele>568.0</ele>
   </trkpt>
   <trkpt lat="36.9417980" lon="14.7946550">
    <ele>567.8</ele>
   </trkpt>
   <trkpt lat="36.9422710" lon="14.7949980">
    <ele>567.4</ele>
   </trkpt>
   <trkpt lat="36.9424240" lon="14.7951090">
    <ele>567.2</ele>
   </trkpt>
   <trkpt lat="36.9429230" lon="14.7954640">
    <ele>567.2</ele>
   </trkpt>
   <trkpt lat="36.9434380" lon="14.7957880">
    <ele>567.2</ele>
   </trkpt>
   <trkpt lat="36.9439620" lon="14.7960900">
    <ele>567.0</ele>
   </trkpt>
   <trkpt lat="36.9440130" lon="14.7961190">
    <ele>567.0</ele>
   </trkpt>
   <trkpt lat="36.9444560" lon="14.7963950">
    <ele>566.8</ele>
   </trkpt>
   <trkpt lat="36.9449160" lon="14.7967620">
    <ele>565.8</ele>
   </trkpt>
   <trkpt lat="36.9450240" lon="14.7968580">
    <ele>565.6</ele>
   </trkpt>
   <trkpt lat="36.9452510" lon="14.7970620">
    <ele>564.6</ele>
   </trkpt>
   <trkpt lat="36.9454690" lon="14.7972720">
    <ele>563.8</ele>
   </trkpt>
   <trkpt lat="36.9455210" lon="14.7973240">
    <ele>563.6</ele>
   </trkpt>
   <trkpt lat="36.9459870" lon="14.7977780">
    <ele>563.0</ele>
   </trkpt>
   <trkpt lat="36.9460830" lon="14.7978760">
    <ele>562.8</ele>
   </trkpt>
   <trkpt lat="36.9462810" lon="14.7980690">
    <ele>562.6</ele>
   </trkpt>
   <trkpt lat="36.9466750" lon="14.7984500">
    <ele>562.4</ele>
   </trkpt>
   <trkpt lat="36.9470520" lon="14.7986580">
    <ele>562.4</ele>
   </trkpt>
   <trkpt lat="36.9474280" lon="14.7988210">
    <ele>562.6</ele>
   </trkpt>
   <trkpt lat="36.9475320" lon="14.7988650">
    <ele>562.6</ele>
   </trkpt>
   <trkpt lat="36.9480300" lon="14.7990780">
    <ele>562.8</ele>
   </trkpt>
   <trkpt lat="36.9484130" lon="14.7992300">
    <ele>563.4</ele>
   </trkpt>
   <trkpt lat="36.9484470" lon="14.7992480">
    <ele>563.6</ele>
   </trkpt>
   <trkpt lat="36.9485600" lon="14.7992940">
    <ele>563.8</ele>
   </trkpt>
   <trkpt lat="36.9486350" lon="14.7993130">
    <ele>564.0</ele>
   </trkpt>
   <trkpt lat="36.9487980" lon="14.7993790">
    <ele>564.4</ele>
   </trkpt>
   <trkpt lat="36.9489980" lon="14.7994590">
    <ele>564.8</ele>
   </trkpt>
   <trkpt lat="36.9493840" lon="14.7995730">
    <ele>564.8</ele>
   </trkpt>
   <trkpt lat="36.9498940" lon="14.7996310">
    <ele>563.6</ele>
   </trkpt>
   <trkpt lat="36.9499990" lon="14.7996450">
    <ele>563.4</ele>
   </trkpt>
   <trkpt lat="36.9503070" lon="14.7996840">
    <ele>562.8</ele>
   </trkpt>
   <trkpt lat="36.9506430" lon="14.7997250">
    <ele>562.4</ele>
   </trkpt>
   <trkpt lat="36.9507900" lon="14.7997420">
    <ele>562.2</ele>
   </trkpt>
   <trkpt lat="36.9511390" lon="14.7997860">
    <ele>562.2</ele>
   </trkpt>
   <trkpt lat="36.9516780" lon="14.7998590">
    <ele>562.0</ele>
   </trkpt>
   <trkpt lat="36.9517360" lon="14.7998710">
    <ele>562.0</ele>
   </trkpt>
   <trkpt lat="36.9521730" lon="14.7999790">
    <ele>561.8</ele>
   </trkpt>
   <trkpt lat="36.9524210" lon="14.8000370">
    <ele>561.8</ele>
   </trkpt>
   <trkpt lat="36.9524630" lon="14.8000400">
    <ele>561.8</ele>
   </trkpt>
   <trkpt lat="36.9526760" lon="14.8001000">
    <ele>562.4</ele>
   </trkpt>
   <trkpt lat="36.9529590" lon="14.8001800">
    <ele>562.6</ele>
   </trkpt>
   <trkpt lat="36.9531890" lon="14.8002340">
    <ele>562.6</ele>
   </trkpt>
   <trkpt lat="36.9535690" lon="14.8003040">
    <ele>562.2</ele>
   </trkpt>
   <trkpt lat="36.9539880" lon="14.8004260">
    <ele>561.8</ele>
   </trkpt>
   <trkpt lat="36.9541340" lon="14.8004710">
    <ele>561.6</ele>
   </trkpt>
   <trkpt lat="36.9541380" lon="14.8004730">
    <ele>561.6</ele>
   </trkpt>
   <trkpt lat="36.9541820" lon="14.8004720">
    <ele>561.4</ele>
   </trkpt>
   <trkpt lat="36.9542040" lon="14.8004790">
    <ele>561.4</ele>
   </trkpt>
   <trkpt lat="36.9543960" lon="14.8005370">
    <ele>561.6</ele>
   </trkpt>
   <trkpt lat="36.9546140" lon="14.8005780">
    <ele>561.6</ele>
   </trkpt>
   <trkpt lat="36.9549720" lon="14.8006770">
    <ele>562.2</ele>
   </trkpt>
   <trkpt lat="36.9552390" lon="14.8007430">
    <ele>563.2</ele>
   </trkpt>
   <trkpt lat="36.9553030" lon="14.8007590">
    <ele>563.4</ele>
   </trkpt>
   <trkpt lat="36.9554650" lon="14.8007990">
    <ele>564.4</ele>
   </trkpt>
   <trkpt lat="36.9557030" lon="14.8008640">
    <ele>564.8</ele>
   </trkpt>
   <trkpt lat="36.9560050" lon="14.8009340">
    <ele>565.4</ele>
   </trkpt>
   <trkpt lat="36.9560670" lon="14.8009490">
    <ele>565.6</ele>
   </trkpt>
   <trkpt lat="36.9562940" lon="14.8010230">
    <ele>566.6</ele>
   </trkpt>
   <trkpt lat="36.9563940" lon="14.8010580">
    <ele>566.8</ele>
   </trkpt>
   <trkpt lat="36.9565910" lon="14.8011500">
    <ele>567.6</ele>
   </trkpt>
   <trkpt lat="36.9566180" lon="14.8011670">
    <ele>567.6</ele>
   </trkpt>
   <trkpt lat="36.9568080" lon="14.8012280">
    <ele>568.0</ele>
   </trkpt>
   <trkpt lat="36.9570100" lon="14.8013060">
    <ele>568.6</ele>
   </trkpt>
   <trkpt lat="36.9570480" lon="14.8013130">
    <ele>568.6</ele>
   </trkpt>
   <trkpt lat="36.9573800" lon="14.8014390">
    <ele>569.2</ele>
   </trkpt>
   <trkpt lat="36.9575530" lon="14.8015080">
    <ele>569.4</ele>
   </trkpt>
   <trkpt lat="36.9576960" lon="14.8015610">
    <ele>569.6</ele>
   </trkpt>
   <trkpt lat="36.9577670" lon="14.8015920">
    <ele>569.6</ele>
   </trkpt>
   <trkpt lat="36.9579960" lon="14.8016940">
    <ele>570.0</ele>
   </trkpt>
   <trkpt lat="36.9582320" lon="14.8017910">
    <ele>570.8</ele>
   </trkpt>
   <trkpt lat="36.9584010" lon="14.8018550">
    <ele>571.0</ele>
   </trkpt>
   <trkpt lat="36.9587420" lon="14.8019860">
    <ele>571.6</ele>
   </trkpt>
   <trkpt lat="36.9590830" lon="14.8021430">
    <ele>571.2</ele>
   </trkpt>
   <trkpt lat="36.9594380" lon="14.8023340">
    <ele>571.0</ele>
   </trkpt>
   <trkpt lat="36.9597930" lon="14.8025510">
    <ele>571.8</ele>
   </trkpt>
   <trkpt lat="36.9598310" lon="14.8025800">
    <ele>571.8</ele>
   </trkpt>
   <trkpt lat="36.9601300" lon="14.8028230">
    <ele>571.6</ele>
   </trkpt>
   <trkpt lat="36.9605000" lon="14.8031590">
    <ele>570.8</ele>
   </trkpt>
   <trkpt lat="36.9605440" lon="14.8032000">
    <ele>570.8</ele>
   </trkpt>
   <trkpt lat="36.9608820" lon="14.8035210">
    <ele>569.6</ele>
   </trkpt>
   <trkpt lat="36.9609820" lon="14.8036180">
    <ele>569.2</ele>
   </trkpt>
   <trkpt lat="36.9611900" lon="14.8038100">
    <ele>568.4</ele>
   </trkpt>
   <trkpt lat="36.9614650" lon="14.8040710">
    <ele>567.4</ele>
   </trkpt>
   <trkpt lat="36.9615220" lon="14.8041210">
    <ele>567.2</ele>
   </trkpt>
   <trkpt lat="36.9619290" lon="14.8044910">
    <ele>566.2</ele>
   </trkpt>
   <trkpt lat="36.9620470" lon="14.8045960">
    <ele>566.0</ele>
   </trkpt>
   <trkpt lat="36.9622750" lon="14.8048300">
    <ele>565.2</ele>
   </trkpt>
   <trkpt lat="36.9624370" lon="14.8050270">
    <ele>564.8</ele>
   </trkpt>
   <trkpt lat="36.9627070" lon="14.8053680">
    <ele>564.0</ele>
   </trkpt>
   <trkpt lat="36.9629710" lon="14.8057070">
    <ele>563.0</ele>
   </trkpt>
   <trkpt lat="36.9630210" lon="14.8057740">
    <ele>562.8</ele>
   </trkpt>
   <trkpt lat="36.9633580" lon="14.8063090">
    <ele>562.0</ele>
   </trkpt>
   <trkpt lat="36.9634060" lon="14.8064090">
    <ele>561.8</ele>
   </trkpt>
   <trkpt lat="36.9635620" lon="14.8067160">
    <ele>560.2</ele>
   </trkpt>
   <trkpt lat="36.9636200" lon="14.8068110">
    <ele>560.0</ele>
   </trkpt>
   <trkpt lat="36.9636860" lon="14.8068990">
    <ele>559.2</ele>
   </trkpt>
   <trkpt lat="36.9638270" lon="14.8070680">
    <ele>557.4</ele>
   </trkpt>
   <trkpt lat="36.9639030" lon="14.8071420">
    <ele>556.8</ele>
   </trkpt>
   <trkpt lat="36.9639840" lon="14.8072070">
    <ele>556.4</ele>
   </trkpt>
   <trkpt lat="36.9641490" lon="14.8073160">
    <ele>554.8</ele>
   </trkpt>
   <trkpt lat="36.9643860" lon="14.8074450">
    <ele>553.4</ele>
   </trkpt>
   <trkpt lat="36.9645320" lon="14.8074790">
    <ele>553.0</ele>
   </trkpt>
   <trkpt lat="36.9646730" lon="14.8074770">
    <ele>553.0</ele>
   </trkpt>
   <trkpt lat="36.9648100" lon="14.8074670">
    <ele>552.8</ele>
   </trkpt>
   <trkpt lat="36.9649340" lon="14.8074930">
    <ele>552.8</ele>
   </trkpt>
   <trkpt lat="36.9650420" lon="14.8075630">
    <ele>552.8</ele>
   </trkpt>
   <trkpt lat="36.9650860" lon="14.8076150">
    <ele>552.8</ele>
   </trkpt>
   <trkpt lat="36.9652540" lon="14.8078400">
    <ele>552.6</ele>
   </trkpt>
   <trkpt lat="36.9653030" lon="14.8078890">
    <ele>552.6</ele>
   </trkpt>
   <trkpt lat="36.9653570" lon="14.8079310">
    <ele>552.6</ele>
   </trkpt>
   <trkpt lat="36.9655940" lon="14.8080660">
    <ele>552.4</ele>
   </trkpt>
   <trkpt lat="36.9657120" lon="14.8081250">
    <ele>552.4</ele>
   </trkpt>
   <trkpt lat="36.9659850" lon="14.8083000">
    <ele>551.8</ele>
   </trkpt>
   <trkpt lat="36.9663020" lon="14.8085610">
    <ele>551.2</ele>
   </trkpt>
   <trkpt lat="36.9663590" lon="14.8086070">
    <ele>551.2</ele>
   </trkpt>
   <trkpt lat="36.9667130" lon="14.8088880">
    <ele>550.0</ele>
   </trkpt>
   <trkpt lat="36.9668870" lon="14.8090310">
    <ele>549.6</ele>
   </trkpt>
   <trkpt lat="36.9670980" lon="14.8092190">
    <ele>549.0</ele>
   </trkpt>
   <trkpt lat="36.9672290" lon="14.8093590">
    <ele>548.8</ele>
   </trkpt>
   <trkpt lat="36.9674730" lon="14.8096330">
    <ele>549.0</ele>
   </trkpt>
   <trkpt lat="36.9676040" lon="14.8097970">
    <ele>550.0</ele>
   </trkpt>
   <trkpt lat="36.9676650" lon="14.8098880">
    <ele>550.8</ele>
   </trkpt>
   <trkpt lat="36.9677360" lon="14.8100200">
    <ele>551.0</ele>
   </trkpt>
   <trkpt lat="36.9677960" lon="14.8101480">
    <ele>551.6</ele>
   </trkpt>
   <trkpt lat="36.9678300" lon="14.8102410">
    <ele>552.2</ele>
   </trkpt>
   <trkpt lat="36.9678950" lon="14.8104250">
    <ele>552.8</ele>
   </trkpt>
   <trkpt lat="36.9679310" lon="14.8105160">
    <ele>553.2</ele>
   </trkpt>
   <trkpt lat="36.9679940" lon="14.8106940">
    <ele>554.0</ele>
   </trkpt>
   <trkpt lat="36.9680020" lon="14.8107230">
    <ele>554.2</ele>
   </trkpt>
   <trkpt lat="36.9680870" lon="14.8109570">
    <ele>555.2</ele>
   </trkpt>
   <trkpt lat="36.9681350" lon="14.8110750">
    <ele>556.2</ele>
   </trkpt>
   <trkpt lat="36.9681990" lon="14.8112480">
    <ele>557.0</ele>
   </trkpt>
   <trkpt lat="36.9682210" lon="14.8113040">
    <ele>557.2</ele>
   </trkpt>
   <trkpt lat="36.9683010" lon="14.8114960">
    <ele>558.4</ele>
   </trkpt>
   <trkpt lat="36.9683170" lon="14.8115330">
    <ele>558.4</ele>
   </trkpt>
   <trkpt lat="36.9684250" lon="14.8117510">
    <ele>558.8</ele>
   </trkpt>
   <trkpt lat="36.9685940" lon="14.8120730">
    <ele>558.6</ele>
   </trkpt>
   <trkpt lat="36.9688160" lon="14.8125050">
    <ele>557.2</ele>
   </trkpt>
   <trkpt lat="36.9689390" lon="14.8127590">
    <ele>555.8</ele>
   </trkpt>
   <trkpt lat="36.9690280" lon="14.8129250">
    <ele>554.8</ele>
   </trkpt>
   <trkpt lat="36.9690720" lon="14.8130030">
    <ele>554.2</ele>
   </trkpt>
   <trkpt lat="36.9691660" lon="14.8131470">
    <ele>553.6</ele>
   </trkpt>
   <trkpt lat="36.9694660" lon="14.8135370">
    <ele>553.0</ele>
   </trkpt>
   <trkpt lat="36.9697260" lon="14.8137710">
    <ele>553.0</ele>
   </trkpt>
   <trkpt lat="36.9700030" lon="14.8139340">
    <ele>553.6</ele>
   </trkpt>
   <trkpt lat="36.9702420" lon="14.8141090">
    <ele>554.8</ele>
   </trkpt>
   <trkpt lat="36.9703640" lon="14.8143250">
    <ele>555.2</ele>
   </trkpt>
   <trkpt lat="36.9705120" lon="14.8146230">
    <ele>555.2</ele>
   </trkpt>
   <trkpt lat="36.9706160" lon="14.8147350">
    <ele>554.6</ele>
   </trkpt>
   <trkpt lat="36.9707410" lon="14.8148210">
    <ele>554.2</ele>
   </trkpt>
   <trkpt lat="36.9708060" lon="14.8148600">
    <ele>553.6</ele>
   </trkpt>
   <trkpt lat="36.9710660" lon="14.8149980">
    <ele>552.4</ele>
   </trkpt>
   <trkpt lat="36.9711940" lon="14.8150680">
    <ele>552.2</ele>
   </trkpt>
   <trkpt lat="36.9713210" lon="14.8151580">
    <ele>551.8</ele>
   </trkpt>
   <trkpt lat="36.9714710" lon="14.8152390">
    <ele>551.2</ele>
   </trkpt>
   <trkpt lat="36.9717720" lon="14.8154140">
    <ele>549.6</ele>
   </trkpt>
   <trkpt lat="36.9718420" lon="14.8154710">
    <ele>549.4</ele>
   </trkpt>
   <trkpt lat="36.9719070" lon="14.8155440">
    <ele>548.8</ele>
   </trkpt>
   <trkpt lat="36.9719650" lon="14.8156330">
    <ele>548.2</ele>
   </trkpt>
   <trkpt lat="36.9720690" lon="14.8158440">
    <ele>547.4</ele>
   </trkpt>
   <trkpt lat="36.9721110" lon="14.8159610">
    <ele>547.0</ele>
   </trkpt>
   <trkpt lat="36.9721920" lon="14.8162190">
    <ele>545.8</ele>
   </trkpt>
   <trkpt lat="36.9722600" lon="14.8164990">
    <ele>544.6</ele>
   </trkpt>
   <trkpt lat="36.9722830" lon="14.8166480">
    <ele>543.4</ele>
   </trkpt>
   <trkpt lat="36.9723330" lon="14.8169540">
    <ele>542.0</ele>
   </trkpt>
   <trkpt lat="36.9723630" lon="14.8171110">
    <ele>540.8</ele>
   </trkpt>
   <trkpt lat="36.9723970" lon="14.8172690">
    <ele>540.2</ele>
   </trkpt>
   <trkpt lat="36.9724350" lon="14.8174280">
    <ele>539.0</ele>
   </trkpt>
   <trkpt lat="36.9725210" lon="14.8177510">
    <ele>537.0</ele>
   </trkpt>
   <trkpt lat="36.9726120" lon="14.8180770">
    <ele>535.0</ele>
   </trkpt>
   <trkpt lat="36.9726610" lon="14.8182420">
    <ele>533.6</ele>
   </trkpt>
   <trkpt lat="36.9727570" lon="14.8185740">
    <ele>531.8</ele>
   </trkpt>
   <trkpt lat="36.9728490" lon="14.8189050">
    <ele>529.6</ele>
   </trkpt>
   <trkpt lat="36.9729460" lon="14.8192330">
    <ele>527.8</ele>
   </trkpt>
   <trkpt lat="36.9729960" lon="14.8193940">
    <ele>526.8</ele>
   </trkpt>
   <trkpt lat="36.9731470" lon="14.8198660">
    <ele>525.6</ele>
   </trkpt>
   <trkpt lat="36.9733180" lon="14.8203130">
    <ele>524.2</ele>
   </trkpt>
   <trkpt lat="36.9735260" lon="14.8207110">
    <ele>523.0</ele>
   </trkpt>
   <trkpt lat="36.9736010" lon="14.8208360">
    <ele>522.6</ele>
   </trkpt>
   <trkpt lat="36.9738160" lon="14.8212090">
    <ele>521.6</ele>
   </trkpt>
   <trkpt lat="36.9739550" lon="14.8214450">
    <ele>521.4</ele>
   </trkpt>
   <trkpt lat="36.9741540" lon="14.8217880">
    <ele>520.4</ele>
   </trkpt>
   <trkpt lat="36.9743420" lon="14.8221030">
    <ele>519.6</ele>
   </trkpt>
   <trkpt lat="36.9744030" lon="14.8222030">
    <ele>519.4</ele>
   </trkpt>
   <trkpt lat="36.9747170" lon="14.8226680">
    <ele>518.8</ele>
   </trkpt>
   <trkpt lat="36.9748390" lon="14.8228370">
    <ele>518.4</ele>
   </trkpt>
   <trkpt lat="36.9750140" lon="14.8230920">
    <ele>517.6</ele>
   </trkpt>
   <trkpt lat="36.9750740" lon="14.8231770">
    <ele>517.2</ele>
   </trkpt>
   <trkpt lat="36.9752660" lon="14.8234130">
    <ele>515.6</ele>
   </trkpt>
   <trkpt lat="36.9754710" lon="14.8236440">
    <ele>514.8</ele>
   </trkpt>
   <trkpt lat="36.9755410" lon="14.8237200">
    <ele>514.4</ele>
   </trkpt>
   <trkpt lat="36.9756850" lon="14.8238740">
    <ele>513.4</ele>
   </trkpt>
   <trkpt lat="36.9758960" lon="14.8241100">
    <ele>512.0</ele>
   </trkpt>
   <trkpt lat="36.9760340" lon="14.8242680">
    <ele>511.2</ele>
   </trkpt>
   <trkpt lat="36.9761000" lon="14.8243470">
    <ele>510.6</ele>
   </trkpt>
   <trkpt lat="36.9762540" lon="14.8245060">
    <ele>509.4</ele>
   </trkpt>
   <trkpt lat="36.9764700" lon="14.8246830">
    <ele>508.6</ele>
   </trkpt>
   <trkpt lat="36.9765520" lon="14.8247480">
    <ele>508.2</ele>
   </trkpt>
   <trkpt lat="36.9768750" lon="14.8250210">
    <ele>506.6</ele>
   </trkpt>
   <trkpt lat="36.9770390" lon="14.8251510">
    <ele>505.8</ele>
   </trkpt>
   <trkpt lat="36.9771180" lon="14.8252160">
    <ele>505.4</ele>
   </trkpt>
   <trkpt lat="36.9774250" lon="14.8254600">
    <ele>504.0</ele>
   </trkpt>
   <trkpt lat="36.9775690" lon="14.8255760">
    <ele>503.4</ele>
   </trkpt>
   <trkpt lat="36.9777730" lon="14.8257440">
    <ele>503.0</ele>
   </trkpt>
   <trkpt lat="36.9780220" lon="14.8259460">
    <ele>502.4</ele>
   </trkpt>
   <trkpt lat="36.9784580" lon="14.8263040">
    <ele>502.2</ele>
   </trkpt>
   <trkpt lat="36.9787220" lon="14.8265220">
    <ele>502.4</ele>
   </trkpt>
   <trkpt lat="36.9787970" lon="14.8265790">
    <ele>502.6</ele>
   </trkpt>
   <trkpt lat="36.9788750" lon="14.8266180">
    <ele>502.6</ele>
   </trkpt>
   <trkpt lat="36.9789600" lon="14.8266420">
    <ele>502.8</ele>
   </trkpt>
   <trkpt lat="36.9792100" lon="14.8267110">
    <ele>504.0</ele>
   </trkpt>
   <trkpt lat="36.9793210" lon="14.8267250">
    <ele>504.6</ele>
   </trkpt>
   <trkpt lat="36.9793560" lon="14.8267300">
    <ele>504.8</ele>
   </trkpt>
   <trkpt lat="36.9794260" lon="14.8267490">
    <ele>505.2</ele>
   </trkpt>
   <trkpt lat="36.9794860" lon="14.8267880">
    <ele>505.6</ele>
   </trkpt>
   <trkpt lat="36.9795380" lon="14.8268560">
    <ele>506.2</ele>
   </trkpt>
   <trkpt lat="36.9795750" lon="14.8269500">
    <ele>506.8</ele>
   </trkpt>
   <trkpt lat="36.9796750" lon="14.8273520">
    <ele>507.2</ele>
   </trkpt>
   <trkpt lat="36.9797630" lon="14.8278750">
    <ele>507.0</ele>
   </trkpt>
   <trkpt lat="36.9798250" lon="14.8282080">
    <ele>507.2</ele>
   </trkpt>
   <trkpt lat="36.9798520" lon="14.8283210">
    <ele>507.4</ele>
   </trkpt>
   <trkpt lat="36.9799740" lon="14.8286120">
    <ele>507.4</ele>
   </trkpt>
   <trkpt lat="36.9800220" lon="14.8287140">
    <ele>507.4</ele>
   </trkpt>
   <trkpt lat="36.9800940" lon="14.8289550">
    <ele>507.2</ele>
   </trkpt>
   <trkpt lat="36.9801140" lon="14.8290160">
    <ele>507.2</ele>
   </trkpt>
   <trkpt lat="36.9801750" lon="14.8291050">
    <ele>507.0</ele>
   </trkpt>
   <trkpt lat="36.9802620" lon="14.8291200">
    <ele>506.8</ele>
   </trkpt>
   <trkpt lat="36.9803080" lon="14.8291100">
    <ele>506.8</ele>
   </trkpt>
   <trkpt lat="36.9803530" lon="14.8291030">
    <ele>506.8</ele>
   </trkpt>
   <trkpt lat="36.9804390" lon="14.8291220">
    <ele>506.6</ele>
   </trkpt>
   <trkpt lat="36.9804820" lon="14.8291440">
    <ele>506.4</ele>
   </trkpt>
   <trkpt lat="36.9805710" lon="14.8291890">
    <ele>506.2</ele>
   </trkpt>
   <trkpt lat="36.9807850" lon="14.8293240">
    <ele>506.0</ele>
   </trkpt>
   <trkpt lat="36.9812410" lon="14.8295590">
    <ele>505.6</ele>
   </trkpt>
   <trkpt lat="36.9814940" lon="14.8296430">
    <ele>505.2</ele>
   </trkpt>
   <trkpt lat="36.9815480" lon="14.8296440">
    <ele>505.2</ele>
   </trkpt>
   <trkpt lat="36.9819040" lon="14.8296760">
    <ele>504.8</ele>
   </trkpt>
   <trkpt lat="36.9822780" lon="14.8297680">
    <ele>504.8</ele>
   </trkpt>
   <trkpt lat="36.9825000" lon="14.8298760">
    <ele>504.8</ele>
   </trkpt>
   <trkpt lat="36.9825420" lon="14.8298950">
    <ele>504.8</ele>
   </trkpt>
   <trkpt lat="36.9828830" lon="14.8300630">
    <ele>505.0</ele>
   </trkpt>
   <trkpt lat="36.9831170" lon="14.8302170">
    <ele>505.2</ele>
   </trkpt>
   <trkpt lat="36.9831470" lon="14.8302530">
    <ele>505.2</ele>
   </trkpt>
   <trkpt lat="36.9833700" lon="14.8305810">
    <ele>505.8</ele>
   </trkpt>
   <trkpt lat="36.9835100" lon="14.8307770">
    <ele>506.4</ele>
   </trkpt>
   <trkpt lat="36.9835990" lon="14.8309030">
    <ele>507.4</ele>
   </trkpt>
   <trkpt lat="36.9836140" lon="14.8309220">
    <ele>507.4</ele>
   </trkpt>
   <trkpt lat="36.9836980" lon="14.8310210">
    <ele>508.8</ele>
   </trkpt>
   <trkpt lat="36.9837250" lon="14.8310540">
    <ele>509.0</ele>
   </trkpt>
   <trkpt lat="36.9837910" lon="14.8311360">
    <ele>510.0</ele>
   </trkpt>
   <trkpt lat="36.9838400" lon="14.8311890">
    <ele>510.6</ele>
   </trkpt>
   <trkpt lat="36.9838690" lon="14.8312220">
    <ele>511.2</ele>
   </trkpt>
   <trkpt lat="36.9839620" lon="14.8313430">
    <ele>512.0</ele>
   </trkpt>
   <trkpt lat="36.9839770" lon="14.8313630">
    <ele>512.2</ele>
   </trkpt>
   <trkpt lat="36.9840690" lon="14.8315330">
    <ele>513.4</ele>
   </trkpt>
   <trkpt lat="36.9841520" lon="14.8317040">
    <ele>514.6</ele>
   </trkpt>
   <trkpt lat="36.9841630" lon="14.8317310">
    <ele>514.8</ele>
   </trkpt>
   <trkpt lat="36.9842130" lon="14.8318570">
    <ele>515.6</ele>
   </trkpt>
   <trkpt lat="36.9842420" lon="14.8319390">
    <ele>516.0</ele>
   </trkpt>
   <trkpt lat="36.9843320" lon="14.8321360">
    <ele>516.4</ele>
   </trkpt>
   <trkpt lat="36.9844930" lon="14.8323790">
    <ele>516.4</ele>
   </trkpt>
   <trkpt lat="36.9847250" lon="14.8326610">
    <ele>515.4</ele>
   </trkpt>
   <trkpt lat="36.9849370" lon="14.8328490">
    <ele>514.6</ele>
   </trkpt>
   <trkpt lat="36.9850500" lon="14.8329470">
    <ele>513.8</ele>
   </trkpt>
   <trkpt lat="36.9851100" lon="14.8329940">
    <ele>513.4</ele>
   </trkpt>
   <trkpt lat="36.9853950" lon="14.8332220">
    <ele>512.2</ele>
   </trkpt>
   <trkpt lat="36.9854970" lon="14.8333010">
    <ele>512.0</ele>
   </trkpt>
   <trkpt lat="36.9857400" lon="14.8335000">
    <ele>511.8</ele>
   </trkpt>
   <trkpt lat="36.9858500" lon="14.8336150">
    <ele>512.6</ele>
   </trkpt>
   <trkpt lat="36.9858910" lon="14.8336630">
    <ele>513.4</ele>
   </trkpt>
   <trkpt lat="36.9859440" lon="14.8337430">
    <ele>514.6</ele>
   </trkpt>
   <trkpt lat="36.9860200" lon="14.8338710">
    <ele>515.6</ele>
   </trkpt>
   <trkpt lat="36.9860630" lon="14.8339730">
    <ele>516.2</ele>
   </trkpt>
   <trkpt lat="36.9861140" lon="14.8341300">
    <ele>516.8</ele>
   </trkpt>
   <trkpt lat="36.9861590" lon="14.8342240">
    <ele>517.2</ele>
   </trkpt>
   <trkpt lat="36.9862000" lon="14.8343220">
    <ele>517.8</ele>
   </trkpt>
   <trkpt lat="36.9862520" lon="14.8344310">
    <ele>518.4</ele>
   </trkpt>
   <trkpt lat="36.9862830" lon="14.8345060">
    <ele>519.0</ele>
   </trkpt>
   <trkpt lat="36.9863120" lon="14.8346050">
    <ele>520.0</ele>
   </trkpt>
   <trkpt lat="36.9863600" lon="14.8347180">
    <ele>521.0</ele>
   </trkpt>
   <trkpt lat="36.9863810" lon="14.8347660">
    <ele>521.2</ele>
   </trkpt>
   <trkpt lat="36.9864270" lon="14.8348470">
    <ele>522.2</ele>
   </trkpt>
   <trkpt lat="36.9864940" lon="14.8349680">
    <ele>523.2</ele>
   </trkpt>
   <trkpt lat="36.9865890" lon="14.8351270">
    <ele>524.4</ele>
   </trkpt>
   <trkpt lat="36.9866020" lon="14.8351460">
    <ele>524.6</ele>
   </trkpt>
   <trkpt lat="36.9867110" lon="14.8352990">
    <ele>525.4</ele>
   </trkpt>
   <trkpt lat="36.9868140" lon="14.8354030">
    <ele>526.4</ele>
   </trkpt>
   <trkpt lat="36.9868690" lon="14.8354750">
    <ele>527.2</ele>
   </trkpt>
   <trkpt lat="36.9869170" lon="14.8355240">
    <ele>527.6</ele>
   </trkpt>
   <trkpt lat="36.9870050" lon="14.8356170">
    <ele>528.6</ele>
   </trkpt>
   <trkpt lat="36.9870310" lon="14.8356470">
    <ele>528.6</ele>
   </trkpt>
   <trkpt lat="36.9871010" lon="14.8357300">
    <ele>529.4</ele>
   </trkpt>
   <trkpt lat="36.9871340" lon="14.8357540">
    <ele>529.6</ele>
   </trkpt>
   <trkpt lat="36.9872080" lon="14.8358220">
    <ele>530.4</ele>
   </trkpt>
   <trkpt lat="36.9872560" lon="14.8358780">
    <ele>531.0</ele>
   </trkpt>
   <trkpt lat="36.9872820" lon="14.8359090">
    <ele>531.6</ele>
   </trkpt>
   <trkpt lat="36.9873700" lon="14.8359920">
    <ele>532.6</ele>
   </trkpt>
   <trkpt lat="36.9873970" lon="14.8360200">
    <ele>533.0</ele>
   </trkpt>
   <trkpt lat="36.9874530" lon="14.8360830">
    <ele>533.6</ele>
   </trkpt>
   <trkpt lat="36.9875010" lon="14.8361240">
    <ele>534.0</ele>
   </trkpt>
   <trkpt lat="36.9875580" lon="14.8361760">
    <ele>535.0</ele>
   </trkpt>
   <trkpt lat="36.9875960" lon="14.8362120">
    <ele>535.4</ele>
   </trkpt>
   <trkpt lat="36.9876760" lon="14.8362640">
    <ele>536.2</ele>
   </trkpt>
   <trkpt lat="36.9877770" lon="14.8363310">
    <ele>537.4</ele>
   </trkpt>
   <trkpt lat="36.9879260" lon="14.8364230">
    <ele>538.4</ele>
   </trkpt>
   <trkpt lat="36.9880990" lon="14.8365920">
    <ele>539.0</ele>
   </trkpt>
   <trkpt lat="36.9882580" lon="14.8368480">
    <ele>539.2</ele>
   </trkpt>
   <trkpt lat="36.9884670" lon="14.8372570">
    <ele>538.2</ele>
   </trkpt>
   <trkpt lat="36.9884900" lon="14.8373110">
    <ele>537.8</ele>
   </trkpt>
   <trkpt lat="36.9885810" lon="14.8375470">
    <ele>537.8</ele>
   </trkpt>
   <trkpt lat="36.9886350" lon="14.8377030">
    <ele>537.2</ele>
   </trkpt>
   <trkpt lat="36.9887280" lon="14.8379540">
    <ele>536.0</ele>
   </trkpt>
   <trkpt lat="36.9887610" lon="14.8380450">
    <ele>535.8</ele>
   </trkpt>
   <trkpt lat="36.9888330" lon="14.8382430">
    <ele>535.0</ele>
   </trkpt>
   <trkpt lat="36.9889520" lon="14.8385490">
    <ele>533.6</ele>
   </trkpt>
   <trkpt lat="36.9890510" lon="14.8387480">
    <ele>532.2</ele>
   </trkpt>
   <trkpt lat="36.9891090" lon="14.8388460">
    <ele>531.0</ele>
   </trkpt>
   <trkpt lat="36.9892370" lon="14.8390400">
    <ele>530.0</ele>
   </trkpt>
   <trkpt lat="36.9893810" lon="14.8392210">
    <ele>528.4</ele>
   </trkpt>
   <trkpt lat="36.9894570" lon="14.8392970">
    <ele>527.4</ele>
   </trkpt>
   <trkpt lat="36.9895360" lon="14.8393590">
    <ele>526.6</ele>
   </trkpt>
   <trkpt lat="36.9896160" lon="14.8394130">
    <ele>525.6</ele>
   </trkpt>
   <trkpt lat="36.9899150" lon="14.8395620">
    <ele>524.8</ele>
   </trkpt>
   <trkpt lat="36.9902210" lon="14.8396680">
    <ele>525.2</ele>
   </trkpt>
   <trkpt lat="36.9906070" lon="14.8398340">
    <ele>525.2</ele>
   </trkpt>
   <trkpt lat="36.9908430" lon="14.8399210">
    <ele>524.4</ele>
   </trkpt>
   <trkpt lat="36.9909280" lon="14.8399470">
    <ele>524.2</ele>
   </trkpt>
   <trkpt lat="36.9910190" lon="14.8399640">
    <ele>523.0</ele>
   </trkpt>
   <trkpt lat="36.9912070" lon="14.8399930">
    <ele>521.8</ele>
   </trkpt>
   <trkpt lat="36.9915160" lon="14.8400620">
    <ele>519.8</ele>
   </trkpt>
   <trkpt lat="36.9917350" lon="14.8401260">
    <ele>518.4</ele>
   </trkpt>
   <trkpt lat="36.9919450" lon="14.8401970">
    <ele>516.8</ele>
   </trkpt>
   <trkpt lat="36.9921610" lon="14.8402780">
    <ele>515.2</ele>
   </trkpt>
   <trkpt lat="36.9922760" lon="14.8403210">
    <ele>513.8</ele>
   </trkpt>
   <trkpt lat="36.9924930" lon="14.8404050">
    <ele>512.0</ele>
   </trkpt>
   <trkpt lat="36.9927260" lon="14.8404960">
    <ele>510.4</ele>
   </trkpt>
   <trkpt lat="36.9928390" lon="14.8405440">
    <ele>509.8</ele>
   </trkpt>
   <trkpt lat="36.9929510" lon="14.8405910">
    <ele>509.0</ele>
   </trkpt>
   <trkpt lat="36.9930640" lon="14.8406350">
    <ele>507.6</ele>
   </trkpt>
   <trkpt lat="36.9932840" lon="14.8407040">
    <ele>505.8</ele>
   </trkpt>
   <trkpt lat="36.9934870" lon="14.8407740">
    <ele>504.6</ele>
   </trkpt>
   <trkpt lat="36.9937680" lon="14.8408610">
    <ele>503.4</ele>
   </trkpt>
   <trkpt lat="36.9939470" lon="14.8409140">
    <ele>503.0</ele>
   </trkpt>
   <trkpt lat="36.9941240" lon="14.8409620">
    <ele>502.6</ele>
   </trkpt>
   <trkpt lat="36.9944730" lon="14.8410440">
    <ele>501.2</ele>
   </trkpt>
   <trkpt lat="36.9945500" lon="14.8410620">
    <ele>501.2</ele>
   </trkpt>
   <trkpt lat="36.9947560" lon="14.8410860">
    <ele>500.2</ele>
   </trkpt>
   <trkpt lat="36.9948180" lon="14.8410880">
    <ele>500.0</ele>
   </trkpt>
   <trkpt lat="36.9950960" lon="14.8410600">
    <ele>499.8</ele>
   </trkpt>
   <trkpt lat="36.9951390" lon="14.8410520">
    <ele>499.8</ele>
   </trkpt>
   <trkpt lat="36.9952740" lon="14.8410220">
    <ele>500.0</ele>
   </trkpt>
   <trkpt lat="36.9954360" lon="14.8409960">
    <ele>501.2</ele>
   </trkpt>
   <trkpt lat="36.9954550" lon="14.8409920">
    <ele>501.6</ele>
   </trkpt>
   <trkpt lat="36.9954770" lon="14.8409880">
    <ele>501.6</ele>
   </trkpt>
   <trkpt lat="36.9955580" lon="14.8409810">
    <ele>502.6</ele>
   </trkpt>
   <trkpt lat="36.9956250" lon="14.8409830">
    <ele>503.2</ele>
   </trkpt>
   <trkpt lat="36.9956890" lon="14.8409940">
    <ele>503.8</ele>
   </trkpt>
   <trkpt lat="36.9958300" lon="14.8410060">
    <ele>504.8</ele>
   </trkpt>
   <trkpt lat="36.9958520" lon="14.8410100">
    <ele>505.0</ele>
   </trkpt>
   <trkpt lat="36.9960460" lon="14.8410530">
    <ele>506.0</ele>
   </trkpt>
   <trkpt lat="36.9962420" lon="14.8410710">
    <ele>506.6</ele>
   </trkpt>
   <trkpt lat="36.9963250" lon="14.8410800">
    <ele>507.0</ele>
   </trkpt>
   <trkpt lat="36.9964830" lon="14.8410890">
    <ele>507.6</ele>
   </trkpt>
   <trkpt lat="36.9965660" lon="14.8410940">
    <ele>508.0</ele>
   </trkpt>
   <trkpt lat="36.9967160" lon="14.8410990">
    <ele>508.8</ele>
   </trkpt>
   <trkpt lat="36.9967430" lon="14.8410930">
    <ele>509.0</ele>
   </trkpt>
   <trkpt lat="36.9968940" lon="14.8410280">
    <ele>509.8</ele>
   </trkpt>
   <trkpt lat="36.9969330" lon="14.8409850">
    <ele>510.0</ele>
   </trkpt>
   <trkpt lat="36.9970220" lon="14.8408620">
    <ele>510.6</ele>
   </trkpt>
   <trkpt lat="36.9971060" lon="14.8407150">
    <ele>511.2</ele>
   </trkpt>
   <trkpt lat="36.9971840" lon="14.8405750">
    <ele>511.4</ele>
   </trkpt>
   <trkpt lat="36.9972700" lon="14.8404580">
    <ele>512.2</ele>
   </trkpt>
   <trkpt lat="36.9973390" lon="14.8403950">
    <ele>512.4</ele>
   </trkpt>
   <trkpt lat="36.9975240" lon="14.8403310">
    <ele>513.0</ele>
   </trkpt>
   <trkpt lat="36.9976100" lon="14.8403390">
    <ele>513.2</ele>
   </trkpt>
   <trkpt lat="36.9977090" lon="14.8403700">
    <ele>513.4</ele>
   </trkpt>
   <trkpt lat="36.9978790" lon="14.8404640">
    <ele>513.6</ele>
   </trkpt>
   <trkpt lat="36.9981250" lon="14.8406070">
    <ele>513.8</ele>
   </trkpt>
   <trkpt lat="36.9983690" lon="14.8406210">
    <ele>513.8</ele>
   </trkpt>
   <trkpt lat="36.9984440" lon="14.8406230">
    <ele>513.8</ele>
   </trkpt>
   <trkpt lat="36.9987220" lon="14.8406230">
    <ele>513.8</ele>
   </trkpt>
   <trkpt lat="36.9988740" lon="14.8406820">
    <ele>514.0</ele>
   </trkpt>
   <trkpt lat="36.9989350" lon="14.8407120">
    <ele>514.4</ele>
   </trkpt>
   <trkpt lat="36.9991290" lon="14.8408500">
    <ele>514.6</ele>
   </trkpt>
   <trkpt lat="36.9994160" lon="14.8410540">
    <ele>515.4</ele>
   </trkpt>
   <trkpt lat="36.9994850" lon="14.8410960">
    <ele>515.6</ele>
   </trkpt>
   <trkpt lat="36.9996760" lon="14.8411870">
    <ele>516.2</ele>
   </trkpt>
   <trkpt lat="36.9997420" lon="14.8411950">
    <ele>516.4</ele>
   </trkpt>
   <trkpt lat="36.9999060" lon="14.8411810">
    <ele>516.8</ele>
   </trkpt>
   <trkpt lat="37.0001500" lon="14.8411080">
    <ele>516.6</ele>
   </trkpt>
   <trkpt lat="37.0002000" lon="14.8410950">
    <ele>516.6</ele>
   </trkpt>
   <trkpt lat="37.0005380" lon="14.8410490">
    <ele>515.8</ele>
   </trkpt>
   <trkpt lat="37.0008620" lon="14.8410840">
    <ele>515.4</ele>
   </trkpt>
   <trkpt lat="37.0012440" lon="14.8411830">
    <ele>515.4</ele>
   </trkpt>
   <trkpt lat="37.0012810" lon="14.8411950">
    <ele>515.4</ele>
   </trkpt>
   <trkpt lat="37.0015530" lon="14.8412770">
    <ele>515.4</ele>
   </trkpt>
   <trkpt lat="37.0018750" lon="14.8413400">
    <ele>515.6</ele>
   </trkpt>
   <trkpt lat="37.0019630" lon="14.8413340">
    <ele>515.6</ele>
   </trkpt>
   <trkpt lat="37.0023300" lon="14.8412490">
    <ele>516.0</ele>
   </trkpt>
   <trkpt lat="37.0025780" lon="14.8411370">
    <ele>516.2</ele>
   </trkpt>
   <trkpt lat="37.0028860" lon="14.8410070">
    <ele>517.0</ele>
   </trkpt>
   <trkpt lat="37.0030020" lon="14.8409800">
    <ele>517.4</ele>
   </trkpt>
   <trkpt lat="37.0030800" lon="14.8409570">
    <ele>517.6</ele>
   </trkpt>
   <trkpt lat="37.0031570" lon="14.8409300">
    <ele>517.8</ele>
   </trkpt>
   <trkpt lat="37.0034260" lon="14.8408320">
    <ele>518.8</ele>
   </trkpt>
   <trkpt lat="37.0035390" lon="14.8407980">
    <ele>519.2</ele>
   </trkpt>
   <trkpt lat="37.0036860" lon="14.8407380">
    <ele>519.8</ele>
   </trkpt>
   <trkpt lat="37.0038030" lon="14.8406930">
    <ele>519.8</ele>
   </trkpt>
   <trkpt lat="37.0041700" lon="14.8405550">
    <ele>519.8</ele>
   </trkpt>
   <trkpt lat="37.0045150" lon="14.8404990">
    <ele>519.2</ele>
   </trkpt>
   <trkpt lat="37.0046840" lon="14.8405010">
    <ele>518.6</ele>
   </trkpt>
   <trkpt lat="37.0048510" lon="14.8405420">
    <ele>518.2</ele>
   </trkpt>
   <trkpt lat="37.0051170" lon="14.8407120">
    <ele>518.0</ele>
   </trkpt>
   <trkpt lat="37.0051530" lon="14.8407480">
    <ele>518.0</ele>
   </trkpt>
   <trkpt lat="37.0052800" lon="14.8409410">
    <ele>518.0</ele>
   </trkpt>
   <trkpt lat="37.0054290" lon="14.8412260">
    <ele>518.0</ele>
   </trkpt>
   <trkpt lat="37.0054710" lon="14.8412690">
    <ele>517.8</ele>
   </trkpt>
   <trkpt lat="37.0055170" lon="14.8413080">
    <ele>517.6</ele>
   </trkpt>
   <trkpt lat="37.0057150" lon="14.8414200">
    <ele>517.4</ele>
   </trkpt>
   <trkpt lat="37.0057600" lon="14.8414460">
    <ele>517.2</ele>
   </trkpt>
   <trkpt lat="37.0059490" lon="14.8415640">
    <ele>517.0</ele>
   </trkpt>
   <trkpt lat="37.0062960" lon="14.8418090">
    <ele>516.6</ele>
   </trkpt>
   <trkpt lat="37.0063400" lon="14.8418350">
    <ele>516.6</ele>
   </trkpt>
   <trkpt lat="37.0065630" lon="14.8419630">
    <ele>516.6</ele>
   </trkpt>
   <trkpt lat="37.0067390" lon="14.8420790">
    <ele>516.6</ele>
   </trkpt>
   <trkpt lat="37.0070600" lon="14.8422370">
    <ele>517.0</ele>
   </trkpt>
   <trkpt lat="37.0074680" lon="14.8423670">
    <ele>517.6</ele>
   </trkpt>
   <trkpt lat="37.0078160" lon="14.8424590">
    <ele>518.6</ele>
   </trkpt>
   <trkpt lat="37.0078500" lon="14.8424720">
    <ele>518.8</ele>
   </trkpt>
   <trkpt lat="37.0080660" lon="14.8425640">
    <ele>519.6</ele>
   </trkpt>
   <trkpt lat="37.0081420" lon="14.8425980">
    <ele>520.0</ele>
   </trkpt>
   <trkpt lat="37.0082960" lon="14.8426660">
    <ele>520.2</ele>
   </trkpt>
   <trkpt lat="37.0086030" lon="14.8428030">
    <ele>520.8</ele>
   </trkpt>
   <trkpt lat="37.0086390" lon="14.8428170">
    <ele>521.0</ele>
   </trkpt>
   <trkpt lat="37.0089020" lon="14.8429270">
    <ele>521.6</ele>
   </trkpt>
   <trkpt lat="37.0091710" lon="14.8430250">
    <ele>521.8</ele>
   </trkpt>
   <trkpt lat="37.0094940" lon="14.8431480">
    <ele>521.0</ele>
   </trkpt>
   <trkpt lat="37.0098660" lon="14.8432680">
    <ele>519.8</ele>
   </trkpt>
   <trkpt lat="37.0099320" lon="14.8432790">
    <ele>519.8</ele>
   </trkpt>
   <trkpt lat="37.0102720" lon="14.8433350">
    <ele>518.6</ele>
   </trkpt>
   <trkpt lat="37.0105590" lon="14.8433560">
    <ele>517.8</ele>
   </trkpt>
   <trkpt lat="37.0106360" lon="14.8433610">
    <ele>517.6</ele>
   </trkpt>
   <trkpt lat="37.0110120" lon="14.8433670">
    <ele>516.4</ele>
   </trkpt>
   <trkpt lat="37.0111630" lon="14.8433610">
    <ele>516.0</ele>
   </trkpt>
   <trkpt lat="37.0113910" lon="14.8433500">
    <ele>515.4</ele>
   </trkpt>
   <trkpt lat="37.0118310" lon="14.8433360">
    <ele>514.4</ele>
   </trkpt>
   <trkpt lat="37.0119060" lon="14.8433330">
    <ele>514.2</ele>
   </trkpt>
   <trkpt lat="37.0123370" lon="14.8432920">
    <ele>513.2</ele>
   </trkpt>
   <trkpt lat="37.0124090" lon="14.8432860">
    <ele>513.0</ele>
   </trkpt>
   <trkpt lat="37.0127580" lon="14.8432320">
    <ele>512.2</ele>
   </trkpt>
   <trkpt lat="37.0129680" lon="14.8432140">
    <ele>511.6</ele>
   </trkpt>
   <trkpt lat="37.0131030" lon="14.8432050">
    <ele>511.2</ele>
   </trkpt>
   <trkpt lat="37.0136720" lon="14.8431610">
    <ele>510.2</ele>
   </trkpt>
   <trkpt lat="37.0138450" lon="14.8431380">
    <ele>510.0</ele>
   </trkpt>
   <trkpt lat="37.0140040" lon="14.8431100">
    <ele>509.8</ele>
   </trkpt>
   <trkpt lat="37.0143740" lon="14.8430120">
    <ele>509.4</ele>
   </trkpt>
   <trkpt lat="37.0145810" lon="14.8429570">
    <ele>509.0</ele>
   </trkpt>
   <trkpt lat="37.0147320" lon="14.8429080">
    <ele>508.8</ele>
   </trkpt>
   <trkpt lat="37.0151830" lon="14.8427820">
    <ele>508.6</ele>
   </trkpt>
   <trkpt lat="37.0155680" lon="14.8426770">
    <ele>508.6</ele>
   </trkpt>
   <trkpt lat="37.0159510" lon="14.8425740">
    <ele>508.6</ele>
   </trkpt>
   <trkpt lat="37.0163290" lon="14.8424770">
    <ele>509.0</ele>
   </trkpt>
   <trkpt lat="37.0165890" lon="14.8424310">
    <ele>509.8</ele>
   </trkpt>
   <trkpt lat="37.0167580" lon="14.8424010">
    <ele>510.0</ele>
   </trkpt>
   <trkpt lat="37.0167990" lon="14.8423950">
    <ele>510.0</ele>
   </trkpt>
   <trkpt lat="37.0172500" lon="14.8423170">
    <ele>510.4</ele>
   </trkpt>
   <trkpt lat="37.0174490" lon="14.8422870">
    <ele>511.0</ele>
   </trkpt>
   <trkpt lat="37.0176000" lon="14.8422630">
    <ele>511.6</ele>
   </trkpt>
   <trkpt lat="37.0178170" lon="14.8422380">
    <ele>512.4</ele>
   </trkpt>
   <trkpt lat="37.0179990" lon="14.8422090">
    <ele>512.6</ele>
   </trkpt>
   <trkpt lat="37.0181990" lon="14.8421830">
    <ele>513.4</ele>
   </trkpt>
   <trkpt lat="37.0183890" lon="14.8421510">
    <ele>514.2</ele>
   </trkpt>
   <trkpt lat="37.0184170" lon="14.8421420">
    <ele>514.4</ele>
   </trkpt>
   <trkpt lat="37.0185980" lon="14.8421190">
    <ele>515.2</ele>
   </trkpt>
   <trkpt lat="37.0186530" lon="14.8421040">
    <ele>515.4</ele>
   </trkpt>
   <trkpt lat="37.0188140" lon="14.8420900">
    <ele>516.2</ele>
   </trkpt>
   <trkpt lat="37.0188740" lon="14.8420770">
    <ele>516.4</ele>
   </trkpt>
   <trkpt lat="37.0190990" lon="14.8420470">
    <ele>517.6</ele>
   </trkpt>
   <trkpt lat="37.0191560" lon="14.8420410">
    <ele>517.8</ele>
   </trkpt>
   <trkpt lat="37.0193350" lon="14.8420140">
    <ele>518.6</ele>
   </trkpt>
   <trkpt lat="37.0194260" lon="14.8419950">
    <ele>518.8</ele>
   </trkpt>
   <trkpt lat="37.0196580" lon="14.8419490">
    <ele>519.8</ele>
   </trkpt>
   <trkpt lat="37.0197940" lon="14.8419170">
    <ele>520.6</ele>
   </trkpt>
   <trkpt lat="37.0198160" lon="14.8419070">
    <ele>520.6</ele>
   </trkpt>
   <trkpt lat="37.0198770" lon="14.8418910">
    <ele>520.8</ele>
   </trkpt>
   <trkpt lat="37.0199710" lon="14.8418690">
    <ele>521.2</ele>
   </trkpt>
   <trkpt lat="37.0201990" lon="14.8418200">
    <ele>521.8</ele>
   </trkpt>
   <trkpt lat="37.0202310" lon="14.8418120">
    <ele>522.0</ele>
   </trkpt>
   <trkpt lat="37.0204560" lon="14.8417700">
    <ele>522.8</ele>
   </trkpt>
   <trkpt lat="37.0205070" lon="14.8417700">
    <ele>523.0</ele>
   </trkpt>
   <trkpt lat="37.0206480" lon="14.8417310">
    <ele>523.6</ele>
   </trkpt>
   <trkpt lat="37.0207820" lon="14.8416960">
    <ele>524.2</ele>
   </trkpt>
   <trkpt lat="37.0208790" lon="14.8416710">
    <ele>525.0</ele>
   </trkpt>
   <trkpt lat="37.0209040" lon="14.8416620">
    <ele>525.2</ele>
   </trkpt>
   <trkpt lat="37.0211140" lon="14.8415890">
    <ele>526.2</ele>
   </trkpt>
   <trkpt lat="37.0211330" lon="14.8415820">
    <ele>526.6</ele>
   </trkpt>
   <trkpt lat="37.0212110" lon="14.8415490">
    <ele>527.4</ele>
   </trkpt>
   <trkpt lat="37.0213260" lon="14.8414900">
    <ele>528.2</ele>
   </trkpt>
   <trkpt lat="37.0213470" lon="14.8414840">
    <ele>528.6</ele>
   </trkpt>
   <trkpt lat="37.0215090" lon="14.8414050">
    <ele>529.6</ele>
   </trkpt>
   <trkpt lat="37.0216320" lon="14.8413350">
    <ele>530.8</ele>
   </trkpt>
   <trkpt lat="37.0216590" lon="14.8413200">
    <ele>531.2</ele>
   </trkpt>
   <trkpt lat="37.0217040" lon="14.8412950">
    <ele>532.0</ele>
   </trkpt>
   <trkpt lat="37.0217610" lon="14.8412440">
    <ele>532.8</ele>
   </trkpt>
   <trkpt lat="37.0218180" lon="14.8412130">
    <ele>533.2</ele>
   </trkpt>
   <trkpt lat="37.0219410" lon="14.8411270">
    <ele>534.2</ele>
   </trkpt>
   <trkpt lat="37.0219560" lon="14.8411170">
    <ele>534.4</ele>
   </trkpt>
   <trkpt lat="37.0220860" lon="14.8410350">
    <ele>535.4</ele>
   </trkpt>
   <trkpt lat="37.0221250" lon="14.8410120">
    <ele>535.6</ele>
   </trkpt>
   <trkpt lat="37.0222180" lon="14.8409550">
    <ele>536.6</ele>
   </trkpt>
   <trkpt lat="37.0222670" lon="14.8409240">
    <ele>537.0</ele>
   </trkpt>
   <trkpt lat="37.0223270" lon="14.8408700">
    <ele>537.6</ele>
   </trkpt>
   <trkpt lat="37.0223820" lon="14.8408340">
    <ele>538.4</ele>
   </trkpt>
   <trkpt lat="37.0224420" lon="14.8407920">
    <ele>538.6</ele>
   </trkpt>
   <trkpt lat="37.0226100" lon="14.8406750">
    <ele>539.8</ele>
   </trkpt>
   <trkpt lat="37.0227600" lon="14.8405670">
    <ele>540.8</ele>
   </trkpt>
   <trkpt lat="37.0228250" lon="14.8405200">
    <ele>541.0</ele>
   </trkpt>
   <trkpt lat="37.0229620" lon="14.8404280">
    <ele>541.8</ele>
   </trkpt>
   <trkpt lat="37.0230300" lon="14.8403870">
    <ele>542.2</ele>
   </trkpt>
   <trkpt lat="37.0231790" lon="14.8403160">
    <ele>542.8</ele>
   </trkpt>
   <trkpt lat="37.0232840" lon="14.8402780">
    <ele>543.2</ele>
   </trkpt>
   <trkpt lat="37.0236170" lon="14.8402160">
    <ele>543.6</ele>
   </trkpt>
   <trkpt lat="37.0239750" lon="14.8401820">
    <ele>544.0</ele>
   </trkpt>
   <trkpt lat="37.0243440" lon="14.8401280">
    <ele>544.2</ele>
   </trkpt>
   <trkpt lat="37.0245640" lon="14.8401090">
    <ele>545.0</ele>
   </trkpt>
   <trkpt lat="37.0246600" lon="14.8400970">
    <ele>545.2</ele>
   </trkpt>
   <trkpt lat="37.0249380" lon="14.8400840">
    <ele>545.6</ele>
   </trkpt>
   <trkpt lat="37.0252770" lon="14.8400250">
    <ele>545.6</ele>
   </trkpt>
   <trkpt lat="37.0254870" lon="14.8399990">
    <ele>545.0</ele>
   </trkpt>
   <trkpt lat="37.0255450" lon="14.8399870">
    <ele>545.0</ele>
   </trkpt>
   <trkpt lat="37.0258610" lon="14.8399280">
    <ele>543.8</ele>
   </trkpt>
   <trkpt lat="37.0260590" lon="14.8398990">
    <ele>543.2</ele>
   </trkpt>
   <trkpt lat="37.0261910" lon="14.8398830">
    <ele>542.6</ele>
   </trkpt>
   <trkpt lat="37.0263210" lon="14.8398750">
    <ele>542.2</ele>
   </trkpt>
   <trkpt lat="37.0264410" lon="14.8398880">
    <ele>542.0</ele>
   </trkpt>
   <trkpt lat="37.0264990" lon="14.8399030">
    <ele>541.8</ele>
   </trkpt>
   <trkpt lat="37.0266180" lon="14.8399340">
    <ele>541.6</ele>
   </trkpt>
   <trkpt lat="37.0270410" lon="14.8400470">
    <ele>540.8</ele>
   </trkpt>
   <trkpt lat="37.0271630" lon="14.8400680">
    <ele>540.2</ele>
   </trkpt>
   <trkpt lat="37.0273670" lon="14.8400660">
    <ele>539.8</ele>
   </trkpt>
   <trkpt lat="37.0275130" lon="14.8400530">
    <ele>539.2</ele>
   </trkpt>
   <trkpt lat="37.0277420" lon="14.8400390">
    <ele>538.6</ele>
   </trkpt>
   <trkpt lat="37.0278190" lon="14.8400340">
    <ele>538.0</ele>
   </trkpt>
   <trkpt lat="37.0279750" lon="14.8400370">
    <ele>537.4</ele>
   </trkpt>
   <trkpt lat="37.0281310" lon="14.8400650">
    <ele>537.0</ele>
   </trkpt>
   <trkpt lat="37.0282110" lon="14.8400840">
    <ele>536.8</ele>
   </trkpt>
   <trkpt lat="37.0282880" lon="14.8401080">
    <ele>536.4</ele>
   </trkpt>
   <trkpt lat="37.0285080" lon="14.8402060">
    <ele>535.6</ele>
   </trkpt>
   <trkpt lat="37.0287800" lon="14.8403360">
    <ele>534.6</ele>
   </trkpt>
   <trkpt lat="37.0289630" lon="14.8404260">
    <ele>534.2</ele>
   </trkpt>
   <trkpt lat="37.0293030" lon="14.8405650">
    <ele>534.0</ele>
   </trkpt>
   <trkpt lat="37.0294490" lon="14.8406040">
    <ele>534.2</ele>
   </trkpt>
   <trkpt lat="37.0295350" lon="14.8406140">
    <ele>534.4</ele>
   </trkpt>
   <trkpt lat="37.0297560" lon="14.8405770">
    <ele>535.4</ele>
   </trkpt>
   <trkpt lat="37.0297950" lon="14.8405620">
    <ele>535.8</ele>
   </trkpt>
   <trkpt lat="37.0301350" lon="14.8404140">
    <ele>536.8</ele>
   </trkpt>
   <trkpt lat="37.0301650" lon="14.8404040">
    <ele>536.8</ele>
   </trkpt>
   <trkpt lat="37.0305070" lon="14.8402530">
    <ele>537.8</ele>
   </trkpt>
   <trkpt lat="37.0305440" lon="14.8402300">
    <ele>538.0</ele>
   </trkpt>
   <trkpt lat="37.0308540" lon="14.8400160">
    <ele>538.4</ele>
   </trkpt>
   <trkpt lat="37.0311760" lon="14.8398230">
    <ele>538.4</ele>
   </trkpt>
   <trkpt lat="37.0313880" lon="14.8397360">
    <ele>538.4</ele>
   </trkpt>
   <trkpt lat="37.0314760" lon="14.8397020">
    <ele>538.6</ele>
   </trkpt>
   <trkpt lat="37.0316840" lon="14.8396430">
    <ele>539.0</ele>
   </trkpt>
   <trkpt lat="37.0318880" lon="14.8395610">
    <ele>539.2</ele>
   </trkpt>
   <trkpt lat="37.0321650" lon="14.8394460">
    <ele>539.2</ele>
   </trkpt>
   <trkpt lat="37.0321910" lon="14.8394410">
    <ele>539.2</ele>
   </trkpt>
   <trkpt lat="37.0322170" lon="14.8394360">
    <ele>539.2</ele>
   </trkpt>
   <trkpt lat="37.0323260" lon="14.8394510">
    <ele>538.8</ele>
   </trkpt>
   <trkpt lat="37.0323710" lon="14.8394740">
    <ele>538.8</ele>
   </trkpt>
   <trkpt lat="37.0325700" lon="14.8395980">
    <ele>538.6</ele>
   </trkpt>
   <trkpt lat="37.0326340" lon="14.8396530">
    <ele>538.6</ele>
   </trkpt>
   <trkpt lat="37.0328350" lon="14.8398520">
    <ele>539.4</ele>
   </trkpt>
   <trkpt lat="37.0329020" lon="14.8399080">
    <ele>540.0</ele>
   </trkpt>
   <trkpt lat="37.0330140" lon="14.8400170">
    <ele>540.8</ele>
   </trkpt>
   <trkpt lat="37.0330350" lon="14.8400330">
    <ele>541.0</ele>
   </trkpt>
   <trkpt lat="37.0332960" lon="14.8402260">
    <ele>541.8</ele>
   </trkpt>
   <trkpt lat="37.0335100" lon="14.8403280">
    <ele>541.8</ele>
   </trkpt>
   <trkpt lat="37.0335610" lon="14.8403450">
    <ele>541.6</ele>
   </trkpt>
   <trkpt lat="37.0337320" lon="14.8403790">
    <ele>541.4</ele>
   </trkpt>
   <trkpt lat="37.0339340" lon="14.8403970">
    <ele>540.6</ele>
   </trkpt>
   <trkpt lat="37.0340600" lon="14.8404020">
    <ele>539.8</ele>
   </trkpt>
   <trkpt lat="37.0342830" lon="14.8404160">
    <ele>538.8</ele>
   </trkpt>
   <trkpt lat="37.0343740" lon="14.8404200">
    <ele>538.6</ele>
   </trkpt>
   <trkpt lat="37.0346090" lon="14.8404390">
    <ele>537.2</ele>
   </trkpt>
   <trkpt lat="37.0349090" lon="14.8404590">
    <ele>536.2</ele>
   </trkpt>
   <trkpt lat="37.0349970" lon="14.8404640">
    <ele>536.0</ele>
   </trkpt>
   <trkpt lat="37.0354020" lon="14.8404860">
    <ele>534.8</ele>
   </trkpt>
   <trkpt lat="37.0354810" lon="14.8404840">
    <ele>534.6</ele>
   </trkpt>
   <trkpt lat="37.0358490" lon="14.8404060">
    <ele>534.0</ele>
   </trkpt>
   <trkpt lat="37.0360430" lon="14.8403510">
    <ele>533.6</ele>
   </trkpt>
   <trkpt lat="37.0364380" lon="14.8402900">
    <ele>532.8</ele>
   </trkpt>
   <trkpt lat="37.0364860" lon="14.8402880">
    <ele>532.6</ele>
   </trkpt>
   <trkpt lat="37.0368550" lon="14.8402840">
    <ele>532.0</ele>
   </trkpt>
   <trkpt lat="37.0372370" lon="14.8403100">
    <ele>532.0</ele>
   </trkpt>
   <trkpt lat="37.0376530" lon="14.8403610">
    <ele>532.2</ele>
   </trkpt>
   <trkpt lat="37.0380170" lon="14.8403300">
    <ele>531.6</ele>
   </trkpt>
   <trkpt lat="37.0380170" lon="14.8403300">
    <ele>531.4</ele>
   </trkpt>
   <trkpt lat="37.0382750" lon="14.8402590">
    <ele>530.8</ele>
   </trkpt>
   <trkpt lat="37.0383950" lon="14.8402090">
    <ele>530.2</ele>
   </trkpt>
   <trkpt lat="37.0386070" lon="14.8401030">
    <ele>529.4</ele>
   </trkpt>
   <trkpt lat="37.0387120" lon="14.8400630">
    <ele>529.4</ele>
   </trkpt>
   <trkpt lat="37.0387650" lon="14.8400440">
    <ele>529.2</ele>
   </trkpt>
   <trkpt lat="37.0391450" lon="14.8398850">
    <ele>529.2</ele>
   </trkpt>
   <trkpt lat="37.0395490" lon="14.8396840">
    <ele>529.6</ele>
   </trkpt>
   <trkpt lat="37.0398340" lon="14.8395320">
    <ele>530.2</ele>
   </trkpt>
   <trkpt lat="37.0398700" lon="14.8395160">
    <ele>530.4</ele>
   </trkpt>
   <trkpt lat="37.0400460" lon="14.8394270">
    <ele>531.4</ele>
   </trkpt>
   <trkpt lat="37.0402370" lon="14.8393110">
    <ele>531.4</ele>
   </trkpt>
   <trkpt lat="37.0403850" lon="14.8392040">
    <ele>532.4</ele>
   </trkpt>
   <trkpt lat="37.0404780" lon="14.8391220">
    <ele>532.6</ele>
   </trkpt>
   <trkpt lat="37.0407170" lon="14.8388240">
    <ele>533.4</ele>
   </trkpt>
   <trkpt lat="37.0409230" lon="14.8385580">
    <ele>534.0</ele>
   </trkpt>
   <trkpt lat="37.0410100" lon="14.8384510">
    <ele>534.4</ele>
   </trkpt>
   <trkpt lat="37.0410810" lon="14.8383740">
    <ele>534.8</ele>
   </trkpt>
   <trkpt lat="37.0412390" lon="14.8382380">
    <ele>535.4</ele>
   </trkpt>
   <trkpt lat="37.0413830" lon="14.8381490">
    <ele>536.0</ele>
   </trkpt>
   <trkpt lat="37.0416030" lon="14.8380310">
    <ele>536.6</ele>
   </trkpt>
   <trkpt lat="37.0417170" lon="14.8379710">
    <ele>537.0</ele>
   </trkpt>
   <trkpt lat="37.0418850" lon="14.8378780">
    <ele>537.6</ele>
   </trkpt>
   <trkpt lat="37.0419600" lon="14.8378380">
    <ele>538.0</ele>
   </trkpt>
   <trkpt lat="37.0421570" lon="14.8377150">
    <ele>538.6</ele>
   </trkpt>
   <trkpt lat="37.0423230" lon="14.8375920">
    <ele>539.4</ele>
   </trkpt>
   <trkpt lat="37.0424470" lon="14.8374890">
    <ele>539.8</ele>
   </trkpt>
   <trkpt lat="37.0425730" lon="14.8373930">
    <ele>540.6</ele>
   </trkpt>
   <trkpt lat="37.0426160" lon="14.8373520">
    <ele>540.8</ele>
   </trkpt>
   <trkpt lat="37.0427960" lon="14.8371530">
    <ele>541.8</ele>
   </trkpt>
   <trkpt lat="37.0428180" lon="14.8371290">
    <ele>542.0</ele>
   </trkpt>
   <trkpt lat="37.0430050" lon="14.8369040">
    <ele>542.8</ele>
   </trkpt>
   <trkpt lat="37.0430340" lon="14.8368760">
    <ele>543.0</ele>
   </trkpt>
   <trkpt lat="37.0432750" lon="14.8366190">
    <ele>544.0</ele>
   </trkpt>
   <trkpt lat="37.0433210" lon="14.8365720">
    <ele>544.0</ele>
   </trkpt>
   <trkpt lat="37.0435520" lon="14.8363420">
    <ele>544.8</ele>
   </trkpt>
   <trkpt lat="37.0436560" lon="14.8362400">
    <ele>545.0</ele>
   </trkpt>
   <trkpt lat="37.0438700" lon="14.8359820">
    <ele>545.6</ele>
   </trkpt>
   <trkpt lat="37.0439730" lon="14.8358210">
    <ele>546.2</ele>
   </trkpt>
   <trkpt lat="37.0440600" lon="14.8356690">
    <ele>546.2</ele>
   </trkpt>
   <trkpt lat="37.0442140" lon="14.8353410">
    <ele>547.0</ele>
   </trkpt>
   <trkpt lat="37.0442340" lon="14.8352960">
    <ele>547.2</ele>
   </trkpt>
   <trkpt lat="37.0443770" lon="14.8350140">
    <ele>547.8</ele>
   </trkpt>
   <trkpt lat="37.0444660" lon="14.8348410">
    <ele>548.2</ele>
   </trkpt>
   <trkpt lat="37.0445600" lon="14.8346810">
    <ele>548.6</ele>
   </trkpt>
   <trkpt lat="37.0447360" lon="14.8344220">
    <ele>549.4</ele>
   </trkpt>
   <trkpt lat="37.0448530" lon="14.8342770">
    <ele>549.8</ele>
   </trkpt>
   <trkpt lat="37.0450240" lon="14.8341200">
    <ele>550.4</ele>
   </trkpt>
   <trkpt lat="37.0451090" lon="14.8340530">
    <ele>550.6</ele>
   </trkpt>
   <trkpt lat="37.0453790" lon="14.8338020">
    <ele>551.2</ele>
   </trkpt>
   <trkpt lat="37.0455120" lon="14.8336400">
    <ele>551.4</ele>
   </trkpt>
   <trkpt lat="37.0456070" lon="14.8334950">
    <ele>551.6</ele>
   </trkpt>
   <trkpt lat="37.0457860" lon="14.8331800">
    <ele>552.4</ele>
   </trkpt>
   <trkpt lat="37.0458020" lon="14.8331570">
    <ele>552.4</ele>
   </trkpt>
   <trkpt lat="37.0458820" lon="14.8330090">
    <ele>552.8</ele>
   </trkpt>
   <trkpt lat="37.0460370" lon="14.8327460">
    <ele>553.6</ele>
   </trkpt>
   <trkpt lat="37.0462380" lon="14.8324060">
    <ele>554.0</ele>
   </trkpt>
   <trkpt lat="37.0463750" lon="14.8321550">
    <ele>554.4</ele>
   </trkpt>
   <trkpt lat="37.0463910" lon="14.8321240">
    <ele>554.4</ele>
   </trkpt>
   <trkpt lat="37.0465680" lon="14.8318190">
    <ele>555.4</ele>
   </trkpt>
   <trkpt lat="37.0467950" lon="14.8314410">
    <ele>556.4</ele>
   </trkpt>
   <trkpt lat="37.0468330" lon="14.8313710">
    <ele>556.6</ele>
   </trkpt>
   <trkpt lat="37.0469930" lon="14.8310660">
    <ele>557.2</ele>
   </trkpt>
   <trkpt lat="37.0470370" lon="14.8309880">
    <ele>557.4</ele>
   </trkpt>
   <trkpt lat="37.0470870" lon="14.8308780">
    <ele>557.8</ele>
   </trkpt>
   <trkpt lat="37.0471010" lon="14.8308490">
    <ele>558.0</ele>
   </trkpt>
   <trkpt lat="37.0471980" lon="14.8306600">
    <ele>558.6</ele>
   </trkpt>
   <trkpt lat="37.0472060" lon="14.8306390">
    <ele>558.8</ele>
   </trkpt>
   <trkpt lat="37.0472690" lon="14.8305270">
    <ele>559.8</ele>
   </trkpt>
   <trkpt lat="37.0473120" lon="14.8304750">
    <ele>560.2</ele>
   </trkpt>
   <trkpt lat="37.0473770" lon="14.8304770">
    <ele>561.0</ele>
   </trkpt>
   <trkpt lat="37.0474170" lon="14.8305230">
    <ele>561.8</ele>
   </trkpt>
   <trkpt lat="37.0474270" lon="14.8305470">
    <ele>561.2</ele>
   </trkpt>
   <trkpt lat="37.0474340" lon="14.8306120">
    <ele>561.0</ele>
   </trkpt>
   <trkpt lat="37.0474260" lon="14.8308460">
    <ele>561.0</ele>
   </trkpt>
   <trkpt lat="37.0474480" lon="14.8312230">
    <ele>560.4</ele>
   </trkpt>
   <trkpt lat="37.0475180" lon="14.8317450">
    <ele>559.8</ele>
   </trkpt>
   <trkpt lat="37.0477140" lon="14.8324030">
    <ele>559.4</ele>
   </trkpt>
   <trkpt lat="37.0477340" lon="14.8324740">
    <ele>559.4</ele>
   </trkpt>
   <trkpt lat="37.0479010" lon="14.8330120">
    <ele>558.4</ele>
   </trkpt>
   <trkpt lat="37.0479260" lon="14.8330950">
    <ele>558.4</ele>
   </trkpt>
   <trkpt lat="37.0480610" lon="14.8335280">
    <ele>558.0</ele>
   </trkpt>
   <trkpt lat="37.0481560" lon="14.8339860">
    <ele>557.4</ele>
   </trkpt>
   <trkpt lat="37.0481680" lon="14.8340670">
    <ele>557.2</ele>
   </trkpt>
   <trkpt lat="37.0482500" lon="14.8347590">
    <ele>556.4</ele>
   </trkpt>
   <trkpt lat="37.0482550" lon="14.8348450">
    <ele>556.4</ele>
   </trkpt>
   <trkpt lat="37.0482620" lon="14.8349140">
    <ele>556.0</ele>
   </trkpt>
   <trkpt lat="37.0483160" lon="14.8354970">
    <ele>555.0</ele>
   </trkpt>
   <trkpt lat="37.0483370" lon="14.8357320">
    <ele>554.8</ele>
   </trkpt>
   <trkpt lat="37.0483500" lon="14.8362350">
    <ele>555.0</ele>
   </trkpt>
   <trkpt lat="37.0483460" lon="14.8363520">
    <ele>554.8</ele>
   </trkpt>
   <trkpt lat="37.0483390" lon="14.8364070">
    <ele>554.8</ele>
   </trkpt>
   <trkpt lat="37.0483390" lon="14.8364150">
    <ele>554.8</ele>
   </trkpt>
   <trkpt lat="37.0483360" lon="14.8364640">
    <ele>554.6</ele>
   </trkpt>
   <trkpt lat="37.0483350" lon="14.8366780">
    <ele>554.8</ele>
   </trkpt>
   <trkpt lat="37.0483230" lon="14.8370060">
    <ele>555.2</ele>
   </trkpt>
   <trkpt lat="37.0483140" lon="14.8374280">
    <ele>555.8</ele>
   </trkpt>
   <trkpt lat="37.0483160" lon="14.8375690">
    <ele>556.0</ele>
   </trkpt>
   <trkpt lat="37.0483150" lon="14.8378540">
    <ele>557.2</ele>
   </trkpt>
   <trkpt lat="37.0483160" lon="14.8380050">
    <ele>558.2</ele>
   </trkpt>
   <trkpt lat="37.0483170" lon="14.8381050">
    <ele>558.2</ele>
   </trkpt>
   <trkpt lat="37.0483190" lon="14.8385460">
    <ele>558.2</ele>
   </trkpt>
   <trkpt lat="37.0482640" lon="14.8390340">
    <ele>558.6</ele>
   </trkpt>
   <trkpt lat="37.0481530" lon="14.8393280">
    <ele>559.2</ele>
   </trkpt>
   <trkpt lat="37.0481310" lon="14.8393720">
    <ele>559.4</ele>
   </trkpt>
   <trkpt lat="37.0479130" lon="14.8398060">
    <ele>560.4</ele>
   </trkpt>
   <trkpt lat="37.0477880" lon="14.8401680">
    <ele>561.2</ele>
   </trkpt>
   <trkpt lat="37.0477760" lon="14.8402220">
    <ele>561.4</ele>
   </trkpt>
   <trkpt lat="37.0477620" lon="14.8403330">
    <ele>561.4</ele>
   </trkpt>
   <trkpt lat="37.0477510" lon="14.8405620">
    <ele>561.8</ele>
   </trkpt>
   <trkpt lat="37.0477240" lon="14.8412070">
    <ele>562.6</ele>
   </trkpt>
   <trkpt lat="37.0476740" lon="14.8418520">
    <ele>563.6</ele>
   </trkpt>
   <trkpt lat="37.0476650" lon="14.8419670">
    <ele>563.8</ele>
   </trkpt>
   <trkpt lat="37.0476630" lon="14.8420220">
    <ele>564.0</ele>
   </trkpt>
   <trkpt lat="37.0476780" lon="14.8422450">
    <ele>564.6</ele>
   </trkpt>
   <trkpt lat="37.0477170" lon="14.8423480">
    <ele>564.6</ele>
   </trkpt>
   <trkpt lat="37.0477910" lon="14.8424240">
    <ele>564.8</ele>
   </trkpt>
   <trkpt lat="37.0478790" lon="14.8424610">
    <ele>565.0</ele>
   </trkpt>
   <trkpt lat="37.0479750" lon="14.8424800">
    <ele>565.2</ele>
   </trkpt>
   <trkpt lat="37.0483830" lon="14.8425350">
    <ele>565.6</ele>
   </trkpt>
   <trkpt lat="37.0486310" lon="14.8425740">
    <ele>565.2</ele>
   </trkpt>
   <trkpt lat="37.0487610" lon="14.8426170">
    <ele>565.0</ele>
   </trkpt>
   <trkpt lat="37.0490930" lon="14.8427980">
    <ele>563.8</ele>
   </trkpt>
   <trkpt lat="37.0493590" lon="14.8430010">
    <ele>563.0</ele>
   </trkpt>
   <trkpt lat="37.0494120" lon="14.8430770">
    <ele>562.8</ele>
   </trkpt>
   <trkpt lat="37.0494490" lon="14.8431650">
    <ele>562.4</ele>
   </trkpt>
   <trkpt lat="37.0494610" lon="14.8433690">
    <ele>561.8</ele>
   </trkpt>
   <trkpt lat="37.0494370" lon="14.8434710">
    <ele>561.2</ele>
   </trkpt>
   <trkpt lat="37.0493760" lon="14.8436810">
    <ele>560.4</ele>
   </trkpt>
   <trkpt lat="37.0493490" lon="14.8437900">
    <ele>560.2</ele>
   </trkpt>
   <trkpt lat="37.0492790" lon="14.8441320">
    <ele>558.8</ele>
   </trkpt>
   <trkpt lat="37.0492560" lon="14.8443710">
    <ele>558.2</ele>
   </trkpt>
   <trkpt lat="37.0492430" lon="14.8444920">
    <ele>557.8</ele>
   </trkpt>
   <trkpt lat="37.0492200" lon="14.8449930">
    <ele>556.4</ele>
   </trkpt>
   <trkpt lat="37.0492290" lon="14.8450930">
    <ele>555.8</ele>
   </trkpt>
   <trkpt lat="37.0492550" lon="14.8452360">
    <ele>555.2</ele>
   </trkpt>
   <trkpt lat="37.0492920" lon="14.8453520">
    <ele>554.6</ele>
   </trkpt>
   <trkpt lat="37.0493450" lon="14.8454620">
    <ele>554.4</ele>
   </trkpt>
   <trkpt lat="37.0494090" lon="14.8455550">
    <ele>554.0</ele>
   </trkpt>
   <trkpt lat="37.0495680" lon="14.8458290">
    <ele>553.0</ele>
   </trkpt>
   <trkpt lat="37.0495980" lon="14.8459260">
    <ele>552.6</ele>
   </trkpt>
   <trkpt lat="37.0496070" lon="14.8460240">
    <ele>552.0</ele>
   </trkpt>
   <trkpt lat="37.0495850" lon="14.8461120">
    <ele>551.4</ele>
   </trkpt>
   <trkpt lat="37.0495300" lon="14.8461850">
    <ele>550.6</ele>
   </trkpt>
   <trkpt lat="37.0494640" lon="14.8462460">
    <ele>550.4</ele>
   </trkpt>
   <trkpt lat="37.0493870" lon="14.8462910">
    <ele>550.0</ele>
   </trkpt>
   <trkpt lat="37.0492090" lon="14.8463520">
    <ele>549.2</ele>
   </trkpt>
   <trkpt lat="37.0491120" lon="14.8463630">
    <ele>549.0</ele>
   </trkpt>
   <trkpt lat="37.0489090" lon="14.8463780">
    <ele>547.8</ele>
   </trkpt>
   <trkpt lat="37.0487130" lon="14.8464510">
    <ele>546.4</ele>
   </trkpt>
   <trkpt lat="37.0484340" lon="14.8466190">
    <ele>545.0</ele>
   </trkpt>
   <trkpt lat="37.0482510" lon="14.8466960">
    <ele>544.0</ele>
   </trkpt>
   <trkpt lat="37.0481520" lon="14.8466920">
    <ele>543.0</ele>
   </trkpt>
   <trkpt lat="37.0480600" lon="14.8466560">
    <ele>542.8</ele>
   </trkpt>
   <trkpt lat="37.0479720" lon="14.8465940">
    <ele>542.4</ele>
   </trkpt>
   <trkpt lat="37.0478830" lon="14.8465450">
    <ele>541.8</ele>
   </trkpt>
   <trkpt lat="37.0476840" lon="14.8465370">
    <ele>540.8</ele>
   </trkpt>
   <trkpt lat="37.0475890" lon="14.8465830">
    <ele>540.6</ele>
   </trkpt>
   <trkpt lat="37.0473980" lon="14.8466840">
    <ele>539.4</ele>
   </trkpt>
   <trkpt lat="37.0472940" lon="14.8467000">
    <ele>538.2</ele>
   </trkpt>
   <trkpt lat="37.0471910" lon="14.8466960">
    <ele>537.4</ele>
   </trkpt>
   <trkpt lat="37.0470940" lon="14.8466840">
    <ele>536.8</ele>
   </trkpt>
   <trkpt lat="37.0470070" lon="14.8466870">
    <ele>536.2</ele>
   </trkpt>
   <trkpt lat="37.0469240" lon="14.8467140">
    <ele>535.8</ele>
   </trkpt>
   <trkpt lat="37.0468460" lon="14.8467660">
    <ele>535.0</ele>
   </trkpt>
   <trkpt lat="37.0467740" lon="14.8468270">
    <ele>534.4</ele>
   </trkpt>
   <trkpt lat="37.0467100" lon="14.8469060">
    <ele>533.8</ele>
   </trkpt>
   <trkpt lat="37.0466620" lon="14.8470030">
    <ele>533.2</ele>
   </trkpt>
   <trkpt lat="37.0465840" lon="14.8471900">
    <ele>531.6</ele>
   </trkpt>
   <trkpt lat="37.0465210" lon="14.8473440">
    <ele>530.4</ele>
   </trkpt>
   <trkpt lat="37.0464890" lon="14.8474050">
    <ele>530.2</ele>
   </trkpt>
   <trkpt lat="37.0464450" lon="14.8474560">
    <ele>529.6</ele>
   </trkpt>
   <trkpt lat="37.0463910" lon="14.8474900">
    <ele>529.0</ele>
   </trkpt>
   <trkpt lat="37.0463270" lon="14.8475100">
    <ele>528.4</ele>
   </trkpt>
   <trkpt lat="37.0462600" lon="14.8475160">
    <ele>528.0</ele>
   </trkpt>
   <trkpt lat="37.0461130" lon="14.8474780">
    <ele>527.0</ele>
   </trkpt>
   <trkpt lat="37.0459910" lon="14.8473900">
    <ele>526.2</ele>
   </trkpt>
   <trkpt lat="37.0459380" lon="14.8473080">
    <ele>526.0</ele>
   </trkpt>
   <trkpt lat="37.0459160" lon="14.8472230">
    <ele>525.6</ele>
   </trkpt>
   <trkpt lat="37.0458930" lon="14.8470320">
    <ele>525.0</ele>
   </trkpt>
   <trkpt lat="37.0458710" lon="14.8469420">
    <ele>525.0</ele>
   </trkpt>
   <trkpt lat="37.0457890" lon="14.8467970">
    <ele>524.0</ele>
   </trkpt>
   <trkpt lat="37.0457320" lon="14.8467540">
    <ele>523.8</ele>
   </trkpt>
   <trkpt lat="37.0456710" lon="14.8467350">
    <ele>523.6</ele>
   </trkpt>
   <trkpt lat="37.0455610" lon="14.8466780">
    <ele>523.0</ele>
   </trkpt>
   <trkpt lat="37.0455180" lon="14.8466250">
    <ele>522.8</ele>
   </trkpt>
   <trkpt lat="37.0454840" lon="14.8465620">
    <ele>522.0</ele>
   </trkpt>
   <trkpt lat="37.0454600" lon="14.8464840">
    <ele>521.4</ele>
   </trkpt>
   <trkpt lat="37.0454430" lon="14.8463960">
    <ele>521.0</ele>
   </trkpt>
   <trkpt lat="37.0454290" lon="14.8463050">
    <ele>520.6</ele>
   </trkpt>
   <trkpt lat="37.0454220" lon="14.8462050">
    <ele>520.4</ele>
   </trkpt>
   <trkpt lat="37.0454200" lon="14.8460080">
    <ele>519.8</ele>
   </trkpt>
   <trkpt lat="37.0453590" lon="14.8458510">
    <ele>519.0</ele>
   </trkpt>
   <trkpt lat="37.0453010" lon="14.8458100">
    <ele>518.6</ele>
   </trkpt>
   <trkpt lat="37.0452270" lon="14.8458110">
    <ele>518.4</ele>
   </trkpt>
   <trkpt lat="37.0451550" lon="14.8458580">
    <ele>518.0</ele>
   </trkpt>
   <trkpt lat="37.0451070" lon="14.8459110">
    <ele>517.6</ele>
   </trkpt>
   <trkpt lat="37.0449980" lon="14.8460210">
    <ele>516.6</ele>
   </trkpt>
   <trkpt lat="37.0449070" lon="14.8459830">
    <ele>515.4</ele>
   </trkpt>
   <trkpt lat="37.0448690" lon="14.8459220">
    <ele>515.2</ele>
   </trkpt>
   <trkpt lat="37.0448100" lon="14.8457510">
    <ele>514.2</ele>
   </trkpt>
   <trkpt lat="37.0447050" lon="14.8455000">
    <ele>513.4</ele>
   </trkpt>
   <trkpt lat="37.0446160" lon="14.8453320">
    <ele>512.6</ele>
   </trkpt>
   <trkpt lat="37.0445600" lon="14.8452490">
    <ele>511.8</ele>
   </trkpt>
   <trkpt lat="37.0443700" lon="14.8450400">
    <ele>510.2</ele>
   </trkpt>
   <trkpt lat="37.0441140" lon="14.8449210">
    <ele>509.0</ele>
   </trkpt>
   <trkpt lat="37.0439560" lon="14.8447910">
    <ele>508.2</ele>
   </trkpt>
   <trkpt lat="37.0438870" lon="14.8447090">
    <ele>507.6</ele>
   </trkpt>
   <trkpt lat="37.0438160" lon="14.8446330">
    <ele>507.4</ele>
   </trkpt>
   <trkpt lat="37.0436680" lon="14.8445600">
    <ele>506.0</ele>
   </trkpt>
   <trkpt lat="37.0434680" lon="14.8446000">
    <ele>504.6</ele>
   </trkpt>
   <trkpt lat="37.0433800" lon="14.8446190">
    <ele>504.4</ele>
   </trkpt>
   <trkpt lat="37.0431960" lon="14.8445920">
    <ele>503.4</ele>
   </trkpt>
   <trkpt lat="37.0431260" lon="14.8445590">
    <ele>502.6</ele>
   </trkpt>
   <trkpt lat="37.0430400" lon="14.8445110">
    <ele>502.4</ele>
   </trkpt>
   <trkpt lat="37.0428570" lon="14.8444230">
    <ele>500.6</ele>
   </trkpt>
   <trkpt lat="37.0427900" lon="14.8444050">
    <ele>500.4</ele>
   </trkpt>
   <trkpt lat="37.0427020" lon="14.8443990">
    <ele>499.6</ele>
   </trkpt>
   <trkpt lat="37.0426100" lon="14.8444180">
    <ele>499.4</ele>
   </trkpt>
   <trkpt lat="37.0425250" lon="14.8444670">
    <ele>498.2</ele>
   </trkpt>
   <trkpt lat="37.0424510" lon="14.8445380">
    <ele>497.8</ele>
   </trkpt>
   <trkpt lat="37.0423660" lon="14.8446230">
    <ele>497.2</ele>
   </trkpt>
   <trkpt lat="37.0422860" lon="14.8446770">
    <ele>496.8</ele>
   </trkpt>
   <trkpt lat="37.0422020" lon="14.8447080">
    <ele>496.4</ele>
   </trkpt>
   <trkpt lat="37.0421130" lon="14.8447150">
    <ele>495.8</ele>
   </trkpt>
   <trkpt lat="37.0419230" lon="14.8446950">
    <ele>494.8</ele>
   </trkpt>
   <trkpt lat="37.0418430" lon="14.8447040">
    <ele>494.6</ele>
   </trkpt>
   <trkpt lat="37.0417240" lon="14.8447140">
    <ele>493.6</ele>
   </trkpt>
   <trkpt lat="37.0416330" lon="14.8447130">
    <ele>493.0</ele>
   </trkpt>
   <trkpt lat="37.0414730" lon="14.8447280">
    <ele>491.4</ele>
   </trkpt>
   <trkpt lat="37.0414140" lon="14.8447730">
    <ele>491.0</ele>
   </trkpt>
   <trkpt lat="37.0413800" lon="14.8448560">
    <ele>490.0</ele>
   </trkpt>
   <trkpt lat="37.0413620" lon="14.8449550">
    <ele>489.6</ele>
   </trkpt>
   <trkpt lat="37.0413440" lon="14.8450580">
    <ele>488.8</ele>
   </trkpt>
   <trkpt lat="37.0412750" lon="14.8452290">
    <ele>487.8</ele>
   </trkpt>
   <trkpt lat="37.0411310" lon="14.8453810">
    <ele>487.2</ele>
   </trkpt>
   <trkpt lat="37.0410530" lon="14.8454310">
    <ele>486.4</ele>
   </trkpt>
   <trkpt lat="37.0408980" lon="14.8455530">
    <ele>485.2</ele>
   </trkpt>
   <trkpt lat="37.0407530" lon="14.8457160">
    <ele>484.0</ele>
   </trkpt>
   <trkpt lat="37.0406120" lon="14.8458710">
    <ele>483.0</ele>
   </trkpt>
   <trkpt lat="37.0405510" lon="14.8459450">
    <ele>482.6</ele>
   </trkpt>
   <trkpt lat="37.0405210" lon="14.8460140">
    <ele>482.0</ele>
   </trkpt>
   <trkpt lat="37.0405050" lon="14.8461090">
    <ele>481.4</ele>
   </trkpt>
   <trkpt lat="37.0405100" lon="14.8462350">
    <ele>481.0</ele>
   </trkpt>
   <trkpt lat="37.0405600" lon="14.8465470">
    <ele>479.6</ele>
   </trkpt>
   <trkpt lat="37.0405990" lon="14.8466540">
    <ele>479.2</ele>
   </trkpt>
   <trkpt lat="37.0406660" lon="14.8467660">
    <ele>478.2</ele>
   </trkpt>
   <trkpt lat="37.0407990" lon="14.8468960">
    <ele>477.0</ele>
   </trkpt>
   <trkpt lat="37.0409050" lon="14.8470320">
    <ele>476.2</ele>
   </trkpt>
   <trkpt lat="37.0409400" lon="14.8471240">
    <ele>475.6</ele>
   </trkpt>
   <trkpt lat="37.0409690" lon="14.8472180">
    <ele>475.2</ele>
   </trkpt>
   <trkpt lat="37.0409770" lon="14.8473240">
    <ele>474.6</ele>
   </trkpt>
   <trkpt lat="37.0409620" lon="14.8474250">
    <ele>474.0</ele>
   </trkpt>
   <trkpt lat="37.0409110" lon="14.8475180">
    <ele>473.4</ele>
   </trkpt>
   <trkpt lat="37.0408460" lon="14.8476030">
    <ele>473.0</ele>
   </trkpt>
   <trkpt lat="37.0407840" lon="14.8476880">
    <ele>472.6</ele>
   </trkpt>
   <trkpt lat="37.0407450" lon="14.8477890">
    <ele>471.6</ele>
   </trkpt>
   <trkpt lat="37.0407350" lon="14.8479060">
    <ele>471.2</ele>
   </trkpt>
   <trkpt lat="37.0407410" lon="14.8480230">
    <ele>470.6</ele>
   </trkpt>
   <trkpt lat="37.0407640" lon="14.8482670">
    <ele>470.0</ele>
   </trkpt>
   <trkpt lat="37.0407580" lon="14.8483900">
    <ele>470.0</ele>
   </trkpt>
   <trkpt lat="37.0407220" lon="14.8485050">
    <ele>469.0</ele>
   </trkpt>
   <trkpt lat="37.0406690" lon="14.8485830">
    <ele>468.2</ele>
   </trkpt>
   <trkpt lat="37.0405950" lon="14.8486680">
    <ele>467.8</ele>
   </trkpt>
   <trkpt lat="37.0404380" lon="14.8488570">
    <ele>466.2</ele>
   </trkpt>
   <trkpt lat="37.0403210" lon="14.8490680">
    <ele>465.0</ele>
   </trkpt>
   <trkpt lat="37.0402280" lon="14.8492830">
    <ele>464.4</ele>
   </trkpt>
   <trkpt lat="37.0402180" lon="14.8494020">
    <ele>463.6</ele>
   </trkpt>
   <trkpt lat="37.0402370" lon="14.8495230">
    <ele>463.0</ele>
   </trkpt>
   <trkpt lat="37.0402650" lon="14.8496130">
    <ele>462.6</ele>
   </trkpt>
   <trkpt lat="37.0403440" lon="14.8498640">
    <ele>462.0</ele>
   </trkpt>
   <trkpt lat="37.0403650" lon="14.8499630">
    <ele>461.0</ele>
   </trkpt>
   <trkpt lat="37.0403830" lon="14.8501090">
    <ele>460.6</ele>
   </trkpt>
   <trkpt lat="37.0403830" lon="14.8502330">
    <ele>459.8</ele>
   </trkpt>
   <trkpt lat="37.0403750" lon="14.8503330">
    <ele>459.6</ele>
   </trkpt>
   <trkpt lat="37.0403510" lon="14.8504830">
    <ele>458.8</ele>
   </trkpt>
   <trkpt lat="37.0403250" lon="14.8506070">
    <ele>458.0</ele>
   </trkpt>
   <trkpt lat="37.0402610" lon="14.8508270">
    <ele>457.2</ele>
   </trkpt>
   <trkpt lat="37.0401970" lon="14.8509640">
    <ele>456.8</ele>
   </trkpt>
   <trkpt lat="37.0401290" lon="14.8510640">
    <ele>456.0</ele>
   </trkpt>
   <trkpt lat="37.0399700" lon="14.8512480">
    <ele>454.8</ele>
   </trkpt>
   <trkpt lat="37.0398330" lon="14.8514070">
    <ele>453.8</ele>
   </trkpt>
   <trkpt lat="37.0397850" lon="14.8514810">
    <ele>453.2</ele>
   </trkpt>
   <trkpt lat="37.0397620" lon="14.8515610">
    <ele>452.6</ele>
   </trkpt>
   <trkpt lat="37.0397810" lon="14.8516360">
    <ele>451.8</ele>
   </trkpt>
   <trkpt lat="37.0398350" lon="14.8516870">
    <ele>451.2</ele>
   </trkpt>
   <trkpt lat="37.0398920" lon="14.8517050">
    <ele>450.6</ele>
   </trkpt>
   <trkpt lat="37.0400710" lon="14.8516870">
    <ele>449.8</ele>
   </trkpt>
   <trkpt lat="37.0401580" lon="14.8516680">
    <ele>449.2</ele>
   </trkpt>
   <trkpt lat="37.0403230" lon="14.8516380">
    <ele>448.2</ele>
   </trkpt>
   <trkpt lat="37.0405290" lon="14.8516040">
    <ele>447.2</ele>
   </trkpt>
   <trkpt lat="37.0406250" lon="14.8515760">
    <ele>447.0</ele>
   </trkpt>
   <trkpt lat="37.0408200" lon="14.8514950">
    <ele>445.8</ele>
   </trkpt>
   <trkpt lat="37.0410020" lon="14.8513800">
    <ele>444.6</ele>
   </trkpt>
   <trkpt lat="37.0411620" lon="14.8512590">
    <ele>443.4</ele>
   </trkpt>
   <trkpt lat="37.0413120" lon="14.8511800">
    <ele>442.8</ele>
   </trkpt>
   <trkpt lat="37.0414580" lon="14.8511600">
    <ele>441.8</ele>
   </trkpt>
   <trkpt lat="37.0415330" lon="14.8511820">
    <ele>441.6</ele>
   </trkpt>
   <trkpt lat="37.0415920" lon="14.8512250">
    <ele>441.2</ele>
   </trkpt>
   <trkpt lat="37.0416410" lon="14.8512850">
    <ele>440.4</ele>
   </trkpt>
   <trkpt lat="37.0416750" lon="14.8513520">
    <ele>440.4</ele>
   </trkpt>
   <trkpt lat="37.0417550" lon="14.8516730">
    <ele>439.4</ele>
   </trkpt>
   <trkpt lat="37.0419350" lon="14.8521510">
    <ele>438.6</ele>
   </trkpt>
   <trkpt lat="37.0420260" lon="14.8523400">
    <ele>438.2</ele>
   </trkpt>
   <trkpt lat="37.0421230" lon="14.8524980">
    <ele>437.8</ele>
   </trkpt>
   <trkpt lat="37.0421780" lon="14.8525650">
    <ele>437.4</ele>
   </trkpt>
   <trkpt lat="37.0422390" lon="14.8526150">
    <ele>437.4</ele>
   </trkpt>
   <trkpt lat="37.0423050" lon="14.8526430">
    <ele>437.2</ele>
   </trkpt>
   <trkpt lat="37.0423750" lon="14.8526540">
    <ele>437.2</ele>
   </trkpt>
   <trkpt lat="37.0424290" lon="14.8526490">
    <ele>436.8</ele>
   </trkpt>
   <trkpt lat="37.0425750" lon="14.8525790">
    <ele>436.4</ele>
   </trkpt>
   <trkpt lat="37.0426660" lon="14.8524480">
    <ele>436.2</ele>
   </trkpt>
   <trkpt lat="37.0427520" lon="14.8523150">
    <ele>436.0</ele>
   </trkpt>
   <trkpt lat="37.0430180" lon="14.8519460">
    <ele>436.0</ele>
   </trkpt>
   <trkpt lat="37.0430710" lon="14.8518990">
    <ele>436.0</ele>
   </trkpt>
   <trkpt lat="37.0433400" lon="14.8517330">
    <ele>436.4</ele>
   </trkpt>
   <trkpt lat="37.0433950" lon="14.8517170">
    <ele>436.4</ele>
   </trkpt>
   <trkpt lat="37.0434900" lon="14.8517280">
    <ele>436.2</ele>
   </trkpt>
   <trkpt lat="37.0435660" lon="14.8518080">
    <ele>436.2</ele>
   </trkpt>
   <trkpt lat="37.0435840" lon="14.8518700">
    <ele>436.2</ele>
   </trkpt>
   <trkpt lat="37.0436390" lon="14.8520650">
    <ele>436.2</ele>
   </trkpt>
   <trkpt lat="37.0436370" lon="14.8522050">
    <ele>436.0</ele>
   </trkpt>
   <trkpt lat="37.0435830" lon="14.8523410">
    <ele>436.0</ele>
   </trkpt>
   <trkpt lat="37.0435130" lon="14.8524690">
    <ele>435.8</ele>
   </trkpt>
   <trkpt lat="37.0433240" lon="14.8528070">
    <ele>435.6</ele>
   </trkpt>
   <trkpt lat="37.0430850" lon="14.8532180">
    <ele>435.4</ele>
   </trkpt>
   <trkpt lat="37.0428400" lon="14.8536250">
    <ele>435.2</ele>
   </trkpt>
   <trkpt lat="37.0426570" lon="14.8538350">
    <ele>436.2</ele>
   </trkpt>
   <trkpt lat="37.0426050" lon="14.8538790">
    <ele>436.4</ele>
   </trkpt>
   <trkpt lat="37.0425240" lon="14.8539330">
    <ele>437.2</ele>
   </trkpt>
   <trkpt lat="37.0424790" lon="14.8539590">
    <ele>437.8</ele>
   </trkpt>
   <trkpt lat="37.0423320" lon="14.8540480">
    <ele>438.6</ele>
   </trkpt>
   <trkpt lat="37.0422870" lon="14.8540760">
    <ele>438.8</ele>
   </trkpt>
   <trkpt lat="37.0421070" lon="14.8541370">
    <ele>439.8</ele>
   </trkpt>
   <trkpt lat="37.0420480" lon="14.8541480">
    <ele>440.0</ele>
   </trkpt>
   <trkpt lat="37.0418890" lon="14.8541620">
    <ele>440.8</ele>
   </trkpt>
   <trkpt lat="37.0418620" lon="14.8541590">
    <ele>441.0</ele>
   </trkpt>
   <trkpt lat="37.0416620" lon="14.8541320">
    <ele>442.0</ele>
   </trkpt>
   <trkpt lat="37.0416310" lon="14.8541260">
    <ele>442.2</ele>
   </trkpt>
   <trkpt lat="37.0414220" lon="14.8540660">
    <ele>443.2</ele>
   </trkpt>
   <trkpt lat="37.0412010" lon="14.8539910">
    <ele>444.2</ele>
   </trkpt>
   <trkpt lat="37.0410930" lon="14.8539630">
    <ele>444.8</ele>
   </trkpt>
   <trkpt lat="37.0409820" lon="14.8539560">
    <ele>445.2</ele>
   </trkpt>
   <trkpt lat="37.0409000" lon="14.8539900">
    <ele>445.6</ele>
   </trkpt>
   <trkpt lat="37.0408420" lon="14.8540500">
    <ele>446.4</ele>
   </trkpt>
   <trkpt lat="37.0408140" lon="14.8541200">
    <ele>446.6</ele>
   </trkpt>
   <trkpt lat="37.0407650" lon="14.8542890">
    <ele>447.4</ele>
   </trkpt>
   <trkpt lat="37.0407240" lon="14.8544540">
    <ele>447.8</ele>
   </trkpt>
   <trkpt lat="37.0406630" lon="14.8546060">
    <ele>448.6</ele>
   </trkpt>
   <trkpt lat="37.0406400" lon="14.8546690">
    <ele>448.8</ele>
   </trkpt>
   <trkpt lat="37.0405750" lon="14.8548440">
    <ele>449.8</ele>
   </trkpt>
   <trkpt lat="37.0405450" lon="14.8549010">
    <ele>450.0</ele>
   </trkpt>
   <trkpt lat="37.0404750" lon="14.8550460">
    <ele>450.8</ele>
   </trkpt>
   <trkpt lat="37.0404100" lon="14.8551520">
    <ele>451.6</ele>
   </trkpt>
   <trkpt lat="37.0403480" lon="14.8552050">
    <ele>452.0</ele>
   </trkpt>
   <trkpt lat="37.0402450" lon="14.8552620">
    <ele>452.4</ele>
   </trkpt>
   <trkpt lat="37.0400710" lon="14.8553390">
    <ele>453.4</ele>
   </trkpt>
   <trkpt lat="37.0400240" lon="14.8553670">
    <ele>453.6</ele>
   </trkpt>
   <trkpt lat="37.0399050" lon="14.8554400">
    <ele>454.4</ele>
   </trkpt>
   <trkpt lat="37.0397530" lon="14.8555040">
    <ele>455.4</ele>
   </trkpt>
   <trkpt lat="37.0396760" lon="14.8555440">
    <ele>456.0</ele>
   </trkpt>
   <trkpt lat="37.0396260" lon="14.8555680">
    <ele>456.4</ele>
   </trkpt>
   <trkpt lat="37.0394800" lon="14.8556130">
    <ele>457.2</ele>
   </trkpt>
   <trkpt lat="37.0394070" lon="14.8556170">
    <ele>457.6</ele>
   </trkpt>
   <trkpt lat="37.0392640" lon="14.8556120">
    <ele>458.4</ele>
   </trkpt>
   <trkpt lat="37.0392180" lon="14.8556040">
    <ele>458.6</ele>
   </trkpt>
   <trkpt lat="37.0390960" lon="14.8556030">
    <ele>459.0</ele>
   </trkpt>
   <trkpt lat="37.0389900" lon="14.8556470">
    <ele>459.8</ele>
   </trkpt>
   <trkpt lat="37.0389190" lon="14.8557250">
    <ele>460.2</ele>
   </trkpt>
   <trkpt lat="37.0388640" lon="14.8557990">
    <ele>460.8</ele>
   </trkpt>
   <trkpt lat="37.0387560" lon="14.8559490">
    <ele>461.4</ele>
   </trkpt>
   <trkpt lat="37.0386780" lon="14.8560820">
    <ele>462.2</ele>
   </trkpt>
   <trkpt lat="37.0386110" lon="14.8561740">
    <ele>462.6</ele>
   </trkpt>
   <trkpt lat="37.0385390" lon="14.8563020">
    <ele>463.2</ele>
   </trkpt>
   <trkpt lat="37.0384870" lon="14.8563700">
    <ele>463.6</ele>
   </trkpt>
   <trkpt lat="37.0383660" lon="14.8565590">
    <ele>464.4</ele>
   </trkpt>
   <trkpt lat="37.0383300" lon="14.8566100">
    <ele>464.6</ele>
   </trkpt>
   <trkpt lat="37.0382100" lon="14.8567810">
    <ele>465.4</ele>
   </trkpt>
   <trkpt lat="37.0381770" lon="14.8568280">
    <ele>465.6</ele>
   </trkpt>
   <trkpt lat="37.0380860" lon="14.8569730">
    <ele>466.6</ele>
   </trkpt>
   <trkpt lat="37.0380170" lon="14.8570680">
    <ele>467.0</ele>
   </trkpt>
   <trkpt lat="37.0379350" lon="14.8571890">
    <ele>468.0</ele>
   </trkpt>
   <trkpt lat="37.0378360" lon="14.8573340">
    <ele>468.6</ele>
   </trkpt>
   <trkpt lat="37.0377850" lon="14.8573940">
    <ele>469.0</ele>
   </trkpt>
   <trkpt lat="37.0377180" lon="14.8575180">
    <ele>469.8</ele>
   </trkpt>
   <trkpt lat="37.0377020" lon="14.8575400">
    <ele>470.0</ele>
   </trkpt>
   <trkpt lat="37.0375860" lon="14.8577180">
    <ele>471.0</ele>
   </trkpt>
   <trkpt lat="37.0375730" lon="14.8577400">
    <ele>471.2</ele>
   </trkpt>
   <trkpt lat="37.0374750" lon="14.8579410">
    <ele>471.8</ele>
   </trkpt>
   <trkpt lat="37.0374600" lon="14.8579820">
    <ele>472.2</ele>
   </trkpt>
   <trkpt lat="37.0374300" lon="14.8580930">
    <ele>472.6</ele>
   </trkpt>
   <trkpt lat="37.0374210" lon="14.8581450">
    <ele>472.8</ele>
   </trkpt>
   <trkpt lat="37.0374330" lon="14.8581560">
    <ele>472.8</ele>
   </trkpt>
   <trkpt lat="37.0374580" lon="14.8580990">
    <ele>472.8</ele>
   </trkpt>
   <trkpt lat="37.0375120" lon="14.8579420">
    <ele>472.4</ele>
   </trkpt>
   <trkpt lat="37.0376580" lon="14.8576690">
    <ele>472.0</ele>
   </trkpt>
   <trkpt lat="37.0378330" lon="14.8573920">
    <ele>471.6</ele>
   </trkpt>
   <trkpt lat="37.0379290" lon="14.8572460">
    <ele>470.8</ele>
   </trkpt>
   <trkpt lat="37.0379460" lon="14.8572240">
    <ele>470.8</ele>
   </trkpt>
   <trkpt lat="37.0380050" lon="14.8571900">
    <ele>470.0</ele>
   </trkpt>
   <trkpt lat="37.0380110" lon="14.8571770">
    <ele>469.8</ele>
   </trkpt>
   <trkpt lat="37.0380020" lon="14.8571420">
    <ele>469.4</ele>
   </trkpt>
   <trkpt lat="37.0379000" lon="14.8572360">
    <ele>468.8</ele>
   </trkpt>
   <trkpt lat="37.0378020" lon="14.8573960">
    <ele>469.2</ele>
   </trkpt>
   <trkpt lat="37.0376880" lon="14.8575540">
    <ele>470.0</ele>
   </trkpt>
   <trkpt lat="37.0376330" lon="14.8576510">
    <ele>470.8</ele>
   </trkpt>
   <trkpt lat="37.0375330" lon="14.8577990">
    <ele>471.8</ele>
   </trkpt>
   <trkpt lat="37.0375050" lon="14.8578390">
    <ele>471.8</ele>
   </trkpt>
   <trkpt lat="37.0374390" lon="14.8580200">
    <ele>472.2</ele>
   </trkpt>
   <trkpt lat="37.0374100" lon="14.8581210">
    <ele>472.4</ele>
   </trkpt>
   <trkpt lat="37.0374100" lon="14.8582520">
    <ele>472.4</ele>
   </trkpt>
   <trkpt lat="37.0374100" lon="14.8582520">
    <ele>472.4</ele>
   </trkpt>
   <trkpt lat="37.0374320" lon="14.8583210">
    <ele>472.6</ele>
   </trkpt>
   <trkpt lat="37.0374420" lon="14.8583600">
    <ele>472.6</ele>
   </trkpt>
   <trkpt lat="37.0375190" lon="14.8586090">
    <ele>472.4</ele>
   </trkpt>
   <trkpt lat="37.0375940" lon="14.8588820">
    <ele>472.4</ele>
   </trkpt>
   <trkpt lat="37.0376530" lon="14.8592430">
    <ele>472.6</ele>
   </trkpt>
   <trkpt lat="37.0376330" lon="14.8596720">
    <ele>473.2</ele>
   </trkpt>
   <trkpt lat="37.0376250" lon="14.8597200">
    <ele>473.4</ele>
   </trkpt>
   <trkpt lat="37.0375350" lon="14.8599940">
    <ele>473.6</ele>
   </trkpt>
   <trkpt lat="37.0373630" lon="14.8603860">
    <ele>474.2</ele>
   </trkpt>
   <trkpt lat="37.0372980" lon="14.8605350">
    <ele>474.2</ele>
   </trkpt>
   <trkpt lat="37.0371730" lon="14.8607780">
    <ele>474.2</ele>
   </trkpt>
   <trkpt lat="37.0369180" lon="14.8612680">
    <ele>475.0</ele>
   </trkpt>
   <trkpt lat="37.0368920" lon="14.8613180">
    <ele>475.0</ele>
   </trkpt>
   <trkpt lat="37.0368110" lon="14.8614510">
    <ele>475.2</ele>
   </trkpt>
   <trkpt lat="37.0367850" lon="14.8615120">
    <ele>475.2</ele>
   </trkpt>
   <trkpt lat="37.0367780" lon="14.8615680">
    <ele>475.2</ele>
   </trkpt>
   <trkpt lat="37.0367800" lon="14.8616240">
    <ele>475.4</ele>
   </trkpt>
   <trkpt lat="37.0368300" lon="14.8617890">
    <ele>475.6</ele>
   </trkpt>
   <trkpt lat="37.0370490" lon="14.8622410">
    <ele>476.0</ele>
   </trkpt>
   <trkpt lat="37.0372250" lon="14.8626080">
    <ele>476.2</ele>
   </trkpt>
   <trkpt lat="37.0372950" lon="14.8627470">
    <ele>476.4</ele>
   </trkpt>
   <trkpt lat="37.0373160" lon="14.8627920">
    <ele>476.4</ele>
   </trkpt>
   <trkpt lat="37.0373670" lon="14.8630050">
    <ele>476.6</ele>
   </trkpt>
   <trkpt lat="37.0373720" lon="14.8630600">
    <ele>476.6</ele>
   </trkpt>
   <trkpt lat="37.0373620" lon="14.8631840">
    <ele>476.8</ele>
   </trkpt>
   <trkpt lat="37.0373490" lon="14.8632340">
    <ele>476.8</ele>
   </trkpt>
   <trkpt lat="37.0373310" lon="14.8632790">
    <ele>476.8</ele>
   </trkpt>
   <trkpt lat="37.0372440" lon="14.8634740">
    <ele>477.0</ele>
   </trkpt>
   <trkpt lat="37.0371370" lon="14.8636940">
    <ele>477.2</ele>
   </trkpt>
   <trkpt lat="37.0370590" lon="14.8640250">
    <ele>477.2</ele>
   </trkpt>
   <trkpt lat="37.0370590" lon="14.8644120">
    <ele>477.4</ele>
   </trkpt>
   <trkpt lat="37.0370890" lon="14.8648470">
    <ele>477.4</ele>
   </trkpt>
   <trkpt lat="37.0371710" lon="14.8653450">
    <ele>477.8</ele>
   </trkpt>
   <trkpt lat="37.0372010" lon="14.8654140">
    <ele>477.8</ele>
   </trkpt>
   <trkpt lat="37.0372660" lon="14.8655040">
    <ele>477.8</ele>
   </trkpt>
   <trkpt lat="37.0373100" lon="14.8655450">
    <ele>477.8</ele>
   </trkpt>
   <trkpt lat="37.0373980" lon="14.8656100">
    <ele>477.8</ele>
   </trkpt>
   <trkpt lat="37.0374890" lon="14.8656430">
    <ele>477.8</ele>
   </trkpt>
   <trkpt lat="37.0375330" lon="14.8656510">
    <ele>477.8</ele>
   </trkpt>
   <trkpt lat="37.0376620" lon="14.8656720">
    <ele>477.8</ele>
   </trkpt>
   <trkpt lat="37.0378100" lon="14.8656670">
    <ele>478.0</ele>
   </trkpt>
   <trkpt lat="37.0381620" lon="14.8656500">
    <ele>478.0</ele>
   </trkpt>
   <trkpt lat="37.0385100" lon="14.8657080">
    <ele>478.4</ele>
   </trkpt>
   <trkpt lat="37.0385570" lon="14.8657200">
    <ele>478.4</ele>
   </trkpt>
   <trkpt lat="37.0390790" lon="14.8658770">
    <ele>479.0</ele>
   </trkpt>
   <trkpt lat="37.0393090" lon="14.8660540">
    <ele>479.0</ele>
   </trkpt>
   <trkpt lat="37.0393900" lon="14.8661710">
    <ele>479.0</ele>
   </trkpt>
   <trkpt lat="37.0394420" lon="14.8663150">
    <ele>479.0</ele>
   </trkpt>
   <trkpt lat="37.0395420" lon="14.8668160">
    <ele>478.2</ele>
   </trkpt>
   <trkpt lat="37.0395660" lon="14.8669040">
    <ele>478.0</ele>
   </trkpt>
   <trkpt lat="37.0396410" lon="14.8670710">
    <ele>477.4</ele>
   </trkpt>
   <trkpt lat="37.0396880" lon="14.8671380">
    <ele>477.2</ele>
   </trkpt>
   <trkpt lat="37.0397370" lon="14.8671960">
    <ele>477.0</ele>
   </trkpt>
   <trkpt lat="37.0399020" lon="14.8673390">
    <ele>476.4</ele>
   </trkpt>
   <trkpt lat="37.0399620" lon="14.8673740">
    <ele>476.4</ele>
   </trkpt>
   <trkpt lat="37.0403720" lon="14.8676020">
    <ele>475.4</ele>
   </trkpt>
   <trkpt lat="37.0406300" lon="14.8677430">
    <ele>475.6</ele>
   </trkpt>
   <trkpt lat="37.0410000" lon="14.8679350">
    <ele>476.0</ele>
   </trkpt>
   <trkpt lat="37.0412710" lon="14.8679730">
    <ele>476.0</ele>
   </trkpt>
   <trkpt lat="37.0413290" lon="14.8679660">
    <ele>475.8</ele>
   </trkpt>
   <trkpt lat="37.0416570" lon="14.8678260">
    <ele>476.0</ele>
   </trkpt>
   <trkpt lat="37.0421430" lon="14.8675790">
    <ele>476.2</ele>
   </trkpt>
   <trkpt lat="37.0426350" lon="14.8674740">
    <ele>476.6</ele>
   </trkpt>
   <trkpt lat="37.0429140" lon="14.8675350">
    <ele>476.8</ele>
   </trkpt>
   <trkpt lat="37.0430140" lon="14.8675880">
    <ele>476.8</ele>
   </trkpt>
   <trkpt lat="37.0431020" lon="14.8676660">
    <ele>477.0</ele>
   </trkpt>
   <trkpt lat="37.0431410" lon="14.8677110">
    <ele>477.0</ele>
   </trkpt>
   <trkpt lat="37.0431760" lon="14.8677570">
    <ele>477.0</ele>
   </trkpt>
   <trkpt lat="37.0432330" lon="14.8678620">
    <ele>477.2</ele>
   </trkpt>
   <trkpt lat="37.0432540" lon="14.8679200">
    <ele>477.4</ele>
   </trkpt>
   <trkpt lat="37.0432670" lon="14.8679790">
    <ele>477.4</ele>
   </trkpt>
   <trkpt lat="37.0433120" lon="14.8682400">
    <ele>478.2</ele>
   </trkpt>
   <trkpt lat="37.0433470" lon="14.8683570">
    <ele>478.4</ele>
   </trkpt>
   <trkpt lat="37.0434130" lon="14.8685080">
    <ele>479.4</ele>
   </trkpt>
   <trkpt lat="37.0434290" lon="14.8685290">
    <ele>479.4</ele>
   </trkpt>
   <trkpt lat="37.0435420" lon="14.8686840">
    <ele>480.6</ele>
   </trkpt>
   <trkpt lat="37.0435910" lon="14.8687580">
    <ele>480.8</ele>
   </trkpt>
   <trkpt lat="37.0437650" lon="14.8689740">
    <ele>481.0</ele>
   </trkpt>
   <trkpt lat="37.0440480" lon="14.8693320">
    <ele>481.6</ele>
   </trkpt>
   <trkpt lat="37.0441630" lon="14.8694720">
    <ele>481.6</ele>
   </trkpt>
   <trkpt lat="37.0443070" lon="14.8696270">
    <ele>482.0</ele>
   </trkpt>
   <trkpt lat="37.0445870" lon="14.8698590">
    <ele>482.4</ele>
   </trkpt>
   <trkpt lat="37.0448460" lon="14.8700440">
    <ele>482.6</ele>
   </trkpt>
   <trkpt lat="37.0450010" lon="14.8701630">
    <ele>482.8</ele>
   </trkpt>
   <trkpt lat="37.0452540" lon="14.8703210">
    <ele>483.4</ele>
   </trkpt>
   <trkpt lat="37.0453770" lon="14.8703600">
    <ele>483.6</ele>
   </trkpt>
   <trkpt lat="37.0455540" lon="14.8704000">
    <ele>483.8</ele>
   </trkpt>
   <trkpt lat="37.0458250" lon="14.8704560">
    <ele>484.2</ele>
   </trkpt>
   <trkpt lat="37.0459260" lon="14.8704730">
    <ele>484.2</ele>
   </trkpt>
   <trkpt lat="37.0460040" lon="14.8705020">
    <ele>484.2</ele>
   </trkpt>
   <trkpt lat="37.0461560" lon="14.8705300">
    <ele>484.4</ele>
   </trkpt>
   <trkpt lat="37.0463400" lon="14.8705650">
    <ele>484.4</ele>
   </trkpt>
   <trkpt lat="37.0465570" lon="14.8706180">
    <ele>484.6</ele>
   </trkpt>
   <trkpt lat="37.0465820" lon="14.8706380">
    <ele>484.8</ele>
   </trkpt>
   <trkpt lat="37.0465820" lon="14.8706380">
    <ele>484.8</ele>
   </trkpt>
   <trkpt lat="37.0466100" lon="14.8706380">
    <ele>484.2</ele>
   </trkpt>
   <trkpt lat="37.0466550" lon="14.8706390">
    <ele>484.2</ele>
   </trkpt>
   <trkpt lat="37.0468190" lon="14.8706800">
    <ele>484.4</ele>
   </trkpt>
   <trkpt lat="37.0471110" lon="14.8707530">
    <ele>484.6</ele>
   </trkpt>
   <trkpt lat="37.0474450" lon="14.8708360">
    <ele>485.2</ele>
   </trkpt>
   <trkpt lat="37.0478430" lon="14.8709130">
    <ele>485.4</ele>
   </trkpt>
   <trkpt lat="37.0479960" lon="14.8709360">
    <ele>485.8</ele>
   </trkpt>
   <trkpt lat="37.0481620" lon="14.8709680">
    <ele>486.2</ele>
   </trkpt>
   <trkpt lat="37.0482500" lon="14.8709710">
    <ele>486.4</ele>
   </trkpt>
   <trkpt lat="37.0483920" lon="14.8709760">
    <ele>486.8</ele>
   </trkpt>
   <trkpt lat="37.0484640" lon="14.8709610">
    <ele>487.2</ele>
   </trkpt>
   <trkpt lat="37.0486000" lon="14.8709050">
    <ele>487.8</ele>
   </trkpt>
   <trkpt lat="37.0486450" lon="14.8708880">
    <ele>488.0</ele>
   </trkpt>
   <trkpt lat="37.0487530" lon="14.8708410">
    <ele>488.4</ele>
   </trkpt>
   <trkpt lat="37.0489050" lon="14.8707920">
    <ele>488.4</ele>
   </trkpt>
   <trkpt lat="37.0490730" lon="14.8707810">
    <ele>488.2</ele>
   </trkpt>
   <trkpt lat="37.0492280" lon="14.8708190">
    <ele>488.2</ele>
   </trkpt>
   <trkpt lat="37.0494190" lon="14.8708480">
    <ele>488.4</ele>
   </trkpt>
   <trkpt lat="37.0494320" lon="14.8708450">
    <ele>488.4</ele>
   </trkpt>
   <trkpt lat="37.0494460" lon="14.8708230">
    <ele>488.6</ele>
   </trkpt>
   <trkpt lat="37.0494420" lon="14.8708160">
    <ele>488.6</ele>
   </trkpt>
   <trkpt lat="37.0493160" lon="14.8707990">
    <ele>488.6</ele>
   </trkpt>
   <trkpt lat="37.0491850" lon="14.8707610">
    <ele>488.6</ele>
   </trkpt>
   <trkpt lat="37.0491050" lon="14.8707860">
    <ele>488.6</ele>
   </trkpt>
   <trkpt lat="37.0490990" lon="14.8707880">
    <ele>488.4</ele>
   </trkpt>
   <trkpt lat="37.0490770" lon="14.8707860">
    <ele>487.8</ele>
   </trkpt>
   <trkpt lat="37.0489530" lon="14.8707750">
    <ele>487.8</ele>
   </trkpt>
   <trkpt lat="37.0487520" lon="14.8708330">
    <ele>487.6</ele>
   </trkpt>
   <trkpt lat="37.0485380" lon="14.8708790">
    <ele>487.8</ele>
   </trkpt>
   <trkpt lat="37.0484860" lon="14.8708850">
    <ele>487.8</ele>
   </trkpt>
   <trkpt lat="37.0482780" lon="14.8709290">
    <ele>487.6</ele>
   </trkpt>
   <trkpt lat="37.0482280" lon="14.8709320">
    <ele>487.4</ele>
   </trkpt>
   <trkpt lat="37.0478630" lon="14.8708820">
    <ele>487.0</ele>
   </trkpt>
   <trkpt lat="37.0475490" lon="14.8708270">
    <ele>486.4</ele>
   </trkpt>
   <trkpt lat="37.0474350" lon="14.8708010">
    <ele>486.2</ele>
   </trkpt>
   <trkpt lat="37.0470260" lon="14.8707090">
    <ele>485.8</ele>
   </trkpt>
   <trkpt lat="37.0466000" lon="14.8706080">
    <ele>485.4</ele>
   </trkpt>
   <trkpt lat="37.0464730" lon="14.8705810">
    <ele>485.2</ele>
   </trkpt>
   <trkpt lat="37.0459600" lon="14.8704650">
    <ele>484.8</ele>
   </trkpt>
   <trkpt lat="37.0454610" lon="14.8703530">
    <ele>484.4</ele>
   </trkpt>
   <trkpt lat="37.0452650" lon="14.8702890">
    <ele>484.2</ele>
   </trkpt>
   <trkpt lat="37.0449010" lon="14.8700530">
    <ele>484.0</ele>
   </trkpt>
   <trkpt lat="37.0445660" lon="14.8698020">
    <ele>483.4</ele>
   </trkpt>
   <trkpt lat="37.0442920" lon="14.8695780">
    <ele>482.6</ele>
   </trkpt>
   <trkpt lat="37.0441960" lon="14.8694770">
    <ele>482.0</ele>
   </trkpt>
   <trkpt lat="37.0439090" lon="14.8691380">
    <ele>481.2</ele>
   </trkpt>
   <trkpt lat="37.0437140" lon="14.8689000">
    <ele>481.0</ele>
   </trkpt>
   <trkpt lat="37.0434740" lon="14.8685960">
    <ele>480.6</ele>
   </trkpt>
   <trkpt lat="37.0433450" lon="14.8683630">
    <ele>480.4</ele>
   </trkpt>
   <trkpt lat="37.0433120" lon="14.8682730">
    <ele>480.2</ele>
   </trkpt>
   <trkpt lat="37.0432850" lon="14.8681760">
    <ele>480.0</ele>
   </trkpt>
   <trkpt lat="37.0432610" lon="14.8680750">
    <ele>479.8</ele>
   </trkpt>
   <trkpt lat="37.0432080" lon="14.8678740">
    <ele>479.0</ele>
   </trkpt>
   <trkpt lat="37.0431710" lon="14.8677850">
    <ele>478.8</ele>
   </trkpt>
   <trkpt lat="37.0431210" lon="14.8677020">
    <ele>478.4</ele>
   </trkpt>
   <trkpt lat="37.0429970" lon="14.8675680">
    <ele>477.8</ele>
   </trkpt>
   <trkpt lat="37.0428530" lon="14.8674770">
    <ele>477.4</ele>
   </trkpt>
   <trkpt lat="37.0427040" lon="14.8674340">
    <ele>477.2</ele>
   </trkpt>
   <trkpt lat="37.0425600" lon="14.8674220">
    <ele>477.2</ele>
   </trkpt>
   <trkpt lat="37.0424190" lon="14.8674400">
    <ele>477.2</ele>
   </trkpt>
   <trkpt lat="37.0420050" lon="14.8675720">
    <ele>476.6</ele>
   </trkpt>
   <trkpt lat="37.0417480" lon="14.8677250">
    <ele>476.4</ele>
   </trkpt>
   <trkpt lat="37.0415520" lon="14.8678340">
    <ele>476.0</ele>
   </trkpt>
   <trkpt lat="37.0412730" lon="14.8679280">
    <ele>475.6</ele>
   </trkpt>
   <trkpt lat="37.0411990" lon="14.8679360">
    <ele>475.6</ele>
   </trkpt>
   <trkpt lat="37.0411270" lon="14.8679400">
    <ele>475.6</ele>
   </trkpt>
   <trkpt lat="37.0409180" lon="14.8678880">
    <ele>475.4</ele>
   </trkpt>
   <trkpt lat="37.0404560" lon="14.8676370">
    <ele>475.0</ele>
   </trkpt>
   <trkpt lat="37.0399470" lon="14.8673280">
    <ele>474.6</ele>
   </trkpt>
   <trkpt lat="37.0397220" lon="14.8671540">
    <ele>474.4</ele>
   </trkpt>
   <trkpt lat="37.0396750" lon="14.8671000">
    <ele>474.4</ele>
   </trkpt>
   <trkpt lat="37.0396320" lon="14.8670380">
    <ele>474.2</ele>
   </trkpt>
   <trkpt lat="37.0395700" lon="14.8669070">
    <ele>474.2</ele>
   </trkpt>
   <trkpt lat="37.0395490" lon="14.8668340">
    <ele>474.4</ele>
   </trkpt>
   <trkpt lat="37.0395310" lon="14.8667580">
    <ele>474.4</ele>
   </trkpt>
   <trkpt lat="37.0394910" lon="14.8665550">
    <ele>474.6</ele>
   </trkpt>
   <trkpt lat="37.0394170" lon="14.8662110">
    <ele>475.6</ele>
   </trkpt>
   <trkpt lat="37.0394030" lon="14.8661650">
    <ele>475.8</ele>
   </trkpt>
   <trkpt lat="37.0393180" lon="14.8660100">
    <ele>476.6</ele>
   </trkpt>
   <trkpt lat="37.0392880" lon="14.8659750">
    <ele>476.6</ele>
   </trkpt>
   <trkpt lat="37.0392530" lon="14.8659440">
    <ele>476.8</ele>
   </trkpt>
   <trkpt lat="37.0390570" lon="14.8658280">
    <ele>477.6</ele>
   </trkpt>
   <trkpt lat="37.0386240" lon="14.8656810">
    <ele>478.2</ele>
   </trkpt>
   <trkpt lat="37.0383370" lon="14.8656220">
    <ele>478.0</ele>
   </trkpt>
   <trkpt lat="37.0379780" lon="14.8656190">
    <ele>477.4</ele>
   </trkpt>
   <trkpt lat="37.0374680" lon="14.8656200">
    <ele>476.8</ele>
   </trkpt>
   <trkpt lat="37.0374070" lon="14.8656020">
    <ele>476.6</ele>
   </trkpt>
   <trkpt lat="37.0372970" lon="14.8655360">
    <ele>476.6</ele>
   </trkpt>
   <trkpt lat="37.0372500" lon="14.8654850">
    <ele>476.6</ele>
   </trkpt>
   <trkpt lat="37.0372090" lon="14.8654280">
    <ele>476.4</ele>
   </trkpt>
   <trkpt lat="37.0371490" lon="14.8652890">
    <ele>476.4</ele>
   </trkpt>
   <trkpt lat="37.0370870" lon="14.8648440">
    <ele>476.2</ele>
   </trkpt>
   <trkpt lat="37.0370690" lon="14.8642100">
    <ele>476.8</ele>
   </trkpt>
   <trkpt lat="37.0371190" lon="14.8637900">
    <ele>477.0</ele>
   </trkpt>
   <trkpt lat="37.0371410" lon="14.8637210">
    <ele>477.0</ele>
   </trkpt>
   <trkpt lat="37.0372790" lon="14.8633930">
    <ele>476.8</ele>
   </trkpt>
   <trkpt lat="37.0373690" lon="14.8631190">
    <ele>476.6</ele>
   </trkpt>
   <trkpt lat="37.0373780" lon="14.8629700">
    <ele>476.6</ele>
   </trkpt>
   <trkpt lat="37.0373490" lon="14.8628220">
    <ele>476.4</ele>
   </trkpt>
   <trkpt lat="37.0372970" lon="14.8626800">
    <ele>476.2</ele>
   </trkpt>
   <trkpt lat="37.0370630" lon="14.8621840">
    <ele>475.6</ele>
   </trkpt>
   <trkpt lat="37.0370280" lon="14.8621130">
    <ele>475.6</ele>
   </trkpt>
   <trkpt lat="37.0368630" lon="14.8617560">
    <ele>474.8</ele>
   </trkpt>
   <trkpt lat="37.0368410" lon="14.8616840">
    <ele>474.8</ele>
   </trkpt>
   <trkpt lat="37.0368230" lon="14.8616080">
    <ele>474.6</ele>
   </trkpt>
   <trkpt lat="37.0368310" lon="14.8614550">
    <ele>474.6</ele>
   </trkpt>
   <trkpt lat="37.0369670" lon="14.8611930">
    <ele>474.4</ele>
   </trkpt>
   <trkpt lat="37.0370040" lon="14.8611280">
    <ele>474.4</ele>
   </trkpt>
   <trkpt lat="37.0372930" lon="14.8605880">
    <ele>473.6</ele>
   </trkpt>
   <trkpt lat="37.0373290" lon="14.8605220">
    <ele>473.6</ele>
   </trkpt>
   <trkpt lat="37.0373870" lon="14.8603870">
    <ele>473.4</ele>
   </trkpt>
   <trkpt lat="37.0375070" lon="14.8601220">
    <ele>473.2</ele>
   </trkpt>
   <trkpt lat="37.0376670" lon="14.8596100">
    <ele>473.0</ele>
   </trkpt>
   <trkpt lat="37.0376680" lon="14.8591960">
    <ele>472.4</ele>
   </trkpt>
   <trkpt lat="37.0376440" lon="14.8590230">
    <ele>472.2</ele>
   </trkpt>
   <trkpt lat="37.0375600" lon="14.8586960">
    <ele>471.8</ele>
   </trkpt>
   <trkpt lat="37.0374800" lon="14.8583890">
    <ele>471.2</ele>
   </trkpt>
   <trkpt lat="37.0374700" lon="14.8583100">
    <ele>471.2</ele>
   </trkpt>
   <trkpt lat="37.0374650" lon="14.8582300">
    <ele>471.2</ele>
   </trkpt>
   <trkpt lat="37.0374660" lon="14.8581490">
    <ele>471.0</ele>
   </trkpt>
   <trkpt lat="37.0374750" lon="14.8580680">
    <ele>471.0</ele>
   </trkpt>
   <trkpt lat="37.0375220" lon="14.8579150">
    <ele>471.0</ele>
   </trkpt>
   <trkpt lat="37.0375540" lon="14.8578440">
    <ele>471.0</ele>
   </trkpt>
   <trkpt lat="37.0378130" lon="14.8574220">
    <ele>470.6</ele>
   </trkpt>
   <trkpt lat="37.0379660" lon="14.8571880">
    <ele>470.0</ele>
   </trkpt>
   <trkpt lat="37.0381300" lon="14.8569330">
    <ele>469.0</ele>
   </trkpt>
   <trkpt lat="37.0381890" lon="14.8568460">
    <ele>468.8</ele>
   </trkpt>
   <trkpt lat="37.0383640" lon="14.8565740">
    <ele>467.4</ele>
   </trkpt>
   <trkpt lat="37.0384840" lon="14.8563890">
    <ele>466.2</ele>
   </trkpt>
   <trkpt lat="37.0386720" lon="14.8561140">
    <ele>465.0</ele>
   </trkpt>
   <trkpt lat="37.0388600" lon="14.8558370">
    <ele>464.0</ele>
   </trkpt>
   <trkpt lat="37.0389780" lon="14.8556880">
    <ele>463.0</ele>
   </trkpt>
   <trkpt lat="37.0390510" lon="14.8556370">
    <ele>462.8</ele>
   </trkpt>
   <trkpt lat="37.0391280" lon="14.8556030">
    <ele>462.2</ele>
   </trkpt>
   <trkpt lat="37.0392150" lon="14.8555970">
    <ele>461.8</ele>
   </trkpt>
   <trkpt lat="37.0393070" lon="14.8556060">
    <ele>461.2</ele>
   </trkpt>
   <trkpt lat="37.0394970" lon="14.8556090">
    <ele>460.2</ele>
   </trkpt>
   <trkpt lat="37.0395950" lon="14.8555910">
    <ele>459.8</ele>
   </trkpt>
   <trkpt lat="37.0397810" lon="14.8555140">
    <ele>458.4</ele>
   </trkpt>
   <trkpt lat="37.0399670" lon="14.8554210">
    <ele>457.0</ele>
   </trkpt>
   <trkpt lat="37.0400540" lon="14.8553770">
    <ele>456.8</ele>
   </trkpt>
   <trkpt lat="37.0402310" lon="14.8552940">
    <ele>456.0</ele>
   </trkpt>
   <trkpt lat="37.0403970" lon="14.8551900">
    <ele>455.2</ele>
   </trkpt>
   <trkpt lat="37.0404640" lon="14.8551110">
    <ele>454.4</ele>
   </trkpt>
   <trkpt lat="37.0405790" lon="14.8549160">
    <ele>453.4</ele>
   </trkpt>
   <trkpt lat="37.0406720" lon="14.8546950">
    <ele>452.0</ele>
   </trkpt>
   <trkpt lat="37.0408180" lon="14.8542340">
    <ele>451.0</ele>
   </trkpt>
   <trkpt lat="37.0408530" lon="14.8541360">
    <ele>450.2</ele>
   </trkpt>
   <trkpt lat="37.0408980" lon="14.8540520">
    <ele>449.6</ele>
   </trkpt>
   <trkpt lat="37.0409530" lon="14.8539840">
    <ele>449.2</ele>
   </trkpt>
   <trkpt lat="37.0410150" lon="14.8539330">
    <ele>448.6</ele>
   </trkpt>
   <trkpt lat="37.0410880" lon="14.8539140">
    <ele>448.4</ele>
   </trkpt>
   <trkpt lat="37.0411810" lon="14.8539310">
    <ele>447.4</ele>
   </trkpt>
   <trkpt lat="37.0412680" lon="14.8539610">
    <ele>447.0</ele>
   </trkpt>
   <trkpt lat="37.0414490" lon="14.8540280">
    <ele>445.8</ele>
   </trkpt>
   <trkpt lat="37.0415470" lon="14.8540660">
    <ele>445.2</ele>
   </trkpt>
   <trkpt lat="37.0416480" lon="14.8541060">
    <ele>444.8</ele>
   </trkpt>
   <trkpt lat="37.0418500" lon="14.8541480">
    <ele>444.2</ele>
   </trkpt>
   <trkpt lat="37.0420500" lon="14.8541360">
    <ele>443.2</ele>
   </trkpt>
   <trkpt lat="37.0422510" lon="14.8540920">
    <ele>442.2</ele>
   </trkpt>
   <trkpt lat="37.0424440" lon="14.8540030">
    <ele>441.4</ele>
   </trkpt>
   <trkpt lat="37.0425350" lon="14.8539470">
    <ele>441.0</ele>
   </trkpt>
   <trkpt lat="37.0427140" lon="14.8538100">
    <ele>440.0</ele>
   </trkpt>
   <trkpt lat="37.0427960" lon="14.8537220">
    <ele>439.8</ele>
   </trkpt>
   <trkpt lat="37.0429370" lon="14.8535230">
    <ele>438.6</ele>
   </trkpt>
   <trkpt lat="37.0430590" lon="14.8533100">
    <ele>437.6</ele>
   </trkpt>
   <trkpt lat="37.0431180" lon="14.8532020">
    <ele>437.2</ele>
   </trkpt>
   <trkpt lat="37.0432280" lon="14.8529910">
    <ele>436.0</ele>
   </trkpt>
   <trkpt lat="37.0433360" lon="14.8528110">
    <ele>435.0</ele>
   </trkpt>
   <trkpt lat="37.0435650" lon="14.8524360">
    <ele>434.2</ele>
   </trkpt>
   <trkpt lat="37.0436090" lon="14.8523470">
    <ele>434.2</ele>
   </trkpt>
   <trkpt lat="37.0436520" lon="14.8521930">
    <ele>434.2</ele>
   </trkpt>
   <trkpt lat="37.0436520" lon="14.8521140">
    <ele>434.2</ele>
   </trkpt>
   <trkpt lat="37.0436370" lon="14.8520340">
    <ele>434.4</ele>
   </trkpt>
   <trkpt lat="37.0435550" lon="14.8518090">
    <ele>434.4</ele>
   </trkpt>
   <trkpt lat="37.0435200" lon="14.8517460">
    <ele>434.4</ele>
   </trkpt>
   <trkpt lat="37.0434250" lon="14.8516560">
    <ele>434.4</ele>
   </trkpt>
   <trkpt lat="37.0433140" lon="14.8516710">
    <ele>434.4</ele>
   </trkpt>
   <trkpt lat="37.0432000" lon="14.8517350">
    <ele>434.4</ele>
   </trkpt>
   <trkpt lat="37.0430380" lon="14.8518500">
    <ele>434.4</ele>
   </trkpt>
   <trkpt lat="37.0429860" lon="14.8518960">
    <ele>434.4</ele>
   </trkpt>
   <trkpt lat="37.0428210" lon="14.8520520">
    <ele>434.4</ele>
   </trkpt>
   <trkpt lat="37.0427030" lon="14.8522290">
    <ele>434.4</ele>
   </trkpt>
   <trkpt lat="37.0425020" lon="14.8525370">
    <ele>434.4</ele>
   </trkpt>
   <trkpt lat="37.0423980" lon="14.8526130">
    <ele>434.4</ele>
   </trkpt>
   <trkpt lat="37.0422740" lon="14.8526270">
    <ele>434.4</ele>
   </trkpt>
   <trkpt lat="37.0422360" lon="14.8526060">
    <ele>434.4</ele>
   </trkpt>
   <trkpt lat="37.0421880" lon="14.8525690">
    <ele>434.4</ele>
   </trkpt>
   <trkpt lat="37.0421020" lon="14.8524670">
    <ele>434.4</ele>
   </trkpt>
   <trkpt lat="37.0418850" lon="14.8520560">
    <ele>434.2</ele>
   </trkpt>
   <trkpt lat="37.0418070" lon="14.8518490">
    <ele>434.4</ele>
   </trkpt>
   <trkpt lat="37.0417860" lon="14.8518060">
    <ele>434.6</ele>
   </trkpt>
   <trkpt lat="37.0417250" lon="14.8515730">
    <ele>435.4</ele>
   </trkpt>
   <trkpt lat="37.0416590" lon="14.8513330">
    <ele>436.0</ele>
   </trkpt>
   <trkpt lat="37.0416210" lon="14.8512580">
    <ele>436.0</ele>
   </trkpt>
   <trkpt lat="37.0414790" lon="14.8511500">
    <ele>436.2</ele>
   </trkpt>
   <trkpt lat="37.0412990" lon="14.8511840">
    <ele>436.6</ele>
   </trkpt>
   <trkpt lat="37.0411050" lon="14.8512910">
    <ele>437.0</ele>
   </trkpt>
   <trkpt lat="37.0410750" lon="14.8513180">
    <ele>437.4</ele>
   </trkpt>
   <trkpt lat="37.0409490" lon="14.8513950">
    <ele>438.2</ele>
   </trkpt>
   <trkpt lat="37.0409220" lon="14.8514100">
    <ele>438.4</ele>
   </trkpt>
   <trkpt lat="37.0407430" lon="14.8514920">
    <ele>439.6</ele>
   </trkpt>
   <trkpt lat="37.0406820" lon="14.8515120">
    <ele>439.8</ele>
   </trkpt>
   <trkpt lat="37.0404710" lon="14.8515580">
    <ele>440.4</ele>
   </trkpt>
   <trkpt lat="37.0404440" lon="14.8515610">
    <ele>440.8</ele>
   </trkpt>
   <trkpt lat="37.0403170" lon="14.8515820">
    <ele>442.0</ele>
   </trkpt>
   <trkpt lat="37.0402420" lon="14.8516000">
    <ele>442.2</ele>
   </trkpt>
   <trkpt lat="37.0400630" lon="14.8516170">
    <ele>443.0</ele>
   </trkpt>
   <trkpt lat="37.0400380" lon="14.8516230">
    <ele>443.0</ele>
   </trkpt>
   <trkpt lat="37.0398890" lon="14.8516220">
    <ele>444.0</ele>
   </trkpt>
   <trkpt lat="37.0398730" lon="14.8516110">
    <ele>444.2</ele>
   </trkpt>
   <trkpt lat="37.0398230" lon="14.8515040">
    <ele>445.0</ele>
   </trkpt>
   <trkpt lat="37.0398460" lon="14.8514200">
    <ele>445.4</ele>
   </trkpt>
   <trkpt lat="37.0398910" lon="14.8513530">
    <ele>445.8</ele>
   </trkpt>
   <trkpt lat="37.0399370" lon="14.8512840">
    <ele>446.4</ele>
   </trkpt>
   <trkpt lat="37.0400370" lon="14.8511690">
    <ele>447.2</ele>
   </trkpt>
   <trkpt lat="37.0400500" lon="14.8511520">
    <ele>447.4</ele>
   </trkpt>
   <trkpt lat="37.0401440" lon="14.8510550">
    <ele>448.0</ele>
   </trkpt>
   <trkpt lat="37.0401920" lon="14.8510020">
    <ele>448.4</ele>
   </trkpt>
   <trkpt lat="37.0402630" lon="14.8508950">
    <ele>449.6</ele>
   </trkpt>
   <trkpt lat="37.0402870" lon="14.8508470">
    <ele>450.2</ele>
   </trkpt>
   <trkpt lat="37.0403360" lon="14.8507110">
    <ele>450.8</ele>
   </trkpt>
   <trkpt lat="37.0403570" lon="14.8506240">
    <ele>451.2</ele>
   </trkpt>
   <trkpt lat="37.0403900" lon="14.8504800">
    <ele>451.8</ele>
   </trkpt>
   <trkpt lat="37.0404160" lon="14.8503770">
    <ele>452.4</ele>
   </trkpt>
   <trkpt lat="37.0404310" lon="14.8502770">
    <ele>453.0</ele>
   </trkpt>
   <trkpt lat="37.0404250" lon="14.8501950">
    <ele>453.2</ele>
   </trkpt>
   <trkpt lat="37.0404220" lon="14.8499950">
    <ele>453.6</ele>
   </trkpt>
   <trkpt lat="37.0403910" lon="14.8498380">
    <ele>454.0</ele>
   </trkpt>
   <trkpt lat="37.0403590" lon="14.8497200">
    <ele>454.2</ele>
   </trkpt>
   <trkpt lat="37.0402930" lon="14.8495290">
    <ele>454.6</ele>
   </trkpt>
   <trkpt lat="37.0402680" lon="14.8494180">
    <ele>455.0</ele>
   </trkpt>
   <trkpt lat="37.0402640" lon="14.8493900">
    <ele>455.2</ele>
   </trkpt>
   <trkpt lat="37.0402600" lon="14.8493330">
    <ele>455.6</ele>
   </trkpt>
   <trkpt lat="37.0403020" lon="14.8491310">
    <ele>456.6</ele>
   </trkpt>
   <trkpt lat="37.0403620" lon="14.8490090">
    <ele>457.6</ele>
   </trkpt>
   <trkpt lat="37.0404020" lon="14.8489140">
    <ele>458.4</ele>
   </trkpt>
   <trkpt lat="37.0404240" lon="14.8488660">
    <ele>458.6</ele>
   </trkpt>
   <trkpt lat="37.0404900" lon="14.8487410">
    <ele>459.6</ele>
   </trkpt>
   <trkpt lat="37.0405060" lon="14.8487210">
    <ele>459.8</ele>
   </trkpt>
   <trkpt lat="37.0406470" lon="14.8486090">
    <ele>460.6</ele>
   </trkpt>
   <trkpt lat="37.0407040" lon="14.8485600">
    <ele>460.8</ele>
   </trkpt>
   <trkpt lat="37.0407800" lon="14.8484500">
    <ele>461.2</ele>
   </trkpt>
   <trkpt lat="37.0408090" lon="14.8484060">
    <ele>461.8</ele>
   </trkpt>
   <trkpt lat="37.0408300" lon="14.8483010">
    <ele>462.8</ele>
   </trkpt>
   <trkpt lat="37.0408080" lon="14.8480060">
    <ele>463.8</ele>
   </trkpt>
   <trkpt lat="37.0407920" lon="14.8478540">
    <ele>464.6</ele>
   </trkpt>
   <trkpt lat="37.0407890" lon="14.8477910">
    <ele>464.8</ele>
   </trkpt>
   <trkpt lat="37.0407930" lon="14.8477600">
    <ele>464.8</ele>
   </trkpt>
   <trkpt lat="37.0408570" lon="14.8475940">
    <ele>465.6</ele>
   </trkpt>
   <trkpt lat="37.0409000" lon="14.8475360">
    <ele>466.0</ele>
   </trkpt>
   <trkpt lat="37.0409660" lon="14.8474640">
    <ele>466.8</ele>
   </trkpt>
   <trkpt lat="37.0409910" lon="14.8474110">
    <ele>467.2</ele>
   </trkpt>
   <trkpt lat="37.0410270" lon="14.8472690">
    <ele>468.0</ele>
   </trkpt>
   <trkpt lat="37.0410270" lon="14.8472340">
    <ele>468.2</ele>
   </trkpt>
   <trkpt lat="37.0409980" lon="14.8470410">
    <ele>468.8</ele>
   </trkpt>
   <trkpt lat="37.0409430" lon="14.8469090">
    <ele>469.2</ele>
   </trkpt>
   <trkpt lat="37.0408770" lon="14.8468170">
    <ele>469.8</ele>
   </trkpt>
   <trkpt lat="37.0407950" lon="14.8467300">
    <ele>470.4</ele>
   </trkpt>
   <trkpt lat="37.0407620" lon="14.8467000">
    <ele>470.6</ele>
   </trkpt>
   <trkpt lat="37.0406740" lon="14.8466060">
    <ele>471.4</ele>
   </trkpt>
   <trkpt lat="37.0406430" lon="14.8465350">
    <ele>471.8</ele>
   </trkpt>
   <trkpt lat="37.0406010" lon="14.8463660">
    <ele>472.6</ele>
   </trkpt>
   <trkpt lat="37.0405940" lon="14.8463040">
    <ele>472.8</ele>
   </trkpt>
   <trkpt lat="37.0405840" lon="14.8461710">
    <ele>473.6</ele>
   </trkpt>
   <trkpt lat="37.0405880" lon="14.8460940">
    <ele>474.0</ele>
   </trkpt>
   <trkpt lat="37.0406020" lon="14.8460000">
    <ele>474.8</ele>
   </trkpt>
   <trkpt lat="37.0406260" lon="14.8459310">
    <ele>475.0</ele>
   </trkpt>
   <trkpt lat="37.0406680" lon="14.8458820">
    <ele>475.8</ele>
   </trkpt>
   <trkpt lat="37.0407630" lon="14.8457560">
    <ele>476.8</ele>
   </trkpt>
   <trkpt lat="37.0408620" lon="14.8456640">
    <ele>477.8</ele>
   </trkpt>
   <trkpt lat="37.0408900" lon="14.8456340">
    <ele>478.0</ele>
   </trkpt>
   <trkpt lat="37.0409850" lon="14.8455500">
    <ele>479.0</ele>
   </trkpt>
   <trkpt lat="37.0410150" lon="14.8455140">
    <ele>479.0</ele>
   </trkpt>
   <trkpt lat="37.0412210" lon="14.8453860">
    <ele>480.0</ele>
   </trkpt>
   <trkpt lat="37.0413350" lon="14.8452710">
    <ele>481.0</ele>
   </trkpt>
   <trkpt lat="37.0413490" lon="14.8452490">
    <ele>481.0</ele>
   </trkpt>
   <trkpt lat="37.0414490" lon="14.8450370">
    <ele>482.0</ele>
   </trkpt>
   <trkpt lat="37.0414540" lon="14.8450070">
    <ele>482.2</ele>
   </trkpt>
   <trkpt lat="37.0414910" lon="14.8448350">
    <ele>483.0</ele>
   </trkpt>
   <trkpt lat="37.0415180" lon="14.8447860">
    <ele>483.4</ele>
   </trkpt>
   <trkpt lat="37.0415990" lon="14.8447520">
    <ele>483.8</ele>
   </trkpt>
   <trkpt lat="37.0417010" lon="14.8447510">
    <ele>484.4</ele>
   </trkpt>
   <trkpt lat="37.0417540" lon="14.8447430">
    <ele>485.2</ele>
   </trkpt>
   <trkpt lat="37.0417730" lon="14.8447440">
    <ele>485.4</ele>
   </trkpt>
   <trkpt lat="37.0419090" lon="14.8447300">
    <ele>486.8</ele>
   </trkpt>
   <trkpt lat="37.0419250" lon="14.8447230">
    <ele>486.8</ele>
   </trkpt>
   <trkpt lat="37.0420710" lon="14.8447340">
    <ele>487.8</ele>
   </trkpt>
   <trkpt lat="37.0421960" lon="14.8447610">
    <ele>488.8</ele>
   </trkpt>
   <trkpt lat="37.0422630" lon="14.8447610">
    <ele>489.2</ele>
   </trkpt>
   <trkpt lat="37.0424250" lon="14.8446970">
    <ele>489.8</ele>
   </trkpt>
   <trkpt lat="37.0424420" lon="14.8446810">
    <ele>490.0</ele>
   </trkpt>
   <trkpt lat="37.0425850" lon="14.8445470">
    <ele>490.8</ele>
   </trkpt>
   <trkpt lat="37.0426240" lon="14.8445140">
    <ele>491.0</ele>
   </trkpt>
   <trkpt lat="37.0426940" lon="14.8444560">
    <ele>491.8</ele>
   </trkpt>
   <trkpt lat="37.0427320" lon="14.8444470">
    <ele>492.0</ele>
   </trkpt>
   <trkpt lat="37.0428170" lon="14.8444660">
    <ele>493.2</ele>
   </trkpt>
   <trkpt lat="37.0429180" lon="14.8445110">
    <ele>494.2</ele>
   </trkpt>
   <trkpt lat="37.0430130" lon="14.8445510">
    <ele>494.6</ele>
   </trkpt>
   <trkpt lat="37.0431870" lon="14.8446510">
    <ele>495.4</ele>
   </trkpt>
   <trkpt lat="37.0433220" lon="14.8447080">
    <ele>496.4</ele>
   </trkpt>
   <trkpt lat="37.0433620" lon="14.8447180">
    <ele>496.8</ele>
   </trkpt>
   <trkpt lat="37.0434700" lon="14.8447210">
    <ele>497.6</ele>
   </trkpt>
   <trkpt lat="37.0434880" lon="14.8447100">
    <ele>497.8</ele>
   </trkpt>
   <trkpt lat="37.0435780" lon="14.8446380">
    <ele>498.6</ele>
   </trkpt>
   <trkpt lat="37.0436340" lon="14.8446240">
    <ele>498.8</ele>
   </trkpt>
   <trkpt lat="37.0437590" lon="14.8446380">
    <ele>499.6</ele>
   </trkpt>
   <trkpt lat="37.0437730" lon="14.8446500">
    <ele>499.8</ele>
   </trkpt>
   <trkpt lat="37.0437870" lon="14.8446680">
    <ele>499.8</ele>
   </trkpt>
   <trkpt lat="37.0438860" lon="14.8447500">
    <ele>500.6</ele>
   </trkpt>
   <trkpt lat="37.0439020" lon="14.8447670">
    <ele>500.8</ele>
   </trkpt>
   <trkpt lat="37.0439260" lon="14.8448000">
    <ele>501.0</ele>
   </trkpt>
   <trkpt lat="37.0439800" lon="14.8448840">
    <ele>501.4</ele>
   </trkpt>
   <trkpt lat="37.0440300" lon="14.8449270">
    <ele>501.6</ele>
   </trkpt>
   <trkpt lat="37.0441880" lon="14.8450180">
    <ele>502.6</ele>
   </trkpt>
   <trkpt lat="37.0442340" lon="14.8450340">
    <ele>502.6</ele>
   </trkpt>
   <trkpt lat="37.0443540" lon="14.8450890">
    <ele>503.4</ele>
   </trkpt>
   <trkpt lat="37.0443890" lon="14.8451160">
    <ele>503.6</ele>
   </trkpt>
   <trkpt lat="37.0444890" lon="14.8452100">
    <ele>504.8</ele>
   </trkpt>
   <trkpt lat="37.0445000" lon="14.8452260">
    <ele>505.0</ele>
   </trkpt>
   <trkpt lat="37.0445970" lon="14.8453560">
    <ele>505.8</ele>
   </trkpt>
   <trkpt lat="37.0446080" lon="14.8453770">
    <ele>506.0</ele>
   </trkpt>
   <trkpt lat="37.0446920" lon="14.8455580">
    <ele>507.0</ele>
   </trkpt>
   <trkpt lat="37.0447020" lon="14.8455810">
    <ele>507.0</ele>
   </trkpt>
   <trkpt lat="37.0447780" lon="14.8457640">
    <ele>507.8</ele>
   </trkpt>
   <trkpt lat="37.0448060" lon="14.8458350">
    <ele>508.0</ele>
   </trkpt>
   <trkpt lat="37.0448550" lon="14.8459790">
    <ele>509.0</ele>
   </trkpt>
   <trkpt lat="37.0448650" lon="14.8460020">
    <ele>509.2</ele>
   </trkpt>
   <trkpt lat="37.0449460" lon="14.8460950">
    <ele>509.4</ele>
   </trkpt>
   <trkpt lat="37.0450410" lon="14.8460970">
    <ele>510.0</ele>
   </trkpt>
   <trkpt lat="37.0451100" lon="14.8460430">
    <ele>510.4</ele>
   </trkpt>
   <trkpt lat="37.0451710" lon="14.8459710">
    <ele>510.8</ele>
   </trkpt>
   <trkpt lat="37.0452040" lon="14.8459380">
    <ele>511.2</ele>
   </trkpt>
   <trkpt lat="37.0452910" lon="14.8459010">
    <ele>512.0</ele>
   </trkpt>
   <trkpt lat="37.0453660" lon="14.8459350">
    <ele>512.2</ele>
   </trkpt>
   <trkpt lat="37.0453910" lon="14.8459680">
    <ele>512.4</ele>
   </trkpt>
   <trkpt lat="37.0454190" lon="14.8460610">
    <ele>513.4</ele>
   </trkpt>
   <trkpt lat="37.0454210" lon="14.8460830">
    <ele>513.4</ele>
   </trkpt>
   <trkpt lat="37.0454450" lon="14.8462630">
    <ele>514.4</ele>
   </trkpt>
   <trkpt lat="37.0454600" lon="14.8464460">
    <ele>515.6</ele>
   </trkpt>
   <trkpt lat="37.0454680" lon="14.8464950">
    <ele>515.8</ele>
   </trkpt>
   <trkpt lat="37.0455160" lon="14.8466490">
    <ele>516.4</ele>
   </trkpt>
   <trkpt lat="37.0455260" lon="14.8466730">
    <ele>517.0</ele>
   </trkpt>
   <trkpt lat="37.0456150" lon="14.8467470">
    <ele>517.4</ele>
   </trkpt>
   <trkpt lat="37.0457860" lon="14.8467950">
    <ele>517.8</ele>
   </trkpt>
   <trkpt lat="37.0458090" lon="14.8468100">
    <ele>518.0</ele>
   </trkpt>
   <trkpt lat="37.0458700" lon="14.8468800">
    <ele>518.4</ele>
   </trkpt>
   <trkpt lat="37.0459100" lon="14.8469900">
    <ele>519.2</ele>
   </trkpt>
   <trkpt lat="37.0459200" lon="14.8470570">
    <ele>519.4</ele>
   </trkpt>
   <trkpt lat="37.0459510" lon="14.8472290">
    <ele>520.2</ele>
   </trkpt>
   <trkpt lat="37.0459570" lon="14.8472540">
    <ele>520.2</ele>
   </trkpt>
   <trkpt lat="37.0460530" lon="14.8474260">
    <ele>521.2</ele>
   </trkpt>
   <trkpt lat="37.0462270" lon="14.8475040">
    <ele>521.8</ele>
   </trkpt>
   <trkpt lat="37.0462980" lon="14.8475100">
    <ele>522.2</ele>
   </trkpt>
   <trkpt lat="37.0464360" lon="14.8474660">
    <ele>523.0</ele>
   </trkpt>
   <trkpt lat="37.0465190" lon="14.8473960">
    <ele>523.4</ele>
   </trkpt>
   <trkpt lat="37.0465770" lon="14.8473170">
    <ele>524.0</ele>
   </trkpt>
   <trkpt lat="37.0466190" lon="14.8472360">
    <ele>524.4</ele>
   </trkpt>
   <trkpt lat="37.0466590" lon="14.8471580">
    <ele>525.0</ele>
   </trkpt>
   <trkpt lat="37.0466990" lon="14.8470810">
    <ele>525.6</ele>
   </trkpt>
   <trkpt lat="37.0467420" lon="14.8470000">
    <ele>526.2</ele>
   </trkpt>
   <trkpt lat="37.0467700" lon="14.8469440">
    <ele>526.6</ele>
   </trkpt>
   <trkpt lat="37.0468560" lon="14.8468190">
    <ele>527.4</ele>
   </trkpt>
   <trkpt lat="37.0469090" lon="14.8467780">
    <ele>527.6</ele>
   </trkpt>
   <trkpt lat="37.0470200" lon="14.8467050">
    <ele>528.2</ele>
   </trkpt>
   <trkpt lat="37.0471150" lon="14.8466820">
    <ele>528.8</ele>
   </trkpt>
   <trkpt lat="37.0472300" lon="14.8466890">
    <ele>529.4</ele>
   </trkpt>
   <trkpt lat="37.0473100" lon="14.8467030">
    <ele>530.0</ele>
   </trkpt>
   <trkpt lat="37.0474540" lon="14.8466900">
    <ele>530.8</ele>
   </trkpt>
   <trkpt lat="37.0474730" lon="14.8466850">
    <ele>531.0</ele>
   </trkpt>
   <trkpt lat="37.0476040" lon="14.8466070">
    <ele>531.8</ele>
   </trkpt>
   <trkpt lat="37.0476370" lon="14.8465840">
    <ele>532.0</ele>
   </trkpt>
   <trkpt lat="37.0477420" lon="14.8465330">
    <ele>532.8</ele>
   </trkpt>
   <trkpt lat="37.0478070" lon="14.8465260">
    <ele>533.2</ele>
   </trkpt>
   <trkpt lat="37.0478930" lon="14.8465360">
    <ele>534.0</ele>
   </trkpt>
   <trkpt lat="37.0479350" lon="14.8465500">
    <ele>534.2</ele>
   </trkpt>
   <trkpt lat="37.0480630" lon="14.8466310">
    <ele>535.0</ele>
   </trkpt>
   <trkpt lat="37.0481030" lon="14.8466590">
    <ele>535.4</ele>
   </trkpt>
   <trkpt lat="37.0482210" lon="14.8467120">
    <ele>535.8</ele>
   </trkpt>
   <trkpt lat="37.0482420" lon="14.8467140">
    <ele>536.0</ele>
   </trkpt>
   <trkpt lat="37.0483320" lon="14.8466870">
    <ele>536.4</ele>
   </trkpt>
   <trkpt lat="37.0484340" lon="14.8466250">
    <ele>537.6</ele>
   </trkpt>
   <trkpt lat="37.0484890" lon="14.8465860">
    <ele>538.0</ele>
   </trkpt>
   <trkpt lat="37.0486750" lon="14.8464600">
    <ele>538.8</ele>
   </trkpt>
   <trkpt lat="37.0488090" lon="14.8463990">
    <ele>539.4</ele>
   </trkpt>
   <trkpt lat="37.0488880" lon="14.8463700">
    <ele>539.8</ele>
   </trkpt>
   <trkpt lat="37.0489920" lon="14.8463530">
    <ele>540.6</ele>
   </trkpt>
   <trkpt lat="37.0490660" lon="14.8463350">
    <ele>541.0</ele>
   </trkpt>
   <trkpt lat="37.0491480" lon="14.8463390">
    <ele>541.2</ele>
   </trkpt>
   <trkpt lat="37.0492890" lon="14.8463200">
    <ele>542.0</ele>
   </trkpt>
   <trkpt lat="37.0493650" lon="14.8462830">
    <ele>542.6</ele>
   </trkpt>
   <trkpt lat="37.0494550" lon="14.8462300">
    <ele>543.0</ele>
   </trkpt>
   <trkpt lat="37.0494720" lon="14.8462170">
    <ele>543.2</ele>
   </trkpt>
   <trkpt lat="37.0495730" lon="14.8460920">
    <ele>544.2</ele>
   </trkpt>
   <trkpt lat="37.0495850" lon="14.8460680">
    <ele>544.2</ele>
   </trkpt>
   <trkpt lat="37.0496060" lon="14.8459350">
    <ele>545.2</ele>
   </trkpt>
   <trkpt lat="37.0496070" lon="14.8459060">
    <ele>545.2</ele>
   </trkpt>
   <trkpt lat="37.0495580" lon="14.8457440">
    <ele>545.8</ele>
   </trkpt>
   <trkpt lat="37.0495140" lon="14.8456760">
    <ele>546.2</ele>
   </trkpt>
   <trkpt lat="37.0494960" lon="14.8456560">
    <ele>546.4</ele>
   </trkpt>
   <trkpt lat="37.0494480" lon="14.8455930">
    <ele>546.8</ele>
   </trkpt>
   <trkpt lat="37.0493890" lon="14.8455040">
    <ele>547.2</ele>
   </trkpt>
   <trkpt lat="37.0493010" lon="14.8453340">
    <ele>548.0</ele>
   </trkpt>
   <trkpt lat="37.0492630" lon="14.8452290">
    <ele>548.2</ele>
   </trkpt>
   <trkpt lat="37.0492420" lon="14.8450970">
    <ele>548.6</ele>
   </trkpt>
   <trkpt lat="37.0492150" lon="14.8449350">
    <ele>549.2</ele>
   </trkpt>
   <trkpt lat="37.0492130" lon="14.8449070">
    <ele>549.4</ele>
   </trkpt>
   <trkpt lat="37.0492210" lon="14.8446930">
    <ele>550.0</ele>
   </trkpt>
   <trkpt lat="37.0492250" lon="14.8446060">
    <ele>550.2</ele>
   </trkpt>
   <trkpt lat="37.0492380" lon="14.8443760">
    <ele>551.2</ele>
   </trkpt>
   <trkpt lat="37.0492390" lon="14.8443500">
    <ele>551.6</ele>
   </trkpt>
   <trkpt lat="37.0492610" lon="14.8441240">
    <ele>552.6</ele>
   </trkpt>
   <trkpt lat="37.0493160" lon="14.8438580">
    <ele>553.6</ele>
   </trkpt>
   <trkpt lat="37.0493230" lon="14.8438320">
    <ele>553.6</ele>
   </trkpt>
   <trkpt lat="37.0493750" lon="14.8436430">
    <ele>554.6</ele>
   </trkpt>
   <trkpt lat="37.0494030" lon="14.8435370">
    <ele>555.2</ele>
   </trkpt>
   <trkpt lat="37.0494540" lon="14.8433790">
    <ele>555.6</ele>
   </trkpt>
   <trkpt lat="37.0494710" lon="14.8431630">
    <ele>556.8</ele>
   </trkpt>
   <trkpt lat="37.0494640" lon="14.8431280">
    <ele>556.8</ele>
   </trkpt>
   <trkpt lat="37.0493850" lon="14.8429830">
    <ele>557.2</ele>
   </trkpt>
   <trkpt lat="37.0493140" lon="14.8429110">
    <ele>557.6</ele>
   </trkpt>
   <trkpt lat="37.0492110" lon="14.8428310">
    <ele>558.2</ele>
   </trkpt>
   <trkpt lat="37.0491150" lon="14.8427620">
    <ele>558.8</ele>
   </trkpt>
   <trkpt lat="37.0489820" lon="14.8426770">
    <ele>559.0</ele>
   </trkpt>
   <trkpt lat="37.0488110" lon="14.8425970">
    <ele>559.6</ele>
   </trkpt>
   <trkpt lat="37.0487890" lon="14.8425870">
    <ele>559.8</ele>
   </trkpt>
   <trkpt lat="37.0485720" lon="14.8425190">
    <ele>560.8</ele>
   </trkpt>
   <trkpt lat="37.0485460" lon="14.8425160">
    <ele>560.8</ele>
   </trkpt>
   <trkpt lat="37.0483510" lon="14.8424900">
    <ele>561.4</ele>
   </trkpt>
   <trkpt lat="37.0482060" lon="14.8424570">
    <ele>562.0</ele>
   </trkpt>
   <trkpt lat="37.0480530" lon="14.8424390">
    <ele>562.2</ele>
   </trkpt>
   <trkpt lat="37.0478570" lon="14.8423960">
    <ele>563.0</ele>
   </trkpt>
   <trkpt lat="37.0477880" lon="14.8423580">
    <ele>562.8</ele>
   </trkpt>
   <trkpt lat="37.0476990" lon="14.8422100">
    <ele>562.6</ele>
   </trkpt>
   <trkpt lat="37.0476880" lon="14.8419520">
    <ele>562.2</ele>
   </trkpt>
   <trkpt lat="37.0477160" lon="14.8414940">
    <ele>562.0</ele>
   </trkpt>
   <trkpt lat="37.0477510" lon="14.8409990">
    <ele>561.8</ele>
   </trkpt>
   <trkpt lat="37.0477550" lon="14.8409460">
    <ele>561.8</ele>
   </trkpt>
   <trkpt lat="37.0477890" lon="14.8404490">
    <ele>561.2</ele>
   </trkpt>
   <trkpt lat="37.0477980" lon="14.8403840">
    <ele>561.2</ele>
   </trkpt>
   <trkpt lat="37.0478640" lon="14.8400710">
    <ele>560.8</ele>
   </trkpt>
   <trkpt lat="37.0478970" lon="14.8399460">
    <ele>560.6</ele>
   </trkpt>
   <trkpt lat="37.0480420" lon="14.8395920">
    <ele>560.2</ele>
   </trkpt>
   <trkpt lat="37.0481300" lon="14.8394160">
    <ele>559.6</ele>
   </trkpt>
   <trkpt lat="37.0482830" lon="14.8390310">
    <ele>558.8</ele>
   </trkpt>
   <trkpt lat="37.0483230" lon="14.8388100">
    <ele>558.6</ele>
   </trkpt>
   <trkpt lat="37.0483320" lon="14.8387320">
    <ele>558.4</ele>
   </trkpt>
   <trkpt lat="37.0483390" lon="14.8385790">
    <ele>558.4</ele>
   </trkpt>
   <trkpt lat="37.0483430" lon="14.8379850">
    <ele>557.4</ele>
   </trkpt>
   <trkpt lat="37.0483370" lon="14.8374370">
    <ele>557.0</ele>
   </trkpt>
   <trkpt lat="37.0483470" lon="14.8372030">
    <ele>556.2</ele>
   </trkpt>
   <trkpt lat="37.0483470" lon="14.8369560">
    <ele>555.8</ele>
   </trkpt>
   <trkpt lat="37.0483500" lon="14.8364890">
    <ele>555.2</ele>
   </trkpt>
   <trkpt lat="37.0483510" lon="14.8362640">
    <ele>554.6</ele>
   </trkpt>
   <trkpt lat="37.0483510" lon="14.8359700">
    <ele>554.0</ele>
   </trkpt>
   <trkpt lat="37.0483320" lon="14.8355660">
    <ele>553.6</ele>
   </trkpt>
   <trkpt lat="37.0482750" lon="14.8350130">
    <ele>553.2</ele>
   </trkpt>
   <trkpt lat="37.0482390" lon="14.8345490">
    <ele>553.2</ele>
   </trkpt>
   <trkpt lat="37.0481950" lon="14.8341460">
    <ele>553.8</ele>
   </trkpt>
   <trkpt lat="37.0481210" lon="14.8337510">
    <ele>554.2</ele>
   </trkpt>
   <trkpt lat="37.0480140" lon="14.8333640">
    <ele>554.6</ele>
   </trkpt>
   <trkpt lat="37.0480060" lon="14.8333290">
    <ele>554.8</ele>
   </trkpt>
   <trkpt lat="37.0478830" lon="14.8329210">
    <ele>555.4</ele>
   </trkpt>
   <trkpt lat="37.0477330" lon="14.8324630">
    <ele>555.8</ele>
   </trkpt>
   <trkpt lat="37.0476520" lon="14.8322390">
    <ele>555.8</ele>
   </trkpt>
   <trkpt lat="37.0476250" lon="14.8321470">
    <ele>555.8</ele>
   </trkpt>
   <trkpt lat="37.0475060" lon="14.8317260">
    <ele>556.4</ele>
   </trkpt>
   <trkpt lat="37.0474560" lon="14.8314360">
    <ele>557.0</ele>
   </trkpt>
   <trkpt lat="37.0474410" lon="14.8312870">
    <ele>557.2</ele>
   </trkpt>
   <trkpt lat="37.0474220" lon="14.8308960">
    <ele>557.6</ele>
   </trkpt>
   <trkpt lat="37.0474300" lon="14.8305800">
    <ele>557.8</ele>
   </trkpt>
   <trkpt lat="37.0474340" lon="14.8304900">
    <ele>558.0</ele>
   </trkpt>
   <trkpt lat="37.0474560" lon="14.8301820">
    <ele>558.8</ele>
   </trkpt>
   <trkpt lat="37.0474720" lon="14.8300960">
    <ele>559.0</ele>
   </trkpt>
   <trkpt lat="37.0475330" lon="14.8298520">
    <ele>559.6</ele>
   </trkpt>
   <trkpt lat="37.0475770" lon="14.8297470">
    <ele>560.0</ele>
   </trkpt>
   <trkpt lat="37.0476340" lon="14.8296170">
    <ele>560.6</ele>
   </trkpt>
   <trkpt lat="37.0476650" lon="14.8295570">
    <ele>561.2</ele>
   </trkpt>
   <trkpt lat="37.0477580" lon="14.8293840">
    <ele>562.0</ele>
   </trkpt>
   <trkpt lat="37.0477750" lon="14.8293570">
    <ele>562.2</ele>
   </trkpt>
   <trkpt lat="37.0478820" lon="14.8291530">
    <ele>562.8</ele>
   </trkpt>
   <trkpt lat="37.0479440" lon="14.8290420">
    <ele>563.2</ele>
   </trkpt>
   <trkpt lat="37.0480290" lon="14.8288990">
    <ele>563.6</ele>
   </trkpt>
   <trkpt lat="37.0480950" lon="14.8287990">
    <ele>564.2</ele>
   </trkpt>
   <trkpt lat="37.0482360" lon="14.8286340">
    <ele>565.0</ele>
   </trkpt>
   <trkpt lat="37.0483420" lon="14.8285070">
    <ele>565.4</ele>
   </trkpt>
   <trkpt lat="37.0484080" lon="14.8284290">
    <ele>565.4</ele>
   </trkpt>
   <trkpt lat="37.0486570" lon="14.8281240">
    <ele>566.0</ele>
   </trkpt>
   <trkpt lat="37.0488350" lon="14.8278740">
    <ele>565.8</ele>
   </trkpt>
   <trkpt lat="37.0490140" lon="14.8275460">
    <ele>566.0</ele>
   </trkpt>
   <trkpt lat="37.0490350" lon="14.8275110">
    <ele>566.0</ele>
   </trkpt>
   <trkpt lat="37.0491070" lon="14.8273690">
    <ele>566.2</ele>
   </trkpt>
   <trkpt lat="37.0491070" lon="14.8273690">
    <ele>566.4</ele>
   </trkpt>
   <trkpt lat="37.0491130" lon="14.8273390">
    <ele>566.2</ele>
   </trkpt>
   <trkpt lat="37.0491190" lon="14.8273110">
    <ele>566.2</ele>
   </trkpt>
   <trkpt lat="37.0491920" lon="14.8271050">
    <ele>566.0</ele>
   </trkpt>
   <trkpt lat="37.0492290" lon="14.8270290">
    <ele>566.0</ele>
   </trkpt>
   <trkpt lat="37.0492290" lon="14.8270290">
    <ele>566.0</ele>
   </trkpt>
   <trkpt lat="37.0492430" lon="14.8269520">
    <ele>565.6</ele>
   </trkpt>
   <trkpt lat="37.0492690" lon="14.8268820">
    <ele>565.6</ele>
   </trkpt>
   <trkpt lat="37.0493820" lon="14.8266250">
    <ele>565.2</ele>
   </trkpt>
   <trkpt lat="37.0494450" lon="14.8265380">
    <ele>565.0</ele>
   </trkpt>
   <trkpt lat="37.0495680" lon="14.8264100">
    <ele>564.8</ele>
   </trkpt>
   <trkpt lat="37.0496150" lon="14.8263650">
    <ele>564.8</ele>
   </trkpt>
   <trkpt lat="37.0496680" lon="14.8263200">
    <ele>564.4</ele>
   </trkpt>
   <trkpt lat="37.0497840" lon="14.8262390">
    <ele>563.6</ele>
   </trkpt>
   <trkpt lat="37.0498490" lon="14.8262020">
    <ele>563.4</ele>
   </trkpt>
   <trkpt lat="37.0501380" lon="14.8260720">
    <ele>561.8</ele>
   </trkpt>
   <trkpt lat="37.0502950" lon="14.8260000">
    <ele>560.8</ele>
   </trkpt>
   <trkpt lat="37.0503760" lon="14.8259680">
    <ele>560.4</ele>
   </trkpt>
   <trkpt lat="37.0505420" lon="14.8258940">
    <ele>559.2</ele>
   </trkpt>
   <trkpt lat="37.0508750" lon="14.8257250">
    <ele>557.6</ele>
   </trkpt>
   <trkpt lat="37.0511100" lon="14.8255550">
    <ele>556.2</ele>
   </trkpt>
   <trkpt lat="37.0511820" lon="14.8254820">
    <ele>556.0</ele>
   </trkpt>
   <trkpt lat="37.0513700" lon="14.8252460">
    <ele>554.8</ele>
   </trkpt>
   <trkpt lat="37.0515390" lon="14.8249960">
    <ele>553.8</ele>
   </trkpt>
   <trkpt lat="37.0516850" lon="14.8247390">
    <ele>552.8</ele>
   </trkpt>
   <trkpt lat="37.0518220" lon="14.8244750">
    <ele>551.2</ele>
   </trkpt>
   <trkpt lat="37.0519100" lon="14.8242970">
    <ele>550.8</ele>
   </trkpt>
   <trkpt lat="37.0519920" lon="14.8241220">
    <ele>550.0</ele>
   </trkpt>
   <trkpt lat="37.0521370" lon="14.8237640">
    <ele>548.8</ele>
   </trkpt>
   <trkpt lat="37.0521670" lon="14.8236710">
    <ele>548.4</ele>
   </trkpt>
   <trkpt lat="37.0522460" lon="14.8233970">
    <ele>547.2</ele>
   </trkpt>
   <trkpt lat="37.0523690" lon="14.8228620">
    <ele>546.2</ele>
   </trkpt>
   <trkpt lat="37.0524210" lon="14.8225170">
    <ele>545.0</ele>
   </trkpt>
   <trkpt lat="37.0524590" lon="14.8222620">
    <ele>544.2</ele>
   </trkpt>
   <trkpt lat="37.0524700" lon="14.8221780">
    <ele>544.0</ele>
   </trkpt>
   <trkpt lat="37.0524750" lon="14.8220930">
    <ele>543.8</ele>
   </trkpt>
   <trkpt lat="37.0524910" lon="14.8217550">
    <ele>543.0</ele>
   </trkpt>
   <trkpt lat="37.0524900" lon="14.8216710">
    <ele>542.8</ele>
   </trkpt>
   <trkpt lat="37.0524700" lon="14.8213410">
    <ele>542.0</ele>
   </trkpt>
   <trkpt lat="37.0524750" lon="14.8210110">
    <ele>540.8</ele>
   </trkpt>
   <trkpt lat="37.0525010" lon="14.8208500">
    <ele>540.6</ele>
   </trkpt>
   <trkpt lat="37.0526060" lon="14.8204730">
    <ele>539.6</ele>
   </trkpt>
   <trkpt lat="37.0526320" lon="14.8204030">
    <ele>539.2</ele>
   </trkpt>
   <trkpt lat="37.0526860" lon="14.8202660">
    <ele>539.0</ele>
   </trkpt>
   <trkpt lat="37.0527440" lon="14.8201470">
    <ele>538.6</ele>
   </trkpt>
   <trkpt lat="37.0527800" lon="14.8200910">
    <ele>538.6</ele>
   </trkpt>
   <trkpt lat="37.0528620" lon="14.8199800">
    <ele>538.2</ele>
   </trkpt>
   <trkpt lat="37.0530730" lon="14.8197320">
    <ele>537.4</ele>
   </trkpt>
   <trkpt lat="37.0531600" lon="14.8196390">
    <ele>537.0</ele>
   </trkpt>
   <trkpt lat="37.0532420" lon="14.8195510">
    <ele>536.4</ele>
   </trkpt>
   <trkpt lat="37.0533600" lon="14.8194270">
    <ele>536.0</ele>
   </trkpt>
   <trkpt lat="37.0534320" lon="14.8193420">
    <ele>535.4</ele>
   </trkpt>
   <trkpt lat="37.0536010" lon="14.8191540">
    <ele>534.8</ele>
   </trkpt>
   <trkpt lat="37.0536560" lon="14.8190860">
    <ele>534.6</ele>
   </trkpt>
   <trkpt lat="37.0537320" lon="14.8189870">
    <ele>534.2</ele>
   </trkpt>
   <trkpt lat="37.0537600" lon="14.8189130">
    <ele>534.2</ele>
   </trkpt>
   <trkpt lat="37.0537860" lon="14.8186760">
    <ele>533.8</ele>
   </trkpt>
   <trkpt lat="37.0538130" lon="14.8184990">
    <ele>533.6</ele>
   </trkpt>
   <trkpt lat="37.0538440" lon="14.8183100">
    <ele>533.6</ele>
   </trkpt>
   <trkpt lat="37.0538900" lon="14.8180620">
    <ele>533.8</ele>
   </trkpt>
   <trkpt lat="37.0539080" lon="14.8180060">
    <ele>533.2</ele>
   </trkpt>
   <trkpt lat="37.0539220" lon="14.8179450">
    <ele>532.4</ele>
   </trkpt>
   <trkpt lat="37.0539270" lon="14.8178840">
    <ele>532.0</ele>
   </trkpt>
   <trkpt lat="37.0539250" lon="14.8178260">
    <ele>531.6</ele>
   </trkpt>
   <trkpt lat="37.0539060" lon="14.8177260">
    <ele>531.0</ele>
   </trkpt>
   <trkpt lat="37.0538720" lon="14.8176460">
    <ele>530.6</ele>
   </trkpt>
   <trkpt lat="37.0537900" lon="14.8175400">
    <ele>531.0</ele>
   </trkpt>
   <trkpt lat="37.0536560" lon="14.8174340">
    <ele>531.4</ele>
   </trkpt>
   <trkpt lat="37.0534870" lon="14.8172630">
    <ele>531.6</ele>
   </trkpt>
   <trkpt lat="37.0534040" lon="14.8172000">
    <ele>531.8</ele>
   </trkpt>
   <trkpt lat="37.0532820" lon="14.8170610">
    <ele>532.4</ele>
   </trkpt>
   <trkpt lat="37.0531670" lon="14.8169000">
    <ele>532.8</ele>
   </trkpt>
   <trkpt lat="37.0531210" lon="14.8168430">
    <ele>533.0</ele>
   </trkpt>
   <trkpt lat="37.0528910" lon="14.8164820">
    <ele>533.0</ele>
   </trkpt>
   <trkpt lat="37.0527350" lon="14.8161160">
    <ele>533.0</ele>
   </trkpt>
   <trkpt lat="37.0526720" lon="14.8159710">
    <ele>533.2</ele>
   </trkpt>
   <trkpt lat="37.0526500" lon="14.8159090">
    <ele>533.2</ele>
   </trkpt>
   <trkpt lat="37.0525730" lon="14.8157210">
    <ele>533.2</ele>
   </trkpt>
   <trkpt lat="37.0524520" lon="14.8154640">
    <ele>533.6</ele>
   </trkpt>
   <trkpt lat="37.0523250" lon="14.8152360">
    <ele>533.8</ele>
   </trkpt>
   <trkpt lat="37.0523000" lon="14.8151980">
    <ele>534.0</ele>
   </trkpt>
   <trkpt lat="37.0522730" lon="14.8151620">
    <ele>534.0</ele>
   </trkpt>
   <trkpt lat="37.0521090" lon="14.8149550">
    <ele>534.4</ele>
   </trkpt>
   <trkpt lat="37.0519290" lon="14.8147830">
    <ele>534.8</ele>
   </trkpt>
   <trkpt lat="37.0518630" lon="14.8146430">
    <ele>535.0</ele>
   </trkpt>
   <trkpt lat="37.0518180" lon="14.8145030">
    <ele>535.2</ele>
   </trkpt>
   <trkpt lat="37.0517870" lon="14.8142740">
    <ele>535.8</ele>
   </trkpt>
   <trkpt lat="37.0517840" lon="14.8142290">
    <ele>536.0</ele>
   </trkpt>
   <trkpt lat="37.0517810" lon="14.8141420">
    <ele>536.0</ele>
   </trkpt>
   <trkpt lat="37.0517670" lon="14.8138770">
    <ele>536.6</ele>
   </trkpt>
   <trkpt lat="37.0517550" lon="14.8136550">
    <ele>537.0</ele>
   </trkpt>
   <trkpt lat="37.0517450" lon="14.8135670">
    <ele>537.0</ele>
   </trkpt>
   <trkpt lat="37.0516770" lon="14.8131930">
    <ele>537.8</ele>
   </trkpt>
   <trkpt lat="37.0516460" lon="14.8130720">
    <ele>538.0</ele>
   </trkpt>
   <trkpt lat="37.0515880" lon="14.8128450">
    <ele>538.8</ele>
   </trkpt>
   <trkpt lat="37.0515800" lon="14.8128130">
    <ele>539.0</ele>
   </trkpt>
   <trkpt lat="37.0515650" lon="14.8127500">
    <ele>539.2</ele>
   </trkpt>
   <trkpt lat="37.0515200" lon="14.8125310">
    <ele>540.2</ele>
   </trkpt>
   <trkpt lat="37.0515100" lon="14.8125020">
    <ele>540.2</ele>
   </trkpt>
   <trkpt lat="37.0514680" lon="14.8122970">
    <ele>541.0</ele>
   </trkpt>
   <trkpt lat="37.0514390" lon="14.8120720">
    <ele>541.2</ele>
   </trkpt>
   <trkpt lat="37.0514370" lon="14.8120350">
    <ele>541.4</ele>
   </trkpt>
   <trkpt lat="37.0513810" lon="14.8116400">
    <ele>541.6</ele>
   </trkpt>
   <trkpt lat="37.0513430" lon="14.8113850">
    <ele>541.6</ele>
   </trkpt>
   <trkpt lat="37.0513230" lon="14.8112320">
    <ele>541.2</ele>
   </trkpt>
   <trkpt lat="37.0512640" lon="14.8107830">
    <ele>541.0</ele>
   </trkpt>
   <trkpt lat="37.0512570" lon="14.8107270">
    <ele>540.8</ele>
   </trkpt>
   <trkpt lat="37.0512200" lon="14.8104010">
    <ele>540.4</ele>
   </trkpt>
   <trkpt lat="37.0512190" lon="14.8103310">
    <ele>540.2</ele>
   </trkpt>
   <trkpt lat="37.0512230" lon="14.8102610">
    <ele>540.0</ele>
   </trkpt>
   <trkpt lat="37.0512280" lon="14.8101160">
    <ele>539.6</ele>
   </trkpt>
   <trkpt lat="37.0512170" lon="14.8098050">
    <ele>539.0</ele>
   </trkpt>
   <trkpt lat="37.0512030" lon="14.8097260">
    <ele>538.8</ele>
   </trkpt>
   <trkpt lat="37.0511270" lon="14.8094120">
    <ele>537.8</ele>
   </trkpt>
   <trkpt lat="37.0510730" lon="14.8092620">
    <ele>537.2</ele>
   </trkpt>
   <trkpt lat="37.0510430" lon="14.8091920">
    <ele>536.8</ele>
   </trkpt>
   <trkpt lat="37.0509960" lon="14.8090730">
    <ele>536.4</ele>
   </trkpt>
   <trkpt lat="37.0509930" lon="14.8090230">
    <ele>536.2</ele>
   </trkpt>
   <trkpt lat="37.0510040" lon="14.8089780">
    <ele>536.0</ele>
   </trkpt>
   <trkpt lat="37.0510540" lon="14.8089290">
    <ele>536.0</ele>
   </trkpt>
   <trkpt lat="37.0512310" lon="14.8088410">
    <ele>535.8</ele>
   </trkpt>
   <trkpt lat="37.0514150" lon="14.8087270">
    <ele>536.4</ele>
   </trkpt>
   <trkpt lat="37.0515700" lon="14.8086120">
    <ele>537.2</ele>
   </trkpt>
   <trkpt lat="37.0516540" lon="14.8085660">
    <ele>537.8</ele>
   </trkpt>
   <trkpt lat="37.0516950" lon="14.8085390">
    <ele>538.0</ele>
   </trkpt>
   <trkpt lat="37.0518170" lon="14.8084590">
    <ele>539.0</ele>
   </trkpt>
   <trkpt lat="37.0518810" lon="14.8084130">
    <ele>539.4</ele>
   </trkpt>
   <trkpt lat="37.0519550" lon="14.8083590">
    <ele>540.2</ele>
   </trkpt>
   <trkpt lat="37.0520410" lon="14.8083110">
    <ele>541.0</ele>
   </trkpt>
   <trkpt lat="37.0520870" lon="14.8082830">
    <ele>541.2</ele>
   </trkpt>
   <trkpt lat="37.0522390" lon="14.8081850">
    <ele>541.8</ele>
   </trkpt>
   <trkpt lat="37.0523410" lon="14.8081180">
    <ele>542.2</ele>
   </trkpt>
   <trkpt lat="37.0524030" lon="14.8080890">
    <ele>542.4</ele>
   </trkpt>
   <trkpt lat="37.0525240" lon="14.8080760">
    <ele>543.4</ele>
   </trkpt>
   <trkpt lat="37.0525620" lon="14.8080770">
    <ele>543.6</ele>
   </trkpt>
   <trkpt lat="37.0526600" lon="14.8080970">
    <ele>544.6</ele>
   </trkpt>
   <trkpt lat="37.0527330" lon="14.8081410">
    <ele>545.0</ele>
   </trkpt>
   <trkpt lat="37.0527990" lon="14.8081810">
    <ele>545.6</ele>
   </trkpt>
   <trkpt lat="37.0528760" lon="14.8082460">
    <ele>546.2</ele>
   </trkpt>
   <trkpt lat="37.0529420" lon="14.8082890">
    <ele>546.6</ele>
   </trkpt>
   <trkpt lat="37.0529730" lon="14.8083110">
    <ele>547.0</ele>
   </trkpt>
   <trkpt lat="37.0530920" lon="14.8084000">
    <ele>547.6</ele>
   </trkpt>
   <trkpt lat="37.0531090" lon="14.8084120">
    <ele>547.8</ele>
   </trkpt>
   <trkpt lat="37.0532100" lon="14.8084790">
    <ele>548.8</ele>
   </trkpt>
   <trkpt lat="37.0532580" lon="14.8085190">
    <ele>549.2</ele>
   </trkpt>
   <trkpt lat="37.0533700" lon="14.8085920">
    <ele>549.8</ele>
   </trkpt>
   <trkpt lat="37.0534350" lon="14.8086340">
    <ele>550.4</ele>
   </trkpt>
   <trkpt lat="37.0534880" lon="14.8086640">
    <ele>550.6</ele>
   </trkpt>
   <trkpt lat="37.0536340" lon="14.8087860">
    <ele>551.4</ele>
   </trkpt>
   <trkpt lat="37.0536670" lon="14.8088140">
    <ele>551.8</ele>
   </trkpt>
   <trkpt lat="37.0537540" lon="14.8089460">
    <ele>552.8</ele>
   </trkpt>
   <trkpt lat="37.0537620" lon="14.8089610">
    <ele>553.0</ele>
   </trkpt>
   <trkpt lat="37.0538030" lon="14.8091370">
    <ele>553.6</ele>
   </trkpt>
   <trkpt lat="37.0538150" lon="14.8092070">
    <ele>554.0</ele>
   </trkpt>
   <trkpt lat="37.0538200" lon="14.8093780">
    <ele>555.2</ele>
   </trkpt>
   <trkpt lat="37.0538050" lon="14.8095640">
    <ele>555.8</ele>
   </trkpt>
   <trkpt lat="37.0537960" lon="14.8096330">
    <ele>556.2</ele>
   </trkpt>
   <trkpt lat="37.0538030" lon="14.8097700">
    <ele>557.6</ele>
   </trkpt>
   <trkpt lat="37.0538110" lon="14.8098670">
    <ele>558.2</ele>
   </trkpt>
   <trkpt lat="37.0538180" lon="14.8099370">
    <ele>558.4</ele>
   </trkpt>
   <trkpt lat="37.0538220" lon="14.8099610">
    <ele>558.6</ele>
   </trkpt>
   <trkpt lat="37.0538740" lon="14.8101660">
    <ele>559.6</ele>
   </trkpt>
   <trkpt lat="37.0539290" lon="14.8103170">
    <ele>560.6</ele>
   </trkpt>
   <trkpt lat="37.0539430" lon="14.8103570">
    <ele>561.2</ele>
   </trkpt>
   <trkpt lat="37.0539740" lon="14.8104440">
    <ele>561.8</ele>
   </trkpt>
   <trkpt lat="37.0540090" lon="14.8105420">
    <ele>562.4</ele>
   </trkpt>
   <trkpt lat="37.0540250" lon="14.8105790">
    <ele>562.6</ele>
   </trkpt>
   <trkpt lat="37.0540430" lon="14.8106150">
    <ele>562.8</ele>
   </trkpt>
   <trkpt lat="37.0540950" lon="14.8107160">
    <ele>563.2</ele>
   </trkpt>
   <trkpt lat="37.0541300" lon="14.8107720">
    <ele>563.8</ele>
   </trkpt>
   <trkpt lat="37.0541470" lon="14.8108090">
    <ele>564.4</ele>
   </trkpt>
   <trkpt lat="37.0541740" lon="14.8108430">
    <ele>565.0</ele>
   </trkpt>
   <trkpt lat="37.0542130" lon="14.8109090">
    <ele>566.0</ele>
   </trkpt>
   <trkpt lat="37.0542240" lon="14.8109210">
    <ele>566.2</ele>
   </trkpt>
   <trkpt lat="37.0542950" lon="14.8110160">
    <ele>567.0</ele>
   </trkpt>
   <trkpt lat="37.0543150" lon="14.8110420">
    <ele>567.4</ele>
   </trkpt>
   <trkpt lat="37.0543720" lon="14.8111030">
    <ele>568.6</ele>
   </trkpt>
   <trkpt lat="37.0543810" lon="14.8111130">
    <ele>568.8</ele>
   </trkpt>
   <trkpt lat="37.0544580" lon="14.8111820">
    <ele>569.6</ele>
   </trkpt>
   <trkpt lat="37.0544670" lon="14.8111910">
    <ele>569.8</ele>
   </trkpt>
   <trkpt lat="37.0545610" lon="14.8112520">
    <ele>570.6</ele>
   </trkpt>
   <trkpt lat="37.0545730" lon="14.8112610">
    <ele>570.8</ele>
   </trkpt>
   <trkpt lat="37.0546690" lon="14.8112950">
    <ele>571.4</ele>
   </trkpt>
   <trkpt lat="37.0546950" lon="14.8113040">
    <ele>571.8</ele>
   </trkpt>
   <trkpt lat="37.0547450" lon="14.8113340">
    <ele>572.6</ele>
   </trkpt>
   <trkpt lat="37.0547620" lon="14.8113380">
    <ele>572.8</ele>
   </trkpt>
   <trkpt lat="37.0547920" lon="14.8113330">
    <ele>573.4</ele>
   </trkpt>
   <trkpt lat="37.0548000" lon="14.8113430">
    <ele>573.6</ele>
   </trkpt>
   <trkpt lat="37.0548130" lon="14.8113550">
    <ele>573.6</ele>
   </trkpt>
   <trkpt lat="37.0548350" lon="14.8113590">
    <ele>573.8</ele>
   </trkpt>
   <trkpt lat="37.0549710" lon="14.8113970">
    <ele>575.0</ele>
   </trkpt>
   <trkpt lat="37.0549960" lon="14.8114070">
    <ele>575.2</ele>
   </trkpt>
   <trkpt lat="37.0550020" lon="14.8114140">
    <ele>575.2</ele>
   </trkpt>
   <trkpt lat="37.0550260" lon="14.8114280">
    <ele>575.4</ele>
   </trkpt>
   <trkpt lat="37.0550730" lon="14.8114480">
    <ele>576.0</ele>
   </trkpt>
   <trkpt lat="37.0551110" lon="14.8114590">
    <ele>576.4</ele>
   </trkpt>
   <trkpt lat="37.0551940" lon="14.8114740">
    <ele>577.0</ele>
   </trkpt>
   <trkpt lat="37.0552290" lon="14.8114680">
    <ele>577.2</ele>
   </trkpt>
   <trkpt lat="37.0553160" lon="14.8114840">
    <ele>578.4</ele>
   </trkpt>
   <trkpt lat="37.0553300" lon="14.8114830">
    <ele>578.4</ele>
   </trkpt>
   <trkpt lat="37.0554110" lon="14.8114670">
    <ele>579.2</ele>
   </trkpt>
   <trkpt lat="37.0554330" lon="14.8114550">
    <ele>579.6</ele>
   </trkpt>
   <trkpt lat="37.0555080" lon="14.8114360">
    <ele>580.4</ele>
   </trkpt>
   <trkpt lat="37.0555630" lon="14.8114130">
    <ele>581.0</ele>
   </trkpt>
   <trkpt lat="37.0556260" lon="14.8113700">
    <ele>581.6</ele>
   </trkpt>
   <trkpt lat="37.0556380" lon="14.8113620">
    <ele>581.8</ele>
   </trkpt>
   <trkpt lat="37.0556510" lon="14.8113550">
    <ele>582.0</ele>
   </trkpt>
   <trkpt lat="37.0557090" lon="14.8113260">
    <ele>582.8</ele>
   </trkpt>
   <trkpt lat="37.0557560" lon="14.8112970">
    <ele>583.6</ele>
   </trkpt>
   <trkpt lat="37.0557800" lon="14.8112770">
    <ele>583.8</ele>
   </trkpt>
   <trkpt lat="37.0558300" lon="14.8112490">
    <ele>584.2</ele>
   </trkpt>
   <trkpt lat="37.0558430" lon="14.8112410">
    <ele>584.4</ele>
   </trkpt>
   <trkpt lat="37.0558640" lon="14.8112180">
    <ele>585.0</ele>
   </trkpt>
   <trkpt lat="37.0559000" lon="14.8111940">
    <ele>585.4</ele>
   </trkpt>
   <trkpt lat="37.0559310" lon="14.8111720">
    <ele>586.0</ele>
   </trkpt>
   <trkpt lat="37.0559870" lon="14.8111170">
    <ele>586.6</ele>
   </trkpt>
   <trkpt lat="37.0560350" lon="14.8110800">
    <ele>587.0</ele>
   </trkpt>
   <trkpt lat="37.0560850" lon="14.8110580">
    <ele>587.6</ele>
   </trkpt>
   <trkpt lat="37.0561470" lon="14.8110410">
    <ele>588.2</ele>
   </trkpt>
   <trkpt lat="37.0562310" lon="14.8110210">
    <ele>588.8</ele>
   </trkpt>
   <trkpt lat="37.0563140" lon="14.8110000">
    <ele>589.2</ele>
   </trkpt>
   <trkpt lat="37.0563770" lon="14.8110100">
    <ele>589.4</ele>
   </trkpt>
   <trkpt lat="37.0564750" lon="14.8110630">
    <ele>590.2</ele>
   </trkpt>
   <trkpt lat="37.0565000" lon="14.8110920">
    <ele>590.6</ele>
   </trkpt>
   <trkpt lat="37.0565140" lon="14.8111270">
    <ele>590.8</ele>
   </trkpt>
   <trkpt lat="37.0565390" lon="14.8111760">
    <ele>590.8</ele>
   </trkpt>
   <trkpt lat="37.0565540" lon="14.8112630">
    <ele>591.2</ele>
   </trkpt>
   <trkpt lat="37.0565410" lon="14.8113850">
    <ele>592.0</ele>
   </trkpt>
   <trkpt lat="37.0564660" lon="14.8115800">
    <ele>592.2</ele>
   </trkpt>
   <trkpt lat="37.0564040" lon="14.8116750">
    <ele>592.0</ele>
   </trkpt>
   <trkpt lat="37.0562900" lon="14.8118270">
    <ele>592.4</ele>
   </trkpt>
   <trkpt lat="37.0561050" lon="14.8120370">
    <ele>592.8</ele>
   </trkpt>
   <trkpt lat="37.0560430" lon="14.8121040">
    <ele>593.2</ele>
   </trkpt>
   <trkpt lat="37.0559590" lon="14.8121860">
    <ele>593.8</ele>
   </trkpt>
   <trkpt lat="37.0559110" lon="14.8122430">
    <ele>594.2</ele>
   </trkpt>
   <trkpt lat="37.0558490" lon="14.8123140">
    <ele>595.0</ele>
   </trkpt>
   <trkpt lat="37.0558010" lon="14.8123750">
    <ele>595.4</ele>
   </trkpt>
   <trkpt lat="37.0557380" lon="14.8124720">
    <ele>596.4</ele>
   </trkpt>
   <trkpt lat="37.0557220" lon="14.8124910">
    <ele>596.6</ele>
   </trkpt>
   <trkpt lat="37.0556140" lon="14.8126200">
    <ele>597.2</ele>
   </trkpt>
   <trkpt lat="37.0555860" lon="14.8126640">
    <ele>597.6</ele>
   </trkpt>
   <trkpt lat="37.0555320" lon="14.8127460">
    <ele>598.2</ele>
   </trkpt>
   <trkpt lat="37.0554740" lon="14.8128510">
    <ele>598.6</ele>
   </trkpt>
   <trkpt lat="37.0554430" lon="14.8129170">
    <ele>599.2</ele>
   </trkpt>
   <trkpt lat="37.0554090" lon="14.8130070">
    <ele>600.0</ele>
   </trkpt>
   <trkpt lat="37.0553990" lon="14.8130310">
    <ele>600.2</ele>
   </trkpt>
   <trkpt lat="37.0553470" lon="14.8132100">
    <ele>600.8</ele>
   </trkpt>
   <trkpt lat="37.0553150" lon="14.8133050">
    <ele>601.4</ele>
   </trkpt>
   <trkpt lat="37.0552790" lon="14.8134570">
    <ele>602.0</ele>
   </trkpt>
   <trkpt lat="37.0552560" lon="14.8135660">
    <ele>602.6</ele>
   </trkpt>
   <trkpt lat="37.0552360" lon="14.8136960">
    <ele>603.2</ele>
   </trkpt>
   <trkpt lat="37.0552330" lon="14.8137960">
    <ele>603.8</ele>
   </trkpt>
   <trkpt lat="37.0552660" lon="14.8139360">
    <ele>604.2</ele>
   </trkpt>
   <trkpt lat="37.0553460" lon="14.8140720">
    <ele>604.8</ele>
   </trkpt>
   <trkpt lat="37.0553930" lon="14.8141130">
    <ele>605.2</ele>
   </trkpt>
   <trkpt lat="37.0555640" lon="14.8141860">
    <ele>605.8</ele>
   </trkpt>
   <trkpt lat="37.0556270" lon="14.8141830">
    <ele>605.8</ele>
   </trkpt>
   <trkpt lat="37.0557880" lon="14.8141270">
    <ele>606.4</ele>
   </trkpt>
   <trkpt lat="37.0558950" lon="14.8140610">
    <ele>606.8</ele>
   </trkpt>
   <trkpt lat="37.0560220" lon="14.8139900">
    <ele>607.4</ele>
   </trkpt>
   <trkpt lat="37.0561140" lon="14.8139530">
    <ele>608.0</ele>
   </trkpt>
   <trkpt lat="37.0561960" lon="14.8139210">
    <ele>609.0</ele>
   </trkpt>
   <trkpt lat="37.0562130" lon="14.8139130">
    <ele>609.2</ele>
   </trkpt>
   <trkpt lat="37.0563860" lon="14.8138590">
    <ele>610.2</ele>
   </trkpt>
   <trkpt lat="37.0565040" lon="14.8138660">
    <ele>611.0</ele>
   </trkpt>
   <trkpt lat="37.0565420" lon="14.8138750">
    <ele>611.2</ele>
   </trkpt>
   <trkpt lat="37.0566470" lon="14.8139030">
    <ele>611.8</ele>
   </trkpt>
   <trkpt lat="37.0567260" lon="14.8139290">
    <ele>612.2</ele>
   </trkpt>
   <trkpt lat="37.0568370" lon="14.8139520">
    <ele>612.8</ele>
   </trkpt>
   <trkpt lat="37.0569640" lon="14.8140100">
    <ele>613.4</ele>
   </trkpt>
   <trkpt lat="37.0570360" lon="14.8140350">
    <ele>613.6</ele>
   </trkpt>
   <trkpt lat="37.0571710" lon="14.8140930">
    <ele>614.4</ele>
   </trkpt>
   <trkpt lat="37.0573130" lon="14.8141420">
    <ele>615.0</ele>
   </trkpt>
   <trkpt lat="37.0573810" lon="14.8141680">
    <ele>615.6</ele>
   </trkpt>
   <trkpt lat="37.0575100" lon="14.8142080">
    <ele>616.0</ele>
   </trkpt>
   <trkpt lat="37.0576620" lon="14.8142500">
    <ele>616.4</ele>
   </trkpt>
   <trkpt lat="37.0576840" lon="14.8142570">
    <ele>616.6</ele>
   </trkpt>
   <trkpt lat="37.0578290" lon="14.8142420">
    <ele>616.8</ele>
   </trkpt>
   <trkpt lat="37.0579900" lon="14.8141720">
    <ele>617.6</ele>
   </trkpt>
   <trkpt lat="37.0580330" lon="14.8141490">
    <ele>617.8</ele>
   </trkpt>
   <trkpt lat="37.0581980" lon="14.8140110">
    <ele>618.8</ele>
   </trkpt>
   <trkpt lat="37.0583260" lon="14.8138670">
    <ele>619.8</ele>
   </trkpt>
   <trkpt lat="37.0584270" lon="14.8137630">
    <ele>620.6</ele>
   </trkpt>
   <trkpt lat="37.0584750" lon="14.8137160">
    <ele>620.8</ele>
   </trkpt>
   <trkpt lat="37.0585560" lon="14.8136140">
    <ele>621.6</ele>
   </trkpt>
   <trkpt lat="37.0585810" lon="14.8135730">
    <ele>622.0</ele>
   </trkpt>
   <trkpt lat="37.0586620" lon="14.8134570">
    <ele>623.2</ele>
   </trkpt>
   <trkpt lat="37.0587580" lon="14.8133310">
    <ele>624.2</ele>
   </trkpt>
   <trkpt lat="37.0588640" lon="14.8132060">
    <ele>624.4</ele>
   </trkpt>
   <trkpt lat="37.0589940" lon="14.8130460">
    <ele>625.2</ele>
   </trkpt>
   <trkpt lat="37.0591160" lon="14.8128700">
    <ele>626.4</ele>
   </trkpt>
   <trkpt lat="37.0592330" lon="14.8127400">
    <ele>627.4</ele>
   </trkpt>
   <trkpt lat="37.0592470" lon="14.8127240">
    <ele>627.4</ele>
   </trkpt>
   <trkpt lat="37.0593930" lon="14.8126250">
    <ele>628.4</ele>
   </trkpt>
   <trkpt lat="37.0595280" lon="14.8125590">
    <ele>629.0</ele>
   </trkpt>
   <trkpt lat="37.0595800" lon="14.8125370">
    <ele>629.2</ele>
   </trkpt>
   <trkpt lat="37.0596950" lon="14.8124780">
    <ele>629.8</ele>
   </trkpt>
   <trkpt lat="37.0597530" lon="14.8124510">
    <ele>630.4</ele>
   </trkpt>
   <trkpt lat="37.0598060" lon="14.8124080">
    <ele>630.6</ele>
   </trkpt>
   <trkpt lat="37.0599110" lon="14.8123830">
    <ele>631.4</ele>
   </trkpt>
   <trkpt lat="37.0599810" lon="14.8123520">
    <ele>632.0</ele>
   </trkpt>
   <trkpt lat="37.0600150" lon="14.8123410">
    <ele>632.4</ele>
   </trkpt>
   <trkpt lat="37.0601120" lon="14.8123230">
    <ele>633.4</ele>
   </trkpt>
   <trkpt lat="37.0601290" lon="14.8123170">
    <ele>633.6</ele>
   </trkpt>
   <trkpt lat="37.0602510" lon="14.8122840">
    <ele>634.6</ele>
   </trkpt>
   <trkpt lat="37.0602670" lon="14.8122770">
    <ele>634.6</ele>
   </trkpt>
   <trkpt lat="37.0603670" lon="14.8122600">
    <ele>635.8</ele>
   </trkpt>
   <trkpt lat="37.0603850" lon="14.8122580">
    <ele>635.8</ele>
   </trkpt>
   <trkpt lat="37.0605430" lon="14.8122620">
    <ele>636.2</ele>
   </trkpt>
   <trkpt lat="37.0606140" lon="14.8122790">
    <ele>636.6</ele>
   </trkpt>
   <trkpt lat="37.0607400" lon="14.8123370">
    <ele>637.4</ele>
   </trkpt>
   <trkpt lat="37.0607550" lon="14.8123490">
    <ele>637.6</ele>
   </trkpt>
   <trkpt lat="37.0608530" lon="14.8124370">
    <ele>638.8</ele>
   </trkpt>
   <trkpt lat="37.0609500" lon="14.8125250">
    <ele>639.4</ele>
   </trkpt>
   <trkpt lat="37.0610640" lon="14.8126200">
    <ele>639.8</ele>
   </trkpt>
   <trkpt lat="37.0611360" lon="14.8126800">
    <ele>640.0</ele>
   </trkpt>
   <trkpt lat="37.0612260" lon="14.8127460">
    <ele>640.8</ele>
   </trkpt>
   <trkpt lat="37.0613170" lon="14.8128060">
    <ele>641.0</ele>
   </trkpt>
   <trkpt lat="37.0614540" lon="14.8128610">
    <ele>641.2</ele>
   </trkpt>
   <trkpt lat="37.0615650" lon="14.8128910">
    <ele>641.8</ele>
   </trkpt>
   <trkpt lat="37.0616050" lon="14.8129050">
    <ele>642.0</ele>
   </trkpt>
   <trkpt lat="37.0617150" lon="14.8129440">
    <ele>642.6</ele>
   </trkpt>
   <trkpt lat="37.0617710" lon="14.8129530">
    <ele>643.0</ele>
   </trkpt>
   <trkpt lat="37.0617890" lon="14.8129550">
    <ele>643.0</ele>
   </trkpt>
   <trkpt lat="37.0619540" lon="14.8130150">
    <ele>644.0</ele>
   </trkpt>
   <trkpt lat="37.0620590" lon="14.8130350">
    <ele>645.0</ele>
   </trkpt>
   <trkpt lat="37.0621110" lon="14.8130520">
    <ele>645.4</ele>
   </trkpt>
   <trkpt lat="37.0621770" lon="14.8130770">
    <ele>646.0</ele>
   </trkpt>
   <trkpt lat="37.0622660" lon="14.8130930">
    <ele>647.0</ele>
   </trkpt>
   <trkpt lat="37.0622820" lon="14.8130990">
    <ele>647.2</ele>
   </trkpt>
   <trkpt lat="37.0623880" lon="14.8131320">
    <ele>648.2</ele>
   </trkpt>
   <trkpt lat="37.0624220" lon="14.8131370">
    <ele>648.4</ele>
   </trkpt>
   <trkpt lat="37.0624810" lon="14.8131480">
    <ele>648.6</ele>
   </trkpt>
   <trkpt lat="37.0625640" lon="14.8131640">
    <ele>649.2</ele>
   </trkpt>
   <trkpt lat="37.0626470" lon="14.8131870">
    <ele>650.2</ele>
   </trkpt>
   <trkpt lat="37.0626770" lon="14.8131960">
    <ele>650.4</ele>
   </trkpt>
   <trkpt lat="37.0627490" lon="14.8132060">
    <ele>651.4</ele>
   </trkpt>
   <trkpt lat="37.0627780" lon="14.8132150">
    <ele>651.8</ele>
   </trkpt>
   <trkpt lat="37.0628450" lon="14.8132180">
    <ele>652.6</ele>
   </trkpt>
   <trkpt lat="37.0629340" lon="14.8132270">
    <ele>653.6</ele>
   </trkpt>
   <trkpt lat="37.0629500" lon="14.8132340">
    <ele>653.6</ele>
   </trkpt>
   <trkpt lat="37.0630940" lon="14.8132600">
    <ele>654.6</ele>
   </trkpt>
   <trkpt lat="37.0631120" lon="14.8132630">
    <ele>654.8</ele>
   </trkpt>
   <trkpt lat="37.0632080" lon="14.8133000">
    <ele>655.4</ele>
   </trkpt>
   <trkpt lat="37.0632210" lon="14.8133040">
    <ele>655.6</ele>
   </trkpt>
   <trkpt lat="37.0633140" lon="14.8133630">
    <ele>656.2</ele>
   </trkpt>
   <trkpt lat="37.0633660" lon="14.8134010">
    <ele>656.6</ele>
   </trkpt>
   <trkpt lat="37.0634460" lon="14.8134760">
    <ele>657.8</ele>
   </trkpt>
   <trkpt lat="37.0635430" lon="14.8135600">
    <ele>659.0</ele>
   </trkpt>
   <trkpt lat="37.0635710" lon="14.8135840">
    <ele>659.4</ele>
   </trkpt>
   <trkpt lat="37.0636640" lon="14.8136810">
    <ele>660.2</ele>
   </trkpt>
   <trkpt lat="37.0636770" lon="14.8136960">
    <ele>660.2</ele>
   </trkpt>
   <trkpt lat="37.0637780" lon="14.8138090">
    <ele>661.0</ele>
   </trkpt>
   <trkpt lat="37.0638060" lon="14.8138440">
    <ele>661.2</ele>
   </trkpt>
   <trkpt lat="37.0638330" lon="14.8138870">
    <ele>661.2</ele>
   </trkpt>
   <trkpt lat="37.0638750" lon="14.8139570">
    <ele>662.0</ele>
   </trkpt>
   <trkpt lat="37.0639140" lon="14.8140360">
    <ele>662.8</ele>
   </trkpt>
   <trkpt lat="37.0639370" lon="14.8140650">
    <ele>663.2</ele>
   </trkpt>
   <trkpt lat="37.0639920" lon="14.8141380">
    <ele>663.8</ele>
   </trkpt>
   <trkpt lat="37.0640220" lon="14.8141780">
    <ele>664.2</ele>
   </trkpt>
   <trkpt lat="37.0640910" lon="14.8142620">
    <ele>664.6</ele>
   </trkpt>
   <trkpt lat="37.0641600" lon="14.8143190">
    <ele>665.2</ele>
   </trkpt>
   <trkpt lat="37.0641720" lon="14.8143320">
    <ele>665.2</ele>
   </trkpt>
   <trkpt lat="37.0642170" lon="14.8143700">
    <ele>665.8</ele>
   </trkpt>
   <trkpt lat="37.0643180" lon="14.8144480">
    <ele>666.0</ele>
   </trkpt>
   <trkpt lat="37.0644280" lon="14.8145430">
    <ele>666.2</ele>
   </trkpt>
   <trkpt lat="37.0645310" lon="14.8146440">
    <ele>667.4</ele>
   </trkpt>
   <trkpt lat="37.0645410" lon="14.8146570">
    <ele>667.6</ele>
   </trkpt>
   <trkpt lat="37.0646940" lon="14.8147800">
    <ele>668.2</ele>
   </trkpt>
   <trkpt lat="37.0647090" lon="14.8147900">
    <ele>668.2</ele>
   </trkpt>
   <trkpt lat="37.0648130" lon="14.8148650">
    <ele>669.2</ele>
   </trkpt>
   <trkpt lat="37.0648240" lon="14.8148770">
    <ele>669.6</ele>
   </trkpt>
   <trkpt lat="37.0649120" lon="14.8149620">
    <ele>670.2</ele>
   </trkpt>
   <trkpt lat="37.0649270" lon="14.8149730">
    <ele>670.4</ele>
   </trkpt>
   <trkpt lat="37.0650070" lon="14.8150310">
    <ele>671.0</ele>
   </trkpt>
   <trkpt lat="37.0650730" lon="14.8150760">
    <ele>671.4</ele>
   </trkpt>
   <trkpt lat="37.0651270" lon="14.8151050">
    <ele>671.8</ele>
   </trkpt>
   <trkpt lat="37.0652060" lon="14.8151120">
    <ele>672.4</ele>
   </trkpt>
   <trkpt lat="37.0652610" lon="14.8151280">
    <ele>672.8</ele>
   </trkpt>
   <trkpt lat="37.0653710" lon="14.8151140">
    <ele>673.4</ele>
   </trkpt>
   <trkpt lat="37.0654350" lon="14.8150920">
    <ele>674.6</ele>
   </trkpt>
   <trkpt lat="37.0654800" lon="14.8150740">
    <ele>674.8</ele>
   </trkpt>
   <trkpt lat="37.0655860" lon="14.8150380">
    <ele>675.6</ele>
   </trkpt>
   <trkpt lat="37.0657120" lon="14.8150150">
    <ele>676.6</ele>
   </trkpt>
   <trkpt lat="37.0657580" lon="14.8150090">
    <ele>677.0</ele>
   </trkpt>
   <trkpt lat="37.0657780" lon="14.8150010">
    <ele>677.2</ele>
   </trkpt>
   <trkpt lat="37.0658510" lon="14.8149730">
    <ele>677.8</ele>
   </trkpt>
   <trkpt lat="37.0659040" lon="14.8149610">
    <ele>678.6</ele>
   </trkpt>
   <trkpt lat="37.0659200" lon="14.8149590">
    <ele>679.0</ele>
   </trkpt>
   <trkpt lat="37.0659680" lon="14.8149510">
    <ele>680.0</ele>
   </trkpt>
   <trkpt lat="37.0659820" lon="14.8149540">
    <ele>680.2</ele>
   </trkpt>
   <trkpt lat="37.0660440" lon="14.8149520">
    <ele>681.2</ele>
   </trkpt>
   <trkpt lat="37.0661000" lon="14.8149380">
    <ele>681.6</ele>
   </trkpt>
   <trkpt lat="37.0661710" lon="14.8149340">
    <ele>682.2</ele>
   </trkpt>
   <trkpt lat="37.0661820" lon="14.8149360">
    <ele>682.2</ele>
   </trkpt>
   <trkpt lat="37.0662170" lon="14.8149420">
    <ele>683.0</ele>
   </trkpt>
   <trkpt lat="37.0662440" lon="14.8149550">
    <ele>683.4</ele>
   </trkpt>
   <trkpt lat="37.0662710" lon="14.8149640">
    <ele>683.6</ele>
   </trkpt>
   <trkpt lat="37.0663680" lon="14.8149890">
    <ele>684.4</ele>
   </trkpt>
   <trkpt lat="37.0664600" lon="14.8149980">
    <ele>685.6</ele>
   </trkpt>
   <trkpt lat="37.0665070" lon="14.8150000">
    <ele>686.0</ele>
   </trkpt>
   <trkpt lat="37.0665600" lon="14.8150150">
    <ele>686.6</ele>
   </trkpt>
   <trkpt lat="37.0666040" lon="14.8150250">
    <ele>686.8</ele>
   </trkpt>
   <trkpt lat="37.0666300" lon="14.8150320">
    <ele>687.0</ele>
   </trkpt>
   <trkpt lat="37.0666920" lon="14.8150520">
    <ele>687.8</ele>
   </trkpt>
   <trkpt lat="37.0667800" lon="14.8150620">
    <ele>688.6</ele>
   </trkpt>
   <trkpt lat="37.0668110" lon="14.8150580">
    <ele>688.8</ele>
   </trkpt>
   <trkpt lat="37.0668280" lon="14.8150590">
    <ele>689.0</ele>
   </trkpt>
   <trkpt lat="37.0668650" lon="14.8150730">
    <ele>689.0</ele>
   </trkpt>
   <trkpt lat="37.0669110" lon="14.8150810">
    <ele>689.8</ele>
   </trkpt>
   <trkpt lat="37.0669510" lon="14.8151000">
    <ele>690.2</ele>
   </trkpt>
   <trkpt lat="37.0670060" lon="14.8151080">
    <ele>690.8</ele>
   </trkpt>
   <trkpt lat="37.0670330" lon="14.8151150">
    <ele>691.0</ele>
   </trkpt>
   <trkpt lat="37.0670410" lon="14.8151200">
    <ele>691.0</ele>
   </trkpt>
   <trkpt lat="37.0670510" lon="14.8151220">
    <ele>691.2</ele>
   </trkpt>
   <trkpt lat="37.0671240" lon="14.8151380">
    <ele>691.4</ele>
   </trkpt>
   <trkpt lat="37.0671840" lon="14.8151540">
    <ele>691.8</ele>
   </trkpt>
   <trkpt lat="37.0672140" lon="14.8151640">
    <ele>692.2</ele>
   </trkpt>
   <trkpt lat="37.0672720" lon="14.8151920">
    <ele>692.8</ele>
   </trkpt>
   <trkpt lat="37.0673850" lon="14.8152420">
    <ele>693.8</ele>
   </trkpt>
   <trkpt lat="37.0675230" lon="14.8153060">
    <ele>694.2</ele>
   </trkpt>
   <trkpt lat="37.0676590" lon="14.8153960">
    <ele>694.4</ele>
   </trkpt>
   <trkpt lat="37.0677090" lon="14.8154220">
    <ele>694.8</ele>
   </trkpt>
   <trkpt lat="37.0678040" lon="14.8154890">
    <ele>695.2</ele>
   </trkpt>
   <trkpt lat="37.0678220" lon="14.8155010">
    <ele>695.4</ele>
   </trkpt>
   <trkpt lat="37.0678770" lon="14.8155410">
    <ele>695.8</ele>
   </trkpt>
   <trkpt lat="37.0679120" lon="14.8155780">
    <ele>695.8</ele>
   </trkpt>
   <trkpt lat="37.0680040" lon="14.8156640">
    <ele>696.6</ele>
   </trkpt>
   <trkpt lat="37.0680320" lon="14.8156890">
    <ele>696.8</ele>
   </trkpt>
   <trkpt lat="37.0681430" lon="14.8157800">
    <ele>697.6</ele>
   </trkpt>
   <trkpt lat="37.0681790" lon="14.8158030">
    <ele>698.0</ele>
   </trkpt>
   <trkpt lat="37.0683090" lon="14.8158970">
    <ele>698.6</ele>
   </trkpt>
   <trkpt lat="37.0683270" lon="14.8159090">
    <ele>698.6</ele>
   </trkpt>
   <trkpt lat="37.0684860" lon="14.8160000">
    <ele>699.0</ele>
   </trkpt>
   <trkpt lat="37.0686330" lon="14.8160790">
    <ele>699.6</ele>
   </trkpt>
   <trkpt lat="37.0687470" lon="14.8161570">
    <ele>700.2</ele>
   </trkpt>
   <trkpt lat="37.0687910" lon="14.8161850">
    <ele>700.4</ele>
   </trkpt>
   <trkpt lat="37.0688600" lon="14.8162150">
    <ele>700.6</ele>
   </trkpt>
   <trkpt lat="37.0689630" lon="14.8162510">
    <ele>701.8</ele>
   </trkpt>
   <trkpt lat="37.0690870" lon="14.8162960">
    <ele>703.0</ele>
   </trkpt>
   <trkpt lat="37.0691020" lon="14.8162990">
    <ele>703.2</ele>
   </trkpt>
   <trkpt lat="37.0691660" lon="14.8163070">
    <ele>704.0</ele>
   </trkpt>
   <trkpt lat="37.0692280" lon="14.8163190">
    <ele>704.6</ele>
   </trkpt>
   <trkpt lat="37.0692880" lon="14.8163340">
    <ele>705.0</ele>
   </trkpt>
   <trkpt lat="37.0693360" lon="14.8163410">
    <ele>705.2</ele>
   </trkpt>
   <trkpt lat="37.0694200" lon="14.8163450">
    <ele>706.0</ele>
   </trkpt>
   <trkpt lat="37.0695030" lon="14.8163480">
    <ele>706.4</ele>
   </trkpt>
   <trkpt lat="37.0696270" lon="14.8163840">
    <ele>707.0</ele>
   </trkpt>
   <trkpt lat="37.0696830" lon="14.8163870">
    <ele>707.4</ele>
   </trkpt>
   <trkpt lat="37.0698580" lon="14.8164050">
    <ele>708.0</ele>
   </trkpt>
   <trkpt lat="37.0698900" lon="14.8164130">
    <ele>708.2</ele>
   </trkpt>
   <trkpt lat="37.0699930" lon="14.8164170">
    <ele>708.6</ele>
   </trkpt>
   <trkpt lat="37.0700490" lon="14.8164270">
    <ele>709.0</ele>
   </trkpt>
   <trkpt lat="37.0701680" lon="14.8164310">
    <ele>710.2</ele>
   </trkpt>
   <trkpt lat="37.0703650" lon="14.8164370">
    <ele>711.2</ele>
   </trkpt>
   <trkpt lat="37.0703900" lon="14.8164350">
    <ele>711.2</ele>
   </trkpt>
   <trkpt lat="37.0705380" lon="14.8164150">
    <ele>711.8</ele>
   </trkpt>
   <trkpt lat="37.0706470" lon="14.8163960">
    <ele>712.2</ele>
   </trkpt>
   <trkpt lat="37.0707450" lon="14.8163600">
    <ele>712.6</ele>
   </trkpt>
   <trkpt lat="37.0709110" lon="14.8163130">
    <ele>713.4</ele>
   </trkpt>
   <trkpt lat="37.0709650" lon="14.8163060">
    <ele>713.6</ele>
   </trkpt>
   <trkpt lat="37.0710320" lon="14.8163140">
    <ele>714.0</ele>
   </trkpt>
   <trkpt lat="37.0710960" lon="14.8163230">
    <ele>714.4</ele>
   </trkpt>
   <trkpt lat="37.0711960" lon="14.8163330">
    <ele>714.8</ele>
   </trkpt>
   <trkpt lat="37.0712810" lon="14.8163440">
    <ele>715.2</ele>
   </trkpt>
   <trkpt lat="37.0714090" lon="14.8163590">
    <ele>716.0</ele>
   </trkpt>
   <trkpt lat="37.0714640" lon="14.8163760">
    <ele>716.4</ele>
   </trkpt>
   <trkpt lat="37.0716200" lon="14.8163870">
    <ele>717.6</ele>
   </trkpt>
   <trkpt lat="37.0717940" lon="14.8164140">
    <ele>718.2</ele>
   </trkpt>
   <trkpt lat="37.0719150" lon="14.8164370">
    <ele>718.6</ele>
   </trkpt>
   <trkpt lat="37.0719750" lon="14.8164520">
    <ele>719.0</ele>
   </trkpt>
   <trkpt lat="37.0720940" lon="14.8164550">
    <ele>719.4</ele>
   </trkpt>
   <trkpt lat="37.0721570" lon="14.8164690">
    <ele>720.0</ele>
   </trkpt>
   <trkpt lat="37.0722400" lon="14.8164840">
    <ele>720.6</ele>
   </trkpt>
   <trkpt lat="37.0723470" lon="14.8165070">
    <ele>721.2</ele>
   </trkpt>
   <trkpt lat="37.0724560" lon="14.8165140">
    <ele>721.6</ele>
   </trkpt>
   <trkpt lat="37.0725700" lon="14.8165270">
    <ele>722.0</ele>
   </trkpt>
   <trkpt lat="37.0726650" lon="14.8165300">
    <ele>722.8</ele>
   </trkpt>
   <trkpt lat="37.0727060" lon="14.8165300">
    <ele>723.0</ele>
   </trkpt>
   <trkpt lat="37.0728050" lon="14.8165330">
    <ele>723.8</ele>
   </trkpt>
   <trkpt lat="37.0728410" lon="14.8165320">
    <ele>724.0</ele>
   </trkpt>
   <trkpt lat="37.0729390" lon="14.8165150">
    <ele>724.8</ele>
   </trkpt>
   <trkpt lat="37.0730140" lon="14.8164910">
    <ele>725.0</ele>
   </trkpt>
   <trkpt lat="37.0730940" lon="14.8164780">
    <ele>726.0</ele>
   </trkpt>
   <trkpt lat="37.0731540" lon="14.8164640">
    <ele>726.6</ele>
   </trkpt>
   <trkpt lat="37.0732210" lon="14.8164530">
    <ele>727.2</ele>
   </trkpt>
   <trkpt lat="37.0732800" lon="14.8164660">
    <ele>727.8</ele>
   </trkpt>
   <trkpt lat="37.0732950" lon="14.8164680">
    <ele>728.0</ele>
   </trkpt>
   <trkpt lat="37.0734120" lon="14.8165320">
    <ele>728.6</ele>
   </trkpt>
   <trkpt lat="37.0734650" lon="14.8165630">
    <ele>729.0</ele>
   </trkpt>
   <trkpt lat="37.0735010" lon="14.8166020">
    <ele>729.4</ele>
   </trkpt>
   <trkpt lat="37.0735650" lon="14.8166720">
    <ele>730.0</ele>
   </trkpt>
   <trkpt lat="37.0735780" lon="14.8166970">
    <ele>730.2</ele>
   </trkpt>
   <trkpt lat="37.0736270" lon="14.8168250">
    <ele>730.8</ele>
   </trkpt>
   <trkpt lat="37.0736370" lon="14.8169170">
    <ele>731.0</ele>
   </trkpt>
   <trkpt lat="37.0736650" lon="14.8170030">
    <ele>731.4</ele>
   </trkpt>
   <trkpt lat="37.0736870" lon="14.8171600">
    <ele>732.0</ele>
   </trkpt>
   <trkpt lat="37.0736870" lon="14.8173840">
    <ele>733.0</ele>
   </trkpt>
   <trkpt lat="37.0736890" lon="14.8175520">
    <ele>733.0</ele>
   </trkpt>
   <trkpt lat="37.0737160" lon="14.8177060">
    <ele>734.2</ele>
   </trkpt>
   <trkpt lat="37.0737250" lon="14.8177430">
    <ele>734.4</ele>
   </trkpt>
   <trkpt lat="37.0737470" lon="14.8177740">
    <ele>734.4</ele>
   </trkpt>
   <trkpt lat="37.0737730" lon="14.8177890">
    <ele>734.6</ele>
   </trkpt>
   <trkpt lat="37.0737860" lon="14.8177870">
    <ele>734.8</ele>
   </trkpt>
   <trkpt lat="37.0738320" lon="14.8177570">
    <ele>735.2</ele>
   </trkpt>
   <trkpt lat="37.0738590" lon="14.8177000">
    <ele>735.6</ele>
   </trkpt>
   <trkpt lat="37.0738790" lon="14.8176000">
    <ele>736.2</ele>
   </trkpt>
   <trkpt lat="37.0738800" lon="14.8175030">
    <ele>736.6</ele>
   </trkpt>
   <trkpt lat="37.0738800" lon="14.8172770">
    <ele>737.0</ele>
   </trkpt>
   <trkpt lat="37.0738830" lon="14.8172140">
    <ele>737.2</ele>
   </trkpt>
   <trkpt lat="37.0738880" lon="14.8170840">
    <ele>738.0</ele>
   </trkpt>
   <trkpt lat="37.0738890" lon="14.8170170">
    <ele>738.4</ele>
   </trkpt>
   <trkpt lat="37.0738990" lon="14.8168880">
    <ele>738.8</ele>
   </trkpt>
   <trkpt lat="37.0738990" lon="14.8167670">
    <ele>739.0</ele>
   </trkpt>
   <trkpt lat="37.0738930" lon="14.8166800">
    <ele>739.2</ele>
   </trkpt>
   <trkpt lat="37.0738930" lon="14.8166070">
    <ele>739.4</ele>
   </trkpt>
   <trkpt lat="37.0738940" lon="14.8165840">
    <ele>739.4</ele>
   </trkpt>
   <trkpt lat="37.0739000" lon="14.8163560">
    <ele>740.2</ele>
   </trkpt>
   <trkpt lat="37.0739030" lon="14.8163390">
    <ele>740.4</ele>
   </trkpt>
   <trkpt lat="37.0739440" lon="14.8161370">
    <ele>741.2</ele>
   </trkpt>
   <trkpt lat="37.0739490" lon="14.8161140">
    <ele>741.2</ele>
   </trkpt>
   <trkpt lat="37.0740280" lon="14.8159530">
    <ele>742.2</ele>
   </trkpt>
   <trkpt lat="37.0740430" lon="14.8159390">
    <ele>742.2</ele>
   </trkpt>
   <trkpt lat="37.0741160" lon="14.8158910">
    <ele>743.2</ele>
   </trkpt>
   <trkpt lat="37.0741320" lon="14.8158860">
    <ele>743.4</ele>
   </trkpt>
   <trkpt lat="37.0742400" lon="14.8158770">
    <ele>744.2</ele>
   </trkpt>
   <trkpt lat="37.0742640" lon="14.8158760">
    <ele>744.4</ele>
   </trkpt>
   <trkpt lat="37.0743120" lon="14.8158730">
    <ele>744.6</ele>
   </trkpt>
   <trkpt lat="37.0744650" lon="14.8158660">
    <ele>745.2</ele>
   </trkpt>
   <trkpt lat="37.0745740" lon="14.8158640">
    <ele>745.6</ele>
   </trkpt>
   <trkpt lat="37.0746110" lon="14.8158650">
    <ele>745.6</ele>
   </trkpt>
   <trkpt lat="37.0747170" lon="14.8158570">
    <ele>745.6</ele>
   </trkpt>
   <trkpt lat="37.0748600" lon="14.8158610">
    <ele>745.8</ele>
   </trkpt>
   <trkpt lat="37.0748990" lon="14.8158530">
    <ele>746.0</ele>
   </trkpt>
   <trkpt lat="37.0749640" lon="14.8158500">
    <ele>746.4</ele>
   </trkpt>
   <trkpt lat="37.0750360" lon="14.8158560">
    <ele>746.6</ele>
   </trkpt>
   <trkpt lat="37.0752070" lon="14.8158470">
    <ele>747.4</ele>
   </trkpt>
   <trkpt lat="37.0753980" lon="14.8158460">
    <ele>748.2</ele>
   </trkpt>
   <trkpt lat="37.0754420" lon="14.8158420">
    <ele>748.4</ele>
   </trkpt>
   <trkpt lat="37.0755320" lon="14.8158500">
    <ele>749.0</ele>
   </trkpt>
   <trkpt lat="37.0756230" lon="14.8158510">
    <ele>749.4</ele>
   </trkpt>
   <trkpt lat="37.0756410" lon="14.8158540">
    <ele>749.6</ele>
   </trkpt>
   <trkpt lat="37.0758150" lon="14.8158660">
    <ele>750.0</ele>
   </trkpt>
   <trkpt lat="37.0759700" lon="14.8158730">
    <ele>750.4</ele>
   </trkpt>
   <trkpt lat="37.0759840" lon="14.8158740">
    <ele>750.4</ele>
   </trkpt>
   <trkpt lat="37.0761290" lon="14.8158540">
    <ele>751.4</ele>
   </trkpt>
   <trkpt lat="37.0761490" lon="14.8158460">
    <ele>751.4</ele>
   </trkpt>
   <trkpt lat="37.0762720" lon="14.8157610">
    <ele>752.2</ele>
   </trkpt>
   <trkpt lat="37.0763030" lon="14.8157230">
    <ele>752.4</ele>
   </trkpt>
   <trkpt lat="37.0764050" lon="14.8155950">
    <ele>753.4</ele>
   </trkpt>
   <trkpt lat="37.0764220" lon="14.8155800">
    <ele>753.6</ele>
   </trkpt>
   <trkpt lat="37.0765720" lon="14.8154980">
    <ele>754.2</ele>
   </trkpt>
   <trkpt lat="37.0765870" lon="14.8154910">
    <ele>754.4</ele>
   </trkpt>
   <trkpt lat="37.0767190" lon="14.8154960">
    <ele>754.8</ele>
   </trkpt>
   <trkpt lat="37.0768340" lon="14.8155200">
    <ele>755.4</ele>
   </trkpt>
   <trkpt lat="37.0768870" lon="14.8155310">
    <ele>756.0</ele>
   </trkpt>
   <trkpt lat="37.0769750" lon="14.8155700">
    <ele>756.4</ele>
   </trkpt>
   <trkpt lat="37.0770430" lon="14.8155950">
    <ele>757.0</ele>
   </trkpt>
   <trkpt lat="37.0770920" lon="14.8156100">
    <ele>757.6</ele>
   </trkpt>
   <trkpt lat="37.0771570" lon="14.8156480">
    <ele>758.2</ele>
   </trkpt>
   <trkpt lat="37.0771860" lon="14.8156620">
    <ele>758.6</ele>
   </trkpt>
   <trkpt lat="37.0772800" lon="14.8156970">
    <ele>759.6</ele>
   </trkpt>
   <trkpt lat="37.0772950" lon="14.8157020">
    <ele>759.6</ele>
   </trkpt>
   <trkpt lat="37.0774030" lon="14.8157420">
    <ele>760.4</ele>
   </trkpt>
   <trkpt lat="37.0774930" lon="14.8157490">
    <ele>760.8</ele>
   </trkpt>
   <trkpt lat="37.0775250" lon="14.8157350">
    <ele>760.8</ele>
   </trkpt>
   <trkpt lat="37.0776270" lon="14.8156330">
    <ele>761.8</ele>
   </trkpt>
   <trkpt lat="37.0776370" lon="14.8156240">
    <ele>762.0</ele>
   </trkpt>
   <trkpt lat="37.0776820" lon="14.8155400">
    <ele>762.8</ele>
   </trkpt>
   <trkpt lat="37.0776890" lon="14.8155140">
    <ele>762.8</ele>
   </trkpt>
   <trkpt lat="37.0777360" lon="14.8153300">
    <ele>763.8</ele>
   </trkpt>
   <trkpt lat="37.0777550" lon="14.8152800">
    <ele>763.8</ele>
   </trkpt>
   <trkpt lat="37.0778830" lon="14.8151010">
    <ele>764.8</ele>
   </trkpt>
   <trkpt lat="37.0779700" lon="14.8149820">
    <ele>765.8</ele>
   </trkpt>
   <trkpt lat="37.0780040" lon="14.8149640">
    <ele>766.0</ele>
   </trkpt>
   <trkpt lat="37.0780240" lon="14.8149460">
    <ele>766.0</ele>
   </trkpt>
   <trkpt lat="37.0780930" lon="14.8148920">
    <ele>766.8</ele>
   </trkpt>
   <trkpt lat="37.0781260" lon="14.8148760">
    <ele>767.0</ele>
   </trkpt>
   <trkpt lat="37.0782080" lon="14.8148380">
    <ele>767.4</ele>
   </trkpt>
   <trkpt lat="37.0783230" lon="14.8148030">
    <ele>768.0</ele>
   </trkpt>
   <trkpt lat="37.0783740" lon="14.8147990">
    <ele>768.2</ele>
   </trkpt>
   <trkpt lat="37.0784830" lon="14.8147800">
    <ele>769.0</ele>
   </trkpt>
   <trkpt lat="37.0785470" lon="14.8147710">
    <ele>769.4</ele>
   </trkpt>
   <trkpt lat="37.0786510" lon="14.8147410">
    <ele>770.2</ele>
   </trkpt>
   <trkpt lat="37.0787350" lon="14.8147150">
    <ele>770.6</ele>
   </trkpt>
   <trkpt lat="37.0788230" lon="14.8146930">
    <ele>771.2</ele>
   </trkpt>
   <trkpt lat="37.0789090" lon="14.8146600">
    <ele>771.6</ele>
   </trkpt>
   <trkpt lat="37.0789620" lon="14.8146200">
    <ele>772.2</ele>
   </trkpt>
   <trkpt lat="37.0790800" lon="14.8145200">
    <ele>773.2</ele>
   </trkpt>
   <trkpt lat="37.0792470" lon="14.8143660">
    <ele>774.4</ele>
   </trkpt>
   <trkpt lat="37.0792850" lon="14.8143410">
    <ele>774.6</ele>
   </trkpt>
   <trkpt lat="37.0794370" lon="14.8142770">
    <ele>775.2</ele>
   </trkpt>
   <trkpt lat="37.0794700" lon="14.8142720">
    <ele>775.4</ele>
   </trkpt>
   <trkpt lat="37.0795700" lon="14.8142590">
    <ele>775.8</ele>
   </trkpt>
   <trkpt lat="37.0796150" lon="14.8142460">
    <ele>776.4</ele>
   </trkpt>
   <trkpt lat="37.0796490" lon="14.8142470">
    <ele>776.8</ele>
   </trkpt>
   <trkpt lat="37.0797400" lon="14.8142590">
    <ele>777.6</ele>
   </trkpt>
   <trkpt lat="37.0797560" lon="14.8142600">
    <ele>777.8</ele>
   </trkpt>
   <trkpt lat="37.0798510" lon="14.8142550">
    <ele>778.6</ele>
   </trkpt>
   <trkpt lat="37.0798790" lon="14.8142570">
    <ele>779.0</ele>
   </trkpt>
   <trkpt lat="37.0799230" lon="14.8142480">
    <ele>779.4</ele>
   </trkpt>
   <trkpt lat="37.0799400" lon="14.8142490">
    <ele>779.6</ele>
   </trkpt>
   <trkpt lat="37.0799680" lon="14.8142500">
    <ele>780.0</ele>
   </trkpt>
   <trkpt lat="37.0800140" lon="14.8142520">
    <ele>780.6</ele>
   </trkpt>
   <trkpt lat="37.0800910" lon="14.8142760">
    <ele>781.2</ele>
   </trkpt>
   <trkpt lat="37.0801590" lon="14.8142780">
    <ele>781.8</ele>
   </trkpt>
   <trkpt lat="37.0802240" lon="14.8142740">
    <ele>782.6</ele>
   </trkpt>
   <trkpt lat="37.0802540" lon="14.8142660">
    <ele>782.8</ele>
   </trkpt>
   <trkpt lat="37.0803520" lon="14.8142740">
    <ele>783.6</ele>
   </trkpt>
   <trkpt lat="37.0803820" lon="14.8142750">
    <ele>783.8</ele>
   </trkpt>
   <trkpt lat="37.0804560" lon="14.8142800">
    <ele>784.6</ele>
   </trkpt>
   <trkpt lat="37.0804910" lon="14.8142840">
    <ele>784.8</ele>
   </trkpt>
   <trkpt lat="37.0805590" lon="14.8143030">
    <ele>785.6</ele>
   </trkpt>
   <trkpt lat="37.0806230" lon="14.8143190">
    <ele>786.2</ele>
   </trkpt>
   <trkpt lat="37.0806860" lon="14.8143550">
    <ele>787.0</ele>
   </trkpt>
   <trkpt lat="37.0807060" lon="14.8143670">
    <ele>787.4</ele>
   </trkpt>
   <trkpt lat="37.0807970" lon="14.8144210">
    <ele>788.2</ele>
   </trkpt>
   <trkpt lat="37.0808290" lon="14.8144410">
    <ele>788.4</ele>
   </trkpt>
   <trkpt lat="37.0809060" lon="14.8144930">
    <ele>789.6</ele>
   </trkpt>
   <trkpt lat="37.0809460" lon="14.8145120">
    <ele>789.8</ele>
   </trkpt>
   <trkpt lat="37.0810520" lon="14.8145860">
    <ele>790.6</ele>
   </trkpt>
   <trkpt lat="37.0810660" lon="14.8145970">
    <ele>790.8</ele>
   </trkpt>
   <trkpt lat="37.0812100" lon="14.8147020">
    <ele>791.6</ele>
   </trkpt>
   <trkpt lat="37.0812270" lon="14.8147170">
    <ele>791.8</ele>
   </trkpt>
   <trkpt lat="37.0813630" lon="14.8147880">
    <ele>792.4</ele>
   </trkpt>
   <trkpt lat="37.0814160" lon="14.8148160">
    <ele>792.8</ele>
   </trkpt>
   <trkpt lat="37.0814640" lon="14.8148390">
    <ele>792.8</ele>
   </trkpt>
   <trkpt lat="37.0816210" lon="14.8149220">
    <ele>793.8</ele>
   </trkpt>
   <trkpt lat="37.0816590" lon="14.8149310">
    <ele>794.0</ele>
   </trkpt>
   <trkpt lat="37.0817820" lon="14.8150110">
    <ele>794.4</ele>
   </trkpt>
   <trkpt lat="37.0818350" lon="14.8150390">
    <ele>794.8</ele>
   </trkpt>
   <trkpt lat="37.0819460" lon="14.8150910">
    <ele>795.4</ele>
   </trkpt>
   <trkpt lat="37.0820140" lon="14.8151310">
    <ele>795.8</ele>
   </trkpt>
   <trkpt lat="37.0821440" lon="14.8151870">
    <ele>797.0</ele>
   </trkpt>
   <trkpt lat="37.0821770" lon="14.8152040">
    <ele>797.2</ele>
   </trkpt>
   <trkpt lat="37.0822980" lon="14.8152790">
    <ele>797.8</ele>
   </trkpt>
   <trkpt lat="37.0823160" lon="14.8152880">
    <ele>797.8</ele>
   </trkpt>
   <trkpt lat="37.0824460" lon="14.8153620">
    <ele>798.4</ele>
   </trkpt>
   <trkpt lat="37.0824720" lon="14.8153790">
    <ele>799.0</ele>
   </trkpt>
   <trkpt lat="37.0825640" lon="14.8154180">
    <ele>799.8</ele>
   </trkpt>
   <trkpt lat="37.0825940" lon="14.8154330">
    <ele>800.0</ele>
   </trkpt>
   <trkpt lat="37.0826170" lon="14.8154520">
    <ele>800.6</ele>
   </trkpt>
   <trkpt lat="37.0826540" lon="14.8154700">
    <ele>800.8</ele>
   </trkpt>
   <trkpt lat="37.0827560" lon="14.8155110">
    <ele>801.2</ele>
   </trkpt>
   <trkpt lat="37.0828150" lon="14.8155360">
    <ele>801.4</ele>
   </trkpt>
   <trkpt lat="37.0828710" lon="14.8155560">
    <ele>801.6</ele>
   </trkpt>
   <trkpt lat="37.0829280" lon="14.8155840">
    <ele>802.2</ele>
   </trkpt>
   <trkpt lat="37.0829830" lon="14.8156180">
    <ele>802.2</ele>
   </trkpt>
   <trkpt lat="37.0830650" lon="14.8156640">
    <ele>803.0</ele>
   </trkpt>
   <trkpt lat="37.0831860" lon="14.8157070">
    <ele>803.8</ele>
   </trkpt>
   <trkpt lat="37.0832120" lon="14.8157340">
    <ele>804.2</ele>
   </trkpt>
   <trkpt lat="37.0833030" lon="14.8157740">
    <ele>804.8</ele>
   </trkpt>
   <trkpt lat="37.0833670" lon="14.8158130">
    <ele>805.2</ele>
   </trkpt>
   <trkpt lat="37.0834200" lon="14.8158360">
    <ele>805.4</ele>
   </trkpt>
   <trkpt lat="37.0835750" lon="14.8159290">
    <ele>806.2</ele>
   </trkpt>
   <trkpt lat="37.0836100" lon="14.8159510">
    <ele>806.4</ele>
   </trkpt>
   <trkpt lat="37.0837950" lon="14.8160340">
    <ele>807.0</ele>
   </trkpt>
   <trkpt lat="37.0838490" lon="14.8160760">
    <ele>807.2</ele>
   </trkpt>
   <trkpt lat="37.0838930" lon="14.8161190">
    <ele>807.6</ele>
   </trkpt>
   <trkpt lat="37.0839340" lon="14.8161600">
    <ele>808.0</ele>
   </trkpt>
   <trkpt lat="37.0839950" lon="14.8162140">
    <ele>808.4</ele>
   </trkpt>
   <trkpt lat="37.0840360" lon="14.8162700">
    <ele>809.0</ele>
   </trkpt>
   <trkpt lat="37.0841030" lon="14.8163270">
    <ele>809.4</ele>
   </trkpt>
   <trkpt lat="37.0842110" lon="14.8164290">
    <ele>810.2</ele>
   </trkpt>
   <trkpt lat="37.0842440" lon="14.8164590">
    <ele>810.6</ele>
   </trkpt>
   <trkpt lat="37.0843490" lon="14.8165610">
    <ele>811.4</ele>
   </trkpt>
   <trkpt lat="37.0843630" lon="14.8165770">
    <ele>811.6</ele>
   </trkpt>
   <trkpt lat="37.0844880" lon="14.8166970">
    <ele>812.4</ele>
   </trkpt>
   <trkpt lat="37.0846090" lon="14.8168100">
    <ele>813.4</ele>
   </trkpt>
   <trkpt lat="37.0846410" lon="14.8168350">
    <ele>813.6</ele>
   </trkpt>
   <trkpt lat="37.0847820" lon="14.8169480">
    <ele>814.4</ele>
   </trkpt>
   <trkpt lat="37.0849480" lon="14.8170250">
    <ele>815.0</ele>
   </trkpt>
   <trkpt lat="37.0850400" lon="14.8170670">
    <ele>815.6</ele>
   </trkpt>
   <trkpt lat="37.0851500" lon="14.8171030">
    <ele>816.2</ele>
   </trkpt>
   <trkpt lat="37.0852680" lon="14.8171440">
    <ele>816.8</ele>
   </trkpt>
   <trkpt lat="37.0853830" lon="14.8171860">
    <ele>817.2</ele>
   </trkpt>
   <trkpt lat="37.0854110" lon="14.8171970">
    <ele>817.4</ele>
   </trkpt>
   <trkpt lat="37.0854610" lon="14.8172160">
    <ele>817.8</ele>
   </trkpt>
   <trkpt lat="37.0856340" lon="14.8172890">
    <ele>819.0</ele>
   </trkpt>
   <trkpt lat="37.0856590" lon="14.8172980">
    <ele>819.2</ele>
   </trkpt>
   <trkpt lat="37.0857640" lon="14.8173300">
    <ele>820.0</ele>
   </trkpt>
   <trkpt lat="37.0858780" lon="14.8173770">
    <ele>820.4</ele>
   </trkpt>
   <trkpt lat="37.0859930" lon="14.8174260">
    <ele>821.0</ele>
   </trkpt>
   <trkpt lat="37.0860920" lon="14.8174610">
    <ele>821.6</ele>
   </trkpt>
   <trkpt lat="37.0861900" lon="14.8174920">
    <ele>822.4</ele>
   </trkpt>
   <trkpt lat="37.0862870" lon="14.8175230">
    <ele>822.6</ele>
   </trkpt>
   <trkpt lat="37.0864780" lon="14.8175820">
    <ele>823.4</ele>
   </trkpt>
   <trkpt lat="37.0865060" lon="14.8175880">
    <ele>823.6</ele>
   </trkpt>
   <trkpt lat="37.0867850" lon="14.8176180">
    <ele>824.0</ele>
   </trkpt>
   <trkpt lat="37.0868450" lon="14.8176190">
    <ele>824.2</ele>
   </trkpt>
   <trkpt lat="37.0870730" lon="14.8176180">
    <ele>825.2</ele>
   </trkpt>
   <trkpt lat="37.0872960" lon="14.8175980">
    <ele>826.0</ele>
   </trkpt>
   <trkpt lat="37.0873680" lon="14.8175860">
    <ele>826.4</ele>
   </trkpt>
   <trkpt lat="37.0874790" lon="14.8175770">
    <ele>826.8</ele>
   </trkpt>
   <trkpt lat="37.0876000" lon="14.8175690">
    <ele>827.2</ele>
   </trkpt>
   <trkpt lat="37.0876510" lon="14.8175720">
    <ele>827.4</ele>
   </trkpt>
   <trkpt lat="37.0878460" lon="14.8175600">
    <ele>828.4</ele>
   </trkpt>
   <trkpt lat="37.0878720" lon="14.8175590">
    <ele>828.4</ele>
   </trkpt>
   <trkpt lat="37.0881100" lon="14.8175410">
    <ele>828.8</ele>
   </trkpt>
   <trkpt lat="37.0882510" lon="14.8175400">
    <ele>829.4</ele>
   </trkpt>
   <trkpt lat="37.0883300" lon="14.8175370">
    <ele>829.6</ele>
   </trkpt>
   <trkpt lat="37.0885390" lon="14.8175590">
    <ele>830.4</ele>
   </trkpt>
   <trkpt lat="37.0887530" lon="14.8175960">
    <ele>831.0</ele>
   </trkpt>
   <trkpt lat="37.0888220" lon="14.8176040">
    <ele>831.6</ele>
   </trkpt>
   <trkpt lat="37.0889220" lon="14.8176260">
    <ele>832.0</ele>
   </trkpt>
   <trkpt lat="37.0890280" lon="14.8176420">
    <ele>832.6</ele>
   </trkpt>
   <trkpt lat="37.0891000" lon="14.8176550">
    <ele>832.8</ele>
   </trkpt>
   <trkpt lat="37.0891780" lon="14.8176580">
    <ele>833.4</ele>
   </trkpt>
   <trkpt lat="37.0893280" lon="14.8176860">
    <ele>834.4</ele>
   </trkpt>
   <trkpt lat="37.0893520" lon="14.8176930">
    <ele>834.4</ele>
   </trkpt>
   <trkpt lat="37.0895030" lon="14.8177270">
    <ele>835.2</ele>
   </trkpt>
   <trkpt lat="37.0895470" lon="14.8177400">
    <ele>835.6</ele>
   </trkpt>
   <trkpt lat="37.0897240" lon="14.8177870">
    <ele>836.4</ele>
   </trkpt>
   <trkpt lat="37.0898120" lon="14.8178010">
    <ele>836.8</ele>
   </trkpt>
   <trkpt lat="37.0898660" lon="14.8178180">
    <ele>837.0</ele>
   </trkpt>
   <trkpt lat="37.0899660" lon="14.8178410">
    <ele>837.2</ele>
   </trkpt>
   <trkpt lat="37.0900900" lon="14.8178730">
    <ele>837.8</ele>
   </trkpt>
   <trkpt lat="37.0901110" lon="14.8178740">
    <ele>838.0</ele>
   </trkpt>
   <trkpt lat="37.0902840" lon="14.8179240">
    <ele>838.8</ele>
   </trkpt>
   <trkpt lat="37.0903200" lon="14.8179360">
    <ele>839.0</ele>
   </trkpt>
   <trkpt lat="37.0904920" lon="14.8179640">
    <ele>839.6</ele>
   </trkpt>
   <trkpt lat="37.0906110" lon="14.8179760">
    <ele>840.0</ele>
   </trkpt>
   <trkpt lat="37.0907060" lon="14.8179780">
    <ele>840.4</ele>
   </trkpt>
   <trkpt lat="37.0909000" lon="14.8179600">
    <ele>841.0</ele>
   </trkpt>
   <trkpt lat="37.0909240" lon="14.8179570">
    <ele>841.0</ele>
   </trkpt>
   <trkpt lat="37.0910950" lon="14.8179470">
    <ele>841.8</ele>
   </trkpt>
   <trkpt lat="37.0912530" lon="14.8179230">
    <ele>841.8</ele>
   </trkpt>
   <trkpt lat="37.0912760" lon="14.8179180">
    <ele>841.8</ele>
   </trkpt>
   <trkpt lat="37.0915060" lon="14.8178940">
    <ele>842.8</ele>
   </trkpt>
   <trkpt lat="37.0915300" lon="14.8178920">
    <ele>843.0</ele>
   </trkpt>
   <trkpt lat="37.0917430" lon="14.8178860">
    <ele>844.0</ele>
   </trkpt>
   <trkpt lat="37.0917640" lon="14.8178860">
    <ele>844.2</ele>
   </trkpt>
   <trkpt lat="37.0919900" lon="14.8178700">
    <ele>844.8</ele>
   </trkpt>
   <trkpt lat="37.0921870" lon="14.8179200">
    <ele>845.8</ele>
   </trkpt>
   <trkpt lat="37.0922280" lon="14.8179390">
    <ele>846.0</ele>
   </trkpt>
   <trkpt lat="37.0923910" lon="14.8180270">
    <ele>846.8</ele>
   </trkpt>
   <trkpt lat="37.0924690" lon="14.8180740">
    <ele>847.0</ele>
   </trkpt>
   <trkpt lat="37.0925890" lon="14.8181460">
    <ele>847.8</ele>
   </trkpt>
   <trkpt lat="37.0926930" lon="14.8182000">
    <ele>848.2</ele>
   </trkpt>
   <trkpt lat="37.0928010" lon="14.8182570">
    <ele>848.6</ele>
   </trkpt>
   <trkpt lat="37.0928660" lon="14.8182890">
    <ele>849.4</ele>
   </trkpt>
   <trkpt lat="37.0930270" lon="14.8183730">
    <ele>850.2</ele>
   </trkpt>
   <trkpt lat="37.0930730" lon="14.8183860">
    <ele>850.2</ele>
   </trkpt>
   <trkpt lat="37.0932420" lon="14.8184480">
    <ele>851.2</ele>
   </trkpt>
   <trkpt lat="37.0934140" lon="14.8184710">
    <ele>852.2</ele>
   </trkpt>
   <trkpt lat="37.0935480" lon="14.8184770">
    <ele>853.4</ele>
   </trkpt>
   <trkpt lat="37.0936470" lon="14.8184790">
    <ele>853.6</ele>
   </trkpt>
   <trkpt lat="37.0938770" lon="14.8184720">
    <ele>854.4</ele>
   </trkpt>
   <trkpt lat="37.0941150" lon="14.8184320">
    <ele>855.0</ele>
   </trkpt>
   <trkpt lat="37.0941980" lon="14.8184070">
    <ele>855.2</ele>
   </trkpt>
   <trkpt lat="37.0943860" lon="14.8183490">
    <ele>855.8</ele>
   </trkpt>
   <trkpt lat="37.0945190" lon="14.8183070">
    <ele>856.4</ele>
   </trkpt>
   <trkpt lat="37.0946320" lon="14.8182620">
    <ele>857.0</ele>
   </trkpt>
   <trkpt lat="37.0947610" lon="14.8182320">
    <ele>857.6</ele>
   </trkpt>
   <trkpt lat="37.0948920" lon="14.8181910">
    <ele>858.0</ele>
   </trkpt>
   <trkpt lat="37.0949890" lon="14.8181720">
    <ele>858.8</ele>
   </trkpt>
   <trkpt lat="37.0951030" lon="14.8181320">
    <ele>859.2</ele>
   </trkpt>
   <trkpt lat="37.0953080" lon="14.8180590">
    <ele>860.0</ele>
   </trkpt>
   <trkpt lat="37.0953380" lon="14.8180450">
    <ele>860.0</ele>
   </trkpt>
   <trkpt lat="37.0955590" lon="14.8179740">
    <ele>860.8</ele>
   </trkpt>
   <trkpt lat="37.0956520" lon="14.8179410">
    <ele>861.0</ele>
   </trkpt>
   <trkpt lat="37.0958090" lon="14.8178840">
    <ele>861.2</ele>
   </trkpt>
   <trkpt lat="37.0958790" lon="14.8178680">
    <ele>861.2</ele>
   </trkpt>
   <trkpt lat="37.0961520" lon="14.8177990">
    <ele>861.6</ele>
   </trkpt>
   <trkpt lat="37.0962640" lon="14.8177940">
    <ele>861.8</ele>
   </trkpt>
   <trkpt lat="37.0964500" lon="14.8177810">
    <ele>862.0</ele>
   </trkpt>
   <trkpt lat="37.0967970" lon="14.8177700">
    <ele>862.4</ele>
   </trkpt>
   <trkpt lat="37.0969230" lon="14.8177610">
    <ele>863.0</ele>
   </trkpt>
   <trkpt lat="37.0970260" lon="14.8177620">
    <ele>863.4</ele>
   </trkpt>
   <trkpt lat="37.0971680" lon="14.8177610">
    <ele>864.0</ele>
   </trkpt>
   <trkpt lat="37.0973790" lon="14.8177480">
    <ele>864.2</ele>
   </trkpt>
   <trkpt lat="37.0974490" lon="14.8177460">
    <ele>864.4</ele>
   </trkpt>
   <trkpt lat="37.0976270" lon="14.8177040">
    <ele>864.8</ele>
   </trkpt>
   <trkpt lat="37.0977360" lon="14.8176720">
    <ele>865.0</ele>
   </trkpt>
   <trkpt lat="37.0980520" lon="14.8175780">
    <ele>865.6</ele>
   </trkpt>
   <trkpt lat="37.0981940" lon="14.8175330">
    <ele>865.8</ele>
   </trkpt>
   <trkpt lat="37.0984990" lon="14.8174480">
    <ele>866.8</ele>
   </trkpt>
   <trkpt lat="37.0985310" lon="14.8174390">
    <ele>866.8</ele>
   </trkpt>
   <trkpt lat="37.0988700" lon="14.8173510">
    <ele>868.0</ele>
   </trkpt>
   <trkpt lat="37.0991650" lon="14.8172890">
    <ele>868.8</ele>
   </trkpt>
   <trkpt lat="37.0992290" lon="14.8172860">
    <ele>869.0</ele>
   </trkpt>
   <trkpt lat="37.0994880" lon="14.8172650">
    <ele>870.0</ele>
   </trkpt>
   <trkpt lat="37.0998380" lon="14.8172300">
    <ele>871.0</ele>
   </trkpt>
   <trkpt lat="37.0998730" lon="14.8172260">
    <ele>871.0</ele>
   </trkpt>
   <trkpt lat="37.1000680" lon="14.8172150">
    <ele>871.8</ele>
   </trkpt>
   <trkpt lat="37.1001700" lon="14.8172140">
    <ele>872.2</ele>
   </trkpt>
   <trkpt lat="37.1003300" lon="14.8172240">
    <ele>872.6</ele>
   </trkpt>
   <trkpt lat="37.1005270" lon="14.8172600">
    <ele>873.2</ele>
   </trkpt>
   <trkpt lat="37.1005620" lon="14.8172600">
    <ele>873.4</ele>
   </trkpt>
   <trkpt lat="37.1007620" lon="14.8172900">
    <ele>874.2</ele>
   </trkpt>
   <trkpt lat="37.1008730" lon="14.8173100">
    <ele>874.4</ele>
   </trkpt>
   <trkpt lat="37.1010150" lon="14.8173290">
    <ele>875.2</ele>
   </trkpt>
   <trkpt lat="37.1011360" lon="14.8173430">
    <ele>875.6</ele>
   </trkpt>
   <trkpt lat="37.1012920" lon="14.8173420">
    <ele>876.4</ele>
   </trkpt>
   <trkpt lat="37.1014700" lon="14.8173280">
    <ele>877.4</ele>
   </trkpt>
   <trkpt lat="37.1015350" lon="14.8173150">
    <ele>877.6</ele>
   </trkpt>
   <trkpt lat="37.1017390" lon="14.8172630">
    <ele>878.2</ele>
   </trkpt>
   <trkpt lat="37.1017660" lon="14.8172560">
    <ele>878.6</ele>
   </trkpt>
   <trkpt lat="37.1019340" lon="14.8172220">
    <ele>879.0</ele>
   </trkpt>
   <trkpt lat="37.1020360" lon="14.8171970">
    <ele>879.2</ele>
   </trkpt>
   <trkpt lat="37.1021580" lon="14.8171610">
    <ele>879.6</ele>
   </trkpt>
   <trkpt lat="37.1021840" lon="14.8171560">
    <ele>879.6</ele>
   </trkpt>
   <trkpt lat="37.1023220" lon="14.8171200">
    <ele>880.6</ele>
   </trkpt>
   <trkpt lat="37.1023440" lon="14.8171160">
    <ele>880.8</ele>
   </trkpt>
   <trkpt lat="37.1024670" lon="14.8170760">
    <ele>881.4</ele>
   </trkpt>
   <trkpt lat="37.1025820" lon="14.8170530">
    <ele>881.8</ele>
   </trkpt>
   <trkpt lat="37.1026340" lon="14.8170370">
    <ele>882.2</ele>
   </trkpt>
   <trkpt lat="37.1027640" lon="14.8169960">
    <ele>882.6</ele>
   </trkpt>
   <trkpt lat="37.1028310" lon="14.8169830">
    <ele>883.0</ele>
   </trkpt>
   <trkpt lat="37.1028820" lon="14.8169680">
    <ele>883.0</ele>
   </trkpt>
   <trkpt lat="37.1030230" lon="14.8169360">
    <ele>883.6</ele>
   </trkpt>
   <trkpt lat="37.1031180" lon="14.8169120">
    <ele>884.0</ele>
   </trkpt>
   <trkpt lat="37.1031900" lon="14.8168970">
    <ele>884.4</ele>
   </trkpt>
   <trkpt lat="37.1032960" lon="14.8168730">
    <ele>885.2</ele>
   </trkpt>
   <trkpt lat="37.1033310" lon="14.8168660">
    <ele>885.4</ele>
   </trkpt>
   <trkpt lat="37.1034610" lon="14.8168170">
    <ele>886.2</ele>
   </trkpt>
   <trkpt lat="37.1035930" lon="14.8167870">
    <ele>887.4</ele>
   </trkpt>
   <trkpt lat="37.1036340" lon="14.8167810">
    <ele>887.6</ele>
   </trkpt>
   <trkpt lat="37.1037470" lon="14.8167530">
    <ele>888.4</ele>
   </trkpt>
   <trkpt lat="37.1039020" lon="14.8166970">
    <ele>889.4</ele>
   </trkpt>
   <trkpt lat="37.1039210" lon="14.8166910">
    <ele>889.6</ele>
   </trkpt>
   <trkpt lat="37.1039400" lon="14.8166880">
    <ele>889.8</ele>
   </trkpt>
   <trkpt lat="37.1041170" lon="14.8166540">
    <ele>890.4</ele>
   </trkpt>
   <trkpt lat="37.1041350" lon="14.8166480">
    <ele>890.6</ele>
   </trkpt>
   <trkpt lat="37.1042720" lon="14.8166050">
    <ele>891.6</ele>
   </trkpt>
   <trkpt lat="37.1042920" lon="14.8165970">
    <ele>891.8</ele>
   </trkpt>
   <trkpt lat="37.1043960" lon="14.8165770">
    <ele>892.6</ele>
   </trkpt>
   <trkpt lat="37.1044880" lon="14.8165510">
    <ele>892.8</ele>
   </trkpt>
   <trkpt lat="37.1045190" lon="14.8165450">
    <ele>892.8</ele>
   </trkpt>
   <trkpt lat="37.1046610" lon="14.8165160">
    <ele>893.6</ele>
   </trkpt>
   <trkpt lat="37.1047250" lon="14.8164830">
    <ele>894.0</ele>
   </trkpt>
   <trkpt lat="37.1047760" lon="14.8164730">
    <ele>894.4</ele>
   </trkpt>
   <trkpt lat="37.1048580" lon="14.8164630">
    <ele>895.0</ele>
   </trkpt>
   <trkpt lat="37.1048910" lon="14.8164540">
    <ele>895.6</ele>
   </trkpt>
   <trkpt lat="37.1049380" lon="14.8164420">
    <ele>896.2</ele>
   </trkpt>
   <trkpt lat="37.1050190" lon="14.8164250">
    <ele>896.6</ele>
   </trkpt>
   <trkpt lat="37.1051320" lon="14.8163600">
    <ele>896.8</ele>
   </trkpt>
   <trkpt lat="37.1051490" lon="14.8163500">
    <ele>897.0</ele>
   </trkpt>
   <trkpt lat="37.1052070" lon="14.8163210">
    <ele>897.8</ele>
   </trkpt>
   <trkpt lat="37.1052660" lon="14.8162870">
    <ele>898.0</ele>
   </trkpt>
   <trkpt lat="37.1052830" lon="14.8162800">
    <ele>898.0</ele>
   </trkpt>
   <trkpt lat="37.1054160" lon="14.8162430">
    <ele>898.4</ele>
   </trkpt>
   <trkpt lat="37.1055490" lon="14.8161640">
    <ele>898.8</ele>
   </trkpt>
   <trkpt lat="37.1056300" lon="14.8161080">
    <ele>899.2</ele>
   </trkpt>
   <trkpt lat="37.1057210" lon="14.8160490">
    <ele>899.8</ele>
   </trkpt>
   <trkpt lat="37.1057950" lon="14.8160100">
    <ele>900.2</ele>
   </trkpt>
   <trkpt lat="37.1059010" lon="14.8159290">
    <ele>900.6</ele>
   </trkpt>
   <trkpt lat="37.1060360" lon="14.8158630">
    <ele>901.2</ele>
   </trkpt>
   <trkpt lat="37.1060540" lon="14.8158530">
    <ele>901.4</ele>
   </trkpt>
   <trkpt lat="37.1060760" lon="14.8158410">
    <ele>901.4</ele>
   </trkpt>
   <trkpt lat="37.1062140" lon="14.8157600">
    <ele>902.4</ele>
   </trkpt>
   <trkpt lat="37.1062670" lon="14.8157290">
    <ele>902.6</ele>
   </trkpt>
   <trkpt lat="37.1064240" lon="14.8156400">
    <ele>903.4</ele>
   </trkpt>
   <trkpt lat="37.1064380" lon="14.8156260">
    <ele>903.4</ele>
   </trkpt>
   <trkpt lat="37.1065400" lon="14.8155710">
    <ele>904.0</ele>
   </trkpt>
   <trkpt lat="37.1065940" lon="14.8155350">
    <ele>904.4</ele>
   </trkpt>
   <trkpt lat="37.1066790" lon="14.8154900">
    <ele>905.2</ele>
   </trkpt>
   <trkpt lat="37.1067280" lon="14.8154410">
    <ele>905.4</ele>
   </trkpt>
   <trkpt lat="37.1067800" lon="14.8154130">
    <ele>905.6</ele>
   </trkpt>
   <trkpt lat="37.1069180" lon="14.8153390">
    <ele>906.2</ele>
   </trkpt>
   <trkpt lat="37.1069510" lon="14.8153210">
    <ele>906.4</ele>
   </trkpt>
   <trkpt lat="37.1069890" lon="14.8152960">
    <ele>906.8</ele>
   </trkpt>
   <trkpt lat="37.1070810" lon="14.8152330">
    <ele>907.6</ele>
   </trkpt>
   <trkpt lat="37.1071330" lon="14.8152080">
    <ele>907.8</ele>
   </trkpt>
   <trkpt lat="37.1072490" lon="14.8151320">
    <ele>908.4</ele>
   </trkpt>
   <trkpt lat="37.1073180" lon="14.8150890">
    <ele>908.8</ele>
   </trkpt>
   <trkpt lat="37.1073810" lon="14.8150370">
    <ele>909.4</ele>
   </trkpt>
   <trkpt lat="37.1074420" lon="14.8150150">
    <ele>909.8</ele>
   </trkpt>
   <trkpt lat="37.1075570" lon="14.8149250">
    <ele>910.4</ele>
   </trkpt>
   <trkpt lat="37.1075770" lon="14.8149120">
    <ele>910.6</ele>
   </trkpt>
   <trkpt lat="37.1077110" lon="14.8148390">
    <ele>911.4</ele>
   </trkpt>
   <trkpt lat="37.1078500" lon="14.8147560">
    <ele>912.4</ele>
   </trkpt>
   <trkpt lat="37.1078670" lon="14.8147480">
    <ele>912.6</ele>
   </trkpt>
   <trkpt lat="37.1080260" lon="14.8146790">
    <ele>913.4</ele>
   </trkpt>
   <trkpt lat="37.1080450" lon="14.8146700">
    <ele>913.6</ele>
   </trkpt>
   <trkpt lat="37.1081470" lon="14.8146360">
    <ele>913.6</ele>
   </trkpt>
   <trkpt lat="37.1082480" lon="14.8146060">
    <ele>914.4</ele>
   </trkpt>
   <trkpt lat="37.1083270" lon="14.8145840">
    <ele>914.6</ele>
   </trkpt>
   <trkpt lat="37.1085350" lon="14.8145510">
    <ele>915.4</ele>
   </trkpt>
   <trkpt lat="37.1087130" lon="14.8145340">
    <ele>916.2</ele>
   </trkpt>
   <trkpt lat="37.1087720" lon="14.8145390">
    <ele>916.4</ele>
   </trkpt>
   <trkpt lat="37.1089120" lon="14.8145530">
    <ele>917.0</ele>
   </trkpt>
   <trkpt lat="37.1089540" lon="14.8145560">
    <ele>917.2</ele>
   </trkpt>
   <trkpt lat="37.1090900" lon="14.8145660">
    <ele>918.2</ele>
   </trkpt>
   <trkpt lat="37.1091280" lon="14.8145700">
    <ele>918.4</ele>
   </trkpt>
   <trkpt lat="37.1092590" lon="14.8145930">
    <ele>919.2</ele>
   </trkpt>
   <trkpt lat="37.1093390" lon="14.8146090">
    <ele>919.6</ele>
   </trkpt>
   <trkpt lat="37.1094630" lon="14.8146170">
    <ele>920.2</ele>
   </trkpt>
   <trkpt lat="37.1095570" lon="14.8146190">
    <ele>920.6</ele>
   </trkpt>
   <trkpt lat="37.1096650" lon="14.8146230">
    <ele>921.0</ele>
   </trkpt>
   <trkpt lat="37.1097280" lon="14.8146010">
    <ele>921.6</ele>
   </trkpt>
   <trkpt lat="37.1097760" lon="14.8145550">
    <ele>922.0</ele>
   </trkpt>
   <trkpt lat="37.1098060" lon="14.8145030">
    <ele>922.8</ele>
   </trkpt>
   <trkpt lat="37.1098400" lon="14.8143820">
    <ele>923.6</ele>
   </trkpt>
   <trkpt lat="37.1098410" lon="14.8143500">
    <ele>923.6</ele>
   </trkpt>
   <trkpt lat="37.1097990" lon="14.8142200">
    <ele>923.6</ele>
   </trkpt>
   <trkpt lat="37.1097230" lon="14.8141240">
    <ele>923.4</ele>
   </trkpt>
   <trkpt lat="37.1096550" lon="14.8141480">
    <ele>923.2</ele>
   </trkpt>
   <trkpt lat="37.1096470" lon="14.8141660">
    <ele>923.2</ele>
   </trkpt>
   <trkpt lat="37.1096470" lon="14.8142010">
    <ele>923.2</ele>
   </trkpt>
   <trkpt lat="37.1096470" lon="14.8142010">
    <ele>923.4</ele>
   </trkpt>
   <trkpt lat="37.1096650" lon="14.8142590">
    <ele>923.4</ele>
   </trkpt>
   <trkpt lat="37.1096740" lon="14.8143120">
    <ele>923.4</ele>
   </trkpt>
   <trkpt lat="37.1097110" lon="14.8145620">
    <ele>923.2</ele>
   </trkpt>
   <trkpt lat="37.1098450" lon="14.8146540">
    <ele>923.4</ele>
   </trkpt>
   <trkpt lat="37.1100190" lon="14.8146780">
    <ele>924.2</ele>
   </trkpt>
   <trkpt lat="37.1100400" lon="14.8146810">
    <ele>924.2</ele>
   </trkpt>
   <trkpt lat="37.1102430" lon="14.8147110">
    <ele>925.0</ele>
   </trkpt>
   <trkpt lat="37.1103060" lon="14.8147220">
    <ele>925.2</ele>
   </trkpt>
   <trkpt lat="37.1103810" lon="14.8147360">
    <ele>925.6</ele>
   </trkpt>
   <trkpt lat="37.1105730" lon="14.8147680">
    <ele>926.2</ele>
   </trkpt>
   <trkpt lat="37.1107670" lon="14.8148050">
    <ele>927.2</ele>
   </trkpt>
   <trkpt lat="37.1108060" lon="14.8148200">
    <ele>927.4</ele>
   </trkpt>
   <trkpt lat="37.1109380" lon="14.8148880">
    <ele>928.0</ele>
   </trkpt>
   <trkpt lat="37.1110630" lon="14.8149340">
    <ele>928.4</ele>
   </trkpt>
   <trkpt lat="37.1111190" lon="14.8149620">
    <ele>928.8</ele>
   </trkpt>
   <trkpt lat="37.1112840" lon="14.8150290">
    <ele>929.4</ele>
   </trkpt>
   <trkpt lat="37.1113050" lon="14.8150370">
    <ele>929.4</ele>
   </trkpt>
   <trkpt lat="37.1114600" lon="14.8150880">
    <ele>930.2</ele>
   </trkpt>
   <trkpt lat="37.1114810" lon="14.8150940">
    <ele>930.4</ele>
   </trkpt>
   <trkpt lat="37.1116620" lon="14.8151770">
    <ele>931.2</ele>
   </trkpt>
   <trkpt lat="37.1116820" lon="14.8151870">
    <ele>931.4</ele>
   </trkpt>
   <trkpt lat="37.1118150" lon="14.8152350">
    <ele>932.4</ele>
   </trkpt>
   <trkpt lat="37.1120060" lon="14.8153200">
    <ele>933.2</ele>
   </trkpt>
   <trkpt lat="37.1120260" lon="14.8153240">
    <ele>933.2</ele>
   </trkpt>
   <trkpt lat="37.1120450" lon="14.8153270">
    <ele>933.4</ele>
   </trkpt>
   <trkpt lat="37.1121570" lon="14.8153690">
    <ele>934.4</ele>
   </trkpt>
   <trkpt lat="37.1122170" lon="14.8153960">
    <ele>934.6</ele>
   </trkpt>
   <trkpt lat="37.1123840" lon="14.8154660">
    <ele>935.4</ele>
   </trkpt>
   <trkpt lat="37.1124820" lon="14.8155120">
    <ele>936.6</ele>
   </trkpt>
   <trkpt lat="37.1125440" lon="14.8155340">
    <ele>936.8</ele>
   </trkpt>
   <trkpt lat="37.1127140" lon="14.8155870">
    <ele>937.4</ele>
   </trkpt>
   <trkpt lat="37.1127910" lon="14.8156110">
    <ele>937.6</ele>
   </trkpt>
   <trkpt lat="37.1128970" lon="14.8156690">
    <ele>938.2</ele>
   </trkpt>
   <trkpt lat="37.1129790" lon="14.8157050">
    <ele>938.6</ele>
   </trkpt>
   <trkpt lat="37.1130930" lon="14.8157530">
    <ele>939.6</ele>
   </trkpt>
   <trkpt lat="37.1131390" lon="14.8157680">
    <ele>939.8</ele>
   </trkpt>
   <trkpt lat="37.1132930" lon="14.8158310">
    <ele>940.4</ele>
   </trkpt>
   <trkpt lat="37.1134930" lon="14.8158820">
    <ele>940.8</ele>
   </trkpt>
   <trkpt lat="37.1135840" lon="14.8159210">
    <ele>941.0</ele>
   </trkpt>
   <trkpt lat="37.1138900" lon="14.8160430">
    <ele>941.6</ele>
   </trkpt>
   <trkpt lat="37.1139250" lon="14.8160560">
    <ele>941.8</ele>
   </trkpt>
   <trkpt lat="37.1141500" lon="14.8161740">
    <ele>941.8</ele>
   </trkpt>
   <trkpt lat="37.1144410" lon="14.8163930">
    <ele>942.4</ele>
   </trkpt>
   <trkpt lat="37.1145030" lon="14.8164970">
    <ele>942.6</ele>
   </trkpt>
   <trkpt lat="37.1145560" lon="14.8166440">
    <ele>943.0</ele>
   </trkpt>
   <trkpt lat="37.1146100" lon="14.8169370">
    <ele>943.6</ele>
   </trkpt>
   <trkpt lat="37.1146380" lon="14.8172000">
    <ele>944.6</ele>
   </trkpt>
   <trkpt lat="37.1146580" lon="14.8173120">
    <ele>945.0</ele>
   </trkpt>
   <trkpt lat="37.1146930" lon="14.8175840">
    <ele>945.8</ele>
   </trkpt>
   <trkpt lat="37.1147290" lon="14.8178990">
    <ele>946.8</ele>
   </trkpt>
   <trkpt lat="37.1147380" lon="14.8180010">
    <ele>947.2</ele>
   </trkpt>
   <trkpt lat="37.1147540" lon="14.8181730">
    <ele>947.8</ele>
   </trkpt>
   <trkpt lat="37.1147610" lon="14.8182360">
    <ele>948.2</ele>
   </trkpt>
   <trkpt lat="37.1147860" lon="14.8183930">
    <ele>948.8</ele>
   </trkpt>
   <trkpt lat="37.1148020" lon="14.8185690">
    <ele>949.4</ele>
   </trkpt>
   <trkpt lat="37.1148170" lon="14.8187090">
    <ele>950.0</ele>
   </trkpt>
   <trkpt lat="37.1148290" lon="14.8188130">
    <ele>950.4</ele>
   </trkpt>
   <trkpt lat="37.1148550" lon="14.8189550">
    <ele>951.0</ele>
   </trkpt>
   <trkpt lat="37.1148640" lon="14.8190620">
    <ele>951.2</ele>
   </trkpt>
   <trkpt lat="37.1148550" lon="14.8192950">
    <ele>952.0</ele>
   </trkpt>
   <trkpt lat="37.1148380" lon="14.8193700">
    <ele>952.2</ele>
   </trkpt>
   <trkpt lat="37.1147670" lon="14.8196170">
    <ele>952.8</ele>
   </trkpt>
   <trkpt lat="37.1146580" lon="14.8198310">
    <ele>954.0</ele>
   </trkpt>
   <trkpt lat="37.1145790" lon="14.8199990">
    <ele>955.0</ele>
   </trkpt>
   <trkpt lat="37.1145570" lon="14.8200540">
    <ele>955.4</ele>
   </trkpt>
   <trkpt lat="37.1144870" lon="14.8202610">
    <ele>956.2</ele>
   </trkpt>
   <trkpt lat="37.1144300" lon="14.8204830">
    <ele>957.4</ele>
   </trkpt>
   <trkpt lat="37.1144120" lon="14.8205850">
    <ele>958.0</ele>
   </trkpt>
   <trkpt lat="37.1144120" lon="14.8207400">
    <ele>958.4</ele>
   </trkpt>
   <trkpt lat="37.1144160" lon="14.8210120">
    <ele>958.6</ele>
   </trkpt>
   <trkpt lat="37.1144320" lon="14.8213840">
    <ele>958.4</ele>
   </trkpt>
   <trkpt lat="37.1144750" lon="14.8218360">
    <ele>957.6</ele>
   </trkpt>
   <trkpt lat="37.1145110" lon="14.8222210">
    <ele>957.4</ele>
   </trkpt>
   <trkpt lat="37.1145210" lon="14.8223110">
    <ele>957.0</ele>
   </trkpt>
   <trkpt lat="37.1145630" lon="14.8227100">
    <ele>956.0</ele>
   </trkpt>
   <trkpt lat="37.1146010" lon="14.8230590">
    <ele>955.0</ele>
   </trkpt>
   <trkpt lat="37.1146260" lon="14.8233140">
    <ele>954.4</ele>
   </trkpt>
   <trkpt lat="37.1146570" lon="14.8235750">
    <ele>952.8</ele>
   </trkpt>
   <trkpt lat="37.1147010" lon="14.8238300">
    <ele>951.6</ele>
   </trkpt>
   <trkpt lat="37.1147430" lon="14.8240810">
    <ele>950.4</ele>
   </trkpt>
   <trkpt lat="37.1147950" lon="14.8244390">
    <ele>949.0</ele>
   </trkpt>
   <trkpt lat="37.1148530" lon="14.8247920">
    <ele>948.6</ele>
   </trkpt>
   <trkpt lat="37.1149320" lon="14.8254790">
    <ele>947.8</ele>
   </trkpt>
   <trkpt lat="37.1149150" lon="14.8262610">
    <ele>946.8</ele>
   </trkpt>
   <trkpt lat="37.1149120" lon="14.8263710">
    <ele>946.6</ele>
   </trkpt>
   <trkpt lat="37.1148960" lon="14.8270220">
    <ele>945.6</ele>
   </trkpt>
   <trkpt lat="37.1148920" lon="14.8272350">
    <ele>945.2</ele>
   </trkpt>
   <trkpt lat="37.1148290" lon="14.8278690">
    <ele>944.6</ele>
   </trkpt>
   <trkpt lat="37.1147960" lon="14.8279750">
    <ele>944.6</ele>
   </trkpt>
   <trkpt lat="37.1147630" lon="14.8280790">
    <ele>944.4</ele>
   </trkpt>
   <trkpt lat="37.1145600" lon="14.8285580">
    <ele>944.0</ele>
   </trkpt>
   <trkpt lat="37.1143710" lon="14.8289100">
    <ele>943.4</ele>
   </trkpt>
   <trkpt lat="37.1141810" lon="14.8292700">
    <ele>942.8</ele>
   </trkpt>
   <trkpt lat="37.1140850" lon="14.8294530">
    <ele>942.4</ele>
   </trkpt>
   <trkpt lat="37.1138910" lon="14.8298400">
    <ele>941.2</ele>
   </trkpt>
   <trkpt lat="37.1137410" lon="14.8301570">
    <ele>940.6</ele>
   </trkpt>
   <trkpt lat="37.1136870" lon="14.8302650">
    <ele>940.0</ele>
   </trkpt>
   <trkpt lat="37.1135220" lon="14.8306010">
    <ele>938.6</ele>
   </trkpt>
   <trkpt lat="37.1134090" lon="14.8308330">
    <ele>937.0</ele>
   </trkpt>
   <trkpt lat="37.1132970" lon="14.8310730">
    <ele>936.4</ele>
   </trkpt>
   <trkpt lat="37.1132410" lon="14.8311980">
    <ele>936.0</ele>
   </trkpt>
   <trkpt lat="37.1131460" lon="14.8314630">
    <ele>934.6</ele>
   </trkpt>
   <trkpt lat="37.1131230" lon="14.8316020">
    <ele>933.8</ele>
   </trkpt>
   <trkpt lat="37.1131230" lon="14.8317500">
    <ele>933.6</ele>
   </trkpt>
   <trkpt lat="37.1131640" lon="14.8320450">
    <ele>932.0</ele>
   </trkpt>
   <trkpt lat="37.1132430" lon="14.8323340">
    <ele>930.6</ele>
   </trkpt>
   <trkpt lat="37.1132810" lon="14.8324800">
    <ele>930.4</ele>
   </trkpt>
   <trkpt lat="37.1133060" lon="14.8326220">
    <ele>929.6</ele>
   </trkpt>
   <trkpt lat="37.1133100" lon="14.8329040">
    <ele>928.6</ele>
   </trkpt>
   <trkpt lat="37.1132910" lon="14.8330400">
    <ele>928.4</ele>
   </trkpt>
   <trkpt lat="37.1132260" lon="14.8332990">
    <ele>927.2</ele>
   </trkpt>
   <trkpt lat="37.1131260" lon="14.8336790">
    <ele>926.6</ele>
   </trkpt>
   <trkpt lat="37.1130990" lon="14.8337980">
    <ele>926.2</ele>
   </trkpt>
   <trkpt lat="37.1130530" lon="14.8341580">
    <ele>925.8</ele>
   </trkpt>
   <trkpt lat="37.1130520" lon="14.8342740">
    <ele>925.8</ele>
   </trkpt>
   <trkpt lat="37.1130800" lon="14.8344910">
    <ele>925.6</ele>
   </trkpt>
   <trkpt lat="37.1131050" lon="14.8345890">
    <ele>925.6</ele>
   </trkpt>
   <trkpt lat="37.1131700" lon="14.8347640">
    <ele>925.4</ele>
   </trkpt>
   <trkpt lat="37.1132100" lon="14.8348430">
    <ele>925.4</ele>
   </trkpt>
   <trkpt lat="37.1134290" lon="14.8352840">
    <ele>925.6</ele>
   </trkpt>
   <trkpt lat="37.1136200" lon="14.8356750">
    <ele>925.8</ele>
   </trkpt>
   <trkpt lat="37.1138640" lon="14.8362580">
    <ele>926.6</ele>
   </trkpt>
   <trkpt lat="37.1138990" lon="14.8364710">
    <ele>927.2</ele>
   </trkpt>
   <trkpt lat="37.1139440" lon="14.8367850">
    <ele>927.4</ele>
   </trkpt>
   <trkpt lat="37.1140730" lon="14.8372670">
    <ele>927.2</ele>
   </trkpt>
   <trkpt lat="37.1142610" lon="14.8379070">
    <ele>926.2</ele>
   </trkpt>
   <trkpt lat="37.1142750" lon="14.8379960">
    <ele>926.2</ele>
   </trkpt>
   <trkpt lat="37.1143260" lon="14.8385050">
    <ele>925.6</ele>
   </trkpt>
   <trkpt lat="37.1143320" lon="14.8387340">
    <ele>925.0</ele>
   </trkpt>
   <trkpt lat="37.1143220" lon="14.8388540">
    <ele>924.4</ele>
   </trkpt>
   <trkpt lat="37.1142980" lon="14.8389740">
    <ele>924.2</ele>
   </trkpt>
   <trkpt lat="37.1142670" lon="14.8390950">
    <ele>923.6</ele>
   </trkpt>
   <trkpt lat="37.1142000" lon="14.8393420">
    <ele>922.4</ele>
   </trkpt>
   <trkpt lat="37.1141350" lon="14.8396000">
    <ele>921.6</ele>
   </trkpt>
   <trkpt lat="37.1141050" lon="14.8397360">
    <ele>921.2</ele>
   </trkpt>
   <trkpt lat="37.1140820" lon="14.8398740">
    <ele>920.4</ele>
   </trkpt>
   <trkpt lat="37.1140720" lon="14.8400180">
    <ele>919.8</ele>
   </trkpt>
   <trkpt lat="37.1140780" lon="14.8401630">
    <ele>919.4</ele>
   </trkpt>
   <trkpt lat="37.1141030" lon="14.8403070">
    <ele>918.6</ele>
   </trkpt>
   <trkpt lat="37.1141410" lon="14.8404500">
    <ele>918.2</ele>
   </trkpt>
   <trkpt lat="37.1141880" lon="14.8405870">
    <ele>917.2</ele>
   </trkpt>
   <trkpt lat="37.1142950" lon="14.8408570">
    <ele>915.8</ele>
   </trkpt>
   <trkpt lat="37.1144010" lon="14.8411320">
    <ele>914.4</ele>
   </trkpt>
   <trkpt lat="37.1145190" lon="14.8414040">
    <ele>913.0</ele>
   </trkpt>
   <trkpt lat="37.1146620" lon="14.8416450">
    <ele>911.6</ele>
   </trkpt>
   <trkpt lat="37.1147420" lon="14.8417530">
    <ele>910.6</ele>
   </trkpt>
   <trkpt lat="37.1148210" lon="14.8418600">
    <ele>910.2</ele>
   </trkpt>
   <trkpt lat="37.1148990" lon="14.8419640">
    <ele>909.0</ele>
   </trkpt>
   <trkpt lat="37.1151160" lon="14.8422530">
    <ele>908.0</ele>
   </trkpt>
   <trkpt lat="37.1151820" lon="14.8423460">
    <ele>907.8</ele>
   </trkpt>
   <trkpt lat="37.1154780" lon="14.8427560">
    <ele>907.4</ele>
   </trkpt>
   <trkpt lat="37.1157730" lon="14.8431670">
    <ele>907.8</ele>
   </trkpt>
   <trkpt lat="37.1161210" lon="14.8436520">
    <ele>909.0</ele>
   </trkpt>
   <trkpt lat="37.1164790" lon="14.8442490">
    <ele>909.4</ele>
   </trkpt>
   <trkpt lat="37.1168270" lon="14.8448630">
    <ele>908.8</ele>
   </trkpt>
   <trkpt lat="37.1168970" lon="14.8449990">
    <ele>908.6</ele>
   </trkpt>
   <trkpt lat="37.1170490" lon="14.8452670">
    <ele>908.2</ele>
   </trkpt>
   <trkpt lat="37.1171210" lon="14.8453980">
    <ele>908.0</ele>
   </trkpt>
   <trkpt lat="37.1172740" lon="14.8456520">
    <ele>907.8</ele>
   </trkpt>
   <trkpt lat="37.1174590" lon="14.8459760">
    <ele>906.6</ele>
   </trkpt>
   <trkpt lat="37.1177280" lon="14.8464600">
    <ele>905.4</ele>
   </trkpt>
   <trkpt lat="37.1178030" lon="14.8466030">
    <ele>905.4</ele>
   </trkpt>
   <trkpt lat="37.1179750" lon="14.8470680">
    <ele>905.0</ele>
   </trkpt>
   <trkpt lat="37.1181460" lon="14.8475410">
    <ele>905.2</ele>
   </trkpt>
   <trkpt lat="37.1181860" lon="14.8477240">
    <ele>905.2</ele>
   </trkpt>
   <trkpt lat="37.1181250" lon="14.8478680">
    <ele>905.2</ele>
   </trkpt>
   <trkpt lat="37.1179860" lon="14.8479670">
    <ele>905.4</ele>
   </trkpt>
   <trkpt lat="37.1179470" lon="14.8480150">
    <ele>905.4</ele>
   </trkpt>
   <trkpt lat="37.1179530" lon="14.8480320">
    <ele>905.6</ele>
   </trkpt>
   <trkpt lat="37.1180150" lon="14.8480220">
    <ele>905.6</ele>
   </trkpt>
   <trkpt lat="37.1181250" lon="14.8479380">
    <ele>905.6</ele>
   </trkpt>
   <trkpt lat="37.1182840" lon="14.8479750">
    <ele>905.6</ele>
   </trkpt>
   <trkpt lat="37.1183430" lon="14.8480640">
    <ele>905.6</ele>
   </trkpt>
   <trkpt lat="37.1183860" lon="14.8481590">
    <ele>905.6</ele>
   </trkpt>
   <trkpt lat="37.1184310" lon="14.8482360">
    <ele>905.2</ele>
   </trkpt>
   <trkpt lat="37.1184310" lon="14.8482360">
    <ele>904.8</ele>
   </trkpt>
   <trkpt lat="37.1184660" lon="14.8482760">
    <ele>903.0</ele>
   </trkpt>
   <trkpt lat="37.1185130" lon="14.8483380">
    <ele>903.0</ele>
   </trkpt>
   <trkpt lat="37.1186730" lon="14.8485570">
    <ele>902.4</ele>
   </trkpt>
   <trkpt lat="37.1187540" lon="14.8486610">
    <ele>902.0</ele>
   </trkpt>
   <trkpt lat="37.1189390" lon="14.8489060">
    <ele>901.0</ele>
   </trkpt>
   <trkpt lat="37.1189900" lon="14.8489740">
    <ele>900.8</ele>
   </trkpt>
   <trkpt lat="37.1191460" lon="14.8491980">
    <ele>899.8</ele>
   </trkpt>
   <trkpt lat="37.1192350" lon="14.8493810">
    <ele>899.4</ele>
   </trkpt>
   <trkpt lat="37.1193290" lon="14.8496970">
    <ele>898.2</ele>
   </trkpt>
   <trkpt lat="37.1193790" lon="14.8499190">
    <ele>897.2</ele>
   </trkpt>
   <trkpt lat="37.1194560" lon="14.8502670">
    <ele>895.8</ele>
   </trkpt>
   <trkpt lat="37.1195350" lon="14.8506300">
    <ele>894.8</ele>
   </trkpt>
   <trkpt lat="37.1195650" lon="14.8507470">
    <ele>894.2</ele>
   </trkpt>
   <trkpt lat="37.1196170" lon="14.8509950">
    <ele>893.4</ele>
   </trkpt>
   <trkpt lat="37.1197010" lon="14.8513730">
    <ele>892.4</ele>
   </trkpt>
   <trkpt lat="37.1197590" lon="14.8516290">
    <ele>891.8</ele>
   </trkpt>
   <trkpt lat="37.1198070" lon="14.8518920">
    <ele>891.2</ele>
   </trkpt>
   <trkpt lat="37.1198330" lon="14.8521670">
    <ele>890.6</ele>
   </trkpt>
   <trkpt lat="37.1198420" lon="14.8523070">
    <ele>889.8</ele>
   </trkpt>
   <trkpt lat="37.1198700" lon="14.8527330">
    <ele>888.6</ele>
   </trkpt>
   <trkpt lat="37.1198990" lon="14.8531620">
    <ele>887.2</ele>
   </trkpt>
   <trkpt lat="37.1199360" lon="14.8535690">
    <ele>885.8</ele>
   </trkpt>
   <trkpt lat="37.1200010" lon="14.8538230">
    <ele>885.0</ele>
   </trkpt>
   <trkpt lat="37.1200450" lon="14.8539440">
    <ele>884.8</ele>
   </trkpt>
   <trkpt lat="37.1201800" lon="14.8542620">
    <ele>883.8</ele>
   </trkpt>
   <trkpt lat="37.1202190" lon="14.8543580">
    <ele>883.6</ele>
   </trkpt>
   <trkpt lat="37.1203580" lon="14.8546610">
    <ele>883.0</ele>
   </trkpt>
   <trkpt lat="37.1204170" lon="14.8547700">
    <ele>882.6</ele>
   </trkpt>
   <trkpt lat="37.1204500" lon="14.8548120">
    <ele>882.6</ele>
   </trkpt>
   <trkpt lat="37.1204860" lon="14.8548410">
    <ele>882.6</ele>
   </trkpt>
   <trkpt lat="37.1205660" lon="14.8548700">
    <ele>882.4</ele>
   </trkpt>
   <trkpt lat="37.1206540" lon="14.8548720">
    <ele>882.4</ele>
   </trkpt>
   <trkpt lat="37.1207260" lon="14.8548470">
    <ele>882.2</ele>
   </trkpt>
   <trkpt lat="37.1207500" lon="14.8548200">
    <ele>881.8</ele>
   </trkpt>
   <trkpt lat="37.1207600" lon="14.8547930">
    <ele>881.8</ele>
   </trkpt>
   <trkpt lat="37.1207660" lon="14.8547680">
    <ele>881.4</ele>
   </trkpt>
   <trkpt lat="37.1207670" lon="14.8547250">
    <ele>881.0</ele>
   </trkpt>
   <trkpt lat="37.1207750" lon="14.8546860">
    <ele>880.8</ele>
   </trkpt>
   <trkpt lat="37.1207680" lon="14.8547370">
    <ele>880.2</ele>
   </trkpt>
   <trkpt lat="37.1207580" lon="14.8548080">
    <ele>880.2</ele>
   </trkpt>
   <trkpt lat="37.1207070" lon="14.8548660">
    <ele>880.0</ele>
   </trkpt>
   <trkpt lat="37.1206850" lon="14.8548600">
    <ele>880.2</ele>
   </trkpt>
   <trkpt lat="37.1205230" lon="14.8547820">
    <ele>880.8</ele>
   </trkpt>
   <trkpt lat="37.1204730" lon="14.8548120">
    <ele>881.2</ele>
   </trkpt>
   <trkpt lat="37.1204650" lon="14.8548370">
    <ele>881.4</ele>
   </trkpt>
   <trkpt lat="37.1205090" lon="14.8549960">
    <ele>881.2</ele>
   </trkpt>
   <trkpt lat="37.1205990" lon="14.8552100">
    <ele>881.0</ele>
   </trkpt>
   <trkpt lat="37.1207730" lon="14.8554140">
    <ele>881.0</ele>
   </trkpt>
   <trkpt lat="37.1211030" lon="14.8556800">
    <ele>880.6</ele>
   </trkpt>
   <trkpt lat="37.1213750" lon="14.8558600">
    <ele>880.2</ele>
   </trkpt>
   <trkpt lat="37.1214340" lon="14.8558960">
    <ele>880.0</ele>
   </trkpt>
   <trkpt lat="37.1216750" lon="14.8560550">
    <ele>879.0</ele>
   </trkpt>
   <trkpt lat="37.1218390" lon="14.8561990">
    <ele>878.4</ele>
   </trkpt>
   <trkpt lat="37.1219870" lon="14.8563670">
    <ele>878.0</ele>
   </trkpt>
   <trkpt lat="37.1221840" lon="14.8565960">
    <ele>877.4</ele>
   </trkpt>
   <trkpt lat="37.1223320" lon="14.8567710">
    <ele>876.8</ele>
   </trkpt>
   <trkpt lat="37.1226770" lon="14.8571680">
    <ele>876.2</ele>
   </trkpt>
   <trkpt lat="37.1228280" lon="14.8573510">
    <ele>875.8</ele>
   </trkpt>
   <trkpt lat="37.1230420" lon="14.8576030">
    <ele>875.2</ele>
   </trkpt>
   <trkpt lat="37.1231680" lon="14.8577380">
    <ele>874.4</ele>
   </trkpt>
   <trkpt lat="37.1233740" lon="14.8579780">
    <ele>873.4</ele>
   </trkpt>
   <trkpt lat="37.1235280" lon="14.8581380">
    <ele>873.0</ele>
   </trkpt>
   <trkpt lat="37.1237320" lon="14.8583810">
    <ele>872.2</ele>
   </trkpt>
   <trkpt lat="37.1237720" lon="14.8584430">
    <ele>872.0</ele>
   </trkpt>
   <trkpt lat="37.1238350" lon="14.8585890">
    <ele>871.2</ele>
   </trkpt>
   <trkpt lat="37.1238520" lon="14.8586450">
    <ele>870.6</ele>
   </trkpt>
   <trkpt lat="37.1239200" lon="14.8588490">
    <ele>870.0</ele>
   </trkpt>
   <trkpt lat="37.1239790" lon="14.8588960">
    <ele>870.0</ele>
   </trkpt>
   <trkpt lat="37.1240380" lon="14.8588680">
    <ele>869.8</ele>
   </trkpt>
   <trkpt lat="37.1240520" lon="14.8588360">
    <ele>869.8</ele>
   </trkpt>
   <trkpt lat="37.1240570" lon="14.8587340">
    <ele>869.6</ele>
   </trkpt>
   <trkpt lat="37.1240440" lon="14.8586580">
    <ele>869.4</ele>
   </trkpt>
   <trkpt lat="37.1240270" lon="14.8585440">
    <ele>869.0</ele>
   </trkpt>
   <trkpt lat="37.1240120" lon="14.8584020">
    <ele>868.6</ele>
   </trkpt>
   <trkpt lat="37.1240060" lon="14.8583450">
    <ele>868.4</ele>
   </trkpt>
   <trkpt lat="37.1239810" lon="14.8580120">
    <ele>867.6</ele>
   </trkpt>
   <trkpt lat="37.1239720" lon="14.8579380">
    <ele>867.4</ele>
   </trkpt>
   <trkpt lat="37.1239350" lon="14.8574510">
    <ele>866.4</ele>
   </trkpt>
   <trkpt lat="37.1239290" lon="14.8573630">
    <ele>866.2</ele>
   </trkpt>
   <trkpt lat="37.1239050" lon="14.8570890">
    <ele>865.0</ele>
   </trkpt>
   <trkpt lat="37.1239080" lon="14.8568200">
    <ele>864.2</ele>
   </trkpt>
   <trkpt lat="37.1239200" lon="14.8567310">
    <ele>864.0</ele>
   </trkpt>
   <trkpt lat="37.1239430" lon="14.8566420">
    <ele>863.8</ele>
   </trkpt>
   <trkpt lat="37.1240300" lon="14.8564680">
    <ele>863.4</ele>
   </trkpt>
   <trkpt lat="37.1241390" lon="14.8563090">
    <ele>862.6</ele>
   </trkpt>
   <trkpt lat="37.1243020" lon="14.8560810">
    <ele>861.4</ele>
   </trkpt>
   <trkpt lat="37.1243580" lon="14.8560080">
    <ele>861.4</ele>
   </trkpt>
   <trkpt lat="37.1245220" lon="14.8557840">
    <ele>860.4</ele>
   </trkpt>
   <trkpt lat="37.1247390" lon="14.8554710">
    <ele>859.2</ele>
   </trkpt>
   <trkpt lat="37.1248960" lon="14.8552180">
    <ele>858.4</ele>
   </trkpt>
   <trkpt lat="37.1249490" lon="14.8551210">
    <ele>858.0</ele>
   </trkpt>
   <trkpt lat="37.1249870" lon="14.8549690">
    <ele>857.2</ele>
   </trkpt>
   <trkpt lat="37.1249620" lon="14.8548840">
    <ele>856.6</ele>
   </trkpt>
   <trkpt lat="37.1249160" lon="14.8548600">
    <ele>856.4</ele>
   </trkpt>
   <trkpt lat="37.1248520" lon="14.8548560">
    <ele>856.0</ele>
   </trkpt>
   <trkpt lat="37.1247770" lon="14.8548760">
    <ele>855.8</ele>
   </trkpt>
   <trkpt lat="37.1247030" lon="14.8549010">
    <ele>855.6</ele>
   </trkpt>
   <trkpt lat="37.1243250" lon="14.8550430">
    <ele>854.2</ele>
   </trkpt>
   <trkpt lat="37.1242510" lon="14.8550880">
    <ele>854.0</ele>
   </trkpt>
   <trkpt lat="37.1240450" lon="14.8552640">
    <ele>852.8</ele>
   </trkpt>
   <trkpt lat="37.1239020" lon="14.8553690">
    <ele>852.2</ele>
   </trkpt>
   <trkpt lat="37.1238110" lon="14.8554260">
    <ele>851.8</ele>
   </trkpt>
   <trkpt lat="37.1237460" lon="14.8554610">
    <ele>851.4</ele>
   </trkpt>
   <trkpt lat="37.1235660" lon="14.8555140">
    <ele>850.6</ele>
   </trkpt>
   <trkpt lat="37.1234090" lon="14.8554240">
    <ele>850.2</ele>
   </trkpt>
   <trkpt lat="37.1232720" lon="14.8553070">
    <ele>849.4</ele>
   </trkpt>
   <trkpt lat="37.1230510" lon="14.8551270">
    <ele>848.2</ele>
   </trkpt>
   <trkpt lat="37.1229790" lon="14.8550650">
    <ele>847.6</ele>
   </trkpt>
   <trkpt lat="37.1228260" lon="14.8549500">
    <ele>846.6</ele>
   </trkpt>
   <trkpt lat="37.1226080" lon="14.8547840">
    <ele>845.4</ele>
   </trkpt>
   <trkpt lat="37.1225560" lon="14.8547270">
    <ele>845.0</ele>
   </trkpt>
   <trkpt lat="37.1225020" lon="14.8545890">
    <ele>844.6</ele>
   </trkpt>
   <trkpt lat="37.1225310" lon="14.8545270">
    <ele>844.4</ele>
   </trkpt>
   <trkpt lat="37.1225810" lon="14.8544630">
    <ele>844.2</ele>
   </trkpt>
   <trkpt lat="37.1227090" lon="14.8543670">
    <ele>843.8</ele>
   </trkpt>
   <trkpt lat="37.1227780" lon="14.8543150">
    <ele>843.4</ele>
   </trkpt>
   <trkpt lat="37.1228420" lon="14.8542520">
    <ele>843.0</ele>
   </trkpt>
   <trkpt lat="37.1228990" lon="14.8541770">
    <ele>842.8</ele>
   </trkpt>
   <trkpt lat="37.1229450" lon="14.8540940">
    <ele>842.6</ele>
   </trkpt>
   <trkpt lat="37.1229790" lon="14.8540020">
    <ele>842.4</ele>
   </trkpt>
   <trkpt lat="37.1230100" lon="14.8538020">
    <ele>842.0</ele>
   </trkpt>
   <trkpt lat="37.1229780" lon="14.8535080">
    <ele>840.6</ele>
   </trkpt>
   <trkpt lat="37.1229880" lon="14.8534070">
    <ele>840.0</ele>
   </trkpt>
   <trkpt lat="37.1230170" lon="14.8533100">
    <ele>839.8</ele>
   </trkpt>
   <trkpt lat="37.1230500" lon="14.8532130">
    <ele>839.2</ele>
   </trkpt>
   <trkpt lat="37.1230800" lon="14.8531140">
    <ele>838.8</ele>
   </trkpt>
   <trkpt lat="37.1231030" lon="14.8530170">
    <ele>838.2</ele>
   </trkpt>
   <trkpt lat="37.1231250" lon="14.8529170">
    <ele>838.2</ele>
   </trkpt>
   <trkpt lat="37.1231840" lon="14.8526130">
    <ele>836.6</ele>
   </trkpt>
   <trkpt lat="37.1232400" lon="14.8523000">
    <ele>835.6</ele>
   </trkpt>
   <trkpt lat="37.1232530" lon="14.8521940">
    <ele>835.4</ele>
   </trkpt>
   <trkpt lat="37.1233040" lon="14.8518830">
    <ele>834.6</ele>
   </trkpt>
   <trkpt lat="37.1233570" lon="14.8517940">
    <ele>834.6</ele>
   </trkpt>
   <trkpt lat="37.1234220" lon="14.8517310">
    <ele>834.4</ele>
   </trkpt>
   <trkpt lat="37.1235680" lon="14.8516440">
    <ele>834.0</ele>
   </trkpt>
   <trkpt lat="37.1236560" lon="14.8515780">
    <ele>833.2</ele>
   </trkpt>
   <trkpt lat="37.1239550" lon="14.8513650">
    <ele>832.0</ele>
   </trkpt>
   <trkpt lat="37.1240240" lon="14.8513020">
    <ele>831.6</ele>
   </trkpt>
   <trkpt lat="37.1240830" lon="14.8512260">
    <ele>831.0</ele>
   </trkpt>
   <trkpt lat="37.1241240" lon="14.8511340">
    <ele>830.4</ele>
   </trkpt>
   <trkpt lat="37.1241670" lon="14.8509270">
    <ele>829.8</ele>
   </trkpt>
   <trkpt lat="37.1241930" lon="14.8506120">
    <ele>829.0</ele>
   </trkpt>
   <trkpt lat="37.1242120" lon="14.8505240">
    <ele>828.2</ele>
   </trkpt>
   <trkpt lat="37.1242360" lon="14.8504430">
    <ele>828.0</ele>
   </trkpt>
   <trkpt lat="37.1242650" lon="14.8503670">
    <ele>827.0</ele>
   </trkpt>
   <trkpt lat="37.1243260" lon="14.8502450">
    <ele>825.8</ele>
   </trkpt>
   <trkpt lat="37.1243510" lon="14.8502020">
    <ele>825.4</ele>
   </trkpt>
   <trkpt lat="37.1243910" lon="14.8501550">
    <ele>824.6</ele>
   </trkpt>
   <trkpt lat="37.1244010" lon="14.8501440">
    <ele>824.2</ele>
   </trkpt>
   <trkpt lat="37.1244160" lon="14.8501290">
    <ele>823.8</ele>
   </trkpt>
   <trkpt lat="37.1244350" lon="14.8501360">
    <ele>823.4</ele>
   </trkpt>
   <trkpt lat="37.1244500" lon="14.8501450">
    <ele>823.4</ele>
   </trkpt>
   <trkpt lat="37.1244810" lon="14.8501920">
    <ele>823.0</ele>
   </trkpt>
   <trkpt lat="37.1244790" lon="14.8502460">
    <ele>822.4</ele>
   </trkpt>
   <trkpt lat="37.1244710" lon="14.8502770">
    <ele>822.4</ele>
   </trkpt>
   <trkpt lat="37.1244280" lon="14.8504060">
    <ele>820.8</ele>
   </trkpt>
   <trkpt lat="37.1244090" lon="14.8504750">
    <ele>820.0</ele>
   </trkpt>
   <trkpt lat="37.1244060" lon="14.8505180">
    <ele>819.8</ele>
   </trkpt>
   <trkpt lat="37.1243840" lon="14.8506370">
    <ele>818.4</ele>
   </trkpt>
   <trkpt lat="37.1243790" lon="14.8507110">
    <ele>817.4</ele>
   </trkpt>
   <trkpt lat="37.1243920" lon="14.8508050">
    <ele>816.8</ele>
   </trkpt>
   <trkpt lat="37.1244030" lon="14.8508620">
    <ele>816.2</ele>
   </trkpt>
   <trkpt lat="37.1244280" lon="14.8509930">
    <ele>815.2</ele>
   </trkpt>
   <trkpt lat="37.1244340" lon="14.8510530">
    <ele>814.8</ele>
   </trkpt>
   <trkpt lat="37.1244420" lon="14.8511680">
    <ele>813.8</ele>
   </trkpt>
   <trkpt lat="37.1244440" lon="14.8512030">
    <ele>813.4</ele>
   </trkpt>
   <trkpt lat="37.1244380" lon="14.8512470">
    <ele>812.8</ele>
   </trkpt>
   <trkpt lat="37.1244540" lon="14.8513610">
    <ele>811.6</ele>
   </trkpt>
   <trkpt lat="37.1245000" lon="14.8514870">
    <ele>810.0</ele>
   </trkpt>
   <trkpt lat="37.1245380" lon="14.8515980">
    <ele>809.0</ele>
   </trkpt>
   <trkpt lat="37.1245550" lon="14.8516540">
    <ele>808.4</ele>
   </trkpt>
   <trkpt lat="37.1245710" lon="14.8517050">
    <ele>808.0</ele>
   </trkpt>
   <trkpt lat="37.1245770" lon="14.8517490">
    <ele>807.4</ele>
   </trkpt>
   <trkpt lat="37.1245920" lon="14.8518370">
    <ele>806.2</ele>
   </trkpt>
   <trkpt lat="37.1246130" lon="14.8519150">
    <ele>804.8</ele>
   </trkpt>
   <trkpt lat="37.1246180" lon="14.8519780">
    <ele>803.0</ele>
   </trkpt>
   <trkpt lat="37.1246170" lon="14.8520060">
    <ele>801.8</ele>
   </trkpt>
   <trkpt lat="37.1246350" lon="14.8520310">
    <ele>801.6</ele>
   </trkpt>
   <trkpt lat="37.1246450" lon="14.8520510">
    <ele>801.0</ele>
   </trkpt>
   <trkpt lat="37.1246500" lon="14.8520720">
    <ele>800.6</ele>
   </trkpt>
   <trkpt lat="37.1245900" lon="14.8521730">
    <ele>800.2</ele>
   </trkpt>
   <trkpt lat="37.1245440" lon="14.8523130">
    <ele>800.4</ele>
   </trkpt>
   <trkpt lat="37.1245480" lon="14.8523440">
    <ele>800.6</ele>
   </trkpt>
   <trkpt lat="37.1245500" lon="14.8523660">
    <ele>800.6</ele>
   </trkpt>
   <trkpt lat="37.1245750" lon="14.8525370">
    <ele>801.6</ele>
   </trkpt>
   <trkpt lat="37.1245790" lon="14.8525650">
    <ele>801.8</ele>
   </trkpt>
   <trkpt lat="37.1245540" lon="14.8527110">
    <ele>802.8</ele>
   </trkpt>
   <trkpt lat="37.1245480" lon="14.8527250">
    <ele>802.8</ele>
   </trkpt>
   <trkpt lat="37.1245410" lon="14.8527390">
    <ele>803.0</ele>
   </trkpt>
   <trkpt lat="37.1245040" lon="14.8527850">
    <ele>803.4</ele>
   </trkpt>
   <trkpt lat="37.1244660" lon="14.8528790">
    <ele>803.8</ele>
   </trkpt>
   <trkpt lat="37.1244530" lon="14.8529190">
    <ele>804.0</ele>
   </trkpt>
   <trkpt lat="37.1243420" lon="14.8530540">
    <ele>804.6</ele>
   </trkpt>
   <trkpt lat="37.1242490" lon="14.8531900">
    <ele>805.6</ele>
   </trkpt>
   <trkpt lat="37.1241660" lon="14.8533090">
    <ele>806.6</ele>
   </trkpt>
   <trkpt lat="37.1241280" lon="14.8533860">
    <ele>806.8</ele>
   </trkpt>
   <trkpt lat="37.1241000" lon="14.8534430">
    <ele>806.8</ele>
   </trkpt>
   <trkpt lat="37.1240830" lon="14.8535840">
    <ele>807.4</ele>
   </trkpt>
   <trkpt lat="37.1240510" lon="14.8536510">
    <ele>807.8</ele>
   </trkpt>
   <trkpt lat="37.1240080" lon="14.8537270">
    <ele>808.6</ele>
   </trkpt>
   <trkpt lat="37.1240110" lon="14.8538020">
    <ele>808.8</ele>
   </trkpt>
   <trkpt lat="37.1240030" lon="14.8538430">
    <ele>809.0</ele>
   </trkpt>
   <trkpt lat="37.1239800" lon="14.8539140">
    <ele>809.2</ele>
   </trkpt>
   <trkpt lat="37.1239930" lon="14.8539510">
    <ele>809.6</ele>
   </trkpt>
   <trkpt lat="37.1240130" lon="14.8539410">
    <ele>809.6</ele>
   </trkpt>
   <trkpt lat="37.1240520" lon="14.8539370">
    <ele>809.6</ele>
   </trkpt>
   <trkpt lat="37.1241010" lon="14.8539330">
    <ele>809.6</ele>
   </trkpt>
   <trkpt lat="37.1241210" lon="14.8539320">
    <ele>809.8</ele>
   </trkpt>
   <trkpt lat="37.1242220" lon="14.8538740">
    <ele>810.4</ele>
   </trkpt>
   <trkpt lat="37.1243270" lon="14.8537740">
    <ele>810.8</ele>
   </trkpt>
   <trkpt lat="37.1243480" lon="14.8537600">
    <ele>811.0</ele>
   </trkpt>
   <trkpt lat="37.1243900" lon="14.8537330">
    <ele>811.0</ele>
   </trkpt>
   <trkpt lat="37.1244330" lon="14.8536870">
    <ele>811.2</ele>
   </trkpt>
   <trkpt lat="37.1245360" lon="14.8535620">
    <ele>811.4</ele>
   </trkpt>
   <trkpt lat="37.1245560" lon="14.8535220">
    <ele>811.6</ele>
   </trkpt>
   <trkpt lat="37.1245820" lon="14.8535060">
    <ele>811.6</ele>
   </trkpt>
   <trkpt lat="37.1246360" lon="14.8534870">
    <ele>811.8</ele>
   </trkpt>
   <trkpt lat="37.1247400" lon="14.8534380">
    <ele>812.0</ele>
   </trkpt>
   <trkpt lat="37.1247950" lon="14.8534170">
    <ele>812.2</ele>
   </trkpt>
   <trkpt lat="37.1249150" lon="14.8533800">
    <ele>812.6</ele>
   </trkpt>
   <trkpt lat="37.1249400" lon="14.8533800">
    <ele>812.8</ele>
   </trkpt>
   <trkpt lat="37.1249840" lon="14.8533650">
    <ele>813.0</ele>
   </trkpt>
   <trkpt lat="37.1250010" lon="14.8533580">
    <ele>813.2</ele>
   </trkpt>
   <trkpt lat="37.1251100" lon="14.8533320">
    <ele>813.4</ele>
   </trkpt>
   <trkpt lat="37.1252780" lon="14.8533310">
    <ele>814.0</ele>
   </trkpt>
   <trkpt lat="37.1253070" lon="14.8533290">
    <ele>814.2</ele>
   </trkpt>
   <trkpt lat="37.1254320" lon="14.8533200">
    <ele>814.8</ele>
   </trkpt>
   <trkpt lat="37.1255120" lon="14.8533340">
    <ele>815.4</ele>
   </trkpt>
   <trkpt lat="37.1256310" lon="14.8533340">
    <ele>816.0</ele>
   </trkpt>
   <trkpt lat="37.1257170" lon="14.8533140">
    <ele>816.4</ele>
   </trkpt>
   <trkpt lat="37.1257810" lon="14.8532820">
    <ele>816.8</ele>
   </trkpt>
   <trkpt lat="37.1258490" lon="14.8532710">
    <ele>817.2</ele>
   </trkpt>
   <trkpt lat="37.1258590" lon="14.8532680">
    <ele>817.4</ele>
   </trkpt>
   <trkpt lat="37.1258740" lon="14.8532740">
    <ele>817.4</ele>
   </trkpt>
   <trkpt lat="37.1259300" lon="14.8533110">
    <ele>817.8</ele>
   </trkpt>
   <trkpt lat="37.1259660" lon="14.8533550">
    <ele>817.8</ele>
   </trkpt>
   <trkpt lat="37.1260320" lon="14.8534190">
    <ele>818.0</ele>
   </trkpt>
   <trkpt lat="37.1261480" lon="14.8534580">
    <ele>818.4</ele>
   </trkpt>
   <trkpt lat="37.1263030" lon="14.8535390">
    <ele>818.8</ele>
   </trkpt>
   <trkpt lat="37.1263170" lon="14.8536450">
    <ele>818.4</ele>
   </trkpt>
   <trkpt lat="37.1263260" lon="14.8537050">
    <ele>818.4</ele>
   </trkpt>
   <trkpt lat="37.1262950" lon="14.8537910">
    <ele>818.2</ele>
   </trkpt>
   <trkpt lat="37.1262980" lon="14.8538270">
    <ele>818.2</ele>
   </trkpt>
   <trkpt lat="37.1263060" lon="14.8538580">
    <ele>818.0</ele>
   </trkpt>
   <trkpt lat="37.1263050" lon="14.8538720">
    <ele>817.8</ele>
   </trkpt>
   <trkpt lat="37.1262810" lon="14.8538970">
    <ele>817.6</ele>
   </trkpt>
   <trkpt lat="37.1262640" lon="14.8539070">
    <ele>817.4</ele>
   </trkpt>
   <trkpt lat="37.1262560" lon="14.8539120">
    <ele>816.8</ele>
   </trkpt>
   <trkpt lat="37.1262290" lon="14.8539720">
    <ele>815.6</ele>
   </trkpt>
   <trkpt lat="37.1261280" lon="14.8541930">
    <ele>815.4</ele>
   </trkpt>
   <trkpt lat="37.1260210" lon="14.8544790">
    <ele>815.0</ele>
   </trkpt>
   <trkpt lat="37.1259410" lon="14.8546620">
    <ele>814.4</ele>
   </trkpt>
   <trkpt lat="37.1259180" lon="14.8547300">
    <ele>814.2</ele>
   </trkpt>
   <trkpt lat="37.1258500" lon="14.8549060">
    <ele>814.0</ele>
   </trkpt>
   <trkpt lat="37.1257130" lon="14.8552450">
    <ele>813.2</ele>
   </trkpt>
   <trkpt lat="37.1256330" lon="14.8554440">
    <ele>812.2</ele>
   </trkpt>
   <trkpt lat="37.1256140" lon="14.8555180">
    <ele>812.0</ele>
   </trkpt>
   <trkpt lat="37.1256150" lon="14.8557490">
    <ele>811.2</ele>
   </trkpt>
   <trkpt lat="37.1256340" lon="14.8558260">
    <ele>810.6</ele>
   </trkpt>
   <trkpt lat="37.1257130" lon="14.8560730">
    <ele>809.2</ele>
   </trkpt>
   <trkpt lat="37.1257460" lon="14.8561540">
    <ele>808.6</ele>
   </trkpt>
   <trkpt lat="37.1257890" lon="14.8562460">
    <ele>808.2</ele>
   </trkpt>
   <trkpt lat="37.1258810" lon="14.8563410">
    <ele>807.6</ele>
   </trkpt>
   <trkpt lat="37.1259910" lon="14.8564390">
    <ele>807.0</ele>
   </trkpt>
   <trkpt lat="37.1261180" lon="14.8565430">
    <ele>806.0</ele>
   </trkpt>
   <trkpt lat="37.1263080" lon="14.8566740">
    <ele>804.8</ele>
   </trkpt>
   <trkpt lat="37.1264260" lon="14.8567600">
    <ele>803.8</ele>
   </trkpt>
   <trkpt lat="37.1265890" lon="14.8568710">
    <ele>802.8</ele>
   </trkpt>
   <trkpt lat="37.1266930" lon="14.8569400">
    <ele>802.2</ele>
   </trkpt>
   <trkpt lat="37.1267900" lon="14.8570000">
    <ele>801.2</ele>
   </trkpt>
   <trkpt lat="37.1268770" lon="14.8570490">
    <ele>800.0</ele>
   </trkpt>
   <trkpt lat="37.1269650" lon="14.8570990">
    <ele>799.4</ele>
   </trkpt>
   <trkpt lat="37.1271140" lon="14.8571890">
    <ele>798.8</ele>
   </trkpt>
   <trkpt lat="37.1272880" lon="14.8572970">
    <ele>797.8</ele>
   </trkpt>
   <trkpt lat="37.1273480" lon="14.8573420">
    <ele>797.4</ele>
   </trkpt>
   <trkpt lat="37.1275970" lon="14.8575480">
    <ele>796.2</ele>
   </trkpt>
   <trkpt lat="37.1276620" lon="14.8576060">
    <ele>796.0</ele>
   </trkpt>
   <trkpt lat="37.1278810" lon="14.8577930">
    <ele>794.6</ele>
   </trkpt>
   <trkpt lat="37.1280040" lon="14.8579220">
    <ele>793.4</ele>
   </trkpt>
   <trkpt lat="37.1280690" lon="14.8580020">
    <ele>792.6</ele>
   </trkpt>
   <trkpt lat="37.1281740" lon="14.8582000">
    <ele>792.0</ele>
   </trkpt>
   <trkpt lat="37.1282460" lon="14.8584280">
    <ele>791.4</ele>
   </trkpt>
   <trkpt lat="37.1282570" lon="14.8585550">
    <ele>790.2</ele>
   </trkpt>
   <trkpt lat="37.1282500" lon="14.8588150">
    <ele>789.2</ele>
   </trkpt>
   <trkpt lat="37.1282440" lon="14.8593460">
    <ele>787.8</ele>
   </trkpt>
   <trkpt lat="37.1282460" lon="14.8594760">
    <ele>787.6</ele>
   </trkpt>
   <trkpt lat="37.1282470" lon="14.8596050">
    <ele>786.8</ele>
   </trkpt>
   <trkpt lat="37.1282630" lon="14.8598470">
    <ele>785.6</ele>
   </trkpt>
   <trkpt lat="37.1282920" lon="14.8599630">
    <ele>784.6</ele>
   </trkpt>
   <trkpt lat="37.1283400" lon="14.8600680">
    <ele>784.2</ele>
   </trkpt>
   <trkpt lat="37.1284110" lon="14.8601460">
    <ele>783.6</ele>
   </trkpt>
   <trkpt lat="37.1284930" lon="14.8601980">
    <ele>783.4</ele>
   </trkpt>
   <trkpt lat="37.1287580" lon="14.8603230">
    <ele>782.0</ele>
   </trkpt>
   <trkpt lat="37.1289080" lon="14.8604070">
    <ele>780.8</ele>
   </trkpt>
   <trkpt lat="37.1290260" lon="14.8604750">
    <ele>780.0</ele>
   </trkpt>
   <trkpt lat="37.1290830" lon="14.8604790">
    <ele>779.2</ele>
   </trkpt>
   <trkpt lat="37.1291320" lon="14.8604500">
    <ele>779.0</ele>
   </trkpt>
   <trkpt lat="37.1292000" lon="14.8603190">
    <ele>778.4</ele>
   </trkpt>
   <trkpt lat="37.1292110" lon="14.8602320">
    <ele>778.2</ele>
   </trkpt>
   <trkpt lat="37.1291990" lon="14.8601390">
    <ele>778.2</ele>
   </trkpt>
   <trkpt lat="37.1291660" lon="14.8599490">
    <ele>777.2</ele>
   </trkpt>
   <trkpt lat="37.1291520" lon="14.8598600">
    <ele>777.0</ele>
   </trkpt>
   <trkpt lat="37.1291070" lon="14.8596920">
    <ele>775.8</ele>
   </trkpt>
   <trkpt lat="37.1290310" lon="14.8595340">
    <ele>775.2</ele>
   </trkpt>
   <trkpt lat="37.1289780" lon="14.8594770">
    <ele>774.8</ele>
   </trkpt>
   <trkpt lat="37.1288510" lon="14.8593800">
    <ele>773.6</ele>
   </trkpt>
   <trkpt lat="37.1287900" lon="14.8593240">
    <ele>773.2</ele>
   </trkpt>
   <trkpt lat="37.1287010" lon="14.8591760">
    <ele>772.8</ele>
   </trkpt>
   <trkpt lat="37.1286690" lon="14.8589810">
    <ele>772.4</ele>
   </trkpt>
   <trkpt lat="37.1286630" lon="14.8588790">
    <ele>772.2</ele>
   </trkpt>
   <trkpt lat="37.1286620" lon="14.8586740">
    <ele>771.4</ele>
   </trkpt>
   <trkpt lat="37.1286750" lon="14.8584590">
    <ele>770.0</ele>
   </trkpt>
   <trkpt lat="37.1286810" lon="14.8582490">
    <ele>768.8</ele>
   </trkpt>
   <trkpt lat="37.1286930" lon="14.8578250">
    <ele>767.6</ele>
   </trkpt>
   <trkpt lat="37.1286990" lon="14.8576080">
    <ele>766.6</ele>
   </trkpt>
   <trkpt lat="37.1287120" lon="14.8572790">
    <ele>765.4</ele>
   </trkpt>
   <trkpt lat="37.1287150" lon="14.8570650">
    <ele>764.2</ele>
   </trkpt>
   <trkpt lat="37.1287080" lon="14.8569580">
    <ele>764.0</ele>
   </trkpt>
   <trkpt lat="37.1286890" lon="14.8568530">
    <ele>763.6</ele>
   </trkpt>
   <trkpt lat="37.1286630" lon="14.8567490">
    <ele>763.2</ele>
   </trkpt>
   <trkpt lat="37.1286280" lon="14.8566510">
    <ele>762.6</ele>
   </trkpt>
   <trkpt lat="37.1285920" lon="14.8565590">
    <ele>761.4</ele>
   </trkpt>
   <trkpt lat="37.1285570" lon="14.8564720">
    <ele>761.0</ele>
   </trkpt>
   <trkpt lat="37.1285300" lon="14.8563870">
    <ele>760.2</ele>
   </trkpt>
   <trkpt lat="37.1285170" lon="14.8562050">
    <ele>759.8</ele>
   </trkpt>
   <trkpt lat="37.1285710" lon="14.8560220">
    <ele>759.0</ele>
   </trkpt>
   <trkpt lat="37.1286000" lon="14.8559200">
    <ele>758.6</ele>
   </trkpt>
   <trkpt lat="37.1286200" lon="14.8557020">
    <ele>757.4</ele>
   </trkpt>
   <trkpt lat="37.1286180" lon="14.8554860">
    <ele>756.6</ele>
   </trkpt>
   <trkpt lat="37.1286100" lon="14.8553760">
    <ele>756.4</ele>
   </trkpt>
   <trkpt lat="37.1285720" lon="14.8550370">
    <ele>754.8</ele>
   </trkpt>
   <trkpt lat="37.1285370" lon="14.8548230">
    <ele>754.2</ele>
   </trkpt>
   <trkpt lat="37.1285030" lon="14.8546410">
    <ele>753.8</ele>
   </trkpt>
   <trkpt lat="37.1284860" lon="14.8545080">
    <ele>753.2</ele>
   </trkpt>
   <trkpt lat="37.1284920" lon="14.8544660">
    <ele>752.6</ele>
   </trkpt>
   <trkpt lat="37.1285110" lon="14.8544430">
    <ele>752.4</ele>
   </trkpt>
   <trkpt lat="37.1285740" lon="14.8544830">
    <ele>751.8</ele>
   </trkpt>
   <trkpt lat="37.1285980" lon="14.8545370">
    <ele>751.4</ele>
   </trkpt>
   <trkpt lat="37.1286230" lon="14.8546760">
    <ele>750.6</ele>
   </trkpt>
   <trkpt lat="37.1286360" lon="14.8547490">
    <ele>749.6</ele>
   </trkpt>
   <trkpt lat="37.1286670" lon="14.8549060">
    <ele>748.6</ele>
   </trkpt>
   <trkpt lat="37.1286830" lon="14.8549970">
    <ele>748.2</ele>
   </trkpt>
   <trkpt lat="37.1286980" lon="14.8550860">
    <ele>747.6</ele>
   </trkpt>
   <trkpt lat="37.1287200" lon="14.8551750">
    <ele>747.4</ele>
   </trkpt>
   <trkpt lat="37.1288010" lon="14.8555680">
    <ele>746.0</ele>
   </trkpt>
   <trkpt lat="37.1288190" lon="14.8556770">
    <ele>745.8</ele>
   </trkpt>
   <trkpt lat="37.1288420" lon="14.8557860">
    <ele>744.8</ele>
   </trkpt>
   <trkpt lat="37.1288880" lon="14.8560050">
    <ele>743.6</ele>
   </trkpt>
   <trkpt lat="37.1289430" lon="14.8562400">
    <ele>743.2</ele>
   </trkpt>
   <trkpt lat="37.1290820" lon="14.8566560">
    <ele>742.6</ele>
   </trkpt>
   <trkpt lat="37.1292020" lon="14.8569870">
    <ele>741.2</ele>
   </trkpt>
   <trkpt lat="37.1292380" lon="14.8572140">
    <ele>740.6</ele>
   </trkpt>
   <trkpt lat="37.1292540" lon="14.8574670">
    <ele>739.8</ele>
   </trkpt>
   <trkpt lat="37.1292580" lon="14.8575480">
    <ele>738.8</ele>
   </trkpt>
   <trkpt lat="37.1292720" lon="14.8576420">
    <ele>738.2</ele>
   </trkpt>
   <trkpt lat="37.1293110" lon="14.8577430">
    <ele>737.6</ele>
   </trkpt>
   <trkpt lat="37.1293540" lon="14.8577910">
    <ele>737.2</ele>
   </trkpt>
   <trkpt lat="37.1294310" lon="14.8578310">
    <ele>736.6</ele>
   </trkpt>
   <trkpt lat="37.1295090" lon="14.8578380">
    <ele>736.4</ele>
   </trkpt>
   <trkpt lat="37.1296680" lon="14.8578240">
    <ele>736.2</ele>
   </trkpt>
   <trkpt lat="37.1298150" lon="14.8578040">
    <ele>735.2</ele>
   </trkpt>
   <trkpt lat="37.1298980" lon="14.8578040">
    <ele>735.0</ele>
   </trkpt>
   <trkpt lat="37.1300620" lon="14.8578670">
    <ele>734.4</ele>
   </trkpt>
   <trkpt lat="37.1301350" lon="14.8579310">
    <ele>733.4</ele>
   </trkpt>
   <trkpt lat="37.1302070" lon="14.8580350">
    <ele>733.0</ele>
   </trkpt>
   <trkpt lat="37.1302410" lon="14.8581160">
    <ele>732.4</ele>
   </trkpt>
   <trkpt lat="37.1302740" lon="14.8582230">
    <ele>732.0</ele>
   </trkpt>
   <trkpt lat="37.1302940" lon="14.8583390">
    <ele>731.2</ele>
   </trkpt>
   <trkpt lat="37.1303110" lon="14.8584840">
    <ele>730.4</ele>
   </trkpt>
   <trkpt lat="37.1303490" lon="14.8587050">
    <ele>729.6</ele>
   </trkpt>
   <trkpt lat="37.1304420" lon="14.8590730">
    <ele>728.4</ele>
   </trkpt>
   <trkpt lat="37.1304940" lon="14.8592160">
    <ele>727.4</ele>
   </trkpt>
   <trkpt lat="37.1305340" lon="14.8593150">
    <ele>727.0</ele>
   </trkpt>
   <trkpt lat="37.1306780" lon="14.8596940">
    <ele>725.8</ele>
   </trkpt>
   <trkpt lat="37.1307110" lon="14.8598170">
    <ele>724.8</ele>
   </trkpt>
   <trkpt lat="37.1307970" lon="14.8601740">
    <ele>723.6</ele>
   </trkpt>
   <trkpt lat="37.1308370" lon="14.8602950">
    <ele>723.2</ele>
   </trkpt>
   <trkpt lat="37.1309490" lon="14.8605010">
    <ele>722.6</ele>
   </trkpt>
   <trkpt lat="37.1310010" lon="14.8605940">
    <ele>721.4</ele>
   </trkpt>
   <trkpt lat="37.1310440" lon="14.8606770">
    <ele>721.2</ele>
   </trkpt>
   <trkpt lat="37.1310610" lon="14.8607540">
    <ele>720.4</ele>
   </trkpt>
   <trkpt lat="37.1310590" lon="14.8608870">
    <ele>719.0</ele>
   </trkpt>
   <trkpt lat="37.1310080" lon="14.8610000">
    <ele>717.8</ele>
   </trkpt>
   <trkpt lat="37.1309670" lon="14.8610580">
    <ele>716.6</ele>
   </trkpt>
   <trkpt lat="37.1308810" lon="14.8611530">
    <ele>715.4</ele>
   </trkpt>
   <trkpt lat="37.1308150" lon="14.8612430">
    <ele>714.6</ele>
   </trkpt>
   <trkpt lat="37.1307880" lon="14.8612920">
    <ele>714.2</ele>
   </trkpt>
   <trkpt lat="37.1307610" lon="14.8613960">
    <ele>713.8</ele>
   </trkpt>
   <trkpt lat="37.1307280" lon="14.8616350">
    <ele>713.0</ele>
   </trkpt>
   <trkpt lat="37.1307270" lon="14.8617350">
    <ele>712.6</ele>
   </trkpt>
   <trkpt lat="37.1307420" lon="14.8618490">
    <ele>712.0</ele>
   </trkpt>
   <trkpt lat="37.1307600" lon="14.8619050">
    <ele>711.6</ele>
   </trkpt>
   <trkpt lat="37.1308010" lon="14.8620300">
    <ele>711.4</ele>
   </trkpt>
   <trkpt lat="37.1308590" lon="14.8621580">
    <ele>710.8</ele>
   </trkpt>
   <trkpt lat="37.1309110" lon="14.8623060">
    <ele>710.2</ele>
   </trkpt>
   <trkpt lat="37.1309290" lon="14.8623890">
    <ele>710.0</ele>
   </trkpt>
   <trkpt lat="37.1309420" lon="14.8624800">
    <ele>709.6</ele>
   </trkpt>
   <trkpt lat="37.1309730" lon="14.8627870">
    <ele>708.8</ele>
   </trkpt>
   <trkpt lat="37.1309890" lon="14.8629360">
    <ele>708.8</ele>
   </trkpt>
   <trkpt lat="37.1310220" lon="14.8632330">
    <ele>707.8</ele>
   </trkpt>
   <trkpt lat="37.1310360" lon="14.8632890">
    <ele>706.6</ele>
   </trkpt>
   <trkpt lat="37.1310490" lon="14.8633450">
    <ele>706.2</ele>
   </trkpt>
   <trkpt lat="37.1310860" lon="14.8634590">
    <ele>705.6</ele>
   </trkpt>
   <trkpt lat="37.1312480" lon="14.8638980">
    <ele>704.2</ele>
   </trkpt>
   <trkpt lat="37.1313160" lon="14.8641230">
    <ele>703.2</ele>
   </trkpt>
   <trkpt lat="37.1314800" lon="14.8645690">
    <ele>702.0</ele>
   </trkpt>
   <trkpt lat="37.1315180" lon="14.8646320">
    <ele>701.2</ele>
   </trkpt>
   <trkpt lat="37.1315560" lon="14.8646950">
    <ele>700.6</ele>
   </trkpt>
   <trkpt lat="37.1317100" lon="14.8649450">
    <ele>699.4</ele>
   </trkpt>
   <trkpt lat="37.1317530" lon="14.8650410">
    <ele>698.4</ele>
   </trkpt>
   <trkpt lat="37.1317840" lon="14.8651390">
    <ele>697.8</ele>
   </trkpt>
   <trkpt lat="37.1318270" lon="14.8653530">
    <ele>697.2</ele>
   </trkpt>
   <trkpt lat="37.1318830" lon="14.8655650">
    <ele>696.6</ele>
   </trkpt>
   <trkpt lat="37.1319810" lon="14.8657570">
    <ele>695.8</ele>
   </trkpt>
   <trkpt lat="37.1320450" lon="14.8658430">
    <ele>695.6</ele>
   </trkpt>
   <trkpt lat="37.1321160" lon="14.8659240">
    <ele>694.6</ele>
   </trkpt>
   <trkpt lat="37.1321920" lon="14.8660060">
    <ele>693.8</ele>
   </trkpt>
   <trkpt lat="37.1323490" lon="14.8661650">
    <ele>693.2</ele>
   </trkpt>
   <trkpt lat="37.1325590" lon="14.8663850">
    <ele>692.0</ele>
   </trkpt>
   <trkpt lat="37.1326240" lon="14.8664470">
    <ele>691.2</ele>
   </trkpt>
   <trkpt lat="37.1326800" lon="14.8664960">
    <ele>690.8</ele>
   </trkpt>
   <trkpt lat="37.1327300" lon="14.8665290">
    <ele>690.0</ele>
   </trkpt>
   <trkpt lat="37.1327760" lon="14.8665350">
    <ele>689.4</ele>
   </trkpt>
   <trkpt lat="37.1328160" lon="14.8665100">
    <ele>689.0</ele>
   </trkpt>
   <trkpt lat="37.1328400" lon="14.8664630">
    <ele>688.6</ele>
   </trkpt>
   <trkpt lat="37.1328530" lon="14.8664040">
    <ele>688.2</ele>
   </trkpt>
   <trkpt lat="37.1328220" lon="14.8662850">
    <ele>687.6</ele>
   </trkpt>
   <trkpt lat="37.1327900" lon="14.8662310">
    <ele>687.0</ele>
   </trkpt>
   <trkpt lat="37.1327160" lon="14.8661230">
    <ele>686.0</ele>
   </trkpt>
   <trkpt lat="37.1326090" lon="14.8659490">
    <ele>685.0</ele>
   </trkpt>
   <trkpt lat="37.1326090" lon="14.8659490">
    <ele>684.6</ele>
   </trkpt>
   <trkpt lat="37.1324950" lon="14.8657520">
    <ele>683.8</ele>
   </trkpt>
   <trkpt lat="37.1324790" lon="14.8657080">
    <ele>683.2</ele>
   </trkpt>
   <trkpt lat="37.1324900" lon="14.8656310">
    <ele>683.0</ele>
   </trkpt>
   <trkpt lat="37.1325180" lon="14.8656120">
    <ele>682.8</ele>
   </trkpt>
   <trkpt lat="37.1325850" lon="14.8655980">
    <ele>682.4</ele>
   </trkpt>
   <trkpt lat="37.1326280" lon="14.8656220">
    <ele>681.8</ele>
   </trkpt>
   <trkpt lat="37.1326700" lon="14.8656460">
    <ele>681.6</ele>
   </trkpt>
   <trkpt lat="37.1327660" lon="14.8657210">
    <ele>681.2</ele>
   </trkpt>
   <trkpt lat="37.1328410" lon="14.8658000">
    <ele>680.8</ele>
   </trkpt>
   <trkpt lat="37.1329160" lon="14.8658800">
    <ele>679.8</ele>
   </trkpt>
   <trkpt lat="37.1329360" lon="14.8659190">
    <ele>679.6</ele>
   </trkpt>
   <trkpt lat="37.1329550" lon="14.8659580">
    <ele>679.2</ele>
   </trkpt>
   <trkpt lat="37.1330340" lon="14.8661130">
    <ele>678.8</ele>
   </trkpt>
   <trkpt lat="37.1330650" lon="14.8662370">
    <ele>678.2</ele>
   </trkpt>
   <trkpt lat="37.1331590" lon="14.8666100">
    <ele>677.2</ele>
   </trkpt>
   <trkpt lat="37.1331930" lon="14.8667130">
    <ele>677.0</ele>
   </trkpt>
   <trkpt lat="37.1332350" lon="14.8668140">
    <ele>676.8</ele>
   </trkpt>
   <trkpt lat="37.1333340" lon="14.8670050">
    <ele>675.4</ele>
   </trkpt>
   <trkpt lat="37.1334950" lon="14.8672910">
    <ele>674.2</ele>
   </trkpt>
   <trkpt lat="37.1336120" lon="14.8674880">
    <ele>673.0</ele>
   </trkpt>
   <trkpt lat="37.1337400" lon="14.8676540">
    <ele>672.8</ele>
   </trkpt>
   <trkpt lat="37.1338000" lon="14.8677190">
    <ele>672.0</ele>
   </trkpt>
   <trkpt lat="37.1338220" lon="14.8677410">
    <ele>671.2</ele>
   </trkpt>
   <trkpt lat="37.1338440" lon="14.8677630">
    <ele>670.8</ele>
   </trkpt>
   <trkpt lat="37.1339320" lon="14.8678530">
    <ele>670.0</ele>
   </trkpt>
   <trkpt lat="37.1339580" lon="14.8678800">
    <ele>669.4</ele>
   </trkpt>
   <trkpt lat="37.1339580" lon="14.8678800">
    <ele>668.8</ele>
   </trkpt>
   <trkpt lat="37.1339580" lon="14.8678800">
    <ele>668.4</ele>
   </trkpt>
   <trkpt lat="37.1339740" lon="14.8678920">
    <ele>667.0</ele>
   </trkpt>
   <trkpt lat="37.1340260" lon="14.8679390">
    <ele>667.0</ele>
   </trkpt>
   <trkpt lat="37.1341980" lon="14.8680880">
    <ele>666.8</ele>
   </trkpt>
   <trkpt lat="37.1343960" lon="14.8682570">
    <ele>666.0</ele>
   </trkpt>
   <trkpt lat="37.1344450" lon="14.8683070">
    <ele>665.6</ele>
   </trkpt>
   <trkpt lat="37.1346910" lon="14.8686190">
    <ele>664.8</ele>
   </trkpt>
   <trkpt lat="37.1347470" lon="14.8687190">
    <ele>664.6</ele>
   </trkpt>
   <trkpt lat="37.1348670" lon="14.8689880">
    <ele>663.6</ele>
   </trkpt>
   <trkpt lat="37.1349990" lon="14.8692940">
    <ele>662.8</ele>
   </trkpt>
   <trkpt lat="37.1350460" lon="14.8693510">
    <ele>662.4</ele>
   </trkpt>
   <trkpt lat="37.1350920" lon="14.8694080">
    <ele>661.8</ele>
   </trkpt>
   <trkpt lat="37.1352780" lon="14.8696360">
    <ele>661.0</ele>
   </trkpt>
   <trkpt lat="37.1353670" lon="14.8697000">
    <ele>660.0</ele>
   </trkpt>
   <trkpt lat="37.1354940" lon="14.8697830">
    <ele>659.8</ele>
   </trkpt>
   <trkpt lat="37.1357480" lon="14.8699490">
    <ele>658.4</ele>
   </trkpt>
   <trkpt lat="37.1358440" lon="14.8700180">
    <ele>658.0</ele>
   </trkpt>
   <trkpt lat="37.1359390" lon="14.8700890">
    <ele>657.6</ele>
   </trkpt>
   <trkpt lat="37.1361090" lon="14.8702730">
    <ele>656.6</ele>
   </trkpt>
   <trkpt lat="37.1361710" lon="14.8703950">
    <ele>656.4</ele>
   </trkpt>
   <trkpt lat="37.1362780" lon="14.8706480">
    <ele>655.4</ele>
   </trkpt>
   <trkpt lat="37.1364530" lon="14.8710220">
    <ele>653.4</ele>
   </trkpt>
   <trkpt lat="37.1365690" lon="14.8712790">
    <ele>652.2</ele>
   </trkpt>
   <trkpt lat="37.1366840" lon="14.8715360">
    <ele>650.6</ele>
   </trkpt>
   <trkpt lat="37.1368010" lon="14.8717980">
    <ele>649.6</ele>
   </trkpt>
   <trkpt lat="37.1368670" lon="14.8719210">
    <ele>649.0</ele>
   </trkpt>
   <trkpt lat="37.1369410" lon="14.8720370">
    <ele>648.6</ele>
   </trkpt>
   <trkpt lat="37.1370230" lon="14.8721460">
    <ele>648.0</ele>
   </trkpt>
   <trkpt lat="37.1371970" lon="14.8723430">
    <ele>646.2</ele>
   </trkpt>
   <trkpt lat="37.1373180" lon="14.8725070">
    <ele>646.0</ele>
   </trkpt>
   <trkpt lat="37.1374390" lon="14.8726700">
    <ele>645.2</ele>
   </trkpt>
   <trkpt lat="37.1374880" lon="14.8728020">
    <ele>644.6</ele>
   </trkpt>
   <trkpt lat="37.1375370" lon="14.8729320">
    <ele>644.0</ele>
   </trkpt>
   <trkpt lat="37.1375960" lon="14.8730560">
    <ele>643.4</ele>
   </trkpt>
   <trkpt lat="37.1376650" lon="14.8731660">
    <ele>642.6</ele>
   </trkpt>
   <trkpt lat="37.1377440" lon="14.8732680">
    <ele>642.2</ele>
   </trkpt>
   <trkpt lat="37.1378270" lon="14.8733660">
    <ele>641.2</ele>
   </trkpt>
   <trkpt lat="37.1381610" lon="14.8737360">
    <ele>640.2</ele>
   </trkpt>
   <trkpt lat="37.1383280" lon="14.8739210">
    <ele>639.2</ele>
   </trkpt>
   <trkpt lat="37.1384100" lon="14.8740160">
    <ele>638.6</ele>
   </trkpt>
   <trkpt lat="37.1386720" lon="14.8743020">
    <ele>637.0</ele>
   </trkpt>
   <trkpt lat="37.1389430" lon="14.8746030">
    <ele>636.0</ele>
   </trkpt>
   <trkpt lat="37.1390330" lon="14.8747020">
    <ele>634.8</ele>
   </trkpt>
   <trkpt lat="37.1392190" lon="14.8749030">
    <ele>633.6</ele>
   </trkpt>
   <trkpt lat="37.1393130" lon="14.8750060">
    <ele>632.6</ele>
   </trkpt>
   <trkpt lat="37.1394260" lon="14.8751370">
    <ele>631.0</ele>
   </trkpt>
   <trkpt lat="37.1396970" lon="14.8754450">
    <ele>629.8</ele>
   </trkpt>
   <trkpt lat="37.1397990" lon="14.8755550">
    <ele>629.2</ele>
   </trkpt>
   <trkpt lat="37.1399010" lon="14.8756600">
    <ele>628.2</ele>
   </trkpt>
   <trkpt lat="37.1401050" lon="14.8758710">
    <ele>626.4</ele>
   </trkpt>
   <trkpt lat="37.1403060" lon="14.8760840">
    <ele>625.0</ele>
   </trkpt>
   <trkpt lat="37.1403980" lon="14.8761980">
    <ele>624.2</ele>
   </trkpt>
   <trkpt lat="37.1404790" lon="14.8763220">
    <ele>624.0</ele>
   </trkpt>
   <trkpt lat="37.1405490" lon="14.8764560">
    <ele>622.6</ele>
   </trkpt>
   <trkpt lat="37.1406990" lon="14.8767150">
    <ele>620.8</ele>
   </trkpt>
   <trkpt lat="37.1407960" lon="14.8768230">
    <ele>620.2</ele>
   </trkpt>
   <trkpt lat="37.1409340" lon="14.8769420">
    <ele>619.2</ele>
   </trkpt>
   <trkpt lat="37.1410730" lon="14.8770620">
    <ele>617.2</ele>
   </trkpt>
   <trkpt lat="37.1413500" lon="14.8773020">
    <ele>616.0</ele>
   </trkpt>
   <trkpt lat="37.1414460" lon="14.8774150">
    <ele>614.8</ele>
   </trkpt>
   <trkpt lat="37.1416070" lon="14.8776700">
    <ele>613.2</ele>
   </trkpt>
   <trkpt lat="37.1417400" lon="14.8779390">
    <ele>611.4</ele>
   </trkpt>
   <trkpt lat="37.1417900" lon="14.8780830">
    <ele>610.8</ele>
   </trkpt>
   <trkpt lat="37.1418340" lon="14.8782280">
    <ele>609.8</ele>
   </trkpt>
   <trkpt lat="37.1418760" lon="14.8783740">
    <ele>608.6</ele>
   </trkpt>
   <trkpt lat="37.1419580" lon="14.8785740">
    <ele>608.2</ele>
   </trkpt>
   <trkpt lat="37.1420400" lon="14.8787750">
    <ele>607.8</ele>
   </trkpt>
   <trkpt lat="37.1421260" lon="14.8788720">
    <ele>607.4</ele>
   </trkpt>
   <trkpt lat="37.1422210" lon="14.8789560">
    <ele>606.2</ele>
   </trkpt>
   <trkpt lat="37.1426730" lon="14.8794230">
    <ele>604.6</ele>
   </trkpt>
   <trkpt lat="37.1427560" lon="14.8795290">
    <ele>603.4</ele>
   </trkpt>
   <trkpt lat="37.1430140" lon="14.8798160">
    <ele>602.8</ele>
   </trkpt>
   <trkpt lat="37.1431190" lon="14.8798740">
    <ele>602.2</ele>
   </trkpt>
   <trkpt lat="37.1434570" lon="14.8800180">
    <ele>601.0</ele>
   </trkpt>
   <trkpt lat="37.1435620" lon="14.8800890">
    <ele>600.6</ele>
   </trkpt>
   <trkpt lat="37.1436180" lon="14.8801570">
    <ele>600.0</ele>
   </trkpt>
   <trkpt lat="37.1436740" lon="14.8802240">
    <ele>599.6</ele>
   </trkpt>
   <trkpt lat="37.1438990" lon="14.8804950">
    <ele>598.8</ele>
   </trkpt>
   <trkpt lat="37.1439930" lon="14.8808850">
    <ele>597.4</ele>
   </trkpt>
   <trkpt lat="37.1440020" lon="14.8811560">
    <ele>596.0</ele>
   </trkpt>
   <trkpt lat="37.1440150" lon="14.8814240">
    <ele>594.8</ele>
   </trkpt>
   <trkpt lat="37.1440310" lon="14.8815530">
    <ele>594.4</ele>
   </trkpt>
   <trkpt lat="37.1440810" lon="14.8818000">
    <ele>593.4</ele>
   </trkpt>
   <trkpt lat="37.1441560" lon="14.8820440">
    <ele>592.8</ele>
   </trkpt>
   <trkpt lat="37.1442130" lon="14.8821160">
    <ele>592.4</ele>
   </trkpt>
   <trkpt lat="37.1442690" lon="14.8821880">
    <ele>592.2</ele>
   </trkpt>
   <trkpt lat="37.1443810" lon="14.8823320">
    <ele>591.8</ele>
   </trkpt>
   <trkpt lat="37.1445720" lon="14.8824870">
    <ele>591.2</ele>
   </trkpt>
   <trkpt lat="37.1448650" lon="14.8827220">
    <ele>590.4</ele>
   </trkpt>
   <trkpt lat="37.1449630" lon="14.8827980">
    <ele>589.8</ele>
   </trkpt>
   <trkpt lat="37.1451590" lon="14.8829580">
    <ele>588.2</ele>
   </trkpt>
   <trkpt lat="37.1454570" lon="14.8832070">
    <ele>587.0</ele>
   </trkpt>
   <trkpt lat="37.1456380" lon="14.8833990">
    <ele>585.4</ele>
   </trkpt>
   <trkpt lat="37.1457520" lon="14.8836590">
    <ele>584.4</ele>
   </trkpt>
   <trkpt lat="37.1458200" lon="14.8838780">
    <ele>583.8</ele>
   </trkpt>
   <trkpt lat="37.1458870" lon="14.8840970">
    <ele>583.2</ele>
   </trkpt>
   <trkpt lat="37.1459830" lon="14.8843990">
    <ele>582.2</ele>
   </trkpt>
   <trkpt lat="37.1460920" lon="14.8846800">
    <ele>580.6</ele>
   </trkpt>
   <trkpt lat="37.1462900" lon="14.8848970">
    <ele>579.4</ele>
   </trkpt>
   <trkpt lat="37.1465020" lon="14.8849590">
    <ele>577.8</ele>
   </trkpt>
   <trkpt lat="37.1465610" lon="14.8849770">
    <ele>576.8</ele>
   </trkpt>
   <trkpt lat="37.1466200" lon="14.8849950">
    <ele>576.4</ele>
   </trkpt>
   <trkpt lat="37.1468190" lon="14.8850770">
    <ele>575.2</ele>
   </trkpt>
   <trkpt lat="37.1468980" lon="14.8851240">
    <ele>574.8</ele>
   </trkpt>
   <trkpt lat="37.1470580" lon="14.8852180">
    <ele>574.0</ele>
   </trkpt>
   <trkpt lat="37.1472480" lon="14.8853710">
    <ele>573.0</ele>
   </trkpt>
   <trkpt lat="37.1474320" lon="14.8855150">
    <ele>572.6</ele>
   </trkpt>
   <trkpt lat="37.1476170" lon="14.8856600">
    <ele>572.0</ele>
   </trkpt>
   <trkpt lat="37.1478750" lon="14.8858790">
    <ele>571.4</ele>
   </trkpt>
   <trkpt lat="37.1481020" lon="14.8861130">
    <ele>571.2</ele>
   </trkpt>
   <trkpt lat="37.1481370" lon="14.8861750">
    <ele>571.2</ele>
   </trkpt>
   <trkpt lat="37.1481710" lon="14.8862370">
    <ele>571.2</ele>
   </trkpt>
   <trkpt lat="37.1483090" lon="14.8864860">
    <ele>570.8</ele>
   </trkpt>
   <trkpt lat="37.1486160" lon="14.8870110">
    <ele>571.2</ele>
   </trkpt>
   <trkpt lat="37.1490490" lon="14.8875730">
    <ele>571.0</ele>
   </trkpt>
   <trkpt lat="37.1491840" lon="14.8877500">
    <ele>570.0</ele>
   </trkpt>
   <trkpt lat="37.1493360" lon="14.8879160">
    <ele>569.2</ele>
   </trkpt>
   <trkpt lat="37.1494250" lon="14.8879820">
    <ele>568.8</ele>
   </trkpt>
   <trkpt lat="37.1496200" lon="14.8880940">
    <ele>566.8</ele>
   </trkpt>
   <trkpt lat="37.1497230" lon="14.8881420">
    <ele>566.0</ele>
   </trkpt>
   <trkpt lat="37.1498570" lon="14.8882040">
    <ele>565.4</ele>
   </trkpt>
   <trkpt lat="37.1502590" lon="14.8883910">
    <ele>563.8</ele>
   </trkpt>
   <trkpt lat="37.1503690" lon="14.8884320">
    <ele>563.2</ele>
   </trkpt>
   <trkpt lat="37.1504800" lon="14.8884570">
    <ele>562.8</ele>
   </trkpt>
   <trkpt lat="37.1505960" lon="14.8884630">
    <ele>562.2</ele>
   </trkpt>
   <trkpt lat="37.1507140" lon="14.8884560">
    <ele>561.6</ele>
   </trkpt>
   <trkpt lat="37.1508300" lon="14.8884420">
    <ele>560.8</ele>
   </trkpt>
   <trkpt lat="37.1509440" lon="14.8884260">
    <ele>560.0</ele>
   </trkpt>
   <trkpt lat="37.1511690" lon="14.8884010">
    <ele>558.6</ele>
   </trkpt>
   <trkpt lat="37.1515010" lon="14.8883880">
    <ele>557.4</ele>
   </trkpt>
   <trkpt lat="37.1516020" lon="14.8884050">
    <ele>556.6</ele>
   </trkpt>
   <trkpt lat="37.1516940" lon="14.8884600">
    <ele>556.4</ele>
   </trkpt>
   <trkpt lat="37.1517750" lon="14.8885410">
    <ele>555.8</ele>
   </trkpt>
   <trkpt lat="37.1518450" lon="14.8886370">
    <ele>554.8</ele>
   </trkpt>
   <trkpt lat="37.1519030" lon="14.8887470">
    <ele>554.6</ele>
   </trkpt>
   <trkpt lat="37.1519420" lon="14.8888760">
    <ele>553.8</ele>
   </trkpt>
   <trkpt lat="37.1519680" lon="14.8890100">
    <ele>553.4</ele>
   </trkpt>
   <trkpt lat="37.1519950" lon="14.8892140">
    <ele>552.6</ele>
   </trkpt>
   <trkpt lat="37.1520230" lon="14.8894180">
    <ele>551.4</ele>
   </trkpt>
   <trkpt lat="37.1521050" lon="14.8898260">
    <ele>549.8</ele>
   </trkpt>
   <trkpt lat="37.1521900" lon="14.8900950">
    <ele>548.8</ele>
   </trkpt>
   <trkpt lat="37.1522380" lon="14.8902290">
    <ele>548.6</ele>
   </trkpt>
   <trkpt lat="37.1522960" lon="14.8903490">
    <ele>548.0</ele>
   </trkpt>
   <trkpt lat="37.1523640" lon="14.8904570">
    <ele>547.6</ele>
   </trkpt>
   <trkpt lat="37.1524410" lon="14.8905560">
    <ele>546.6</ele>
   </trkpt>
   <trkpt lat="37.1525200" lon="14.8906450">
    <ele>546.4</ele>
   </trkpt>
   <trkpt lat="37.1526040" lon="14.8907120">
    <ele>545.8</ele>
   </trkpt>
   <trkpt lat="37.1526970" lon="14.8907410">
    <ele>545.0</ele>
   </trkpt>
   <trkpt lat="37.1527970" lon="14.8907420">
    <ele>544.6</ele>
   </trkpt>
   <trkpt lat="37.1529890" lon="14.8906470">
    <ele>543.6</ele>
   </trkpt>
   <trkpt lat="37.1531630" lon="14.8905020">
    <ele>542.6</ele>
   </trkpt>
   <trkpt lat="37.1534210" lon="14.8902790">
    <ele>541.0</ele>
   </trkpt>
   <trkpt lat="37.1536160" lon="14.8901670">
    <ele>539.8</ele>
   </trkpt>
   <trkpt lat="37.1537200" lon="14.8901600">
    <ele>539.2</ele>
   </trkpt>
   <trkpt lat="37.1538280" lon="14.8901800">
    <ele>538.6</ele>
   </trkpt>
   <trkpt lat="37.1539280" lon="14.8902350">
    <ele>537.4</ele>
   </trkpt>
   <trkpt lat="37.1541100" lon="14.8903980">
    <ele>535.8</ele>
   </trkpt>
   <trkpt lat="37.1542650" lon="14.8905920">
    <ele>534.6</ele>
   </trkpt>
   <trkpt lat="37.1543310" lon="14.8907040">
    <ele>533.8</ele>
   </trkpt>
   <trkpt lat="37.1543860" lon="14.8908180">
    <ele>533.4</ele>
   </trkpt>
   <trkpt lat="37.1544360" lon="14.8909340">
    <ele>532.6</ele>
   </trkpt>
   <trkpt lat="37.1544850" lon="14.8910490">
    <ele>532.4</ele>
   </trkpt>
   <trkpt lat="37.1546130" lon="14.8913960">
    <ele>531.0</ele>
   </trkpt>
   <trkpt lat="37.1546440" lon="14.8915180">
    <ele>530.8</ele>
   </trkpt>
   <trkpt lat="37.1547210" lon="14.8920140">
    <ele>530.0</ele>
   </trkpt>
   <trkpt lat="37.1547370" lon="14.8921370">
    <ele>529.8</ele>
   </trkpt>
   <trkpt lat="37.1547770" lon="14.8925010">
    <ele>528.8</ele>
   </trkpt>
   <trkpt lat="37.1548120" lon="14.8927500">
    <ele>528.2</ele>
   </trkpt>
   <trkpt lat="37.1548430" lon="14.8929890">
    <ele>527.6</ele>
   </trkpt>
   <trkpt lat="37.1549290" lon="14.8933320">
    <ele>526.4</ele>
   </trkpt>
   <trkpt lat="37.1551000" lon="14.8936290">
    <ele>525.6</ele>
   </trkpt>
   <trkpt lat="37.1551680" lon="14.8937160">
    <ele>525.4</ele>
   </trkpt>
   <trkpt lat="37.1555400" lon="14.8940650">
    <ele>524.0</ele>
   </trkpt>
   <trkpt lat="37.1558740" lon="14.8943100">
    <ele>523.2</ele>
   </trkpt>
   <trkpt lat="37.1559300" lon="14.8943280">
    <ele>522.8</ele>
   </trkpt>
   <trkpt lat="37.1559860" lon="14.8943460">
    <ele>522.8</ele>
   </trkpt>
   <trkpt lat="37.1563220" lon="14.8944540">
    <ele>522.2</ele>
   </trkpt>
   <trkpt lat="37.1564250" lon="14.8944640">
    <ele>522.0</ele>
   </trkpt>
   <trkpt lat="37.1564620" lon="14.8944640">
    <ele>521.8</ele>
   </trkpt>
   <trkpt lat="37.1564980" lon="14.8944630">
    <ele>521.6</ele>
   </trkpt>
   <trkpt lat="37.1566340" lon="14.8944490">
    <ele>521.2</ele>
   </trkpt>
   <trkpt lat="37.1566960" lon="14.8944360">
    <ele>520.8</ele>
   </trkpt>
   <trkpt lat="37.1568200" lon="14.8944100">
    <ele>520.6</ele>
   </trkpt>
   <trkpt lat="37.1569620" lon="14.8943660">
    <ele>520.2</ele>
   </trkpt>
   <trkpt lat="37.1570550" lon="14.8943390">
    <ele>519.8</ele>
   </trkpt>
   <trkpt lat="37.1574430" lon="14.8943000">
    <ele>518.8</ele>
   </trkpt>
   <trkpt lat="37.1575200" lon="14.8943020">
    <ele>518.6</ele>
   </trkpt>
   <trkpt lat="37.1576480" lon="14.8943330">
    <ele>518.2</ele>
   </trkpt>
   <trkpt lat="37.1577310" lon="14.8943690">
    <ele>518.0</ele>
   </trkpt>
   <trkpt lat="37.1578580" lon="14.8944660">
    <ele>517.6</ele>
   </trkpt>
   <trkpt lat="37.1579480" lon="14.8945960">
    <ele>517.4</ele>
   </trkpt>
   <trkpt lat="37.1579500" lon="14.8947750">
    <ele>516.8</ele>
   </trkpt>
   <trkpt lat="37.1578660" lon="14.8948930">
    <ele>516.4</ele>
   </trkpt>
   <trkpt lat="37.1578050" lon="14.8949770">
    <ele>516.2</ele>
   </trkpt>
   <trkpt lat="37.1577740" lon="14.8950450">
    <ele>516.2</ele>
   </trkpt>
   <trkpt lat="37.1577420" lon="14.8952390">
    <ele>515.8</ele>
   </trkpt>
   <trkpt lat="37.1577750" lon="14.8954530">
    <ele>515.2</ele>
   </trkpt>
   <trkpt lat="37.1578090" lon="14.8955500">
    <ele>515.0</ele>
   </trkpt>
   <trkpt lat="37.1579510" lon="14.8959190">
    <ele>514.6</ele>
   </trkpt>
   <trkpt lat="37.1580110" lon="14.8960280">
    <ele>514.2</ele>
   </trkpt>
   <trkpt lat="37.1580600" lon="14.8961000">
    <ele>514.0</ele>
   </trkpt>
   <trkpt lat="37.1582090" lon="14.8962330">
    <ele>513.4</ele>
   </trkpt>
   <trkpt lat="37.1582850" lon="14.8962760">
    <ele>513.4</ele>
   </trkpt>
   <trkpt lat="37.1583610" lon="14.8963180">
    <ele>512.8</ele>
   </trkpt>
   <trkpt lat="37.1585090" lon="14.8964070">
    <ele>512.0</ele>
   </trkpt>
   <trkpt lat="37.1586180" lon="14.8965180">
    <ele>511.4</ele>
   </trkpt>
   <trkpt lat="37.1587370" lon="14.8967750">
    <ele>510.6</ele>
   </trkpt>
   <trkpt lat="37.1587720" lon="14.8968840">
    <ele>510.2</ele>
   </trkpt>
   <trkpt lat="37.1588500" lon="14.8971440">
    <ele>509.2</ele>
   </trkpt>
   <trkpt lat="37.1588750" lon="14.8972630">
    <ele>508.8</ele>
   </trkpt>
   <trkpt lat="37.1588860" lon="14.8973440">
    <ele>508.4</ele>
   </trkpt>
   <trkpt lat="37.1589120" lon="14.8975490">
    <ele>508.0</ele>
   </trkpt>
   <trkpt lat="37.1589480" lon="14.8979620">
    <ele>507.0</ele>
   </trkpt>
   <trkpt lat="37.1590010" lon="14.8981830">
    <ele>506.6</ele>
   </trkpt>
   <trkpt lat="37.1590370" lon="14.8982580">
    <ele>506.4</ele>
   </trkpt>
   <trkpt lat="37.1591050" lon="14.8983580">
    <ele>506.2</ele>
   </trkpt>
   <trkpt lat="37.1592350" lon="14.8984580">
    <ele>506.0</ele>
   </trkpt>
   <trkpt lat="37.1593280" lon="14.8985020">
    <ele>505.6</ele>
   </trkpt>
   <trkpt lat="37.1594070" lon="14.8985370">
    <ele>505.2</ele>
   </trkpt>
   <trkpt lat="37.1595300" lon="14.8986350">
    <ele>504.8</ele>
   </trkpt>
   <trkpt lat="37.1596060" lon="14.8988010">
    <ele>504.4</ele>
   </trkpt>
   <trkpt lat="37.1596810" lon="14.8993270">
    <ele>503.8</ele>
   </trkpt>
   <trkpt lat="37.1597330" lon="14.8997620">
    <ele>503.6</ele>
   </trkpt>
   <trkpt lat="37.1597860" lon="14.9001970">
    <ele>502.8</ele>
   </trkpt>
   <trkpt lat="37.1597990" lon="14.9003050">
    <ele>502.4</ele>
   </trkpt>
   <trkpt lat="37.1598250" lon="14.9007170">
    <ele>501.4</ele>
   </trkpt>
   <trkpt lat="37.1598150" lon="14.9008260">
    <ele>501.2</ele>
   </trkpt>
   <trkpt lat="37.1597270" lon="14.9013540">
    <ele>500.4</ele>
   </trkpt>
   <trkpt lat="37.1597040" lon="14.9015710">
    <ele>500.0</ele>
   </trkpt>
   <trkpt lat="37.1597030" lon="14.9021660">
    <ele>499.6</ele>
   </trkpt>
   <trkpt lat="37.1597120" lon="14.9022840">
    <ele>499.4</ele>
   </trkpt>
   <trkpt lat="37.1597350" lon="14.9026200">
    <ele>498.2</ele>
   </trkpt>
   <trkpt lat="37.1597490" lon="14.9028320">
    <ele>496.6</ele>
   </trkpt>
   <trkpt lat="37.1597610" lon="14.9029310">
    <ele>496.4</ele>
   </trkpt>
   <trkpt lat="37.1597840" lon="14.9031310">
    <ele>495.2</ele>
   </trkpt>
   <trkpt lat="37.1598280" lon="14.9032550">
    <ele>495.0</ele>
   </trkpt>
   <trkpt lat="37.1599150" lon="14.9035010">
    <ele>494.6</ele>
   </trkpt>
   <trkpt lat="37.1599620" lon="14.9035830">
    <ele>494.2</ele>
   </trkpt>
   <trkpt lat="37.1600570" lon="14.9037510">
    <ele>494.0</ele>
   </trkpt>
   <trkpt lat="37.1602970" lon="14.9041470">
    <ele>493.0</ele>
   </trkpt>
   <trkpt lat="37.1605150" lon="14.9045390">
    <ele>492.2</ele>
   </trkpt>
   <trkpt lat="37.1606470" lon="14.9047810">
    <ele>491.8</ele>
   </trkpt>
   <trkpt lat="37.1610130" lon="14.9052920">
    <ele>491.2</ele>
   </trkpt>
   <trkpt lat="37.1613250" lon="14.9057220">
    <ele>490.2</ele>
   </trkpt>
   <trkpt lat="37.1615100" lon="14.9060090">
    <ele>490.0</ele>
   </trkpt>
   <trkpt lat="37.1618900" lon="14.9065990">
    <ele>489.6</ele>
   </trkpt>
   <trkpt lat="37.1619430" lon="14.9066730">
    <ele>489.4</ele>
   </trkpt>
   <trkpt lat="37.1622910" lon="14.9070720">
    <ele>488.6</ele>
   </trkpt>
   <trkpt lat="37.1623410" lon="14.9071450">
    <ele>488.4</ele>
   </trkpt>
   <trkpt lat="37.1623800" lon="14.9072280">
    <ele>488.2</ele>
   </trkpt>
   <trkpt lat="37.1623900" lon="14.9072830">
    <ele>488.0</ele>
   </trkpt>
   <trkpt lat="37.1624000" lon="14.9073380">
    <ele>488.0</ele>
   </trkpt>
   <trkpt lat="37.1624600" lon="14.9076690">
    <ele>487.6</ele>
   </trkpt>
   <trkpt lat="37.1624990" lon="14.9078350">
    <ele>487.2</ele>
   </trkpt>
   <trkpt lat="37.1625800" lon="14.9080790">
    <ele>487.0</ele>
   </trkpt>
   <trkpt lat="37.1627730" lon="14.9084550">
    <ele>487.2</ele>
   </trkpt>
   <trkpt lat="37.1628240" lon="14.9085170">
    <ele>487.0</ele>
   </trkpt>
   <trkpt lat="37.1631200" lon="14.9088010">
    <ele>486.8</ele>
   </trkpt>
   <trkpt lat="37.1633710" lon="14.9090530">
    <ele>486.6</ele>
   </trkpt>
   <trkpt lat="37.1635500" lon="14.9092400">
    <ele>486.0</ele>
   </trkpt>
   <trkpt lat="37.1636890" lon="14.9093980">
    <ele>485.6</ele>
   </trkpt>
   <trkpt lat="37.1638310" lon="14.9095300">
    <ele>485.8</ele>
   </trkpt>
   <trkpt lat="37.1639730" lon="14.9096630">
    <ele>484.6</ele>
   </trkpt>
   <trkpt lat="37.1641930" lon="14.9098390">
    <ele>483.4</ele>
   </trkpt>
   <trkpt lat="37.1644670" lon="14.9100260">
    <ele>482.6</ele>
   </trkpt>
   <trkpt lat="37.1645610" lon="14.9100660">
    <ele>482.2</ele>
   </trkpt>
   <trkpt lat="37.1646610" lon="14.9100970">
    <ele>481.8</ele>
   </trkpt>
   <trkpt lat="37.1648640" lon="14.9101530">
    <ele>481.0</ele>
   </trkpt>
   <trkpt lat="37.1650680" lon="14.9102190">
    <ele>480.0</ele>
   </trkpt>
   <trkpt lat="37.1652770" lon="14.9102910">
    <ele>478.8</ele>
   </trkpt>
   <trkpt lat="37.1653840" lon="14.9103280">
    <ele>478.4</ele>
   </trkpt>
   <trkpt lat="37.1654940" lon="14.9103540">
    <ele>477.4</ele>
   </trkpt>
   <trkpt lat="37.1657160" lon="14.9103400">
    <ele>476.2</ele>
   </trkpt>
   <trkpt lat="37.1659230" lon="14.9102310">
    <ele>475.0</ele>
   </trkpt>
   <trkpt lat="37.1660180" lon="14.9101600">
    <ele>474.4</ele>
   </trkpt>
   <trkpt lat="37.1661170" lon="14.9100980">
    <ele>473.8</ele>
   </trkpt>
   <trkpt lat="37.1663280" lon="14.9100300">
    <ele>472.8</ele>
   </trkpt>
   <trkpt lat="37.1664310" lon="14.9100400">
    <ele>472.2</ele>
   </trkpt>
   <trkpt lat="37.1665290" lon="14.9100810">
    <ele>471.6</ele>
   </trkpt>
   <trkpt lat="37.1666260" lon="14.9101360">
    <ele>470.8</ele>
   </trkpt>
   <trkpt lat="37.1668230" lon="14.9102330">
    <ele>470.2</ele>
   </trkpt>
   <trkpt lat="37.1669260" lon="14.9102760">
    <ele>470.0</ele>
   </trkpt>
   <trkpt lat="37.1670290" lon="14.9103220">
    <ele>469.6</ele>
   </trkpt>
   <trkpt lat="37.1673330" lon="14.9104760">
    <ele>467.8</ele>
   </trkpt>
   <trkpt lat="37.1674340" lon="14.9105060">
    <ele>467.4</ele>
   </trkpt>
   <trkpt lat="37.1675410" lon="14.9105090">
    <ele>466.8</ele>
   </trkpt>
   <trkpt lat="37.1676430" lon="14.9104760">
    <ele>466.2</ele>
   </trkpt>
   <trkpt lat="37.1677350" lon="14.9104230">
    <ele>465.8</ele>
   </trkpt>
   <trkpt lat="37.1678180" lon="14.9103470">
    <ele>465.4</ele>
   </trkpt>
   <trkpt lat="37.1678930" lon="14.9102630">
    <ele>465.2</ele>
   </trkpt>
   <trkpt lat="37.1679790" lon="14.9102040">
    <ele>464.4</ele>
   </trkpt>
   <trkpt lat="37.1680740" lon="14.9101700">
    <ele>464.0</ele>
   </trkpt>
   <trkpt lat="37.1681690" lon="14.9101680">
    <ele>463.4</ele>
   </trkpt>
   <trkpt lat="37.1682350" lon="14.9102040">
    <ele>463.2</ele>
   </trkpt>
   <trkpt lat="37.1683000" lon="14.9102400">
    <ele>462.4</ele>
   </trkpt>
   <trkpt lat="37.1684310" lon="14.9103120">
    <ele>462.2</ele>
   </trkpt>
   <trkpt lat="37.1684970" lon="14.9103720">
    <ele>461.4</ele>
   </trkpt>
   <trkpt lat="37.1686760" lon="14.9105440">
    <ele>460.4</ele>
   </trkpt>
   <trkpt lat="37.1688520" lon="14.9106850">
    <ele>459.6</ele>
   </trkpt>
   <trkpt lat="37.1689490" lon="14.9107280">
    <ele>459.2</ele>
   </trkpt>
   <trkpt lat="37.1690450" lon="14.9107360">
    <ele>458.8</ele>
   </trkpt>
   <trkpt lat="37.1691390" lon="14.9107090">
    <ele>458.2</ele>
   </trkpt>
   <trkpt lat="37.1692200" lon="14.9106560">
    <ele>457.8</ele>
   </trkpt>
   <trkpt lat="37.1692830" lon="14.9105790">
    <ele>457.2</ele>
   </trkpt>
   <trkpt lat="37.1693320" lon="14.9104890">
    <ele>456.8</ele>
   </trkpt>
   <trkpt lat="37.1693830" lon="14.9104120">
    <ele>456.6</ele>
   </trkpt>
   <trkpt lat="37.1694500" lon="14.9103680">
    <ele>456.0</ele>
   </trkpt>
   <trkpt lat="37.1695810" lon="14.9103890">
    <ele>455.2</ele>
   </trkpt>
   <trkpt lat="37.1697660" lon="14.9106120">
    <ele>454.2</ele>
   </trkpt>
   <trkpt lat="37.1698270" lon="14.9106650">
    <ele>453.8</ele>
   </trkpt>
   <trkpt lat="37.1699110" lon="14.9107270">
    <ele>453.6</ele>
   </trkpt>
   <trkpt lat="37.1701130" lon="14.9108530">
    <ele>452.6</ele>
   </trkpt>
   <trkpt lat="37.1702120" lon="14.9109120">
    <ele>452.4</ele>
   </trkpt>
   <trkpt lat="37.1704100" lon="14.9110330">
    <ele>451.6</ele>
   </trkpt>
   <trkpt lat="37.1707140" lon="14.9112120">
    <ele>449.6</ele>
   </trkpt>
   <trkpt lat="37.1708220" lon="14.9112600">
    <ele>449.4</ele>
   </trkpt>
   <trkpt lat="37.1710560" lon="14.9113130">
    <ele>448.0</ele>
   </trkpt>
   <trkpt lat="37.1711750" lon="14.9113120">
    <ele>447.8</ele>
   </trkpt>
   <trkpt lat="37.1714130" lon="14.9113130">
    <ele>446.8</ele>
   </trkpt>
   <trkpt lat="37.1715330" lon="14.9113290">
    <ele>446.2</ele>
   </trkpt>
   <trkpt lat="37.1716500" lon="14.9113540">
    <ele>445.8</ele>
   </trkpt>
   <trkpt lat="37.1720020" lon="14.9114250">
    <ele>444.2</ele>
   </trkpt>
   <trkpt lat="37.1720940" lon="14.9114590">
    <ele>443.4</ele>
   </trkpt>
   <trkpt lat="37.1722280" lon="14.9115170">
    <ele>443.0</ele>
   </trkpt>
   <trkpt lat="37.1724220" lon="14.9116140">
    <ele>442.0</ele>
   </trkpt>
   <trkpt lat="37.1726570" lon="14.9117400">
    <ele>440.8</ele>
   </trkpt>
   <trkpt lat="37.1727650" lon="14.9117950">
    <ele>439.6</ele>
   </trkpt>
   <trkpt lat="37.1729770" lon="14.9119130">
    <ele>438.4</ele>
   </trkpt>
   <trkpt lat="37.1730810" lon="14.9119830">
    <ele>437.2</ele>
   </trkpt>
   <trkpt lat="37.1732920" lon="14.9121200">
    <ele>435.6</ele>
   </trkpt>
   <trkpt lat="37.1735240" lon="14.9121960">
    <ele>434.4</ele>
   </trkpt>
   <trkpt lat="37.1736440" lon="14.9121980">
    <ele>434.0</ele>
   </trkpt>
   <trkpt lat="37.1737530" lon="14.9121910">
    <ele>433.6</ele>
   </trkpt>
   <trkpt lat="37.1739450" lon="14.9121980">
    <ele>432.2</ele>
   </trkpt>
   <trkpt lat="37.1740950" lon="14.9122990">
    <ele>431.2</ele>
   </trkpt>
   <trkpt lat="37.1741990" lon="14.9124710">
    <ele>430.2</ele>
   </trkpt>
   <trkpt lat="37.1742410" lon="14.9125730">
    <ele>429.6</ele>
   </trkpt>
   <trkpt lat="37.1742920" lon="14.9126750">
    <ele>429.2</ele>
   </trkpt>
   <trkpt lat="37.1743550" lon="14.9127630">
    <ele>428.4</ele>
   </trkpt>
   <trkpt lat="37.1744280" lon="14.9128380">
    <ele>428.2</ele>
   </trkpt>
   <trkpt lat="37.1745060" lon="14.9128990">
    <ele>427.2</ele>
   </trkpt>
   <trkpt lat="37.1745940" lon="14.9129420">
    <ele>426.6</ele>
   </trkpt>
   <trkpt lat="37.1746820" lon="14.9129820">
    <ele>426.2</ele>
   </trkpt>
   <trkpt lat="37.1747680" lon="14.9130170">
    <ele>425.6</ele>
   </trkpt>
   <trkpt lat="37.1749360" lon="14.9130870">
    <ele>425.0</ele>
   </trkpt>
   <trkpt lat="37.1750180" lon="14.9131370">
    <ele>424.6</ele>
   </trkpt>
   <trkpt lat="37.1750860" lon="14.9131990">
    <ele>424.0</ele>
   </trkpt>
   <trkpt lat="37.1751430" lon="14.9132750">
    <ele>423.6</ele>
   </trkpt>
   <trkpt lat="37.1754270" lon="14.9136640">
    <ele>422.8</ele>
   </trkpt>
   <trkpt lat="37.1754950" lon="14.9137480">
    <ele>422.8</ele>
   </trkpt>
   <trkpt lat="37.1756940" lon="14.9140010">
    <ele>422.4</ele>
   </trkpt>
   <trkpt lat="37.1757540" lon="14.9140920">
    <ele>422.0</ele>
   </trkpt>
   <trkpt lat="37.1758150" lon="14.9141790">
    <ele>421.8</ele>
   </trkpt>
   <trkpt lat="37.1759340" lon="14.9143650">
    <ele>421.0</ele>
   </trkpt>
   <trkpt lat="37.1761830" lon="14.9147020">
    <ele>419.8</ele>
   </trkpt>
   <trkpt lat="37.1762680" lon="14.9147980">
    <ele>419.6</ele>
   </trkpt>
   <trkpt lat="37.1763420" lon="14.9148730">
    <ele>418.8</ele>
   </trkpt>
   <trkpt lat="37.1764830" lon="14.9149920">
    <ele>417.6</ele>
   </trkpt>
   <trkpt lat="37.1765650" lon="14.9150510">
    <ele>417.0</ele>
   </trkpt>
   <trkpt lat="37.1766690" lon="14.9151050">
    <ele>416.8</ele>
   </trkpt>
   <trkpt lat="37.1767630" lon="14.9151340">
    <ele>416.4</ele>
   </trkpt>
   <trkpt lat="37.1768570" lon="14.9151550">
    <ele>416.2</ele>
   </trkpt>
   <trkpt lat="37.1770260" lon="14.9151820">
    <ele>415.4</ele>
   </trkpt>
   <trkpt lat="37.1771330" lon="14.9151850">
    <ele>415.0</ele>
   </trkpt>
   <trkpt lat="37.1772190" lon="14.9151700">
    <ele>414.8</ele>
   </trkpt>
   <trkpt lat="37.1773020" lon="14.9151350">
    <ele>414.4</ele>
   </trkpt>
   <trkpt lat="37.1773600" lon="14.9150910">
    <ele>414.2</ele>
   </trkpt>
   <trkpt lat="37.1774270" lon="14.9150300">
    <ele>414.2</ele>
   </trkpt>
   <trkpt lat="37.1776390" lon="14.9148630">
    <ele>414.0</ele>
   </trkpt>
   <trkpt lat="37.1776930" lon="14.9148350">
    <ele>414.0</ele>
   </trkpt>
   <trkpt lat="37.1777640" lon="14.9148120">
    <ele>414.0</ele>
   </trkpt>
   <trkpt lat="37.1779120" lon="14.9148350">
    <ele>414.0</ele>
   </trkpt>
   <trkpt lat="37.1779660" lon="14.9148780">
    <ele>414.2</ele>
   </trkpt>
   <trkpt lat="37.1780020" lon="14.9149250">
    <ele>414.2</ele>
   </trkpt>
   <trkpt lat="37.1781380" lon="14.9151560">
    <ele>414.6</ele>
   </trkpt>
   <trkpt lat="37.1783630" lon="14.9155890">
    <ele>414.2</ele>
   </trkpt>
   <trkpt lat="37.1784860" lon="14.9157200">
    <ele>413.2</ele>
   </trkpt>
   <trkpt lat="37.1785680" lon="14.9157710">
    <ele>413.0</ele>
   </trkpt>
   <trkpt lat="37.1786570" lon="14.9158090">
    <ele>412.4</ele>
   </trkpt>
   <trkpt lat="37.1787490" lon="14.9158420">
    <ele>412.0</ele>
   </trkpt>
   <trkpt lat="37.1790560" lon="14.9159360">
    <ele>411.0</ele>
   </trkpt>
   <trkpt lat="37.1792540" lon="14.9159560">
    <ele>410.0</ele>
   </trkpt>
   <trkpt lat="37.1793580" lon="14.9159450">
    <ele>409.6</ele>
   </trkpt>
   <trkpt lat="37.1794640" lon="14.9159240">
    <ele>409.2</ele>
   </trkpt>
   <trkpt lat="37.1795680" lon="14.9159010">
    <ele>408.4</ele>
   </trkpt>
   <trkpt lat="37.1797770" lon="14.9158840">
    <ele>407.4</ele>
   </trkpt>
   <trkpt lat="37.1798840" lon="14.9158920">
    <ele>407.2</ele>
   </trkpt>
   <trkpt lat="37.1799910" lon="14.9158950">
    <ele>406.6</ele>
   </trkpt>
   <trkpt lat="37.1800990" lon="14.9158870">
    <ele>405.8</ele>
   </trkpt>
   <trkpt lat="37.1801990" lon="14.9158520">
    <ele>405.2</ele>
   </trkpt>
   <trkpt lat="37.1802910" lon="14.9157960">
    <ele>404.2</ele>
   </trkpt>
   <trkpt lat="37.1804610" lon="14.9156790">
    <ele>403.0</ele>
   </trkpt>
   <trkpt lat="37.1806670" lon="14.9155480">
    <ele>402.4</ele>
   </trkpt>
   <trkpt lat="37.1807660" lon="14.9155100">
    <ele>402.0</ele>
   </trkpt>
   <trkpt lat="37.1808680" lon="14.9154850">
    <ele>401.6</ele>
   </trkpt>
   <trkpt lat="37.1809710" lon="14.9154740">
    <ele>400.8</ele>
   </trkpt>
   <trkpt lat="37.1811830" lon="14.9154620">
    <ele>400.0</ele>
   </trkpt>
   <trkpt lat="37.1812900" lon="14.9154580">
    <ele>399.6</ele>
   </trkpt>
   <trkpt lat="37.1816140" lon="14.9154730">
    <ele>398.6</ele>
   </trkpt>
   <trkpt lat="37.1818310" lon="14.9155170">
    <ele>397.6</ele>
   </trkpt>
   <trkpt lat="37.1819370" lon="14.9155560">
    <ele>397.0</ele>
   </trkpt>
   <trkpt lat="37.1820190" lon="14.9156010">
    <ele>396.6</ele>
   </trkpt>
   <trkpt lat="37.1821220" lon="14.9156630">
    <ele>396.0</ele>
   </trkpt>
   <trkpt lat="37.1822500" lon="14.9157350">
    <ele>395.6</ele>
   </trkpt>
   <trkpt lat="37.1825600" lon="14.9158490">
    <ele>393.8</ele>
   </trkpt>
   <trkpt lat="37.1828000" lon="14.9159070">
    <ele>392.4</ele>
   </trkpt>
   <trkpt lat="37.1829990" lon="14.9159050">
    <ele>391.6</ele>
   </trkpt>
   <trkpt lat="37.1831020" lon="14.9158840">
    <ele>391.0</ele>
   </trkpt>
   <trkpt lat="37.1833250" lon="14.9157980">
    <ele>389.8</ele>
   </trkpt>
   <trkpt lat="37.1836210" lon="14.9157030">
    <ele>388.4</ele>
   </trkpt>
   <trkpt lat="37.1838470" lon="14.9156370">
    <ele>387.0</ele>
   </trkpt>
   <trkpt lat="37.1839440" lon="14.9155840">
    <ele>386.0</ele>
   </trkpt>
   <trkpt lat="37.1840120" lon="14.9155220">
    <ele>385.4</ele>
   </trkpt>
   <trkpt lat="37.1841670" lon="14.9153340">
    <ele>383.8</ele>
   </trkpt>
   <trkpt lat="37.1842900" lon="14.9151110">
    <ele>382.4</ele>
   </trkpt>
   <trkpt lat="37.1843370" lon="14.9149900">
    <ele>382.0</ele>
   </trkpt>
   <trkpt lat="37.1843720" lon="14.9148660">
    <ele>381.0</ele>
   </trkpt>
   <trkpt lat="37.1844100" lon="14.9145900">
    <ele>380.0</ele>
   </trkpt>
   <trkpt lat="37.1844210" lon="14.9144680">
    <ele>379.6</ele>
   </trkpt>
   <trkpt lat="37.1844560" lon="14.9142550">
    <ele>378.6</ele>
   </trkpt>
   <trkpt lat="37.1845060" lon="14.9140000">
    <ele>377.6</ele>
   </trkpt>
   <trkpt lat="37.1845310" lon="14.9138870">
    <ele>377.4</ele>
   </trkpt>
   <trkpt lat="37.1846100" lon="14.9135690">
    <ele>376.2</ele>
   </trkpt>
   <trkpt lat="37.1847020" lon="14.9132640">
    <ele>375.2</ele>
   </trkpt>
   <trkpt lat="37.1847790" lon="14.9130710">
    <ele>374.8</ele>
   </trkpt>
   <trkpt lat="37.1848930" lon="14.9129180">
    <ele>374.4</ele>
   </trkpt>
   <trkpt lat="37.1849610" lon="14.9128500">
    <ele>374.0</ele>
   </trkpt>
   <trkpt lat="37.1851690" lon="14.9126680">
    <ele>373.0</ele>
   </trkpt>
   <trkpt lat="37.1852240" lon="14.9125900">
    <ele>372.8</ele>
   </trkpt>
   <trkpt lat="37.1852690" lon="14.9125000">
    <ele>372.6</ele>
   </trkpt>
   <trkpt lat="37.1853070" lon="14.9122960">
    <ele>372.0</ele>
   </trkpt>
   <trkpt lat="37.1852890" lon="14.9119680">
    <ele>371.0</ele>
   </trkpt>
   <trkpt lat="37.1852730" lon="14.9117500">
    <ele>370.2</ele>
   </trkpt>
   <trkpt lat="37.1852540" lon="14.9115360">
    <ele>369.8</ele>
   </trkpt>
   <trkpt lat="37.1852380" lon="14.9112280">
    <ele>368.6</ele>
   </trkpt>
   <trkpt lat="37.1852300" lon="14.9109330">
    <ele>367.2</ele>
   </trkpt>
   <trkpt lat="37.1852330" lon="14.9108340">
    <ele>367.0</ele>
   </trkpt>
   <trkpt lat="37.1852470" lon="14.9107340">
    <ele>366.6</ele>
   </trkpt>
   <trkpt lat="37.1853230" lon="14.9105510">
    <ele>365.6</ele>
   </trkpt>
   <trkpt lat="37.1854400" lon="14.9104460">
    <ele>365.0</ele>
   </trkpt>
   <trkpt lat="37.1855210" lon="14.9104250">
    <ele>364.8</ele>
   </trkpt>
   <trkpt lat="37.1856080" lon="14.9104220">
    <ele>364.4</ele>
   </trkpt>
   <trkpt lat="37.1857970" lon="14.9104800">
    <ele>363.2</ele>
   </trkpt>
   <trkpt lat="37.1860980" lon="14.9107030">
    <ele>361.4</ele>
   </trkpt>
   <trkpt lat="37.1863350" lon="14.9107720">
    <ele>360.2</ele>
   </trkpt>
   <trkpt lat="37.1865590" lon="14.9108430">
    <ele>358.8</ele>
   </trkpt>
   <trkpt lat="37.1866680" lon="14.9109010">
    <ele>357.4</ele>
   </trkpt>
   <trkpt lat="37.1867490" lon="14.9109760">
    <ele>356.8</ele>
   </trkpt>
   <trkpt lat="37.1868130" lon="14.9110750">
    <ele>356.0</ele>
   </trkpt>
   <trkpt lat="37.1868510" lon="14.9111980">
    <ele>355.8</ele>
   </trkpt>
   <trkpt lat="37.1868680" lon="14.9113300">
    <ele>355.0</ele>
   </trkpt>
   <trkpt lat="37.1868800" lon="14.9115980">
    <ele>353.6</ele>
   </trkpt>
   <trkpt lat="37.1869160" lon="14.9119570">
    <ele>352.2</ele>
   </trkpt>
   <trkpt lat="37.1869430" lon="14.9120820">
    <ele>352.0</ele>
   </trkpt>
   <trkpt lat="37.1869820" lon="14.9122060">
    <ele>351.4</ele>
   </trkpt>
   <trkpt lat="37.1870270" lon="14.9123240">
    <ele>351.2</ele>
   </trkpt>
   <trkpt lat="37.1871910" lon="14.9126940">
    <ele>350.2</ele>
   </trkpt>
   <trkpt lat="37.1872480" lon="14.9128100">
    <ele>350.0</ele>
   </trkpt>
   <trkpt lat="37.1873150" lon="14.9129200">
    <ele>349.4</ele>
   </trkpt>
   <trkpt lat="37.1874650" lon="14.9131020">
    <ele>348.6</ele>
   </trkpt>
   <trkpt lat="37.1875320" lon="14.9131670">
    <ele>348.2</ele>
   </trkpt>
   <trkpt lat="37.1876200" lon="14.9132320">
    <ele>347.8</ele>
   </trkpt>
   <trkpt lat="37.1877140" lon="14.9132800">
    <ele>347.4</ele>
   </trkpt>
   <trkpt lat="37.1878090" lon="14.9133170">
    <ele>347.2</ele>
   </trkpt>
   <trkpt lat="37.1878930" lon="14.9133440">
    <ele>346.8</ele>
   </trkpt>
   <trkpt lat="37.1880280" lon="14.9133720">
    <ele>345.8</ele>
   </trkpt>
   <trkpt lat="37.1880900" lon="14.9133750">
    <ele>345.6</ele>
   </trkpt>
   <trkpt lat="37.1882230" lon="14.9133500">
    <ele>344.6</ele>
   </trkpt>
   <trkpt lat="37.1882950" lon="14.9133260">
    <ele>344.4</ele>
   </trkpt>
   <trkpt lat="37.1885250" lon="14.9132350">
    <ele>343.4</ele>
   </trkpt>
   <trkpt lat="37.1886860" lon="14.9131620">
    <ele>342.6</ele>
   </trkpt>
   <trkpt lat="37.1887900" lon="14.9131150">
    <ele>342.4</ele>
   </trkpt>
   <trkpt lat="37.1891020" lon="14.9129720">
    <ele>341.4</ele>
   </trkpt>
   <trkpt lat="37.1893510" lon="14.9128680">
    <ele>340.8</ele>
   </trkpt>
   <trkpt lat="37.1895120" lon="14.9128010">
    <ele>340.2</ele>
   </trkpt>
   <trkpt lat="37.1897490" lon="14.9127010">
    <ele>339.0</ele>
   </trkpt>
   <trkpt lat="37.1901490" lon="14.9125190">
    <ele>338.4</ele>
   </trkpt>
   <trkpt lat="37.1902300" lon="14.9124750">
    <ele>338.0</ele>
   </trkpt>
   <trkpt lat="37.1907340" lon="14.9122260">
    <ele>337.0</ele>
   </trkpt>
   <trkpt lat="37.1909900" lon="14.9121000">
    <ele>336.4</ele>
   </trkpt>
   <trkpt lat="37.1911630" lon="14.9120180">
    <ele>336.0</ele>
   </trkpt>
   <trkpt lat="37.1915160" lon="14.9118450">
    <ele>334.6</ele>
   </trkpt>
   <trkpt lat="37.1917820" lon="14.9117130">
    <ele>333.8</ele>
   </trkpt>
   <trkpt lat="37.1919620" lon="14.9116240">
    <ele>333.0</ele>
   </trkpt>
   <trkpt lat="37.1920520" lon="14.9115780">
    <ele>332.6</ele>
   </trkpt>
   <trkpt lat="37.1923290" lon="14.9114450">
    <ele>331.2</ele>
   </trkpt>
   <trkpt lat="37.1927910" lon="14.9112100">
    <ele>330.2</ele>
   </trkpt>
   <trkpt lat="37.1931520" lon="14.9110120">
    <ele>329.0</ele>
   </trkpt>
   <trkpt lat="37.1932880" lon="14.9109150">
    <ele>328.0</ele>
   </trkpt>
   <trkpt lat="37.1933290" lon="14.9108680">
    <ele>327.8</ele>
   </trkpt>
   <trkpt lat="37.1933700" lon="14.9108210">
    <ele>327.2</ele>
   </trkpt>
   <trkpt lat="37.1935340" lon="14.9106320">
    <ele>327.0</ele>
   </trkpt>
   <trkpt lat="37.1937060" lon="14.9102990">
    <ele>326.0</ele>
   </trkpt>
   <trkpt lat="37.1937380" lon="14.9102220">
    <ele>325.6</ele>
   </trkpt>
   <trkpt lat="37.1938140" lon="14.9099860">
    <ele>324.8</ele>
   </trkpt>
   <trkpt lat="37.1938360" lon="14.9098930">
    <ele>324.4</ele>
   </trkpt>
   <trkpt lat="37.1938490" lon="14.9098820">
    <ele>324.4</ele>
   </trkpt>
   <trkpt lat="37.1938930" lon="14.9098810">
    <ele>324.0</ele>
   </trkpt>
   <trkpt lat="37.1938990" lon="14.9098780">
    <ele>323.8</ele>
   </trkpt>
   <trkpt lat="37.1938930" lon="14.9097600">
    <ele>323.6</ele>
   </trkpt>
   <trkpt lat="37.1938930" lon="14.9097600">
    <ele>323.2</ele>
   </trkpt>
   <trkpt lat="37.1938680" lon="14.9098160">
    <ele>322.6</ele>
   </trkpt>
   <trkpt lat="37.1938720" lon="14.9098310">
    <ele>322.8</ele>
   </trkpt>
   <trkpt lat="37.1939060" lon="14.9099550">
    <ele>322.8</ele>
   </trkpt>
   <trkpt lat="37.1939060" lon="14.9099900">
    <ele>322.8</ele>
   </trkpt>
   <trkpt lat="37.1938790" lon="14.9101830">
    <ele>322.6</ele>
   </trkpt>
   <trkpt lat="37.1938390" lon="14.9105020">
    <ele>323.0</ele>
   </trkpt>
   <trkpt lat="37.1937930" lon="14.9109330">
    <ele>323.4</ele>
   </trkpt>
   <trkpt lat="37.1937850" lon="14.9109790">
    <ele>323.6</ele>
   </trkpt>
   <trkpt lat="37.1937520" lon="14.9112220">
    <ele>324.4</ele>
   </trkpt>
   <trkpt lat="37.1937310" lon="14.9114220">
    <ele>324.6</ele>
   </trkpt>
   <trkpt lat="37.1937100" lon="14.9116830">
    <ele>325.4</ele>
   </trkpt>
   <trkpt lat="37.1936680" lon="14.9120570">
    <ele>326.0</ele>
   </trkpt>
   <trkpt lat="37.1936580" lon="14.9121610">
    <ele>326.0</ele>
   </trkpt>
   <trkpt lat="37.1936590" lon="14.9123140">
    <ele>326.0</ele>
   </trkpt>
   <trkpt lat="37.1937490" lon="14.9124180">
    <ele>326.0</ele>
   </trkpt>
   <trkpt lat="37.1939220" lon="14.9124400">
    <ele>326.2</ele>
   </trkpt>
   <trkpt lat="37.1942930" lon="14.9124510">
    <ele>325.4</ele>
   </trkpt>
   <trkpt lat="37.1944620" lon="14.9124590">
    <ele>325.2</ele>
   </trkpt>
   <trkpt lat="37.1947960" lon="14.9124930">
    <ele>324.6</ele>
   </trkpt>
   <trkpt lat="37.1952360" lon="14.9125320">
    <ele>323.8</ele>
   </trkpt>
   <trkpt lat="37.1957320" lon="14.9125660">
    <ele>322.8</ele>
   </trkpt>
   <trkpt lat="37.1958980" lon="14.9125850">
    <ele>322.4</ele>
   </trkpt>
   <trkpt lat="37.1961230" lon="14.9126230">
    <ele>322.0</ele>
   </trkpt>
   <trkpt lat="37.1964670" lon="14.9126780">
    <ele>321.6</ele>
   </trkpt>
   <trkpt lat="37.1965860" lon="14.9126990">
    <ele>321.4</ele>
   </trkpt>
   <trkpt lat="37.1969640" lon="14.9127650">
    <ele>320.6</ele>
   </trkpt>
   <trkpt lat="37.1971720" lon="14.9127970">
    <ele>320.6</ele>
   </trkpt>
   <trkpt lat="37.1973870" lon="14.9128320">
    <ele>319.8</ele>
   </trkpt>
   <trkpt lat="37.1976920" lon="14.9128760">
    <ele>319.4</ele>
   </trkpt>
   <trkpt lat="37.1982610" lon="14.9129370">
    <ele>318.8</ele>
   </trkpt>
   <trkpt lat="37.1983430" lon="14.9129420">
    <ele>318.6</ele>
   </trkpt>
   <trkpt lat="37.1985870" lon="14.9129580">
    <ele>317.6</ele>
   </trkpt>
   <trkpt lat="37.1988940" lon="14.9129690">
    <ele>316.4</ele>
   </trkpt>
   <trkpt lat="37.1990430" lon="14.9129740">
    <ele>316.0</ele>
   </trkpt>
   <trkpt lat="37.1993210" lon="14.9129690">
    <ele>315.6</ele>
   </trkpt>
   <trkpt lat="37.1995190" lon="14.9129560">
    <ele>315.0</ele>
   </trkpt>
   <trkpt lat="37.1999450" lon="14.9129340">
    <ele>314.8</ele>
   </trkpt>
   <trkpt lat="37.2001320" lon="14.9129240">
    <ele>314.4</ele>
   </trkpt>
   <trkpt lat="37.2005330" lon="14.9129360">
    <ele>314.0</ele>
   </trkpt>
   <trkpt lat="37.2006720" lon="14.9129550">
    <ele>313.6</ele>
   </trkpt>
   <trkpt lat="37.2010110" lon="14.9130100">
    <ele>312.6</ele>
   </trkpt>
   <trkpt lat="37.2010720" lon="14.9130250">
    <ele>312.6</ele>
   </trkpt>
   <trkpt lat="37.2011390" lon="14.9130380">
    <ele>312.4</ele>
   </trkpt>
   <trkpt lat="37.2013410" lon="14.9130670">
    <ele>311.6</ele>
   </trkpt>
   <trkpt lat="37.2016830" lon="14.9131360">
    <ele>310.2</ele>
   </trkpt>
   <trkpt lat="37.2019650" lon="14.9132120">
    <ele>309.0</ele>
   </trkpt>
   <trkpt lat="37.2021090" lon="14.9132630">
    <ele>308.0</ele>
   </trkpt>
   <trkpt lat="37.2022600" lon="14.9133080">
    <ele>307.4</ele>
   </trkpt>
   <trkpt lat="37.2024960" lon="14.9133500">
    <ele>307.0</ele>
   </trkpt>
   <trkpt lat="37.2026700" lon="14.9133660">
    <ele>306.6</ele>
   </trkpt>
   <trkpt lat="37.2029320" lon="14.9133770">
    <ele>305.4</ele>
   </trkpt>
   <trkpt lat="37.2032080" lon="14.9133780">
    <ele>303.8</ele>
   </trkpt>
   <trkpt lat="37.2033000" lon="14.9133670">
    <ele>302.6</ele>
   </trkpt>
   <trkpt lat="37.2034870" lon="14.9133350">
    <ele>301.0</ele>
   </trkpt>
   <trkpt lat="37.2036580" lon="14.9132900">
    <ele>299.2</ele>
   </trkpt>
   <trkpt lat="37.2037430" lon="14.9132670">
    <ele>297.8</ele>
   </trkpt>
   <trkpt lat="37.2039340" lon="14.9132200">
    <ele>296.0</ele>
   </trkpt>
   <trkpt lat="37.2041240" lon="14.9131730">
    <ele>293.4</ele>
   </trkpt>
   <trkpt lat="37.2042600" lon="14.9131380">
    <ele>292.8</ele>
   </trkpt>
   <trkpt lat="37.2043790" lon="14.9131140">
    <ele>292.0</ele>
   </trkpt>
   <trkpt lat="37.2045050" lon="14.9130980">
    <ele>291.0</ele>
   </trkpt>
   <trkpt lat="37.2046340" lon="14.9130940">
    <ele>289.6</ele>
   </trkpt>
   <trkpt lat="37.2047650" lon="14.9130980">
    <ele>287.8</ele>
   </trkpt>
   <trkpt lat="37.2050320" lon="14.9131220">
    <ele>285.8</ele>
   </trkpt>
   <trkpt lat="37.2051630" lon="14.9131410">
    <ele>284.4</ele>
   </trkpt>
   <trkpt lat="37.2052880" lon="14.9131670">
    <ele>282.2</ele>
   </trkpt>
   <trkpt lat="37.2054070" lon="14.9132000">
    <ele>281.4</ele>
   </trkpt>
   <trkpt lat="37.2055230" lon="14.9132420">
    <ele>280.0</ele>
   </trkpt>
   <trkpt lat="37.2057570" lon="14.9133280">
    <ele>278.6</ele>
   </trkpt>
   <trkpt lat="37.2059760" lon="14.9134040">
    <ele>277.4</ele>
   </trkpt>
   <trkpt lat="37.2060770" lon="14.9134430">
    <ele>276.6</ele>
   </trkpt>
   <trkpt lat="37.2061750" lon="14.9134860">
    <ele>276.2</ele>
   </trkpt>
   <trkpt lat="37.2064620" lon="14.9136370">
    <ele>274.4</ele>
   </trkpt>
   <trkpt lat="37.2065590" lon="14.9136930">
    <ele>274.2</ele>
   </trkpt>
   <trkpt lat="37.2066580" lon="14.9137490">
    <ele>273.6</ele>
   </trkpt>
   <trkpt lat="37.2067540" lon="14.9138040">
    <ele>273.2</ele>
   </trkpt>
   <trkpt lat="37.2069410" lon="14.9138990">
    <ele>271.6</ele>
   </trkpt>
   <trkpt lat="37.2071190" lon="14.9139920">
    <ele>269.6</ele>
   </trkpt>
   <trkpt lat="37.2072050" lon="14.9140460">
    <ele>269.2</ele>
   </trkpt>
   <trkpt lat="37.2072880" lon="14.9141030">
    <ele>267.4</ele>
   </trkpt>
   <trkpt lat="37.2074550" lon="14.9142380">
    <ele>265.6</ele>
   </trkpt>
   <trkpt lat="37.2076340" lon="14.9144070">
    <ele>263.6</ele>
   </trkpt>
   <trkpt lat="37.2077180" lon="14.9144970">
    <ele>262.0</ele>
   </trkpt>
   <trkpt lat="37.2078000" lon="14.9145950">
    <ele>261.0</ele>
   </trkpt>
   <trkpt lat="37.2078810" lon="14.9146950">
    <ele>259.6</ele>
   </trkpt>
   <trkpt lat="37.2080490" lon="14.9149050">
    <ele>257.0</ele>
   </trkpt>
   <trkpt lat="37.2082230" lon="14.9151150">
    <ele>255.2</ele>
   </trkpt>
   <trkpt lat="37.2084030" lon="14.9153260">
    <ele>253.2</ele>
   </trkpt>
   <trkpt lat="37.2084950" lon="14.9154310">
    <ele>251.8</ele>
   </trkpt>
   <trkpt lat="37.2085860" lon="14.9155340">
    <ele>250.8</ele>
   </trkpt>
   <trkpt lat="37.2086750" lon="14.9156260">
    <ele>249.4</ele>
   </trkpt>
   <trkpt lat="37.2088470" lon="14.9157850">
    <ele>247.8</ele>
   </trkpt>
   <trkpt lat="37.2089330" lon="14.9158520">
    <ele>247.4</ele>
   </trkpt>
   <trkpt lat="37.2090180" lon="14.9159090">
    <ele>246.2</ele>
   </trkpt>
   <trkpt lat="37.2091570" lon="14.9159920">
    <ele>245.2</ele>
   </trkpt>
   <trkpt lat="37.2092100" lon="14.9160180">
    <ele>244.4</ele>
   </trkpt>
   <trkpt lat="37.2092590" lon="14.9160440">
    <ele>243.8</ele>
   </trkpt>
   <trkpt lat="37.2093670" lon="14.9161050">
    <ele>242.6</ele>
   </trkpt>
   <trkpt lat="37.2094910" lon="14.9161690">
    <ele>241.6</ele>
   </trkpt>
   <trkpt lat="37.2095550" lon="14.9161980">
    <ele>241.2</ele>
   </trkpt>
   <trkpt lat="37.2096870" lon="14.9162660">
    <ele>240.4</ele>
   </trkpt>
   <trkpt lat="37.2098920" lon="14.9163900">
    <ele>239.0</ele>
   </trkpt>
   <trkpt lat="37.2099660" lon="14.9164390">
    <ele>238.8</ele>
   </trkpt>
   <trkpt lat="37.2103210" lon="14.9167200">
    <ele>237.4</ele>
   </trkpt>
   <trkpt lat="37.2103890" lon="14.9167780">
    <ele>236.8</ele>
   </trkpt>
   <trkpt lat="37.2105280" lon="14.9168920">
    <ele>236.4</ele>
   </trkpt>
   <trkpt lat="37.2108290" lon="14.9170850">
    <ele>235.4</ele>
   </trkpt>
   <trkpt lat="37.2111430" lon="14.9172530">
    <ele>234.4</ele>
   </trkpt>
   <trkpt lat="37.2115240" lon="14.9174380">
    <ele>233.4</ele>
   </trkpt>
   <trkpt lat="37.2115970" lon="14.9174730">
    <ele>233.2</ele>
   </trkpt>
   <trkpt lat="37.2119320" lon="14.9176530">
    <ele>232.6</ele>
   </trkpt>
   <trkpt lat="37.2122970" lon="14.9178680">
    <ele>232.4</ele>
   </trkpt>
   <trkpt lat="37.2126400" lon="14.9180860">
    <ele>232.4</ele>
   </trkpt>
   <trkpt lat="37.2127450" lon="14.9181620">
    <ele>232.4</ele>
   </trkpt>
   <trkpt lat="37.2131560" lon="14.9184420">
    <ele>232.6</ele>
   </trkpt>
   <trkpt lat="37.2131940" lon="14.9184720">
    <ele>232.8</ele>
   </trkpt>
   <trkpt lat="37.2133160" lon="14.9185820">
    <ele>233.4</ele>
   </trkpt>
   <trkpt lat="37.2133820" lon="14.9186490">
    <ele>234.0</ele>
   </trkpt>
   <trkpt lat="37.2134380" lon="14.9187090">
    <ele>234.4</ele>
   </trkpt>
   <trkpt lat="37.2135390" lon="14.9188090">
    <ele>235.2</ele>
   </trkpt>
   <trkpt lat="37.2135560" lon="14.9188260">
    <ele>235.4</ele>
   </trkpt>
   <trkpt lat="37.2136330" lon="14.9188990">
    <ele>236.6</ele>
   </trkpt>
   <trkpt lat="37.2136890" lon="14.9189490">
    <ele>237.0</ele>
   </trkpt>
   <trkpt lat="37.2138390" lon="14.9190900">
    <ele>237.6</ele>
   </trkpt>
   <trkpt lat="37.2138940" lon="14.9191400">
    <ele>238.0</ele>
   </trkpt>
   <trkpt lat="37.2140200" lon="14.9192120">
    <ele>238.4</ele>
   </trkpt>
   <trkpt lat="37.2141610" lon="14.9192820">
    <ele>239.2</ele>
   </trkpt>
   <trkpt lat="37.2142110" lon="14.9193010">
    <ele>239.2</ele>
   </trkpt>
   <trkpt lat="37.2143450" lon="14.9193560">
    <ele>239.8</ele>
   </trkpt>
   <trkpt lat="37.2144000" lon="14.9193840">
    <ele>240.2</ele>
   </trkpt>
   <trkpt lat="37.2144630" lon="14.9194120">
    <ele>240.4</ele>
   </trkpt>
   <trkpt lat="37.2147310" lon="14.9195180">
    <ele>241.2</ele>
   </trkpt>
   <trkpt lat="37.2148090" lon="14.9195530">
    <ele>241.0</ele>
   </trkpt>
   <trkpt lat="37.2149920" lon="14.9196100">
    <ele>241.0</ele>
   </trkpt>
   <trkpt lat="37.2150430" lon="14.9196170">
    <ele>240.8</ele>
   </trkpt>
   <trkpt lat="37.2151560" lon="14.9196240">
    <ele>240.4</ele>
   </trkpt>
   <trkpt lat="37.2152790" lon="14.9196360">
    <ele>240.2</ele>
   </trkpt>
   <trkpt lat="37.2154140" lon="14.9196430">
    <ele>240.0</ele>
   </trkpt>
   <trkpt lat="37.2156800" lon="14.9196700">
    <ele>239.2</ele>
   </trkpt>
   <trkpt lat="37.2157450" lon="14.9196900">
    <ele>239.0</ele>
   </trkpt>
   <trkpt lat="37.2159890" lon="14.9197700">
    <ele>238.2</ele>
   </trkpt>
   <trkpt lat="37.2160470" lon="14.9197900">
    <ele>238.0</ele>
   </trkpt>
   <trkpt lat="37.2164450" lon="14.9198910">
    <ele>237.8</ele>
   </trkpt>
   <trkpt lat="37.2168370" lon="14.9200010">
    <ele>237.6</ele>
   </trkpt>
   <trkpt lat="37.2169130" lon="14.9200210">
    <ele>237.2</ele>
   </trkpt>
   <trkpt lat="37.2172340" lon="14.9201080">
    <ele>236.4</ele>
   </trkpt>
   <trkpt lat="37.2173230" lon="14.9201330">
    <ele>236.0</ele>
   </trkpt>
   <trkpt lat="37.2175100" lon="14.9201890">
    <ele>235.0</ele>
   </trkpt>
   <trkpt lat="37.2177070" lon="14.9202520">
    <ele>233.4</ele>
   </trkpt>
   <trkpt lat="37.2179110" lon="14.9203180">
    <ele>232.2</ele>
   </trkpt>
   <trkpt lat="37.2181220" lon="14.9203840">
    <ele>231.2</ele>
   </trkpt>
   <trkpt lat="37.2183390" lon="14.9204510">
    <ele>230.2</ele>
   </trkpt>
   <trkpt lat="37.2184520" lon="14.9204850">
    <ele>228.8</ele>
   </trkpt>
   <trkpt lat="37.2186850" lon="14.9205550">
    <ele>227.6</ele>
   </trkpt>
   <trkpt lat="37.2188040" lon="14.9205890">
    <ele>226.8</ele>
   </trkpt>
   <trkpt lat="37.2190470" lon="14.9206650">
    <ele>225.2</ele>
   </trkpt>
   <trkpt lat="37.2192940" lon="14.9207620">
    <ele>223.4</ele>
   </trkpt>
   <trkpt lat="37.2194180" lon="14.9208200">
    <ele>223.0</ele>
   </trkpt>
   <trkpt lat="37.2195420" lon="14.9208880">
    <ele>222.2</ele>
   </trkpt>
   <trkpt lat="37.2197870" lon="14.9210500">
    <ele>220.2</ele>
   </trkpt>
   <trkpt lat="37.2199080" lon="14.9211370">
    <ele>219.0</ele>
   </trkpt>
   <trkpt lat="37.2201530" lon="14.9213160">
    <ele>216.6</ele>
   </trkpt>
   <trkpt lat="37.2203960" lon="14.9214940">
    <ele>214.6</ele>
   </trkpt>
   <trkpt lat="37.2206380" lon="14.9216770">
    <ele>212.6</ele>
   </trkpt>
   <trkpt lat="37.2207560" lon="14.9217710">
    <ele>211.8</ele>
   </trkpt>
   <trkpt lat="37.2208770" lon="14.9218690">
    <ele>210.8</ele>
   </trkpt>
   <trkpt lat="37.2209970" lon="14.9219650">
    <ele>209.2</ele>
   </trkpt>
   <trkpt lat="37.2212400" lon="14.9221510">
    <ele>207.6</ele>
   </trkpt>
   <trkpt lat="37.2214870" lon="14.9223410">
    <ele>206.0</ele>
   </trkpt>
   <trkpt lat="37.2217390" lon="14.9225330">
    <ele>204.0</ele>
   </trkpt>
   <trkpt lat="37.2218620" lon="14.9226380">
    <ele>202.8</ele>
   </trkpt>
   <trkpt lat="37.2219840" lon="14.9227440">
    <ele>201.2</ele>
   </trkpt>
   <trkpt lat="37.2221020" lon="14.9228520">
    <ele>200.0</ele>
   </trkpt>
   <trkpt lat="37.2223270" lon="14.9230640">
    <ele>198.0</ele>
   </trkpt>
   <trkpt lat="37.2224320" lon="14.9231670">
    <ele>197.0</ele>
   </trkpt>
   <trkpt lat="37.2225350" lon="14.9232670">
    <ele>195.6</ele>
   </trkpt>
   <trkpt lat="37.2226390" lon="14.9233550">
    <ele>194.6</ele>
   </trkpt>
   <trkpt lat="37.2227380" lon="14.9234250">
    <ele>193.0</ele>
   </trkpt>
   <trkpt lat="37.2228280" lon="14.9234770">
    <ele>192.2</ele>
   </trkpt>
   <trkpt lat="37.2229070" lon="14.9235150">
    <ele>190.2</ele>
   </trkpt>
   <trkpt lat="37.2229700" lon="14.9235380">
    <ele>188.6</ele>
   </trkpt>
   <trkpt lat="37.2230170" lon="14.9235500">
    <ele>187.8</ele>
   </trkpt>
   <trkpt lat="37.2230510" lon="14.9235550">
    <ele>186.6</ele>
   </trkpt>
   <trkpt lat="37.2230970" lon="14.9235770">
    <ele>184.6</ele>
   </trkpt>
   <trkpt lat="37.2231460" lon="14.9236310">
    <ele>183.0</ele>
   </trkpt>
   <trkpt lat="37.2231930" lon="14.9237050">
    <ele>181.4</ele>
   </trkpt>
   <trkpt lat="37.2232250" lon="14.9237520">
    <ele>180.6</ele>
   </trkpt>
   <trkpt lat="37.2232710" lon="14.9238010">
    <ele>180.4</ele>
   </trkpt>
   <trkpt lat="37.2233900" lon="14.9239100">
    <ele>179.8</ele>
   </trkpt>
   <trkpt lat="37.2234610" lon="14.9239620">
    <ele>179.2</ele>
   </trkpt>
   <trkpt lat="37.2236180" lon="14.9240780">
    <ele>178.2</ele>
   </trkpt>
   <trkpt lat="37.2237020" lon="14.9241480">
    <ele>177.8</ele>
   </trkpt>
   <trkpt lat="37.2238710" lon="14.9243210">
    <ele>176.2</ele>
   </trkpt>
   <trkpt lat="37.2240280" lon="14.9245210">
    <ele>174.4</ele>
   </trkpt>
   <trkpt lat="37.2241890" lon="14.9247320">
    <ele>172.2</ele>
   </trkpt>
   <trkpt lat="37.2243550" lon="14.9249450">
    <ele>170.6</ele>
   </trkpt>
   <trkpt lat="37.2245180" lon="14.9251410">
    <ele>168.8</ele>
   </trkpt>
   <trkpt lat="37.2246740" lon="14.9253250">
    <ele>167.0</ele>
   </trkpt>
   <trkpt lat="37.2249050" lon="14.9255740">
    <ele>165.6</ele>
   </trkpt>
   <trkpt lat="37.2250520" lon="14.9257230">
    <ele>165.0</ele>
   </trkpt>
   <trkpt lat="37.2252510" lon="14.9259460">
    <ele>164.6</ele>
   </trkpt>
   <trkpt lat="37.2254400" lon="14.9261490">
    <ele>164.6</ele>
   </trkpt>
   <trkpt lat="37.2258020" lon="14.9265080">
    <ele>164.4</ele>
   </trkpt>
   <trkpt lat="37.2258610" lon="14.9265640">
    <ele>164.4</ele>
   </trkpt>
   <trkpt lat="37.2262030" lon="14.9268600">
    <ele>164.6</ele>
   </trkpt>
   <trkpt lat="37.2264260" lon="14.9270120">
    <ele>164.8</ele>
   </trkpt>
   <trkpt lat="37.2265430" lon="14.9270640">
    <ele>165.0</ele>
   </trkpt>
   <trkpt lat="37.2269670" lon="14.9272260">
    <ele>165.6</ele>
   </trkpt>
   <trkpt lat="37.2274350" lon="14.9274390">
    <ele>166.0</ele>
   </trkpt>
   <trkpt lat="37.2279310" lon="14.9276470">
    <ele>165.8</ele>
   </trkpt>
   <trkpt lat="37.2282060" lon="14.9278030">
    <ele>165.2</ele>
   </trkpt>
   <trkpt lat="37.2282710" lon="14.9278560">
    <ele>164.8</ele>
   </trkpt>
   <trkpt lat="37.2283350" lon="14.9279250">
    <ele>164.2</ele>
   </trkpt>
   <trkpt lat="37.2284510" lon="14.9280690">
    <ele>162.8</ele>
   </trkpt>
   <trkpt lat="37.2284980" lon="14.9281400">
    <ele>162.6</ele>
   </trkpt>
   <trkpt lat="37.2285370" lon="14.9282150">
    <ele>162.4</ele>
   </trkpt>
   <trkpt lat="37.2286110" lon="14.9283770">
    <ele>161.8</ele>
   </trkpt>
   <trkpt lat="37.2286920" lon="14.9285530">
    <ele>160.6</ele>
   </trkpt>
   <trkpt lat="37.2287760" lon="14.9287410">
    <ele>159.4</ele>
   </trkpt>
   <trkpt lat="37.2288180" lon="14.9288420">
    <ele>158.6</ele>
   </trkpt>
   <trkpt lat="37.2289090" lon="14.9290520">
    <ele>158.2</ele>
   </trkpt>
   <trkpt lat="37.2290530" lon="14.9293860">
    <ele>156.4</ele>
   </trkpt>
   <trkpt lat="37.2291170" lon="14.9294930">
    <ele>156.0</ele>
   </trkpt>
   <trkpt lat="37.2291900" lon="14.9295890">
    <ele>155.2</ele>
   </trkpt>
   <trkpt lat="37.2292660" lon="14.9296820">
    <ele>154.8</ele>
   </trkpt>
   <trkpt lat="37.2293420" lon="14.9297800">
    <ele>154.2</ele>
   </trkpt>
   <trkpt lat="37.2294940" lon="14.9299830">
    <ele>153.0</ele>
   </trkpt>
   <trkpt lat="37.2297180" lon="14.9302890">
    <ele>151.6</ele>
   </trkpt>
   <trkpt lat="37.2299620" lon="14.9305520">
    <ele>150.4</ele>
   </trkpt>
   <trkpt lat="37.2300460" lon="14.9306220">
    <ele>150.0</ele>
   </trkpt>
   <trkpt lat="37.2301940" lon="14.9307640">
    <ele>149.4</ele>
   </trkpt>
   <trkpt lat="37.2302550" lon="14.9308480">
    <ele>149.2</ele>
   </trkpt>
   <trkpt lat="37.2303400" lon="14.9310390">
    <ele>148.8</ele>
   </trkpt>
   <trkpt lat="37.2303640" lon="14.9311420">
    <ele>148.6</ele>
   </trkpt>
   <trkpt lat="37.2304070" lon="14.9315420">
    <ele>148.4</ele>
   </trkpt>
   <trkpt lat="37.2304100" lon="14.9317130">
    <ele>148.6</ele>
   </trkpt>
   <trkpt lat="37.2303650" lon="14.9321590">
    <ele>148.6</ele>
   </trkpt>
   <trkpt lat="37.2303020" lon="14.9325960">
    <ele>149.0</ele>
   </trkpt>
   <trkpt lat="37.2302150" lon="14.9331910">
    <ele>149.8</ele>
   </trkpt>
   <trkpt lat="37.2301490" lon="14.9337280">
    <ele>150.2</ele>
   </trkpt>
   <trkpt lat="37.2301260" lon="14.9338600">
    <ele>150.0</ele>
   </trkpt>
   <trkpt lat="37.2301040" lon="14.9339560">
    <ele>150.0</ele>
   </trkpt>
   <trkpt lat="37.2301000" lon="14.9339530">
    <ele>150.0</ele>
   </trkpt>
   <trkpt lat="37.2300930" lon="14.9339870">
    <ele>149.6</ele>
   </trkpt>
   <trkpt lat="37.2300790" lon="14.9341940">
    <ele>149.8</ele>
   </trkpt>
   <trkpt lat="37.2300740" lon="14.9344490">
    <ele>149.8</ele>
   </trkpt>
   <trkpt lat="37.2301020" lon="14.9346820">
    <ele>150.6</ele>
   </trkpt>
   <trkpt lat="37.2301730" lon="14.9347930">
    <ele>151.0</ele>
   </trkpt>
   <trkpt lat="37.2302480" lon="14.9348760">
    <ele>151.4</ele>
   </trkpt>
   <trkpt lat="37.2303770" lon="14.9349640">
    <ele>151.4</ele>
   </trkpt>
   <trkpt lat="37.2304560" lon="14.9350190">
    <ele>151.4</ele>
   </trkpt>
   <trkpt lat="37.2307450" lon="14.9352350">
    <ele>151.6</ele>
   </trkpt>
   <trkpt lat="37.2312100" lon="14.9355650">
    <ele>151.4</ele>
   </trkpt>
   <trkpt lat="37.2317000" lon="14.9359100">
    <ele>150.8</ele>
   </trkpt>
   <trkpt lat="37.2317500" lon="14.9359520">
    <ele>150.8</ele>
   </trkpt>
   <trkpt lat="37.2320130" lon="14.9362670">
    <ele>151.0</ele>
   </trkpt>
   <trkpt lat="37.2322910" lon="14.9367570">
    <ele>151.0</ele>
   </trkpt>
   <trkpt lat="37.2324740" lon="14.9371470">
    <ele>151.0</ele>
   </trkpt>
   <trkpt lat="37.2325120" lon="14.9372950">
    <ele>151.0</ele>
   </trkpt>
   <trkpt lat="37.2325220" lon="14.9373740">
    <ele>151.0</ele>
   </trkpt>
   <trkpt lat="37.2325310" lon="14.9377030">
    <ele>150.8</ele>
   </trkpt>
   <trkpt lat="37.2325460" lon="14.9377830">
    <ele>150.8</ele>
   </trkpt>
   <trkpt lat="37.2325680" lon="14.9378570">
    <ele>150.8</ele>
   </trkpt>
   <trkpt lat="37.2326250" lon="14.9379930">
    <ele>150.6</ele>
   </trkpt>
   <trkpt lat="37.2326530" lon="14.9380460">
    <ele>150.4</ele>
   </trkpt>
   <trkpt lat="37.2327110" lon="14.9381400">
    <ele>150.2</ele>
   </trkpt>
   <trkpt lat="37.2327360" lon="14.9381660">
    <ele>150.0</ele>
   </trkpt>
   <trkpt lat="37.2328430" lon="14.9382280">
    <ele>150.0</ele>
   </trkpt>
   <trkpt lat="37.2328810" lon="14.9382350">
    <ele>149.8</ele>
   </trkpt>
   <trkpt lat="37.2329150" lon="14.9382340">
    <ele>149.8</ele>
   </trkpt>
   <trkpt lat="37.2330960" lon="14.9381820">
    <ele>149.8</ele>
   </trkpt>
   <trkpt lat="37.2333040" lon="14.9381060">
    <ele>150.2</ele>
   </trkpt>
   <trkpt lat="37.2335230" lon="14.9381600">
    <ele>150.4</ele>
   </trkpt>
   <trkpt lat="37.2336050" lon="14.9382200">
    <ele>150.6</ele>
   </trkpt>
   <trkpt lat="37.2336720" lon="14.9383100">
    <ele>150.8</ele>
   </trkpt>
   <trkpt lat="37.2337000" lon="14.9383600">
    <ele>150.8</ele>
   </trkpt>
   <trkpt lat="37.2338970" lon="14.9387670">
    <ele>151.0</ele>
   </trkpt>
   <trkpt lat="37.2340720" lon="14.9391040">
    <ele>151.4</ele>
   </trkpt>
   <trkpt lat="37.2341000" lon="14.9391550">
    <ele>151.4</ele>
   </trkpt>
   <trkpt lat="37.2341500" lon="14.9392550">
    <ele>151.2</ele>
   </trkpt>
   <trkpt lat="37.2342480" lon="14.9394650">
    <ele>151.0</ele>
   </trkpt>
   <trkpt lat="37.2345180" lon="14.9400030">
    <ele>151.0</ele>
   </trkpt>
   <trkpt lat="37.2345910" lon="14.9401200">
    <ele>151.0</ele>
   </trkpt>
   <trkpt lat="37.2346840" lon="14.9402160">
    <ele>151.0</ele>
   </trkpt>
   <trkpt lat="37.2347370" lon="14.9402560">
    <ele>151.0</ele>
   </trkpt>
   <trkpt lat="37.2352300" lon="14.9406080">
    <ele>151.2</ele>
   </trkpt>
   <trkpt lat="37.2354810" lon="14.9408560">
    <ele>151.0</ele>
   </trkpt>
   <trkpt lat="37.2358180" lon="14.9413220">
    <ele>151.0</ele>
   </trkpt>
   <trkpt lat="37.2359050" lon="14.9414440">
    <ele>151.0</ele>
   </trkpt>
   <trkpt lat="37.2361100" lon="14.9417300">
    <ele>150.8</ele>
   </trkpt>
   <trkpt lat="37.2365150" lon="14.9422000">
    <ele>150.8</ele>
   </trkpt>
   <trkpt lat="37.2369210" lon="14.9424400">
    <ele>150.4</ele>
   </trkpt>
   <trkpt lat="37.2370450" lon="14.9425120">
    <ele>150.0</ele>
   </trkpt>
   <trkpt lat="37.2371680" lon="14.9426060">
    <ele>149.8</ele>
   </trkpt>
   <trkpt lat="37.2372230" lon="14.9426700">
    <ele>149.6</ele>
   </trkpt>
   <trkpt lat="37.2373280" lon="14.9428120">
    <ele>149.0</ele>
   </trkpt>
   <trkpt lat="37.2375470" lon="14.9430830">
    <ele>147.6</ele>
   </trkpt>
   <trkpt lat="37.2378560" lon="14.9432360">
    <ele>146.4</ele>
   </trkpt>
   <trkpt lat="37.2381350" lon="14.9433210">
    <ele>145.4</ele>
   </trkpt>
   <trkpt lat="37.2382360" lon="14.9433300">
    <ele>145.2</ele>
   </trkpt>
   <trkpt lat="37.2383370" lon="14.9433480">
    <ele>144.6</ele>
   </trkpt>
   <trkpt lat="37.2385320" lon="14.9434160">
    <ele>143.8</ele>
   </trkpt>
   <trkpt lat="37.2386210" lon="14.9434730">
    <ele>143.4</ele>
   </trkpt>
   <trkpt lat="37.2387060" lon="14.9435450">
    <ele>142.4</ele>
   </trkpt>
   <trkpt lat="37.2388700" lon="14.9437120">
    <ele>141.2</ele>
   </trkpt>
   <trkpt lat="37.2389520" lon="14.9438020">
    <ele>140.4</ele>
   </trkpt>
   <trkpt lat="37.2390320" lon="14.9439020">
    <ele>139.4</ele>
   </trkpt>
   <trkpt lat="37.2391810" lon="14.9441050">
    <ele>137.8</ele>
   </trkpt>
   <trkpt lat="37.2393210" lon="14.9442980">
    <ele>136.6</ele>
   </trkpt>
   <trkpt lat="37.2394350" lon="14.9444910">
    <ele>135.4</ele>
   </trkpt>
   <trkpt lat="37.2394740" lon="14.9445960">
    <ele>135.2</ele>
   </trkpt>
   <trkpt lat="37.2395890" lon="14.9450860">
    <ele>134.8</ele>
   </trkpt>
   <trkpt lat="37.2397230" lon="14.9456840">
    <ele>135.2</ele>
   </trkpt>
   <trkpt lat="37.2398260" lon="14.9461160">
    <ele>135.6</ele>
   </trkpt>
   <trkpt lat="37.2398910" lon="14.9463600">
    <ele>136.6</ele>
   </trkpt>
   <trkpt lat="37.2399040" lon="14.9463990">
    <ele>137.0</ele>
   </trkpt>
   <trkpt lat="37.2399390" lon="14.9465040">
    <ele>138.0</ele>
   </trkpt>
   <trkpt lat="37.2399650" lon="14.9465630">
    <ele>138.6</ele>
   </trkpt>
   <trkpt lat="37.2400010" lon="14.9466450">
    <ele>139.4</ele>
   </trkpt>
   <trkpt lat="37.2400370" lon="14.9467140">
    <ele>139.8</ele>
   </trkpt>
   <trkpt lat="37.2400810" lon="14.9467810">
    <ele>140.4</ele>
   </trkpt>
   <trkpt lat="37.2401480" lon="14.9468480">
    <ele>141.2</ele>
   </trkpt>
   <trkpt lat="37.2401630" lon="14.9468650">
    <ele>141.4</ele>
   </trkpt>
   <trkpt lat="37.2402740" lon="14.9469360">
    <ele>142.6</ele>
   </trkpt>
   <trkpt lat="37.2402960" lon="14.9469440">
    <ele>142.8</ele>
   </trkpt>
   <trkpt lat="37.2404110" lon="14.9469970">
    <ele>143.4</ele>
   </trkpt>
   <trkpt lat="37.2404330" lon="14.9470090">
    <ele>143.8</ele>
   </trkpt>
   <trkpt lat="37.2404550" lon="14.9470210">
    <ele>143.8</ele>
   </trkpt>
   <trkpt lat="37.2405640" lon="14.9470820">
    <ele>145.0</ele>
   </trkpt>
   <trkpt lat="37.2406650" lon="14.9471640">
    <ele>145.8</ele>
   </trkpt>
   <trkpt lat="37.2407680" lon="14.9472800">
    <ele>146.2</ele>
   </trkpt>
   <trkpt lat="37.2408700" lon="14.9474180">
    <ele>146.4</ele>
   </trkpt>
   <trkpt lat="37.2410090" lon="14.9476670">
    <ele>147.2</ele>
   </trkpt>
   <trkpt lat="37.2410500" lon="14.9477340">
    <ele>147.4</ele>
   </trkpt>
   <trkpt lat="37.2411470" lon="14.9478880">
    <ele>148.0</ele>
   </trkpt>
   <trkpt lat="37.2412920" lon="14.9480810">
    <ele>148.6</ele>
   </trkpt>
   <trkpt lat="37.2413810" lon="14.9481930">
    <ele>148.8</ele>
   </trkpt>
   <trkpt lat="37.2414130" lon="14.9482320">
    <ele>149.0</ele>
   </trkpt>
   <trkpt lat="37.2415850" lon="14.9484320">
    <ele>148.8</ele>
   </trkpt>
   <trkpt lat="37.2419980" lon="14.9488610">
    <ele>148.6</ele>
   </trkpt>
   <trkpt lat="37.2421140" lon="14.9489650">
    <ele>148.6</ele>
   </trkpt>
   <trkpt lat="37.2424020" lon="14.9492290">
    <ele>148.4</ele>
   </trkpt>
   <trkpt lat="37.2427200" lon="14.9495440">
    <ele>147.8</ele>
   </trkpt>
   <trkpt lat="37.2427660" lon="14.9495960">
    <ele>147.8</ele>
   </trkpt>
   <trkpt lat="37.2430240" lon="14.9499330">
    <ele>147.2</ele>
   </trkpt>
   <trkpt lat="37.2434310" lon="14.9504110">
    <ele>147.0</ele>
   </trkpt>
   <trkpt lat="37.2436270" lon="14.9506190">
    <ele>147.0</ele>
   </trkpt>
   <trkpt lat="37.2437530" lon="14.9507560">
    <ele>147.2</ele>
   </trkpt>
   <trkpt lat="37.2440190" lon="14.9511040">
    <ele>148.4</ele>
   </trkpt>
   <trkpt lat="37.2444100" lon="14.9516060">
    <ele>148.8</ele>
   </trkpt>
   <trkpt lat="37.2444490" lon="14.9516540">
    <ele>148.8</ele>
   </trkpt>
   <trkpt lat="37.2447770" lon="14.9520450">
    <ele>149.0</ele>
   </trkpt>
   <trkpt lat="37.2452110" lon="14.9524840">
    <ele>148.6</ele>
   </trkpt>
   <trkpt lat="37.2452650" lon="14.9525350">
    <ele>148.4</ele>
   </trkpt>
   <trkpt lat="37.2457550" lon="14.9529030">
    <ele>147.8</ele>
   </trkpt>
   <trkpt lat="37.2461390" lon="14.9531170">
    <ele>147.6</ele>
   </trkpt>
   <trkpt lat="37.2463470" lon="14.9532260">
    <ele>147.4</ele>
   </trkpt>
   <trkpt lat="37.2468700" lon="14.9534920">
    <ele>147.0</ele>
   </trkpt>
   <trkpt lat="37.2471770" lon="14.9536420">
    <ele>146.8</ele>
   </trkpt>
   <trkpt lat="37.2473600" lon="14.9537240">
    <ele>146.4</ele>
   </trkpt>
   <trkpt lat="37.2476140" lon="14.9538290">
    <ele>145.8</ele>
   </trkpt>
   <trkpt lat="37.2478050" lon="14.9539020">
    <ele>145.4</ele>
   </trkpt>
   <trkpt lat="37.2482710" lon="14.9540300">
    <ele>144.8</ele>
   </trkpt>
   <trkpt lat="37.2486160" lon="14.9540920">
    <ele>145.0</ele>
   </trkpt>
   <trkpt lat="37.2489720" lon="14.9541450">
    <ele>144.8</ele>
   </trkpt>
   <trkpt lat="37.2493940" lon="14.9542500">
    <ele>144.6</ele>
   </trkpt>
   <trkpt lat="37.2494580" lon="14.9542900">
    <ele>144.6</ele>
   </trkpt>
   <trkpt lat="37.2496930" lon="14.9544990">
    <ele>144.0</ele>
   </trkpt>
   <trkpt lat="37.2497980" lon="14.9546170">
    <ele>143.8</ele>
   </trkpt>
   <trkpt lat="37.2499890" lon="14.9549420">
    <ele>143.6</ele>
   </trkpt>
   <trkpt lat="37.2501020" lon="14.9552240">
    <ele>143.6</ele>
   </trkpt>
   <trkpt lat="37.2502000" lon="14.9554740">
    <ele>144.6</ele>
   </trkpt>
   <trkpt lat="37.2502470" lon="14.9556060">
    <ele>145.4</ele>
   </trkpt>
   <trkpt lat="37.2503040" lon="14.9557300">
    <ele>146.6</ele>
   </trkpt>
   <trkpt lat="37.2503180" lon="14.9557620">
    <ele>146.8</ele>
   </trkpt>
   <trkpt lat="37.2503950" lon="14.9559460">
    <ele>147.4</ele>
   </trkpt>
   <trkpt lat="37.2504100" lon="14.9559790">
    <ele>147.8</ele>
   </trkpt>
   <trkpt lat="37.2505380" lon="14.9562380">
    <ele>149.0</ele>
   </trkpt>
   <trkpt lat="37.2505610" lon="14.9562730">
    <ele>149.0</ele>
   </trkpt>
   <trkpt lat="37.2506980" lon="14.9564540">
    <ele>149.4</ele>
   </trkpt>
   <trkpt lat="37.2508620" lon="14.9566420">
    <ele>149.8</ele>
   </trkpt>
   <trkpt lat="37.2511990" lon="14.9570310">
    <ele>150.0</ele>
   </trkpt>
   <trkpt lat="37.2514630" lon="14.9573460">
    <ele>150.0</ele>
   </trkpt>
   <trkpt lat="37.2515000" lon="14.9573860">
    <ele>150.0</ele>
   </trkpt>
   <trkpt lat="37.2515400" lon="14.9574250">
    <ele>150.0</ele>
   </trkpt>
   <trkpt lat="37.2518310" lon="14.9577410">
    <ele>150.0</ele>
   </trkpt>
   <trkpt lat="37.2521990" lon="14.9581690">
    <ele>149.6</ele>
   </trkpt>
   <trkpt lat="37.2522490" lon="14.9582250">
    <ele>149.4</ele>
   </trkpt>
   <trkpt lat="37.2526650" lon="14.9586990">
    <ele>148.8</ele>
   </trkpt>
   <trkpt lat="37.2527170" lon="14.9587540">
    <ele>148.6</ele>
   </trkpt>
   <trkpt lat="37.2529770" lon="14.9590600">
    <ele>148.4</ele>
   </trkpt>
   <trkpt lat="37.2531960" lon="14.9593040">
    <ele>148.4</ele>
   </trkpt>
   <trkpt lat="37.2533530" lon="14.9594870">
    <ele>148.4</ele>
   </trkpt>
   <trkpt lat="37.2534540" lon="14.9596020">
    <ele>148.2</ele>
   </trkpt>
   <trkpt lat="37.2538040" lon="14.9599960">
    <ele>147.8</ele>
   </trkpt>
   <trkpt lat="37.2538500" lon="14.9600480">
    <ele>147.8</ele>
   </trkpt>
   <trkpt lat="37.2541210" lon="14.9603880">
    <ele>147.8</ele>
   </trkpt>
   <trkpt lat="37.2545270" lon="14.9609110">
    <ele>148.0</ele>
   </trkpt>
   <trkpt lat="37.2548840" lon="14.9615060">
    <ele>148.4</ele>
   </trkpt>
   <trkpt lat="37.2550450" lon="14.9617760">
    <ele>148.4</ele>
   </trkpt>
   <trkpt lat="37.2552860" lon="14.9621680">
    <ele>148.0</ele>
   </trkpt>
   <trkpt lat="37.2555630" lon="14.9625660">
    <ele>147.6</ele>
   </trkpt>
   <trkpt lat="37.2557910" lon="14.9628700">
    <ele>146.8</ele>
   </trkpt>
   <trkpt lat="37.2559260" lon="14.9630380">
    <ele>146.2</ele>
   </trkpt>
   <trkpt lat="37.2560660" lon="14.9632180">
    <ele>145.2</ele>
   </trkpt>
   <trkpt lat="37.2562040" lon="14.9634170">
    <ele>144.0</ele>
   </trkpt>
   <trkpt lat="37.2562700" lon="14.9635280">
    <ele>143.6</ele>
   </trkpt>
   <trkpt lat="37.2563320" lon="14.9636410">
    <ele>142.8</ele>
   </trkpt>
   <trkpt lat="37.2564520" lon="14.9638750">
    <ele>141.2</ele>
   </trkpt>
   <trkpt lat="37.2565700" lon="14.9641110">
    <ele>139.8</ele>
   </trkpt>
   <trkpt lat="37.2566280" lon="14.9642280">
    <ele>139.0</ele>
   </trkpt>
   <trkpt lat="37.2566870" lon="14.9643480">
    <ele>138.6</ele>
   </trkpt>
   <trkpt lat="37.2568080" lon="14.9645870">
    <ele>137.0</ele>
   </trkpt>
   <trkpt lat="37.2569290" lon="14.9648270">
    <ele>135.8</ele>
   </trkpt>
   <trkpt lat="37.2570490" lon="14.9650670">
    <ele>134.2</ele>
   </trkpt>
   <trkpt lat="37.2571730" lon="14.9653090">
    <ele>133.2</ele>
   </trkpt>
   <trkpt lat="37.2572380" lon="14.9654260">
    <ele>132.8</ele>
   </trkpt>
   <trkpt lat="37.2573050" lon="14.9655380">
    <ele>131.8</ele>
   </trkpt>
   <trkpt lat="37.2575420" lon="14.9658330">
    <ele>130.8</ele>
   </trkpt>
   <trkpt lat="37.2576270" lon="14.9659200">
    <ele>129.6</ele>
   </trkpt>
   <trkpt lat="37.2577840" lon="14.9660670">
    <ele>128.6</ele>
   </trkpt>
   <trkpt lat="37.2578500" lon="14.9661320">
    <ele>128.0</ele>
   </trkpt>
   <trkpt lat="37.2579050" lon="14.9661980">
    <ele>127.8</ele>
   </trkpt>
   <trkpt lat="37.2579480" lon="14.9662700">
    <ele>127.6</ele>
   </trkpt>
   <trkpt lat="37.2579700" lon="14.9663490">
    <ele>127.4</ele>
   </trkpt>
   <trkpt lat="37.2579430" lon="14.9665080">
    <ele>127.0</ele>
   </trkpt>
   <trkpt lat="37.2578200" lon="14.9668020">
    <ele>126.4</ele>
   </trkpt>
   <trkpt lat="37.2577410" lon="14.9670280">
    <ele>126.0</ele>
   </trkpt>
   <trkpt lat="37.2576830" lon="14.9671730">
    <ele>126.0</ele>
   </trkpt>
   <trkpt lat="37.2574720" lon="14.9677600">
    <ele>125.8</ele>
   </trkpt>
   <trkpt lat="37.2574390" lon="14.9679070">
    <ele>125.8</ele>
   </trkpt>
   <trkpt lat="37.2574310" lon="14.9680470">
    <ele>126.0</ele>
   </trkpt>
   <trkpt lat="37.2574410" lon="14.9685100">
    <ele>126.6</ele>
   </trkpt>
   <trkpt lat="37.2574900" lon="14.9689200">
    <ele>127.6</ele>
   </trkpt>
   <trkpt lat="37.2575340" lon="14.9690720">
    <ele>127.8</ele>
   </trkpt>
   <trkpt lat="37.2576110" lon="14.9692640">
    <ele>128.8</ele>
   </trkpt>
   <trkpt lat="37.2576340" lon="14.9693050">
    <ele>129.0</ele>
   </trkpt>
   <trkpt lat="37.2578040" lon="14.9695130">
    <ele>129.8</ele>
   </trkpt>
   <trkpt lat="37.2580740" lon="14.9696770">
    <ele>129.8</ele>
   </trkpt>
   <trkpt lat="37.2581810" lon="14.9697210">
    <ele>129.8</ele>
   </trkpt>
   <trkpt lat="37.2583950" lon="14.9698230">
    <ele>129.6</ele>
   </trkpt>
   <trkpt lat="37.2586690" lon="14.9699000">
    <ele>129.4</ele>
   </trkpt>
   <trkpt lat="37.2589340" lon="14.9699680">
    <ele>129.4</ele>
   </trkpt>
   <trkpt lat="37.2593280" lon="14.9700300">
    <ele>129.2</ele>
   </trkpt>
   <trkpt lat="37.2598610" lon="14.9701320">
    <ele>129.6</ele>
   </trkpt>
   <trkpt lat="37.2603150" lon="14.9702840">
    <ele>129.6</ele>
   </trkpt>
   <trkpt lat="37.2606340" lon="14.9703850">
    <ele>128.6</ele>
   </trkpt>
   <trkpt lat="37.2608330" lon="14.9704480">
    <ele>128.0</ele>
   </trkpt>
   <trkpt lat="37.2609650" lon="14.9704910">
    <ele>127.6</ele>
   </trkpt>
   <trkpt lat="37.2614190" lon="14.9706470">
    <ele>126.4</ele>
   </trkpt>
   <trkpt lat="37.2619510" lon="14.9708300">
    <ele>125.8</ele>
   </trkpt>
   <trkpt lat="37.2622250" lon="14.9709190">
    <ele>125.6</ele>
   </trkpt>
   <trkpt lat="37.2623290" lon="14.9709660">
    <ele>125.4</ele>
   </trkpt>
   <trkpt lat="37.2626780" lon="14.9711710">
    <ele>124.8</ele>
   </trkpt>
   <trkpt lat="37.2628000" lon="14.9712550">
    <ele>124.6</ele>
   </trkpt>
   <trkpt lat="37.2628620" lon="14.9713060">
    <ele>123.8</ele>
   </trkpt>
   <trkpt lat="37.2629800" lon="14.9714310">
    <ele>123.2</ele>
   </trkpt>
   <trkpt lat="37.2632120" lon="14.9716970">
    <ele>121.8</ele>
   </trkpt>
   <trkpt lat="37.2635010" lon="14.9720280">
    <ele>120.8</ele>
   </trkpt>
   <trkpt lat="37.2638080" lon="14.9723680">
    <ele>120.0</ele>
   </trkpt>
   <trkpt lat="37.2638680" lon="14.9724410">
    <ele>119.6</ele>
   </trkpt>
   <trkpt lat="37.2639940" lon="14.9725950">
    <ele>119.4</ele>
   </trkpt>
   <trkpt lat="37.2641910" lon="14.9728540">
    <ele>118.6</ele>
   </trkpt>
   <trkpt lat="37.2644090" lon="14.9731190">
    <ele>117.8</ele>
   </trkpt>
   <trkpt lat="37.2644910" lon="14.9732020">
    <ele>117.0</ele>
   </trkpt>
   <trkpt lat="37.2647550" lon="14.9734240">
    <ele>115.4</ele>
   </trkpt>
   <trkpt lat="37.2648450" lon="14.9734960">
    <ele>115.0</ele>
   </trkpt>
   <trkpt lat="37.2649300" lon="14.9735740">
    <ele>114.4</ele>
   </trkpt>
   <trkpt lat="37.2650090" lon="14.9736650">
    <ele>114.2</ele>
   </trkpt>
   <trkpt lat="37.2650830" lon="14.9737690">
    <ele>113.6</ele>
   </trkpt>
   <trkpt lat="37.2651540" lon="14.9738820">
    <ele>112.8</ele>
   </trkpt>
   <trkpt lat="37.2652840" lon="14.9741260">
    <ele>111.6</ele>
   </trkpt>
   <trkpt lat="37.2654020" lon="14.9743700">
    <ele>109.6</ele>
   </trkpt>
   <trkpt lat="37.2654950" lon="14.9746210">
    <ele>107.4</ele>
   </trkpt>
   <trkpt lat="37.2655680" lon="14.9748690">
    <ele>105.8</ele>
   </trkpt>
   <trkpt lat="37.2656280" lon="14.9751130">
    <ele>105.0</ele>
   </trkpt>
   <trkpt lat="37.2656530" lon="14.9752360">
    <ele>104.8</ele>
   </trkpt>
   <trkpt lat="37.2656860" lon="14.9754770">
    <ele>104.0</ele>
   </trkpt>
   <trkpt lat="37.2657270" lon="14.9757050">
    <ele>103.4</ele>
   </trkpt>
   <trkpt lat="37.2657990" lon="14.9760180">
    <ele>103.0</ele>
   </trkpt>
   <trkpt lat="37.2659560" lon="14.9763820">
    <ele>102.8</ele>
   </trkpt>
   <trkpt lat="37.2661000" lon="14.9766110">
    <ele>102.4</ele>
   </trkpt>
   <trkpt lat="37.2663040" lon="14.9768940">
    <ele>101.8</ele>
   </trkpt>
   <trkpt lat="37.2665850" lon="14.9772840">
    <ele>101.8</ele>
   </trkpt>
   <trkpt lat="37.2668370" lon="14.9777240">
    <ele>102.2</ele>
   </trkpt>
   <trkpt lat="37.2669130" lon="14.9779340">
    <ele>102.6</ele>
   </trkpt>
   <trkpt lat="37.2669770" lon="14.9781530">
    <ele>102.8</ele>
   </trkpt>
   <trkpt lat="37.2670360" lon="14.9782870">
    <ele>103.0</ele>
   </trkpt>
   <trkpt lat="37.2671190" lon="14.9783920">
    <ele>103.0</ele>
   </trkpt>
   <trkpt lat="37.2673750" lon="14.9785610">
    <ele>103.0</ele>
   </trkpt>
   <trkpt lat="37.2677450" lon="14.9787110">
    <ele>103.2</ele>
   </trkpt>
   <trkpt lat="37.2680890" lon="14.9788000">
    <ele>104.0</ele>
   </trkpt>
   <trkpt lat="37.2681400" lon="14.9788170">
    <ele>104.0</ele>
   </trkpt>
   <trkpt lat="37.2684650" lon="14.9789900">
    <ele>104.6</ele>
   </trkpt>
   <trkpt lat="37.2686060" lon="14.9790980">
    <ele>104.8</ele>
   </trkpt>
   <trkpt lat="37.2687520" lon="14.9792380">
    <ele>105.0</ele>
   </trkpt>
   <trkpt lat="37.2690670" lon="14.9795810">
    <ele>104.8</ele>
   </trkpt>
   <trkpt lat="37.2695080" lon="14.9799780">
    <ele>103.4</ele>
   </trkpt>
   <trkpt lat="37.2696360" lon="14.9800990">
    <ele>103.0</ele>
   </trkpt>
   <trkpt lat="37.2700390" lon="14.9804430">
    <ele>101.8</ele>
   </trkpt>
   <trkpt lat="37.2701070" lon="14.9805040">
    <ele>101.2</ele>
   </trkpt>
   <trkpt lat="37.2703820" lon="14.9807510">
    <ele>100.4</ele>
   </trkpt>
   <trkpt lat="37.2706680" lon="14.9809930">
    <ele>99.0</ele>
   </trkpt>
   <trkpt lat="37.2707380" lon="14.9810540">
    <ele>98.8</ele>
   </trkpt>
   <trkpt lat="37.2708770" lon="14.9811810">
    <ele>98.0</ele>
   </trkpt>
   <trkpt lat="37.2713520" lon="14.9816580">
    <ele>96.8</ele>
   </trkpt>
   <trkpt lat="37.2716380" lon="14.9820430">
    <ele>96.0</ele>
   </trkpt>
   <trkpt lat="37.2716900" lon="14.9821200">
    <ele>95.6</ele>
   </trkpt>
   <trkpt lat="37.2719120" lon="14.9825030">
    <ele>95.2</ele>
   </trkpt>
   <trkpt lat="37.2719530" lon="14.9825690">
    <ele>95.0</ele>
   </trkpt>
   <trkpt lat="37.2719970" lon="14.9826280">
    <ele>95.0</ele>
   </trkpt>
   <trkpt lat="37.2720440" lon="14.9826790">
    <ele>95.0</ele>
   </trkpt>
   <trkpt lat="37.2720950" lon="14.9827210">
    <ele>95.0</ele>
   </trkpt>
   <trkpt lat="37.2721510" lon="14.9827570">
    <ele>94.8</ele>
   </trkpt>
   <trkpt lat="37.2723360" lon="14.9828150">
    <ele>94.8</ele>
   </trkpt>
   <trkpt lat="37.2728270" lon="14.9829120">
    <ele>94.2</ele>
   </trkpt>
   <trkpt lat="37.2728830" lon="14.9829300">
    <ele>94.2</ele>
   </trkpt>
   <trkpt lat="37.2733290" lon="14.9830960">
    <ele>94.2</ele>
   </trkpt>
   <trkpt lat="37.2737490" lon="14.9833410">
    <ele>94.8</ele>
   </trkpt>
   <trkpt lat="37.2742150" lon="14.9836120">
    <ele>94.8</ele>
   </trkpt>
   <trkpt lat="37.2745590" lon="14.9838270">
    <ele>95.6</ele>
   </trkpt>
   <trkpt lat="37.2746580" lon="14.9838840">
    <ele>95.6</ele>
   </trkpt>
   <trkpt lat="37.2751570" lon="14.9842390">
    <ele>96.4</ele>
   </trkpt>
   <trkpt lat="37.2753150" lon="14.9843860">
    <ele>96.8</ele>
   </trkpt>
   <trkpt lat="37.2754250" lon="14.9845130">
    <ele>97.4</ele>
   </trkpt>
   <trkpt lat="37.2757150" lon="14.9849850">
    <ele>97.8</ele>
   </trkpt>
   <trkpt lat="37.2757420" lon="14.9850380">
    <ele>98.0</ele>
   </trkpt>
   <trkpt lat="37.2760470" lon="14.9856470">
    <ele>98.4</ele>
   </trkpt>
   <trkpt lat="37.2763260" lon="14.9862280">
    <ele>97.8</ele>
   </trkpt>
   <trkpt lat="37.2763510" lon="14.9862910">
    <ele>97.8</ele>
   </trkpt>
   <trkpt lat="37.2764290" lon="14.9864630">
    <ele>97.6</ele>
   </trkpt>
   <trkpt lat="37.2765460" lon="14.9866800">
    <ele>97.6</ele>
   </trkpt>
   <trkpt lat="37.2767950" lon="14.9871470">
    <ele>97.6</ele>
   </trkpt>
   <trkpt lat="37.2770260" lon="14.9876940">
    <ele>97.4</ele>
   </trkpt>
   <trkpt lat="37.2772180" lon="14.9882170">
    <ele>97.6</ele>
   </trkpt>
   <trkpt lat="37.2773260" lon="14.9886210">
    <ele>97.4</ele>
   </trkpt>
   <trkpt lat="37.2774010" lon="14.9889230">
    <ele>97.8</ele>
   </trkpt>
   <trkpt lat="37.2774090" lon="14.9889730">
    <ele>97.8</ele>
   </trkpt>
   <trkpt lat="37.2774480" lon="14.9891580">
    <ele>98.8</ele>
   </trkpt>
   <trkpt lat="37.2774520" lon="14.9892030">
    <ele>99.0</ele>
   </trkpt>
   <trkpt lat="37.2774810" lon="14.9894650">
    <ele>100.0</ele>
   </trkpt>
   <trkpt lat="37.2774950" lon="14.9895960">
    <ele>100.2</ele>
   </trkpt>
   <trkpt lat="37.2776030" lon="14.9899830">
    <ele>100.8</ele>
   </trkpt>
   <trkpt lat="37.2777320" lon="14.9901580">
    <ele>100.8</ele>
   </trkpt>
   <trkpt lat="37.2778120" lon="14.9902250">
    <ele>100.6</ele>
   </trkpt>
   <trkpt lat="37.2778550" lon="14.9902540">
    <ele>100.6</ele>
   </trkpt>
   <trkpt lat="37.2781240" lon="14.9903770">
    <ele>100.4</ele>
   </trkpt>
   <trkpt lat="37.2782910" lon="14.9904180">
    <ele>100.4</ele>
   </trkpt>
   <trkpt lat="37.2784270" lon="14.9904110">
    <ele>100.4</ele>
   </trkpt>
   <trkpt lat="37.2786840" lon="14.9903500">
    <ele>100.2</ele>
   </trkpt>
   <trkpt lat="37.2787290" lon="14.9903360">
    <ele>100.2</ele>
   </trkpt>
   <trkpt lat="37.2788210" lon="14.9903140">
    <ele>100.2</ele>
   </trkpt>
   <trkpt lat="37.2790700" lon="14.9902880">
    <ele>100.2</ele>
   </trkpt>
   <trkpt lat="37.2791250" lon="14.9902910">
    <ele>100.0</ele>
   </trkpt>
   <trkpt lat="37.2792480" lon="14.9903350">
    <ele>100.0</ele>
   </trkpt>
   <trkpt lat="37.2793090" lon="14.9903770">
    <ele>100.0</ele>
   </trkpt>
   <trkpt lat="37.2793680" lon="14.9904320">
    <ele>99.8</ele>
   </trkpt>
   <trkpt lat="37.2794700" lon="14.9905570">
    <ele>99.2</ele>
   </trkpt>
   <trkpt lat="37.2795160" lon="14.9906210">
    <ele>99.2</ele>
   </trkpt>
   <trkpt lat="37.2796170" lon="14.9907380">
    <ele>97.8</ele>
   </trkpt>
   <trkpt lat="37.2797360" lon="14.9908340">
    <ele>97.0</ele>
   </trkpt>
   <trkpt lat="37.2798000" lon="14.9908670">
    <ele>96.6</ele>
   </trkpt>
   <trkpt lat="37.2800180" lon="14.9909450">
    <ele>95.6</ele>
   </trkpt>
   <trkpt lat="37.2801630" lon="14.9909610">
    <ele>95.0</ele>
   </trkpt>
   <trkpt lat="37.2802970" lon="14.9909590">
    <ele>94.4</ele>
   </trkpt>
   <trkpt lat="37.2804220" lon="14.9909700">
    <ele>94.2</ele>
   </trkpt>
   <trkpt lat="37.2805320" lon="14.9910150">
    <ele>94.2</ele>
   </trkpt>
   <trkpt lat="37.2807320" lon="14.9911700">
    <ele>93.6</ele>
   </trkpt>
   <trkpt lat="37.2807770" lon="14.9912100">
    <ele>93.4</ele>
   </trkpt>
   <trkpt lat="37.2810130" lon="14.9914340">
    <ele>93.2</ele>
   </trkpt>
   <trkpt lat="37.2811870" lon="14.9915940">
    <ele>92.8</ele>
   </trkpt>
   <trkpt lat="37.2814130" lon="14.9918120">
    <ele>93.0</ele>
   </trkpt>
   <trkpt lat="37.2816070" lon="14.9920520">
    <ele>93.8</ele>
   </trkpt>
   <trkpt lat="37.2817450" lon="14.9922400">
    <ele>94.6</ele>
   </trkpt>
   <trkpt lat="37.2818020" lon="14.9923200">
    <ele>94.8</ele>
   </trkpt>
   <trkpt lat="37.2818390" lon="14.9923910">
    <ele>95.0</ele>
   </trkpt>
   <trkpt lat="37.2819430" lon="14.9926170">
    <ele>96.2</ele>
   </trkpt>
   <trkpt lat="37.2819800" lon="14.9926760">
    <ele>96.2</ele>
   </trkpt>
   <trkpt lat="37.2820710" lon="14.9927700">
    <ele>96.4</ele>
   </trkpt>
   <trkpt lat="37.2821720" lon="14.9928140">
    <ele>96.4</ele>
   </trkpt>
   <trkpt lat="37.2823710" lon="14.9927730">
    <ele>96.0</ele>
   </trkpt>
   <trkpt lat="37.2824840" lon="14.9927990">
    <ele>95.6</ele>
   </trkpt>
   <trkpt lat="37.2825920" lon="14.9928570">
    <ele>95.2</ele>
   </trkpt>
   <trkpt lat="37.2826990" lon="14.9929190">
    <ele>94.0</ele>
   </trkpt>
   <trkpt lat="37.2829480" lon="14.9930650">
    <ele>93.0</ele>
   </trkpt>
   <trkpt lat="37.2831070" lon="14.9931560">
    <ele>92.6</ele>
   </trkpt>
   <trkpt lat="37.2832200" lon="14.9932310">
    <ele>92.2</ele>
   </trkpt>
   <trkpt lat="37.2833120" lon="14.9932420">
    <ele>91.8</ele>
   </trkpt>
   <trkpt lat="37.2834180" lon="14.9933300">
    <ele>91.6</ele>
   </trkpt>
   <trkpt lat="37.2835660" lon="14.9934480">
    <ele>91.4</ele>
   </trkpt>
   <trkpt lat="37.2836420" lon="14.9934810">
    <ele>91.4</ele>
   </trkpt>
   <trkpt lat="37.2836820" lon="14.9935000">
    <ele>91.4</ele>
   </trkpt>
   <trkpt lat="37.2837690" lon="14.9935450">
    <ele>91.4</ele>
   </trkpt>
   <trkpt lat="37.2838150" lon="14.9935620">
    <ele>91.2</ele>
   </trkpt>
   <trkpt lat="37.2838650" lon="14.9935890">
    <ele>91.2</ele>
   </trkpt>
   <trkpt lat="37.2839660" lon="14.9936370">
    <ele>91.0</ele>
   </trkpt>
   <trkpt lat="37.2840770" lon="14.9937000">
    <ele>91.0</ele>
   </trkpt>
   <trkpt lat="37.2842050" lon="14.9937770">
    <ele>90.8</ele>
   </trkpt>
   <trkpt lat="37.2842650" lon="14.9937970">
    <ele>90.6</ele>
   </trkpt>
   <trkpt lat="37.2843180" lon="14.9938160">
    <ele>90.4</ele>
   </trkpt>
   <trkpt lat="37.2843800" lon="14.9938350">
    <ele>90.2</ele>
   </trkpt>
   <trkpt lat="37.2844460" lon="14.9938220">
    <ele>90.0</ele>
   </trkpt>
   <trkpt lat="37.2845230" lon="14.9938330">
    <ele>89.8</ele>
   </trkpt>
   <trkpt lat="37.2845750" lon="14.9938440">
    <ele>89.4</ele>
   </trkpt>
   <trkpt lat="37.2846230" lon="14.9938470">
    <ele>89.0</ele>
   </trkpt>
   <trkpt lat="37.2847350" lon="14.9938640">
    <ele>88.6</ele>
   </trkpt>
   <trkpt lat="37.2849080" lon="14.9938440">
    <ele>87.8</ele>
   </trkpt>
   <trkpt lat="37.2851090" lon="14.9938400">
    <ele>87.2</ele>
   </trkpt>
   <trkpt lat="37.2853860" lon="14.9938200">
    <ele>86.6</ele>
   </trkpt>
   <trkpt lat="37.2854480" lon="14.9938260">
    <ele>86.6</ele>
   </trkpt>
   <trkpt lat="37.2855110" lon="14.9938650">
    <ele>86.4</ele>
   </trkpt>
   <trkpt lat="37.2857270" lon="14.9939860">
    <ele>86.2</ele>
   </trkpt>
   <trkpt lat="37.2860260" lon="14.9941340">
    <ele>85.8</ele>
   </trkpt>
   <trkpt lat="37.2861160" lon="14.9941780">
    <ele>85.8</ele>
   </trkpt>
   <trkpt lat="37.2862980" lon="14.9942840">
    <ele>85.6</ele>
   </trkpt>
   <trkpt lat="37.2863960" lon="14.9943510">
    <ele>85.6</ele>
   </trkpt>
   <trkpt lat="37.2866630" lon="14.9945190">
    <ele>84.4</ele>
   </trkpt>
   <trkpt lat="37.2869860" lon="14.9946960">
    <ele>83.6</ele>
   </trkpt>
   <trkpt lat="37.2870320" lon="14.9947230">
    <ele>83.4</ele>
   </trkpt>
   <trkpt lat="37.2871760" lon="14.9948000">
    <ele>83.4</ele>
   </trkpt>
   <trkpt lat="37.2873920" lon="14.9949070">
    <ele>84.0</ele>
   </trkpt>
   <trkpt lat="37.2875270" lon="14.9949810">
    <ele>84.4</ele>
   </trkpt>
   <trkpt lat="37.2876270" lon="14.9950460">
    <ele>84.6</ele>
   </trkpt>
   <trkpt lat="37.2876270" lon="14.9950460">
    <ele>84.6</ele>
   </trkpt>
   <trkpt lat="37.2877010" lon="14.9950560">
    <ele>82.8</ele>
   </trkpt>
   <trkpt lat="37.2877450" lon="14.9950280">
    <ele>82.8</ele>
   </trkpt>
   <trkpt lat="37.2878540" lon="14.9948760">
    <ele>83.2</ele>
   </trkpt>
   <trkpt lat="37.2880350" lon="14.9946970">
    <ele>83.6</ele>
   </trkpt>
   <trkpt lat="37.2882520" lon="14.9944740">
    <ele>83.2</ele>
   </trkpt>
   <trkpt lat="37.2883520" lon="14.9942900">
    <ele>83.0</ele>
   </trkpt>
   <trkpt lat="37.2884570" lon="14.9940950">
    <ele>82.8</ele>
   </trkpt>
   <trkpt lat="37.2884980" lon="14.9940560">
    <ele>82.8</ele>
   </trkpt>
   <trkpt lat="37.2886630" lon="14.9939070">
    <ele>82.6</ele>
   </trkpt>
   <trkpt lat="37.2886880" lon="14.9939080">
    <ele>82.4</ele>
   </trkpt>
   <trkpt lat="37.2887370" lon="14.9939330">
    <ele>82.4</ele>
   </trkpt>
   <trkpt lat="37.2887620" lon="14.9939430">
    <ele>82.4</ele>
   </trkpt>
   <trkpt lat="37.2888490" lon="14.9939910">
    <ele>82.4</ele>
   </trkpt>
   <trkpt lat="37.2889120" lon="14.9940510">
    <ele>82.4</ele>
   </trkpt>
   <trkpt lat="37.2890480" lon="14.9941570">
    <ele>82.0</ele>
   </trkpt>
   <trkpt lat="37.2891910" lon="14.9942180">
    <ele>81.8</ele>
   </trkpt>
   <trkpt lat="37.2893900" lon="14.9943390">
    <ele>81.6</ele>
   </trkpt>
   <trkpt lat="37.2895470" lon="14.9944590">
    <ele>81.6</ele>
   </trkpt>
   <trkpt lat="37.2896600" lon="14.9945380">
    <ele>81.4</ele>
   </trkpt>
   <trkpt lat="37.2898150" lon="14.9946300">
    <ele>81.2</ele>
   </trkpt>
   <trkpt lat="37.2900490" lon="14.9947660">
    <ele>81.0</ele>
   </trkpt>
   <trkpt lat="37.2903430" lon="14.9949490">
    <ele>80.4</ele>
   </trkpt>
   <trkpt lat="37.2903550" lon="14.9950060">
    <ele>80.2</ele>
   </trkpt>
   <trkpt lat="37.2903410" lon="14.9950740">
    <ele>80.2</ele>
   </trkpt>
   <trkpt lat="37.2902770" lon="14.9952640">
    <ele>79.8</ele>
   </trkpt>
   <trkpt lat="37.2902700" lon="14.9952790">
    <ele>79.8</ele>
   </trkpt>
   <trkpt lat="37.2902650" lon="14.9952910">
    <ele>80.2</ele>
   </trkpt>
   <trkpt lat="37.2902650" lon="14.9952910">
    <ele>80.2</ele>
   </trkpt>
   <trkpt lat="37.2902400" lon="14.9952900">
    <ele>82.0</ele>
   </trkpt>
   <trkpt lat="37.2902630" lon="14.9952440">
    <ele>82.0</ele>
   </trkpt>
   <trkpt lat="37.2903570" lon="14.9951190">
    <ele>82.0</ele>
   </trkpt>
   <trkpt lat="37.2904450" lon="14.9950940">
    <ele>82.0</ele>
   </trkpt>
   <trkpt lat="37.2905850" lon="14.9951880">
    <ele>82.0</ele>
   </trkpt>
   <trkpt lat="37.2906160" lon="14.9952030">
    <ele>82.0</ele>
   </trkpt>
   <trkpt lat="37.2908360" lon="14.9953130">
    <ele>82.2</ele>
   </trkpt>
   <trkpt lat="37.2911790" lon="14.9955570">
    <ele>82.6</ele>
   </trkpt>
   <trkpt lat="37.2912870" lon="14.9958000">
    <ele>82.8</ele>
   </trkpt>
   <trkpt lat="37.2913020" lon="14.9958440">
    <ele>82.8</ele>
   </trkpt>
   <trkpt lat="37.2913210" lon="14.9959300">
    <ele>83.0</ele>
   </trkpt>
   <trkpt lat="37.2913330" lon="14.9961170">
    <ele>83.2</ele>
   </trkpt>
   <trkpt lat="37.2912700" lon="14.9964580">
    <ele>83.8</ele>
   </trkpt>
   <trkpt lat="37.2912390" lon="14.9965780">
    <ele>84.2</ele>
   </trkpt>
   <trkpt lat="37.2912040" lon="14.9968400">
    <ele>84.6</ele>
   </trkpt>
   <trkpt lat="37.2911310" lon="14.9972230">
    <ele>84.6</ele>
   </trkpt>
   <trkpt lat="37.2910960" lon="14.9973230">
    <ele>84.8</ele>
   </trkpt>
   <trkpt lat="37.2910380" lon="14.9975480">
    <ele>85.0</ele>
   </trkpt>
   <trkpt lat="37.2910490" lon="14.9976870">
    <ele>85.2</ele>
   </trkpt>
   <trkpt lat="37.2911290" lon="14.9977340">
    <ele>85.2</ele>
   </trkpt>
   <trkpt lat="37.2911640" lon="14.9977560">
    <ele>85.2</ele>
   </trkpt>
   <trkpt lat="37.2913330" lon="14.9978580">
    <ele>85.8</ele>
   </trkpt>
   <trkpt lat="37.2915780" lon="14.9980170">
    <ele>86.0</ele>
   </trkpt>
   <trkpt lat="37.2917570" lon="14.9981330">
    <ele>86.0</ele>
   </trkpt>
   <trkpt lat="37.2919560" lon="14.9982520">
    <ele>85.8</ele>
   </trkpt>
   <trkpt lat="37.2919960" lon="14.9982770">
    <ele>86.0</ele>
   </trkpt>
   <trkpt lat="37.2923300" lon="14.9984670">
    <ele>85.6</ele>
   </trkpt>
   <trkpt lat="37.2923880" lon="14.9984980">
    <ele>85.6</ele>
   </trkpt>
   <trkpt lat="37.2926500" lon="14.9986420">
    <ele>85.4</ele>
   </trkpt>
   <trkpt lat="37.2928690" lon="14.9987670">
    <ele>85.4</ele>
   </trkpt>
   <trkpt lat="37.2929400" lon="14.9988290">
    <ele>85.4</ele>
   </trkpt>
   <trkpt lat="37.2929830" lon="14.9989450">
    <ele>85.4</ele>
   </trkpt>
   <trkpt lat="37.2929900" lon="14.9989870">
    <ele>85.4</ele>
   </trkpt>
   <trkpt lat="37.2930340" lon="14.9990890">
    <ele>85.4</ele>
   </trkpt>
   <trkpt lat="37.2930620" lon="14.9991050">
    <ele>85.4</ele>
   </trkpt>
   <trkpt lat="37.2930900" lon="14.9991030">
    <ele>85.4</ele>
   </trkpt>
   <trkpt lat="37.2931650" lon="14.9991020">
    <ele>85.2</ele>
   </trkpt>
   <trkpt lat="37.2932670" lon="14.9991170">
    <ele>85.2</ele>
   </trkpt>
   <trkpt lat="37.2933670" lon="14.9991350">
    <ele>85.0</ele>
   </trkpt>
   <trkpt lat="37.2934700" lon="14.9991480">
    <ele>85.0</ele>
   </trkpt>
   <trkpt lat="37.2935770" lon="14.9991790">
    <ele>84.8</ele>
   </trkpt>
   <trkpt lat="37.2936230" lon="14.9992080">
    <ele>84.8</ele>
   </trkpt>
   <trkpt lat="37.2936750" lon="14.9992350">
    <ele>84.6</ele>
   </trkpt>
   <trkpt lat="37.2937910" lon="14.9992780">
    <ele>84.4</ele>
   </trkpt>
   <trkpt lat="37.2938480" lon="14.9992990">
    <ele>84.4</ele>
   </trkpt>
   <trkpt lat="37.2939080" lon="14.9993320">
    <ele>84.2</ele>
   </trkpt>
   <trkpt lat="37.2940250" lon="14.9994060">
    <ele>84.0</ele>
   </trkpt>
   <trkpt lat="37.2940830" lon="14.9994350">
    <ele>84.0</ele>
   </trkpt>
   <trkpt lat="37.2944260" lon="14.9996240">
    <ele>83.6</ele>
   </trkpt>
   <trkpt lat="37.2946590" lon="14.9997900">
    <ele>83.2</ele>
   </trkpt>
   <trkpt lat="37.2948350" lon="14.9998900">
    <ele>82.6</ele>
   </trkpt>
   <trkpt lat="37.2950660" lon="15.0000260">
    <ele>82.2</ele>
   </trkpt>
   <trkpt lat="37.2952130" lon="15.0000650">
    <ele>81.8</ele>
   </trkpt>
   <trkpt lat="37.2954420" lon="15.0001910">
    <ele>81.6</ele>
   </trkpt>
   <trkpt lat="37.2956420" lon="15.0003330">
    <ele>81.2</ele>
   </trkpt>
   <trkpt lat="37.2956920" lon="15.0003590">
    <ele>81.2</ele>
   </trkpt>
   <trkpt lat="37.2957350" lon="15.0003870">
    <ele>81.0</ele>
   </trkpt>
   <trkpt lat="37.2959760" lon="15.0005420">
    <ele>80.8</ele>
   </trkpt>
   <trkpt lat="37.2962230" lon="15.0006590">
    <ele>80.4</ele>
   </trkpt>
   <trkpt lat="37.2962830" lon="15.0006880">
    <ele>80.2</ele>
   </trkpt>
   <trkpt lat="37.2963370" lon="15.0007150">
    <ele>80.2</ele>
   </trkpt>
   <trkpt lat="37.2964520" lon="15.0007650">
    <ele>80.0</ele>
   </trkpt>
   <trkpt lat="37.2965720" lon="15.0008330">
    <ele>80.0</ele>
   </trkpt>
   <trkpt lat="37.2966340" lon="15.0008730">
    <ele>80.0</ele>
   </trkpt>
   <trkpt lat="37.2968150" lon="15.0009740">
    <ele>79.6</ele>
   </trkpt>
   <trkpt lat="37.2968720" lon="15.0010110">
    <ele>79.6</ele>
   </trkpt>
   <trkpt lat="37.2969240" lon="15.0010410">
    <ele>79.2</ele>
   </trkpt>
   <trkpt lat="37.2969790" lon="15.0010620">
    <ele>79.0</ele>
   </trkpt>
   <trkpt lat="37.2970980" lon="15.0011390">
    <ele>78.8</ele>
   </trkpt>
   <trkpt lat="37.2972520" lon="15.0013000">
    <ele>78.6</ele>
   </trkpt>
   <trkpt lat="37.2972850" lon="15.0013660">
    <ele>78.6</ele>
   </trkpt>
   <trkpt lat="37.2973080" lon="15.0014340">
    <ele>78.6</ele>
   </trkpt>
   <trkpt lat="37.2973480" lon="15.0017010">
    <ele>78.6</ele>
   </trkpt>
   <trkpt lat="37.2973580" lon="15.0017640">
    <ele>78.6</ele>
   </trkpt>
   <trkpt lat="37.2974020" lon="15.0020550">
    <ele>79.0</ele>
   </trkpt>
   <trkpt lat="37.2974230" lon="15.0021810">
    <ele>79.4</ele>
   </trkpt>
   <trkpt lat="37.2974230" lon="15.0021850">
    <ele>80.0</ele>
   </trkpt>
   <trkpt lat="37.2974550" lon="15.0022230">
    <ele>80.2</ele>
   </trkpt>
   <trkpt lat="37.2974760" lon="15.0022410">
    <ele>80.2</ele>
   </trkpt>
   <trkpt lat="37.2975010" lon="15.0022520">
    <ele>80.0</ele>
   </trkpt>
   <trkpt lat="37.2975900" lon="15.0022600">
    <ele>80.0</ele>
   </trkpt>
   <trkpt lat="37.2977810" lon="15.0022620">
    <ele>79.8</ele>
   </trkpt>
   <trkpt lat="37.2981020" lon="15.0022540">
    <ele>80.0</ele>
   </trkpt>
   <trkpt lat="37.2981500" lon="15.0022570">
    <ele>80.0</ele>
   </trkpt>
   <trkpt lat="37.2985470" lon="15.0022570">
    <ele>80.2</ele>
   </trkpt>
   <trkpt lat="37.2987630" lon="15.0022510">
    <ele>80.4</ele>
   </trkpt>
   <trkpt lat="37.2989260" lon="15.0022400">
    <ele>80.4</ele>
   </trkpt>
   <trkpt lat="37.2993490" lon="15.0022480">
    <ele>80.8</ele>
   </trkpt>
   <trkpt lat="37.2998250" lon="15.0022390">
    <ele>81.0</ele>
   </trkpt>
   <trkpt lat="37.3000030" lon="15.0022330">
    <ele>81.0</ele>
   </trkpt>
   <trkpt lat="37.3001790" lon="15.0022510">
    <ele>81.0</ele>
   </trkpt>
   <trkpt lat="37.3007140" lon="15.0022670">
    <ele>81.4</ele>
   </trkpt>
   <trkpt lat="37.3009060" lon="15.0022620">
    <ele>81.8</ele>
   </trkpt>
   <trkpt lat="37.3010440" lon="15.0022490">
    <ele>82.0</ele>
   </trkpt>
   <trkpt lat="37.3014520" lon="15.0022290">
    <ele>82.4</ele>
   </trkpt>
   <trkpt lat="37.3019190" lon="15.0022240">
    <ele>82.8</ele>
   </trkpt>
   <trkpt lat="37.3020280" lon="15.0022230">
    <ele>82.6</ele>
   </trkpt>
   <trkpt lat="37.3023390" lon="15.0022200">
    <ele>82.4</ele>
   </trkpt>
   <trkpt lat="37.3028270" lon="15.0022070">
    <ele>82.2</ele>
   </trkpt>
   <trkpt lat="37.3029890" lon="15.0022020">
    <ele>82.2</ele>
   </trkpt>
   <trkpt lat="37.3031930" lon="15.0021910">
    <ele>82.2</ele>
   </trkpt>
   <trkpt lat="37.3036710" lon="15.0021850">
    <ele>81.8</ele>
   </trkpt>
   <trkpt lat="37.3042520" lon="15.0021950">
    <ele>81.2</ele>
   </trkpt>
   <trkpt lat="37.3044350" lon="15.0021940">
    <ele>81.0</ele>
   </trkpt>
   <trkpt lat="37.3046060" lon="15.0022100">
    <ele>80.8</ele>
   </trkpt>
   <trkpt lat="37.3048160" lon="15.0022360">
    <ele>80.0</ele>
   </trkpt>
   <trkpt lat="37.3048700" lon="15.0022370">
    <ele>79.8</ele>
   </trkpt>
   <trkpt lat="37.3050450" lon="15.0022140">
    <ele>79.0</ele>
   </trkpt>
   <trkpt lat="37.3051590" lon="15.0022080">
    <ele>78.6</ele>
   </trkpt>
   <trkpt lat="37.3054360" lon="15.0022090">
    <ele>78.0</ele>
   </trkpt>
   <trkpt lat="37.3054620" lon="15.0022080">
    <ele>77.8</ele>
   </trkpt>
   <trkpt lat="37.3054810" lon="15.0022050">
    <ele>77.8</ele>
   </trkpt>
   <trkpt lat="37.3054810" lon="15.0022050">
    <ele>77.8</ele>
   </trkpt>
   <trkpt lat="37.3055530" lon="15.0022040">
    <ele>77.8</ele>
   </trkpt>
   <trkpt lat="37.3056030" lon="15.0022040">
    <ele>77.8</ele>
   </trkpt>
   <trkpt lat="37.3056650" lon="15.0021970">
    <ele>78.0</ele>
   </trkpt>
   <trkpt lat="37.3056960" lon="15.0021950">
    <ele>78.0</ele>
   </trkpt>
   <trkpt lat="37.3058490" lon="15.0021920">
    <ele>78.2</ele>
   </trkpt>
   <trkpt lat="37.3060450" lon="15.0022000">
    <ele>79.2</ele>
   </trkpt>
   <trkpt lat="37.3061060" lon="15.0022130">
    <ele>79.4</ele>
   </trkpt>
   <trkpt lat="37.3062190" lon="15.0022190">
    <ele>80.2</ele>
   </trkpt>
   <trkpt lat="37.3062630" lon="15.0022220">
    <ele>80.6</ele>
   </trkpt>
   <trkpt lat="37.3063690" lon="15.0022490">
    <ele>80.8</ele>
   </trkpt>
   <trkpt lat="37.3065240" lon="15.0022810">
    <ele>81.6</ele>
   </trkpt>
   <trkpt lat="37.3065460" lon="15.0022840">
    <ele>81.8</ele>
   </trkpt>
   <trkpt lat="37.3066840" lon="15.0023110">
    <ele>82.6</ele>
   </trkpt>
   <trkpt lat="37.3067540" lon="15.0023200">
    <ele>82.6</ele>
   </trkpt>
   <trkpt lat="37.3070500" lon="15.0023640">
    <ele>83.0</ele>
   </trkpt>
   <trkpt lat="37.3073430" lon="15.0024340">
    <ele>83.0</ele>
   </trkpt>
   <trkpt lat="37.3076850" lon="15.0025950">
    <ele>82.6</ele>
   </trkpt>
   <trkpt lat="37.3078660" lon="15.0027350">
    <ele>81.6</ele>
   </trkpt>
   <trkpt lat="37.3080340" lon="15.0028940">
    <ele>80.8</ele>
   </trkpt>
   <trkpt lat="37.3080860" lon="15.0029480">
    <ele>80.8</ele>
   </trkpt>
   <trkpt lat="37.3081840" lon="15.0030530">
    <ele>80.2</ele>
   </trkpt>
   <trkpt lat="37.3084320" lon="15.0033140">
    <ele>79.6</ele>
   </trkpt>
   <trkpt lat="37.3085340" lon="15.0034140">
    <ele>79.4</ele>
   </trkpt>
   <trkpt lat="37.3089730" lon="15.0038410">
    <ele>78.8</ele>
   </trkpt>
   <trkpt lat="37.3090270" lon="15.0038950">
    <ele>78.6</ele>
   </trkpt>
   <trkpt lat="37.3094720" lon="15.0043460">
    <ele>78.0</ele>
   </trkpt>
   <trkpt lat="37.3095290" lon="15.0044050">
    <ele>78.0</ele>
   </trkpt>
   <trkpt lat="37.3098770" lon="15.0047600">
    <ele>77.6</ele>
   </trkpt>
   <trkpt lat="37.3101100" lon="15.0050010">
    <ele>77.4</ele>
   </trkpt>
   <trkpt lat="37.3105250" lon="15.0054210">
    <ele>76.6</ele>
   </trkpt>
   <trkpt lat="37.3108310" lon="15.0057310">
    <ele>75.8</ele>
   </trkpt>
   <trkpt lat="37.3109550" lon="15.0058560">
    <ele>75.6</ele>
   </trkpt>
   <trkpt lat="37.3113250" lon="15.0062350">
    <ele>74.2</ele>
   </trkpt>
   <trkpt lat="37.3115050" lon="15.0064130">
    <ele>73.8</ele>
   </trkpt>
   <trkpt lat="37.3117480" lon="15.0066470">
    <ele>73.0</ele>
   </trkpt>
   <trkpt lat="37.3121370" lon="15.0069910">
    <ele>71.8</ele>
   </trkpt>
   <trkpt lat="37.3122050" lon="15.0070480">
    <ele>71.6</ele>
   </trkpt>
   <trkpt lat="37.3125720" lon="15.0073140">
    <ele>70.8</ele>
   </trkpt>
   <trkpt lat="37.3128150" lon="15.0074620">
    <ele>70.2</ele>
   </trkpt>
   <trkpt lat="37.3128990" lon="15.0075100">
    <ele>69.8</ele>
   </trkpt>
   <trkpt lat="37.3132390" lon="15.0076800">
    <ele>68.6</ele>
   </trkpt>
   <trkpt lat="37.3134080" lon="15.0077510">
    <ele>68.2</ele>
   </trkpt>
   <trkpt lat="37.3136640" lon="15.0078460">
    <ele>67.6</ele>
   </trkpt>
   <trkpt lat="37.3140850" lon="15.0079940">
    <ele>66.4</ele>
   </trkpt>
   <trkpt lat="37.3144170" lon="15.0081090">
    <ele>65.4</ele>
   </trkpt>
   <trkpt lat="37.3149920" lon="15.0083170">
    <ele>64.4</ele>
   </trkpt>
   <trkpt lat="37.3150740" lon="15.0083480">
    <ele>64.2</ele>
   </trkpt>
   <trkpt lat="37.3151530" lon="15.0083820">
    <ele>64.2</ele>
   </trkpt>
   <trkpt lat="37.3156750" lon="15.0086550">
    <ele>63.6</ele>
   </trkpt>
   <trkpt lat="37.3158190" lon="15.0087470">
    <ele>63.6</ele>
   </trkpt>
   <trkpt lat="37.3159570" lon="15.0088410">
    <ele>63.4</ele>
   </trkpt>
   <trkpt lat="37.3163450" lon="15.0091630">
    <ele>63.0</ele>
   </trkpt>
   <trkpt lat="37.3167440" lon="15.0096010">
    <ele>62.6</ele>
   </trkpt>
   <trkpt lat="37.3170670" lon="15.0100920">
    <ele>62.6</ele>
   </trkpt>
   <trkpt lat="37.3173950" lon="15.0107030">
    <ele>63.0</ele>
   </trkpt>
   <trkpt lat="37.3174680" lon="15.0108590">
    <ele>63.0</ele>
   </trkpt>
   <trkpt lat="37.3177630" lon="15.0115110">
    <ele>63.4</ele>
   </trkpt>
   <trkpt lat="37.3177930" lon="15.0115820">
    <ele>63.4</ele>
   </trkpt>
   <trkpt lat="37.3178670" lon="15.0117770">
    <ele>63.4</ele>
   </trkpt>
   <trkpt lat="37.3178920" lon="15.0118430">
    <ele>63.4</ele>
   </trkpt>
   <trkpt lat="37.3178920" lon="15.0118430">
    <ele>63.8</ele>
   </trkpt>
   <trkpt lat="37.3176560" lon="15.0112730">
    <ele>63.4</ele>
   </trkpt>
   <trkpt lat="37.3176520" lon="15.0112580">
    <ele>63.4</ele>
   </trkpt>
   <trkpt lat="37.3175700" lon="15.0110780">
    <ele>63.4</ele>
   </trkpt>
   <trkpt lat="37.3175460" lon="15.0110160">
    <ele>63.2</ele>
   </trkpt>
   <trkpt lat="37.3175400" lon="15.0110050">
    <ele>63.4</ele>
   </trkpt>
   <trkpt lat="37.3175270" lon="15.0110150">
    <ele>63.4</ele>
   </trkpt>
   <trkpt lat="37.3175150" lon="15.0111120">
    <ele>63.4</ele>
   </trkpt>
   <trkpt lat="37.3174700" lon="15.0113510">
    <ele>63.2</ele>
   </trkpt>
   <trkpt lat="37.3172960" lon="15.0115960">
    <ele>62.8</ele>
   </trkpt>
   <trkpt lat="37.3172590" lon="15.0116220">
    <ele>62.8</ele>
   </trkpt>
   <trkpt lat="37.3171650" lon="15.0116570">
    <ele>62.6</ele>
   </trkpt>
   <trkpt lat="37.3171130" lon="15.0116640">
    <ele>62.6</ele>
   </trkpt>
   <trkpt lat="37.3170580" lon="15.0116650">
    <ele>62.8</ele>
   </trkpt>
   <trkpt lat="37.3170010" lon="15.0116590">
    <ele>62.6</ele>
   </trkpt>
   <trkpt lat="37.3169420" lon="15.0116390">
    <ele>62.6</ele>
   </trkpt>
   <trkpt lat="37.3168810" lon="15.0116080">
    <ele>62.4</ele>
   </trkpt>
   <trkpt lat="37.3168230" lon="15.0115700">
    <ele>62.2</ele>
   </trkpt>
   <trkpt lat="37.3167240" lon="15.0114540">
    <ele>61.8</ele>
   </trkpt>
   <trkpt lat="37.3166870" lon="15.0113800">
    <ele>61.4</ele>
   </trkpt>
   <trkpt lat="37.3166640" lon="15.0112950">
    <ele>61.0</ele>
   </trkpt>
   <trkpt lat="37.3166520" lon="15.0112030">
    <ele>60.8</ele>
   </trkpt>
   <trkpt lat="37.3166510" lon="15.0110920">
    <ele>60.4</ele>
   </trkpt>
   <trkpt lat="37.3166820" lon="15.0109310">
    <ele>59.6</ele>
   </trkpt>
   <trkpt lat="37.3167590" lon="15.0107760">
    <ele>59.0</ele>
   </trkpt>
   <trkpt lat="37.3168090" lon="15.0107120">
    <ele>58.6</ele>
   </trkpt>
   <trkpt lat="37.3169790" lon="15.0105640">
    <ele>58.0</ele>
   </trkpt>
   <trkpt lat="37.3170900" lon="15.0104840">
    <ele>57.6</ele>
   </trkpt>
   <trkpt lat="37.3171900" lon="15.0104120">
    <ele>57.4</ele>
   </trkpt>
   <trkpt lat="37.3173100" lon="15.0103100">
    <ele>57.4</ele>
   </trkpt>
   <trkpt lat="37.3174000" lon="15.0102840">
    <ele>57.4</ele>
   </trkpt>
   <trkpt lat="37.3174320" lon="15.0102880">
    <ele>57.4</ele>
   </trkpt>
   <trkpt lat="37.3175360" lon="15.0104060">
    <ele>57.6</ele>
   </trkpt>
   <trkpt lat="37.3176760" lon="15.0107200">
    <ele>57.8</ele>
   </trkpt>
   <trkpt lat="37.3178640" lon="15.0111530">
    <ele>57.4</ele>
   </trkpt>
   <trkpt lat="37.3178900" lon="15.0112210">
    <ele>57.4</ele>
   </trkpt>
   <trkpt lat="37.3178900" lon="15.0112210">
    <ele>57.6</ele>
   </trkpt>
   <trkpt lat="37.3179050" lon="15.0112480">
    <ele>57.6</ele>
   </trkpt>
   <trkpt lat="37.3179200" lon="15.0112730">
    <ele>57.6</ele>
   </trkpt>
   <trkpt lat="37.3180190" lon="15.0114990">
    <ele>57.4</ele>
   </trkpt>
   <trkpt lat="37.3181420" lon="15.0117790">
    <ele>57.2</ele>
   </trkpt>
   <trkpt lat="37.3181890" lon="15.0118840">
    <ele>57.2</ele>
   </trkpt>
   <trkpt lat="37.3183950" lon="15.0123420">
    <ele>57.0</ele>
   </trkpt>
   <trkpt lat="37.3186370" lon="15.0128650">
    <ele>56.6</ele>
   </trkpt>
   <trkpt lat="37.3188340" lon="15.0133080">
    <ele>57.4</ele>
   </trkpt>
   <trkpt lat="37.3189750" lon="15.0135950">
    <ele>58.4</ele>
   </trkpt>
   <trkpt lat="37.3190580" lon="15.0137660">
    <ele>59.0</ele>
   </trkpt>
   <trkpt lat="37.3191150" lon="15.0139000">
    <ele>59.4</ele>
   </trkpt>
   <trkpt lat="37.3192490" lon="15.0141940">
    <ele>60.0</ele>
   </trkpt>
   <trkpt lat="37.3193420" lon="15.0144010">
    <ele>60.0</ele>
   </trkpt>
   <trkpt lat="37.3195190" lon="15.0147860">
    <ele>60.2</ele>
   </trkpt>
   <trkpt lat="37.3197680" lon="15.0153160">
    <ele>60.6</ele>
   </trkpt>
   <trkpt lat="37.3197940" lon="15.0153660">
    <ele>60.8</ele>
   </trkpt>
   <trkpt lat="37.3198520" lon="15.0154600">
    <ele>61.0</ele>
   </trkpt>
   <trkpt lat="37.3199200" lon="15.0155290">
    <ele>61.0</ele>
   </trkpt>
   <trkpt lat="37.3199590" lon="15.0155600">
    <ele>61.0</ele>
   </trkpt>
   <trkpt lat="37.3200030" lon="15.0155860">
    <ele>61.2</ele>
   </trkpt>
   <trkpt lat="37.3201800" lon="15.0156520">
    <ele>61.4</ele>
   </trkpt>
   <trkpt lat="37.3205130" lon="15.0157390">
    <ele>61.6</ele>
   </trkpt>
   <trkpt lat="37.3206240" lon="15.0157620">
    <ele>62.2</ele>
   </trkpt>
   <trkpt lat="37.3207680" lon="15.0157960">
    <ele>62.8</ele>
   </trkpt>
   <trkpt lat="37.3208360" lon="15.0158160">
    <ele>63.2</ele>
   </trkpt>
   <trkpt lat="37.3208710" lon="15.0158300">
    <ele>63.4</ele>
   </trkpt>
   <trkpt lat="37.3210450" lon="15.0158650">
    <ele>64.0</ele>
   </trkpt>
   <trkpt lat="37.3210850" lon="15.0158760">
    <ele>64.0</ele>
   </trkpt>
   <trkpt lat="37.3214160" lon="15.0159230">
    <ele>65.0</ele>
   </trkpt>
   <trkpt lat="37.3216680" lon="15.0158840">
    <ele>65.0</ele>
   </trkpt>
   <trkpt lat="37.3217220" lon="15.0158730">
    <ele>65.0</ele>
   </trkpt>
   <trkpt lat="37.3221130" lon="15.0158050">
    <ele>64.4</ele>
   </trkpt>
   <trkpt lat="37.3225130" lon="15.0157360">
    <ele>64.2</ele>
   </trkpt>
   <trkpt lat="37.3229170" lon="15.0156830">
    <ele>63.6</ele>
   </trkpt>
   <trkpt lat="37.3229740" lon="15.0156730">
    <ele>63.6</ele>
   </trkpt>
   <trkpt lat="37.3233780" lon="15.0156070">
    <ele>63.0</ele>
   </trkpt>
   <trkpt lat="37.3234300" lon="15.0155970">
    <ele>63.0</ele>
   </trkpt>
   <trkpt lat="37.3238460" lon="15.0155280">
    <ele>63.0</ele>
   </trkpt>
   <trkpt lat="37.3239680" lon="15.0155280">
    <ele>63.2</ele>
   </trkpt>
   <trkpt lat="37.3240060" lon="15.0155280">
    <ele>63.4</ele>
   </trkpt>
   <trkpt lat="37.3240060" lon="15.0155280">
    <ele>63.6</ele>
   </trkpt>
   <trkpt lat="37.3240740" lon="15.0155020">
    <ele>64.6</ele>
   </trkpt>
   <trkpt lat="37.3241440" lon="15.0154790">
    <ele>64.6</ele>
   </trkpt>
   <trkpt lat="37.3242340" lon="15.0154570">
    <ele>64.6</ele>
   </trkpt>
   <trkpt lat="37.3243680" lon="15.0154440">
    <ele>65.0</ele>
   </trkpt>
   <trkpt lat="37.3245290" lon="15.0154120">
    <ele>65.6</ele>
   </trkpt>
   <trkpt lat="37.3247020" lon="15.0153840">
    <ele>66.2</ele>
   </trkpt>
   <trkpt lat="37.3248810" lon="15.0153520">
    <ele>66.8</ele>
   </trkpt>
   <trkpt lat="37.3250490" lon="15.0153200">
    <ele>67.2</ele>
   </trkpt>
   <trkpt lat="37.3253180" lon="15.0152770">
    <ele>68.2</ele>
   </trkpt>
   <trkpt lat="37.3253520" lon="15.0152690">
    <ele>68.2</ele>
   </trkpt>
   <trkpt lat="37.3255840" lon="15.0152300">
    <ele>69.2</ele>
   </trkpt>
   <trkpt lat="37.3256520" lon="15.0152140">
    <ele>69.6</ele>
   </trkpt>
   <trkpt lat="37.3259520" lon="15.0151590">
    <ele>70.2</ele>
   </trkpt>
   <trkpt lat="37.3259880" lon="15.0151500">
    <ele>70.2</ele>
   </trkpt>
   <trkpt lat="37.3262660" lon="15.0150960">
    <ele>71.2</ele>
   </trkpt>
   <trkpt lat="37.3263290" lon="15.0150910">
    <ele>71.4</ele>
   </trkpt>
   <trkpt lat="37.3265180" lon="15.0150630">
    <ele>72.2</ele>
   </trkpt>
   <trkpt lat="37.3266090" lon="15.0150370">
    <ele>72.4</ele>
   </trkpt>
   <trkpt lat="37.3267520" lon="15.0149920">
    <ele>72.6</ele>
   </trkpt>
   <trkpt lat="37.3269440" lon="15.0149790">
    <ele>73.6</ele>
   </trkpt>
   <trkpt lat="37.3270590" lon="15.0149700">
    <ele>74.2</ele>
   </trkpt>
   <trkpt lat="37.3271710" lon="15.0149470">
    <ele>74.8</ele>
   </trkpt>
   <trkpt lat="37.3272740" lon="15.0149250">
    <ele>75.0</ele>
   </trkpt>
   <trkpt lat="37.3273550" lon="15.0149090">
    <ele>75.8</ele>
   </trkpt>
   <trkpt lat="37.3275300" lon="15.0148770">
    <ele>76.6</ele>
   </trkpt>
   <trkpt lat="37.3275830" lon="15.0148670">
    <ele>76.8</ele>
   </trkpt>
   <trkpt lat="37.3278460" lon="15.0148140">
    <ele>77.8</ele>
   </trkpt>
   <trkpt lat="37.3278730" lon="15.0148090">
    <ele>77.8</ele>
   </trkpt>
   <trkpt lat="37.3279560" lon="15.0148050">
    <ele>78.2</ele>
   </trkpt>
   <trkpt lat="37.3280350" lon="15.0147930">
    <ele>78.6</ele>
   </trkpt>
   <trkpt lat="37.3281400" lon="15.0147650">
    <ele>78.8</ele>
   </trkpt>
   <trkpt lat="37.3282580" lon="15.0147450">
    <ele>79.6</ele>
   </trkpt>
   <trkpt lat="37.3283390" lon="15.0147300">
    <ele>80.0</ele>
   </trkpt>
   <trkpt lat="37.3284960" lon="15.0146940">
    <ele>80.8</ele>
   </trkpt>
   <trkpt lat="37.3285770" lon="15.0146840">
    <ele>81.2</ele>
   </trkpt>
   <trkpt lat="37.3287550" lon="15.0146540">
    <ele>81.8</ele>
   </trkpt>
   <trkpt lat="37.3289080" lon="15.0146420">
    <ele>82.4</ele>
   </trkpt>
   <trkpt lat="37.3289990" lon="15.0146280">
    <ele>82.6</ele>
   </trkpt>
   <trkpt lat="37.3290610" lon="15.0146170">
    <ele>83.0</ele>
   </trkpt>
   <trkpt lat="37.3291810" lon="15.0145980">
    <ele>83.4</ele>
   </trkpt>
   <trkpt lat="37.3292680" lon="15.0145870">
    <ele>83.6</ele>
   </trkpt>
   <trkpt lat="37.3294480" lon="15.0146090">
    <ele>84.4</ele>
   </trkpt>
   <trkpt lat="37.3296590" lon="15.0147200">
    <ele>85.2</ele>
   </trkpt>
   <trkpt lat="37.3297780" lon="15.0147960">
    <ele>85.4</ele>
   </trkpt>
   <trkpt lat="37.3299770" lon="15.0149300">
    <ele>86.0</ele>
   </trkpt>
   <trkpt lat="37.3301480" lon="15.0150370">
    <ele>86.0</ele>
   </trkpt>
   <trkpt lat="37.3303720" lon="15.0151780">
    <ele>86.4</ele>
   </trkpt>
   <trkpt lat="37.3304300" lon="15.0152120">
    <ele>86.8</ele>
   </trkpt>
   <trkpt lat="37.3307170" lon="15.0153950">
    <ele>87.6</ele>
   </trkpt>
   <trkpt lat="37.3307940" lon="15.0154450">
    <ele>87.8</ele>
   </trkpt>
   <trkpt lat="37.3310270" lon="15.0155990">
    <ele>88.8</ele>
   </trkpt>
   <trkpt lat="37.3312730" lon="15.0156860">
    <ele>89.8</ele>
   </trkpt>
   <trkpt lat="37.3313330" lon="15.0156820">
    <ele>89.8</ele>
   </trkpt>
   <trkpt lat="37.3314850" lon="15.0156420">
    <ele>90.4</ele>
   </trkpt>
   <trkpt lat="37.3315670" lon="15.0156110">
    <ele>90.6</ele>
   </trkpt>
   <trkpt lat="37.3316050" lon="15.0155710">
    <ele>90.8</ele>
   </trkpt>
   <trkpt lat="37.3316270" lon="15.0155490">
    <ele>90.8</ele>
   </trkpt>
   <trkpt lat="37.3317510" lon="15.0153850">
    <ele>91.6</ele>
   </trkpt>
   <trkpt lat="37.3317940" lon="15.0152250">
    <ele>91.8</ele>
   </trkpt>
   <trkpt lat="37.3318090" lon="15.0151380">
    <ele>92.2</ele>
   </trkpt>
   <trkpt lat="37.3318030" lon="15.0148290">
    <ele>92.4</ele>
   </trkpt>
   <trkpt lat="37.3318010" lon="15.0146750">
    <ele>92.8</ele>
   </trkpt>
   <trkpt lat="37.3317990" lon="15.0145760">
    <ele>93.0</ele>
   </trkpt>
   <trkpt lat="37.3318080" lon="15.0143460">
    <ele>93.0</ele>
   </trkpt>
   <trkpt lat="37.3317880" lon="15.0139980">
    <ele>94.4</ele>
   </trkpt>
   <trkpt lat="37.3317890" lon="15.0139640">
    <ele>94.6</ele>
   </trkpt>
   <trkpt lat="37.3318160" lon="15.0136820">
    <ele>95.6</ele>
   </trkpt>
   <trkpt lat="37.3318260" lon="15.0136510">
    <ele>95.8</ele>
   </trkpt>
   <trkpt lat="37.3319290" lon="15.0134090">
    <ele>96.6</ele>
   </trkpt>
   <trkpt lat="37.3320440" lon="15.0132170">
    <ele>97.8</ele>
   </trkpt>
   <trkpt lat="37.3320910" lon="15.0131480">
    <ele>98.4</ele>
   </trkpt>
   <trkpt lat="37.3321410" lon="15.0130590">
    <ele>98.8</ele>
   </trkpt>
   <trkpt lat="37.3321770" lon="15.0129920">
    <ele>99.2</ele>
   </trkpt>
   <trkpt lat="37.3322160" lon="15.0129200">
    <ele>100.0</ele>
   </trkpt>
   <trkpt lat="37.3322810" lon="15.0127760">
    <ele>101.0</ele>
   </trkpt>
   <trkpt lat="37.3322920" lon="15.0127500">
    <ele>101.4</ele>
   </trkpt>
   <trkpt lat="37.3323370" lon="15.0126220">
    <ele>102.0</ele>
   </trkpt>
   <trkpt lat="37.3323550" lon="15.0125630">
    <ele>102.4</ele>
   </trkpt>
   <trkpt lat="37.3324190" lon="15.0123370">
    <ele>103.4</ele>
   </trkpt>
   <trkpt lat="37.3324260" lon="15.0123070">
    <ele>103.4</ele>
   </trkpt>
   <trkpt lat="37.3324690" lon="15.0121410">
    <ele>104.6</ele>
   </trkpt>
   <trkpt lat="37.3324740" lon="15.0121130">
    <ele>104.8</ele>
   </trkpt>
   <trkpt lat="37.3325310" lon="15.0119110">
    <ele>105.6</ele>
   </trkpt>
   <trkpt lat="37.3325410" lon="15.0118840">
    <ele>105.8</ele>
   </trkpt>
   <trkpt lat="37.3326100" lon="15.0117640">
    <ele>106.2</ele>
   </trkpt>
   <trkpt lat="37.3326780" lon="15.0116860">
    <ele>106.8</ele>
   </trkpt>
   <trkpt lat="37.3327530" lon="15.0116110">
    <ele>107.6</ele>
   </trkpt>
   <trkpt lat="37.3328260" lon="15.0115310">
    <ele>108.0</ele>
   </trkpt>
   <trkpt lat="37.3328950" lon="15.0114580">
    <ele>108.6</ele>
   </trkpt>
   <trkpt lat="37.3329830" lon="15.0113730">
    <ele>108.8</ele>
   </trkpt>
   <trkpt lat="37.3329990" lon="15.0113570">
    <ele>109.2</ele>
   </trkpt>
   <trkpt lat="37.3330930" lon="15.0112390">
    <ele>110.4</ele>
   </trkpt>
   <trkpt lat="37.3331590" lon="15.0110420">
    <ele>111.4</ele>
   </trkpt>
   <trkpt lat="37.3331690" lon="15.0110130">
    <ele>111.4</ele>
   </trkpt>
   <trkpt lat="37.3332040" lon="15.0108130">
    <ele>112.2</ele>
   </trkpt>
   <trkpt lat="37.3332050" lon="15.0107850">
    <ele>112.4</ele>
   </trkpt>
   <trkpt lat="37.3331810" lon="15.0105720">
    <ele>113.2</ele>
   </trkpt>
   <trkpt lat="37.3331660" lon="15.0104340">
    <ele>113.6</ele>
   </trkpt>
   <trkpt lat="37.3331370" lon="15.0102340">
    <ele>114.2</ele>
   </trkpt>
   <trkpt lat="37.3331110" lon="15.0100690">
    <ele>114.8</ele>
   </trkpt>
   <trkpt lat="37.3330850" lon="15.0099060">
    <ele>115.0</ele>
   </trkpt>
   <trkpt lat="37.3330520" lon="15.0096520">
    <ele>115.8</ele>
   </trkpt>
   <trkpt lat="37.3330400" lon="15.0094940">
    <ele>116.4</ele>
   </trkpt>
   <trkpt lat="37.3330540" lon="15.0093120">
    <ele>116.8</ele>
   </trkpt>
   <trkpt lat="37.3330800" lon="15.0092340">
    <ele>117.2</ele>
   </trkpt>
   <trkpt lat="37.3331720" lon="15.0091080">
    <ele>118.0</ele>
   </trkpt>
   <trkpt lat="37.3332090" lon="15.0090760">
    <ele>118.2</ele>
   </trkpt>
   <trkpt lat="37.3333270" lon="15.0089850">
    <ele>119.0</ele>
   </trkpt>
   <trkpt lat="37.3333850" lon="15.0089310">
    <ele>119.2</ele>
   </trkpt>
   <trkpt lat="37.3335110" lon="15.0088120">
    <ele>120.0</ele>
   </trkpt>
   <trkpt lat="37.3335300" lon="15.0087930">
    <ele>120.0</ele>
   </trkpt>
   <trkpt lat="37.3336830" lon="15.0086820">
    <ele>120.8</ele>
   </trkpt>
   <trkpt lat="37.3337300" lon="15.0086630">
    <ele>121.0</ele>
   </trkpt>
   <trkpt lat="37.3339420" lon="15.0086040">
    <ele>122.0</ele>
   </trkpt>
   <trkpt lat="37.3340880" lon="15.0086200">
    <ele>122.4</ele>
   </trkpt>
   <trkpt lat="37.3342500" lon="15.0086360">
    <ele>123.0</ele>
   </trkpt>
   <trkpt lat="37.3343280" lon="15.0086510">
    <ele>123.2</ele>
   </trkpt>
   <trkpt lat="37.3344580" lon="15.0086740">
    <ele>124.2</ele>
   </trkpt>
   <trkpt lat="37.3346530" lon="15.0087210">
    <ele>125.2</ele>
   </trkpt>
   <trkpt lat="37.3346780" lon="15.0087250">
    <ele>125.4</ele>
   </trkpt>
   <trkpt lat="37.3347720" lon="15.0087460">
    <ele>126.0</ele>
   </trkpt>
   <trkpt lat="37.3348290" lon="15.0087790">
    <ele>126.6</ele>
   </trkpt>
   <trkpt lat="37.3349050" lon="15.0088410">
    <ele>127.2</ele>
   </trkpt>
   <trkpt lat="37.3349870" lon="15.0088850">
    <ele>127.6</ele>
   </trkpt>
   <trkpt lat="37.3350270" lon="15.0089080">
    <ele>128.2</ele>
   </trkpt>
   <trkpt lat="37.3351670" lon="15.0089470">
    <ele>128.8</ele>
   </trkpt>
   <trkpt lat="37.3352210" lon="15.0089450">
    <ele>129.0</ele>
   </trkpt>
   <trkpt lat="37.3353670" lon="15.0088670">
    <ele>129.6</ele>
   </trkpt>
   <trkpt lat="37.3354010" lon="15.0088230">
    <ele>129.8</ele>
   </trkpt>
   <trkpt lat="37.3354810" lon="15.0086980">
    <ele>130.2</ele>
   </trkpt>
   <trkpt lat="37.3356150" lon="15.0085700">
    <ele>130.8</ele>
   </trkpt>
   <trkpt lat="37.3356340" lon="15.0085600">
    <ele>130.8</ele>
   </trkpt>
   <trkpt lat="37.3357490" lon="15.0085410">
    <ele>131.2</ele>
   </trkpt>
   <trkpt lat="37.3358740" lon="15.0085240">
    <ele>132.0</ele>
   </trkpt>
   <trkpt lat="37.3359230" lon="15.0085060">
    <ele>132.0</ele>
   </trkpt>
   <trkpt lat="37.3361080" lon="15.0084390">
    <ele>133.0</ele>
   </trkpt>
   <trkpt lat="37.3361540" lon="15.0084350">
    <ele>133.2</ele>
   </trkpt>
   <trkpt lat="37.3362660" lon="15.0084930">
    <ele>134.0</ele>
   </trkpt>
   <trkpt lat="37.3362840" lon="15.0085070">
    <ele>134.2</ele>
   </trkpt>
   <trkpt lat="37.3363930" lon="15.0086220">
    <ele>135.2</ele>
   </trkpt>
   <trkpt lat="37.3364290" lon="15.0086600">
    <ele>135.6</ele>
   </trkpt>
   <trkpt lat="37.3365190" lon="15.0087490">
    <ele>136.4</ele>
   </trkpt>
   <trkpt lat="37.3365530" lon="15.0087830">
    <ele>136.6</ele>
   </trkpt>
   <trkpt lat="37.3366860" lon="15.0088460">
    <ele>137.0</ele>
   </trkpt>
   <trkpt lat="37.3368200" lon="15.0088500">
    <ele>137.4</ele>
   </trkpt>
   <trkpt lat="37.3369310" lon="15.0088420">
    <ele>137.8</ele>
   </trkpt>
   <trkpt lat="37.3370490" lon="15.0087660">
    <ele>138.4</ele>
   </trkpt>
   <trkpt lat="37.3370800" lon="15.0087160">
    <ele>138.6</ele>
   </trkpt>
   <trkpt lat="37.3371390" lon="15.0086380">
    <ele>139.0</ele>
   </trkpt>
   <trkpt lat="37.3372100" lon="15.0086000">
    <ele>139.2</ele>
   </trkpt>
   <trkpt lat="37.3372860" lon="15.0085790">
    <ele>139.4</ele>
   </trkpt>
   <trkpt lat="37.3373640" lon="15.0085930">
    <ele>140.0</ele>
   </trkpt>
   <trkpt lat="37.3374670" lon="15.0086270">
    <ele>140.6</ele>
   </trkpt>
   <trkpt lat="37.3375570" lon="15.0086450">
    <ele>141.0</ele>
   </trkpt>
   <trkpt lat="37.3376760" lon="15.0086640">
    <ele>141.4</ele>
   </trkpt>
   <trkpt lat="37.3377170" lon="15.0086670">
    <ele>141.8</ele>
   </trkpt>
   <trkpt lat="37.3379300" lon="15.0086650">
    <ele>142.6</ele>
   </trkpt>
   <trkpt lat="37.3379530" lon="15.0086640">
    <ele>142.8</ele>
   </trkpt>
   <trkpt lat="37.3380030" lon="15.0086650">
    <ele>143.2</ele>
   </trkpt>
   <trkpt lat="37.3380710" lon="15.0086790">
    <ele>143.8</ele>
   </trkpt>
   <trkpt lat="37.3381420" lon="15.0087180">
    <ele>144.2</ele>
   </trkpt>
   <trkpt lat="37.3382260" lon="15.0088100">
    <ele>145.0</ele>
   </trkpt>
   <trkpt lat="37.3382510" lon="15.0088500">
    <ele>145.2</ele>
   </trkpt>
   <trkpt lat="37.3383220" lon="15.0089950">
    <ele>146.0</ele>
   </trkpt>
   <trkpt lat="37.3383530" lon="15.0090700">
    <ele>146.4</ele>
   </trkpt>
   <trkpt lat="37.3384250" lon="15.0092490">
    <ele>147.0</ele>
   </trkpt>
   <trkpt lat="37.3384340" lon="15.0092770">
    <ele>147.2</ele>
   </trkpt>
   <trkpt lat="37.3384780" lon="15.0093940">
    <ele>148.2</ele>
   </trkpt>
   <trkpt lat="37.3384910" lon="15.0094530">
    <ele>148.4</ele>
   </trkpt>
   <trkpt lat="37.3385710" lon="15.0096320">
    <ele>149.0</ele>
   </trkpt>
   <trkpt lat="37.3385790" lon="15.0096510">
    <ele>149.4</ele>
   </trkpt>
   <trkpt lat="37.3386410" lon="15.0098350">
    <ele>150.0</ele>
   </trkpt>
   <trkpt lat="37.3386760" lon="15.0099080">
    <ele>150.4</ele>
   </trkpt>
   <trkpt lat="37.3386970" lon="15.0099840">
    <ele>151.0</ele>
   </trkpt>
   <trkpt lat="37.3387380" lon="15.0101300">
    <ele>151.4</ele>
   </trkpt>
   <trkpt lat="37.3387520" lon="15.0101920">
    <ele>151.6</ele>
   </trkpt>
   <trkpt lat="37.3388140" lon="15.0103760">
    <ele>152.4</ele>
   </trkpt>
   <trkpt lat="37.3388230" lon="15.0104030">
    <ele>152.4</ele>
   </trkpt>
   <trkpt lat="37.3388760" lon="15.0105670">
    <ele>152.8</ele>
   </trkpt>
   <trkpt lat="37.3388720" lon="15.0108110">
    <ele>153.4</ele>
   </trkpt>
   <trkpt lat="37.3388630" lon="15.0108820">
    <ele>153.6</ele>
   </trkpt>
   <trkpt lat="37.3388360" lon="15.0110990">
    <ele>153.6</ele>
   </trkpt>
   <trkpt lat="37.3388950" lon="15.0113360">
    <ele>153.8</ele>
   </trkpt>
   <trkpt lat="37.3390310" lon="15.0114980">
    <ele>154.2</ele>
   </trkpt>
   <trkpt lat="37.3390860" lon="15.0115410">
    <ele>154.6</ele>
   </trkpt>
   <trkpt lat="37.3392930" lon="15.0116880">
    <ele>155.4</ele>
   </trkpt>
   <trkpt lat="37.3393200" lon="15.0117070">
    <ele>155.6</ele>
   </trkpt>
   <trkpt lat="37.3395220" lon="15.0118090">
    <ele>156.6</ele>
   </trkpt>
   <trkpt lat="37.3395480" lon="15.0118180">
    <ele>156.6</ele>
   </trkpt>
   <trkpt lat="37.3397150" lon="15.0118480">
    <ele>157.6</ele>
   </trkpt>
   <trkpt lat="37.3397770" lon="15.0118540">
    <ele>157.8</ele>
   </trkpt>
   <trkpt lat="37.3399720" lon="15.0118880">
    <ele>158.8</ele>
   </trkpt>
   <trkpt lat="37.3400020" lon="15.0118940">
    <ele>158.8</ele>
   </trkpt>
   <trkpt lat="37.3402210" lon="15.0119230">
    <ele>159.8</ele>
   </trkpt>
   <trkpt lat="37.3402770" lon="15.0119360">
    <ele>160.0</ele>
   </trkpt>
   <trkpt lat="37.3404000" lon="15.0119620">
    <ele>160.8</ele>
   </trkpt>
   <trkpt lat="37.3404250" lon="15.0119660">
    <ele>161.0</ele>
   </trkpt>
   <trkpt lat="37.3405190" lon="15.0119960">
    <ele>161.6</ele>
   </trkpt>
   <trkpt lat="37.3405910" lon="15.0120300">
    <ele>162.0</ele>
   </trkpt>
   <trkpt lat="37.3407520" lon="15.0120750">
    <ele>162.6</ele>
   </trkpt>
   <trkpt lat="37.3408940" lon="15.0121470">
    <ele>163.2</ele>
   </trkpt>
   <trkpt lat="37.3409410" lon="15.0121580">
    <ele>163.2</ele>
   </trkpt>
   <trkpt lat="37.3409600" lon="15.0121620">
    <ele>163.4</ele>
   </trkpt>
   <trkpt lat="37.3410140" lon="15.0121850">
    <ele>164.2</ele>
   </trkpt>
   <trkpt lat="37.3411820" lon="15.0122130">
    <ele>165.0</ele>
   </trkpt>
   <trkpt lat="37.3412060" lon="15.0122110">
    <ele>165.2</ele>
   </trkpt>
   <trkpt lat="37.3413820" lon="15.0121830">
    <ele>165.6</ele>
   </trkpt>
   <trkpt lat="37.3415430" lon="15.0121180">
    <ele>166.4</ele>
   </trkpt>
   <trkpt lat="37.3416020" lon="15.0120860">
    <ele>166.4</ele>
   </trkpt>
   <trkpt lat="37.3416470" lon="15.0120570">
    <ele>166.6</ele>
   </trkpt>
   <trkpt lat="37.3418850" lon="15.0119350">
    <ele>167.2</ele>
   </trkpt>
   <trkpt lat="37.3419100" lon="15.0119250">
    <ele>167.2</ele>
   </trkpt>
   <trkpt lat="37.3421040" lon="15.0118500">
    <ele>168.0</ele>
   </trkpt>
   <trkpt lat="37.3422210" lon="15.0118270">
    <ele>168.4</ele>
   </trkpt>
   <trkpt lat="37.3422470" lon="15.0118230">
    <ele>168.4</ele>
   </trkpt>
   <trkpt lat="37.3422720" lon="15.0118220">
    <ele>168.4</ele>
   </trkpt>
   <trkpt lat="37.3424480" lon="15.0118200">
    <ele>169.4</ele>
   </trkpt>
   <trkpt lat="37.3425360" lon="15.0118280">
    <ele>169.6</ele>
   </trkpt>
   <trkpt lat="37.3426720" lon="15.0118240">
    <ele>170.4</ele>
   </trkpt>
   <trkpt lat="37.3427390" lon="15.0118230">
    <ele>170.8</ele>
   </trkpt>
   <trkpt lat="37.3428920" lon="15.0118310">
    <ele>171.6</ele>
   </trkpt>
   <trkpt lat="37.3429200" lon="15.0118290">
    <ele>171.6</ele>
   </trkpt>
   <trkpt lat="37.3430760" lon="15.0118150">
    <ele>172.0</ele>
   </trkpt>
   <trkpt lat="37.3431010" lon="15.0118150">
    <ele>172.2</ele>
   </trkpt>
   <trkpt lat="37.3431800" lon="15.0118080">
    <ele>172.6</ele>
   </trkpt>
   <trkpt lat="37.3433360" lon="15.0118220">
    <ele>173.2</ele>
   </trkpt>
   <trkpt lat="37.3434150" lon="15.0118220">
    <ele>173.6</ele>
   </trkpt>
   <trkpt lat="37.3436060" lon="15.0118370">
    <ele>174.4</ele>
   </trkpt>
   <trkpt lat="37.3437160" lon="15.0118450">
    <ele>174.8</ele>
   </trkpt>
   <trkpt lat="37.3439360" lon="15.0118700">
    <ele>175.4</ele>
   </trkpt>
   <trkpt lat="37.3440380" lon="15.0118800">
    <ele>175.8</ele>
   </trkpt>
   <trkpt lat="37.3441500" lon="15.0119050">
    <ele>176.2</ele>
   </trkpt>
   <trkpt lat="37.3442740" lon="15.0119440">
    <ele>176.6</ele>
   </trkpt>
   <trkpt lat="37.3443990" lon="15.0119820">
    <ele>176.8</ele>
   </trkpt>
   <trkpt lat="37.3444590" lon="15.0120110">
    <ele>177.2</ele>
   </trkpt>
   <trkpt lat="37.3446770" lon="15.0121200">
    <ele>178.0</ele>
   </trkpt>
   <trkpt lat="37.3448090" lon="15.0121700">
    <ele>178.4</ele>
   </trkpt>
   <trkpt lat="37.3449600" lon="15.0122400">
    <ele>179.0</ele>
   </trkpt>
   <trkpt lat="37.3451140" lon="15.0123270">
    <ele>179.2</ele>
   </trkpt>
   <trkpt lat="37.3453310" lon="15.0124840">
    <ele>179.8</ele>
   </trkpt>
   <trkpt lat="37.3453810" lon="15.0125270">
    <ele>180.0</ele>
   </trkpt>
   <trkpt lat="37.3455250" lon="15.0126470">
    <ele>180.4</ele>
   </trkpt>
   <trkpt lat="37.3455550" lon="15.0126710">
    <ele>180.6</ele>
   </trkpt>
   <trkpt lat="37.3458170" lon="15.0129000">
    <ele>180.8</ele>
   </trkpt>
   <trkpt lat="37.3459190" lon="15.0129890">
    <ele>181.0</ele>
   </trkpt>
   <trkpt lat="37.3461040" lon="15.0131420">
    <ele>181.2</ele>
   </trkpt>
   <trkpt lat="37.3463330" lon="15.0133620">
    <ele>181.2</ele>
   </trkpt>
   <trkpt lat="37.3465850" lon="15.0136110">
    <ele>181.8</ele>
   </trkpt>
   <trkpt lat="37.3466470" lon="15.0136780">
    <ele>181.8</ele>
   </trkpt>
   <trkpt lat="37.3466770" lon="15.0137140">
    <ele>182.0</ele>
   </trkpt>
   <trkpt lat="37.3468910" lon="15.0139590">
    <ele>182.0</ele>
   </trkpt>
   <trkpt lat="37.3469790" lon="15.0140750">
    <ele>182.0</ele>
   </trkpt>
   <trkpt lat="37.3470720" lon="15.0141810">
    <ele>181.8</ele>
   </trkpt>
   <trkpt lat="37.3473990" lon="15.0145730">
    <ele>181.0</ele>
   </trkpt>
   <trkpt lat="37.3475500" lon="15.0147490">
    <ele>181.4</ele>
   </trkpt>
   <trkpt lat="37.3476750" lon="15.0148930">
    <ele>181.8</ele>
   </trkpt>
   <trkpt lat="37.3477700" lon="15.0149930">
    <ele>181.8</ele>
   </trkpt>
   <trkpt lat="37.3479210" lon="15.0151520">
    <ele>181.8</ele>
   </trkpt>
   <trkpt lat="37.3482320" lon="15.0154720">
    <ele>182.2</ele>
   </trkpt>
   <trkpt lat="37.3485720" lon="15.0158310">
    <ele>182.0</ele>
   </trkpt>
   <trkpt lat="37.3489450" lon="15.0162160">
    <ele>181.6</ele>
   </trkpt>
   <trkpt lat="37.3492740" lon="15.0165380">
    <ele>181.2</ele>
   </trkpt>
   <trkpt lat="37.3495040" lon="15.0167400">
    <ele>180.8</ele>
   </trkpt>
   <trkpt lat="37.3496130" lon="15.0168430">
    <ele>180.6</ele>
   </trkpt>
   <trkpt lat="37.3498350" lon="15.0170610">
    <ele>180.6</ele>
   </trkpt>
   <trkpt lat="37.3500010" lon="15.0172000">
    <ele>180.8</ele>
   </trkpt>
   <trkpt lat="37.3502670" lon="15.0174200">
    <ele>180.8</ele>
   </trkpt>
   <trkpt lat="37.3507080" lon="15.0177950">
    <ele>180.6</ele>
   </trkpt>
   <trkpt lat="37.3511020" lon="15.0181250">
    <ele>180.0</ele>
   </trkpt>
   <trkpt lat="37.3513190" lon="15.0183270">
    <ele>179.6</ele>
   </trkpt>
   <trkpt lat="37.3513920" lon="15.0184360">
    <ele>179.4</ele>
   </trkpt>
   <trkpt lat="37.3514530" lon="15.0185560">
    <ele>179.4</ele>
   </trkpt>
   <trkpt lat="37.3515320" lon="15.0188050">
    <ele>179.0</ele>
   </trkpt>
   <trkpt lat="37.3516590" lon="15.0193410">
    <ele>179.2</ele>
   </trkpt>
   <trkpt lat="37.3516730" lon="15.0194040">
    <ele>179.2</ele>
   </trkpt>
   <trkpt lat="37.3517790" lon="15.0199500">
    <ele>179.6</ele>
   </trkpt>
   <trkpt lat="37.3518610" lon="15.0204010">
    <ele>180.0</ele>
   </trkpt>
   <trkpt lat="37.3519870" lon="15.0210940">
    <ele>180.2</ele>
   </trkpt>
   <trkpt lat="37.3520720" lon="15.0215450">
    <ele>180.2</ele>
   </trkpt>
   <trkpt lat="37.3521210" lon="15.0217900">
    <ele>180.4</ele>
   </trkpt>
   <trkpt lat="37.3521500" lon="15.0219320">
    <ele>180.4</ele>
   </trkpt>
   <trkpt lat="37.3521680" lon="15.0220280">
    <ele>180.4</ele>
   </trkpt>
   <trkpt lat="37.3522670" lon="15.0224950">
    <ele>180.4</ele>
   </trkpt>
   <trkpt lat="37.3523420" lon="15.0226800">
    <ele>180.4</ele>
   </trkpt>
   <trkpt lat="37.3524000" lon="15.0227540">
    <ele>180.4</ele>
   </trkpt>
   <trkpt lat="37.3524310" lon="15.0227890">
    <ele>180.6</ele>
   </trkpt>
   <trkpt lat="37.3526540" lon="15.0229780">
    <ele>180.6</ele>
   </trkpt>
   <trkpt lat="37.3529700" lon="15.0232320">
    <ele>180.0</ele>
   </trkpt>
   <trkpt lat="37.3534410" lon="15.0236050">
    <ele>179.6</ele>
   </trkpt>
   <trkpt lat="37.3534870" lon="15.0236410">
    <ele>179.4</ele>
   </trkpt>
   <trkpt lat="37.3537330" lon="15.0238350">
    <ele>179.0</ele>
   </trkpt>
   <trkpt lat="37.3538830" lon="15.0239530">
    <ele>178.8</ele>
   </trkpt>
   <trkpt lat="37.3541930" lon="15.0241940">
    <ele>178.0</ele>
   </trkpt>
   <trkpt lat="37.3543930" lon="15.0243480">
    <ele>177.8</ele>
   </trkpt>
   <trkpt lat="37.3548500" lon="15.0247200">
    <ele>177.0</ele>
   </trkpt>
   <trkpt lat="37.3549000" lon="15.0247580">
    <ele>176.8</ele>
   </trkpt>
   <trkpt lat="37.3553930" lon="15.0251430">
    <ele>176.4</ele>
   </trkpt>
   <trkpt lat="37.3558380" lon="15.0254870">
    <ele>176.0</ele>
   </trkpt>
   <trkpt lat="37.3558890" lon="15.0255260">
    <ele>176.0</ele>
   </trkpt>
   <trkpt lat="37.3562490" lon="15.0258060">
    <ele>175.2</ele>
   </trkpt>
   <trkpt lat="37.3563010" lon="15.0258460">
    <ele>175.2</ele>
   </trkpt>
   <trkpt lat="37.3566940" lon="15.0261500">
    <ele>175.0</ele>
   </trkpt>
   <trkpt lat="37.3567480" lon="15.0261950">
    <ele>174.8</ele>
   </trkpt>
   <trkpt lat="37.3571180" lon="15.0265080">
    <ele>173.6</ele>
   </trkpt>
   <trkpt lat="37.3571680" lon="15.0265490">
    <ele>173.4</ele>
   </trkpt>
   <trkpt lat="37.3575160" lon="15.0268090">
    <ele>172.6</ele>
   </trkpt>
   <trkpt lat="37.3576080" lon="15.0268850">
    <ele>172.4</ele>
   </trkpt>
   <trkpt lat="37.3579130" lon="15.0271340">
    <ele>171.6</ele>
   </trkpt>
   <trkpt lat="37.3580240" lon="15.0272250">
    <ele>171.4</ele>
   </trkpt>
   <trkpt lat="37.3583710" lon="15.0275050">
    <ele>170.4</ele>
   </trkpt>
   <trkpt lat="37.3584930" lon="15.0276030">
    <ele>170.2</ele>
   </trkpt>
   <trkpt lat="37.3589000" lon="15.0279170">
    <ele>169.2</ele>
   </trkpt>
   <trkpt lat="37.3591260" lon="15.0281010">
    <ele>168.8</ele>
   </trkpt>
   <trkpt lat="37.3594750" lon="15.0283770">
    <ele>168.2</ele>
   </trkpt>
   <trkpt lat="37.3595900" lon="15.0284660">
    <ele>167.6</ele>
   </trkpt>
   <trkpt lat="37.3599360" lon="15.0287370">
    <ele>167.0</ele>
   </trkpt>
   <trkpt lat="37.3602230" lon="15.0289740">
    <ele>166.4</ele>
   </trkpt>
   <trkpt lat="37.3602830" lon="15.0290200">
    <ele>166.4</ele>
   </trkpt>
   <trkpt lat="37.3604640" lon="15.0291510">
    <ele>166.0</ele>
   </trkpt>
   <trkpt lat="37.3607650" lon="15.0293870">
    <ele>165.8</ele>
   </trkpt>
   <trkpt lat="37.3611400" lon="15.0296900">
    <ele>164.8</ele>
   </trkpt>
   <trkpt lat="37.3613830" lon="15.0298800">
    <ele>164.0</ele>
   </trkpt>
   <trkpt lat="37.3614450" lon="15.0299280">
    <ele>163.8</ele>
   </trkpt>
   <trkpt lat="37.3618540" lon="15.0302910">
    <ele>162.6</ele>
   </trkpt>
   <trkpt lat="37.3619090" lon="15.0303470">
    <ele>162.4</ele>
   </trkpt>
   <trkpt lat="37.3622920" lon="15.0307380">
    <ele>161.8</ele>
   </trkpt>
   <trkpt lat="37.3626570" lon="15.0311180">
    <ele>161.6</ele>
   </trkpt>
   <trkpt lat="37.3630040" lon="15.0314870">
    <ele>161.8</ele>
   </trkpt>
   <trkpt lat="37.3632740" lon="15.0317650">
    <ele>161.4</ele>
   </trkpt>
   <trkpt lat="37.3634550" lon="15.0319570">
    <ele>161.2</ele>
   </trkpt>
   <trkpt lat="37.3639130" lon="15.0324380">
    <ele>160.6</ele>
   </trkpt>
   <trkpt lat="37.3639570" lon="15.0324880">
    <ele>160.4</ele>
   </trkpt>
   <trkpt lat="37.3640040" lon="15.0325370">
    <ele>160.2</ele>
   </trkpt>
   <trkpt lat="37.3642340" lon="15.0327750">
    <ele>159.4</ele>
   </trkpt>
   <trkpt lat="37.3645180" lon="15.0330690">
    <ele>158.8</ele>
   </trkpt>
   <trkpt lat="37.3647010" lon="15.0332610">
    <ele>158.4</ele>
   </trkpt>
   <trkpt lat="37.3649730" lon="15.0335300">
    <ele>157.8</ele>
   </trkpt>
   <trkpt lat="37.3650140" lon="15.0335720">
    <ele>157.8</ele>
   </trkpt>
   <trkpt lat="37.3653410" lon="15.0339110">
    <ele>157.8</ele>
   </trkpt>
   <trkpt lat="37.3656900" lon="15.0342690">
    <ele>157.6</ele>
   </trkpt>
   <trkpt lat="37.3660230" lon="15.0346200">
    <ele>157.4</ele>
   </trkpt>
   <trkpt lat="37.3660610" lon="15.0346610">
    <ele>157.2</ele>
   </trkpt>
   <trkpt lat="37.3664200" lon="15.0350190">
    <ele>156.8</ele>
   </trkpt>
   <trkpt lat="37.3667900" lon="15.0353940">
    <ele>156.2</ele>
   </trkpt>
   <trkpt lat="37.3668720" lon="15.0354780">
    <ele>156.0</ele>
   </trkpt>
   <trkpt lat="37.3671550" lon="15.0357740">
    <ele>155.2</ele>
   </trkpt>
   <trkpt lat="37.3675150" lon="15.0361330">
    <ele>154.6</ele>
   </trkpt>
   <trkpt lat="37.3678710" lon="15.0364980">
    <ele>154.2</ele>
   </trkpt>
   <trkpt lat="37.3679120" lon="15.0365420">
    <ele>154.0</ele>
   </trkpt>
   <trkpt lat="37.3683380" lon="15.0369900">
    <ele>153.2</ele>
   </trkpt>
   <trkpt lat="37.3683810" lon="15.0370340">
    <ele>152.8</ele>
   </trkpt>
   <trkpt lat="37.3685550" lon="15.0372130">
    <ele>152.2</ele>
   </trkpt>
   <trkpt lat="37.3688220" lon="15.0374840">
    <ele>151.6</ele>
   </trkpt>
   <trkpt lat="37.3689930" lon="15.0376650">
    <ele>150.8</ele>
   </trkpt>
   <trkpt lat="37.3692660" lon="15.0379450">
    <ele>150.0</ele>
   </trkpt>
   <trkpt lat="37.3694090" lon="15.0381020">
    <ele>149.6</ele>
   </trkpt>
   <trkpt lat="37.3695690" lon="15.0383230">
    <ele>149.0</ele>
   </trkpt>
   <trkpt lat="37.3696420" lon="15.0384340">
    <ele>148.6</ele>
   </trkpt>
   <trkpt lat="37.3698320" lon="15.0387300">
    <ele>147.4</ele>
   </trkpt>
   <trkpt lat="37.3699890" lon="15.0389720">
    <ele>146.6</ele>
   </trkpt>
   <trkpt lat="37.3700300" lon="15.0390300">
    <ele>146.0</ele>
   </trkpt>
   <trkpt lat="37.3701460" lon="15.0392070">
    <ele>145.0</ele>
   </trkpt>
   <trkpt lat="37.3703750" lon="15.0395700">
    <ele>144.0</ele>
   </trkpt>
   <trkpt lat="37.3705060" lon="15.0398000">
    <ele>143.0</ele>
   </trkpt>
   <trkpt lat="37.3705820" lon="15.0399570">
    <ele>142.2</ele>
   </trkpt>
   <trkpt lat="37.3706140" lon="15.0400430">
    <ele>141.6</ele>
   </trkpt>
   <trkpt lat="37.3707080" lon="15.0403210">
    <ele>140.2</ele>
   </trkpt>
   <trkpt lat="37.3707400" lon="15.0404150">
    <ele>140.0</ele>
   </trkpt>
   <trkpt lat="37.3708050" lon="15.0406000">
    <ele>139.2</ele>
   </trkpt>
   <trkpt lat="37.3708420" lon="15.0406880">
    <ele>138.6</ele>
   </trkpt>
   <trkpt lat="37.3709480" lon="15.0408260">
    <ele>137.6</ele>
   </trkpt>
   <trkpt lat="37.3711470" lon="15.0409740">
    <ele>136.4</ele>
   </trkpt>
   <trkpt lat="37.3712930" lon="15.0410550">
    <ele>135.8</ele>
   </trkpt>
   <trkpt lat="37.3714400" lon="15.0411400">
    <ele>135.2</ele>
   </trkpt>
   <trkpt lat="37.3716750" lon="15.0412570">
    <ele>133.8</ele>
   </trkpt>
   <trkpt lat="37.3718380" lon="15.0413470">
    <ele>133.0</ele>
   </trkpt>
   <trkpt lat="37.3719170" lon="15.0413970">
    <ele>132.6</ele>
   </trkpt>
   <trkpt lat="37.3721470" lon="15.0415850">
    <ele>131.0</ele>
   </trkpt>
   <trkpt lat="37.3722160" lon="15.0416560">
    <ele>130.6</ele>
   </trkpt>
   <trkpt lat="37.3723480" lon="15.0418020">
    <ele>129.6</ele>
   </trkpt>
   <trkpt lat="37.3725330" lon="15.0420230">
    <ele>128.4</ele>
   </trkpt>
   <trkpt lat="37.3727030" lon="15.0422340">
    <ele>126.8</ele>
   </trkpt>
   <trkpt lat="37.3728640" lon="15.0424420">
    <ele>125.4</ele>
   </trkpt>
   <trkpt lat="37.3730210" lon="15.0426470">
    <ele>124.4</ele>
   </trkpt>
   <trkpt lat="37.3730740" lon="15.0427170">
    <ele>123.6</ele>
   </trkpt>
   <trkpt lat="37.3731270" lon="15.0427870">
    <ele>123.2</ele>
   </trkpt>
   <trkpt lat="37.3732710" lon="15.0430000">
    <ele>122.0</ele>
   </trkpt>
   <trkpt lat="37.3734140" lon="15.0431870">
    <ele>120.8</ele>
   </trkpt>
   <trkpt lat="37.3735390" lon="15.0432520">
    <ele>120.4</ele>
   </trkpt>
   <trkpt lat="37.3736040" lon="15.0432530">
    <ele>120.2</ele>
   </trkpt>
   <trkpt lat="37.3736730" lon="15.0432320">
    <ele>119.8</ele>
   </trkpt>
   <trkpt lat="37.3737450" lon="15.0431910">
    <ele>119.2</ele>
   </trkpt>
   <trkpt lat="37.3738080" lon="15.0431270">
    <ele>119.0</ele>
   </trkpt>
   <trkpt lat="37.3738570" lon="15.0430450">
    <ele>118.4</ele>
   </trkpt>
   <trkpt lat="37.3738960" lon="15.0429520">
    <ele>118.0</ele>
   </trkpt>
   <trkpt lat="37.3739470" lon="15.0428620">
    <ele>117.6</ele>
   </trkpt>
   <trkpt lat="37.3740870" lon="15.0427220">
    <ele>116.8</ele>
   </trkpt>
   <trkpt lat="37.3741640" lon="15.0426810">
    <ele>116.4</ele>
   </trkpt>
   <trkpt lat="37.3742490" lon="15.0426490">
    <ele>115.6</ele>
   </trkpt>
   <trkpt lat="37.3744200" lon="15.0425950">
    <ele>114.6</ele>
   </trkpt>
   <trkpt lat="37.3745020" lon="15.0425670">
    <ele>113.6</ele>
   </trkpt>
   <trkpt lat="37.3746710" lon="15.0425040">
    <ele>112.4</ele>
   </trkpt>
   <trkpt lat="37.3747520" lon="15.0424550">
    <ele>111.8</ele>
   </trkpt>
   <trkpt lat="37.3748240" lon="15.0423910">
    <ele>111.2</ele>
   </trkpt>
   <trkpt lat="37.3748840" lon="15.0423050">
    <ele>110.8</ele>
   </trkpt>
   <trkpt lat="37.3749300" lon="15.0420720">
    <ele>109.6</ele>
   </trkpt>
   <trkpt lat="37.3748930" lon="15.0417990">
    <ele>109.0</ele>
   </trkpt>
   <trkpt lat="37.3749090" lon="15.0417380">
    <ele>108.6</ele>
   </trkpt>
   <trkpt lat="37.3749490" lon="15.0416990">
    <ele>108.2</ele>
   </trkpt>
   <trkpt lat="37.3749970" lon="15.0417060">
    <ele>107.2</ele>
   </trkpt>
   <trkpt lat="37.3750540" lon="15.0417450">
    <ele>106.8</ele>
   </trkpt>
   <trkpt lat="37.3751170" lon="15.0417920">
    <ele>106.0</ele>
   </trkpt>
   <trkpt lat="37.3752410" lon="15.0418880">
    <ele>105.0</ele>
   </trkpt>
   <trkpt lat="37.3753040" lon="15.0419280">
    <ele>104.2</ele>
   </trkpt>
   <trkpt lat="37.3753690" lon="15.0419690">
    <ele>103.8</ele>
   </trkpt>
   <trkpt lat="37.3755810" lon="15.0420980">
    <ele>102.8</ele>
   </trkpt>
   <trkpt lat="37.3756560" lon="15.0421470">
    <ele>102.2</ele>
   </trkpt>
   <trkpt lat="37.3757300" lon="15.0421940">
    <ele>101.6</ele>
   </trkpt>
   <trkpt lat="37.3760220" lon="15.0423640">
    <ele>100.6</ele>
   </trkpt>
   <trkpt lat="37.3762360" lon="15.0424820">
    <ele>99.2</ele>
   </trkpt>
   <trkpt lat="37.3765180" lon="15.0426520">
    <ele>98.0</ele>
   </trkpt>
   <trkpt lat="37.3766970" lon="15.0428120">
    <ele>97.0</ele>
   </trkpt>
   <trkpt lat="37.3767860" lon="15.0429710">
    <ele>96.6</ele>
   </trkpt>
   <trkpt lat="37.3768200" lon="15.0430610">
    <ele>96.0</ele>
   </trkpt>
   <trkpt lat="37.3768820" lon="15.0432410">
    <ele>95.4</ele>
   </trkpt>
   <trkpt lat="37.3770140" lon="15.0435900">
    <ele>94.2</ele>
   </trkpt>
   <trkpt lat="37.3771530" lon="15.0439680">
    <ele>93.2</ele>
   </trkpt>
   <trkpt lat="37.3773430" lon="15.0444080">
    <ele>92.0</ele>
   </trkpt>
   <trkpt lat="37.3774990" lon="15.0447480">
    <ele>91.2</ele>
   </trkpt>
   <trkpt lat="37.3775380" lon="15.0448300">
    <ele>90.8</ele>
   </trkpt>
   <trkpt lat="37.3776920" lon="15.0451410">
    <ele>89.6</ele>
   </trkpt>
   <trkpt lat="37.3777960" lon="15.0453740">
    <ele>88.8</ele>
   </trkpt>
   <trkpt lat="37.3778710" lon="15.0455200">
    <ele>88.6</ele>
   </trkpt>
   <trkpt lat="37.3780720" lon="15.0459430">
    <ele>87.4</ele>
   </trkpt>
   <trkpt lat="37.3782830" lon="15.0464100">
    <ele>86.8</ele>
   </trkpt>
   <trkpt lat="37.3783730" lon="15.0466100">
    <ele>86.2</ele>
   </trkpt>
   <trkpt lat="37.3785680" lon="15.0470120">
    <ele>85.4</ele>
   </trkpt>
   <trkpt lat="37.3786650" lon="15.0472050">
    <ele>84.8</ele>
   </trkpt>
   <trkpt lat="37.3788680" lon="15.0475660">
    <ele>84.0</ele>
   </trkpt>
   <trkpt lat="37.3789120" lon="15.0476180">
    <ele>84.0</ele>
   </trkpt>
   <trkpt lat="37.3790050" lon="15.0477150">
    <ele>83.8</ele>
   </trkpt>
   <trkpt lat="37.3792800" lon="15.0479190">
    <ele>83.2</ele>
   </trkpt>
   <trkpt lat="37.3794000" lon="15.0479920">
    <ele>82.6</ele>
   </trkpt>
   <trkpt lat="37.3796880" lon="15.0481760">
    <ele>81.4</ele>
   </trkpt>
   <trkpt lat="37.3798080" lon="15.0482520">
    <ele>81.0</ele>
   </trkpt>
   <trkpt lat="37.3799440" lon="15.0483380">
    <ele>80.2</ele>
   </trkpt>
   <trkpt lat="37.3804690" lon="15.0486860">
    <ele>79.4</ele>
   </trkpt>
   <trkpt lat="37.3806370" lon="15.0488010">
    <ele>79.2</ele>
   </trkpt>
   <trkpt lat="37.3809510" lon="15.0489990">
    <ele>79.0</ele>
   </trkpt>
   <trkpt lat="37.3814610" lon="15.0492650">
    <ele>78.6</ele>
   </trkpt>
   <trkpt lat="37.3817810" lon="15.0494050">
    <ele>78.2</ele>
   </trkpt>
   <trkpt lat="37.3819720" lon="15.0494800">
    <ele>77.6</ele>
   </trkpt>
   <trkpt lat="37.3823000" lon="15.0496210">
    <ele>77.0</ele>
   </trkpt>
   <trkpt lat="37.3826910" lon="15.0497890">
    <ele>76.0</ele>
   </trkpt>
   <trkpt lat="37.3828350" lon="15.0498530">
    <ele>75.6</ele>
   </trkpt>
   <trkpt lat="37.3833540" lon="15.0500880">
    <ele>74.8</ele>
   </trkpt>
   <trkpt lat="37.3834770" lon="15.0501420">
    <ele>74.8</ele>
   </trkpt>
   <trkpt lat="37.3838850" lon="15.0503200">
    <ele>73.6</ele>
   </trkpt>
   <trkpt lat="37.3839410" lon="15.0503470">
    <ele>73.6</ele>
   </trkpt>
   <trkpt lat="37.3839950" lon="15.0503730">
    <ele>73.2</ele>
   </trkpt>
   <trkpt lat="37.3842150" lon="15.0504740">
    <ele>72.6</ele>
   </trkpt>
   <trkpt lat="37.3843840" lon="15.0505480">
    <ele>72.4</ele>
   </trkpt>
   <trkpt lat="37.3846770" lon="15.0506830">
    <ele>71.6</ele>
   </trkpt>
   <trkpt lat="37.3848570" lon="15.0507510">
    <ele>71.2</ele>
   </trkpt>
   <trkpt lat="37.3852300" lon="15.0509150">
    <ele>70.6</ele>
   </trkpt>
   <trkpt lat="37.3854690" lon="15.0510290">
    <ele>70.2</ele>
   </trkpt>
   <trkpt lat="37.3857560" lon="15.0512220">
    <ele>69.8</ele>
   </trkpt>
   <trkpt lat="37.3858070" lon="15.0512730">
    <ele>69.4</ele>
   </trkpt>
   <trkpt lat="37.3860940" lon="15.0515810">
    <ele>68.4</ele>
   </trkpt>
   <trkpt lat="37.3861550" lon="15.0516430">
    <ele>68.4</ele>
   </trkpt>
   <trkpt lat="37.3862050" lon="15.0516950">
    <ele>68.2</ele>
   </trkpt>
   <trkpt lat="37.3866350" lon="15.0521480">
    <ele>67.4</ele>
   </trkpt>
   <trkpt lat="37.3866830" lon="15.0521980">
    <ele>67.4</ele>
   </trkpt>
   <trkpt lat="37.3871250" lon="15.0526620">
    <ele>66.4</ele>
   </trkpt>
   <trkpt lat="37.3871750" lon="15.0527170">
    <ele>66.4</ele>
   </trkpt>
   <trkpt lat="37.3875350" lon="15.0530960">
    <ele>65.4</ele>
   </trkpt>
   <trkpt lat="37.3876390" lon="15.0532030">
    <ele>65.0</ele>
   </trkpt>
   <trkpt lat="37.3879090" lon="15.0534580">
    <ele>64.2</ele>
   </trkpt>
   <trkpt lat="37.3880970" lon="15.0535890">
    <ele>63.8</ele>
   </trkpt>
   <trkpt lat="37.3883720" lon="15.0537580">
    <ele>63.0</ele>
   </trkpt>
   <trkpt lat="37.3886440" lon="15.0539210">
    <ele>61.6</ele>
   </trkpt>
   <trkpt lat="37.3887840" lon="15.0540050">
    <ele>61.2</ele>
   </trkpt>
   <trkpt lat="37.3889980" lon="15.0541330">
    <ele>60.4</ele>
   </trkpt>
   <trkpt lat="37.3894160" lon="15.0543810">
    <ele>59.2</ele>
   </trkpt>
   <trkpt lat="37.3896200" lon="15.0545140">
    <ele>58.2</ele>
   </trkpt>
   <trkpt lat="37.3898800" lon="15.0546690">
    <ele>57.2</ele>
   </trkpt>
   <trkpt lat="37.3899440" lon="15.0547070">
    <ele>57.0</ele>
   </trkpt>
   <trkpt lat="37.3903360" lon="15.0549420">
    <ele>56.0</ele>
   </trkpt>
   <trkpt lat="37.3904520" lon="15.0550120">
    <ele>55.4</ele>
   </trkpt>
   <trkpt lat="37.3906520" lon="15.0551330">
    <ele>55.0</ele>
   </trkpt>
   <trkpt lat="37.3910610" lon="15.0553840">
    <ele>53.8</ele>
   </trkpt>
   <trkpt lat="37.3911460" lon="15.0554350">
    <ele>53.6</ele>
   </trkpt>
   <trkpt lat="37.3914350" lon="15.0556090">
    <ele>52.8</ele>
   </trkpt>
   <trkpt lat="37.3917800" lon="15.0558310">
    <ele>52.2</ele>
   </trkpt>
   <trkpt lat="37.3919210" lon="15.0559120">
    <ele>51.6</ele>
   </trkpt>
   <trkpt lat="37.3923390" lon="15.0561690">
    <ele>50.6</ele>
   </trkpt>
   <trkpt lat="37.3924630" lon="15.0562430">
    <ele>50.0</ele>
   </trkpt>
   <trkpt lat="37.3925990" lon="15.0563280">
    <ele>49.4</ele>
   </trkpt>
   <trkpt lat="37.3929990" lon="15.0565770">
    <ele>48.4</ele>
   </trkpt>
   <trkpt lat="37.3933450" lon="15.0568170">
    <ele>47.4</ele>
   </trkpt>
   <trkpt lat="37.3933950" lon="15.0568640">
    <ele>47.4</ele>
   </trkpt>
   <trkpt lat="37.3937740" lon="15.0572150">
    <ele>46.6</ele>
   </trkpt>
   <trkpt lat="37.3941590" lon="15.0575910">
    <ele>46.8</ele>
   </trkpt>
   <trkpt lat="37.3944560" lon="15.0578900">
    <ele>46.4</ele>
   </trkpt>
   <trkpt lat="37.3949210" lon="15.0583260">
    <ele>46.8</ele>
   </trkpt>
   <trkpt lat="37.3950590" lon="15.0584600">
    <ele>46.8</ele>
   </trkpt>
   <trkpt lat="37.3952200" lon="15.0586600">
    <ele>46.8</ele>
   </trkpt>
   <trkpt lat="37.3952730" lon="15.0587560">
    <ele>46.8</ele>
   </trkpt>
   <trkpt lat="37.3953240" lon="15.0588550">
    <ele>46.6</ele>
   </trkpt>
   <trkpt lat="37.3953760" lon="15.0589940">
    <ele>46.6</ele>
   </trkpt>
   <trkpt lat="37.3954360" lon="15.0591820">
    <ele>46.6</ele>
   </trkpt>
   <trkpt lat="37.3954320" lon="15.0592260">
    <ele>46.6</ele>
   </trkpt>
   <trkpt lat="37.3954230" lon="15.0592360">
    <ele>46.6</ele>
   </trkpt>
   <trkpt lat="37.3954130" lon="15.0592510">
    <ele>46.8</ele>
   </trkpt>
   <trkpt lat="37.3954340" lon="15.0592660">
    <ele>46.4</ele>
   </trkpt>
   <trkpt lat="37.3954500" lon="15.0592920">
    <ele>46.4</ele>
   </trkpt>
   <trkpt lat="37.3955450" lon="15.0595020">
    <ele>46.6</ele>
   </trkpt>
   <trkpt lat="37.3956650" lon="15.0598230">
    <ele>46.8</ele>
   </trkpt>
   <trkpt lat="37.3958480" lon="15.0603600">
    <ele>47.0</ele>
   </trkpt>
   <trkpt lat="37.3960160" lon="15.0608320">
    <ele>47.2</ele>
   </trkpt>
   <trkpt lat="37.3961600" lon="15.0612300">
    <ele>47.0</ele>
   </trkpt>
   <trkpt lat="37.3962990" lon="15.0617090">
    <ele>47.4</ele>
   </trkpt>
   <trkpt lat="37.3963690" lon="15.0622830">
    <ele>47.2</ele>
   </trkpt>
   <trkpt lat="37.3963570" lon="15.0629290">
    <ele>47.0</ele>
   </trkpt>
   <trkpt lat="37.3963360" lon="15.0634120">
    <ele>47.2</ele>
   </trkpt>
   <trkpt lat="37.3963220" lon="15.0634650">
    <ele>47.4</ele>
   </trkpt>
   <trkpt lat="37.3962970" lon="15.0635220">
    <ele>47.4</ele>
   </trkpt>
   <trkpt lat="37.3962490" lon="15.0636000">
    <ele>47.6</ele>
   </trkpt>
   <trkpt lat="37.3961870" lon="15.0636800">
    <ele>47.6</ele>
   </trkpt>
   <trkpt lat="37.3960960" lon="15.0638220">
    <ele>48.2</ele>
   </trkpt>
   <trkpt lat="37.3960730" lon="15.0638790">
    <ele>48.6</ele>
   </trkpt>
   <trkpt lat="37.3960510" lon="15.0639510">
    <ele>48.8</ele>
   </trkpt>
   <trkpt lat="37.3960380" lon="15.0640750">
    <ele>49.0</ele>
   </trkpt>
   <trkpt lat="37.3960470" lon="15.0641860">
    <ele>49.0</ele>
   </trkpt>
   <trkpt lat="37.3960650" lon="15.0642560">
    <ele>49.0</ele>
   </trkpt>
   <trkpt lat="37.3960870" lon="15.0643120">
    <ele>48.8</ele>
   </trkpt>
   <trkpt lat="37.3961440" lon="15.0644000">
    <ele>48.2</ele>
   </trkpt>
   <trkpt lat="37.3961830" lon="15.0644420">
    <ele>48.2</ele>
   </trkpt>
   <trkpt lat="37.3962350" lon="15.0644850">
    <ele>48.0</ele>
   </trkpt>
   <trkpt lat="37.3963320" lon="15.0645360">
    <ele>47.6</ele>
   </trkpt>
   <trkpt lat="37.3963730" lon="15.0645470">
    <ele>47.6</ele>
   </trkpt>
   <trkpt lat="37.3964250" lon="15.0645520">
    <ele>47.4</ele>
   </trkpt>
   <trkpt lat="37.3965460" lon="15.0645310">
    <ele>47.4</ele>
   </trkpt>
   <trkpt lat="37.3965870" lon="15.0645130">
    <ele>47.2</ele>
   </trkpt>
   <trkpt lat="37.3967510" lon="15.0644400">
    <ele>47.2</ele>
   </trkpt>
   <trkpt lat="37.3968490" lon="15.0644280">
    <ele>47.2</ele>
   </trkpt>
   <trkpt lat="37.3969020" lon="15.0644360">
    <ele>47.2</ele>
   </trkpt>
   <trkpt lat="37.3969610" lon="15.0644630">
    <ele>47.2</ele>
   </trkpt>
   <trkpt lat="37.3971290" lon="15.0645600">
    <ele>47.2</ele>
   </trkpt>
   <trkpt lat="37.3973070" lon="15.0646660">
    <ele>47.8</ele>
   </trkpt>
   <trkpt lat="37.3975030" lon="15.0647770">
    <ele>48.8</ele>
   </trkpt>
   <trkpt lat="37.3976400" lon="15.0648510">
    <ele>49.8</ele>
   </trkpt>
   <trkpt lat="37.3976890" lon="15.0648750">
    <ele>50.0</ele>
   </trkpt>
   <trkpt lat="37.3979270" lon="15.0649640">
    <ele>51.0</ele>
   </trkpt>
   <trkpt lat="37.3979590" lon="15.0649730">
    <ele>51.0</ele>
   </trkpt>
   <trkpt lat="37.3981780" lon="15.0650270">
    <ele>52.0</ele>
   </trkpt>
   <trkpt lat="37.3982310" lon="15.0650380">
    <ele>52.6</ele>
   </trkpt>
   <trkpt lat="37.3984240" lon="15.0650550">
    <ele>53.2</ele>
   </trkpt>
   <trkpt lat="37.3985890" lon="15.0650650">
    <ele>53.8</ele>
   </trkpt>
   <trkpt lat="37.3987030" lon="15.0650730">
    <ele>54.4</ele>
   </trkpt>
   <trkpt lat="37.3988710" lon="15.0650850">
    <ele>55.0</ele>
   </trkpt>
   <trkpt lat="37.3990340" lon="15.0650860">
    <ele>55.6</ele>
   </trkpt>
   <trkpt lat="37.3991690" lon="15.0650890">
    <ele>56.6</ele>
   </trkpt>
   <trkpt lat="37.3991930" lon="15.0650900">
    <ele>56.6</ele>
   </trkpt>
   <trkpt lat="37.3992210" lon="15.0650870">
    <ele>56.8</ele>
   </trkpt>
   <trkpt lat="37.3995440" lon="15.0650980">
    <ele>58.0</ele>
   </trkpt>
   <trkpt lat="37.3999340" lon="15.0651070">
    <ele>58.4</ele>
   </trkpt>
   <trkpt lat="37.4002050" lon="15.0651100">
    <ele>58.0</ele>
   </trkpt>
   <trkpt lat="37.4005850" lon="15.0651180">
    <ele>58.8</ele>
   </trkpt>
   <trkpt lat="37.4006210" lon="15.0651220">
    <ele>58.8</ele>
   </trkpt>
   <trkpt lat="37.4007610" lon="15.0651260">
    <ele>59.2</ele>
   </trkpt>
   <trkpt lat="37.4010070" lon="15.0651320">
    <ele>60.0</ele>
   </trkpt>
   <trkpt lat="37.4013640" lon="15.0651380">
    <ele>60.4</ele>
   </trkpt>
   <trkpt lat="37.4017580" lon="15.0651390">
    <ele>60.4</ele>
   </trkpt>
   <trkpt lat="37.4021720" lon="15.0651330">
    <ele>59.2</ele>
   </trkpt>
   <trkpt lat="37.4026430" lon="15.0651360">
    <ele>59.6</ele>
   </trkpt>
   <trkpt lat="37.4030630" lon="15.0651440">
    <ele>58.6</ele>
   </trkpt>
   <trkpt lat="37.4033250" lon="15.0651510">
    <ele>57.4</ele>
   </trkpt>
   <trkpt lat="37.4035920" lon="15.0651510">
    <ele>56.6</ele>
   </trkpt>
   <trkpt lat="37.4036460" lon="15.0651510">
    <ele>56.4</ele>
   </trkpt>
   <trkpt lat="37.4038630" lon="15.0651570">
    <ele>55.6</ele>
   </trkpt>
   <trkpt lat="37.4042030" lon="15.0651610">
    <ele>54.4</ele>
   </trkpt>
   <trkpt lat="37.4042630" lon="15.0651650">
    <ele>54.2</ele>
   </trkpt>
   <trkpt lat="37.4046400" lon="15.0651780">
    <ele>53.0</ele>
   </trkpt>
   <trkpt lat="37.4049180" lon="15.0651850">
    <ele>51.6</ele>
   </trkpt>
   <trkpt lat="37.4052360" lon="15.0651880">
    <ele>50.6</ele>
   </trkpt>
   <trkpt lat="37.4054540" lon="15.0651900">
    <ele>49.2</ele>
   </trkpt>
   <trkpt lat="37.4057740" lon="15.0651980">
    <ele>48.0</ele>
   </trkpt>
   <trkpt lat="37.4060140" lon="15.0651980">
    <ele>46.8</ele>
   </trkpt>
   <trkpt lat="37.4061660" lon="15.0651980">
    <ele>46.4</ele>
   </trkpt>
   <trkpt lat="37.4064600" lon="15.0652040">
    <ele>45.6</ele>
   </trkpt>
   <trkpt lat="37.4065980" lon="15.0652070">
    <ele>45.2</ele>
   </trkpt>
   <trkpt lat="37.4070570" lon="15.0652120">
    <ele>44.6</ele>
   </trkpt>
   <trkpt lat="37.4071180" lon="15.0652110">
    <ele>44.6</ele>
   </trkpt>
   <trkpt lat="37.4075400" lon="15.0652160">
    <ele>44.4</ele>
   </trkpt>
   <trkpt lat="37.4081090" lon="15.0652250">
    <ele>44.6</ele>
   </trkpt>
   <trkpt lat="37.4084780" lon="15.0652280">
    <ele>45.0</ele>
   </trkpt>
   <trkpt lat="37.4088780" lon="15.0652370">
    <ele>45.2</ele>
   </trkpt>
   <trkpt lat="37.4093350" lon="15.0652470">
    <ele>45.2</ele>
   </trkpt>
   <trkpt lat="37.4097940" lon="15.0652530">
    <ele>45.4</ele>
   </trkpt>
   <trkpt lat="37.4099320" lon="15.0652630">
    <ele>45.4</ele>
   </trkpt>
   <trkpt lat="37.4100020" lon="15.0652830">
    <ele>45.2</ele>
   </trkpt>
   <trkpt lat="37.4100750" lon="15.0652940">
    <ele>45.2</ele>
   </trkpt>
   <trkpt lat="37.4100750" lon="15.0652940">
    <ele>45.0</ele>
   </trkpt>
   <trkpt lat="37.4101250" lon="15.0652790">
    <ele>45.4</ele>
   </trkpt>
   <trkpt lat="37.4101450" lon="15.0652720">
    <ele>45.4</ele>
   </trkpt>
   <trkpt lat="37.4101700" lon="15.0652670">
    <ele>45.4</ele>
   </trkpt>
   <trkpt lat="37.4103080" lon="15.0652460">
    <ele>45.6</ele>
   </trkpt>
   <trkpt lat="37.4105430" lon="15.0652620">
    <ele>45.8</ele>
   </trkpt>
   <trkpt lat="37.4108050" lon="15.0652620">
    <ele>45.8</ele>
   </trkpt>
   <trkpt lat="37.4109320" lon="15.0652620">
    <ele>45.8</ele>
   </trkpt>
   <trkpt lat="37.4109740" lon="15.0652580">
    <ele>45.8</ele>
   </trkpt>
   <trkpt lat="37.4112410" lon="15.0652610">
    <ele>45.6</ele>
   </trkpt>
   <trkpt lat="37.4115790" lon="15.0652720">
    <ele>45.6</ele>
   </trkpt>
   <trkpt lat="37.4119970" lon="15.0652890">
    <ele>45.8</ele>
   </trkpt>
   <trkpt lat="37.4123970" lon="15.0653040">
    <ele>46.2</ele>
   </trkpt>
   <trkpt lat="37.4128530" lon="15.0653020">
    <ele>46.0</ele>
   </trkpt>
   <trkpt lat="37.4131920" lon="15.0653160">
    <ele>45.8</ele>
   </trkpt>
   <trkpt lat="37.4132390" lon="15.0653160">
    <ele>45.8</ele>
   </trkpt>
   <trkpt lat="37.4137950" lon="15.0653170">
    <ele>45.8</ele>
   </trkpt>
   <trkpt lat="37.4138460" lon="15.0653180">
    <ele>45.8</ele>
   </trkpt>
   <trkpt lat="37.4142640" lon="15.0653230">
    <ele>45.8</ele>
   </trkpt>
   <trkpt lat="37.4143650" lon="15.0653210">
    <ele>45.8</ele>
   </trkpt>
   <trkpt lat="37.4148440" lon="15.0653120">
    <ele>45.8</ele>
   </trkpt>
   <trkpt lat="37.4154010" lon="15.0653270">
    <ele>45.4</ele>
   </trkpt>
   <trkpt lat="37.4158590" lon="15.0653440">
    <ele>45.2</ele>
   </trkpt>
   <trkpt lat="37.4163540" lon="15.0653490">
    <ele>45.4</ele>
   </trkpt>
   <trkpt lat="37.4169040" lon="15.0653540">
    <ele>45.2</ele>
   </trkpt>
   <trkpt lat="37.4169530" lon="15.0653540">
    <ele>45.2</ele>
   </trkpt>
   <trkpt lat="37.4170550" lon="15.0653560">
    <ele>45.0</ele>
   </trkpt>
   <trkpt lat="37.4174020" lon="15.0653650">
    <ele>45.0</ele>
   </trkpt>
   <trkpt lat="37.4179010" lon="15.0653760">
    <ele>44.8</ele>
   </trkpt>
   <trkpt lat="37.4184380" lon="15.0653740">
    <ele>44.6</ele>
   </trkpt>
   <trkpt lat="37.4188180" lon="15.0653730">
    <ele>44.8</ele>
   </trkpt>
   <trkpt lat="37.4193650" lon="15.0653750">
    <ele>44.6</ele>
   </trkpt>
   <trkpt lat="37.4194140" lon="15.0653770">
    <ele>44.6</ele>
   </trkpt>
   <trkpt lat="37.4199600" lon="15.0653980">
    <ele>44.6</ele>
   </trkpt>
   <trkpt lat="37.4205010" lon="15.0654090">
    <ele>44.8</ele>
   </trkpt>
   <trkpt lat="37.4206000" lon="15.0654070">
    <ele>44.6</ele>
   </trkpt>
   <trkpt lat="37.4211630" lon="15.0654180">
    <ele>44.4</ele>
   </trkpt>
   <trkpt lat="37.4212160" lon="15.0654180">
    <ele>44.4</ele>
   </trkpt>
   <trkpt lat="37.4215990" lon="15.0654200">
    <ele>44.6</ele>
   </trkpt>
   <trkpt lat="37.4221030" lon="15.0654220">
    <ele>44.4</ele>
   </trkpt>
   <trkpt lat="37.4226500" lon="15.0654340">
    <ele>44.2</ele>
   </trkpt>
   <trkpt lat="37.4227070" lon="15.0654350">
    <ele>44.2</ele>
   </trkpt>
   <trkpt lat="37.4232830" lon="15.0654360">
    <ele>44.6</ele>
   </trkpt>
   <trkpt lat="37.4233870" lon="15.0654390">
    <ele>44.4</ele>
   </trkpt>
   <trkpt lat="37.4239820" lon="15.0654550">
    <ele>44.6</ele>
   </trkpt>
   <trkpt lat="37.4240340" lon="15.0654540">
    <ele>44.6</ele>
   </trkpt>
   <trkpt lat="37.4244670" lon="15.0654720">
    <ele>44.6</ele>
   </trkpt>
   <trkpt lat="37.4250460" lon="15.0654740">
    <ele>44.6</ele>
   </trkpt>
   <trkpt lat="37.4251060" lon="15.0654780">
    <ele>44.6</ele>
   </trkpt>
   <trkpt lat="37.4255920" lon="15.0654880">
    <ele>44.4</ele>
   </trkpt>
   <trkpt lat="37.4259400" lon="15.0654820">
    <ele>44.4</ele>
   </trkpt>
   <trkpt lat="37.4264610" lon="15.0654930">
    <ele>44.6</ele>
   </trkpt>
   <trkpt lat="37.4268710" lon="15.0655060">
    <ele>44.6</ele>
   </trkpt>
   <trkpt lat="37.4273690" lon="15.0655040">
    <ele>44.6</ele>
   </trkpt>
   <trkpt lat="37.4279440" lon="15.0655060">
    <ele>44.4</ele>
   </trkpt>
   <trkpt lat="37.4284750" lon="15.0655110">
    <ele>44.2</ele>
   </trkpt>
   <trkpt lat="37.4289620" lon="15.0655160">
    <ele>44.4</ele>
   </trkpt>
   <trkpt lat="37.4293010" lon="15.0655210">
    <ele>44.4</ele>
   </trkpt>
   <trkpt lat="37.4297040" lon="15.0655190">
    <ele>44.2</ele>
   </trkpt>
   <trkpt lat="37.4300670" lon="15.0655240">
    <ele>44.2</ele>
   </trkpt>
   <trkpt lat="37.4301260" lon="15.0655300">
    <ele>44.2</ele>
   </trkpt>
   <trkpt lat="37.4306000" lon="15.0655430">
    <ele>44.4</ele>
   </trkpt>
   <trkpt lat="37.4310300" lon="15.0655600">
    <ele>44.6</ele>
   </trkpt>
   <trkpt lat="37.4315230" lon="15.0655670">
    <ele>44.8</ele>
   </trkpt>
   <trkpt lat="37.4320590" lon="15.0655710">
    <ele>44.8</ele>
   </trkpt>
   <trkpt lat="37.4325390" lon="15.0655850">
    <ele>45.0</ele>
   </trkpt>
   <trkpt lat="37.4330140" lon="15.0655910">
    <ele>44.8</ele>
   </trkpt>
   <trkpt lat="37.4333050" lon="15.0655900">
    <ele>44.8</ele>
   </trkpt>
   <trkpt lat="37.4337220" lon="15.0655950">
    <ele>44.8</ele>
   </trkpt>
   <trkpt lat="37.4341240" lon="15.0655910">
    <ele>45.0</ele>
   </trkpt>
   <trkpt lat="37.4345740" lon="15.0655970">
    <ele>45.4</ele>
   </trkpt>
   <trkpt lat="37.4351040" lon="15.0656040">
    <ele>45.2</ele>
   </trkpt>
   <trkpt lat="37.4356090" lon="15.0655970">
    <ele>45.4</ele>
   </trkpt>
   <trkpt lat="37.4360630" lon="15.0656070">
    <ele>45.4</ele>
   </trkpt>
   <trkpt lat="37.4365550" lon="15.0656130">
    <ele>45.2</ele>
   </trkpt>
   <trkpt lat="37.4370730" lon="15.0656350">
    <ele>44.8</ele>
   </trkpt>
   <trkpt lat="37.4375490" lon="15.0656420">
    <ele>44.8</ele>
   </trkpt>
   <trkpt lat="37.4379850" lon="15.0656360">
    <ele>44.8</ele>
   </trkpt>
   <trkpt lat="37.4385150" lon="15.0656510">
    <ele>45.0</ele>
   </trkpt>
   <trkpt lat="37.4387100" lon="15.0656480">
    <ele>45.2</ele>
   </trkpt>
   <trkpt lat="37.4388120" lon="15.0656500">
    <ele>45.4</ele>
   </trkpt>
   <trkpt lat="37.4392440" lon="15.0656580">
    <ele>45.2</ele>
   </trkpt>
   <trkpt lat="37.4397890" lon="15.0656660">
    <ele>45.2</ele>
   </trkpt>
   <trkpt lat="37.4402740" lon="15.0656710">
    <ele>45.2</ele>
   </trkpt>
   <trkpt lat="37.4408050" lon="15.0656810">
    <ele>44.8</ele>
   </trkpt>
   <trkpt lat="37.4413810" lon="15.0657110">
    <ele>44.8</ele>
   </trkpt>
   <trkpt lat="37.4414360" lon="15.0657190">
    <ele>44.8</ele>
   </trkpt>
   <trkpt lat="37.4419480" lon="15.0658670">
    <ele>44.8</ele>
   </trkpt>
   <trkpt lat="37.4422000" lon="15.0660060">
    <ele>45.0</ele>
   </trkpt>
   <trkpt lat="37.4423060" lon="15.0660820">
    <ele>45.2</ele>
   </trkpt>
   <trkpt lat="37.4423110" lon="15.0660820">
    <ele>45.4</ele>
   </trkpt>
   <trkpt lat="37.4423620" lon="15.0660850">
    <ele>45.6</ele>
   </trkpt>
   <trkpt lat="37.4425380" lon="15.0661910">
    <ele>45.6</ele>
   </trkpt>
   <trkpt lat="37.4428390" lon="15.0663970">
    <ele>45.0</ele>
   </trkpt>
   <trkpt lat="37.4429880" lon="15.0665240">
    <ele>45.2</ele>
   </trkpt>
   <trkpt lat="37.4431250" lon="15.0666690">
    <ele>45.2</ele>
   </trkpt>
   <trkpt lat="37.4434200" lon="15.0670470">
    <ele>45.4</ele>
   </trkpt>
   <trkpt lat="37.4437170" lon="15.0675660">
    <ele>45.6</ele>
   </trkpt>
   <trkpt lat="37.4438890" lon="15.0679620">
    <ele>45.6</ele>
   </trkpt>
   <trkpt lat="37.4439990" lon="15.0683750">
    <ele>45.8</ele>
   </trkpt>
   <trkpt lat="37.4440870" lon="15.0688630">
    <ele>45.4</ele>
   </trkpt>
   <trkpt lat="37.4441310" lon="15.0693710">
    <ele>45.4</ele>
   </trkpt>
   <trkpt lat="37.4441950" lon="15.0700340">
    <ele>45.4</ele>
   </trkpt>
   <trkpt lat="37.4442050" lon="15.0701520">
    <ele>45.6</ele>
   </trkpt>
   <trkpt lat="37.4442420" lon="15.0705500">
    <ele>45.4</ele>
   </trkpt>
   <trkpt lat="37.4442780" lon="15.0709830">
    <ele>45.4</ele>
   </trkpt>
   <trkpt lat="37.4443320" lon="15.0715990">
    <ele>45.4</ele>
   </trkpt>
   <trkpt lat="37.4443860" lon="15.0722410">
    <ele>45.4</ele>
   </trkpt>
   <trkpt lat="37.4444270" lon="15.0726980">
    <ele>45.4</ele>
   </trkpt>
   <trkpt lat="37.4444530" lon="15.0729350">
    <ele>45.4</ele>
   </trkpt>
   <trkpt lat="37.4444770" lon="15.0732250">
    <ele>45.4</ele>
   </trkpt>
   <trkpt lat="37.4445210" lon="15.0737290">
    <ele>45.0</ele>
   </trkpt>
   <trkpt lat="37.4445230" lon="15.0737790">
    <ele>45.0</ele>
   </trkpt>
   <trkpt lat="37.4445570" lon="15.0742080">
    <ele>45.2</ele>
   </trkpt>
   <trkpt lat="37.4446050" lon="15.0747600">
    <ele>45.0</ele>
   </trkpt>
   <trkpt lat="37.4446090" lon="15.0748100">
    <ele>45.0</ele>
   </trkpt>
   <trkpt lat="37.4446320" lon="15.0750750">
    <ele>45.0</ele>
   </trkpt>
   <trkpt lat="37.4446890" lon="15.0756750">
    <ele>45.0</ele>
   </trkpt>
   <trkpt lat="37.4447370" lon="15.0761720">
    <ele>45.0</ele>
   </trkpt>
   <trkpt lat="37.4447450" lon="15.0763720">
    <ele>45.0</ele>
   </trkpt>
   <trkpt lat="37.4447520" lon="15.0766150">
    <ele>45.0</ele>
   </trkpt>
   <trkpt lat="37.4447860" lon="15.0769200">
    <ele>44.8</ele>
   </trkpt>
   <trkpt lat="37.4448050" lon="15.0773260">
    <ele>44.8</ele>
   </trkpt>
   <trkpt lat="37.4448210" lon="15.0778270">
    <ele>44.4</ele>
   </trkpt>
   <trkpt lat="37.4448220" lon="15.0780930">
    <ele>44.4</ele>
   </trkpt>
   <trkpt lat="37.4448190" lon="15.0782970">
    <ele>44.4</ele>
   </trkpt>
   <trkpt lat="37.4448220" lon="15.0787310">
    <ele>44.4</ele>
   </trkpt>
   <trkpt lat="37.4448270" lon="15.0788010">
    <ele>44.4</ele>
   </trkpt>
   <trkpt lat="37.4448420" lon="15.0793700">
    <ele>44.4</ele>
   </trkpt>
   <trkpt lat="37.4448840" lon="15.0799420">
    <ele>44.6</ele>
   </trkpt>
   <trkpt lat="37.4448970" lon="15.0804370">
    <ele>44.4</ele>
   </trkpt>
   <trkpt lat="37.4449160" lon="15.0809820">
    <ele>44.4</ele>
   </trkpt>
   <trkpt lat="37.4449330" lon="15.0813080">
    <ele>44.2</ele>
   </trkpt>
   <trkpt lat="37.4449390" lon="15.0815040">
    <ele>44.2</ele>
   </trkpt>
   <trkpt lat="37.4449610" lon="15.0819580">
    <ele>44.2</ele>
   </trkpt>
   <trkpt lat="37.4449660" lon="15.0820850">
    <ele>44.2</ele>
   </trkpt>
   <trkpt lat="37.4449800" lon="15.0825350">
    <ele>44.0</ele>
   </trkpt>
   <trkpt lat="37.4450360" lon="15.0831120">
    <ele>44.2</ele>
   </trkpt>
   <trkpt lat="37.4451450" lon="15.0835630">
    <ele>44.2</ele>
   </trkpt>
   <trkpt lat="37.4453400" lon="15.0840270">
    <ele>44.0</ele>
   </trkpt>
   <trkpt lat="37.4456060" lon="15.0844370">
    <ele>44.0</ele>
   </trkpt>
   <trkpt lat="37.4459790" lon="15.0848230">
    <ele>44.0</ele>
   </trkpt>
   <trkpt lat="37.4463110" lon="15.0850420">
    <ele>43.8</ele>
   </trkpt>
   <trkpt lat="37.4464580" lon="15.0851020">
    <ele>43.8</ele>
   </trkpt>
   <trkpt lat="37.4466650" lon="15.0851580">
    <ele>43.6</ele>
   </trkpt>
   <trkpt lat="37.4471600" lon="15.0852100">
    <ele>43.2</ele>
   </trkpt>
   <trkpt lat="37.4472140" lon="15.0852070">
    <ele>43.2</ele>
   </trkpt>
   <trkpt lat="37.4476150" lon="15.0851900">
    <ele>43.0</ele>
   </trkpt>
   <trkpt lat="37.4480820" lon="15.0851340">
    <ele>43.0</ele>
   </trkpt>
   <trkpt lat="37.4484120" lon="15.0851090">
    <ele>43.4</ele>
   </trkpt>
   <trkpt lat="37.4485060" lon="15.0850930">
    <ele>43.4</ele>
   </trkpt>
   <trkpt lat="37.4486730" lon="15.0850850">
    <ele>43.4</ele>
   </trkpt>
   <trkpt lat="37.4489860" lon="15.0850630">
    <ele>43.0</ele>
   </trkpt>
   <trkpt lat="37.4494380" lon="15.0850340">
    <ele>43.0</ele>
   </trkpt>
   <trkpt lat="37.4500310" lon="15.0850010">
    <ele>43.4</ele>
   </trkpt>
   <trkpt lat="37.4505190" lon="15.0849680">
    <ele>43.0</ele>
   </trkpt>
   <trkpt lat="37.4511070" lon="15.0849140">
    <ele>43.4</ele>
   </trkpt>
   <trkpt lat="37.4515210" lon="15.0848770">
    <ele>43.4</ele>
   </trkpt>
   <trkpt lat="37.4519630" lon="15.0848400">
    <ele>43.6</ele>
   </trkpt>
   <trkpt lat="37.4524180" lon="15.0847960">
    <ele>44.0</ele>
   </trkpt>
   <trkpt lat="37.4530080" lon="15.0847500">
    <ele>44.0</ele>
   </trkpt>
   <trkpt lat="37.4530640" lon="15.0847430">
    <ele>44.0</ele>
   </trkpt>
   <trkpt lat="37.4532270" lon="15.0847280">
    <ele>44.0</ele>
   </trkpt>
   <trkpt lat="37.4537740" lon="15.0846810">
    <ele>44.2</ele>
   </trkpt>
   <trkpt lat="37.4542350" lon="15.0846400">
    <ele>44.4</ele>
   </trkpt>
   <trkpt lat="37.4547790" lon="15.0845910">
    <ele>44.8</ele>
   </trkpt>
   <trkpt lat="37.4550250" lon="15.0845750">
    <ele>45.0</ele>
   </trkpt>
   <trkpt lat="37.4552060" lon="15.0845550">
    <ele>45.0</ele>
   </trkpt>
   <trkpt lat="37.4557330" lon="15.0845190">
    <ele>45.2</ele>
   </trkpt>
   <trkpt lat="37.4562740" lon="15.0844710">
    <ele>45.2</ele>
   </trkpt>
   <trkpt lat="37.4567640" lon="15.0844300">
    <ele>45.2</ele>
   </trkpt>
   <trkpt lat="37.4570680" lon="15.0844110">
    <ele>45.2</ele>
   </trkpt>
   <trkpt lat="37.4573440" lon="15.0843870">
    <ele>45.2</ele>
   </trkpt>
   <trkpt lat="37.4578860" lon="15.0843440">
    <ele>45.2</ele>
   </trkpt>
   <trkpt lat="37.4580060" lon="15.0843330">
    <ele>45.2</ele>
   </trkpt>
   <trkpt lat="37.4585550" lon="15.0842780">
    <ele>45.2</ele>
   </trkpt>
   <trkpt lat="37.4590440" lon="15.0842450">
    <ele>45.2</ele>
   </trkpt>
   <trkpt lat="37.4596390" lon="15.0841960">
    <ele>44.8</ele>
   </trkpt>
   <trkpt lat="37.4598160" lon="15.0841820">
    <ele>45.2</ele>
   </trkpt>
   <trkpt lat="37.4603640" lon="15.0841390">
    <ele>45.2</ele>
   </trkpt>
   <trkpt lat="37.4609080" lon="15.0840970">
    <ele>45.4</ele>
   </trkpt>
   <trkpt lat="37.4614700" lon="15.0840390">
    <ele>45.4</ele>
   </trkpt>
   <trkpt lat="37.4615260" lon="15.0840330">
    <ele>45.2</ele>
   </trkpt>
   <trkpt lat="37.4620370" lon="15.0839810">
    <ele>45.4</ele>
   </trkpt>
   <trkpt lat="37.4626250" lon="15.0839410">
    <ele>45.6</ele>
   </trkpt>
   <trkpt lat="37.4626820" lon="15.0839340">
    <ele>45.6</ele>
   </trkpt>
   <trkpt lat="37.4632090" lon="15.0838890">
    <ele>45.6</ele>
   </trkpt>
   <trkpt lat="37.4637820" lon="15.0838460">
    <ele>45.8</ele>
   </trkpt>
   <trkpt lat="37.4641240" lon="15.0837990">
    <ele>45.4</ele>
   </trkpt>
   <trkpt lat="37.4645480" lon="15.0837680">
    <ele>45.2</ele>
   </trkpt>
   <trkpt lat="37.4650670" lon="15.0837240">
    <ele>45.4</ele>
   </trkpt>
   <trkpt lat="37.4656140" lon="15.0836490">
    <ele>45.0</ele>
   </trkpt>
   <trkpt lat="37.4656760" lon="15.0836420">
    <ele>45.0</ele>
   </trkpt>
   <trkpt lat="37.4660510" lon="15.0836140">
    <ele>44.8</ele>
   </trkpt>
   <trkpt lat="37.4666080" lon="15.0835850">
    <ele>44.6</ele>
   </trkpt>
   <trkpt lat="37.4666730" lon="15.0835820">
    <ele>44.6</ele>
   </trkpt>
   <trkpt lat="37.4672720" lon="15.0835440">
    <ele>44.6</ele>
   </trkpt>
   <trkpt lat="37.4676880" lon="15.0835050">
    <ele>44.6</ele>
   </trkpt>
   <trkpt lat="37.4677480" lon="15.0834990">
    <ele>44.6</ele>
   </trkpt>
   <trkpt lat="37.4682190" lon="15.0834550">
    <ele>44.8</ele>
   </trkpt>
   <trkpt lat="37.4685780" lon="15.0834520">
    <ele>44.8</ele>
   </trkpt>
   <trkpt lat="37.4691270" lon="15.0834250">
    <ele>45.0</ele>
   </trkpt>
   <trkpt lat="37.4695560" lon="15.0834400">
    <ele>45.2</ele>
   </trkpt>
   <trkpt lat="37.4697460" lon="15.0834470">
    <ele>45.4</ele>
   </trkpt>
   <trkpt lat="37.4698700" lon="15.0834640">
    <ele>45.4</ele>
   </trkpt>
   <trkpt lat="37.4700550" lon="15.0834760">
    <ele>45.4</ele>
   </trkpt>
   <trkpt lat="37.4702410" lon="15.0834810">
    <ele>45.4</ele>
   </trkpt>
   <trkpt lat="37.4704200" lon="15.0834900">
    <ele>45.4</ele>
   </trkpt>
   <trkpt lat="37.4705370" lon="15.0834840">
    <ele>45.4</ele>
   </trkpt>
   <trkpt lat="37.4705960" lon="15.0834900">
    <ele>45.4</ele>
   </trkpt>
   <trkpt lat="37.4708960" lon="15.0835100">
    <ele>45.4</ele>
   </trkpt>
   <trkpt lat="37.4709560" lon="15.0835080">
    <ele>45.4</ele>
   </trkpt>
   <trkpt lat="37.4713140" lon="15.0835020">
    <ele>45.4</ele>
   </trkpt>
   <trkpt lat="37.4716910" lon="15.0835290">
    <ele>45.4</ele>
   </trkpt>
   <trkpt lat="37.4719140" lon="15.0835590">
    <ele>45.4</ele>
   </trkpt>
   <trkpt lat="37.4719710" lon="15.0835620">
    <ele>45.4</ele>
   </trkpt>
   <trkpt lat="37.4720260" lon="15.0835610">
    <ele>45.4</ele>
   </trkpt>
   <trkpt lat="37.4725220" lon="15.0835870">
    <ele>45.4</ele>
   </trkpt>
   <trkpt lat="37.4729370" lon="15.0836230">
    <ele>45.8</ele>
   </trkpt>
   <trkpt lat="37.4729980" lon="15.0836260">
    <ele>46.0</ele>
   </trkpt>
   <trkpt lat="37.4735910" lon="15.0836540">
    <ele>46.4</ele>
   </trkpt>
   <trkpt lat="37.4736520" lon="15.0836620">
    <ele>46.4</ele>
   </trkpt>
   <trkpt lat="37.4742270" lon="15.0837220">
    <ele>46.0</ele>
   </trkpt>
   <trkpt lat="37.4745710" lon="15.0837510">
    <ele>46.0</ele>
   </trkpt>
   <trkpt lat="37.4748000" lon="15.0837730">
    <ele>46.0</ele>
   </trkpt>
   <trkpt lat="37.4753730" lon="15.0837810">
    <ele>46.2</ele>
   </trkpt>
   <trkpt lat="37.4757740" lon="15.0837430">
    <ele>46.0</ele>
   </trkpt>
   <trkpt lat="37.4763370" lon="15.0836860">
    <ele>45.8</ele>
   </trkpt>
   <trkpt lat="37.4768270" lon="15.0836460">
    <ele>45.6</ele>
   </trkpt>
   <trkpt lat="37.4773720" lon="15.0835780">
    <ele>45.6</ele>
   </trkpt>
   <trkpt lat="37.4774660" lon="15.0835740">
    <ele>45.6</ele>
   </trkpt>
   <trkpt lat="37.4779740" lon="15.0835330">
    <ele>45.4</ele>
   </trkpt>
   <trkpt lat="37.4784070" lon="15.0835040">
    <ele>45.6</ele>
   </trkpt>
   <trkpt lat="37.4788850" lon="15.0834950">
    <ele>46.0</ele>
   </trkpt>
   <trkpt lat="37.4791590" lon="15.0834940">
    <ele>46.0</ele>
   </trkpt>
   <trkpt lat="37.4794950" lon="15.0835010">
    <ele>46.2</ele>
   </trkpt>
   <trkpt lat="37.4795430" lon="15.0835060">
    <ele>46.2</ele>
   </trkpt>
   <trkpt lat="37.4796330" lon="15.0835390">
    <ele>46.2</ele>
   </trkpt>
   <trkpt lat="37.4796790" lon="15.0835530">
    <ele>46.2</ele>
   </trkpt>
   <trkpt lat="37.4797260" lon="15.0835570">
    <ele>46.2</ele>
   </trkpt>
   <trkpt lat="37.4798660" lon="15.0835180">
    <ele>46.2</ele>
   </trkpt>
   <trkpt lat="37.4802190" lon="15.0834570">
    <ele>46.2</ele>
   </trkpt>
   <trkpt lat="37.4806350" lon="15.0834690">
    <ele>46.4</ele>
   </trkpt>
   <trkpt lat="37.4811790" lon="15.0835050">
    <ele>46.2</ele>
   </trkpt>
   <trkpt lat="37.4816730" lon="15.0835420">
    <ele>46.4</ele>
   </trkpt>
   <trkpt lat="37.4821620" lon="15.0836210">
    <ele>46.4</ele>
   </trkpt>
   <trkpt lat="37.4824710" lon="15.0836290">
    <ele>46.4</ele>
   </trkpt>
   <trkpt lat="37.4830050" lon="15.0836900">
    <ele>46.4</ele>
   </trkpt>
   <trkpt lat="37.4834940" lon="15.0837930">
    <ele>46.2</ele>
   </trkpt>
   <trkpt lat="37.4835450" lon="15.0838020">
    <ele>46.2</ele>
   </trkpt>
   <trkpt lat="37.4837450" lon="15.0838200">
    <ele>46.2</ele>
   </trkpt>
   <trkpt lat="37.4837920" lon="15.0838290">
    <ele>46.2</ele>
   </trkpt>
   <trkpt lat="37.4838920" lon="15.0838440">
    <ele>46.0</ele>
   </trkpt>
   <trkpt lat="37.4840980" lon="15.0838570">
    <ele>46.0</ele>
   </trkpt>
   <trkpt lat="37.4844040" lon="15.0839080">
    <ele>46.0</ele>
   </trkpt>
   <trkpt lat="37.4846960" lon="15.0839100">
    <ele>46.0</ele>
   </trkpt>
   <trkpt lat="37.4849090" lon="15.0839360">
    <ele>46.0</ele>
   </trkpt>
   <trkpt lat="37.4849390" lon="15.0839440">
    <ele>46.0</ele>
   </trkpt>
   <trkpt lat="37.4850890" lon="15.0839540">
    <ele>46.2</ele>
   </trkpt>
   <trkpt lat="37.4852840" lon="15.0839830">
    <ele>46.2</ele>
   </trkpt>
   <trkpt lat="37.4857150" lon="15.0840380">
    <ele>46.2</ele>
   </trkpt>
   <trkpt lat="37.4861370" lon="15.0840920">
    <ele>46.4</ele>
   </trkpt>
   <trkpt lat="37.4865830" lon="15.0841650">
    <ele>46.4</ele>
   </trkpt>
   <trkpt lat="37.4871040" lon="15.0842500">
    <ele>46.4</ele>
   </trkpt>
   <trkpt lat="37.4873630" lon="15.0842760">
    <ele>46.4</ele>
   </trkpt>
   <trkpt lat="37.4875080" lon="15.0842780">
    <ele>46.2</ele>
   </trkpt>
   <trkpt lat="37.4878460" lon="15.0843190">
    <ele>46.6</ele>
   </trkpt>
   <trkpt lat="37.4879120" lon="15.0843820">
    <ele>46.8</ele>
   </trkpt>
   <trkpt lat="37.4879690" lon="15.0844650">
    <ele>46.8</ele>
   </trkpt>
   <trkpt lat="37.4880080" lon="15.0846230">
    <ele>47.4</ele>
   </trkpt>
   <trkpt lat="37.4880040" lon="15.0847410">
    <ele>47.6</ele>
   </trkpt>
   <trkpt lat="37.4879970" lon="15.0848050">
    <ele>47.8</ele>
   </trkpt>
   <trkpt lat="37.4879520" lon="15.0852150">
    <ele>47.8</ele>
   </trkpt>
   <trkpt lat="37.4879710" lon="15.0853460">
    <ele>47.8</ele>
   </trkpt>
   <trkpt lat="37.4880360" lon="15.0855250">
    <ele>47.8</ele>
   </trkpt>
   <trkpt lat="37.4881470" lon="15.0856390">
    <ele>47.8</ele>
   </trkpt>
   <trkpt lat="37.4881860" lon="15.0856700">
    <ele>47.8</ele>
   </trkpt>
   <trkpt lat="37.4883810" lon="15.0858210">
    <ele>47.8</ele>
   </trkpt>
   <trkpt lat="37.4884560" lon="15.0858980">
    <ele>47.6</ele>
   </trkpt>
   <trkpt lat="37.4887130" lon="15.0861750">
    <ele>48.0</ele>
   </trkpt>
   <trkpt lat="37.4887950" lon="15.0862430">
    <ele>48.0</ele>
   </trkpt>
   <trkpt lat="37.4888790" lon="15.0862840">
    <ele>48.0</ele>
   </trkpt>
   <trkpt lat="37.4889930" lon="15.0863000">
    <ele>48.0</ele>
   </trkpt>
   <trkpt lat="37.4890460" lon="15.0862890">
    <ele>48.0</ele>
   </trkpt>
   <trkpt lat="37.4891470" lon="15.0862530">
    <ele>48.0</ele>
   </trkpt>
   <trkpt lat="37.4892810" lon="15.0861860">
    <ele>47.8</ele>
   </trkpt>
   <trkpt lat="37.4893280" lon="15.0861720">
    <ele>47.8</ele>
   </trkpt>
   <trkpt lat="37.4894220" lon="15.0861770">
    <ele>47.8</ele>
   </trkpt>
   <trkpt lat="37.4895040" lon="15.0862190">
    <ele>47.8</ele>
   </trkpt>
   <trkpt lat="37.4896110" lon="15.0863390">
    <ele>48.0</ele>
   </trkpt>
   <trkpt lat="37.4896730" lon="15.0864500">
    <ele>48.0</ele>
   </trkpt>
   <trkpt lat="37.4898540" lon="15.0869030">
    <ele>48.2</ele>
   </trkpt>
   <trkpt lat="37.4901060" lon="15.0875690">
    <ele>48.0</ele>
   </trkpt>
   <trkpt lat="37.4901580" lon="15.0877070">
    <ele>48.0</ele>
   </trkpt>
   <trkpt lat="37.4903880" lon="15.0883470">
    <ele>47.8</ele>
   </trkpt>
   <trkpt lat="37.4904140" lon="15.0884170">
    <ele>47.8</ele>
   </trkpt>
   <trkpt lat="37.4906290" lon="15.0888670">
    <ele>47.8</ele>
   </trkpt>
   <trkpt lat="37.4906680" lon="15.0889290">
    <ele>47.8</ele>
   </trkpt>
   <trkpt lat="37.4909860" lon="15.0892950">
    <ele>47.4</ele>
   </trkpt>
   <trkpt lat="37.4912800" lon="15.0895240">
    <ele>47.2</ele>
   </trkpt>
   <trkpt lat="37.4913830" lon="15.0895800">
    <ele>47.0</ele>
   </trkpt>
   <trkpt lat="37.4916140" lon="15.0896600">
    <ele>46.8</ele>
   </trkpt>
   <trkpt lat="37.4921570" lon="15.0897550">
    <ele>46.6</ele>
   </trkpt>
   <trkpt lat="37.4922800" lon="15.0897790">
    <ele>46.4</ele>
   </trkpt>
   <trkpt lat="37.4926540" lon="15.0898480">
    <ele>46.4</ele>
   </trkpt>
   <trkpt lat="37.4927600" lon="15.0898660">
    <ele>46.4</ele>
   </trkpt>
   <trkpt lat="37.4933210" lon="15.0899800">
    <ele>46.4</ele>
   </trkpt>
   <trkpt lat="37.4934980" lon="15.0900140">
    <ele>46.0</ele>
   </trkpt>
   <trkpt lat="37.4940350" lon="15.0901390">
    <ele>46.0</ele>
   </trkpt>
   <trkpt lat="37.4942800" lon="15.0901960">
    <ele>46.0</ele>
   </trkpt>
   <trkpt lat="37.4946870" lon="15.0902790">
    <ele>46.0</ele>
   </trkpt>
   <trkpt lat="37.4948120" lon="15.0903110">
    <ele>45.8</ele>
   </trkpt>
   <trkpt lat="37.4951490" lon="15.0903820">
    <ele>45.8</ele>
   </trkpt>
   <trkpt lat="37.4956610" lon="15.0905020">
    <ele>46.2</ele>
   </trkpt>
   <trkpt lat="37.4958220" lon="15.0905310">
    <ele>46.2</ele>
   </trkpt>
   <trkpt lat="37.4960630" lon="15.0905890">
    <ele>46.6</ele>
   </trkpt>
   <trkpt lat="37.4962940" lon="15.0906450">
    <ele>46.8</ele>
   </trkpt>
   <trkpt lat="37.4965280" lon="15.0907110">
    <ele>47.4</ele>
   </trkpt>
   <trkpt lat="37.4967940" lon="15.0907550">
    <ele>47.8</ele>
   </trkpt>
   <trkpt lat="37.4968960" lon="15.0907470">
    <ele>48.0</ele>
   </trkpt>
   <trkpt lat="37.4971340" lon="15.0906040">
    <ele>48.2</ele>
   </trkpt>
   <trkpt lat="37.4975480" lon="15.0903110">
    <ele>48.4</ele>
   </trkpt>
   <trkpt lat="37.4977840" lon="15.0901440">
    <ele>48.4</ele>
   </trkpt>
   <trkpt lat="37.4981820" lon="15.0898610">
    <ele>48.4</ele>
   </trkpt>
   <trkpt lat="37.4983140" lon="15.0897910">
    <ele>48.2</ele>
   </trkpt>
   <trkpt lat="37.4984320" lon="15.0897780">
    <ele>48.2</ele>
   </trkpt>
   <trkpt lat="37.4984900" lon="15.0897810">
    <ele>48.2</ele>
   </trkpt>
   <trkpt lat="37.4990410" lon="15.0898190">
    <ele>48.2</ele>
   </trkpt>
   <trkpt lat="37.4995990" lon="15.0897690">
    <ele>47.6</ele>
   </trkpt>
   <trkpt lat="37.4996570" lon="15.0897590">
    <ele>47.6</ele>
   </trkpt>
   <trkpt lat="37.4998470" lon="15.0896830">
    <ele>47.2</ele>
   </trkpt>
   <trkpt lat="37.4998990" lon="15.0896540">
    <ele>47.2</ele>
   </trkpt>
   <trkpt lat="37.5000060" lon="15.0895890">
    <ele>47.0</ele>
   </trkpt>
   <trkpt lat="37.5001200" lon="15.0895190">
    <ele>46.8</ele>
   </trkpt>
   <trkpt lat="37.5003790" lon="15.0893330">
    <ele>46.6</ele>
   </trkpt>
   <trkpt lat="37.5005050" lon="15.0892670">
    <ele>46.4</ele>
   </trkpt>
   <trkpt lat="37.5005660" lon="15.0892820">
    <ele>46.2</ele>
   </trkpt>
   <trkpt lat="37.5006530" lon="15.0893420">
    <ele>46.2</ele>
   </trkpt>
   <trkpt lat="37.5007230" lon="15.0893980">
    <ele>46.2</ele>
   </trkpt>
   <trkpt lat="37.5008630" lon="15.0894980">
    <ele>46.0</ele>
   </trkpt>
   <trkpt lat="37.5011510" lon="15.0896500">
    <ele>46.0</ele>
   </trkpt>
   <trkpt lat="37.5012300" lon="15.0896950">
    <ele>46.0</ele>
   </trkpt>
   <trkpt lat="37.5013130" lon="15.0898160">
    <ele>45.8</ele>
   </trkpt>
   <trkpt lat="37.5013470" lon="15.0898520">
    <ele>45.6</ele>
   </trkpt>
   <trkpt lat="37.5014330" lon="15.0899080">
    <ele>45.4</ele>
   </trkpt>
   <trkpt lat="37.5014750" lon="15.0899300">
    <ele>45.2</ele>
   </trkpt>
   <trkpt lat="37.5015860" lon="15.0899770">
    <ele>45.2</ele>
   </trkpt>
   <trkpt lat="37.5016190" lon="15.0900390">
    <ele>45.2</ele>
   </trkpt>
   <trkpt lat="37.5016280" lon="15.0900730">
    <ele>45.4</ele>
   </trkpt>
   <trkpt lat="37.5016210" lon="15.0901520">
    <ele>45.4</ele>
   </trkpt>
   <trkpt lat="37.5015270" lon="15.0905640">
    <ele>46.2</ele>
   </trkpt>
   <trkpt lat="37.5013920" lon="15.0908980">
    <ele>46.2</ele>
   </trkpt>
   <trkpt lat="37.5013540" lon="15.0910180">
    <ele>46.2</ele>
   </trkpt>
   <trkpt lat="37.5013190" lon="15.0911330">
    <ele>46.4</ele>
   </trkpt>
   <trkpt lat="37.5013100" lon="15.0911910">
    <ele>46.4</ele>
   </trkpt>
   <trkpt lat="37.5012950" lon="15.0913020">
    <ele>46.4</ele>
   </trkpt>
   <trkpt lat="37.5012900" lon="15.0913840">
    <ele>46.6</ele>
   </trkpt>
   <trkpt lat="37.5012970" lon="15.0914150">
    <ele>46.6</ele>
   </trkpt>
   <trkpt lat="37.5013150" lon="15.0914420">
    <ele>46.6</ele>
   </trkpt>
   <trkpt lat="37.5013150" lon="15.0914420">
    <ele>46.6</ele>
   </trkpt>
   <trkpt lat="37.5014460" lon="15.0915000">
    <ele>46.6</ele>
   </trkpt>
   <trkpt lat="37.5015250" lon="15.0915500">
    <ele>47.2</ele>
   </trkpt>
   <trkpt lat="37.5015130" lon="15.0915430">
    <ele>47.6</ele>
   </trkpt>
   <trkpt lat="37.5015010" lon="15.0915360">
    <ele>47.8</ele>
   </trkpt>
   <trkpt lat="37.5014900" lon="15.0915280">
    <ele>48.0</ele>
   </trkpt>
   <trkpt lat="37.5014780" lon="15.0915210">
    <ele>48.6</ele>
   </trkpt>
   <trkpt lat="37.5014660" lon="15.0915140">
    <ele>48.6</ele>
   </trkpt>
   <trkpt lat="37.5013570" lon="15.0914900">
    <ele>48.4</ele>
   </trkpt>
   <trkpt lat="37.5013370" lon="15.0915260">
    <ele>48.2</ele>
   </trkpt>
   <trkpt lat="37.5013310" lon="15.0915570">
    <ele>47.8</ele>
   </trkpt>
   <trkpt lat="37.5013240" lon="15.0915870">
    <ele>47.6</ele>
   </trkpt>
   <trkpt lat="37.5013170" lon="15.0916180">
    <ele>46.8</ele>
   </trkpt>
   <trkpt lat="37.5013110" lon="15.0916480">
    <ele>46.6</ele>
   </trkpt>
   <trkpt lat="37.5013040" lon="15.0916790">
    <ele>46.6</ele>
   </trkpt>
   <trkpt lat="37.5012970" lon="15.0917090">
    <ele>46.4</ele>
   </trkpt>
   <trkpt lat="37.5012490" lon="15.0919840">
    <ele>46.4</ele>
   </trkpt>
   <trkpt lat="37.5012370" lon="15.0922980">
    <ele>46.6</ele>
   </trkpt>
   <trkpt lat="37.5012420" lon="15.0924210">
    <ele>46.6</ele>
   </trkpt>
   <trkpt lat="37.5012250" lon="15.0925500">
    <ele>46.6</ele>
   </trkpt>
   <trkpt lat="37.5012290" lon="15.0926800">
    <ele>46.6</ele>
   </trkpt>
   <trkpt lat="37.5012570" lon="15.0928790">
    <ele>46.8</ele>
   </trkpt>
   <trkpt lat="37.5012680" lon="15.0929430">
    <ele>46.8</ele>
   </trkpt>
   <trkpt lat="37.5013710" lon="15.0933870">
    <ele>46.8</ele>
   </trkpt>
   <trkpt lat="37.5013910" lon="15.0934500">
    <ele>46.8</ele>
   </trkpt>
   <trkpt lat="37.5014770" lon="15.0937630">
    <ele>46.8</ele>
   </trkpt>
   <trkpt lat="37.5015150" lon="15.0938810">
    <ele>47.0</ele>
   </trkpt>
   <trkpt lat="37.5017210" lon="15.0943450">
    <ele>47.2</ele>
   </trkpt>
   <trkpt lat="37.5019000" lon="15.0946940">
    <ele>47.4</ele>
   </trkpt>
   <trkpt lat="37.5019510" lon="15.0947760">
    <ele>47.6</ele>
   </trkpt>
   <trkpt lat="37.5021030" lon="15.0949870">
    <ele>48.4</ele>
   </trkpt>
   <trkpt lat="37.5022050" lon="15.0951210">
    <ele>49.0</ele>
   </trkpt>
   <trkpt lat="37.5022930" lon="15.0952440">
    <ele>49.6</ele>
   </trkpt>
   <trkpt lat="37.5023300" lon="15.0953040">
    <ele>49.8</ele>
   </trkpt>
   <trkpt lat="37.5024510" lon="15.0954700">
    <ele>50.6</ele>
   </trkpt>
   <trkpt lat="37.5026430" lon="15.0956470">
    <ele>51.2</ele>
   </trkpt>
   <trkpt lat="37.5027610" lon="15.0957520">
    <ele>51.8</ele>
   </trkpt>
   <trkpt lat="37.5029050" lon="15.0958220">
    <ele>52.4</ele>
   </trkpt>
   <trkpt lat="37.5029970" lon="15.0958440">
    <ele>52.8</ele>
   </trkpt>
   <trkpt lat="37.5031840" lon="15.0959300">
    <ele>53.2</ele>
   </trkpt>
   <trkpt lat="37.5035070" lon="15.0961000">
    <ele>53.6</ele>
   </trkpt>
   <trkpt lat="37.5039160" lon="15.0963400">
    <ele>53.8</ele>
   </trkpt>
   <trkpt lat="37.5039930" lon="15.0963900">
    <ele>54.2</ele>
   </trkpt>
   <trkpt lat="37.5041800" lon="15.0965140">
    <ele>54.4</ele>
   </trkpt>
   <trkpt lat="37.5043000" lon="15.0965870">
    <ele>54.4</ele>
   </trkpt>
   <trkpt lat="37.5043380" lon="15.0966180">
    <ele>54.2</ele>
   </trkpt>
   <trkpt lat="37.5046120" lon="15.0968420">
    <ele>54.4</ele>
   </trkpt>
   <trkpt lat="37.5050090" lon="15.0971990">
    <ele>54.6</ele>
   </trkpt>
   <trkpt lat="37.5053390" lon="15.0975120">
    <ele>54.6</ele>
   </trkpt>
   <trkpt lat="37.5054140" lon="15.0975840">
    <ele>54.6</ele>
   </trkpt>
   <trkpt lat="37.5057360" lon="15.0979430">
    <ele>55.0</ele>
   </trkpt>
   <trkpt lat="37.5058430" lon="15.0980580">
    <ele>55.0</ele>
   </trkpt>
   <trkpt lat="37.5058430" lon="15.0980580">
    <ele>55.0</ele>
   </trkpt>
   <trkpt lat="37.5061750" lon="15.0983290">
    <ele>55.2</ele>
   </trkpt>
   <trkpt lat="37.5063910" lon="15.0985270">
    <ele>55.2</ele>
   </trkpt>
   <trkpt lat="37.5066520" lon="15.0988160">
    <ele>55.4</ele>
   </trkpt>
   <trkpt lat="37.5067460" lon="15.0989100">
    <ele>55.4</ele>
   </trkpt>
   <trkpt lat="37.5068580" lon="15.0990620">
    <ele>55.4</ele>
   </trkpt>
   <trkpt lat="37.5069620" lon="15.0993680">
    <ele>55.6</ele>
   </trkpt>
   <trkpt lat="37.5070100" lon="15.0994590">
    <ele>55.6</ele>
   </trkpt>
   <trkpt lat="37.5070760" lon="15.0995360">
    <ele>55.8</ele>
   </trkpt>
   <trkpt lat="37.5071130" lon="15.0995730">
    <ele>55.8</ele>
   </trkpt>
   <trkpt lat="37.5071500" lon="15.0996090">
    <ele>55.8</ele>
   </trkpt>
   <trkpt lat="37.5072640" lon="15.0996590">
    <ele>56.0</ele>
   </trkpt>
   <trkpt lat="37.5072640" lon="15.0996590">
    <ele>56.0</ele>
   </trkpt>
   <trkpt lat="37.5077160" lon="15.0998120">
    <ele>56.6</ele>
   </trkpt>
   <trkpt lat="37.5078230" lon="15.0998550">
    <ele>57.0</ele>
   </trkpt>
   <trkpt lat="37.5079230" lon="15.0999340">
    <ele>57.4</ele>
   </trkpt>
   <trkpt lat="37.5082350" lon="15.1002330">
    <ele>58.2</ele>
   </trkpt>
   <trkpt lat="37.5082660" lon="15.1002690">
    <ele>58.4</ele>
   </trkpt>
   <trkpt lat="37.5084920" lon="15.1004940">
    <ele>59.4</ele>
   </trkpt>
   <trkpt lat="37.5086480" lon="15.1006440">
    <ele>59.6</ele>
   </trkpt>
   <trkpt lat="37.5089000" lon="15.1008790">
    <ele>60.2</ele>
   </trkpt>
   <trkpt lat="37.5089600" lon="15.1009380">
    <ele>60.4</ele>
   </trkpt>
   <trkpt lat="37.5090580" lon="15.1010420">
    <ele>60.6</ele>
   </trkpt>
   <trkpt lat="37.5092710" lon="15.1012870">
    <ele>61.2</ele>
   </trkpt>
   <trkpt lat="37.5094010" lon="15.1014030">
    <ele>61.6</ele>
   </trkpt>
   <trkpt lat="37.5095320" lon="15.1015300">
    <ele>62.0</ele>
   </trkpt>
   <trkpt lat="37.5096630" lon="15.1016620">
    <ele>62.4</ele>
   </trkpt>
   <trkpt lat="37.5098020" lon="15.1017650">
    <ele>62.6</ele>
   </trkpt>
   <trkpt lat="37.5100690" lon="15.1019920">
    <ele>62.8</ele>
   </trkpt>
   <trkpt lat="37.5101070" lon="15.1020340">
    <ele>62.8</ele>
   </trkpt>
   <trkpt lat="37.5103190" lon="15.1021980">
    <ele>63.6</ele>
   </trkpt>
   <trkpt lat="37.5105870" lon="15.1023670">
    <ele>64.2</ele>
   </trkpt>
   <trkpt lat="37.5109060" lon="15.1025320">
    <ele>64.4</ele>
   </trkpt>
   <trkpt lat="37.5111950" lon="15.1026760">
    <ele>64.0</ele>
   </trkpt>
   <trkpt lat="37.5112970" lon="15.1027430">
    <ele>64.0</ele>
   </trkpt>
   <trkpt lat="37.5114410" lon="15.1028240">
    <ele>64.0</ele>
   </trkpt>
   <trkpt lat="37.5115310" lon="15.1028710">
    <ele>64.0</ele>
   </trkpt>
   <trkpt lat="37.5115640" lon="15.1028900">
    <ele>63.8</ele>
   </trkpt>
   <trkpt lat="37.5117560" lon="15.1029980">
    <ele>63.8</ele>
   </trkpt>
   <trkpt lat="37.5118730" lon="15.1030640">
    <ele>63.8</ele>
   </trkpt>
   <trkpt lat="37.5119520" lon="15.1031090">
    <ele>63.8</ele>
   </trkpt>
   <trkpt lat="37.5121650" lon="15.1032330">
    <ele>63.6</ele>
   </trkpt>
   <trkpt lat="37.5124520" lon="15.1034050">
    <ele>63.4</ele>
   </trkpt>
   <trkpt lat="37.5127980" lon="15.1035990">
    <ele>63.0</ele>
   </trkpt>
   <trkpt lat="37.5132240" lon="15.1038280">
    <ele>62.8</ele>
   </trkpt>
   <trkpt lat="37.5132690" lon="15.1038560">
    <ele>62.8</ele>
   </trkpt>
   <trkpt lat="37.5133490" lon="15.1039220">
    <ele>62.8</ele>
   </trkpt>
   <trkpt lat="37.5134230" lon="15.1039820">
    <ele>63.0</ele>
   </trkpt>
   <trkpt lat="37.5135080" lon="15.1040530">
    <ele>63.0</ele>
   </trkpt>
   <trkpt lat="37.5136430" lon="15.1041390">
    <ele>62.8</ele>
   </trkpt>
   <trkpt lat="37.5136990" lon="15.1041610">
    <ele>62.8</ele>
   </trkpt>
   <trkpt lat="37.5140030" lon="15.1043110">
    <ele>62.6</ele>
   </trkpt>
   <trkpt lat="37.5140580" lon="15.1043370">
    <ele>62.4</ele>
   </trkpt>
   <trkpt lat="37.5144440" lon="15.1045270">
    <ele>61.6</ele>
   </trkpt>
   <trkpt lat="37.5144970" lon="15.1045550">
    <ele>61.4</ele>
   </trkpt>
   <trkpt lat="37.5148360" lon="15.1047360">
    <ele>60.8</ele>
   </trkpt>
   <trkpt lat="37.5150520" lon="15.1048670">
    <ele>60.4</ele>
   </trkpt>
   <trkpt lat="37.5152230" lon="15.1049680">
    <ele>59.8</ele>
   </trkpt>
   <trkpt lat="37.5152800" lon="15.1049970">
    <ele>59.6</ele>
   </trkpt>
   <trkpt lat="37.5154550" lon="15.1050900">
    <ele>59.2</ele>
   </trkpt>
   <trkpt lat="37.5155120" lon="15.1051170">
    <ele>59.2</ele>
   </trkpt>
   <trkpt lat="37.5157570" lon="15.1052720">
    <ele>58.8</ele>
   </trkpt>
   <trkpt lat="37.5158470" lon="15.1053040">
    <ele>58.4</ele>
   </trkpt>
   <trkpt lat="37.5158490" lon="15.1053050">
    <ele>58.4</ele>
   </trkpt>
   <trkpt lat="37.5159050" lon="15.1053440">
    <ele>58.4</ele>
   </trkpt>
   <trkpt lat="37.5160720" lon="15.1054310">
    <ele>58.4</ele>
   </trkpt>
   <trkpt lat="37.5161330" lon="15.1054850">
    <ele>58.2</ele>
   </trkpt>
   <trkpt lat="37.5162280" lon="15.1055870">
    <ele>58.2</ele>
   </trkpt>
   <trkpt lat="37.5162620" lon="15.1056150">
    <ele>58.2</ele>
   </trkpt>
   <trkpt lat="37.5165100" lon="15.1057860">
    <ele>58.4</ele>
   </trkpt>
   <trkpt lat="37.5166480" lon="15.1058870">
    <ele>58.4</ele>
   </trkpt>
   <trkpt lat="37.5166630" lon="15.1059340">
    <ele>58.2</ele>
   </trkpt>
   <trkpt lat="37.5167330" lon="15.1063280">
    <ele>58.0</ele>
   </trkpt>
   <trkpt lat="37.5167690" lon="15.1065530">
    <ele>58.0</ele>
   </trkpt>
   <trkpt lat="37.5168060" lon="15.1068110">
    <ele>57.4</ele>
   </trkpt>
   <trkpt lat="37.5168330" lon="15.1069510">
    <ele>56.8</ele>
   </trkpt>
   <trkpt lat="37.5168500" lon="15.1070170">
    <ele>56.6</ele>
   </trkpt>
   <trkpt lat="37.5169070" lon="15.1071470">
    <ele>56.2</ele>
   </trkpt>
   <trkpt lat="37.5169920" lon="15.1072320">
    <ele>56.0</ele>
   </trkpt>
   <trkpt lat="37.5170430" lon="15.1072500">
    <ele>56.0</ele>
   </trkpt>
   <trkpt lat="37.5170690" lon="15.1072490">
    <ele>55.6</ele>
   </trkpt>
   <trkpt lat="37.5170950" lon="15.1072470">
    <ele>55.4</ele>
   </trkpt>
   <trkpt lat="37.5172500" lon="15.1072390">
    <ele>55.0</ele>
   </trkpt>
   <trkpt lat="37.5176160" lon="15.1071410">
    <ele>54.8</ele>
   </trkpt>
   <trkpt lat="37.5177730" lon="15.1071050">
    <ele>54.6</ele>
   </trkpt>
   <trkpt lat="37.5178090" lon="15.1070950">
    <ele>54.6</ele>
   </trkpt>
   <trkpt lat="37.5179160" lon="15.1070720">
    <ele>54.4</ele>
   </trkpt>
   <trkpt lat="37.5183680" lon="15.1069660">
    <ele>54.0</ele>
   </trkpt>
   <trkpt lat="37.5186910" lon="15.1069940">
    <ele>53.8</ele>
   </trkpt>
   <trkpt lat="37.5188120" lon="15.1070370">
    <ele>53.8</ele>
   </trkpt>
   <trkpt lat="37.5189370" lon="15.1071010">
    <ele>53.6</ele>
   </trkpt>
   <trkpt lat="37.5189760" lon="15.1071260">
    <ele>53.6</ele>
   </trkpt>
   <trkpt lat="37.5191700" lon="15.1073070">
    <ele>53.8</ele>
   </trkpt>
   <trkpt lat="37.5194420" lon="15.1075830">
    <ele>54.0</ele>
   </trkpt>
   <trkpt lat="37.5197820" lon="15.1080280">
    <ele>54.4</ele>
   </trkpt>
   <trkpt lat="37.5200570" lon="15.1085140">
    <ele>54.6</ele>
   </trkpt>
   <trkpt lat="37.5202200" lon="15.1089000">
    <ele>54.8</ele>
   </trkpt>
   <trkpt lat="37.5203280" lon="15.1092510">
    <ele>54.8</ele>
   </trkpt>
   <trkpt lat="37.5203820" lon="15.1094660">
    <ele>54.8</ele>
   </trkpt>
   <trkpt lat="37.5204680" lon="15.1098450">
    <ele>55.0</ele>
   </trkpt>
   <trkpt lat="37.5206020" lon="15.1105030">
    <ele>54.8</ele>
   </trkpt>
   <trkpt lat="37.5206130" lon="15.1105490">
    <ele>54.8</ele>
   </trkpt>
   <trkpt lat="37.5206850" lon="15.1108950">
    <ele>55.0</ele>
   </trkpt>
   <trkpt lat="37.5207350" lon="15.1111070">
    <ele>54.8</ele>
   </trkpt>
   <trkpt lat="37.5208440" lon="15.1116090">
    <ele>55.0</ele>
   </trkpt>
   <trkpt lat="37.5209510" lon="15.1121120">
    <ele>55.2</ele>
   </trkpt>
   <trkpt lat="37.5209620" lon="15.1121580">
    <ele>55.2</ele>
   </trkpt>
   <trkpt lat="37.5210100" lon="15.1123360">
    <ele>55.2</ele>
   </trkpt>
   <trkpt lat="37.5210920" lon="15.1127380">
    <ele>55.2</ele>
   </trkpt>
   <trkpt lat="37.5212130" lon="15.1132500">
    <ele>55.2</ele>
   </trkpt>
   <trkpt lat="37.5213710" lon="15.1137490">
    <ele>55.2</ele>
   </trkpt>
   <trkpt lat="37.5216360" lon="15.1143250">
    <ele>55.0</ele>
   </trkpt>
   <trkpt lat="37.5217070" lon="15.1144670">
    <ele>55.0</ele>
   </trkpt>
   <trkpt lat="37.5218420" lon="15.1146810">
    <ele>55.0</ele>
   </trkpt>
   <trkpt lat="37.5219500" lon="15.1148780">
    <ele>55.0</ele>
   </trkpt>
   <trkpt lat="37.5220810" lon="15.1150810">
    <ele>55.2</ele>
   </trkpt>
   <trkpt lat="37.5222680" lon="15.1153900">
    <ele>55.4</ele>
   </trkpt>
   <trkpt lat="37.5224490" lon="15.1156870">
    <ele>55.6</ele>
   </trkpt>
   <trkpt lat="37.5224950" lon="15.1157600">
    <ele>55.6</ele>
   </trkpt>
   <trkpt lat="37.5227900" lon="15.1161240">
    <ele>55.8</ele>
   </trkpt>
   <trkpt lat="37.5230720" lon="15.1163280">
    <ele>55.8</ele>
   </trkpt>
   <trkpt lat="37.5232850" lon="15.1164180">
    <ele>55.6</ele>
   </trkpt>
   <trkpt lat="37.5233760" lon="15.1164440">
    <ele>55.6</ele>
   </trkpt>
   <trkpt lat="37.5234670" lon="15.1164610">
    <ele>55.6</ele>
   </trkpt>
   <trkpt lat="37.5237800" lon="15.1165010">
    <ele>55.8</ele>
   </trkpt>
   <trkpt lat="37.5241990" lon="15.1165540">
    <ele>55.6</ele>
   </trkpt>
   <trkpt lat="37.5244250" lon="15.1165720">
    <ele>55.6</ele>
   </trkpt>
   <trkpt lat="37.5245930" lon="15.1165840">
    <ele>55.6</ele>
   </trkpt>
   <trkpt lat="37.5246590" lon="15.1165870">
    <ele>55.4</ele>
   </trkpt>
   <trkpt lat="37.5248880" lon="15.1165910">
    <ele>55.0</ele>
   </trkpt>
   <trkpt lat="37.5250620" lon="15.1165790">
    <ele>54.6</ele>
   </trkpt>
   <trkpt lat="37.5252040" lon="15.1165530">
    <ele>54.4</ele>
   </trkpt>
   <trkpt lat="37.5254740" lon="15.1165020">
    <ele>54.4</ele>
   </trkpt>
   <trkpt lat="37.5257790" lon="15.1164070">
    <ele>54.0</ele>
   </trkpt>
   <trkpt lat="37.5259870" lon="15.1163540">
    <ele>54.0</ele>
   </trkpt>
   <trkpt lat="37.5262500" lon="15.1162850">
    <ele>54.0</ele>
   </trkpt>
   <trkpt lat="37.5265960" lon="15.1162000">
    <ele>53.8</ele>
   </trkpt>
   <trkpt lat="37.5266290" lon="15.1161960">
    <ele>53.6</ele>
   </trkpt>
   <trkpt lat="37.5267100" lon="15.1161830">
    <ele>53.6</ele>
   </trkpt>
   <trkpt lat="37.5267990" lon="15.1161560">
    <ele>53.6</ele>
   </trkpt>
   <trkpt lat="37.5271270" lon="15.1160680">
    <ele>53.2</ele>
   </trkpt>
   <trkpt lat="37.5275360" lon="15.1159950">
    <ele>52.8</ele>
   </trkpt>
   <trkpt lat="37.5280000" lon="15.1159020">
    <ele>52.6</ele>
   </trkpt>
   <trkpt lat="37.5280490" lon="15.1158830">
    <ele>52.6</ele>
   </trkpt>
   <trkpt lat="37.5283070" lon="15.1157140">
    <ele>52.4</ele>
   </trkpt>
   <trkpt lat="37.5284160" lon="15.1156050">
    <ele>52.4</ele>
   </trkpt>
   <trkpt lat="37.5285380" lon="15.1154340">
    <ele>52.2</ele>
   </trkpt>
   <trkpt lat="37.5285900" lon="15.1153440">
    <ele>52.0</ele>
   </trkpt>
   <trkpt lat="37.5286800" lon="15.1151290">
    <ele>52.2</ele>
   </trkpt>
   <trkpt lat="37.5288020" lon="15.1147990">
    <ele>52.4</ele>
   </trkpt>
   <trkpt lat="37.5290150" lon="15.1142020">
    <ele>52.2</ele>
   </trkpt>
   <trkpt lat="37.5292020" lon="15.1136740">
    <ele>52.2</ele>
   </trkpt>
   <trkpt lat="37.5294280" lon="15.1130510">
    <ele>52.4</ele>
   </trkpt>
   <trkpt lat="37.5296180" lon="15.1127330">
    <ele>52.4</ele>
   </trkpt>
   <trkpt lat="37.5297740" lon="15.1125670">
    <ele>52.2</ele>
   </trkpt>
   <trkpt lat="37.5299250" lon="15.1124040">
    <ele>52.0</ele>
   </trkpt>
   <trkpt lat="37.5300290" lon="15.1122880">
    <ele>52.2</ele>
   </trkpt>
   <trkpt lat="37.5301100" lon="15.1122500">
    <ele>52.0</ele>
   </trkpt>
   <trkpt lat="37.5303580" lon="15.1122410">
    <ele>52.0</ele>
   </trkpt>
   <trkpt lat="37.5304900" lon="15.1122150">
    <ele>52.0</ele>
   </trkpt>
   <trkpt lat="37.5306260" lon="15.1121930">
    <ele>51.6</ele>
   </trkpt>
   <trkpt lat="37.5307150" lon="15.1121810">
    <ele>51.6</ele>
   </trkpt>
   <trkpt lat="37.5309130" lon="15.1121490">
    <ele>51.0</ele>
   </trkpt>
   <trkpt lat="37.5309510" lon="15.1121340">
    <ele>50.8</ele>
   </trkpt>
   <trkpt lat="37.5309890" lon="15.1121080">
    <ele>50.6</ele>
   </trkpt>
   <trkpt lat="37.5310280" lon="15.1120710">
    <ele>50.6</ele>
   </trkpt>
   <trkpt lat="37.5311420" lon="15.1119710">
    <ele>50.2</ele>
   </trkpt>
   <trkpt lat="37.5312590" lon="15.1119280">
    <ele>50.0</ele>
   </trkpt>
   <trkpt lat="37.5313890" lon="15.1119010">
    <ele>50.6</ele>
   </trkpt>
   <trkpt lat="37.5315210" lon="15.1118850">
    <ele>51.8</ele>
   </trkpt>
   <trkpt lat="37.5316470" lon="15.1118900">
    <ele>52.8</ele>
   </trkpt>
   <trkpt lat="37.5316870" lon="15.1119140">
    <ele>53.2</ele>
   </trkpt>
   <trkpt lat="37.5318620" lon="15.1120220">
    <ele>53.4</ele>
   </trkpt>
   <trkpt lat="37.5320190" lon="15.1121800">
    <ele>53.6</ele>
   </trkpt>
   <trkpt lat="37.5321490" lon="15.1124440">
    <ele>53.8</ele>
   </trkpt>
   <trkpt lat="37.5322650" lon="15.1126660">
    <ele>53.6</ele>
   </trkpt>
   <trkpt lat="37.5323590" lon="15.1128550">
    <ele>53.6</ele>
   </trkpt>
   <trkpt lat="37.5324570" lon="15.1130640">
    <ele>54.0</ele>
   </trkpt>
   <trkpt lat="37.5325080" lon="15.1131910">
    <ele>54.2</ele>
   </trkpt>
   <trkpt lat="37.5326660" lon="15.1135400">
    <ele>55.0</ele>
   </trkpt>
   <trkpt lat="37.5326860" lon="15.1135810">
    <ele>55.0</ele>
   </trkpt>
   <trkpt lat="37.5328260" lon="15.1139800">
    <ele>55.6</ele>
   </trkpt>
   <trkpt lat="37.5329290" lon="15.1143310">
    <ele>56.0</ele>
   </trkpt>
   <trkpt lat="37.5329430" lon="15.1143840">
    <ele>56.0</ele>
   </trkpt>
   <trkpt lat="37.5329770" lon="15.1144840">
    <ele>56.0</ele>
   </trkpt>
   <trkpt lat="37.5330090" lon="15.1145910">
    <ele>56.0</ele>
   </trkpt>
   <trkpt lat="37.5331450" lon="15.1150910">
    <ele>56.0</ele>
   </trkpt>
   <trkpt lat="37.5332300" lon="15.1153700">
    <ele>56.0</ele>
   </trkpt>
   <trkpt lat="37.5332440" lon="15.1154170">
    <ele>56.0</ele>
   </trkpt>
   <trkpt lat="37.5333570" lon="15.1158560">
    <ele>56.0</ele>
   </trkpt>
   <trkpt lat="37.5335400" lon="15.1164720">
    <ele>56.0</ele>
   </trkpt>
   <trkpt lat="37.5336340" lon="15.1169850">
    <ele>56.0</ele>
   </trkpt>
   <trkpt lat="37.5337430" lon="15.1175450">
    <ele>55.8</ele>
   </trkpt>
   <trkpt lat="37.5338050" lon="15.1179020">
    <ele>56.0</ele>
   </trkpt>
   <trkpt lat="37.5338660" lon="15.1182690">
    <ele>56.0</ele>
   </trkpt>
   <trkpt lat="37.5338980" lon="15.1184600">
    <ele>56.2</ele>
   </trkpt>
   <trkpt lat="37.5339840" lon="15.1189680">
    <ele>56.0</ele>
   </trkpt>
   <trkpt lat="37.5340870" lon="15.1195210">
    <ele>56.0</ele>
   </trkpt>
   <trkpt lat="37.5342030" lon="15.1201500">
    <ele>56.2</ele>
   </trkpt>
   <trkpt lat="37.5342970" lon="15.1205910">
    <ele>56.4</ele>
   </trkpt>
   <trkpt lat="37.5343270" lon="15.1206460">
    <ele>56.6</ele>
   </trkpt>
   <trkpt lat="37.5344140" lon="15.1207950">
    <ele>56.6</ele>
   </trkpt>
   <trkpt lat="37.5344400" lon="15.1209090">
    <ele>56.6</ele>
   </trkpt>
   <trkpt lat="37.5344930" lon="15.1213470">
    <ele>56.8</ele>
   </trkpt>
   <trkpt lat="37.5345500" lon="15.1217430">
    <ele>56.8</ele>
   </trkpt>
   <trkpt lat="37.5345910" lon="15.1221250">
    <ele>56.6</ele>
   </trkpt>
   <trkpt lat="37.5345900" lon="15.1222710">
    <ele>56.2</ele>
   </trkpt>
   <trkpt lat="37.5345310" lon="15.1223210">
    <ele>56.0</ele>
   </trkpt>
   <trkpt lat="37.5345250" lon="15.1223170">
    <ele>56.0</ele>
   </trkpt>
   <trkpt lat="37.5345150" lon="15.1223070">
    <ele>55.8</ele>
   </trkpt>
   <trkpt lat="37.5344130" lon="15.1221740">
    <ele>55.8</ele>
   </trkpt>
  </trkseg>
 </trk>
</gpx>
